8044FBD8:@1000
8044FBDC:@1001
8044FBE0:@1002
8044FBE4:@1003
8044CEF8:@10039
8044FBE8:@1004
8044CEFC:@10040
8044CF00:@10041
8044CF04:@10042
8044FBF0:@1008
8044C6B4:@10082
8044C6B8:@10083
8044FBB4:@1010
8044CC94:@10118
8044CC98:@10119
8044CC9C:@10120
8044CCA0:@10121
8044CCA4:@10122
8044CCA8:@10123
8044CCAC:@10124
8044CCB0:@10125
8044CCB4:@10126
803BF9E8:@1014
803BF9F4:@1015
8042B3D8:@1018
803BFA00:@1019
8044CF08:@10193
8044CF0C:@10194
804505A4:@1021
804505A8:@1022
8044D5E4:@10253
804505B8:@1027
8044DF30:@10273
8044DF34:@10274
8044CCB8:@10278
8044CCBC:@10279
8042B3F0:@1028
8044CCC0:@10280
8044CCC4:@10281
8044CCC8:@10282
8044CCCC:@10283
8044CCD0:@10284
8044CF10:@10286
803BFA30:@1029
80450868:@103
803BFA3C:@1030
8042B3FC:@1033
803C7C50:@1035
8044FBF8:@1036
8044F8AC:@1040
8044F8B0:@1041
8044CCD4:@10437
8044F6E0:@1044
8044F790:@1045
8044F794:@1046
8044DF38:@10483
8044DF3C:@10484
8044DF40:@10485
8044DF44:@10486
8007857C:@104@__dt__11dBgS_LinChkFv
80078594:@104@__dt__14dBgS_CamLinChkFv
800785C4:@104@__dt__14dBgS_ObjLinChkFv
800785F4:@104@__dt__15dBgS_BombLinChkFv
800785DC:@104@__dt__15dBgS_LinkLinChkFv
8007863C:@104@__dt__15dBgS_RopeLinChkFv
8007860C:@104@__dt__16dBgS_ArrowLinChkFv
80078654:@104@__dt__16dBgS_HorseLinChkFv
80078624:@104@__dt__20dBgS_BoomerangLinChkFv
800785AC:@104@__dt__21dBgS_CamLinChk_NorWtrFv
8045044C:@1051
8041F560:@10516
8044CF14:@10532
8044D8B4:@10550
8044D8B8:@10551
8044D8BC:@10552
8044D8C0:@10553
8044D8C4:@10554
8044D8C8:@10555
8044D8CC:@10556
8044D8D0:@10557
8044D8D4:@10558
8044D8D8:@10559
80450148:@1056
8044D8DC:@10560
8044D8E0:@10561
8044D8E4:@10562
8044D8E8:@10563
8044D8EC:@10564
8044D8F0:@10565
8044D8F4:@10566
8044D8F8:@10567
8044D8FC:@10568
8044D900:@10569
8044D904:@10570
8044D908:@10571
8044D90C:@10572
8044D910:@10573
8044D914:@10574
8044D918:@10575
8044D91C:@10576
8044D920:@10577
8044D924:@10578
8044D928:@10579
8044FBFC:@1058
8044D92C:@10580
8044D930:@10581
8044D934:@10582
8044FC08:@1061
8044FC0C:@1062
8044FC10:@1063
8044FC1C:@1066
8044C6BC:@10667
8044C6C0:@10668
8044C6C4:@10669
8044FC20:@1067
8044C6C8:@10670
8044C6CC:@10671
8044C6D0:@10672
8044C6D4:@10673
8044C6D8:@10674
8044C6DC:@10675
8044C6E0:@10676
8044C6E4:@10677
8044C6E8:@10678
8044F6E8:@1069
8044D5E8:@10745
8044CCD8:@10780
8044CCDC:@10781
8044CCE0:@10782
8044C6EC:@10806
8044C6F0:@10807
8044C6F4:@10808
8044C6F8:@10809
8044F600:@1081
8044C6FC:@10810
8044C700:@10811
8044C704:@10812
8044C708:@10813
803BF894:@1083
803BF8A0:@1084
8042B2C8:@1087
8042B2D4:@1088
803BF8B8:@1090
803BF8C4:@1091
8044DF48:@10916
8044DF4C:@10917
8044DF50:@10918
8044DF54:@10919
80450568:@1092
8044DF58:@10920
8044DF5C:@10921
8044DF60:@10922
8044DF64:@10923
8044DF68:@10924
8044DF6C:@10925
8044DF70:@10926
8044DF74:@10927
8044DF78:@10928
8044DF7C:@10929
8044DF80:@10930
8044DF84:@10931
8044DF88:@10932
8044F5C8:@1094
8044C70C:@10946
8044C710:@10947
803BF8D0:@1096
803BF8DC:@1097
803BF8E8:@1098
8042B32C:@1102
8042B338:@1103
8044D5EC:@11061
8044D5F0:@11062
8044CCE4:@11068
8037CF64:@11087
803C9468:@111
80450588:@1110
8044CF18:@11122
8044D938:@11167
8044D93C:@11168
8044D940:@11169
80450150:@1117
8044D944:@11170
8044D948:@11171
8044D94C:@11172
8044D950:@11173
8044D954:@11174
8044D958:@11175
80450158:@1118
80450160:@1119
803C9478:@112
80450168:@1120
804500C0:@1123
803C1764:@1124
8044D5F4:@11253
804505D8:@1130
803C8CF8:@1131
8044FC24:@1135
8044C714:@11376
80394BC0:@1138
803C9498:@114
8044CCE8:@11415
8044CCEC:@11416
8044CCF0:@11417
8044CCF4:@11418
8044CCF8:@11419
8039C168:@1142
8044CCFC:@11420
8044CD00:@11421
8044CD04:@11422
8037CF8C:@11437
8044CF1C:@11442
8044CF20:@11470
8044CF24:@11471
8044C718:@11582
8044C71C:@11583
8044D5F8:@11605
804504D0:@1167
8044CF28:@11673
804504D4:@1168
804504D8:@1171
80394D10:@1172
80396380:@1193
8044C720:@11956
8044C724:@11957
8044C728:@11958
8044C72C:@11959
8044C730:@11960
8044C734:@11961
8039C158:@1197
80450928:@120
8044C738:@12027
804505C4:@1220
80450570:@1223
8044D95C:@12268
8044D960:@12269
8044D964:@12270
8044D968:@12271
8044D96C:@12272
8044D970:@12273
8044D974:@12274
8044D978:@12275
8044D97C:@12276
8044D980:@12277
8044D984:@12278
8044D988:@12279
8044D98C:@12280
8044D990:@12281
8044D994:@12282
8044D998:@12283
8044D99C:@12284
8044D9A0:@12285
8044D9A4:@12286
8044D9A8:@12287
8044D9AC:@12288
8044D9B0:@12289
8044D9B4:@12290
8044D9B8:@12291
8044D9BC:@12292
8044D9C0:@12293
8044D9C4:@12294
8044D9C8:@12295
8044D9CC:@12296
8044D9D0:@12297
803B44FC:@12300
8044C73C:@12326
8044C740:@12327
8044C748:@12329
80450450:@1233
8044C74C:@12330
8044C750:@12331
8044C754:@12332
8044C758:@12333
8044C75C:@12334
8044F6F4:@1246
8044CF30:@12475
803CD058:@1248
8039C1E0:@1257
8039C1EC:@1259
8044FC28:@1267
8044FC2C:@1268
8044FC30:@1269
8044FC38:@1271
8044FC3C:@1272
8044FC40:@1273
8044D9D4:@12864
8044D9D8:@12865
8044D9DC:@12866
8044D9E0:@12867
8044D9E4:@12868
8044D9E8:@12869
8044F6B8:@129
80450CE0:@1299
803C9A58:@13
80450670:@130
803BED28:@1305
803CD0DC:@1307
803BED34:@1308
80450970:@131
803BED40:@1310
8044CF34:@13119
803BED4C:@1312
8044D9EC:@13132
803BED58:@1314
803BED64:@1316
804505DC:@1317
803BED70:@1318
80450544:@1321
803BED88:@1323
803BED94:@1325
803BEDA0:@1327
803BEDAC:@1329
8044D9F0:@13314
8044FC44:@1334
8044FC48:@1335
8044FC4C:@1336
8044FC50:@1337
8044CF38:@13382
804506D8:@134
804506E0:@136
8044F640:@1361
8044F644:@1362
8044F648:@1363
803BEDB8:@1366
8044D9F4:@13673
8044CF3C:@13699
804506E4:@137
8044CF40:@13700
8044CF44:@13701
8044CF48:@13702
8042E6A0:@1373
8044CF4C:@13794
804506E8:@138
804506EC:@139
803C9A70:@14
8044D9F8:@14059
8044D9FC:@14060
8044DA00:@14061
8044DA04:@14062
8044DA08:@14063
804506F4:@141
80426AEC:@14159
803C3CB0:@1418
804506F8:@142
804504BC:@1423
8041F780:@14255
8041F798:@14259
8041F7B0:@14263
8041F7C8:@14267
804506FC:@143
80450700:@144
803BEEDC:@1441
803CD240:@1442
803CD160:@1443
803BEEE8:@1444
803BEEF4:@1446
803BEF00:@1449
802C7D28:@144@__dt__14Z2CreatureLinkFv
802C7D30:@144@__dt__14Z2CreatureRideFv
803BEF0C:@1451
803BEF18:@1453
803BEF24:@1455
80450454:@1460
80450458:@1461
8044CF54:@14614
8044CF5C:@14616
8044CF60:@14617
8044CF64:@14618
8044CF68:@14619
80450460:@1462
8044CF6C:@14620
8044CF70:@14621
8044CF74:@14622
8044CF78:@14623
8044CF7C:@14624
8044CF80:@14625
8044CF84:@14626
8044CF88:@14627
80450470:@1464
80450478:@1465
80450480:@1468
80450310:@1469
8044F630:@1470
8044CF8C:@14760
8044CF90:@14781
8044CF94:@14782
8044CF98:@14783
8044CF9C:@14784
8044CFA0:@14785
8044CFA4:@14786
8044CFA8:@14787
80450288:@1488
80450290:@1490
8044CFAC:@14954
8044CFB0:@14955
80426B04:@14964
80426B10:@14968
80450578:@1499
803C9A98:@15
80450298:@1507
8039BDC0:@1508
8044CFB4:@15106
8044CFB8:@15188
804503F8:@1534
8044CFBC:@15341
80450400:@1536
803BF030:@1546
8044CFC0:@15460
8044DA10:@15474
8044DA14:@15475
8044DA18:@15476
8044DA1C:@15477
8044DA20:@15478
8044DA24:@15479
8044DA28:@15480
8044DA2C:@15481
8044DA30:@15482
8044DA34:@15483
8044DA38:@15484
8044DA3C:@15485
8044DA40:@15486
8044DA44:@15487
804503C0:@1549
804503C8:@1552
80450340:@1561
80450344:@1562
80450348:@1563
80450AD8:@157
803BF074:@1570
80450428:@1576
8044DA48:@15772
8044DA4C:@15773
8045058C:@1578
8044CFC4:@15808
80450418:@1581
80005608:@159
803CB470:@16
8044CFC8:@16036
8044CFCC:@16037
8044CFD0:@16038
8044CFD4:@16066
8044CFD8:@16067
803BF08C:@1613
80450430:@1619
80450690:@162
8044CFDC:@16210
8044F650:@1622
8044F658:@1623
8044F660:@1624
8044F668:@1625
8044F670:@1629
8044AACC:@163
803BF118:@1637
8039CD6C:@165
80450318:@1651
80450320:@1655
8044CFE0:@16566
8044CFE4:@16567
8044CFE8:@16568
8044CFEC:@16569
8044CFF0:@16570
804503A0:@1660
804503A8:@1662
803B4618:@16620
803B4624:@16621
803B4630:@16622
803B463C:@16623
803B4648:@16624
803B4654:@16625
803B4660:@16626
803B466C:@16627
803B4678:@16628
803B4684:@16629
803B4690:@16630
803B469C:@16631
803B46A8:@16632
803B46B4:@16633
803B46C0:@16634
803B46CC:@16635
803B46D8:@16636
803B46E4:@16637
803B46F0:@16638
803B46FC:@16639
803B4708:@16640
803B4720:@16642
803B472C:@16643
803B4738:@16644
803B4744:@16645
803B4750:@16646
803B475C:@16647
803B4768:@16648
803B4774:@16649
804503B0:@1665
803B4780:@16650
803B478C:@16651
803B4798:@16652
803B47A4:@16653
8038DE40:@16654
8044CFF8:@16790
803BF124:@1683
803BF130:@1686
803BF13C:@1688
803BF148:@1690
804505C8:@1691
803BF154:@1692
803BF160:@1694
803BF16C:@1696
803BF178:@1698
802A1CB0:@16@JAISound_tryDie___5JAISeFv
8001E0EC:@16@__dt__11dBgS_WtrChkFv
8007918C:@16@__dt__12dBgS_RoofChkFv
80078D8C:@16@__dt__14dBgS_SplGrpChkFv
8001E104:@16@__dt__15dBgS_ObjRoofChkFv
80144758:@16@__dt__16dBgS_LinkRoofChkFv
800775B4:@16@__dt__8dBgS_ChkFv
802A1CD0:@16@asSe__5JAISeFv
802A1CC0:@16@getChildTrack__5JAISeFi
802A1CE0:@16@getChild__5JAISeFi
802A1CE8:@16@getNumChild__5JAISeCFv
802A1CB8:@16@getTempoMgr__5JAISeFv
802A1CC8:@16@getTrack__5JAISeFv
802A1CD8:@16@releaseChild__5JAISeFi
803BF184:@1701
803BF190:@1703
803CCC30:@1710
80450328:@1725
8044DA50:@17253
8044DA54:@17254
8044DA58:@17255
80450410:@1731
8044CFFC:@17382
80450380:@1739
8044DA60:@17392
80450434:@1748
803BF1A8:@1752
8044DA64:@17525
8044D000:@17592
8044D004:@17593
80450388:@1767
803BF2E0:@1776
803BF2EC:@1779
803BF2F8:@1781
803BF304:@1783
804503E4:@1784
803BF310:@1785
803BF31C:@1787
803BF328:@1789
804506C8:@179
803BF334:@1791
803BF340:@1794
8044DA68:@17948
803BF34C:@1796
8044DA6C:@17979
803CB6A8:@18
80005610:@180
803BF364:@1800
8044F634:@1805
8044D008:@18068
8044F638:@1807
803CC9F4:@181
8044D00C:@18176
8042B608:@1819
803CC998:@182
8042B614:@1820
8042B620:@1821
8042B62C:@1822
804503D0:@1827
80450358:@1829
8045035C:@1830
8039BD80:@1849
8044F760:@187
8044D010:@18706
80005628:@188
8044D014:@18830
8044D018:@18847
804502E0:@1887
803CA8F0:@189
8044D01C:@18929
8038B9F8:@18938
80450CD8:@1897
8044D020:@18997
803CBE00:@19
80450630:@190
80450634:@191
804505D0:@1915
8044D024:@19240
8044D028:@19379
8044D02C:@19380
8044D030:@19381
8044D034:@19382
8044D038:@19428
804502D0:@1943
804502D4:@1944
804502D8:@1946
8039BF18:@1953
8039BF24:@1954
8039BF30:@1955
8039BF40:@1956
8044D03C:@19580
8044F5E8:@1967
80450360:@1971
80450368:@1974
8044FC54:@1988
803CBE20:@20
8045077C:@201
8045038C:@2017
80450CD0:@2018
80450390:@2021
8044D040:@20303
804502E4:@2039
8044D044:@20400
8044D048:@20401
8044D04C:@20402
804503B8:@2049
8044D050:@20495
8044D054:@20496
8042BDA8:@205
8044D058:@20790
8044D05C:@20823
8044D060:@20824
8044D064:@20991
8044D068:@20992
8026A184:@20@__dt__11cBgS_GndChkFv
8026A3B0:@20@__dt__11cBgS_LinChkFv
80077B50:@20@__dt__11dBgS_GndChkFv
80078574:@20@__dt__11dBgS_LinChkFv
80078BB0:@20@__dt__11dBgS_SphChkFv
80144728:@20@__dt__12dBgS_ObjAcchFv
80144738:@20@__dt__13dBgS_LinkAcchFv
80077BB0:@20@__dt__14dBgS_CamGndChkFv
8007858C:@20@__dt__14dBgS_CamLinChkFv
80182838:@20@__dt__14dBgS_CamSphChkFv
8001E0D4:@20@__dt__14dBgS_ObjGndChkFv
800785BC:@20@__dt__14dBgS_ObjLinChkFv
800785EC:@20@__dt__15dBgS_BombLinChkFv
80144740:@20@__dt__15dBgS_LinkGndChkFv
800785D4:@20@__dt__15dBgS_LinkLinChkFv
80078634:@20@__dt__15dBgS_RopeLinChkFv
80078604:@20@__dt__16dBgS_ArrowLinChkFv
8007864C:@20@__dt__16dBgS_HorseLinChkFv
80077BC8:@20@__dt__18dBgS_CamGndChk_WtrFv
80077B98:@20@__dt__18dBgS_ObjGndChk_AllFv
80077B80:@20@__dt__18dBgS_ObjGndChk_SplFv
80077B68:@20@__dt__18dBgS_ObjGndChk_WtrFv
8007861C:@20@__dt__20dBgS_BoomerangLinChkFv
800785A4:@20@__dt__21dBgS_CamLinChk_NorWtrFv
800774CC:@20@__dt__9dBgS_AcchFv
803CBE2C:@21
8044D06C:@21021
80450438:@2110
8045043C:@2111
8045073C:@212
804503E8:@2130
80450748:@214
80450370:@2156
8044D070:@21624
8044D074:@21680
8044D078:@21736
8039CDC4:@218
8042B118:@2184
8044F4D8:@2193
804501F0:@2196
8044F370:@2198
802A8AD8:@220@__dt__14JAUSectionHeapFv
802A8AD0:@220@getSeqData__14JAUSectionHeapF10JAISoundIDP10JAISeqData
802A8AC8:@220@releaseSeqData__14JAUSectionHeapFv
802A8AC0:@220@setSeqDataUser__14JAUSectionHeapFP14JAISeqDataUser
8039CE44:@221
8044D07C:@22146
80450710:@222
803CC428:@223
8044F1D4:@2232
8044F4DC:@2238
8044F4E0:@2239
803CC8C0:@224
8044F364:@2243
8044F368:@2245
8044F328:@2248
8044F20C:@2249
8044F32C:@2260
8044D084:@22608
8044D088:@22609
8044F330:@2263
8044F210:@2266
8044F214:@2267
8044F218:@2268
8045063C:@227
8044F228:@2271
8044F230:@2272
8044F258:@2273
80450200:@2279
80450208:@2281
8044F1DC:@2282
8044F1E0:@2284
8044F430:@2287
8044F438:@2289
80450170:@2293
8044F1E8:@2296
8044F1EC:@2297
8044F1F0:@2298
8044AB34:@23
80450640:@230
8044F138:@2305
8044F13C:@2306
80450210:@2308
80450214:@2309
80450218:@2310
80450224:@2313
80450228:@2315
8044D08C:@23155
8044F428:@2318
8044F42C:@2319
80005678:@232
8044F440:@2321
8044F198:@2325
8044F19C:@2326
8044F1A0:@2327
8044F840:@233
8044F410:@2339
8044D090:@23416
8044F25C:@2346
8044F848:@235
8044F458:@2353
8044F45C:@2354
8044D094:@23542
8044D098:@23595
8044F310:@2380
8044F318:@2381
8044F320:@2382
803CB5C0:@239
8044F414:@2390
803CB6B4:@24
80005684:@240
8042B0D8:@2401
8042B0E4:@2402
8042B0F0:@2403
8042B0FC:@2404
8042ADE8:@2414
8044F140:@2431
8044D09C:@24322
8044D0A0:@24323
8044F418:@2433
8044F41C:@2434
8044D0A4:@24400
8044D0A8:@24401
8044F498:@2442
8044F49C:@2443
8044F4A0:@2444
8044F1A8:@2446
8044F1B0:@2447
8044F1B8:@2448
8042AE28:@2450
8042AE40:@2451
8042AE58:@2452
8042AE70:@2453
8042AE88:@2454
8042AEA0:@2455
8042AEB8:@2456
8042AED0:@2457
8044D0AC:@24589
8044F460:@2459
8044D0B0:@24590
8044D0B4:@24591
8044D0B8:@24592
8044D0BC:@24593
8044D0C0:@24594
8044D0C4:@24595
8044D0C8:@24600
8044D0CC:@24618
80450240:@2462
80450244:@2463
80450248:@2464
8045024C:@2465
8044D0D0:@24680
80450258:@2469
80450260:@2471
8044F148:@2472
8044F348:@2474
8044F750:@248
8044D0D4:@24852
8044F754:@249
8044F34C:@2491
8042AE00:@2492
8044F374:@2497
8044F378:@2498
8044F758:@250
8044F380:@2500
8044F448:@2501
8044D0D8:@25059
8044D0DC:@25113
8044F770:@253
8039BE50:@2530
8039BE68:@2531
80450330:@2547
8039BEB0:@2555
8039BED0:@2556
8039BEF0:@2557
8044F4A8:@2565
8044F4AC:@2566
8044F4B0:@2567
8044F4B4:@2568
8044D0E0:@25684
8044F4B8:@2569
8044F4BC:@2570
8044F4C0:@2572
8044F4C8:@2574
80450230:@2580
80450234:@2581
8044D0E4:@25873
8044D0E8:@25874
8044A910:@2588
8044D0EC:@25916
80450770:@26
800852E8:@260@__dt__8dCcD_CpsFv
80085308:@260@__dt__8dCcD_CylFv
80085318:@260@__dt__8dCcD_SphFv
800852F8:@260@__dt__8dCcD_TriFv
8045067C:@261
8042AEE8:@262
8044F3D0:@2623
8044D0F8:@26233
8044D0FC:@26275
8044D100:@26276
8044D104:@26297
80005690:@263
803BE5C8:@2631
8044F47C:@2633
8044F480:@2634
8044F484:@2635
8044F488:@2636
803CB5F4:@265
8044F46C:@2656
803CBE38:@266
8044F350:@2671
8044F358:@2672
8044D108:@26816
8044D10C:@26817
8044D110:@26818
8044D114:@26819
804503F0:@2690
80450774:@27
8044D118:@27005
803C70F0:@2709
8039CC18:@274
8044F3D8:@2740
8044F3DC:@2741
8044D11C:@27418
8044F3E0:@2742
8044D120:@27476
8044D124:@27477
80450398:@2758
8044F15C:@2759
8044F160:@2760
8044F164:@2761
8044F168:@2762
8044F170:@2763
8044F178:@2764
8044F180:@2765
8044F188:@2766
8039CC6C:@277
8044F858:@278
80450778:@28
8044D128:@28016
8044D12C:@28017
8044D130:@28045
803BE3AC:@2828
8044D134:@28285
8044D138:@28286
8044D13C:@28287
803BE380:@2829
8039CCF8:@283
804504A8:@284
8044D140:@28405
804504AC:@285
8045071C:@289
80450334:@2890
80450338:@2891
800852D8:@28@__dt__9dCcD_SttsFv
80450724:@291
800852E0:@292@__dt__8dCcD_CpsFv
80085300:@292@__dt__8dCcD_CylFv
80085310:@292@__dt__8dCcD_SphFv
800852F0:@292@__dt__8dCcD_TriFv
80450090:@295
80450098:@296
8044F390:@2964
8041F7E0:@29722
804500A8:@298
80450374:@2984
80450378:@2985
8044F880:@299
8044F884:@300
8044F4D0:@3010
8044F4F0:@302
8039BD90:@3028
80450174:@3034
80450178:@3035
8039BDA0:@3037
8044D144:@30372
8044F2C8:@3082
8039BEA0:@3089
8044D148:@30895
8042B710:@313
8044F3F0:@3145
8044F3F4:@3146
8044D14C:@31530
8044C830:@316
8044F3B0:@3189
8044F3B4:@3190
8044F3B8:@3191
8044F3BC:@3192
8044F3C0:@3194
8044F2CC:@3205
8044D150:@32072
8039CA30:@321
8039CA50:@322
8044F2D0:@3229
8039CA58:@323
8044F2D4:@3230
803BE5E8:@3259
804505F8:@326
8044F3F8:@3281
8044F3FC:@3282
8044D158:@32830
8044D15C:@32831
8044D160:@32832
8044D164:@32833
80266E84:@32@__dt__12cCcD_CpsAttrFv
80266E8C:@32@__dt__12cCcD_CylAttrFv
80266E94:@32@__dt__12cCcD_SphAttrFv
80266E7C:@32@__dt__12cCcD_TriAttrFv
804506B8:@331
804506BC:@332
804506C0:@334
8044D16C:@33587
8038BAAC:@33690
80450980:@337
8044FAB8:@3372
8044FABC:@3373
803963A0:@3385
80450990:@339
8044FB38:@3395
8044FB3C:@3396
80450998:@340
8044D170:@34189
8044D174:@34190
804509B8:@344
804509C0:@345
803BE3D8:@3454
804509C8:@346
8044FB40:@3467
8044FB44:@3468
804509D0:@347
8044D178:@34772
8044D17C:@34773
8044D180:@34774
8044D184:@34775
8044D188:@34776
8044D18C:@34777
8044D190:@34778
8044D194:@34779
8044FF80:@3485
8044FF84:@3486
8044D198:@34957
8038BAD0:@34968
8044F2D8:@3497
8044FE60:@3501
8044FE64:@3502
8044FE68:@3503
8044FE6C:@3504
8044FE70:@3505
8044FE78:@3508
804509F0:@351
8044FB58:@3511
8044FB5C:@3512
804509F8:@352
8044FF88:@3527
8044FF8C:@3528
8044FB60:@3529
80450A00:@353
8044FF90:@3530
8044FB68:@3531
80450A08:@354
8044FC5C:@3560
8044D19C:@35610
8044FC68:@3564
803C4C58:@3566
8044FE80:@3574
8044FE84:@3585
8044FF98:@3589
8044FF9C:@3590
8044F978:@3597
8044F97C:@3598
8044F980:@3599
80450A40:@361
803A2424:@3617
803A2430:@3618
80450A48:@362
803D6080:@3620
803A2448:@3622
8044C8A0:@3627
8044EF40:@3631
8044CD08:@3632
8044BCB0:@3634
8044BCB4:@3635
8044BCB8:@3638
8041E7B8:@3639
8042A7F8:@3640
8042ADD0:@3644
80426B50:@3648
80450A60:@365
8044FE88:@3654
80450A68:@366
8042A868:@3660
8044ECC0:@3662
8044FD28:@3663
8044FD2C:@3664
8044FD38:@3667
8044FD3C:@3668
8044FD40:@3669
80450A70:@367
8044BED8:@3671
8044DB80:@3673
8044DB84:@3674
8044BC48:@3676
80450A78:@368
8044EF44:@3683
8044EF50:@3686
8044EF54:@3687
803B5784:@3693
803B57CC:@3696
803B57D8:@3697
803B57E4:@3698
80078BB8:@36@__dt__11dBgS_SphChkFv
8001E0FC:@36@__dt__11dBgS_WtrChkFv
80144720:@36@__dt__12dBgS_ObjAcchFv
8007919C:@36@__dt__12dBgS_RoofChkFv
80144730:@36@__dt__13dBgS_LinkAcchFv
80182840:@36@__dt__14dBgS_CamSphChkFv
80078D9C:@36@__dt__14dBgS_SplGrpChkFv
8001E114:@36@__dt__15dBgS_ObjRoofChkFv
80144768:@36@__dt__16dBgS_LinkRoofChkFv
800774C4:@36@__dt__9dBgS_AcchFv
8044AB40:@37
8042A898:@3701
8044FE90:@3704
8044FCD4:@3706
8044FCD8:@3707
8044D1A0:@37152
8044FDBC:@3722
8044FDC0:@3723
8044FDD0:@3725
8044FDD8:@3726
803D7A18:@3727
803C5E48:@3729
8044D1A4:@37322
8044D1A8:@37323
8044BCF4:@3734
8042A808:@3735
803BCF90:@3737
803BCFE4:@3744
8044D1AC:@37527
8044D1B0:@37528
8044FEA8:@3753
8044D1B4:@37749
8044C8A8:@3780
8044EEA8:@3781
8042E3B4:@3783
8044BCC4:@3784
8044BCCC:@3786
8044E624:@3792
803CB830:@38
8044F948:@380
8044D1B8:@38059
8044F94C:@381
8044BE9C:@3813
8044DBB8:@3814
803A2770:@3817
8044D1BC:@38175
8044D1C0:@38176
8044D1C4:@38177
8044D1C8:@38624
8044DCC0:@3870
8044D72C:@3872
8044D734:@3874
8044D738:@3875
803B5D04:@3889
803CB84C:@39
8044F730:@390
8044F108:@3908
8044F968:@3909
8044F734:@391
8044E680:@3912
8044E684:@3913
8044E688:@3914
8044E68C:@3915
8044F738:@392
8044F030:@3930
80450078:@3931
8044EFFC:@3933
8044D1CC:@39330
8044F000:@3934
8044F010:@3939
8044FE24:@3948
8044FE2C:@3950
8044D4F4:@3952
8044D500:@3955
8044F950:@396
8044E380:@3961
803ACE04:@39613
803ACE10:@39614
803ACE1C:@39615
803ACE28:@39616
803ACE34:@39617
803ACE40:@39618
8044E428:@3966
8044EDDC:@3968
8044F954:@397
8044E30C:@3971
8044E310:@3972
8041FAB8:@3974
8044EDE8:@3978
80422750:@3982
803C41CC:@3988
80428960:@3989
803CB864:@40
8044C964:@4002
8044C978:@4007
8044C97C:@4008
8044C980:@4009
8044C994:@4014
8044E5E0:@4016
803A1D78:@4017
803B71FC:@4019
8039CA70:@402
803B7220:@4022
803B722C:@4023
803B7238:@4024
8039CA90:@403
8039CAB0:@404
8044D1D0:@40564
8044D1D4:@40565
8044D1D8:@40719
80450530:@409
803CB878:@41
80450534:@410
80422570:@4102
804505F0:@411
8044C344:@4114
80450CA8:@4115
8044E91C:@4117
8044D204:@41183
8044C9A0:@4120
8044C9A4:@4121
8044C9A8:@4122
8044C9AC:@4123
8044DB9C:@4157
8044E260:@4158
8044F2F0:@416
8044E268:@4160
8044E26C:@4161
8044E57C:@4163
8044E580:@4164
8044F2F4:@417
8044D248:@41721
804502E8:@418
803B4AD8:@4183
803B4AE4:@4184
803B4AFC:@4186
803B4B68:@4195
803B4B74:@4196
803B4B80:@4197
8044AB44:@42
803B4BEC:@4206
803B4C04:@4208
803B4C10:@4209
803B4C1C:@4210
8044C8E8:@4214
8044C8F8:@4216
8044C8FC:@4217
8044C900:@4218
8039CD48:@422
8044ED34:@4229
8044ED38:@4231
8044ED04:@4236
8044DBA4:@4238
8044E1F0:@4245
8044D758:@4247
8044D260:@42496
8044D764:@4250
8044E754:@4257
8044E758:@4258
8044D264:@42625
8044D268:@42688
8044D26C:@42689
8044D270:@42690
8044D274:@42691
8044E794:@4273
8044E798:@4274
803B8B04:@4292
8044D278:@42936
8044D27C:@42937
8044AB48:@43
803B8E1C:@4323
803B8E40:@4326
803B8E4C:@4327
803B8E58:@4328
803B8E7C:@4331
80450498:@435
8044DD0C:@4350
8044DD10:@4351
8044DD14:@4352
8044D280:@43532
8044D284:@43533
8044D288:@43534
8044C380:@4365
8044C384:@4366
8044C388:@4367
8044C38C:@4368
8044C390:@4369
8044C394:@4370
8044C398:@4371
8044DCF0:@4377
8044C220:@4378
8044D780:@4380
8044D788:@4381
8044E5F4:@4386
8044E5F8:@4387
8044C0B0:@4391
803CB88C:@44
80450B48:@440
8044D28C:@44006
8044D290:@44007
8044C058:@4401
8044C060:@4402
8044C064:@4403
8041F6A8:@4413
8041F6C0:@4414
8041F6F0:@4416
80450B58:@442
8039BFEC:@443
80450B60:@445
803A9CF4:@4463
803A9D00:@4464
803A9D0C:@4465
803A9FF4:@4527
804500F8:@453
803AA024:@4531
803AA030:@4532
803AA03C:@4533
803AA048:@4534
803AA054:@4535
803AA060:@4536
803AA06C:@4537
803AA078:@4538
803AA084:@4539
804500FC:@454
8044D29C:@45404
8044D2A0:@45504
803AA120:@4552
803AA168:@4558
803AA174:@4559
80450100:@456
803AA180:@4560
803AA1B0:@4564
803AA1BC:@4565
803AA1C8:@4566
803AA1E0:@4568
803AA1EC:@4569
803AA1F8:@4570
803AA21C:@4573
803AA228:@4574
803AA234:@4575
8044D2A4:@45759
803AA240:@4576
803AA24C:@4577
803AA258:@4578
803AA264:@4579
803AA270:@4580
803AA27C:@4581
803AA294:@4583
803AA2A0:@4584
803CB37C:@460
8044D2A8:@46084
803CB38C:@461
803AA420:@4616
803AA42C:@4617
803AA438:@4618
803AA450:@4620
803AA498:@4626
803AA4B0:@4628
803AA4BC:@4629
803AA4C8:@4630
803AA4D4:@4631
803AA4E0:@4632
803AA4EC:@4633
803AA4F8:@4634
803AA504:@4635
803AA510:@4636
803AA51C:@4637
803AA528:@4638
803AA534:@4639
803AA540:@4640
803AA570:@4644
8044D2AC:@46465
803AA5A0:@4648
803AA5AC:@4649
803AA5B8:@4650
803AA5C4:@4651
803AA5D0:@4652
803AA5DC:@4653
803AA5E8:@4654
803AA618:@4658
803AA624:@4659
803AA630:@4660
803AA63C:@4661
803AA660:@4664
803AA684:@4667
803CB3F4:@467
803AA6A8:@4670
803AA708:@4678
803CB400:@468
803AA744:@4683
803AA750:@4684
803AA75C:@4685
803AA768:@4686
803AA774:@4687
803AA7BC:@4693
8042BC1C:@470
803AA840:@4704
803AA84C:@4705
8044D2B0:@47055
803AA858:@4706
803AA864:@4707
803AA870:@4708
803AA87C:@4709
803AA894:@4711
803AA8A0:@4712
803AA8AC:@4713
803AA8B8:@4714
803AA8C4:@4715
803AA8D0:@4716
803AA8DC:@4717
803AA8E8:@4718
803AA900:@4720
803AA90C:@4721
803AA918:@4722
803CB230:@473
803CB240:@474
8044D2B4:@47420
803AAA14:@4743
803AAA20:@4744
803AAA50:@4748
803AAA5C:@4749
803CB250:@475
803AAA68:@4750
803AAA74:@4751
803AAA80:@4752
803AAA8C:@4753
803AAA98:@4754
803AAAA4:@4755
803AAAB0:@4756
803AAABC:@4757
803AAAC8:@4758
803AAAD4:@4759
803AAAE0:@4760
8044D2B8:@47600
8044D2BC:@47601
803CB270:@477
8044D2C0:@47728
8044D2C4:@47729
803AAB7C:@4773
803AC188:@4774
803AC194:@4775
803AC1A0:@4776
803AC1AC:@4777
803AC1C4:@4779
803CB284:@478
803AC1D0:@4780
803AC1E8:@4782
803AC1F4:@4783
803CB298:@479
803AC284:@4795
803AC290:@4796
803AC29C:@4797
803AC2A8:@4798
803AC2B4:@4799
803AC2C0:@4800
803AC2CC:@4801
803AC2D8:@4802
803AC314:@4807
8044D2C8:@48079
803AC320:@4808
8044D2CC:@48080
8044D2D0:@48081
803AC32C:@4809
8042E3C0:@481
803AC338:@4810
803AC344:@4811
803AC350:@4812
803AC35C:@4813
803AC368:@4814
803AC374:@4815
803AC380:@4816
803AC38C:@4817
803AC3BC:@4821
803AC3C8:@4822
803AC3D4:@4823
803AC428:@4830
8044FF64:@4833
8044FF68:@4834
8044FF6C:@4835
8044FF70:@4836
8044FDA4:@4838
803C5C50:@4839
8044D640:@4845
8044E178:@4848
803CB2A4:@485
8044DDA8:@4850
8044D2D4:@48507
8044D2D8:@48508
8044D2DC:@48509
8044DDAC:@4851
8044DDB0:@4852
8044FF78:@4856
803B694C:@4861
803B6958:@4862
803B6964:@4863
803B6970:@4864
803B697C:@4865
803B69D0:@4867
803B69DC:@4868
803B69E8:@4869
803B69F4:@4870
803B6A3C:@4871
803B6A48:@4872
803B6A54:@4873
803B6A60:@4874
803B6AC0:@4877
803B6AE4:@4878
803B6B14:@4880
803B6B20:@4881
803B6B2C:@4882
803B6B5C:@4883
803B6B68:@4884
803B6B74:@4885
803B8898:@4888
8044EEF4:@4896
8044EEF8:@4897
8044EEFC:@4898
8044EF00:@4899
8044C004:@4904
8044FDAC:@4906
8044D2E0:@49127
8044E498:@4915
8044D648:@4921
8044E17C:@4926
8044E180:@4927
8037AD28:@4932
8037AD34:@4933
803BB6C4:@4936
8044E290:@4939
8044D2E4:@49398
8044D2E8:@49399
803BFD80:@494
8044E294:@4940
8044FDB0:@4944
8044FDB4:@4945
8044E49C:@4946
8044E4A0:@4947
8044E40C:@4948
803BFD8C:@495
8044E410:@4950
803BFD98:@496
8044C850:@4962
8041EA78:@4965
803BFDA4:@497
8044D650:@4970
8044D658:@4971
8044D660:@4972
8044D708:@4979
8044EB50:@4986
8044EB54:@4987
8044EB58:@4988
8044EB5C:@4989
8044EB60:@4990
8044EB64:@4991
8044EB68:@4992
8044EB6C:@4993
8044EB70:@4994
8044D2EC:@49941
8044EB74:@4995
8044EB78:@4996
803B9CE8:@4999
8044D2F0:@49995
801C0804:@4@__dt__14dMenu_DmapBg_cFv
8029B3D8:@4@__dt__17JASSimpleWaveBankFv
801D8180:@4@__dt__18dMenu_Fmap2DBack_cFv
802BE104:@4@getAudibleSw__11Z2SoundInfoCF10JAISoundID
802BE0FC:@4@getBgmSeqResourceID__11Z2SoundInfoCF10JAISoundID
803BFDC8:@500
8044DC60:@5001
8044DC64:@5002
8044DC68:@5003
8044DC6C:@5004
8044DC70:@5005
8044DC74:@5006
8044DC78:@5007
803BFDD4:@501
8044C008:@5013
803BFDE0:@502
803BB77C:@5032
803BB788:@5033
803BB794:@5034
803BB7A0:@5035
803BB7AC:@5036
803BB7B8:@5037
803BB7D0:@5039
803BB7DC:@5040
803BB7E8:@5041
803BB7F4:@5042
803BB80C:@5044
803BB818:@5045
803BB824:@5046
803BB830:@5047
803BB83C:@5048
803BB848:@5049
803BB89C:@5056
803BB8B4:@5058
803BB8C0:@5059
803BB8F0:@5063
803BB8FC:@5064
803BB920:@5067
803BB92C:@5068
803BB938:@5069
803BB944:@5070
803BB950:@5071
803BB95C:@5072
803BB968:@5073
803BB980:@5075
803C5CD0:@5076
8044DDC0:@5077
803EBD4C:@5078
8044DC7C:@5084
8044FAB0:@5085
8044BE40:@5090
8044F088:@5094
8044C00C:@5095
8044D2F4:@50954
8041F82C:@50955
8044C3D0:@5099
8044C3D8:@5101
8044C3DC:@5102
8044C3E0:@5103
8044C3E4:@5104
8044C3E8:@5105
8044C3F0:@5107
8044C3F4:@5108
8044C3F8:@5109
8044C400:@5111
8044C404:@5112
8044C408:@5113
8044C40C:@5114
8044C418:@5117
8044C41C:@5118
8044C420:@5119
8044C424:@5120
8044C428:@5121
8044C42C:@5122
8044C434:@5124
8044C438:@5125
8044C43C:@5126
803BFE64:@513
8044C450:@5131
8044C454:@5132
8044C7D8:@5137
8044C7DC:@5138
8044C0D4:@5140
8044EBAC:@5148
8044D688:@5149
803BFE7C:@515
803C80D0:@5150
8044EBB0:@5151
803BA184:@5152
803BA14C:@5153
803BA110:@5154
8044C1AC:@5156
8044D2F8:@51578
803BFE88:@516
803BFE94:@517
803B3F3C:@5171
8044E068:@5173
8044E06C:@5174
8044E514:@5179
803BFEA0:@518
8044C270:@5181
8044C274:@5182
8044C278:@5183
8044C27C:@5184
8044C280:@5185
8044C284:@5186
8044C28C:@5188
803BFEAC:@519
8044DDD4:@5194
8044C100:@5198
803BFEB8:@520
8044C03C:@5200
8044EDC8:@5203
803BFEC4:@521
803C4538:@5218
803C447C:@5219
8044EAF0:@5222
8044D2FC:@52237
8044BE44:@5226
8044F090:@5227
8044F094:@5228
8044F098:@5229
803BFEDC:@523
8044F0B0:@5235
803BFEE8:@524
803B3FA4:@5242
803B3FB0:@5243
803B3FBC:@5244
803B3FC8:@5245
803B3FD4:@5246
803B3FE0:@5247
8044D300:@52473
803B3FEC:@5248
803BA284:@5250
8044D304:@52537
8044D308:@52538
8044D30C:@52539
803C5D30:@5259
803BFF0C:@527
8044C1C0:@5270
8044C1D0:@5272
8044C1D8:@5273
8044C1DC:@5274
8044C1E0:@5275
8044E184:@5277
803BFF18:@528
8044E188:@5288
8044D310:@52885
8044D314:@52886
8044D318:@52887
803BFF24:@529
8044DC80:@5296
8044C878:@5299
8001E0F4:@52@__dt__11dBgS_WtrChkFv
80079194:@52@__dt__12dBgS_RoofChkFv
80078D94:@52@__dt__14dBgS_SplGrpChkFv
8001E10C:@52@__dt__15dBgS_ObjRoofChkFv
80144760:@52@__dt__16dBgS_LinkRoofChkFv
803BFF30:@530
8044C880:@5300
8044C888:@5301
8044D31C:@53015
8044BDD4:@5315
8044BDD8:@5317
803BFF48:@532
8044BF28:@5322
8044F0B4:@5325
8044F0B8:@5326
8044F0BC:@5327
803BFF60:@534
8044FB70:@5341
8044FB74:@5342
803C4934:@5350
803C48FC:@5351
803C48C4:@5352
803C4884:@5353
803C4844:@5354
8044D690:@5359
8044C2A4:@5361
8044C2A8:@5362
8044C2AC:@5363
8044C2B0:@5364
8044DDF0:@5365
8044C110:@5383
8044C114:@5384
803BFF9C:@539
803BFFA8:@540
8044E088:@5402
8044E090:@5403
803BFFB4:@541
8044D574:@5410
803C05C0:@542
8044D578:@5422
8044D57C:@5423
8044E354:@5434
8044F7A0:@544
8044F7A4:@545
8044D580:@5459
8044F7A8:@546
8044D584:@5460
8044DA94:@5472
8044DA98:@5473
8044DAA0:@5475
8044EBB8:@5476
8044EBBC:@5477
8039C308:@55
8044D338:@55050
8044D33C:@55051
8044D340:@55148
8044D344:@55149
8044D348:@55150
8044D34C:@55151
8044D350:@55152
8044D354:@55153
8044D358:@55154
8044C2B8:@5524
8044C2C0:@5525
8044C2C8:@5526
8044C2D0:@5527
8044C2D4:@5528
8044C2D8:@5529
8044C2DC:@5530
8044C1F8:@5551
8044C1FC:@5552
8044C200:@5553
8044F0CC:@5557
8042BD70:@556
8044E358:@5568
804504A0:@557
8044BD68:@5584
8044D35C:@55848
8044D360:@55849
8044D364:@55850
8044D368:@55851
8044D36C:@56021
8044EEB8:@5608
8044E09C:@5611
8044E0A0:@5612
8044DE14:@5618
8044E8A0:@5628
8044E8A4:@5629
8044E8AC:@5631
8044E8B8:@5634
8044E8BC:@5635
8044E8C0:@5636
8044D7F8:@5660
8044D7FC:@5661
8044D800:@5662
8044D804:@5663
8044D588:@5667
8044C7E0:@5668
8044C7E8:@5670
8044FB10:@5673
8044FB14:@5674
8044FB18:@5675
8044FB1C:@5676
8044FB20:@5677
8044FB24:@5678
8044FB28:@5679
8044FB2C:@5680
8044FB30:@5681
8044DC98:@5687
8044DC9C:@5688
8044DCA0:@5689
8044B328:@569
8044DCB0:@5693
8044DCB4:@5694
80078BC8:@56@__dt__11dBgS_SphChkFv
80182850:@56@__dt__14dBgS_CamSphChkFv
80450C28:@57
8044BD6C:@5711
8044C460:@5716
8044C464:@5717
8044C468:@5718
8044C46C:@5719
8044C470:@5720
8044C478:@5722
8044C47C:@5723
8044C480:@5724
8044C484:@5725
8044C488:@5726
8044C48C:@5727
8044C490:@5728
8044C494:@5729
8039CC0C:@573
8044C498:@5730
8044C49C:@5731
8044C4A0:@5732
8044C4A4:@5733
8044C4A8:@5734
8044C4AC:@5735
8044C4B0:@5736
8044C4B4:@5737
8044C4B8:@5738
8044C4BC:@5739
8039CC14:@574
8044C4C0:@5740
8044C4C4:@5741
8044C4C8:@5742
8044C4CC:@5743
8044C4D0:@5744
8044C4D4:@5745
8044C4D8:@5746
8044C4E0:@5748
8044C7F0:@5784
8044C7F4:@5785
8044EB18:@5791
8044D58C:@5794
80450C60:@58
8044BD70:@5808
8044BD80:@5812
8044E54C:@5819
8044C21C:@5838
8044DE18:@5839
8044DE1C:@5840
803B6150:@5841
803B6130:@5842
8044CA20:@5844
8044BD84:@5845
8044CA28:@5846
804504C8:@585
8044C2E8:@5855
8044D378:@58633
8044D37C:@58634
803BAC8C:@5874
8038B7B4:@5908
8044FB34:@5913
8044EB1C:@5933
8044BC68:@5939
8044CDE0:@5943
803BBC50:@5950
803BBC5C:@5951
803BBC68:@5952
803BBC74:@5953
803BBC80:@5954
803BBC8C:@5955
803BBC98:@5956
803BBCA4:@5957
803BBCB0:@5958
8044D380:@59596
8044D384:@59597
8044D388:@59598
803BBCC8:@5960
803BBCD4:@5961
803BBCEC:@5963
803BBCF8:@5964
803BBD04:@5965
803BBD10:@5966
803BBD1C:@5967
803BBD28:@5968
803BBD34:@5969
803BBD40:@5970
803BBD4C:@5971
803BBD58:@5972
803BBD64:@5973
803BBD70:@5974
803BBD7C:@5975
803BBD88:@5976
803BBD94:@5977
803BBDA0:@5978
803BBDAC:@5979
803BBDB8:@5980
803BBDC4:@5981
803BBDD0:@5982
803BBDDC:@5983
8037CCEC:@5987
8037CD00:@5988
80450B68:@60
8044E5FC:@6000
8044E600:@6001
8044E18C:@6017
8044CDEC:@6021
8044CDF0:@6022
8044CDF4:@6023
8044CDF8:@6025
8044DE20:@6032
8044DE24:@6033
8044DE28:@6034
8044DE30:@6036
8044DE34:@6037
8044D38C:@60416
8044E8D8:@6043
803BA370:@6048
8044E9DC:@6049
8044EB20:@6051
8044EB24:@6052
8044BD8C:@6068
8044DAB0:@6069
8044DAB4:@6070
8044DAB8:@6071
8044C118:@6075
8044C11C:@6076
8044C120:@6077
8044C124:@6078
8044C128:@6079
8044E9E0:@6081
8044E604:@6086
8044E608:@6087
8044D808:@6093
8044C890:@6099
80077B60:@60@__dt__11dBgS_GndChkFv
80077BC0:@60@__dt__14dBgS_CamGndChkFv
8001E0E4:@60@__dt__14dBgS_ObjGndChkFv
80144750:@60@__dt__15dBgS_LinkGndChkFv
80077BD8:@60@__dt__18dBgS_CamGndChk_WtrFv
80077BA8:@60@__dt__18dBgS_ObjGndChk_AllFv
80077B90:@60@__dt__18dBgS_ObjGndChk_SplFv
80077B78:@60@__dt__18dBgS_ObjGndChk_WtrFv
803BA470:@6101
8044D390:@61028
8044D394:@61029
8044D398:@61030
8044D39C:@61031
8044D3A0:@61032
8044D3A4:@61033
8044D3A8:@61034
8044D3AC:@61035
8044D3B0:@61036
8044D3B4:@61037
8038C09C:@61050
8044CE08:@6108
8044CE0C:@6109
8044D3B8:@61144
8044D3BC:@61145
8044E9E4:@6116
803C17B0:@613
8044E550:@6151
8044BD94:@6174
8044D810:@6177
8044D818:@6178
8044D820:@6179
8039C840:@618
8044E194:@6181
8044CE10:@6183
8044E9E8:@6199
8044F590:@623
8044CE14:@6237
8044CE18:@6238
8044F598:@624
8044F5A0:@625
8044EEC8:@6273
8044F700:@629
8044F704:@630
8044E364:@6309
8044F708:@631
8044E5AC:@6314
8044E5B0:@6315
8044E554:@6316
803BC010:@6324
8044E368:@6325
8044D3C8:@63335
8044D3CC:@63336
8044D3D0:@63337
8044BE48:@6335
8044BE50:@6337
8044F710:@634
8044E4B0:@6348
8044D3D4:@63485
8044C12C:@6350
8044C130:@6351
8044BD98:@6353
8044C4E4:@6355
8044C4E8:@6356
8044C4EC:@6357
8044C4F0:@6358
8044C4F4:@6359
8044C4F8:@6360
8044C4FC:@6361
8044C500:@6362
8044C508:@6364
8044C518:@6366
8044C51C:@6367
8044C520:@6368
8044CE1C:@6398
8044CE20:@6399
8044CE24:@6400
8044F8B8:@642
8044F8BC:@643
8044E9F0:@6430
8044D3D8:@64360
8044D3DC:@64595
8044D3E0:@64596
8044D3E4:@64597
8044D3E8:@64598
8044D3EC:@64599
8044E558:@6462
80450110:@647
8044D3F0:@64733
8044D3F4:@64734
803EBD7C:@6481
80450118:@649
804502F0:@650
803EBE58:@6509
80450120:@651
8044BD9C:@6517
803EBEB4:@6519
8044F520:@652
8044F920:@653
8044BDA0:@6538
8044F924:@654
8044F928:@655
803BA588:@6562
803BA534:@6563
8044EB28:@6564
8042E4A0:@657
8044F8D8:@659
8044E4B4:@6607
8044E4B8:@6608
8044E4BC:@6609
8044F7B0:@661
8044EECC:@6613
803C1988:@662
8044D82C:@6629
8044D830:@6630
8044D590:@6667
8044CA40:@6682
8044CA44:@6683
803BA688:@6702
8044C524:@6720
8044C528:@6721
8044C52C:@6722
8044C530:@6723
8044C534:@6724
8044C538:@6725
8044C53C:@6726
8044C540:@6727
8044C544:@6728
8044C548:@6729
8044C54C:@6730
8044C550:@6731
8044C554:@6732
8044C558:@6733
8044C55C:@6734
8044C560:@6735
8044C564:@6736
803BC060:@6752
8044D3FC:@67557
8041F530:@6756
8044DE4C:@6761
8044DE50:@6762
8044DE54:@6763
8044DE58:@6764
8044DE5C:@6765
8044DE64:@6767
8044DE68:@6768
8044DE6C:@6769
8044DE70:@6770
8044DE74:@6771
8044DE78:@6772
8044DE7C:@6773
8044DE80:@6774
8044D594:@6775
803B6188:@6776
8044EBC4:@6780
8044F6C4:@679
8044BC6C:@6819
8044D400:@68269
8044CE28:@6845
8044CE38:@6847
8044CE40:@6848
8044F7B8:@685
8044DABC:@6860
8044DAC0:@6861
8044DAC4:@6862
8044DAC8:@6863
8044DACC:@6864
8044DAD0:@6865
8044DAD4:@6866
8044DAD8:@6867
8044DADC:@6868
804504C0:@687
8044DAE4:@6870
8044DAE8:@6871
803C45F4:@6877
8044F8F8:@689
8044CE48:@6895
8044D404:@68959
8044CE4C:@6896
8044D598:@6904
8044D59C:@6905
8044D5A0:@6906
8044D5A4:@6907
8044D5A8:@6908
8044D5AC:@6909
8044F8CC:@692
8044C568:@6947
8044C56C:@6948
8044C570:@6949
8044C578:@6950
8044C580:@6951
8044C584:@6952
8044C588:@6953
8044C58C:@6954
8044C590:@6955
8039BF68:@696
8038C0C0:@69603
8038C0CC:@69686
8044F8E0:@698
8044BE58:@6980
8044BE5C:@6981
8037C990:@6991
8044E29C:@7001
8044D408:@70087
8044DE84:@7011
8044DE88:@7012
8044DE8C:@7013
8044DE90:@7014
8044DE94:@7015
8044DE98:@7016
8044DE9C:@7017
8044DEA0:@7018
8044DEA4:@7019
8044DEA8:@7020
8044DEAC:@7021
8044DEB0:@7022
8044DEB4:@7023
8044DEB8:@7024
8044DEBC:@7025
8044DEC0:@7026
8044DEC4:@7027
8044D40C:@70270
803B61B0:@7029
8044D5B0:@7089
8044D5B4:@7090
8044D5B8:@7091
8044F7C0:@711
803B44AC:@7128
8044DAEC:@7137
8044F7C8:@714
8042E200:@715
8042E1D8:@716
8044CE50:@7174
8044F718:@718
8044DEC8:@7186
8044DECC:@7187
8038C0D8:@71890
8044F71C:@719
8044D410:@71913
8038C0E4:@71914
8044DAF0:@7192
8044EBC8:@7194
803C1690:@720
8044D414:@72000
8044D418:@72001
8044D41C:@72002
8044D420:@72046
8044C594:@7208
8044C598:@7209
804500F0:@721
8044C59C:@7210
8044C5A0:@7211
8044C5A4:@7212
8044C5A8:@7213
803A3D18:@7214
8044D5BC:@7222
804501D8:@724
8044D5C0:@7242
804501DC:@725
804501E0:@726
8037C9B0:@7277
804501E8:@728
80078BC0:@72@__dt__11dBgS_SphChkFv
80182848:@72@__dt__14dBgS_CamSphChkFv
80450B20:@73
8044CE54:@7305
8044CE58:@7306
8044D428:@73060
8044CE5C:@7307
8044CE60:@7308
8044E2A0:@7314
80450278:@732
8044E0B8:@7324
8044E0BC:@7325
8044E0C0:@7326
8044E0C4:@7327
8044E0C8:@7328
8044E0CC:@7329
8044E0D0:@7330
8044E0D4:@7331
8044E0D8:@7332
8044E0DC:@7333
8044CA58:@7338
8044CA5C:@7339
8044CA60:@7340
8044CA64:@7341
8044CA68:@7342
8044CA6C:@7343
8044CA70:@7344
8044CA74:@7345
8044CA78:@7346
8044CA7C:@7347
8044CA80:@7357
8044F8A4:@736
8044E2A4:@7362
8041F548:@7364
8044DED0:@7365
8044DED4:@7366
8039BF78:@737
8044E2A8:@7370
8044E2AC:@7371
8044D42C:@73784
8044D430:@73793
803CC534:@739
8044BC70:@7404
8044BC78:@7406
8044D434:@74141
803BEC40:@742
8038C0F0:@74276
8044D438:@74388
8044D43C:@74389
8044D440:@74390
8044D448:@74391
8044D450:@74392
8044D458:@74393
8044D460:@74394
8044D468:@74395
8044D470:@74396
8044D478:@74397
8044D47C:@74398
8044D5CC:@7442
8044CE64:@7448
8044CE68:@7449
8044CE6C:@7450
8044CE70:@7451
803B44D8:@7460
8042B16C:@747
8038C0FC:@74751
804288FC:@7485
803BA750:@7488
803BA6DC:@7490
803BA6AC:@7491
803C9AD4:@75
8042B188:@750
8044E0EC:@7505
8044E0F0:@7506
8044E0F4:@7507
8044E0F8:@7508
8044EB2C:@7509
803BEC64:@751
8044EB30:@7510
8042B1A4:@753
803BEC70:@754
8044D5D0:@7550
8044D5D4:@7551
8042B1C0:@756
8044C5AC:@7563
8044C5B0:@7564
8044C5B4:@7565
8044C5B8:@7566
803A3D38:@7567
8044BE60:@7580
8042B1DC:@759
8044D480:@75942
803BEC88:@760
8044DED8:@7608
8042B1F8:@762
8042B214:@765
8042B230:@768
803BECAC:@769
80077B58:@76@__dt__11dBgS_GndChkFv
80077BB8:@76@__dt__14dBgS_CamGndChkFv
8001E0DC:@76@__dt__14dBgS_ObjGndChkFv
80144748:@76@__dt__15dBgS_LinkGndChkFv
80077BD0:@76@__dt__18dBgS_CamGndChk_WtrFv
80077BA0:@76@__dt__18dBgS_ObjGndChk_AllFv
80077B88:@76@__dt__18dBgS_ObjGndChk_SplFv
80077B70:@76@__dt__18dBgS_ObjGndChk_WtrFv
8042B24C:@771
8044CE7C:@7710
8042B268:@774
803B5148:@7750
803B5154:@7751
803B5160:@7752
803B516C:@7753
803B5178:@7754
803B5184:@7755
803B5190:@7756
803B519C:@7757
803B51A8:@7758
803B51B4:@7759
8044F7D4:@776
803B51C0:@7760
803B51CC:@7761
803B51D8:@7762
803B51E4:@7763
803B51F0:@7764
803B51FC:@7765
803B5208:@7766
803B5214:@7767
803B5220:@7768
803B522C:@7769
8042B284:@777
803B5238:@7770
803B5244:@7771
803B5250:@7772
803B525C:@7773
803B5268:@7774
803B5274:@7775
803B5280:@7776
803BECD0:@778
8044D48C:@77811
8044D490:@77812
8044D494:@77813
8044D498:@77814
8044D49C:@77815
8044D4A0:@77816
8044D4A4:@77817
8044D4A8:@77818
8044D4AC:@77819
8044D4B0:@77820
8044D4B4:@77821
8044D4B8:@77822
8044D4BC:@77823
8044D4C0:@77824
8044D4C4:@77825
8044D4C8:@77826
8044D4CC:@77827
8044D4D0:@77828
8044D4D4:@77829
8044D4D8:@77830
8044D4DC:@77831
8044D4E0:@77832
8044D4E4:@77833
8044D4E8:@77834
803B53D0:@7788
803B53DC:@7790
803B53E8:@7792
803B53F4:@7794
803B5400:@7799
803C9B20:@78
8042B2A0:@780
803B540C:@7806
8044CE80:@7807
8044CE84:@7808
80450520:@781
80450524:@782
803B92E8:@7833
80450528:@784
803B5440:@7856
804502F8:@786
8044E8DC:@7883
803B9340:@7884
803CB738:@789
803C9B30:@79
80450300:@791
8044C5BC:@7914
8044C5C0:@7915
8044C5C4:@7916
8044C5C8:@7917
8044C5CC:@7918
8044C5E8:@7925
8044C5EC:@7926
8044F530:@793
8044F538:@794
8044E0FC:@7944
8044E104:@7946
8044E108:@7947
8044E10C:@7948
8044E110:@7949
8044E118:@7963
8044CE8C:@7977
8041EA90:@7984
8041EA9C:@7987
8041EAA8:@7988
8041EAB4:@7989
8044F540:@799
803B544C:@7995
803BA948:@7997
803BA910:@7998
803BA8D4:@7999
8044F548:@800
803BA8A4:@8000
803BA850:@8001
8044F550:@801
8044D83C:@8015
8044D840:@8016
8044D844:@8017
8044D848:@8018
8044D84C:@8019
8044D850:@8020
8044D854:@8021
8044D858:@8022
8044D85C:@8023
8044F5C0:@803
803B5458:@8074
8044E9F4:@8113
8044D860:@8127
8044CE90:@8130
8044CE94:@8131
8044D864:@8163
8044CA84:@8178
8044CA88:@8179
8044CA8C:@8180
8044CA90:@8181
8044CA94:@8182
8044CA98:@8183
8044CA9C:@8184
8044CAA0:@8185
8044CAA4:@8186
8044CAA8:@8187
8044CAAC:@8188
8044CAB0:@8189
8042B2BC:@819
8044CAB4:@8190
8044CAB8:@8191
8044CABC:@8192
8044CAC0:@8193
8044CAC4:@8194
8044CAC8:@8195
8044CACC:@8196
8044CAD0:@8197
8044CAD4:@8198
8044CAD8:@8199
8044CADC:@8200
8044CAE0:@8201
8044CAE4:@8202
8044CAE8:@8203
8044CAEC:@8204
8044CAF0:@8205
8044CAF4:@8206
8044CAF8:@8207
8044CAFC:@8208
8044CB00:@8209
8044CB04:@8210
8044CB08:@8211
8044CB0C:@8212
8044CB10:@8213
8044CB14:@8214
8044CB18:@8215
8044CB1C:@8216
8044CB20:@8217
8044CB24:@8218
8044CB28:@8219
8044F8A8:@822
8044CB2C:@8220
8044CB30:@8221
8044CB34:@8222
8044CB38:@8223
8044CB3C:@8224
8044CB40:@8225
8044CB44:@8226
8037CD14:@8236
80450780:@824
8044C5F0:@8243
8044C5F4:@8244
8044C5F8:@8245
8044C5FC:@8246
8044CE9C:@8248
8044CEA0:@8249
8044E9F8:@8265
8044E9FC:@8266
80450590:@830
803CA978:@831
8044CEA4:@8322
8044CEA8:@8369
8044CEAC:@8370
8044C604:@8392
8044C608:@8393
8044D5D8:@8404
8044D5DC:@8405
8044C60C:@8425
8044C610:@8426
8044DAF4:@8450
8044EA00:@8454
8044EA04:@8455
8044CEB0:@8472
8044CEB4:@8473
8044CEB8:@8501
8044CEBC:@8502
803CAFD8:@851
8044D868:@8529
8044D86C:@8530
803CB148:@856
8042E274:@859
8044DAF8:@8599
8042E280:@863
8044F910:@864
8044DEE0:@8647
8044F914:@865
80450CB0:@8652
80450CB8:@8653
8044CEC0:@8676
8044EA08:@8680
8044EA0C:@8681
803C8DE8:@871
8044CB48:@8722
8044CB4C:@8723
8044CB50:@8724
8044CB54:@8725
8044CB58:@8726
8044CB5C:@8727
8044CB60:@8728
8044CB64:@8729
8044CB68:@8730
8044CB6C:@8731
8044CB70:@8732
8044CB74:@8733
8044CB78:@8734
8044CB7C:@8735
8044CB80:@8736
8044CB84:@8737
8044CB88:@8738
8044CB8C:@8739
8044CB90:@8740
8044CB94:@8741
8044CB98:@8742
8044CB9C:@8743
8044CBA0:@8744
8044CBA4:@8745
8044CBA8:@8746
8044CBAC:@8747
8044CBB0:@8748
8044CBB4:@8749
8044CBB8:@8750
8044CBBC:@8751
8044CBC0:@8752
8044CBC4:@8753
803A6688:@8754
8044CEC4:@8779
8044CEC8:@8780
8044CECC:@8781
8044CED0:@8782
8044CED4:@8783
8044CED8:@8784
8044CEDC:@8785
8044CEE0:@8786
8042E220:@881
8037CD2C:@8840
8044F8F0:@887
804505E0:@889
8044EA10:@8898
8044EA14:@8899
80078584:@88@__dt__11dBgS_LinChkFv
8007859C:@88@__dt__14dBgS_CamLinChkFv
800785CC:@88@__dt__14dBgS_ObjLinChkFv
800785FC:@88@__dt__15dBgS_BombLinChkFv
800785E4:@88@__dt__15dBgS_LinkLinChkFv
80078644:@88@__dt__15dBgS_RopeLinChkFv
80078614:@88@__dt__16dBgS_ArrowLinChkFv
8007865C:@88@__dt__16dBgS_HorseLinChkFv
8007862C:@88@__dt__20dBgS_BoomerangLinChkFv
800785B4:@88@__dt__21dBgS_CamLinChk_NorWtrFv
803BF870:@890
8044EA18:@8900
8044EA1C:@8901
8044EA20:@8902
8044EA24:@8903
8044EA28:@8904
8044EA2C:@8905
8044EA30:@8906
8044EA34:@8907
8044EA38:@8908
8044EA3C:@8909
8044EA40:@8910
8044EA44:@8911
8044EA48:@8912
8044EA4C:@8913
8044EA50:@8914
803B9694:@8915
80450488:@892
8044EA54:@8932
8044EA58:@8933
8044EA5C:@8934
8044EA60:@8935
8044EA64:@8936
803B96B8:@8937
8044C614:@8949
8044FBC8:@895
8044C618:@8950
8044C61C:@8951
8044C620:@8952
8044C624:@8953
803B96DC:@8960
8044DB00:@8970
8044C644:@8972
8041EAF0:@8974
8044DEE4:@8975
8041EAFC:@8977
8041EB08:@8978
8041EB14:@8979
8044F62C:@898
8044DB0C:@8983
8044EA80:@8996
8044EA84:@8997
8044EA88:@8998
8044EA8C:@8999
802BE10C:@8@__dt__11Z2SoundInfoFv
802BE114:@8@getStreamFileEntry__11Z2SoundInfoF10JAISoundID
803CB4A8:@9
80394AC8:@900
8044EA90:@9000
8044EA94:@9001
8044EA98:@9002
8044EA9C:@9003
8044EAA0:@9004
8044EAA4:@9005
8044EAA8:@9006
8044EAAC:@9007
8044EAB0:@9008
8044EAB4:@9009
80394AD4:@901
8044EAB8:@9010
8044EABC:@9011
8044EAC0:@9012
803B9700:@9013
80394AE0:@902
80450538:@903
8038ECE0:@9035
8044CEE4:@9053
8044CEE8:@9054
8044EB34:@9090
8044EB38:@9091
8044CEEC:@9138
8044F3A4:@914
803BF888:@916
804505C0:@922
8044DEE8:@9254
8044DEEC:@9255
8044DEF0:@9256
8044DEF4:@9257
8044DEF8:@9258
8044DEFC:@9259
8042B540:@930
8042B558:@932
8042B564:@933
803C7080:@938
8044CC00:@9409
8044CC08:@9411
8044CC0C:@9412
8044CC10:@9413
8044CC14:@9414
8044CC18:@9415
8044CC68:@9435
8044CC6C:@9436
8044CC70:@9437
8044CC74:@9438
8044CC78:@9439
8044CC7C:@9440
8044CC80:@9441
8041EB50:@9457
8041EB5C:@9460
8041EB68:@9461
8041EB74:@9462
8041EB80:@9463
8041EB8C:@9464
8041EB98:@9465
8041EBA4:@9466
8041EBB0:@9467
8041EBC8:@9469
8041EBD4:@9470
8041EBE0:@9471
803C796C:@951
8044F6CC:@952
8044F6D0:@954
803CB77C:@956
8044FB88:@963
8044FB8C:@964
8044FB90:@965
8044CEF0:@9652
8044FB94:@966
8044FB98:@967
8044DF00:@9676
8044DF04:@9677
8044FB9C:@968
8044F7EC:@970
8044F7F0:@971
8044F7F4:@972
8044DF08:@9722
8044DF0C:@9723
8044DF10:@9724
8044DF14:@9725
8044DF18:@9726
8044DF1C:@9727
8044DF20:@9728
803C19C4:@974
80450560:@975
803C19A4:@977
8044DF24:@9779
8044DF28:@9780
8044DF2C:@9781
8044D8B0:@9788
8044CC84:@9798
8044CC88:@9799
8044CC8C:@9800
8044CC90:@9801
80426AE0:@9808
8037CEE8:@9811
8037CF4C:@9812
8044CEF4:@9828
8044C694:@9885
8044C698:@9886
8044C69C:@9887
8044C6A0:@9888
8044C6A4:@9889
8042E3D8:@989
8044F788:@990
8044C6A8:@9902
8044C6AC:@9903
8044C6B0:@9904
8044F3A8:@991
803C8D28:@992
803C8D34:@993
8041F910:@9946
803C8D58:@996
803C8D64:@997
8044D5E0:@9971
8044AC18:@wstringBase0
803523D0:AIGetDSPSampleRate
803522E0:AIGetStreamPlayState
803524B8:AIGetStreamSampleRate
803524E4:AIGetStreamVolLeft
80352510:AIGetStreamVolRight
80352520:AIInit
80352150:AIInitDMA
8035210C:AIRegisterDMACallback
803522F0:AISetDSPSampleRate
80352208:AISetStreamPlayState
803524C8:AISetStreamVolLeft
803524F4:AISetStreamVolRight
803521D8:AIStartDMA
803521F0:AIStopDMA
803751B4:AMC_IsStub
80352B60:ARAlloc
80352A34:ARGetDMAStatus
80352C8C:ARGetSize
80352BC8:ARInit
80354700:ARQInit
80354770:ARQPostRequest
803529F0:ARRegisterDMACallback
80352A70:ARStartDMA
8042C120:AUDIO_YIELD_BUFFER
802734FC:Abs__7cSAngleCFv
803B47B0:ActionNames$16655
80073774:ActionTarget__12dAttention_cFl
80273FD8:Adjust<f>__6cAngleFfff
80446A00:AlarmForBreak
804469D8:AlarmForTimeout
804469B0:AlarmForWA
80349EB4:AlarmHandlerForTimeout
80016704:AlarmHandler__FP7OSAlarmP9OSContext
8044B778:AlarmQueue
8044AB6C:AnalogMode
803CD4C0:ArchiveHeapCheck
8044B760:AreWeInitialized
8044B78C:ArenaEnd
8044B788:ArenaStart
80182CC0:Arg0__11dCamParam_cFUc
80182C9C:Arg0__11dCamParam_cFv
80182CB8:Arg1__11dCamParam_cFUc
80182C94:Arg1__11dCamParam_cFv
80182CAC:Arg2__11dCamParam_cFs
80182C88:Arg2__11dCamParam_cFv
80075C34:ArrowStickCallBack__4dBgSFRC13cBgS_PolyInfoP10fopAc_ac_cR4cXyz
8044AD60:AssertHeap
8044B8CC:AutoFinishing
8044A9A3:BATTLE_BGM_WAIT_TIME__7Z2Param
80446A40:BB2
8044F278:BEVEL2D_OUTCODE0
8044F27C:BEVEL2D_OUTCODE1
8044F2A0:BEVEL2D_OUTCODE10
8044F2A4:BEVEL2D_OUTCODE11
8044F280:BEVEL2D_OUTCODE2
8044F284:BEVEL2D_OUTCODE3
8044F288:BEVEL2D_OUTCODE4
8044F28C:BEVEL2D_OUTCODE5
8044F290:BEVEL2D_OUTCODE6
8044F294:BEVEL2D_OUTCODE7
8044F298:BEVEL2D_OUTCODE8
8044F29C:BEVEL2D_OUTCODE9
8044F2A8:BEVEL3D_OUTCODE0
8044F2AC:BEVEL3D_OUTCODE1
8044F2B0:BEVEL3D_OUTCODE2
8044F2B4:BEVEL3D_OUTCODE3
8044F2B8:BEVEL3D_OUTCODE4
8044F2BC:BEVEL3D_OUTCODE5
8044F2C0:BEVEL3D_OUTCODE6
8044F2C4:BEVEL3D_OUTCODE7
8044A9A1:BGM_CROSS_FADEIN_TIME__7Z2Param
8044A9A2:BGM_CROSS_FADEOUT_TIME__7Z2Param
8044B744:BI2DebugFlag
8044B748:BI2DebugFlagHolder
8044F260:BPCP_OUTCODE0
8044F264:BPCP_OUTCODE1
8044F270:BPCP_OUTCODE2
8044F274:BPCP_OUTCODE3
8044F268:BPCP_OUTCODE4
8044F26C:BPCP_OUTCODE5
801829F8:Bank__9dCamera_cFv
8044B82C:BarnacleEnabled
8044B9A4:BarrelBits
8042AEDC:BaseXYZ__4cXyz
8042AE94:BaseXY__4cXyz
8042AEAC:BaseXZ__4cXyz
8042AE4C:BaseX__4cXyz
8042AEC4:BaseYZ__4cXyz
8042AE64:BaseY__4cXyz
8042AE7C:BaseZ__4cXyz
800797B0:BlckConnect__4cBgWFPUsPii
80357620:BlockReadCallback
80357760:BlockWriteCallback
8044BA9C:BreakPointCB
8044B870:Breaking
80358D90:CARDCheck
80358800:CARDCheckExAsync
8035A550:CARDClose
8035A8F4:CARDCreate
8035A6D4:CARDCreateAsync
8035A0BC:CARDFormat
8035616C:CARDFreeBlocks
803563A4:CARDGetFastMode
8035B5F4:CARDGetSerialNo
8035B324:CARDGetStatus
80355F64:CARDInit
80359790:CARDMount
803595F0:CARDMountAsync
8035A434:CARDOpen
80358EB0:CARDProbe
80358EE8:CARDProbeEx
8035AD68:CARDRead
8035AC24:CARDReadAsync
8035B5AC:CARDSetStatus
8035B438:CARDSetStatusAsync
80359874:CARDUnmount
8035B0E4:CARDWrite
8035AFD0:CARDWriteAsync
80374D90:CBGetBytesAvailableForRead
8044B428:CH_BUF__6JASDsp
8044BE84:CLOSE_ACCEL__7daDsh_c
8044A9A6:CLOSE_BATTLE_TRACK_FI_TIME__7Z2Param
8044A9A7:CLOSE_BATTLE_TRACK_FO_TIME__7Z2Param
8044BE90:CLOSE_BOUND_RATIO__7daDsh_c
8044BE8C:CLOSE_BOUND_SPEED__7daDsh_c
8044BE88:CLOSE_SPEED__7daDsh_c
8044F874:COMP_BLOCKBYTES$332
8044F86C:COMP_BLOCKSAMPLES$331
8039D040:COPYDATE_STRING__7mDoMain
8044BA94:CPGPLinked
8044BA88:CPUFifo
8037CBC8:CQ_patt__12dVibration_c
8037CB20:CS_patt__12dVibration_c
80394D20:CUTOFF_TO_IIR_TABLE__7JASCalc
80349180:C_MTXLightOrtho
803490B4:C_MTXLightPerspective
80348F28:C_MTXLookAt
80349494:C_MTXOrtho
803493C4:C_MTXPerspective
80349910:C_QUATRotAxisRad
8034999C:C_QUATSlerp
8034968C:C_VECHalfAngle
80349764:C_VECReflect
802663F4:CalcAabBox__12cCcD_CpsAttrFv
80266798:CalcAabBox__12cCcD_CylAttrFv
80266B10:CalcAabBox__12cCcD_SphAttrFv
80266034:CalcAabBox__12cCcD_TriAttrFv
80267FE4:CalcArea__4cCcSFv
80084864:CalcAtVec__8dCcD_CpsFv
80271254:CalcCenter__8cM3dGAabCFP4cXyz
8007E720:CalcDiffShapeAngleY__9dBgW_BaseFs
80265AD0:CalcDivideInfoOverArea__15cCcD_DivideAreaFP15cCcD_DivideInfoRC8cM3dGAab
80265904:CalcDivideInfo__15cCcD_DivideAreaFP15cCcD_DivideInfoRC8cM3dGAabUl
80077328:CalcMovePosWork__9dBgS_AcchFv
80086794:CalcParticleAngle__4dCcSFP12dCcD_GObjInfP9cCcD_SttsP9cCcD_SttsP5csXyz
800795A4:CalcPlane__4cBgWFv
80271780:CalcPos__8cM3dGLinCFP3Vecf
80174EF0:CalcSubjectAngle__9dCamera_cFPsPs
801A4E50:CalcTevColor__18dScnKy_env_light_cFv
802677D0:CalcTgPlusDmg__4cCcSFP8cCcD_ObjP8cCcD_ObjP9cCcD_SttsP9cCcD_Stts
800861F0:CalcTgPlusDmg__4dCcSFP8cCcD_ObjP8cCcD_ObjP9cCcD_SttsP9cCcD_Stts
80084894:CalcTgVec__8dCcD_CpsFv
80163080:CalcTrimSize__9dCamera_cFv
8007707C:CalcWallBmdCyl__9dBgS_AcchFv
80075F88:CalcWallRR__12dBgS_AcchCirFv
8007736C:CalcWallRR__9dBgS_AcchFv
8015E2B8:CalcZBuffer__9dInsect_cFf
80097AAC:Calc__14d2DBSplinePathFP4cXyz
80097B60:Calc__14d2DBSplinePathFPf
8007E4B4:CallArrowStickCallBack__4dBgWFP10fopAc_ac_cP10fopAc_ac_cR4cXyz
8007E71C:CallArrowStickCallBack__9dBgW_BaseFP10fopAc_ac_cP10fopAc_ac_cR4cXyz
8007E484:CallRideCallBack__4dBgWFP10fopAc_ac_cP10fopAc_ac_c
8007E718:CallRideCallBack__9dBgW_BaseFP10fopAc_ac_cP10fopAc_ac_c
8044B8DC:CancelCallback
8044B8E4:CancelLastError
8044B8D8:Canceling
8007DA44:CaptPolyGrpRp__4dBgWFR13dBgS_CaptPolyii
8007D928:CaptPolyRp__4dBgWFR13dBgS_CaptPolyi
8007DB38:CaptPoly__4dBgWFR13dBgS_CaptPoly
8007FF5C:CaptPoly__8dBgWKColFR13dBgS_CaptPoly
803CBFE0:CardData
8034B880:CategorizeError
80181EE4:Center__9dCamera_cFv
80157FB4:ChairCreate__10daNpcCd2_cFf
8044B820:Chan
80161540:ChangeModeOK__9dCamera_cFl
80088614:Change__11dCamParam_cFl
80182D38:ChargeBRatio__11dCamSetup_cFv
80182D48:ChargeLatitude__11dCamSetup_cFv
80182D40:ChargeTimer__11dCamSetup_cFv
80037B78:CheckFieldItemCreateHeap__FP10fopAc_ac_c
80182C04:CheckFlag2__11dCamSetup_cFUs
80182D00:CheckFlag__11dCamParam_cFUs
80182C1C:CheckFlag__11dCamSetup_cFUs
80005728:CheckHeap1__9HeapCheckFv
8000578C:CheckHeap__FUl
80037B0C:CheckItemCreateHeap__FP10fopAc_ac_c
80088958:CheckLatitudeRange__11dCamSetup_cFPs
800737CC:CheckObjectTarget__12dAttention_cFl
8006FE9C:CheckQuake__12dVibration_cFv
80037C24:CheckShopItemCreateHeap__FP10fopAc_ac_c
80344300:CheckThreadQueue
8044B99C:CheckingBits
80084300:ChkAtHit__12dCcD_GObjInfFv
8008441C:ChkAtNoGuard__12dCcD_GObjInfFv
80268238:ChkAtTgHitAfterCross__4cCcSFbbPC12cCcD_GObjInfPC12cCcD_GObjInfP9cCcD_SttsP9cCcD_SttsP10cCcD_GSttsP10cCcD_GStts
800861F4:ChkAtTgHitAfterCross__4dCcSFbbPC12cCcD_GObjInfPC12cCcD_GObjInfP9cCcD_SttsP9cCcD_SttsP10cCcD_GSttsP10cCcD_GStts
80087370:ChkAtTgMtrlHit__4dCcSFUcUc
80267370:ChkAtTg__4cCcSFv
8026A5DC:ChkBgIndex__13cBgS_PolyInfoCFv
80086DCC:ChkCamera__4dCcSFR4cXyzR4cXyzfP10fopAc_ac_cP10fopAc_ac_cP10fopAc_ac_c
80084698:ChkCoHit__12dCcD_GObjInfFv
80267660:ChkCo__4cCcSFv
80083788:ChkEffCounter__22dCcD_GAtTgCoCommonBaseFv
80077420:ChkGndThinCellingOff__9dBgS_AcchFv
80141450:ChkGroundHit__9dBgS_AcchCFv
80075110:ChkGrpInf__4dBgSFRC13cBgS_PolyInfoUl
8007B11C:ChkGrpThrough__4cBgWFiP15cBgS_GrpPassChki
8007E418:ChkGrpThrough__4dBgWFiP15cBgS_GrpPassChki
80077448:ChkLineDown__9dBgS_AcchFv
8007B998:ChkLock__4cBgWCFv
8007E8BC:ChkLock__8dBgWKColCFv
80079F2C:ChkMemoryError__4cBgWFv
8007E710:ChkMemoryError__9dBgW_BaseFv
80074B80:ChkMoveBG_NoDABg__4dBgSFRC13cBgS_PolyInfo
80074AFC:ChkMoveBG__4dBgSFRC13cBgS_PolyInfo
8007B9A4:ChkMoveBg__4cBgWCFv
8007E8C4:ChkMoveBg__8dBgWKColCFv
8007E4F4:ChkMoveFlag__4dBgWCFv
8007E8CC:ChkMoveFlag__8dBgWKColCFv
8026725C:ChkNoHitAtTg__4cCcSFP8cCcD_ObjP8cCcD_Obj
8026758C:ChkNoHitCo__4cCcSFP8cCcD_ObjP8cCcD_Obj
80268230:ChkNoHitGAtTg__4cCcSFPC12cCcD_GObjInfPC12cCcD_GObjInfP10cCcD_GSttsP10cCcD_GStts
8008738C:ChkNoHitGAtTg__4dCcSFPC12cCcD_GObjInfPC12cCcD_GObjInfP10cCcD_GSttsP10cCcD_GStts
80268240:ChkNoHitGCo__4cCcSFP8cCcD_ObjP8cCcD_Obj
80086444:ChkNoHitGCo__4dCcSFP8cCcD_ObjP8cCcD_Obj
80078F44:ChkNoHorse__16dBgS_PolyPassChkFv
8007B988:ChkNotReady__4cBgWCFv
8007E8AC:ChkNotReady__8dBgWKColCFv
80075238:ChkPolyHSStick__4dBgSFRC13cBgS_PolyInfo
800746A0:ChkPolySafe__4cBgSFRC13cBgS_PolyInfo
8007B0E8:ChkPolyThrough__4cBgWFiP16cBgS_PolyPassChk
8007E06C:ChkPolyThrough__4dBgWFiP16cBgS_PolyPassChk
800487F0:ChkPresentEnd__16dEvent_manager_cFv
800D0108:ChkRoofHit__9dBgS_AcchCFv
8026A5AC:ChkSafe__13cBgS_PolyInfoCFPCvUi
8026A00C:ChkSameActorPid__8cBgS_ChkCFUi
8026A528:ChkSetInfo__13cBgS_PolyInfoCFv
8007B0F0:ChkShdwDrawThrough__4cBgWFiP16cBgS_PolyPassChk
8007E3A0:ChkShdwDrawThrough__4dBgWFiP16cBgS_PolyPassChk
8007FF40:ChkShdwDrawThrough__8dBgWKColFP5dBgPc
80085F68:ChkShieldFrontRange__4dCcSFP8cCcD_ObjP8cCcD_ObjiPC4cXyz
80086138:ChkShield__4dCcSFP8cCcD_ObjP8cCcD_ObjP12dCcD_GObjInfP12dCcD_GObjInfPC4cXyz
800844A0:ChkTgHit__12dCcD_GObjInfFv
8026A604:ChkUsed__9cBgW_BgIdCFv
8007743C:ChkWallSort__9dBgS_AcchFv
800858EC:Chk__12dCcMassS_MngFP4cXyzPP10fopAc_ac_cP15dCcMassS_HitInf
80265798:Chk__15cCcD_DivideInfoCFRC15cCcD_DivideInfo
80374D40:CircleBufferInitialize
80374B30:CircleBufferReadBytes
80374C38:CircleBufferWriteBytes
80350388:ClampCircle
8039C2D0:ClampRegion
80350258:ClampStick
800797FC:ClassifyPlane__4cBgWFv
80271128:ClearForMinMax__8cM3dGAabFv
8026A550:ClearPi__13cBgS_PolyInfoFv
80085374:ClearPointer__15dCcMassS_HitInfFv
80085D30:Clear__12dCcMassS_MngFv
80085330:Clear__12dCcMassS_ObjFv
8008368C:ClrActorInfo__22dCcD_GAtTgCoCommonBaseFv
802671C0:ClrAtHitInf__4cCcSFv
80085178:ClrAtHit__12cCcD_GObjInfFv
800842AC:ClrAtHit__12dCcD_GObjInfFv
80266E18:ClrAt__9cCcD_SttsFv
80083968:ClrAt__9dCcD_SttsFv
80078F08:ClrBomb__16dBgS_PolyPassChkFv
80078ECC:ClrCam__16dBgS_PolyPassChkFv
80265D8C:ClrCcMove__9cCcD_SttsFv
8026708C:ClrCoHitInf__4cCcSFv
800851BC:ClrCoHit__12cCcD_GObjInfFv
8008464C:ClrCoHit__12dCcD_GObjInfFv
8007E6DC:ClrDBgWBase__9dBgW_BaseFv
80077410:ClrGndThinCellingOff__9dBgS_AcchFv
800D0114:ClrGroundHit__9dBgS_AcchFv
80266C98:ClrHit__10cCcD_ObjAtFv
80266D18:ClrHit__10cCcD_ObjCoFv
80266CE0:ClrHit__10cCcD_ObjTgFv
80078FE0:ClrIronBall__16dBgS_PolyPassChkFv
80078EE4:ClrLink__16dBgS_PolyPassChkFv
800773E4:ClrMoveBGOnly__9dBgS_AcchFv
8007497C:ClrMoveFlag__4dBgSFv
80078EB4:ClrObj__16dBgS_PolyPassChkFv
80078FC8:ClrStatue__16dBgS_PolyPassChkFv
80267120:ClrTgHitInf__4cCcSFv
80085198:ClrTgHit__12cCcD_GObjInfFv
8008443C:ClrTgHit__12dCcD_GObjInfFv
80266E1C:ClrTg__9cCcD_SttsFv
80083974:ClrTg__9dCcD_SttsFv
80075F54:ClrWallHit__12dBgS_AcchCirFv
8044AB7C:CmdCalibrate
80189C60:CmdExecPaneMove0__14dFile_select_cFv
80446CF0:CmdProbeDevice
8044AB78:CmdReadOrigin
8044AA90:ColorBlack
8044AA94:ColorWhite
80189E74:CommandExec__14dFile_select_cFv
803CD538:CommandHeapCheck
80446970:CommandList
80347098:CompleteTransfer
80341274:Config24MB
803412F4:Config48MB
800745B8:ConvDzb__4cBgSFPv
80083060:CopyBackVtx__6dBgWSvFv
8007AC04:CopyOldMtx__4cBgWFv
80273848:Cos__7cDegreeCFv
80273550:Cos__7cSAngleCFv
8015D9A8:CountTimer__8daItem_cFv
8035A5A4:CreateCallbackFat
800786C8:CreateHeap__16dBgS_MoveBgActorFv
80155ED4:CreateHeap__20daNpcF_MoveBgActor_cFv
80150408:CreateHeap__23daBaseNpc_moveBgActor_cFv
8015B424:CreateInit__8daItem_cFv
801447A8:CreateItemHeap__12daItemBase_cFPCcsssssss
800786D0:Create__16dBgS_MoveBgActorFv
80155EDC:Create__20daNpcF_MoveBgActor_cFv
80150410:Create__23daBaseNpc_moveBgActor_cFv
80085014:CrossAtTg__12cCcD_CpsAttrCFRC12cCcD_AabAttrP4cXyz
80266168:CrossAtTg__12cCcD_CpsAttrCFRC12cCcD_CpsAttrP4cXyz
802661AC:CrossAtTg__12cCcD_CpsAttrCFRC12cCcD_CylAttrP4cXyz
8008501C:CrossAtTg__12cCcD_CpsAttrCFRC12cCcD_PntAttrP4cXyz
802661F0:CrossAtTg__12cCcD_CpsAttrCFRC12cCcD_SphAttrP4cXyz
80266234:CrossAtTg__12cCcD_CpsAttrCFRC12cCcD_TriAttrP4cXyz
80085024:CrossAtTg__12cCcD_CpsAttrCFRC14cCcD_ShapeAttrP4cXyz
80084D08:CrossAtTg__12cCcD_CylAttrCFRC12cCcD_AabAttrP4cXyz
802665AC:CrossAtTg__12cCcD_CylAttrCFRC12cCcD_CpsAttrP4cXyz
802665F8:CrossAtTg__12cCcD_CylAttrCFRC12cCcD_CylAttrP4cXyz
80084D10:CrossAtTg__12cCcD_CylAttrCFRC12cCcD_PntAttrP4cXyz
8026663C:CrossAtTg__12cCcD_CylAttrCFRC12cCcD_SphAttrP4cXyz
80266680:CrossAtTg__12cCcD_CylAttrCFRC12cCcD_TriAttrP4cXyz
80084D18:CrossAtTg__12cCcD_CylAttrCFRC14cCcD_ShapeAttrP4cXyz
80084B8C:CrossAtTg__12cCcD_SphAttrCFRC12cCcD_AabAttrP4cXyz
8026691C:CrossAtTg__12cCcD_SphAttrCFRC12cCcD_CpsAttrP4cXyz
80266968:CrossAtTg__12cCcD_SphAttrCFRC12cCcD_CylAttrP4cXyz
80084B94:CrossAtTg__12cCcD_SphAttrCFRC12cCcD_PntAttrP4cXyz
802669AC:CrossAtTg__12cCcD_SphAttrCFRC12cCcD_SphAttrP4cXyz
802669F0:CrossAtTg__12cCcD_SphAttrCFRC12cCcD_TriAttrP4cXyz
80084B9C:CrossAtTg__12cCcD_SphAttrCFRC14cCcD_ShapeAttrP4cXyz
80084E84:CrossAtTg__12cCcD_TriAttrCFRC12cCcD_AabAttrP4cXyz
80265EB8:CrossAtTg__12cCcD_TriAttrCFRC12cCcD_CpsAttrP4cXyz
80265F88:CrossAtTg__12cCcD_TriAttrCFRC12cCcD_CylAttrP4cXyz
80084E8C:CrossAtTg__12cCcD_TriAttrCFRC12cCcD_PntAttrP4cXyz
80265FC0:CrossAtTg__12cCcD_TriAttrCFRC12cCcD_SphAttrP4cXyz
80265FFC:CrossAtTg__12cCcD_TriAttrCFRC12cCcD_TriAttrP4cXyz
80084E94:CrossAtTg__12cCcD_TriAttrCFRC14cCcD_ShapeAttrP4cXyz
80266E08:CrossAtTg__14cCcD_ShapeAttrCFRC14cCcD_ShapeAttrP4cXyz
8008505C:CrossCo__12cCcD_CpsAttrCFRC12cCcD_AabAttrPf
80266304:CrossCo__12cCcD_CpsAttrCFRC12cCcD_CpsAttrPf
80266354:CrossCo__12cCcD_CpsAttrCFRC12cCcD_CylAttrPf
8008506C:CrossCo__12cCcD_CpsAttrCFRC12cCcD_PntAttrPf
802663A4:CrossCo__12cCcD_CpsAttrCFRC12cCcD_SphAttrPf
80085064:CrossCo__12cCcD_CpsAttrCFRC12cCcD_TriAttrPf
80085074:CrossCo__12cCcD_CpsAttrCFRC14cCcD_ShapeAttrPf
80084D50:CrossCo__12cCcD_CylAttrCFRC12cCcD_AabAttrPf
80266740:CrossCo__12cCcD_CylAttrCFRC12cCcD_CpsAttrPf
802666B8:CrossCo__12cCcD_CylAttrCFRC12cCcD_CylAttrPf
80084D60:CrossCo__12cCcD_CylAttrCFRC12cCcD_PntAttrPf
802666FC:CrossCo__12cCcD_CylAttrCFRC12cCcD_SphAttrPf
80084D58:CrossCo__12cCcD_CylAttrCFRC12cCcD_TriAttrPf
80084D68:CrossCo__12cCcD_CylAttrCFRC14cCcD_ShapeAttrPf
80084BD4:CrossCo__12cCcD_SphAttrCFRC12cCcD_AabAttrPf
80266AB8:CrossCo__12cCcD_SphAttrCFRC12cCcD_CpsAttrPf
80266A28:CrossCo__12cCcD_SphAttrCFRC12cCcD_CylAttrPf
80084BE4:CrossCo__12cCcD_SphAttrCFRC12cCcD_PntAttrPf
80266A74:CrossCo__12cCcD_SphAttrCFRC12cCcD_SphAttrPf
80084BDC:CrossCo__12cCcD_SphAttrCFRC12cCcD_TriAttrPf
80084BEC:CrossCo__12cCcD_SphAttrCFRC14cCcD_ShapeAttrPf
80084EDC:CrossCo__12cCcD_TriAttrCFRC12cCcD_AabAttrPf
80084EEC:CrossCo__12cCcD_TriAttrCFRC12cCcD_CpsAttrPf
80084ED4:CrossCo__12cCcD_TriAttrCFRC12cCcD_CylAttrPf
80084EF4:CrossCo__12cCcD_TriAttrCFRC12cCcD_PntAttrPf
80084ECC:CrossCo__12cCcD_TriAttrCFRC12cCcD_SphAttrPf
80084EE4:CrossCo__12cCcD_TriAttrCFRC12cCcD_TriAttrPf
80084EFC:CrossCo__12cCcD_TriAttrCFRC14cCcD_ShapeAttrPf
80266E10:CrossCo__14cCcD_ShapeAttrCFRC14cCcD_ShapeAttrPf
802710B8:CrossY__8cM3dGAabCFPC4cXyz
800830CC:CrrPosWork__6dBgWSvFP4cXyziii
8007DFC8:CrrPos__4dBgWFRC13cBgS_PolyInfoPvbP4cXyzP5csXyzP5csXyz
80083284:CrrPos__6dBgWSvFRC13cBgS_PolyInfoPvbP4cXyzP5csXyzP5csXyz
80082FCC:CrrPos__8dBgWKColFRC13cBgS_PolyInfoPvbP4cXyzP5csXyzP5csXyz
80076AEC:CrrPos__9dBgS_AcchFR4dBgS
80083838:Ct__10dCcD_GSttsFv
80085624:Ct__12dCcMassS_MngFv
80074324:Ct__4cBgSFv
80266EC4:Ct__4cCcSFv
8007493C:Ct__4dBgSFv
80085F14:Ct__4dCcSFv
80265D34:Ct__9cCcD_SttsFv
80083934:Ct__9dCcD_SttsFv
80446A34:Curr
8044B974:CurrBufAddr
8044B8D4:CurrCommand
80446A60:CurrDiskID
8044B968:CurrTiming
8044B96C:CurrTvMode
8044B480:DARK_SE_FILTER_ON__7Z2Param
8044B481:DARK_SE_LOW_PASS_FILTER_SETTING__7Z2Param
803751BC:DBClose
8044BB14:DBGCallback
803759A4:DBGEXIImm
80375618:DBGHandler
8037581C:DBGRead
803758F8:DBGReadMailbox
80375694:DBGReadStatus
80375740:DBGWrite
80348834:DBInit
803755A0:DBInitComm
8037554C:DBInitInterrupts
803751C0:DBOpen
803488D0:DBPrintf
803754B0:DBQueryData
80375424:DBRead
8044B84C:DBVerbose
803751C4:DBWrite
8044B4E0:DBfoundBlock
8044B4DC:DBfoundOffset
8044B4D8:DBfoundSize
8044B4E4:DBnewFreeBlock
8044B4E8:DBnewUsedBlock
8033DA08:DCEnable
8033DA48:DCFlushRange
8033DAA8:DCFlushRangeNoSync
8033DA1C:DCInvalidateRange
8033DA78:DCStoreRange
8033DAD4:DCStoreRangeNoSync
8033DB00:DCZeroRange
8044A92C:DISTANCE_FX_PARAM__7Z2Param
8044A918:DISTANCE_MAX__7Z2Param
8033D514:DLInsert
8029F398:DMACallback__14JASAudioThreadFv
8033DE2C:DMAErrorHandler
803EB090:DMC
8044ADE8:DMC_initialized
8044A928:DOLBY_BEHIND_DISTANCE_MAX__7Z2Param
8044A920:DOLBY_CENTER_VALUE__7Z2Param
8044A924:DOLBY_FLONT_DISTANCE_MAX__7Z2Param
803954C0:DSPADPCM_FILTER__6JASDsp
802A0EE0:DSPAddPriorTask__FP15STRUCT_DSP_TASK
802A0E40:DSPAddTask
80354918:DSPAssertInt
8029F3EC:DSPCallback__14JASAudioThreadFPv
803548DC:DSPCheckMailFromDSP
803548CC:DSPCheckMailToDSP
80354958:DSPInit
803C95D0:DSPInitCode
80395500:DSPRES_FILTER__6JASDsp
803548EC:DSPReadMailFromDSP
802A0920:DSPReleaseHalt2__FUl
802A0C20:DSPSendCommands2__FPUlUlPFUs_v
80354904:DSPSendMailToDSP
802A0700:DSPSyncCallback__9JASDriverFv
802A04EC:DSP_CreateMap2__FUl
8044A908:DSP_MIXERLEVEL
8044B44C:DSP_prior_task
8034D9EC:DVDCancel
8034D770:DVDCancelAsync
8034D448:DVDCancelStreamAsync
8034B190:DVDChangeDir
8034DAC4:DVDCheckDisk
8034ADF4:DVDClose
8034B580:DVDCloseDir
8034E0A0:DVDCompareDiskID
8034AF78:DVDConvertEntrynumToPath
8034A9C4:DVDConvertPathToEntrynum
8034ACB8:DVDFastOpen
8034D618:DVDGetCommandBlockStatus
8034B0CC:DVDGetCurrentDir
8034DABC:DVDGetCurrentDiskID
8034D664:DVDGetDriveStatus
8034B58C:DVDInit
8044B8FC:DVDInitialized
8034D504:DVDInquiryAsync
8034A788:DVDLowAudioBufferConfig
8034A664:DVDLowAudioStream
8034A8E0:DVDLowBreak
8034A8F4:DVDLowClearCallback
8034A5C8:DVDLowInquiry
8034A0B4:DVDLowRead
8034A40C:DVDLowReadDiskID
8034A6FC:DVDLowRequestAudioStatus
8034A53C:DVDLowRequestError
8034A824:DVDLowReset
8034A34C:DVDLowSeek
8034A4B0:DVDLowStopMotor
8034A3E0:DVDLowWaitCoverClose
8034AD2C:DVDOpen
8034B41C:DVDOpenDir
8034D2A4:DVDReadAbsAsyncForBS
8034D1C8:DVDReadAbsAsyncPrio
8034B1F0:DVDReadAsyncPrio
8034B4DC:DVDReadDir
8034D374:DVDReadDiskID
8034B2E0:DVDReadPrio
8034D5D4:DVDReset
8034D720:DVDResume
8034D710:DVDSetAutoInvalidation
8018A5B0:DataCopyWait2__14dFile_select_cFv
8018A51C:DataCopyWait__14dFile_select_cFv
8018A048:DataEraseWait2__14dFile_select_cFv
80189FB4:DataEraseWait__14dFile_select_cFv
8037C3F8:DataFileName__29@unnamed@d_event_manager_cpp@
803B4C4C:DataSelProc
8044AD64:DbPrintHeap
8044B810:Debug_BBA
80005D4C:Debug_console__FUl
8033D1F4:DecrementerExceptionCallback
8033D424:DecrementerExceptionHandler
8041F56C:DefaultGap$10515
8041F524:DefaultGap$5851
8041F53C:DefaultGap$6755
8041F554:DefaultGap$7363
80342F40:DefaultSwitchThreadCallback
803CC1E0:DefaultTexData
804460D0:DefaultThread
80273460:Degree__7cSAngleCFv
80144770:DeleteBase__12daItemBase_cFPCc
800786E8:Delete__16dBgS_MoveBgActorFv
80155EE4:Delete__20daNpcF_MoveBgActor_cFv
80150418:Delete__23daBaseNpc_moveBgActor_cFv
8044B824:Dev
8044AB3C:DmaCommand
80359064:DoMount
803597D8:DoUnmount
802AB43C:Do_create__Q38JMessage18TResourceContainer10TCResourceFv
802AB488:Do_destroy__Q38JMessage18TResourceContainer10TCResourceFPQ28JMessage9TResource
803572FC:DoneCallback
803EEFB4:DoorInfo
8044B7E4:Down
800872EC:DrawAfter__4dCcSFv
80144BE0:DrawBase__12daItemBase_cFv
80268160:DrawClear__4cCcSFv
8044BAB0:DrawDone
8044BAAC:DrawDoneCB
80072C14:Draw__12dAttention_cFv
801825AC:Draw__14dCamForcusLineFv
800786E0:Draw__16dBgS_MoveBgActorFv
80155EF4:Draw__20daNpcF_MoveBgActor_cFv
80150428:Draw__23daBaseNpc_moveBgActor_cFv
80087310:Draw__4dCcSFv
80084C30:Draw__8cCcD_ObjFRC8_GXColor
801631A0:Draw__9dCamera_cFv
80445BC0:DriveBlock
80445BA0:DriveInfo
802A0A20:DsetMixerLevel__Ff
802A09A0:DsetupTable__FUlUlUlUlUl
803B4604:Dsp$13137
802A0B60:DspBoot__FPFPv_v
802A0DC0:DspFinishWork__FUs
802A0B20:DspHandShake__FPv
802A0D20:DspInitWork__Fv
802A0D60:DspStartWork__FUlPFUs_v
802A13C0:Dsp_Running_Check__Fv
802A13E0:Dsp_Running_Start__Fv
802A1340:Dsp_Update_Request__Fv
802A1280:DsyncFrame2__FUlUlUl
802A0A60:DsyncFrame2ch__FUlUlUl
802A12E0:DsyncFrame3__FUlUlUlUlUl
802A0AC0:DsyncFrame4ch__FUlUlUlUlUl
80074378:Dt__4cBgSFv
80266F90:Dt__4cCcSFv
8007495C:Dt__4dBgSFv
80085F48:Dt__4dCcSFv
80446A80:DummyCommandBlock
80356670:DummyLen
803D9120:DvdErr_stack
803D8E00:DvdErr_thread
80376AE8:DynamicNameTable
8044A9AB:ENDING_BLOW_MIN_FINISH_TIME__7Z2Param
8044A9A8:ENDING_BLOW_VOL_DOWN_TIME__7Z2Param
8044A9AA:ENDING_BLOW_VOL_LOWER_RECOVER_TIME__7Z2Param
8044A9A9:ENDING_BLOW_VOL_LOWER_TIME__7Z2Param
8044B47C:ENEMY_LASTHIT_MUTE_VOLUME__7Z2Param
800116B4:ERROR_EXIT__15mDoExt_McaMorf2Fv
80375190:EXI2_EnableInterrupts
8037518C:EXI2_Init
80375194:EXI2_Poll
8037519C:EXI2_ReadN
803751AC:EXI2_Reserve
803751B0:EXI2_Unreserve
803751A4:EXI2_WriteN
80345B3C:EXIAttach
803457D0:EXIClearInterrupts
80345E30:EXIDeselect
80345C48:EXIDetach
80345498:EXIDma
803466D4:EXIGetID
80346694:EXIGetState
8034519C:EXIImm
803453F8:EXIImmEx
803462F0:EXIInit
8044BB24:EXIInputFlag
80345F40:EXIIntrruptHandler
803464C4:EXILock
80345A08:EXIProbe
80345A88:EXIProbeEx
80345D04:EXISelect
80345818:EXISetExiCallback
80345584:EXISync
803465B8:EXIUnlock
80346220:EXTIntrruptHandler
804466B0:Ecb
801A4F24:Eflight_flush_proc__18dScnKy_env_light_cFv
803742A0:EnableEXI2Interrupts
8037400C:EnableMetroTRKInterrupts
8044B828:Enabled
8044B98C:EnabledBits
80088BFC:EndEventCamera__9dCamera_cFi
8039CD68:EndofProgramInstruction$162
80071D00:EnemyDistance__12dAttention_cFP10fopAc_ac_c
8018A328:ErasePaneMoveOk2__14dFile_select_cFv
8018A1E0:ErasePaneMoveOk__14dFile_select_cFv
802DF070:Erase__Q27JGadget13TNodeLinkListFPQ27JGadget13TLinkListNode
8034DF08:ErrorCode2Num
8018A9AC:ErrorMsgPaneMove__14dFile_select_cFv
803CB7E8:ErrorTable
8019631C:EventRecoverNotime__16ShopCam_action_cFv
80180A8C:EventRecoverNotime__9dCamera_cFv
800786D8:Execute__16dBgS_MoveBgActorFPPA3_A4_f
80155EEC:Execute__20daNpcF_MoveBgActor_cFPPA3_A4_f
80150420:Execute__23daBaseNpc_moveBgActor_cFPPA3_A4_f
800473FC:Experts__16dEvent_manager_cFv
803403AC:ExternalInterruptHandler
80181EB0:Eye__9dCamera_cFv
8044B978:FBSet
8044F6F0:FILTER_MODE_IIR__6JASDsp
8044A9A4:FOUND_TRACK_FI_TIME__7Z2Param
8044A9A5:FOUND_TRACK_FO_TIME__7Z2Param
8044B42C:FX_BUF__6JASDsp
8044B8D0:FatalErrorFlag
8044B908:FatalFunc
80446F40:FifoObj
8025B2BC:FileSelectClose__10dScnName_cFv
8025B214:FileSelectMainNormal__10dScnName_cFv
8025B1D0:FileSelectMain__10dScnName_cFv
8025B16C:FileSelectOpen__10dScnName_cFv
8044BAB4:FinishQueue
8044AB18:FirstRead
8044B8F4:FirstTimeInBootrom
80182CD8:Flag__11dCamParam_cFlUs
8044B7A0:FontDataAnsi
8044B7A4:FontDataSjis
8044AAF0:FontEncode
801815E8:ForceLockOff__9dCamera_cFP10fopAc_ac_c
801815AC:ForceLockOff__9dCamera_cFUi
80181580:ForceLockOn__9dCamera_cFP10fopAc_ac_c
802737AC:Formal__7cDegreeFv
80273CE0:Formal__7cSGlobeFv
802738C8:Formal__7cSPolarFv
80359920:FormatCallback
80016F2C:FormatSync__15mDoMemCd_Ctrl_cFv
80182CC8:Fovy__11dCamParam_cFUc
80182CA4:Fovy__11dCamParam_cFv
800793E4:FreeArea__4cBgWFv
8044B89C:FstStart
8044B8A0:FstStringStart
8036344C:GDFlushCurrToMem
80363434:GDInitGDLObj
80363570:GDOverflowed
80363478:GDPadCurr32
80363B9C:GDSetArray
80363DA8:GDSetArrayRaw
803635A0:GDSetVtxDescv
802D04A0:GFSetBlendModeEtc__F12_GXBlendMode14_GXBlendFactor14_GXBlendFactor10_GXLogicOpUcUcUc
802D02F0:GFSetChanAmbColor__F12_GXChannelID8_GXColor
802D0338:GFSetFog__F10_GXFogTypeffff8_GXColor
802D0264:GFSetGenMode2__FUcUcUcUc11_GXCullMode
802D056C:GFSetTevColorS10__F11_GXTevRegID11_GXColorS10
802D0540:GFSetZMode__FUc10_GXCompareUc
8044BA8C:GPFifo
8035E530:GXAbortFrame
8035EC00:GXBegin
8035CA44:GXCPInterruptHandler
8036238C:GXCallDisplayList
8035FA94:GXClearBoundingBox
80363360:GXClearGPMetric
8035DA28:GXClearVtxDesc
8035F7A0:GXCopyDisp
8035F908:GXCopyTex
803CC2D0:GXDefaultProjData
803CC200:GXDefaultVATList
8035E790:GXDrawDone
8035EDD8:GXEnableTexOffsets
803CC678:GXEurgb60Hz480IntDf
8035EA8C:GXFinishInterruptHandler
8035E368:GXFlush
8035D344:GXGetCPUFifo
8035D33C:GXGetCurrentGXThread
8035D074:GXGetFifoBase
8035D07C:GXGetFifoSize
8035D34C:GXGetGPFifo
8035D024:GXGetGPStatus
8035F178:GXGetNumXfbLines
803626A0:GXGetProjectionv
803629E4:GXGetScissor
803600B8:GXGetTexBufferSize
803606F4:GXGetTexObjFmt
803606E4:GXGetTexObjHeight
80360714:GXGetTexObjMipMap
8036072C:GXGetTexObjTlut
803606D4:GXGetTexObjWidth
803606FC:GXGetTexObjWrapS
80360708:GXGetTexObjWrapT
80362948:GXGetViewportv
8035F208:GXGetYScaleFactor
8035BB0C:GXInit
8035CB78:GXInitFifoBase
8035CC54:GXInitFifoLimits
8035CBE4:GXInitFifoPtrs
8035FACC:GXInitLightAttn
8035FD74:GXInitLightColor
8035FD58:GXInitLightDir
8035FC78:GXInitLightDistAttn
8035FD48:GXInitLightPos
8035FAE8:GXInitLightSpot
803609D4:GXInitTexCacheRegion
803602DC:GXInitTexObj
80360528:GXInitTexObjCI
80360570:GXInitTexObjLOD
80360904:GXInitTlutObj
80360AC8:GXInitTlutRegion
80360B00:GXInvalidateTexAll
8035E008:GXInvalidateVtxCache
8035FD80:GXLoadLightObjImm
80362738:GXLoadNrmMtxImm
803626E8:GXLoadPosMtxImm
803627BC:GXLoadTexMtxImm
803608B0:GXLoadTexObj
80360734:GXLoadTexObjPreLoaded
8036093C:GXLoadTlut
803CC600:GXMpal480IntDf
803CC5C4:GXNtsc480Int
803CC588:GXNtsc480IntDf
8044BA98:GXOverflowSuspendInProgress
803CC63C:GXPal528IntDf
8035E958:GXPeekZ
8035E810:GXPixModeSync
8035E834:GXPokeAlphaMode
8035E848:GXPokeAlphaRead
8035E868:GXPokeAlphaUpdate
8035E880:GXPokeBlendMode
8035E8E4:GXPokeColorUpdate
8035E920:GXPokeDither
8035E8FC:GXPokeDstAlpha
8035E938:GXPokeZMode
803623FC:GXProject
80363370:GXReadXfRasMetric
803CC3AC:GXResetFuncInfo
8035CF28:GXSaveCPUFifo
80361AC0:GXSetAlphaCompare
8036210C:GXSetAlphaUpdate
8035DFC4:GXSetArray
8036208C:GXSetBlendMode
8035D084:GXSetBreakPtCallback
8035CC60:GXSetCPUFifo
8035FDFC:GXSetChanAmbColor
80360008:GXSetChanCtrl
8035FEE4:GXSetChanMatColor
80362A6C:GXSetClipMode
8035EE48:GXSetCoPlanar
803620E0:GXSetColorUpdate
8035F120:GXSetCopyClamp
8035F50C:GXSetCopyClear
8035F584:GXSetCopyFilter
8035EE20:GXSetCullMode
8035D2F0:GXSetCurrentGXThread
80362788:GXSetCurrentMtx
8035EF98:GXSetDispCopyDst
8035F0FC:GXSetDispCopyFrame2Field
8035F78C:GXSetDispCopyGamma
8035EEA0:GXSetDispCopySrc
8035F440:GXSetDispCopyYScale
80362274:GXSetDither
8035E6F8:GXSetDrawDone
8035EA48:GXSetDrawDoneCallback
8035E97C:GXSetDrawSyncCallback
803622A0:GXSetDstAlpha
803622DC:GXSetFieldMask
80362314:GXSetFieldMode
80361D54:GXSetFog
80361F68:GXSetFogRangeAdj
8035CD88:GXSetGPFifo
80362B18:GXSetGPMetric
80361340:GXSetIndTexCoordScale
803611C8:GXSetIndTexMtx
80361484:GXSetIndTexOrder
8035ED58:GXSetLineWidth
8035E2D4:GXSetMisc
8035FFCC:GXSetNumChans
80361570:GXSetNumIndStages
80361D2C:GXSetNumTevStages
8035E298:GXSetNumTexGens
803621A0:GXSetPixelFmt
8035ED98:GXSetPointSize
80362570:GXSetProjection
80362614:GXSetProjectionv
8036296C:GXSetScissor
80362A2C:GXSetScissorBoxOffset
80361704:GXSetTevAlphaIn
803617B0:GXSetTevAlphaOp
80361818:GXSetTevColor
803616C0:GXSetTevColorIn
80361748:GXSetTevColorOp
80361878:GXSetTevColorS10
80361594:GXSetTevDirect
8036115C:GXSetTevIndirect
8036199C:GXSetTevKAlphaSel
803618DC:GXSetTevKColor
80361940:GXSetTevKColorSel
80361634:GXSetTevOp
80361B90:GXSetTevOrder
803619F8:GXSetTevSwapMode
80361A40:GXSetTevSwapModeTable
8035E018:GXSetTexCoordGen2
80360B70:GXSetTexCoordScaleManually
8035EFCC:GXSetTexCopyDst
8035EF1C:GXSetTexCopySrc
80360B48:GXSetTexRegionCallback
80360B5C:GXSetTlutRegionCallback
80362900:GXSetViewport
8035DA60:GXSetVtxAttrFmt
8035DCBC:GXSetVtxAttrFmtv
8035D354:GXSetVtxDesc
8035D5C0:GXSetVtxDescv
8036216C:GXSetZCompLoc
80362138:GXSetZMode
80361B04:GXSetZTexture
8044ABE0:GXTexImage0Ids
8044ABE8:GXTexImage1Ids
8044ABF0:GXTexImage2Ids
8044ABF8:GXTexImage3Ids
8044ABD0:GXTexMode0Ids
8044ABD8:GXTexMode1Ids
803CC2EC:GXTexRegionAddrTable
8044AC00:GXTexTlutIds
8035E9C0:GXTokenInterruptHandler
8044B2C0:G_CM3D_F_ABS_MIN
803CD498:GameHeapCheck
800836C8:GetAc__22dCcD_GAtTgCoCommonBaseFv
80265E78:GetAc__8cCcD_ObjFv
80074658:GetActorPointer__4cBgSCFi
8033F198:GetApploaderPosition
800843E8:GetAtHitGObj__12dCcD_GObjInfFv
80084398:GetAtHitObj__12dCcD_GObjInfFv
8007B840:GetAttackThrough__4dBgWFi
80082E80:GetAttackThrough__8dBgWKColFi
80074668:GetBgWBasePointer__4cBgSCFRC13cBgS_PolyInfo
8007B1A4:GetBnd__4cBgWCFv
8007EB68:GetBnd__8dBgWKColCFv
80074F80:GetCamMoveBG__4dBgSFRC13cBgS_PolyInfo
8007B8BC:GetCamMoveBG__4dBgWFRC13cBgS_PolyInfo
80082EAC:GetCamMoveBG__8dBgWKColFRC13cBgS_PolyInfo
80085EF8:GetCamTopPos__12dCcMassS_MngFP3Vec
80164BB0:GetCameraTypeFromCameraName__9dCamera_cFPCc
80164990:GetCameraTypeFromMapToolID__9dCamera_cFll
80164C5C:GetCameraTypeFromToolData__9dCamera_cFP24stage_camera2_data_class
801829E0:GetCheckObjectCount__12dAttention_cFv
80084D00:GetCoCP__12cCcD_CylAttrCFv
80037A4C:GetCoCP__12cCcD_CylAttrFv
80084B84:GetCoCP__12cCcD_SphAttrCFv
80037A54:GetCoCP__12cCcD_SphAttrFv
80084E78:GetCoCP__14cCcD_ShapeAttrCFv
80084E6C:GetCoCP__14cCcD_ShapeAttrFv
80084730:GetCoHitObj__12dCcD_GObjInfFv
80182A3C:GetCross__11cBgS_LinChkFv
8034FD60:GetCurrentDisplayPosition
80344C74:GetDates
80074BD8:GetExitId__4dBgSFRC13cBgS_PolyInfo
8007B3EC:GetExitId__4dBgWFRC13cBgS_PolyInfo
80082A60:GetExitId__8dBgWKColFRC13cBgS_PolyInfo
8033F87C:GetFontCode
8018154C:GetForceLockOnActor__9dCamera_cFv
80084C24:GetGObjInf__12cCcD_GObjInfCFv
800851E0:GetGObjInf__12cCcD_GObjInfFv
800842A8:GetGObjInf__12dCcD_GObjInfFv
800851E4:GetGObjInf__8cCcD_ObjCFv
80084808:GetGObjInf__8cCcD_ObjFv
80265CC4:GetGStts__9cCcD_SttsCFv
80265CCC:GetGStts__9cCcD_SttsFv
80083890:GetGStts__9dCcD_SttsFv
80074F30:GetGroundCode__4dBgSFRC13cBgS_PolyInfo
8007B7A0:GetGroundCode__4dBgWFRC13cBgS_PolyInfo
80082E24:GetGroundCode__8dBgWKColFRC13cBgS_PolyInfo
800748EC:GetGrpInf__4cBgSCFRC13cBgS_PolyInfo
8007B2F0:GetGrpInf__4cBgWCFRC13cBgS_PolyInfo
8007EB70:GetGrpInf__8dBgWKColCFRC13cBgS_PolyInfo
800775A4:GetGrpPassChkInfo__8dBgS_ChkFv
80074734:GetGrpRoomId__4cBgSCFRC13cBgS_PolyInfo
8007B124:GetGrpRoomIndex__4cBgWCFRC13cBgS_PolyInfo
80082A30:GetGrpRoomIndex__8dBgWKColCFRC13cBgS_PolyInfo
800750C0:GetGrpSoundId__4dBgSFRC13cBgS_PolyInfo
8007DF98:GetGrpSoundId__4dBgWFRC13cBgS_PolyInfo
80082F9C:GetGrpSoundId__8dBgWKColFRC13cBgS_PolyInfo
80074CAC:GetHorseNoEntry__4dBgSFRC13cBgS_PolyInfo
8007B444:GetHorseNoEntry__4dBgWFRC13cBgS_PolyInfo
80082AC0:GetHorseNoEntry__8dBgWKColFRC13cBgS_PolyInfo
8007B81C:GetIronBallThrough__4dBgWFi
80082E54:GetIronBallThrough__8dBgWKColFi
8007B6EC:GetLinkNo__4dBgWFRC13cBgS_PolyInfo
80082D64:GetLinkNo__8dBgWKColFRC13cBgS_PolyInfo
80070884:GetLockonList__12dAttention_cFl
80074D4C:GetMagnetCode__4dBgSFRC13cBgS_PolyInfo
8007B4C8:GetMagnetCode__4dBgWFRC13cBgS_PolyInfo
80082B4C:GetMagnetCode__8dBgWKColFRC13cBgS_PolyInfo
8007B3A0:GetMaskPolyInf0_NoShift__4cBgWCFiUl
8007B7CC:GetMaskPolyInf1_NoShift__4cBgWCFiUl
80271B9C:GetMinMaxCube__8cM3dGSphCFR4cXyzR4cXyz
80074D9C:GetMonkeyBarsCode__4dBgSFRC13cBgS_PolyInfo
8007B4F4:GetMonkeyBarsCode__4dBgWFRC13cBgS_PolyInfo
80082B7C:GetMonkeyBarsCode__8dBgWKColFRC13cBgS_PolyInfo
80182A38:GetNP__8cM3dGPlaFv
80266444:GetNVec__12cCcD_CpsAttrCFRC4cXyzP4cXyz
80266800:GetNVec__12cCcD_CylAttrCFRC4cXyzP4cXyz
80266B9C:GetNVec__12cCcD_SphAttrCFRC4cXyzP4cXyz
802660CC:GetNVec__12cCcD_TriAttrCFRC4cXyzP4cXyz
8007B590:GetPolyArrowThrough__4dBgWFi
80082C30:GetPolyArrowThrough__8dBgWKColFi
80074E90:GetPolyAtt0__4dBgSFRC13cBgS_PolyInfo
8007B744:GetPolyAtt0__4dBgWFRC13cBgS_PolyInfo
80082DC4:GetPolyAtt0__8dBgWKColFRC13cBgS_PolyInfo
80074EE0:GetPolyAtt1__4dBgSFRC13cBgS_PolyInfo
8007B774:GetPolyAtt1__4dBgWFRC13cBgS_PolyInfo
80082DF4:GetPolyAtt1__8dBgWKColFRC13cBgS_PolyInfo
800751DC:GetPolyAttackThrough__4dBgSFRC13cBgS_PolyInfo
8007B620:GetPolyBombThrough__4dBgWFi
80082CE0:GetPolyBombThrough__8dBgWKColFi
8007B5D8:GetPolyBoomerangThrough__4dBgWFi
80082C88:GetPolyBoomerangThrough__8dBgWKColFi
8007B544:GetPolyCamThrough__4dBgWFi
80082BD8:GetPolyCamThrough__8dBgWKColFi
80074C28:GetPolyColor__4dBgSFRC13cBgS_PolyInfo
8007B418:GetPolyColor__4dBgWFRC13cBgS_PolyInfo
80082A90:GetPolyColor__8dBgWKColFRC13cBgS_PolyInfo
8007DF68:GetPolyGrpRoomInfId__4dBgWFRC13cBgS_PolyInfo
80082F6C:GetPolyGrpRoomInfId__8dBgWKColFRC13cBgS_PolyInfo
8007B5B4:GetPolyHSStick__4dBgWFi
80082C5C:GetPolyHSStick__8dBgWKColFi
8007B34C:GetPolyInf0__4cBgWCFiUlUl
8007B694:GetPolyInf1__4cBgWCFiUlUl
8007B864:GetPolyInf2__4cBgWCFiUlUl
8007B334:GetPolyInfId__4cBgWCFi
8007B56C:GetPolyLinkThrough__4dBgWFi
80082C04:GetPolyLinkThrough__8dBgWKColFi
8007B520:GetPolyObjThrough__4dBgWFi
80082BAC:GetPolyObjThrough__8dBgWKColFi
800775A0:GetPolyPassChkInfo__8dBgS_ChkFv
8007B5FC:GetPolyRopeThrough__4dBgWFi
80082CB4:GetPolyRopeThrough__8dBgWKColFi
800863A0:GetRank__4dCcSFUc
80085EF0:GetResultCam__12dCcMassS_MngCFv
80074FD0:GetRoomCamId__4dBgSFRC13cBgS_PolyInfo
8007B8E8:GetRoomCamId__4dBgWFRC13cBgS_PolyInfo
80082EDC:GetRoomCamId__8dBgWKColFRC13cBgS_PolyInfo
80075140:GetRoomId__4dBgSFRC13cBgS_PolyInfo
80075020:GetRoomPathId__4dBgSFRC13cBgS_PolyInfo
8007B918:GetRoomPathId__4dBgWFRC13cBgS_PolyInfo
80082F0C:GetRoomPathId__8dBgWKColFRC13cBgS_PolyInfo
80075070:GetRoomPathPntNo__4dBgSFRC13cBgS_PolyInfo
8007B944:GetRoomPathPntNo__4dBgWFRC13cBgS_PolyInfo
80082F3C:GetRoomPathPntNo__8dBgWKColFRC13cBgS_PolyInfo
80084C28:GetShapeAttr__8cCcD_ObjCFv
80085170:GetShapeAttr__8cCcD_ObjFv
80084854:GetShapeAttr__8dCcD_CpsFv
80084938:GetShapeAttr__8dCcD_CylFv
80084B74:GetShapeAttr__8dCcD_SphFv
800848E4:GetShapeAttr__8dCcD_TriFv
8007B644:GetShdwThrough__4dBgWFi
80082D38:GetShdwThrough__8dBgWKColFi
80074CFC:GetSpecialCode__4dBgSFRC13cBgS_PolyInfo
8007B470:GetSpecialCode__4dBgWFRC13cBgS_PolyInfo
8007B4A0:GetSpecialCode__4dBgWFi
80082AF0:GetSpecialCode__8dBgWKColFRC13cBgS_PolyInfo
80082B20:GetSpecialCode__8dBgWKColFi
80077224:GetSpeedY__9dBgS_AcchFv
80371168:GetTRKConnected
80084588:GetTgHitGObj__12dCcD_GObjInfFv
800845BC:GetTgHitObjSe__12dCcD_GObjInfFv
80084538:GetTgHitObj__12dCcD_GObjInfFv
8019F740:GetTimePass__20dStage_roomControl_cFv
8007B280:GetTopUnder__4cBgWCFPfPf
800829EC:GetTopUnder__8dBgWKColCFPfPf
8007B1BC:GetTrans__4cBgWCFP4cXyz
8007B970:GetTriGrp__4cBgWCFi
80074784:GetTriPla__4cBgSCFRC13cBgS_PolyInfoP8cM3dGPla
8007B2B0:GetTriPla__4cBgWCFRC13cBgS_PolyInfo
8007E8D4:GetTriPla__8dBgWKColCFRC13cBgS_PolyInfo
8007E900:GetTriPla__8dBgWKColCFi
80074830:GetTriPnt__4cBgSCFRC13cBgS_PolyInfoP4cXyzP4cXyzP4cXyz
8007B1F4:GetTriPnt__4cBgWCFRC13cBgS_PolyInfoP4cXyzP4cXyzP4cXyz
8007EA14:GetTriPnt__8dBgWKColCFPC12KC_PrismDataP3VecP3VecP3Vec
8007E9C0:GetTriPnt__8dBgWKColCFRC13cBgS_PolyInfoP4cXyzP4cXyzP4cXyz
8007E9E4:GetTriPnt__8dBgWKColCFiP3VecP3VecP3Vec
80348194:GetTypeCallback
80074DEC:GetUnderwaterRoofCode__4dBgSFRC13cBgS_PolyInfo
8007B670:GetUnderwaterRoofCode__4dBgWFi
80082D0C:GetUnderwaterRoofCode__8dBgWKColFi
80374610:GetUseSerialIO
80077240:GetWallAddY__9dBgS_AcchFR3Vec
800771B8:GetWallAllLowH_R__9dBgS_AcchFv
80077168:GetWallAllLowH__9dBgS_AcchFv
80076FC4:GetWallAllR__9dBgS_AcchFv
80074E40:GetWallCode__4dBgSFRC13cBgS_PolyInfo
8007B718:GetWallCode__4dBgWFRC13cBgS_PolyInfo
80082D94:GetWallCode__8dBgWKColFRC13cBgS_PolyInfo
80265DB4:GetWeightF__9cCcD_SttsCFv
80266FB0:GetWt__4cCcSCFUc
802AB3AC:Get_groupID__Q38JMessage18TResourceContainer10TCResourceFUs
80079404:GlobalVtx__4cBgWFv
80273BE4:Globe__7cSPolarCFP7cSGlobe
80076318:GroundCheckInit__9dBgS_AcchFR4dBgS
80076390:GroundCheck__9dBgS_AcchFR4dBgS
8007AA90:GroundCrossGrpRp__4cBgWFP11cBgS_GndChkii
8007A934:GroundCrossRp__4cBgWFP11cBgS_GndChki
800744E0:GroundCross__4cBgSFP11cBgS_GndChk
8007ABDC:GroundCross__4cBgWFP11cBgS_GndChk
8007F668:GroundCross__8dBgWKColFP11cBgS_GndChk
8007658C:GroundRoofProc__9dBgS_AcchFR4dBgS
801A84F8:GxFogSet_Sub__FP8_GXColor
801A85A8:GxFog_set__Fv
801A8760:GxXFog_set__Fv
80371330:HandleCloseFileSupportRequest
80371418:HandleOpenFileSupportRequest
80371220:HandlePositionFileSupportRequest
803C9D88:HankakuToCode
8044AE08:HeapAdjustEntry__6fopAcM
8044AE09:HeapAdjustUnk__6fopAcM
8044B780:HeapArray
8039D054:HeapCheckTable
8044B290:Heap__3cMl
80037900:HitSeStart__5daObjFPC4cXyziPC12dCcD_GObjInfUl
8044B7F8:HoldDown
8044B7F0:HoldUp
80446C58:HorVer
8044AD7C:HostIOHeap
803CD510:HostioHeapCheck
80375C3C:Hu_IsStub
8033DB70:ICEnable
8033DB60:ICFlashInvalidate
8033DB2C:ICInvalidateRange
8044B818:IDSerialPort1
8044B8BC:IDShouldBe
801F2550:IPLSelect2Disp__12dMenu_save_cFv
801F23E4:IPLSelectDisp1__12dMenu_save_cFv
801F244C:IPLSelectDisp2__12dMenu_save_cFv
804463E8:IdleContext
80445DB8:IdleThread
803CB72C:ImmCommand
803C7A20:IndMtx
8035728C:InitCallback
803739F0:InitMetroTRK
80374338:InitMetroTRKCommTable
80373A88:InitMetroTRK_BBA
80097C9C:Init__10dPathCurveFP5dPath
80074134:Init__11cBgS_ChkElmFv
80079164:Init__12dBgS_RoofChkFv
8006FF44:Init__12dVibration_cFv
800978B8:Init__14d2DBSplinePathFll
80078D4C:Init__14dBgS_SplGrpChkFv
80182514:Init__14dCamForcusLineFv
80265CD4:Init__9cCcD_SttsFiiPvUi
8007620C:Init__9dBgS_AcchFv
800838A0:Init__9dCcD_SttsFiiP10fopAc_ac_c
80374110:InitializeProgramEndTrap
80346DCC:InitializeUART
8044B988:Initialized
80446930:InputBuffer
80446920:InputBufferValid
80446950:InputBufferVcount
8033C3C0:InquiryCallback
8015E0C4:Insect_GetDemoMain__9dInsect_cFv
80110680:Insect_Release__9dInsect_cFv
8033CDA4:InsertAlarm
802DF044:Insert__Q27JGadget13TNodeLinkListFQ37JGadget13TNodeLinkList8iteratorPQ27JGadget13TLinkListNode
802DF328:Insert_raw__Q27JGadget38TVector<Pv,Q27JGadget14TAllocator<Pv>>FPPvUl
8044B7B0:InterruptHandlerTable
803CA898:InterruptPrioTable
80273518:Inv__7cSAngleCFv
80273FAC:Invert__7cSGlobeFv
80358DE4:IsCard
800786F0:IsDelete__16dBgS_MoveBgActorFv
80155EFC:IsDelete__20daNpcF_MoveBgActor_cFv
80150430:IsDelete__23daBaseNpc_moveBgActor_cFv
8044AE5C:IsInitOfLayerList$2308
8044B920:IsInitialized
804493C8:IsTRKConnected
802FA19C:J2DCast_F32_to_S16__7J2DPaneFfUc
802EC084:J2DDrawFrame__FRCQ29JGeometry8TBox2<f>Q28JUtility6TColorUc
802EC038:J2DDrawFrame__FffffQ28JUtility6TColorUc
802EBE34:J2DDrawLine__FffffQ28JUtility6TColori
802EBFA8:J2DFillBox__FRCQ29JGeometry8TBox2<f>Q28JUtility6TColor
802EBF60:J2DFillBox__FffffQ28JUtility6TColor
8030EE4C:J2DGetKeyFrameInterpolation<f>__FfP18J3DAnmKeyTableBasePf
8030EC18:J2DGetKeyFrameInterpolation<s>__FfP18J3DAnmKeyTableBasePs
802F678C:J2DPrint_print_alpha_va
803CD4E8:J2dHeapCheck
80313B0C:J3DCalcBBoardMtx__FPA4_f
803294E4:J3DCalcViewBaseMtx__FPA4_fRC3VecRA3_A4_CfPA4_f
80313BFC:J3DCalcYBBoardMtx__FPA4_f
80054478:J3DDrawBuffer__create__FUl
80312068:J3DFifoLoadNrmMtxImm3x3__FPA3_fUl
80311FFC:J3DFifoLoadNrmMtxImm__FPA4_fUl
8031216C:J3DFifoLoadNrmMtxToTexMtx3x3__FPA3_fUl
803120D4:J3DFifoLoadNrmMtxToTexMtx__FPA4_fUl
80311F7C:J3DFifoLoadPosMtxImm__FPA4_fUl
80312204:J3DFifoLoadTexCached__F11_GXTexMapIDUl15_GXTexCacheSizeUl15_GXTexCacheSize
80326E38:J3DGDLoadPostTexMtxImm__FPA4_fUl
803268B8:J3DGDLoadTexMtxImm__FPA4_fUl13_GXTexMtxType
80310D14:J3DGDLoadTlut__FPvUl11_GXTlutSize
80311E30:J3DGDSetFogRangeAdj__FUcUsP14_GXFogAdjTable
80311ACC:J3DGDSetFog__F10_GXFogTypeffff8_GXColor
8030F6AC:J3DGDSetGenMode_3Param__FUcUcUc
8030F534:J3DGDSetGenMode__FUcUcUcUc11_GXCullMode
803112AC:J3DGDSetIndTexCoordScale__F16_GXIndTexStageID14_GXIndTexScale14_GXIndTexScale14_GXIndTexScale14_GXIndTexScale
80310FCC:J3DGDSetIndTexMtx__F14_GXIndTexMtxIDPA3_fSc
803113A4:J3DGDSetIndTexOrder__FUl13_GXTexCoordID11_GXTexMapID13_GXTexCoordID11_GXTexMapID13_GXTexCoordID11_GXTexMapID13_GXTexCoordID11_GXTexMapID
8030F800:J3DGDSetLightAttn__F10_GXLightIDffffff
8030FAF8:J3DGDSetLightColor__F10_GXLightID8_GXColor
8030FDD4:J3DGDSetLightDir__F10_GXLightIDfff
8030FC08:J3DGDSetLightPos__F10_GXLightIDfff
80311898:J3DGDSetTevColorS10__F11_GXTevRegID11_GXColorS10
80311730:J3DGDSetTevKColor__F14_GXTevKColorID8_GXColor
803115A4:J3DGDSetTevOrder__F13_GXTevStageID13_GXTexCoordID11_GXTexMapID12_GXChannelID13_GXTexCoordID11_GXTexMapID12_GXChannelID
80310500:J3DGDSetTexCoordGen__F13_GXTexGenType12_GXTexGenSrc
803106D0:J3DGDSetTexCoordScale2__F13_GXTexCoordIDUsUcUcUsUcUc
80310A70:J3DGDSetTexImgAttr__F11_GXTexMapIDUsUs9_GXTexFmt
80310BA8:J3DGDSetTexImgPtrRaw__F11_GXTexMapIDUl
80310B18:J3DGDSetTexImgPtr__F11_GXTexMapIDPv
803108D4:J3DGDSetTexLookupMode__F11_GXTexMapID14_GXTexWrapMode14_GXTexWrapMode12_GXTexFilter12_GXTexFilterfffUcUc13_GXAnisotropy
80310C7C:J3DGDSetTexTlut__F11_GXTexMapIDUl10_GXTlutFmt
8030FFA0:J3DGDSetVtxAttrFmtv__F9_GXVtxFmtPC17_GXVtxAttrFmtListb
8044AA5C:J3DGDTexImage0Ids
8044AA64:J3DGDTexImage3Ids
8044AA4C:J3DGDTexMode0Ids
8044AA54:J3DGDTexMode1Ids
8044AA6C:J3DGDTexTlutIds
80313AD4:J3DGQRSetup7__FUlUlUlUl
8032DF70:J3DGetKeyFrameInterpolation<f>__FfP18J3DAnmKeyTableBasePf
8032DD3C:J3DGetKeyFrameInterpolation<s>__FfP18J3DAnmKeyTableBasePs
80314180:J3DGetTextureMtxMayaOld__FRC17J3DTextureSRTInfoPA4_f
803140D0:J3DGetTextureMtxMaya__FRC17J3DTextureSRTInfoPA4_f
8031401C:J3DGetTextureMtxOld__FRC17J3DTextureSRTInfoRC3VecPA4_f
80313F68:J3DGetTextureMtx__FRC17J3DTextureSRTInfoRC3VecPA4_f
80313E00:J3DGetTranslateRotateMtx__FRC16J3DTransformInfoPA4_f
80313EC0:J3DGetTranslateRotateMtx__FsssfffPA4_f
8031734C:J3DLoadArrayBasePtr__F7_GXAttrPv
80317334:J3DLoadCPCmd__FUcUl
803142E8:J3DMtxProjConcat__FPA4_fPA4_fPA4_f
80313D38:J3DPSCalcInverseTranspose__FPA4_fPA3_f
8031440C:J3DPSMtxArrayConcat__FPA4_fPA4_fPA4_fUl
8032EC58:J3DPSWeightMTXMultVecSR__FPA4_ffP3VecP3Vec
8032EBA0:J3DPSWeightMTXMultVec__FPA4_ffP3VecP3Vec
80314294:J3DScaleNrmMtx33__FPA3_fRC3Vec
80314230:J3DScaleNrmMtx__FPA4_fRC3Vec
8044AA7C:J3DTexImage1Ids
8044AA84:J3DTexImage2Ids
8044AAB8:J3DUnit01
802A190C:JAISeCategoryMgr_calc___5JAISeFv
802A1744:JAISeCategoryMgr_mixOut___5JAISeFbRC14JASSoundParams16JAISoundActivity
802A20C8:JAISeMgr_acceptsNewSe___16JAISeCategoryMgrCFUl
802A1E04:JAISeMgr_calc___16JAISeCategoryMgrFv
802A1F70:JAISeMgr_freeDeadSe___16JAISeCategoryMgrFv
802A2358:JAISeMgr_mixOut___16JAISeCategoryMgrFRC18JAISoundParamsMove16JAISoundActivity
802A1A90:JAISeMgr_startID___5JAISeF10JAISoundIDPCQ29JGeometry8TVec3<f>P11JAIAudience
802A34CC:JAISeqMgr_calc___6JAISeqFv
802A393C:JAISeqMgr_mixOut___6JAISeqFRC14JASSoundParams16JAISoundActivity
802A2FA4:JAISeqMgr_startID___6JAISeqF10JAISoundIDPCQ29JGeometry8TVec3<f>P11JAIAudienceii
802A1A08:JAISound_tryDie___5JAISeFv
802A36FC:JAISound_tryDie___6JAISeqFv
802A5C3C:JAISound_tryDie___9JAIStreamFv
802A5CCC:JAIStreamMgr_calc___9JAIStreamFv
802A5924:JAIStreamMgr_mixOut___9JAIStreamFRC14JASSoundParams16JAISoundActivity
802A55DC:JAIStreamMgr_startID___9JAIStreamF10JAISoundIDlPCQ29JGeometry8TVec3<f>P11JAIAudiencei
802A5514:JAIStream_JASAramStreamCallback___FUlP13JASAramStreamPv
8044B350:JASDram
80293394:JASReport__FPCce
802A2EAC:JASTrack_isFreeOrStopped__20@unnamed@JAISeq_cpp@FP8JASTrack
8044A904:JAS_SYSTEM_OUTPUT_MODE__9JASDriver
802A9034:JAUDynamicSeqDataBlocks_receiveLoaded___FUlUl
802A8364:JAUNewSectionHeap__FP12JKRSolidHeapb
802A83DC:JAUNewSectionHeap__Fb
802757D8:JFWDrawDoneAlarm__Fv
802758B4:JFWGXAbortAlarmHandler__FP7OSAlarmP9OSContext
80275200:JFWThreadAlarmHandler__FP7OSAlarmP9OSContext
802D4CCC:JKRDecompressFromAramToMainRam__FUlPvUlUlUlPUl
802DD484:JKRDecompressFromDVDToAram__FP10JKRDvdFileUlUlUlUlUlPUl
802DC680:JKRDecompressFromDVD__FP10JKRDvdFilePvUlUlUlUlPUl
802D0FDC:JKRDefaultMemoryErrorRoutine__FPvUli
8033BD14:JMAEulerToQuat__FsssP10Quaternion
80182A70:JMAFastSqrt__Ff
8033BECC:JMAFastVECNormalize__FPC3VecP3Vec
8033BF20:JMAMTXApplyScale__FPA4_CfPA4_ffff
8033BDD4:JMAQuatLerp__FPC10QuaternionPC10QuaternionfP10Quaternion
8033BEF8:JMAVECScaleAdd__FPC3VecPC3VecP3Vecf
8027D040:JPACalcAlphaAnm__FP18JPAEmitterWorkDataP15JPABaseParticle
8027D0C8:JPACalcAlphaFlickAnm__FP18JPAEmitterWorkDataP15JPABaseParticle
8027D40C:JPACalcChildAlphaOut__FP18JPAEmitterWorkDataP15JPABaseParticle
8027D438:JPACalcChildScaleOut__FP18JPAEmitterWorkDataP15JPABaseParticle
80279738:JPACalcClrIdxMerge__FP18JPAEmitterWorkData
80279744:JPACalcClrIdxMerge__FP18JPAEmitterWorkDataP15JPABaseParticle
802795EC:JPACalcClrIdxNormal__FP18JPAEmitterWorkData
80279618:JPACalcClrIdxNormal__FP18JPAEmitterWorkDataP15JPABaseParticle
802797B4:JPACalcClrIdxRandom__FP18JPAEmitterWorkData
802797C0:JPACalcClrIdxRandom__FP18JPAEmitterWorkDataP15JPABaseParticle
80279640:JPACalcClrIdxRepeat__FP18JPAEmitterWorkData
80279670:JPACalcClrIdxRepeat__FP18JPAEmitterWorkDataP15JPABaseParticle
802796AC:JPACalcClrIdxReverse__FP18JPAEmitterWorkData
802796EC:JPACalcClrIdxReverse__FP18JPAEmitterWorkDataP15JPABaseParticle
802798EC:JPACalcColorCopy__FP18JPAEmitterWorkDataP15JPABaseParticle
80279870:JPACalcEnv__FP18JPAEmitterWorkData
802798B0:JPACalcEnv__FP18JPAEmitterWorkDataP15JPABaseParticle
80282DB4:JPACalcKeyAnmValue__FfUsPCf
802797F4:JPACalcPrm__FP18JPAEmitterWorkData
80279834:JPACalcPrm__FP18JPAEmitterWorkDataP15JPABaseParticle
8027CE44:JPACalcScaleAnmNormal__FP18JPAEmitterWorkDataP15JPABaseParticle
8027CE50:JPACalcScaleAnmRepeatX__FP18JPAEmitterWorkDataP15JPABaseParticle
8027CEB4:JPACalcScaleAnmRepeatY__FP18JPAEmitterWorkDataP15JPABaseParticle
8027CF18:JPACalcScaleAnmReverseX__FP18JPAEmitterWorkDataP15JPABaseParticle
8027CFAC:JPACalcScaleAnmReverseY__FP18JPAEmitterWorkDataP15JPABaseParticle
8027CE38:JPACalcScaleCopy__FP18JPAEmitterWorkDataP15JPABaseParticle
8027CD48:JPACalcScaleX__FP18JPAEmitterWorkDataP15JPABaseParticle
8027CDC0:JPACalcScaleY__FP18JPAEmitterWorkDataP15JPABaseParticle
80279FA8:JPACalcTexIdxMerge__FP18JPAEmitterWorkData
80279FC4:JPACalcTexIdxMerge__FP18JPAEmitterWorkDataP15JPABaseParticle
80279E0C:JPACalcTexIdxNormal__FP18JPAEmitterWorkData
80279E48:JPACalcTexIdxNormal__FP18JPAEmitterWorkDataP15JPABaseParticle
8027A03C:JPACalcTexIdxRandom__FP18JPAEmitterWorkData
8027A058:JPACalcTexIdxRandom__FP18JPAEmitterWorkDataP15JPABaseParticle
80279E80:JPACalcTexIdxRepeat__FP18JPAEmitterWorkData
80279EB8:JPACalcTexIdxRepeat__FP18JPAEmitterWorkDataP15JPABaseParticle
80279EFC:JPACalcTexIdxReverse__FP18JPAEmitterWorkData
80279F4C:JPACalcTexIdxReverse__FP18JPAEmitterWorkDataP15JPABaseParticle
8027A2B8:JPADrawBillboard__FP18JPAEmitterWorkDataP15JPABaseParticle
8027B1D8:JPADrawDBillboard__FP18JPAEmitterWorkDataP15JPABaseParticle
8027AA28:JPADrawDirection__FP18JPAEmitterWorkDataP15JPABaseParticle
8027C808:JPADrawEmitterCallBackB__FP18JPAEmitterWorkData
8027B5E0:JPADrawLine__FP18JPAEmitterWorkDataP15JPABaseParticle
8027C844:JPADrawParticleCallBack__FP18JPAEmitterWorkDataP15JPABaseParticle
8027B540:JPADrawPoint__FP18JPAEmitterWorkDataP15JPABaseParticle
8027A3A0:JPADrawRotBillboard__FP18JPAEmitterWorkDataP15JPABaseParticle
8027ADC4:JPADrawRotDirection__FP18JPAEmitterWorkDataP15JPABaseParticle
8027A5B4:JPADrawRotYBillboard__FP18JPAEmitterWorkDataP15JPABaseParticle
8027B3F8:JPADrawRotation__FP18JPAEmitterWorkDataP15JPABaseParticle
8027BD9C:JPADrawStripeX__FP18JPAEmitterWorkData
8027B7A4:JPADrawStripe__FP18JPAEmitterWorkData
8027A4B8:JPADrawYBillboard__FP18JPAEmitterWorkDataP15JPABaseParticle
802799DC:JPAGenCalcTexCrdMtxAnm__FP18JPAEmitterWorkData
8027996C:JPAGenTexCrdMtxAnm__FP18JPAEmitterWorkData
80279934:JPAGenTexCrdMtxIdt__FP18JPAEmitterWorkData
802799A4:JPAGenTexCrdMtxPrj__FP18JPAEmitterWorkData
802829B8:JPAGetDirMtx__FRCQ29JGeometry8TVec3<f>PA4_f
80282B64:JPAGetXYZRotateMtx__FsssPA4_f
80282AF0:JPAGetYZRotateMtx__FssPA4_f
80279B88:JPALoadCalcTexCrdMtxAnm__FP18JPAEmitterWorkDataP15JPABaseParticle
8027D470:JPALoadExTex__FP18JPAEmitterWorkData
8027A094:JPALoadPosMtxCam__FP18JPAEmitterWorkData
80279D70:JPALoadTexAnm__FP18JPAEmitterWorkData
80279DC0:JPALoadTexAnm__FP18JPAEmitterWorkDataP15JPABaseParticle
80279D1C:JPALoadTex__FP18JPAEmitterWorkData
80279454:JPARegistAlphaEnv__FP18JPAEmitterWorkDataP15JPABaseParticle
802791E0:JPARegistAlpha__FP18JPAEmitterWorkDataP15JPABaseParticle
8027D2EC:JPARegistChildPrmEnv__FP18JPAEmitterWorkData
8027905C:JPARegistEnv__FP18JPAEmitterWorkData
80279568:JPARegistEnv__FP18JPAEmitterWorkDataP15JPABaseParticle
80279340:JPARegistPrmAlphaEnv__FP18JPAEmitterWorkDataP15JPABaseParticle
80279290:JPARegistPrmAlpha__FP18JPAEmitterWorkDataP15JPABaseParticle
802790E0:JPARegistPrmEnv__FP18JPAEmitterWorkData
80278FC0:JPARegistPrm__FP18JPAEmitterWorkData
80278EFC:JPASetLineWidth__FP18JPAEmitterWorkData
80278F7C:JPASetLineWidth__FP18JPAEmitterWorkDataP15JPABaseParticle
80278EC0:JPASetPointSize__FP18JPAEmitterWorkData
80278F38:JPASetPointSize__FP18JPAEmitterWorkDataP15JPABaseParticle
80282C38:JPASetRMtxSTVecfromMtx__FPA4_CfPA4_fPQ29JGeometry8TVec3<f>PQ29JGeometry8TVec3<f>
80282C10:JPASetRMtxTVecfromMtx__FPA4_CfPA4_fPQ29JGeometry8TVec3<f>
8027D76C:JPAVolumeCircle__FP18JPAEmitterWorkData
8027D918:JPAVolumeCube__FP18JPAEmitterWorkData
8027DCAC:JPAVolumeCylinder__FP18JPAEmitterWorkData
8027D650:JPAVolumeLine__FP18JPAEmitterWorkData
8027D574:JPAVolumePoint__FP18JPAEmitterWorkData
8027DA20:JPAVolumeSphere__FP18JPAEmitterWorkData
8027DE28:JPAVolumeTorus__FP18JPAEmitterWorkData
8044ADE4:JPTracePCB4
80283330:JSGCreateObject__Q26JStage7TSystemFPCcQ26JStage8TEObjectUl
80283338:JSGDestroyObject__Q26JStage7TSystemFPQ26JStage7TObject
80282FB0:JSGFGetType__Q26JStage13TAmbientLightCFv
80283110:JSGFGetType__Q26JStage4TFogCFv
80282ED8:JSGFGetType__Q26JStage6TActorCFv
802831B8:JSGFGetType__Q26JStage6TLightCFv
80283030:JSGFGetType__Q26JStage7TCameraCFv
80283320:JSGFGetType__Q26JStage7TSystemCFv
8003A05C:JSGFindNodeID__13dDemo_actor_cCFPCc
8028327C:JSGFindNodeID__Q26JStage7TObjectCFPCc
80039528:JSGFindObject__14dDemo_system_cCFPPQ26JStage7TObjectPCcQ26JStage8TEObject
80283328:JSGFindObject__Q26JStage7TSystemCFPPQ26JStage7TObjectPCcQ26JStage8TEObject
802831EC:JSGGetAngleAttenuation__Q26JStage6TLightCFPfP9_GXSpotFn
8003A0C8:JSGGetAnimationFrameMax__13dDemo_actor_cCFv
80282F1C:JSGGetAnimationFrameMax__Q26JStage6TActorCFv
80282F10:JSGGetAnimationFrame__Q26JStage6TActorCFv
80282F24:JSGGetAnimationTransition__Q26JStage6TActorCFv
80282F04:JSGGetAnimation__Q26JStage6TActorCFv
80282FB8:JSGGetColor__Q26JStage13TAmbientLightCFv
80283140:JSGGetColor__Q26JStage4TFogCFv
802831CC:JSGGetColor__Q26JStage6TLightCFv
80283264:JSGGetData__Q26JStage7TObjectCFUlPvUl
802831FC:JSGGetDirection__Q26JStage6TLightCFP3Vec
802831E4:JSGGetDistanceAttenuation__Q26JStage6TLightCFPfPfP13_GXDistAttnFn
80283130:JSGGetEndZ__Q26JStage4TFogCFv
80283258:JSGGetFlag__Q26JStage7TObjectCFv
80283118:JSGGetFogFunction__Q26JStage4TFogCFv
802831C0:JSGGetLightType__Q26JStage6TLightCFv
8028324C:JSGGetName__Q26JStage7TObjectCFv
8003A088:JSGGetNodeTransformation__13dDemo_actor_cCFUlPA4_f
80283284:JSGGetNodeTransformation__Q26JStage7TObjectCFUlPA4_f
80283270:JSGGetParent__Q26JStage7TObjectCFPPQ26JStage7TObjectPUl
802831F4:JSGGetPosition__Q26JStage6TLightCFP3Vec
80038B9C:JSGGetProjectionAspect__14dDemo_camera_cCFv
8028306C:JSGGetProjectionAspect__Q26JStage7TCameraCFv
80038B0C:JSGGetProjectionFar__14dDemo_camera_cCFv
80283050:JSGGetProjectionFar__Q26JStage7TCameraCFv
80283078:JSGGetProjectionField__Q26JStage7TCameraCFPf
80038B54:JSGGetProjectionFovy__14dDemo_camera_cCFv
80283060:JSGGetProjectionFovy__Q26JStage7TCameraCFv
80038AC4:JSGGetProjectionNear__14dDemo_camera_cCFv
80283044:JSGGetProjectionNear__Q26JStage7TCameraCFv
80283038:JSGGetProjectionType__Q26JStage7TCameraCFv
8003A110:JSGGetRotation__13dDemo_actor_cCFP3Vec
80282EF0:JSGGetRotation__Q26JStage6TActorCFP3Vec
8003A0F4:JSGGetScaling__13dDemo_actor_cCFP3Vec
80282EE8:JSGGetScaling__Q26JStage6TActorCFP3Vec
80282EF8:JSGGetShape__Q26JStage6TActorCFv
80283124:JSGGetStartZ__Q26JStage4TFogCFv
8028333C:JSGGetSystemData__Q26JStage7TSystemFUl
8003A0D0:JSGGetTextureAnimationFrameMax__13dDemo_actor_cCFv
80282F48:JSGGetTextureAnimationFrameMax__Q26JStage6TActorCFv
80282F3C:JSGGetTextureAnimationFrame__Q26JStage6TActorCFv
80282F30:JSGGetTextureAnimation__Q26JStage6TActorCFv
8003A0D8:JSGGetTranslation__13dDemo_actor_cCFP3Vec
80282EE0:JSGGetTranslation__Q26JStage6TActorCFP3Vec
80038BE4:JSGGetViewPosition__14dDemo_camera_cCFP3Vec
8028308C:JSGGetViewPosition__Q26JStage7TCameraCFP3Vec
80038D84:JSGGetViewRoll__14dDemo_camera_cCFv
802830A4:JSGGetViewRoll__Q26JStage7TCameraCFv
80038CF8:JSGGetViewTargetPosition__14dDemo_camera_cCFP3Vec
8028309C:JSGGetViewTargetPosition__Q26JStage7TCameraCFP3Vec
80283080:JSGGetViewType__Q26JStage7TCameraCFv
80038C6C:JSGGetViewUpVector__14dDemo_camera_cCFP3Vec
80283094:JSGGetViewUpVector__Q26JStage7TCameraCFP3Vec
80038EA8:JSGSetAngleAttenuation__13dDemo_light_cFf9_GXSpotFn
802831F0:JSGSetAngleAttenuation__Q26JStage6TLightFf9_GXSpotFn
80038A40:JSGSetAnimationFrame__13dDemo_actor_cFf
80282F18:JSGSetAnimationFrame__Q26JStage6TActorFf
80038A54:JSGSetAnimationTransition__13dDemo_actor_cFf
80282F2C:JSGSetAnimationTransition__Q26JStage6TActorFf
80038A20:JSGSetAnimation__13dDemo_actor_cFUl
80282F0C:JSGSetAnimation__Q26JStage6TActorFUl
80038F24:JSGSetColor__11dDemo_fog_cF8_GXColor
80038E5C:JSGSetColor__13dDemo_light_cF8_GXColor
80038DF0:JSGSetColor__15dDemo_ambient_cF8_GXColor
80282FCC:JSGSetColor__Q26JStage13TAmbientLightF8_GXColor
80283154:JSGSetColor__Q26JStage4TFogF8_GXColor
802831E0:JSGSetColor__Q26JStage6TLightF8_GXColor
800387EC:JSGSetData__13dDemo_actor_cFUlPCvUl
8028326C:JSGSetData__Q26JStage7TObjectFUlPCvUl
80038EC0:JSGSetDirection__13dDemo_light_cFRC3Vec
80283200:JSGSetDirection__Q26JStage6TLightFRC3Vec
80038E8C:JSGSetDistanceAttenuation__13dDemo_light_cFff13_GXDistAttnFn
802831E8:JSGSetDistanceAttenuation__Q26JStage6TLightFff13_GXDistAttnFn
80038F10:JSGSetEndZ__11dDemo_fog_cFf
8028313C:JSGSetEndZ__Q26JStage4TFogFf
80283260:JSGSetFlag__Q26JStage7TObjectFUl
80038EE8:JSGSetFogFunction__11dDemo_fog_cF10_GXFogType
80283120:JSGSetFogFunction__Q26JStage4TFogF10_GXFogType
80038E20:JSGSetLightType__13dDemo_light_cFQ26JStage7TELight
802831C8:JSGSetLightType__Q26JStage6TLightFQ26JStage7TELight
80283274:JSGSetParent__Q26JStage7TObjectFPQ26JStage7TObjectUl
80038E34:JSGSetPosition__13dDemo_light_cFRC3Vec
802831F8:JSGSetPosition__Q26JStage6TLightFRC3Vec
80038BD0:JSGSetProjectionAspect__14dDemo_camera_cFf
80283074:JSGSetProjectionAspect__Q26JStage7TCameraFf
80038B40:JSGSetProjectionFar__14dDemo_camera_cFf
8028305C:JSGSetProjectionFar__Q26JStage7TCameraFf
8028307C:JSGSetProjectionField__Q26JStage7TCameraFPCf
80038B88:JSGSetProjectionFovy__14dDemo_camera_cFf
80283068:JSGSetProjectionFovy__Q26JStage7TCameraFf
80038AF8:JSGSetProjectionNear__14dDemo_camera_cFf
8028304C:JSGSetProjectionNear__Q26JStage7TCameraFf
80283040:JSGSetProjectionType__Q26JStage7TCameraFQ26JStage18TECameraProjection
80283278:JSGSetRelation__Q26JStage7TObjectFbPQ26JStage7TObjectUl
800389A8:JSGSetRotation__13dDemo_actor_cFRC3Vec
80282EF4:JSGSetRotation__Q26JStage6TActorFRC3Vec
80038980:JSGSetScaling__13dDemo_actor_cFRC3Vec
80282EEC:JSGSetScaling__Q26JStage6TActorFRC3Vec
80038A0C:JSGSetShape__13dDemo_actor_cFUl
80282F00:JSGSetShape__Q26JStage6TActorFUl
80038EFC:JSGSetStartZ__11dDemo_fog_cFf
8028312C:JSGSetStartZ__Q26JStage4TFogFf
80283344:JSGSetSystemData__Q26JStage7TSystemFUlUl
80038A7C:JSGSetTextureAnimationFrame__13dDemo_actor_cFf
80282F44:JSGSetTextureAnimationFrame__Q26JStage6TActorFf
80038A68:JSGSetTextureAnimation__13dDemo_actor_cFUl
80282F38:JSGSetTextureAnimation__Q26JStage6TActorFUl
80038920:JSGSetTranslation__13dDemo_actor_cFRC3Vec
80282EE4:JSGSetTranslation__Q26JStage6TActorFRC3Vec
80038C44:JSGSetViewPosition__14dDemo_camera_cFRC3Vec
80283090:JSGSetViewPosition__Q26JStage7TCameraFRC3Vec
80038DDC:JSGSetViewRoll__14dDemo_camera_cFf
802830AC:JSGSetViewRoll__Q26JStage7TCameraFf
80038D5C:JSGSetViewTargetPosition__14dDemo_camera_cFRC3Vec
802830A0:JSGSetViewTargetPosition__Q26JStage7TCameraFRC3Vec
80283088:JSGSetViewType__Q26JStage7TCameraFQ26JStage12TECameraView
80038CD0:JSGSetViewUpVector__14dDemo_camera_cFRC3Vec
80283098:JSGSetViewUpVector__Q26JStage7TCameraFRC3Vec
80283254:JSGUpdate__Q26JStage7TObjectFv
80336B10:JSUConvertOffsetToPtr<10J3DCluster>__FPCvPCv
80335120:JSUConvertOffsetToPtr<10J3DFogInfo>__FPCvPCv
802F6684:JSUConvertOffsetToPtr<11_GXColorS10>__FPCvPCv
802F672C:JSUConvertOffsetToPtr<11_GXCullMode>__FPCvPCv
802F660C:JSUConvertOffsetToPtr<12J2DBlendInfo>__FPCvPCv
803350F0:JSUConvertOffsetToPtr<12J3DBlendInfo>__FPCvPCv
803351E0:JSUConvertOffsetToPtr<12J3DLightInfo>__FPCvPCv
803350D8:JSUConvertOffsetToPtr<12J3DZModeInfo>__FPCvPCv
802F66B4:JSUConvertOffsetToPtr<13J2DTexMtxInfo>__FPCvPCv
80336AF8:JSUConvertOffsetToPtr<13J3DClusterKey>__FPCvPCv
80335198:JSUConvertOffsetToPtr<13J3DTexMtxInfo>__FPCvPCv
802F6744:JSUConvertOffsetToPtr<14J2DIndInitData>__FPCvPCv
80335210:JSUConvertOffsetToPtr<14J3DIndInitData>__FPCvPCv
80339FC4:JSUConvertOffsetToPtr<14_GXVtxDescList>__FPCvUl
802F669C:JSUConvertOffsetToPtr<15J2DTevOrderInfo>__FPCvPCv
802F666C:JSUConvertOffsetToPtr<15J2DTevStageInfo>__FPCvPCv
802F66CC:JSUConvertOffsetToPtr<15J2DTexCoordInfo>__FPCvPCv
803350C0:JSUConvertOffsetToPtr<15J3DNBTScaleInfo>__FPCvPCv
80335090:JSUConvertOffsetToPtr<15J3DPatchingInfo>__FPCvPCv
80335180:JSUConvertOffsetToPtr<15J3DTevOrderInfo>__FPCvPCv
80335168:JSUConvertOffsetToPtr<15J3DTevStageInfo>__FPCvPCv
803351C8:JSUConvertOffsetToPtr<15J3DTexCoordInfo>__FPCvPCv
802F6624:JSUConvertOffsetToPtr<16J2DAlphaCompInfo>__FPCvPCv
802F66E4:JSUConvertOffsetToPtr<16J2DColorChanInfo>__FPCvPCv
80335108:JSUConvertOffsetToPtr<16J3DAlphaCompInfo>__FPCvPCv
80336AE0:JSUConvertOffsetToPtr<16J3DClusterVertex>__FPCvPCv
803351F8:JSUConvertOffsetToPtr<16J3DColorChanInfo>__FPCvPCv
803397D4:JSUConvertOffsetToPtr<16J3DJointInitData>__FPCvUl
80338C00:JSUConvertOffsetToPtr<16J3DShapeInitData>__FPCvUl
803351B0:JSUConvertOffsetToPtr<16J3DTexCoord2Info>__FPCvPCv
80335078:JSUConvertOffsetToPtr<17J3DCurrentMtxInfo>__FPCvPCv
80338BE8:JSUConvertOffsetToPtr<17J3DModelHierarchy>__FPCvPCv
80338BD0:JSUConvertOffsetToPtr<17_GXVtxAttrFmtList>__FPCvPCv
802F6654:JSUConvertOffsetToPtr<18J2DTevSwapModeInfo>__FPCvPCv
8030C924:JSUConvertOffsetToPtr<18J3DAnmCRegKeyTable>__FPCvPCv
8030C90C:JSUConvertOffsetToPtr<18J3DAnmKRegKeyTable>__FPCvPCv
803350A8:JSUConvertOffsetToPtr<18J3DDisplayListInit>__FPCvPCv
80335150:JSUConvertOffsetToPtr<18J3DTevSwapModeInfo>__FPCvPCv
802F6774:JSUConvertOffsetToPtr<19J2DMaterialInitData>__FPCvPCv
8030C99C:JSUConvertOffsetToPtr<19J3DAnmColorKeyTable>__FPCvPCv
80335228:JSUConvertOffsetToPtr<19J3DMaterialInitData>__FPCvPCv
80339F94:JSUConvertOffsetToPtr<19J3DShapeMtxInitData>__FPCvUl
8030C954:JSUConvertOffsetToPtr<20J3DAnmColorFullTable>__FPCvPCv
80339F7C:JSUConvertOffsetToPtr<20J3DShapeDrawInitData>__FPCvUl
8033BCE4:JSUConvertOffsetToPtr<21J3DAnmClusterKeyTable>__FPCvPCv
8033BCFC:JSUConvertOffsetToPtr<22J3DAnmClusterFullTable>__FPCvPCv
802F663C:JSUConvertOffsetToPtr<23J2DTevSwapModeTableInfo>__FPCvPCv
8030CA14:JSUConvertOffsetToPtr<23J3DAnmTransformKeyTable>__FPCvPCv
8030C984:JSUConvertOffsetToPtr<23J3DAnmVtxColorIndexData>__FPCvPCv
803365B4:JSUConvertOffsetToPtr<23J3DMaterialInitData_v21>__FPCvPCv
80335138:JSUConvertOffsetToPtr<23J3DTevSwapModeTableInfo>__FPCvPCv
8030C96C:JSUConvertOffsetToPtr<24J3DAnmTransformFullTable>__FPCvPCv
8030C93C:JSUConvertOffsetToPtr<25J3DAnmTexPatternFullTable>__FPCvPCv
8030C8F4:JSUConvertOffsetToPtr<25J3DAnmVisibilityFullTable>__FPCvPCv
8030C9B4:JSUConvertOffsetToPtr<3Vec>__FPCvPCv
8030C9CC:JSUConvertOffsetToPtr<7ResNTAB>__FPCvPCv
80338B88:JSUConvertOffsetToPtr<7ResTIMG>__FPCvPCv
802F6714:JSUConvertOffsetToPtr<8_GXColor>__FPCvPCv
80338BA0:JSUConvertOffsetToPtr<A3_A4_f>__FPCvPCv
8029B950:JSUConvertOffsetToPtr<Q211JASWSParser10TCtrlGroup>__FPCvUl
8029B938:JSUConvertOffsetToPtr<Q211JASWSParser10TCtrlScene>__FPCvUl
8029B8F0:JSUConvertOffsetToPtr<Q211JASWSParser12TWaveArchive>__FPCvUl
8029B908:JSUConvertOffsetToPtr<Q211JASWSParser16TWaveArchiveBank>__FPCvUl
8029B920:JSUConvertOffsetToPtr<Q211JASWSParser5TCtrl>__FPCvUl
8029B8D8:JSUConvertOffsetToPtr<Q211JASWSParser5TWave>__FPCvUl
8029B8C0:JSUConvertOffsetToPtr<Q211JASWSParser9TCtrlWave>__FPCvUl
8029C430:JSUConvertOffsetToPtr<Q213JASOscillator5Point>__FPCvUl
8029C448:JSUConvertOffsetToPtr<Q312JASBNKParser4Ver04TOsc>__FPCvUl
8029C460:JSUConvertOffsetToPtr<Q312JASBNKParser4Ver05TInst>__FPCvUl
8029C3E8:JSUConvertOffsetToPtr<Q312JASBNKParser4Ver05TPerc>__FPCvUl
8029C3D0:JSUConvertOffsetToPtr<Q312JASBNKParser4Ver05TPmap>__FPCvUl
8029C400:JSUConvertOffsetToPtr<Q312JASBNKParser4Ver05TVmap>__FPCvUl
8029C418:JSUConvertOffsetToPtr<Q312JASBNKParser4Ver07TKeymap>__FPCvUl
802F66FC:JSUConvertOffsetToPtr<Uc>__FPCvPCv
80339FAC:JSUConvertOffsetToPtr<Uc>__FPCvUl
802F675C:JSUConvertOffsetToPtr<Us>__FPCvPCv
80338C18:JSUConvertOffsetToPtr<Us>__FPCvUl
8030C9FC:JSUConvertOffsetToPtr<f>__FPCvPCv
8030C9E4:JSUConvertOffsetToPtr<s>__FPCvPCv
80338BB8:JSUConvertOffsetToPtr<v>__FPCvPCv
802EA3CC:JUTConsole_print_f_va_
802EA9C4:JUTGetReportConsole
802EA9D4:JUTGetWarningConsole
802EAAE4:JUTReportConsole
802EAA64:JUTReportConsole_f
802EA9DC:JUTReportConsole_f_va
802E29CC:JUTReport__FiiPCce
802E2A9C:JUTReport__FiiiPCce
80397B80:JUTResFONT_Ascfont_fix12
802EA9BC:JUTSetReportConsole
802EA9CC:JUTSetWarningConsole
802EAB98:JUTWarningConsole
802EAB18:JUTWarningConsole_f
8044B174:JumpCushion$9801
80341C98:KillThreads
8006FE40:Kill__12dVibration_cFv
8033DD94:L2GlobalInvalidate
8033DC88:LCDisable
8033DC50:LCEnable
8033DD80:LCQueueWait
8033DCB0:LCStoreBlocks
8033DCD4:LCStoreData
8000614C:LOAD_COPYDATE__FPv
80007CD0:LRlockCheck__8mDoCPd_cFP27interface_of_controller_pad
8044B890:LastCommandWasRead
8044B8E8:LastError
8044B854:LastLength
8044B880:LastReadFinished
8044B888:LastReadIssued
8044B860:LastResetEnd
8044B18C:LatMax$14967
8044B188:LatMin$14963
803CC160:LatencyTable
8044B17C:LatitudeLimitMax$9807
803CB1B8:LeapYearDays
8007A56C:LineCheckGrpRp__4cBgWFP11cBgS_LinChkii
8007A3E0:LineCheckRp__4cBgWFP11cBgS_LinChki
8007A698:LineCheck__4cBgWFP11cBgS_LinChk
8007EE74:LineCheck__8dBgWKColFP11cBgS_LinChk
80076664:LineCheck__9dBgS_AcchFR4dBgS
800743F4:LineCross__4cBgSFP11cBgS_LinChk
803406CC:Link
8001884C:Link__7cDylPhsFP30request_of_phase_process_classs
80016AB0:LoadSync__15mDoMemCd_Ctrl_cFPvUlUl
8016E470:LockEdge__12dAttention_cFv
8007361C:LockonReleaseDistanse__12dAttention_cFv
8007370C:LockonTargetPId__12dAttention_cFl
8007357C:LockonTarget__12dAttention_cFl
80073824:LockonTruth__12dAttention_cFv
8044A900:MAX_MIXERLEVEL__9JASDriver
8044A91C:MAX_VOLUME_DISTANCE__7Z2Param
80341144:MEMIntrruptHandler
8044B478:MIN_DISTANCE_VOLUME__7Z2Param
8037CB78:MQ_patt__12dVibration_c
8037CAC8:MS_patt__12dVibration_c
8044BB10:MTRCallback
80375658:MWCallback
80375158:MWEnterCriticalSection
80375134:MWExitCriticalSection
80375188:MWInitializeCriticalSection
803750E4:MWTRACE
8044BE68:M_dir_base__Q212daObjMovebox5Act_c
803BD1D4:MainProc
80079AA8:MakeBlckBnd__4cBgWFiP4cXyzP4cXyz
80079A20:MakeBlckMinMax__4cBgWFiP4cXyzP4cXyz
800799CC:MakeBlckTransMinMax__4cBgWFP4cXyzP4cXyz
80079D04:MakeNodeTreeGrpRp__4cBgWFi
80079C1C:MakeNodeTreeRp__4cBgWFi
80079E30:MakeNodeTree__4cBgWFv
8044AB74:MakeStatus
8008734C:MassClear__4dCcSFv
8007E040:MatrixCrrPos__4dBgWFRC13cBgS_PolyInfoPvbP4cXyzP5csXyzP5csXyz
80083618:MatrixCrrPos__6dBgWSvFRC13cBgS_PolyInfoPvbP4cXyzP5csXyzP5csXyz
80082FD4:MatrixCrrPos__8dBgWKColFRC13cBgS_PolyInfoPvbP4cXyzP5csXyzP5csXyz
8044B8A4:MaxEntryNum
8018E4A4:MemCardCheckMain__14dFile_select_cFv
803B528C:MemCardCheckProc
8018F1A4:MemCardErrMsgWaitFormatSel2__14dFile_select_cFv
8018F100:MemCardErrMsgWaitFormatSel__14dFile_select_cFv
8018E914:MemCardErrMsgWaitKey__14dFile_select_cFv
8018ED58:MemCardErrMsgWaitNoSaveSel__14dFile_select_cFv
8018FBD0:MemCardErrYesNoCursorMoveAnm__14dFile_select_cFv
8018F34C:MemCardFormatCheck__14dFile_select_cFv
8018F058:MemCardFormatNoSelDisp__14dFile_select_cFv
8018F2DC:MemCardFormatWait__14dFile_select_cFv
8018F200:MemCardFormatYesSel2Disp__14dFile_select_cFv
8018EFD4:MemCardFormatYesSelDisp__14dFile_select_cFv
8018F27C:MemCardFormat__14dFile_select_cFv
8018EA68:MemCardGotoIPLSelectDisp__14dFile_select_cFv
8018EAE8:MemCardGotoIPLSelect__14dFile_select_cFv
8018EBA4:MemCardGotoIPL__14dFile_select_cFv
8018E79C:MemCardLoadWait__14dFile_select_cFv
8018F628:MemCardMakeGameFileCheck__14dFile_select_cFv
8018F460:MemCardMakeGameFileSelDisp__14dFile_select_cFv
8018F3D8:MemCardMakeGameFileSel__14dFile_select_cFv
8018F5B8:MemCardMakeGameFileWait__14dFile_select_cFv
8018F558:MemCardMakeGameFile__14dFile_select_cFv
8018F94C:MemCardMsgWindowClose__14dFile_select_cFv
8018F6B4:MemCardMsgWindowInitOpen__14dFile_select_cFv
8018F8B0:MemCardMsgWindowOpen__14dFile_select_cFv
8018E9AC:MemCardNoFileSpaceDisp__14dFile_select_cFv
8018EC94:MemCardNoSaveSelDisp__14dFile_select_cFv
801901E0:MemCardSaveDataClear__14dFile_select_cFv
803D9D60:MemCardStack
8018E4DC:MemCardStatCheck__14dFile_select_cFv
803DAD60:MemCardThread
803DB080:MemCardWorkArea0
803B8564:MenuSaveProc
803B49F0:MenuSelEndFrameTbl
803B49E4:MenuSelStartFrameTbl
802520AC:MenuSelectAnm2__7dName_cFv
80252208:MenuSelectAnm3__7dName_cFv
80251F98:MenuSelectAnmInit__7dName_cFv
80251FEC:MenuSelectAnm__7dName_cFv
80251C20:MenuSelect__7dName_cFv
8041F50C:MidnaAdditionVec__25@unnamed@d_ev_camera_cpp@
80163D9C:ModeFix__9dCamera_cFl
8026557C:ModuleConstructorsX
802655C0:ModuleDestructorsX
802654BC:ModuleEpilog
802654B8:ModuleProlog
802654C0:ModuleUnresolved
80250CF8:MojiSelectAnm2__7dName_cFv
80250D7C:MojiSelectAnm3__7dName_cFv
80250BC8:MojiSelectAnmInit__7dName_cFv
80250C74:MojiSelectAnm__7dName_cFv
802508E0:MojiSelect__7dName_cFv
8044B8F8:MotorState
80268248:MoveAfterCheck__4cCcSFv
800872E8:MoveAfterCheck__4dCcSFv
80078708:MoveBGCreateHeap__16dBgS_MoveBgActorFv
8014F564:MoveBGCreateHeap__23daBaseNpc_moveBgActor_cFv
800787FC:MoveBGCreate__16dBgS_MoveBgActorFPCciPFP4dBgWPvRC13cBgS_PolyInfobP4cXyzP5csXyzP5csXyz_vUlPA3_A4_f
8014F658:MoveBGCreate__23daBaseNpc_moveBgActor_cFPCciPFP4dBgWPvRC13cBgS_PolyInfobP4cXyzP5csXyzP5csXyz_vUl
8007891C:MoveBGDelete__16dBgS_MoveBgActorFv
8014F748:MoveBGDelete__23daBaseNpc_moveBgActor_cFv
80078990:MoveBGExecute__16dBgS_MoveBgActorFv
8014F7BC:MoveBGExecute__23daBaseNpc_moveBgActor_cFv
800757B4:MoveBgCrrPos__4dBgSFRC13cBgS_PolyInfobP4cXyzP5csXyzP5csXyzbb
8007599C:MoveBgMatrixCrrPos__4dBgSFRC13cBgS_PolyInfobP4cXyzP5csXyzP5csXyz
800758C0:MoveBgTransPos__4dBgSFRC13cBgS_PolyInfobP4cXyzP5csXyzP5csXyz
80084994:MoveCAt__8dCcD_CylFR4cXyz
80084B04:MoveCAt__8dCcD_SphFR4cXyz
80084A04:MoveCTg__8dCcD_CylFR4cXyz
80083870:Move__10dCcD_GSttsFv
8007AC50:Move__4cBgWFv
802680FC:Move__4cCcSFv
800749E8:Move__4dBgSFv
8007BA00:Move__4dBgWFv
800872F0:Move__4dCcSFv
8027327C:MtxInit__Fv
8027331C:MtxPosition__FP4cXyzP4cXyz
80273388:MtxPull__Fv
8027334C:MtxPush__Fv
802732D4:MtxScale__FfffUc
8027328C:MtxTrans__FfffUc
8044B1EC:MyClass__12dMenu_Fmap_c
802531CC:NameStrSet__7dName_cFv
801A8BC4:NewAmbColGet__FP11_GXColorS10
8044B970:NextBufAddr
8044B894:NextCommandNumber
802734C8:Norm__7cSAngleCFv
80273F60:Norm__7cSGlobeCFv
80162D84:NotRun__9dCamera_cFv
80157D4C:NpcCreate__10daNpcCd2_cFi
801560A8:NpcCreate__9daNpcCd_cFi
803C79E0:NullTexData
8044B784:NumHeaps
8044B8EC:NumInternalRetry
8044BE74:OPEN_ACCEL__7daDsh_c
8044BE80:OPEN_BOUND_RATIO__7daDsh_c
8044BE7C:OPEN_BOUND_SPEED__7daDsh_c
8044BE70:OPEN_SIZE__7daDsh_c
8044BE78:OPEN_SPEED__7daDsh_c
8033D748:OSAllocFromArenaLo
80006814:OSAttention
803952DC:OSC_ENV
80395304:OSC_ENV$261
803952D0:OSC_RELEASE_TABLE
803952F8:OSC_RELEASE_TABLE$260
8033D0D8:OSCancelAlarm
803439F4:OSCancelThread
8034439C:OSCheckActiveThreads
8033E49C:OSClearContext
80344AEC:OSClearStack
8033CD94:OSCreateAlarm
8033D6BC:OSCreateHeap
80343728:OSCreateThread
8033CC50:OSDefaultExceptionHandler
80343BB0:OSDetachThread
8033FB90:OSDisableInterrupts
80343160:OSDisableScheduler
8033E57C:OSDumpContext
8033FBA4:OSEnableInterrupts
803431A0:OSEnableScheduler
8033C8DC:OSExceptionInit
8044B764:OSExceptionTable
8033CBB4:OSExceptionVector
80343910:OSExitThread
8033E8F0:OSFillFPUContext
8033D5C0:OSFreeToHeap
8033D728:OSGetArenaHi
8033D730:OSGetArenaLo
8033C398:OSGetConsoleType
8033E330:OSGetCurrentContext
80343120:OSGetCurrentThread
8033F9F0:OSGetFontEncode
80342D94:OSGetGbsMode
80342B50:OSGetProgressiveMode
80342074:OSGetResetButtonState
80341F48:OSGetResetCode
8034230C:OSGetResetSwitchState
80341AE8:OSGetSaveRegion
80342A2C:OSGetSoundMode
8033E494:OSGetStackPointer
803442F8:OSGetThreadPriority
80344BB0:OSGetTick
80344B98:OSGetTime
80342C64:OSGetWirelessID
8033C3FC:OSInit
8033CD3C:OSInitAlarm
8033D64C:OSInitAlloc
803417AC:OSInitCond
8033E4C0:OSInitContext
80340E30:OSInitMessageQueue
803414A4:OSInitMutex
80343110:OSInitThreadQueue
8034312C:OSIsThreadTerminated
80341034:OSJamMessage
803409AC:OSLink
803409D0:OSLinkFixed
8033E3BC:OSLoadContext
803414DC:OSLockMutex
803403FC:OSNotifyLink
80340400:OSNotifyUnlink
80006E7C:OSPanic
803411B0:OSProtectRange
80340F58:OSReceiveMessage
80341AFC:OSRegisterResetFunction
8033CD10:OSRegisterVersion
80006ABC:OSReport
80006894:OSReportDisable
800068A0:OSReportEnable
800068B8:OSReportForceEnableOff
800068AC:OSReportForceEnableOn
800068C4:OSReportInit__Fv
80006C0C:OSReport_Error
80006B3C:OSReport_FatalError
80006DCC:OSReport_System
80006CEC:OSReport_Warning
80341D48:OSResetSystem
8033FBB8:OSRestoreInterrupts
80343C50:OSResumeThread
8033E33C:OSSaveContext
8033E2CC:OSSaveFPUContext
80340E90:OSSendMessage
8033CFF4:OSSetAlarm
8033D738:OSSetArenaHi
8033D740:OSSetArenaLo
8033E2D4:OSSetCurrentContext
8033D63C:OSSetCurrentHeap
8033EA1C:OSSetErrorHandler
80342E04:OSSetGbsMode
8033D05C:OSSetPeriodicAlarm
80342BC0:OSSetProgressiveMode
80341ADC:OSSetSaveRegion
80342AAC:OSSetSoundMode
80340404:OSSetStringTable
80342F44:OSSetSwitchThreadCallback
80344238:OSSetThreadPriority
80342CE8:OSSetWirelessID
803418A0:OSSignalCond
80344048:OSSleepThread
80343ED8:OSSuspendThread
8033E824:OSSwitchFPUContext
80006798:OSSwitchFiberEx__FUlUlUlUlUlUl
80344E10:OSTicksToCalendarTime
803416F0:OSTryLockMutex
80340C44:OSUnlink
803415B8:OSUnlockMutex
800067F4:OSVAttention__FPCcP16__va_list_struct
80006A9C:OSVReport
803417CC:OSWaitCond
80344134:OSWakeupThread
803436EC:OSYieldThread
80157F74:ObjCreate__10daNpcCd2_cFi
80156234:ObjCreate__9daNpcCd_cFi
8007E4E4:OffMoveFlag__4dBgWFv
8007EBAC:OffMoveFlag__8dBgWKColFv
80182630:Off__14dCamForcusLineFv
8007742C:OnWallSort__9dBgS_AcchFv
8044A878:OptYnSelEndFrameTbl
8044A870:OptYnSelStartFrameTbl
80446CC0:Origin
80371178:OutputData
80350530:PADClamp
80350644:PADClampCircle
8035163C:PADControlMotor
803511EC:PADInit
803508F4:PADOriginCallback
803509B8:PADOriginUpdateCallback
80350A84:PADProbeCallback
8035133C:PADRead
803510D8:PADRecalibrate
80350E88:PADReceiveCheckCallback
80350FC8:PADReset
80351EAC:PADSetAnalogMode
8035203C:PADSetSamplingCallback
803516F4:PADSetSpec
80350B5C:PADTypeAndStatusCallback
8039C6A8:PIo2
8033C240:PPCDisableSpeculation
8033C19C:PPCHalt
8033C1E0:PPCMffpscr
8033C16C:PPCMfhid0
8033C228:PPCMfhid2
8033C17C:PPCMfl2cr
8033C15C:PPCMfmsr
8033C18C:PPCMtdec
8033C200:PPCMtfpscr
8033C174:PPCMthid0
8033C230:PPCMthid2
8033C184:PPCMtl2cr
8033C1B0:PPCMtmmcr0
8033C1B8:PPCMtmmcr1
8033C164:PPCMtmsr
8033C1C0:PPCMtpmc1
8033C1C8:PPCMtpmc2
8033C1D0:PPCMtpmc3
8033C1D8:PPCMtpmc4
8033C238:PPCMtwpar
8033C268:PPCSetFpNonIEEEMode
8033C194:PPCSync
80348980:PSMTXConcat
8034894C:PSMTXCopy
80348920:PSMTXIdentity
80348A4C:PSMTXInverse
80349208:PSMTXMultVec
8034925C:PSMTXMultVecArray
8034933C:PSMTXMultVecArraySR
803492E8:PSMTXMultVecSR
80348E84:PSMTXQuat
80348D14:PSMTXRotAxisRad
80348B44:PSMTXRotRad
80348BB4:PSMTXRotTrig
80348E04:PSMTXScale
80348E2C:PSMTXScaleApply
80348D84:PSMTXTrans
80348DB8:PSMTXTransApply
803C7A38:PSMulUnit01
803498B4:PSQUATMultiply
8034952C:PSVECAdd
80349650:PSVECCrossProduct
80349860:PSVECDistance
80349630:PSVECDotProduct
803495EC:PSVECMag
80349590:PSVECNormalize
80349574:PSVECScale
80349838:PSVECSquareDistance
803495D4:PSVECSquareMag
80349550:PSVECSubtract
8033EF1C:PackArgs
80446770:Packet
8044B7A8:ParseString
8033FA54:ParseStringS
8044DA5C:PatternLengthMax__Q29dCamera_c23@class$3669d_camera_cpp
8044B8C4:PauseFlag
8006FF78:Pause__12dVibration_cFv
8044B8C8:PausingFlag
8044B9A0:PendingBits
800889C8:PlayerHideDist__11dCamSetup_cFv
80265D64:PlusCcMove__9cCcD_SttsFfff
80265DA0:PlusDmg__9cCcD_SttsFi
80271298:PlusR__8cM3dGAabFf
80273F24:Polar__7cSGlobeCFP7cSPolar
8044B93C:PositionCallback
8044B938:PostCB
8044B934:PreCB
8026A370:PreCalc__11cBgS_LinChkFv
8026A174:PreCheck__11cBgS_GndChkFv
80394430:PreLoadInfoT
800856D0:Prepare__12dCcMassS_MngFv
8044B798:Prepared
80446A28:Prev
80141B18:PrmAbstract<Q312daObjMovebox5Act_c5Prm_e>__5daObjFPC10fopAc_ac_cQ312daObjMovebox5Act_c5Prm_eQ312daObjMovebox5Act_c5Prm_e
80346A84:ProbeBarnacle
8008689C:ProcAtTgHitmark__4dCcSFbbP8cCcD_ObjP8cCcD_ObjP12dCcD_GObjInfP12dCcD_GObjInfP9cCcD_SttsP9cCcD_SttsP10dCcD_GSttsP10dCcD_GSttsP4cXyzb
80075CAC:PushPullCallBack__4dBgSFRC13cBgS_PolyInfoP10fopAc_ac_csQ29dBgW_Base13PushPullLabel
80161510:QuickStart__9dCamera_cFv
80446910:RDSTHandler
80182AB0:R__7cSGlobeCFv
80182A98:R__7cSGlobeFf
80273810:Radian__7cDegreeCFv
80273494:Radian__7cSAngleCFv
80349F24:Read
8035652C:ReadArrayUnlock
8035AAF4:ReadCallback
8033F0E0:ReadDisc
80371E68:ReadFPSCR
80341374:RealMode
8044B994:RecalibrateBits
8044BB1C:RecvDataLeng
8015AE18:Reflect__FP4cXyzRC13cBgS_PolyInfof
80074150:Regist2__11cBgS_ChkElmFP9dBgW_BaseUiPv
80074184:Regist__4cBgSFP9dBgW_BaseUiPv
80074A48:Regist__4dBgSFP9dBgW_BaseP10fopAc_ac_c
8026A5F0:Regist__9cBgW_BgIdFi
80074168:Release__11cBgS_ChkElmFv
80074290:Release__4cBgSFP9dBgW_Base
8026A5F8:Release__9cBgW_BgIdFv
80340410:Relocate
80070038:Remove__12dVibration_cFv
802DF094:Remove__Q27JGadget13TNodeLinkListFPQ27JGadget13TLinkListNode
8044B808:Reschedule
803741C8:ReserveEXI2Port
80341C28:Reset
80446AB0:ResetAlarm
80084358:ResetAtHit__12dCcD_GObjInfFv
80181204:ResetBlure__9dCamera_cFv
8044B7E0:ResetCallback
800846F0:ResetCoHit__12dCcD_GObjInfFv
8044B85C:ResetCoverCallback
8044B7D0:ResetFunctionQueue
8044B868:ResetOccurred
8044B8F0:ResetRequired
800844F8:ResetTgHit__12dCcD_GObjInfFv
80196374:Reset__16ShopCam_action_cFv
80180C64:Reset__9dCamera_cF4cXyz4cXyz
80180BEC:Reset__9dCamera_cF4cXyz4cXyzfs
80180CB4:Reset__9dCamera_cFv
8044B990:ResettingBits
8044AB64:ResettingChan
8044B8E0:ResumeFromHere
80355610:Retry
80075BC4:RideCallBack__4dBgSFRC13cBgS_PolyInfoP10fopAc_ac_c
8007D370:RoofChkGrpRp__4dBgWFP12dBgS_RoofChkii
8007D248:RoofChkRp__4dBgWFP12dBgS_RoofChki
800754DC:RoofChk__4dBgSFP12dBgS_RoofChk
8007D4B0:RoofChk__4dBgWFP12dBgS_RoofChk
80081E58:RoofChk__8dBgWKColFP12dBgS_RoofChk
803CD420:RootHeapCheck
80144C7C:RotateYBase__12daItemBase_cFv
8033F0A4:Run
80445CB8:RunQueue
8044B800:RunQueueBits
8044B804:RunQueueHint
80072964:Run__12dAttention_cFv
8006F2A8:Run__12dVibration_cFv
80162300:Run__9dCamera_cFv
8007D898:RwgCaptPoly__4dBgWFiR13dBgS_CaptPoly
8007A6C0:RwgGroundCheckCommon__4cBgWFfUsP11cBgS_GndChk
8007A7B4:RwgGroundCheckGnd__4cBgWFUsP11cBgS_GndChk
8007A864:RwgGroundCheckWall__4cBgWFUsP11cBgS_GndChk
8007A240:RwgLineCheck__4cBgWFUsP11cBgS_LinChk
8007D11C:RwgRoofChk__4dBgWFUsP12dBgS_RoofChk
8007AE30:RwgShdwDraw__4cBgWFiP13cBgS_ShdwDraw
8007DB60:RwgSphChk__4dBgWFUsP11dBgS_SphChkPv
8007D4D8:RwgSplGrpChk__4dBgWFUsP14dBgS_SplGrpChk
8007C4EC:RwgWallCorrectSort__4dBgWFP9dBgS_AcchUs
8007BA80:RwgWallCorrect__4dBgWFP9dBgS_AcchUs
8044A9A0:SCENE_CHANGE_BGM_FADEOUT_TIME__7Z2Param
803C1A30:SEND_TABLE__6JASDsp
8034703C:SIBusy
80347D98:SIDisablePolling
80347CFC:SIEnablePolling
803476D8:SIEnablePollingInterrupt
80347ED8:SIGetResponse
80347E04:SIGetResponseRaw
80347BF0:SIGetStatus
8034842C:SIGetType
803485F0:SIGetTypeAsync
80347930:SIInit
80347394:SIInterruptHandler
8034705C:SIIsChanBusy
80348810:SIRefreshSamplingRate
80347770:SIRegisterPollingHandler
80347C6C:SISetCommand
8034872C:SISetSamplingRate
80347C90:SISetXY
80348028:SITransfer
80347C80:SITransferCommands
8034783C:SIUnregisterPollingHandler
8044A930:SONIC_SPEED__7Z2Param
80351754:SPEC0_MakeStatus
803518C8:SPEC1_MakeStatus
80351A3C:SPEC2_MakeStatus
8044FBB0:STRM_CH_SHIFT__20JAUStdSoundTableType
8044B482:SYSTEM_SE_USE_DARK_SE_SETTING__7Z2Param
8044B050:S_fubuki_ratio$8980
8044B1A8:S_fuwan_sin$5904
80428920:S_old_camctr$7488
80428908:S_old_cameye$7484
8044B028:S_parcent_bak$4131
8044B02E:S_rot_work1$7572
8044B032:S_rot_work2$7575
803A3BF4:S_xfog_table_data
8044B9A8:SamplingCallback
80351FDC:SamplingHandler
8044B840:SamplingRate
8044B7CC:SaveEnd
8044B7C8:SaveStart
80016CE0:SaveSync__15mDoMemCd_Ctrl_cFv
80174EF8:SaveZoomRatio__9dCamera_cFv
801962CC:Save__16ShopCam_action_cFv
80445C60:Scb
80088660:SearchStyle__11dCamParam_cFUl
803CC140:SectorSizeTable
8034A034:SeekTwiceBeforeRead
803BC824:SelProc
800714C8:SelectAttention__12dAttention_cFP10fopAc_ac_c
80343494:SelectThread
8044AC30:SendCount
8044BB18:SendMailData
80046E64:Sequencer__16dEvent_manager_cFv
8026A300:Set2__11cBgS_LinChkFPC4cXyzPC4cXyzUi
8026A59C:SetActorInfo__13cBgS_PolyInfoFiPvUi
802657D8:SetArea__15cCcD_DivideAreaFRC8cM3dGAab
80078EF0:SetArrow__16dBgS_PolyPassChkFv
802677F8:SetAtTgCommonHitInf__4cCcSFP8cCcD_ObjP8cCcD_ObjP4cXyz
8026822C:SetAtTgGObjInf__4cCcSFbbP8cCcD_ObjP8cCcD_ObjP12cCcD_GObjInfP12cCcD_GObjInfP9cCcD_SttsP9cCcD_SttsP10cCcD_GSttsP10cCcD_GSttsP4cXyz
80086B00:SetAtTgGObjInf__4dCcSFbbP8cCcD_ObjP8cCcD_ObjP12cCcD_GObjInfP12cCcD_GObjInfP9cCcD_SttsP9cCcD_SttsP10cCcD_GSttsP10cCcD_GSttsP4cXyz
80085670:SetAttr__12dCcMassS_MngFffUcUc
801A512C:SetBaseLight__18dScnKy_env_light_cFv
801812C4:SetBlureActor__9dCamera_cFP10fopAc_ac_c
80181254:SetBlureAlpha__9dCamera_cFf
8018126C:SetBlurePosition__9dCamera_cFfff
8018125C:SetBlureScale__9dCamera_cFfff
80078EFC:SetBomb__16dBgS_PolyPassChkFv
80078F14:SetBoomerang__16dBgS_PolyPassChkFv
8027160C:SetC__8cM3dGCylFRC4cXyz
80271A78:SetC__8cM3dGSphFRC4cXyz
8026A49C:SetCallback__13cBgS_ShdwDrawFPFP13cBgS_ShdwDrawP10cBgD_Vtx_tiiiP8cM3dGPla_i
80085EAC:SetCam__12dCcMassS_MngFRC8cM3dGCps
80078EC0:SetCam__16dBgS_PolyPassChkFv
80267A14:SetCoCommonHitInf__4cCcSFP8cCcD_ObjP4cXyzP8cCcD_ObjP4cXyzf
80268224:SetCoGCorrectProc__4cCcSFP8cCcD_ObjP8cCcD_Obj
80268228:SetCoGObjInf__4cCcSFbbP12cCcD_GObjInfP12cCcD_GObjInfP9cCcD_SttsP9cCcD_SttsP10cCcD_GSttsP10cCcD_GStts
80086280:SetCoGObjInf__4dCcSFbbP12cCcD_GObjInfP12cCcD_GObjInfP9cCcD_SttsP9cCcD_SttsP10cCcD_GSttsP10cCcD_GStts
802714B0:SetCps__8cM3dGCpsFRC8cM3dGCps
80083758:SetEffCounterTimer__22dCcD_GAtTgCoCommonBaseFv
80343284:SetEffectivePriority
802717F0:SetEnd__8cM3dGLinFRC4cXyz
803450A8:SetExiInterruptMask
80269FE8:SetExtChk__8cBgS_ChkFR8cBgS_Chk
80077400:SetGndThinCellingOff__9dBgS_AcchFv
80077154:SetGroundUpY__9dBgS_AcchFf
80266CC4:SetGrp__10cCcD_ObjTgFUl
80271628:SetH__8cM3dGCylFf
800836B8:SetHitApid__22dCcD_GAtTgCoCommonBaseFUi
80266C6C:SetHit__10cCcD_ObjAtFP8cCcD_Obj
80266D08:SetHit__10cCcD_ObjCoFP8cCcD_Obj
80266CF8:SetHit__10cCcD_ObjTgFP8cCcD_Obj
80078F38:SetHorse__16dBgS_PolyPassChkFv
80266D30:SetIGrp__10cCcD_ObjCoFUl
8033FC80:SetInterruptMask
80078FD4:SetIronBall__16dBgS_PolyPassChkFv
80078ED8:SetLink__16dBgS_PolyPassChkFv
80271214:SetMax__8cM3dGAabFRC4cXyz
8027114C:SetMinMax__8cM3dGAabFRC4cXyz
80271190:SetMinMax__8cM3dGAabFRC8cM3dGAab
802711D4:SetMin__8cM3dGAabFRC4cXyz
800773C8:SetMoveBGOnly__9dBgS_AcchFv
800772B8:SetNowActorInfo__9dBgS_AcchFiPvUi
80078EA8:SetObj__16dBgS_PolyPassChkFv
80074AF4:SetOldShapeAngleY__9dBgW_BaseFs
80078E4C:SetPassChkInfo__16dBgS_PolyPassChkFR16dBgS_PolyPassChk
8026A5D4:SetPolyIndex__13cBgS_PolyInfoFi
8026A578:SetPolyInfo__13cBgS_PolyInfoFRC13cBgS_PolyInfo
80267B80:SetPosCorrect__4cCcSFP8cCcD_ObjP4cXyzP8cCcD_ObjP4cXyzf
8008644C:SetPosCorrect__4dCcSFP8cCcD_ObjP4cXyzP8cCcD_ObjP4cXyzf
8026A13C:SetPos__11cBgS_GndChkFPC3Vec
8026A158:SetPos__11cBgS_GndChkFPC4cXyz
800B14A4:SetPos__12dBgS_RoofChkFRC4cXyz
80271630:SetR__8cM3dGCylFf
80271B38:SetR__8cM3dGSphFf
80078F20:SetRope__16dBgS_PolyPassChkFv
8027174C:SetStartEnd__8cM3dGLinFRC3VecRC3Vec
80271718:SetStartEnd__8cM3dGLinFRC4cXyzRC4cXyz
80078FBC:SetStatue__16dBgS_PolyPassChkFv
8037115C:SetTRKConnected
801635A4:SetTagData__9dCamera_cFP10fopAc_ac_clUsUc
80024DB0:SetTimePass__20dStage_roomControl_cFi
800796A8:SetTri__4cBgWFv
80163058:SetTrimSize__9dCamera_cFl
80163074:SetTrimTypeForce__9dCamera_cFl
80078F2C:SetUnderwaterRoof__16dBgS_PolyPassChkFv
80374620:SetUseSerialIO
80266D4C:SetVsGrp__10cCcD_ObjCoFUl
800794C4:SetVtx__4cBgWFv
80077000:SetWallCir__9dBgS_AcchFv
80075FC0:SetWallHDirect__12dBgS_AcchCirFf
800772C8:SetWallPolyIndex__9dBgS_AcchFii
80075F80:SetWallR__12dBgS_AcchCirFf
80075F98:SetWall__12dBgS_AcchCirFff
80266C7C:Set__10cCcD_ObjAtFRC13cCcD_SrcObjAt
80266CB0:Set__10cCcD_ObjTgFRC13cCcD_SrcObjTg
80077DA4:Set__11dBgS_LinChkFPC4cXyzPC4cXyzPC10fopAc_ac_c
80083984:Set__11dCcD_GObjAtFRC14dCcD_SrcGObjAt
800839E0:Set__11dCcD_GObjTgFRC14dCcD_SrcGObjTg
80084780:Set__12dCcD_GObjInfFRC15dCcD_SrcGObjInf
80085DD8:Set__12dCcMassS_MngFP8cCcD_ObjUc
80085320:Set__12dCcMassS_ObjFP8cCcD_ObjUcPFP10fopAc_ac_cP4cXyzUl_v
8026A478:Set__13cBgS_ShdwDrawFR4cXyzR4cXyz
80265DF4:Set__14cCcD_ObjHitInfFRC17cCcD_SrcObjHitInf
80078BD0:Set__14dBgS_SplGrpChkFR4cXyzf
80265788:Set__15cCcD_DivideInfoFUlUlUl
8015FF04:Set__15dCamMapToolDataFllP10fopAc_ac_cUsUc
80083744:Set__22dCcD_GAtTgCoCommonBaseFRC25dCcD_SrcGAtTgCoCommonBase
80079F78:Set__4cBgWFP6cBgD_tUlPA3_A4_f
80266FD8:Set__4cCcSFP8cCcD_Obj
80082FD8:Set__6dBgWSvFP6cBgD_tUl
80265E4C:Set__8cCcD_ObjFRC11cCcD_SrcObj
80271084:Set__8cM3dGAabFPC4cXyzPC4cXyz
802713A4:Set__8cM3dGCirFffff
80271430:Set__8cM3dGCpsFRC4cXyzRC4cXyzf
8027146C:Set__8cM3dGCpsFRC9cM3dGCpsS
802715B0:Set__8cM3dGCylFRC4cXyzff
80271544:Set__8cM3dGCylFRC9cM3dGCylS
80271A54:Set__8cM3dGPlaFPC8cM3dGPla
80271A94:Set__8cM3dGSphFRC4cXyzf
80271AD8:Set__8cM3dGSphFRC9cM3dGSphS
80084810:Set__8dCcD_CpsFRC11dCcD_SrcCps
800848F4:Set__8dCcD_CylFRC11dCcD_SrcCyl
80084A74:Set__8dCcD_SphFRC11dCcD_SrcSph
800848C4:Set__8dCcD_TriFRC11dCcD_SrcTri
800762C8:Set__9dBgS_AcchFP10fopAc_ac_ciP12dBgS_AcchCir
80076288:Set__9dBgS_AcchFP4cXyzP4cXyzP10fopAc_ac_ciP12dBgS_AcchCirP4cXyzP5csXyzP5csXyz
80180AF4:Set__9dCamera_cF4cXyz4cXyz
80180B2C:Set__9dCamera_cF4cXyz4cXyzfs
80180B8C:Set__9dCamera_cF4cXyz4cXyzsf
802718F4:SetupNP0__8cM3dGPlaFRC3VecRC3Vec
8027195C:SetupNP__8cM3dGPlaFRC3VecRC3Vec
8007B000:ShdwDrawGrpRp__4cBgWFP13cBgS_ShdwDrawi
8007AEE4:ShdwDrawRp__4cBgWFP13cBgS_ShdwDrawi
80074880:ShdwDraw__4cBgSFP13cBgS_ShdwDraw
8007B0C4:ShdwDraw__4cBgWFP13cBgS_ShdwDraw
8007F9E4:ShdwDraw__8dBgWKColFP13cBgS_ShdwDraw
8008849C:Shift__9dCstick_cFUl
803CB33C:Si
80273820:Sin__7cDegreeCFv
80273528:Sin__7cSAngleCFv
8044B71C:SizeOfJ3DColorBlockAmbientOnLoad
8044B718:SizeOfJ3DColorBlockLightOffLoad
8044AAA4:SizeOfLoadAmbColors
8044AAA8:SizeOfLoadColorChans
8044AAA0:SizeOfLoadMatColors
801A4EE4:Sndpos__18dScnKy_env_light_cFv
8044AB70:Spec
8007DE20:SphChkGrpRp__4dBgWFP11dBgS_SphChkPvii
8007DCB0:SphChkRp__4dBgWFP11dBgS_SphChkPvi
800756C8:SphChk__4dBgSFP11dBgS_SphChkPv
8007DF40:SphChk__4dBgWFP11dBgS_SphChkPv
8008252C:SphChk__8dBgWKColFP11dBgS_SphChkPv
8007D730:SplGrpChkGrpRp__4dBgWFP14dBgS_SplGrpChkii
8007D604:SplGrpChkRp__4dBgWFP14dBgS_SplGrpChki
800755A4:SplGrpChk__4dBgSFP14dBgS_SplGrpChk
8007D870:SplGrpChk__4dBgWFP14dBgS_SplGrpChk
800821C4:SplGrpChk__8dBgWKColFP14dBgS_SplGrpChk
80097BA8:Spot__14d2DBSplinePathFPff
8044B160:Stage__22@unnamed@d_camera_cpp@
801811BC:StartBlure__9dCamera_cFiP10fopAc_ac_cff
80084948:StartCAt__8dCcD_CylFR4cXyz
80084AB8:StartCAt__8dCcD_SphFR4cXyz
80088ABC:StartEventCamera__9dCamera_cFiie
8006FC4C:StartQuake__12dVibration_cFPCUcii4cXyz
8006FB50:StartQuake__12dVibration_cFii4cXyz
8018104C:StartShake__9dCamera_cFlPUcl4cXyz
8006FA64:StartShock__12dVibration_cFii4cXyz
801614F8:Start__9dCamera_cFv
80161534:Stay__9dCamera_cFv
80097944:Step__14d2DBSplinePathFv
80042BBC:Step__14dEvt_control_cFv
8044B850:StopAtNextInt
8006FDD4:StopQuake__12dVibration_cFi
801811A4:StopShake__9dCamera_cFv
8016151C:Stop__9dCamera_cFv
80083764:SubtractEffCounter__22dCcD_GAtTgCoCommonBaseFv
8044AAF8:SwitchThreadCallback
8044ADC0:SyncWidthSound__9mDoDvdThd
80342EBC:SystemCallVector
803CD448:SystemHeapCheck
8039C6E8:T
80346008:TCIntrruptHandler
803CC928:TEVAOpTableST0
803CC93C:TEVAOpTableST1
803CC900:TEVCOpTableST0
803CC914:TEVCOpTableST1
80373660:TRKAccessFile
8037193C:TRKAcquireMutex
8036FA14:TRKAppendBuffer
8036F88C:TRKAppendBuffer1_ui64
8036F728:TRKAppendBuffer_ui32
8036F824:TRKAppendBuffer_ui8
80373670:TRKCloseFile
8036F0D8:TRKConstructEvent
8036F0B4:TRKDestructEvent
80370038:TRKDispatchMessage
803710F8:TRKDoConnect
80370520:TRKDoContinue
80371080:TRKDoDisconnect
8037194C:TRKDoNotifyStopped
80370FD0:TRKDoOverride
80370D7C:TRKDoReadMemory
80370860:TRKDoReadRegisters
80371028:TRKDoReset
803701B0:TRKDoSetOption
80370300:TRKDoStep
80370258:TRKDoStop
80370FC0:TRKDoSupportMask
80370FC8:TRKDoVersions
80370B40:TRKDoWriteMemory
803705D0:TRKDoWriteRegisters
803745A4:TRKEXICallBack
80371CB4:TRKExceptionHandler
8036FB8C:TRKGetBuffer
8036FBB8:TRKGetFreeBuffer
8036FE10:TRKGetInput
8036F1D0:TRKGetNextEvent
803701A8:TRKInitializeDispatcher
8036F284:TRKInitializeEventQueue
803742E8:TRKInitializeIntDrivenUART
8036FC80:TRKInitializeMessageBuffers
80371944:TRKInitializeMutex
8036F328:TRKInitializeNub
8036FCFC:TRKInitializeSerialHandler
80373E3C:TRKInitializeTarget
80371B20:TRKInterruptHandler
80371E14:TRKInterruptHandlerEnableInterrupts
80374084:TRKLoadContext
8036F474:TRKMessageSend
8036EFBC:TRKNubMainLoop
8036F2DC:TRKNubWelcome
80373668:TRKOpenFile
80374270:TRKPollUART
80373678:TRKPositionFile
8036F0F0:TRKPostEvent
803725D0:TRKPostInterruptEvent
8036FDC0:TRKProcessInput
8036F988:TRKReadBuffer
8036F640:TRKReadBuffer1_ui64
8036F4B8:TRKReadBuffer_ui32
8036F5A8:TRKReadBuffer_ui8
80374234:TRKReadUARTN
8036FB28:TRKReleaseBuffer
80371934:TRKReleaseMutex
80371534:TRKRequestSend
8036FAE8:TRKResetBuffer
80373838:TRKRestoreExtended1Block
80373680:TRKSaveExtended1Block
8036FAB8:TRKSetBufferPosition
80371714:TRKSuppAccessFile
80371D50:TRKSwapAndGo
80371EB0:TRKTargetAccessARAM
80373130:TRKTargetAccessDefault
80372AB4:TRKTargetAccessExtended1
8037267C:TRKTargetAccessExtended2
80372C24:TRKTargetAccessFP
80373270:TRKTargetAccessMemory
80372330:TRKTargetAddExceptionInfo
803723B4:TRKTargetAddStopInfo
803745DC:TRKTargetContinue
803721BC:TRKTargetGetPC
80372440:TRKTargetInterrupt
80373224:TRKTargetReadInstruction
80371F74:TRKTargetSetInputPendingPtr
80371F9C:TRKTargetSetStopped
80372284:TRKTargetSingleStep
803721CC:TRKTargetStepOutOfRange
80371F84:TRKTargetStop
80371FAC:TRKTargetStopped
80371FBC:TRKTargetSupportRequest
80373FB4:TRKTargetTranslate
8036F304:TRKTerminateNub
8036FCF4:TRKTerminateSerialHandler
8036FE70:TRKTestForPacket
8037410C:TRKUARTInterruptHandler
803733BC:TRKValidMemory32
803741F8:TRKWriteUARTN
803CD3A8:TRK_ISR_OFFSETS
80449960:TRK_Use_BBA
80373D08:TRK__read_aram
80373B1C:TRK__write_aram
80374168:TRK_board_display
80371A1C:TRK_fill_mem
803719E4:TRK_flush_cache
8037402C:TRK_main
80449958:TRK_mainError
800035C0:TRK_memcpy
80003590:TRK_memset
80371AE4:TRK_ppc_memcpy
804493D0:TRK_saved_exceptionID
8044993C:TRKvalue128_temp
8044F038:T_JOINT_dylKeyTbl
8044A8A0:T_JOINT_resName
80273870:Tan__7cDegreeCFv
803A2110:TelopData
80016730:ThdInit__15mDoMemCd_Ctrl_cFv
80182C80:ThrowCtrAdjust__11dCamSetup_cFv
80182C70:ThrowCushion__11dCamSetup_cFv
80182C68:ThrowTimer__11dCamSetup_cFv
80182C78:ThrowVAngle__11dCamSetup_cFv
8035556C:TimeoutHandler
80078700:ToBack__16dBgS_MoveBgActorFv
80155F0C:ToBack__20daNpcF_MoveBgActor_cFv
80150440:ToBack__23daBaseNpc_moveBgActor_cFv
80187A04:ToCopyPaneMove__14dFile_select_cFv
80187B28:ToErasePaneMove__14dFile_select_cFv
800786F8:ToFore__16dBgS_MoveBgActorFv
80155F04:ToFore__20daNpcF_MoveBgActor_cFv
80150438:ToFore__23daBaseNpc_moveBgActor_cFv
80187310:ToNameMove2__14dFile_select_cFv
80187268:ToNameMove__14dFile_select_cFv
8044BAA8:TokenCB
80271114:TopPlaneYUnder__8cM3dGAabCFf
80083340:TransPosWork__6dBgWSvFP4cXyziii
8007E004:TransPos__4dBgWFRC13cBgS_PolyInfoPvbP4cXyzP5csXyzP5csXyz
8008355C:TransPos__6dBgWSvFRC13cBgS_PolyInfoPvbP4cXyzP5csXyzP5csXyz
80082FD0:TransPos__8dBgWKColFRC13cBgS_PolyInfoPvbP4cXyzP5csXyzP5csXyz
804468D0:TypeCallback
80446890:TypeTime
80269A70:U_GetAtanTable__Fff
80182CD0:U__7cSGlobeCFv
8008E8D4:U__7cSGlobeFRC7cSAngle
80163020:U__9dCamera_cFv
80271100:UnderPlaneYUnder__8cM3dGAabCFf
80340A0C:Undo
80018890:Unlink__7cDylPhsFP30request_of_phase_process_classs
80342698:UnlockSram
803558B0:UnlockedCallback
803466AC:UnlockedHandler
80374198:UnreserveEXI2Port
803431E0:UnsetRun
80181E6C:Up__9dCamera_cFv
8035B12C:UpdateIconOffsets
80350750:UpdateOrigin
8034F328:VIConfigure
8034FB30:VIFlush
8034FCD4:VIGetCurrentFrameBuffer
8034FEA0:VIGetCurrentLine
8034FFA0:VIGetDTVStatus
8034FE04:VIGetNextField
8034FCCC:VIGetNextFrameBuffer
8034FD58:VIGetRetraceCount
8034FF38:VIGetTvFormat
8034E9B0:VIInit
8034FCDC:VISetBlack
8034FC60:VISetNextFrameBuffer
8034E6C0:VISetPostRetraceCallback
8034E67C:VISetPreRetraceCallback
8034EE60:VIWaitForRetrace
8044A934:VOL_BGM_DEFAULT__7Z2Param
8044A97C:VOL_BGM_PAUSING__7Z2Param
8044A958:VOL_BGM_TALKING__7Z2Param
8044A954:VOL_SE_ATMOSPHERE_DEFAULT__7Z2Param
8044A99C:VOL_SE_ATMOSPHERE_PAUSING__7Z2Param
8044A978:VOL_SE_ATMOSPHERE_TALKING__7Z2Param
8044A94C:VOL_SE_CHAR_MOVE_DEFAULT__7Z2Param
8044A994:VOL_SE_CHAR_MOVE_PAUSING__7Z2Param
8044A970:VOL_SE_CHAR_MOVE_TALKING__7Z2Param
8044A948:VOL_SE_CHAR_VOICE_DEFAULT__7Z2Param
8044A990:VOL_SE_CHAR_VOICE_PAUSING__7Z2Param
8044A96C:VOL_SE_CHAR_VOICE_TALKING__7Z2Param
8044A944:VOL_SE_LINK_FOOTNOTE_DEFAULT__7Z2Param
8044A98C:VOL_SE_LINK_FOOTNOTE_PAUSING__7Z2Param
8044A968:VOL_SE_LINK_FOOTNOTE_TALKING__7Z2Param
8044A940:VOL_SE_LINK_MOTION_DEFAULT__7Z2Param
8044A988:VOL_SE_LINK_MOTION_PAUSING__7Z2Param
8044A964:VOL_SE_LINK_MOTION_TALKING__7Z2Param
8044A93C:VOL_SE_LINK_VOICE_DEFAULT__7Z2Param
8044A984:VOL_SE_LINK_VOICE_PAUSING__7Z2Param
8044A960:VOL_SE_LINK_VOICE_TALKING__7Z2Param
8044A950:VOL_SE_OBJECT_DEFAULT__7Z2Param
8044A998:VOL_SE_OBJECT_PAUSING__7Z2Param
8044A974:VOL_SE_OBJECT_TALKING__7Z2Param
8044A938:VOL_SE_SYSTEM_DEFAULT__7Z2Param
8044A980:VOL_SE_SYSTEM_PAUSING__7Z2Param
8044A95C:VOL_SE_SYSTEM_TALKING__7Z2Param
80182A54:V__7cSGlobeCFv
8008FA98:V__7cSGlobeFRC7cSAngle
80163004:V__9dCamera_cFv
80182D1C:Val__11dCamParam_cFli
802737EC:Val__7cDegreeFf
8016C318:Val__7cSAngleCFv
80273428:Val__7cSAngleFRC7cSAngle
8027343C:Val__7cSAngleFf
80273434:Val__7cSAngleFs
80273EA0:Val__7cSGlobeFRC4cXyz
80273D9C:Val__7cSGlobeFRC7cSGlobe
80273E38:Val__7cSGlobeFfRC7cSAngleRC7cSAngle
80273DD4:Val__7cSGlobeFfss
802739EC:Val__7cSPolarFRC4cXyz
80273988:Val__7cSPolarFfss
803582B0:VerifyDir
803584F0:VerifyFAT
8035802C:VerifyID
80182C34:WaitRollSpeed__11dCamSetup_cFv
80182C3C:WaitRollTimer__11dCamSetup_cFv
802508DC:Wait__7dName_cFv
8044B998:WaitingBits
8044B86C:WaitingCoverClose
80446AD8:WaitingQueue
8007C848:WallCorrectGrpRpSort__4dBgWFP9dBgS_Acchii
8007C3A0:WallCorrectGrpRp__4dBgWFP9dBgS_Acchii
8007C754:WallCorrectRpSort__4dBgWFP9dBgS_Acchi
8007C274:WallCorrectRp__4dBgWFP9dBgS_Acchi
800753B4:WallCorrectSort__4dBgSFP9dBgS_Acch
8007C950:WallCorrectSort__4dBgWFP9dBgS_Acch
80080370:WallCorrectSort__8dBgWKColFP9dBgS_Acch
8007528C:WallCorrect__4dBgSFP9dBgS_Acch
8007C4C4:WallCorrect__4dBgWFP9dBgS_Acch
800811E0:WallCorrect__8dBgWKColFP9dBgS_Acch
8041F4F4:WolfAdditionVec__25@unnamed@d_ev_camera_cpp@
8044B878:WorkAroundSeekLocation
8044B874:WorkAroundType
80371E8C:WriteFPSCR
8034238C:WriteSram
8034232C:WriteSramCallback
80346E3C:WriteUARTN
8044AB68:XPatchBits
803CB410:XYNTSC
803CB440:XYPAL
8000CED4:XYZrotM__14mDoMtx_stack_cFRC5csXyz
8000CE9C:XYZrotS__14mDoMtx_stack_cFRC5csXyz
804468B0:XferTime
800320FC:Xinit__9STControlFv
80273EE4:Xyz__7cSGlobeCFv
80273B1C:Xyz__7cSPolarCFv
803CB188:YearDays
80189A70:YesNoCancelMove__14dFile_select_cFv
801F3984:YesNoSelect__12dMenu_save_cFv
801892E8:YesNoSelect__14dFile_select_cFv
8003212C:Yinit__9STControlFv
802C5380:Z2_B_zan_modPitch__FP17Z2SoundHandlePoolUl
802C5338:Z2_E_mm_modPitch__FP17Z2SoundHandlePoolUl
802C52F0:Z2_E_ms_modVol__FP17Z2SoundHandlePoolUl
802C527C:Z2_E_sw_modPitch__FP17Z2SoundHandlePoolUl
8000CF44:ZXYrotM__14mDoMtx_stack_cFRC5csXyz
8000CF0C:ZXYrotS__14mDoMtx_stack_cFRC5csXyz
803CD470:ZeldaHeapCheck
803C9F08:Zenkaku2Code
8039C4D0:Zero
8044B750:ZeroF
8044B758:ZeroPS
803A13A0:ZeroQuat
8042AE34:Zero__4cXyz
8044B2A0:Zero__5csXyz
8044B2C8:_0__7cSAngle
8044B180:_120$14158
8044B184:_120$14614
8044B2D4:_180__7cSAngle
8044B2CC:_1__7cSAngle
8044B2D8:_270__7cSAngle
8044B2D0:_90__7cSAngle
80345088:_ExitProcess
80449964:_MetroTRK_Has_Framing
803527B4:__AICallbackStackSwitch
80352708:__AIDHandler
8044B9CC:__AID_Active
8044B9BC:__AID_Callback
8035268C:__AISHandler
8044B9B8:__AIS_Callback
8044AB80:__AIVersion
8035280C:__AI_SRC_INIT
8044B9C8:__AI_init_flag
803523E4:__AI_set_stream_sample_rate
80352D3C:__ARChecksize
80352D0C:__ARClearInterrupt
80352D2C:__ARGetInterruptStatus
80352C94:__ARHandler
80354630:__ARQCallbackHack
8044BA30:__ARQCallbackHi
8044BA34:__ARQCallbackLo
8044BA38:__ARQChunkSize
80354634:__ARQInterruptServiceRoutine
8044BA28:__ARQRequestPendingHi
8044BA2C:__ARQRequestPendingLo
8044BA18:__ARQRequestQueueHi
8044BA20:__ARQRequestQueueLo
8044BA1C:__ARQRequestTailHi
8044BA24:__ARQRequestTailLo
80354530:__ARQServiceQueueLo
8044AB90:__ARQVersion
8044BA3C:__ARQ_init_flag
8044AB88:__ARVersion
8044BA10:__AR_BlockLength
8044B9F8:__AR_Callback
8044BA04:__AR_ExpansionSize
8044BA0C:__AR_FreeBlocks
8044BA00:__AR_InternalSize
8044B9FC:__AR_Size
8044BA08:__AR_StackPointer
8044BA14:__AR_init_flag
8035A178:__CARDAccess
80357A54:__CARDAllocBlock
80446D00:__CARDBlock
80357E7C:__CARDCheckSum
803554C0:__CARDClearStatus
8035A110:__CARDCompareFileName
80354ECC:__CARDDefaultApiCallback
80446F20:__CARDDiskNone
80355220:__CARDEnableInterrupt
8044BA58:__CARDEncode
80355E54:__CARDEraseSector
80354FDC:__CARDExiHandler
80354F04:__CARDExtHandler
8044BA5A:__CARDFastMode
80359A64:__CARDFormatRegionAsync
80356050:__CARDGetControlBlock
80357C18:__CARDGetDirBlock
803578B0:__CARDGetFatBlock
80356010:__CARDGetFontEncode
8035A340:__CARDIsReadable
8035A20C:__CARDIsWritable
803594B8:__CARDMountCallback
8044ABB2:__CARDPermMask
80356108:__CARDPutControlBlock
803576FC:__CARDRead
80355BE4:__CARDReadSegment
803552E0:__CARDReadStatus
803553D0:__CARDReadVendorID
8035A93C:__CARDSeek
80356018:__CARDSetDiskID
803559C0:__CARDStart
803562BC:__CARDSync
80354ED0:__CARDSyncCallback
803550F4:__CARDTxHandler
80356734:__CARDUnlock
8035519C:__CARDUnlockedHandler
80357DB8:__CARDUpdateDir
80357B6C:__CARDUpdateFatBlock
8044ABB0:__CARDVendorID
80358774:__CARDVerify
8044ABA0:__CARDVersion
80357848:__CARDWrite
80355D18:__CARDWritePage
8044B9C0:__CallbackStack
801447A0:__CreateHeap__12daItemBase_cFv
803488A4:__DBExceptionDestination
8034885C:__DBExceptionDestinationAux
8044B848:__DBInterface
803488B4:__DBIsExceptionMarked
8033CC0C:__DBVECTOR
802A0F60:__DSPHandler
8044AB98:__DSPVersion
80354C0C:__DSP_boot_task
8044BA54:__DSP_curr_task
80354A1C:__DSP_debug_printf
80354A6C:__DSP_exec_task
8044BA50:__DSP_first_task
8044BA40:__DSP_init_flag
80354D98:__DSP_insert_task
8044BA4C:__DSP_last_task
80354E38:__DSP_remove_task
8044BA48:__DSP_tmp_task
8034DE50:__DVDCheckWaitingQueue
8034DD10:__DVDClearWaitingQueue
8034DEA8:__DVDDequeueWaitingQueue
8034A98C:__DVDFSInit
80349B10:__DVDInitWA
80349B50:__DVDInterruptHandler
8044B8AC:__DVDLongFileNameFlag
8034A910:__DVDLowSetWAType
8034A954:__DVDLowTestAlarm
8034DDB0:__DVDPopWaitingQueue
8034DBBC:__DVDPrepareResetAsync
8034E198:__DVDPrintFatalMessage
8034DD48:__DVDPushWaitingQueue
8034E024:__DVDStoreErrorCode
8034DCD8:__DVDTestAlarm
8044B8B0:__DVDThreadQueue
8044AB28:__DVDVersion
80345894:__EXIProbe
8044AB00:__EXIVersion
80368E6C:__FileWrite
8044BAC0:__GDCurrentDL
8035E3C4:__GXAbort
8035D904:__GXCalculateVLim
8035D1F0:__GXCleanGPFifo
8044BA90:__GXCurrentThread
804506A0:__GXData
8035B6B8:__GXDefaultTexRegionCallback
8035B7B4:__GXDefaultTlutRegionCallback
8035D0C8:__GXFifoInit
8035D15C:__GXFifoLink
8035D138:__GXFifoReadDisable
8035D114:__GXFifoReadEnable
80361610:__GXFlushTextureState
8035C10C:__GXInitGX
8035B968:__GXInitRevisionBits
8044BAA0:__GXOverflowCount
8035EB0C:__GXPEInit
8035CF5C:__GXSaveCPUFifoAux
8035ECD0:__GXSendFlushPrim
8035EB80:__GXSetDirtyState
8035EE7C:__GXSetGenMode
803615E0:__GXSetIndirectMask
80362A94:__GXSetMatrixIndex
80360C8C:__GXSetSUTexRegs
80360E08:__GXSetTmemConfig
8035DF3C:__GXSetVAT
8035D848:__GXSetVCD
80362870:__GXSetViewport
8035B7D8:__GXShutdown
803615DC:__GXUpdateBPMask
8044ABB8:__GXVersion
8035D190:__GXWriteFifoIntEnable
8035D1C0:__GXWriteFifoIntReset
80360214:__GetImageTileCount
8033DB84:__LCEnable
80313ACC:__MTGQR7__FUl
8044B790:__OSArenaHi
8044AAD8:__OSArenaLo
8033F6E0:__OSBootDol
8033F25C:__OSBootDolSimple
8033DF8C:__OSCacheInit
80341B80:__OSCallResetFunctions
803419C0:__OSCheckDeadLock
803418C0:__OSCheckMutex
803419F8:__OSCheckMutexes
8033E8A8:__OSContextInit
8044AAD0:__OSCurrHeap
8033CB5C:__OSDBINTSTART
8033CB5C:__OSDBIntegrator
8033CB84:__OSDBJUMPEND
8033CB80:__OSDBJUMPSTART
8033CB80:__OSDBJump
80340068:__OSDispatchInterrupt
80341D00:__OSDoHotReset
8033CC4C:__OSEVEnd
8033CC1C:__OSEVSetNumber
8033CBB4:__OSEVStart
80346C10:__OSEnableBarnacle
80445C10:__OSErrorTable
803C94EC:__OSExceptionLocations
8033C270:__OSFPRInit
8044AAE0:__OSFpscrEnableBits
8033CCFC:__OSGetDIConfig
80343248:__OSGetEffectivePriority
8033CBA0:__OSGetExceptionHandler
8033F158:__OSGetExecParams
8033FBF8:__OSGetInterruptHandler
80344BB8:__OSGetSystemTime
8044B768:__OSInIPL
8033D774:__OSInitAudioSystem
8034138C:__OSInitMemoryProtection
803424A4:__OSInitSram
80342EDC:__OSInitSystemCall
8033FC0C:__OSInterruptInit
8044B74C:__OSIsGcam
8044B7B8:__OSLastInterrupt
8044B7B4:__OSLastInterruptSrr0
8044B7C0:__OSLastInterruptTime
8033E080:__OSLoadFPUContext
803425E0:__OSLockSram
8034263C:__OSLockSramEx
8033FF58:__OSMaskInterrupts
80340E18:__OSModuleInit
8033CCA8:__OSPSInit
80343444:__OSPromoteThread
80341A6C:__OSReboot
80445BF0:__OSRebootParams
8044ACD9:__OSReport_Error_disable
8044ACE0:__OSReport_MonopolyThread
8044ACDB:__OSReport_System_disable
8044ACDA:__OSReport_Warning_disable
8044ACD8:__OSReport_disable
8044ACDC:__OSReport_enable
803436BC:__OSReschedule
80341F80:__OSResetSWInterruptHandler
8033E1A4:__OSSaveFPUContext
8033CB84:__OSSetExceptionHandler
8033FBDC:__OSSetInterruptHandler
8044B770:__OSStartTime
8033D930:__OSStopAudioSystem
80342A1C:__OSSyncSram
80342ED8:__OSSystemCallVectorEnd
80342EBC:__OSSystemCallVectorStart
80342FB8:__OSThreadInit
80344C1C:__OSTimeToSystemTime
8033EC34:__OSUnhandledException
80341680:__OSUnlockAllMutex
803429D4:__OSUnlockSram
803429F8:__OSUnlockSramEx
8033FFE0:__OSUnmaskInterrupts
8044AAC0:__OSVersion
8044B9C4:__OldStack
80352090:__PADDisableRecalibration
8044B838:__PADFixBits
8044B9B0:__PADSpec
8044AB60:__PADVersion
80348C64:__PSMTXRotAxisRadInternal
8033FB90:__RAS_OSDisableInterrupts_begin
8033FB9C:__RAS_OSDisableInterrupts_end
803479E4:__SITransfer
8044AB08:__SIVersion
80360BEC:__SetSURegs
8036AC28:__StringRead
80368E00:__StringWrite
80373E88:__TRK_copy_vectors
80371AD4:__TRK_get_MSR
80005518:__TRK_reset
80371ADC:__TRK_set_MSR
8037462C:__TRK_write_console
8034FFDC:__VIDisplayPositionToXY
803501F8:__VIGetCurrentPosition
8034E7AC:__VIInit
8034E408:__VIRetraceHandler
8044AB50:__VIVersion
8044BAD0:__aborting
8008E910:__ami__4cXyzFRC3Vec
80273618:__ami__7cSAngleFRC7cSAngle
802736E4:__amu__7cSAngleFf
8008E944:__apl__4cXyzFRC3Vec
8026988C:__apl__5csXyzFR5csXyz
80273604:__apl__7cSAngleFRC7cSAngle
80273684:__apl__7cSAngleFs
80031EF0:__arraydtor$3839
80031EAC:__arraydtor$4479
80028328:__arraydtor$5375
80327C9C:__as__10J3DFogInfoFRC10J3DFogInfo
802BBEC8:__as__10JAISoundIDFRC10JAISoundID
80327B60:__as__12J3DLightInfoFRC12J3DLightInfo
80327BB4:__as__13J3DTexMtxInfoFRC13J3DTexMtxInfo
80327D18:__as__15J3DNBTScaleInfoFRC15J3DNBTScaleInfo
80327C78:__as__16J3DIndTexMtxInfoFRC16J3DIndTexMtxInfo
80097818:__as__4cXyzFRC4cXyz
80182CF4:__as__7cSAngleFRC7cSAngle
8008E7B4:__as__7cSGlobeFRC7cSGlobe
8044BAD4:__atexit_curr_func
80447580:__atexit_funcs
80367904:__begin_critical_region
80003100:__check_pad3
8028EF50:__cl__Q214JStudio_JStage77TVariableValueOutput_object_<Q214JStudio_JStage12TAdaptor_fog,Q26JStage4TFog>CFfPQ27JStudio8TAdaptor
8028DA10:__cl__Q214JStudio_JStage81TVariableValueOutput_object_<Q214JStudio_JStage14TAdaptor_actor,Q26JStage6TActor>CFfPQ27JStudio8TAdaptor
8028E974:__cl__Q214JStudio_JStage83TVariableValueOutput_object_<Q214JStudio_JStage15TAdaptor_camera,Q26JStage7TCamera>CFfPQ27JStudio8TAdaptor
8028D494:__cl__Q314JStudio_JStage14TAdaptor_actor26TVVOutput_ANIMATION_FRAME_CFfPQ27JStudio8TAdaptor
8028F67C:__cl__Q314JStudio_JStage14TAdaptor_light20TVVOutput_direction_CFfPQ27JStudio8TAdaptor
802902FC:__cl__Q315JStudio_JAudio214TAdaptor_sound13TVVOSetValue_CFfPQ27JStudio8TAdaptor
802883FC:__cl__Q37JStudio14TVariableValue13TOutput_none_CFfPQ27JStudio8TAdaptor
8028AD5C:__cl__Q37JStudio28@unnamed@jstudio_object_cpp@54TOutputVariableValue_BOOL_<Q27JStudio14TAdaptor_actor>CFfPQ27JStudio8TAdaptor
8028ACA4:__cl__Q37JStudio28@unnamed@jstudio_object_cpp@54TOutputVariableValue_BOOL_<Q27JStudio14TAdaptor_light>CFfPQ27JStudio8TAdaptor
8028ABEC:__cl__Q37JStudio28@unnamed@jstudio_object_cpp@54TOutputVariableValue_BOOL_<Q27JStudio14TAdaptor_sound>CFfPQ27JStudio8TAdaptor
8028AD00:__cl__Q37JStudio28@unnamed@jstudio_object_cpp@55TOutputVariableValue_BOOL_<Q27JStudio15TAdaptor_camera>CFfPQ27JStudio8TAdaptor
8028AC48:__cl__Q37JStudio28@unnamed@jstudio_object_cpp@57TOutputVariableValue_BOOL_<Q27JStudio17TAdaptor_particle>CFfPQ27JStudio8TAdaptor
80365518:__close_all
8036B638:__close_console
8044BADC:__console_exit
8039C2F0:__constants
803641FC:__construct_array
803643B0:__construct_new_array
803640D8:__copy
803688AC:__copy_longs_aligned
80368804:__copy_longs_rev_aligned
80368698:__copy_longs_rev_unaligned
80368744:__copy_longs_unaligned
8044BA64:__cpReg
8019F434:__ct__10BOSS_LIGHTFv
802263EC:__ct__10COutFont_cFUc
80057038:__ct__10EF_MUD_EFFFv
802FE5B4:__ct__10J2DPictureFP7J2DPaneP20JSURandomInputStreamP10JKRArchive
802FE670:__ct__10J2DPictureFP7J2DPaneP20JSURandomInputStreamP11J2DMaterial
802FEBA4:__ct__10J2DPictureFPC7ResTIMG
802FEC9C:__ct__10J2DPictureFUxRCQ29JGeometry8TBox2<f>PC7ResTIMGPC7ResTLUT
802FE4EC:__ct__10J2DPictureFv
80301B74:__ct__10J2DTextBoxFP7J2DPaneP20JSURandomInputStreamP10JKRArchive
80301BF8:__ct__10J2DTextBoxFP7J2DPaneP20JSURandomInputStreamUlP11J2DMaterial
80302060:__ct__10J2DTextBoxFUxRCQ29JGeometry8TBox2<f>PC7ResFONTPCcs18J2DTextBoxHBinding18J2DTextBoxVBinding
80301AFC:__ct__10J2DTextBoxFv
8000E538:__ct__10J3DGXColorFv
802BBD9C:__ct__10JAISoundIDFRC10JAISoundID
802BBFA0:__ct__10JAISoundIDFUl
8029CC30:__ct__10JASChannelFPFUlP10JASChannelPQ26JASDsp8TChannelPv_vPv
8029A71C:__ct__10JASDrumSetFv
80295CEC:__ct__10JASSeqCtrlFv
8029C56C:__ct__10JASWaveArcFv
802A74A0:__ct__10JAUSectionFP14JAUSectionHeapUll
80274528:__ct__10JFWDisplayFP7JKRHeapQ26JUTXfb10EXfbNumberb
802D8730:__ct__10JKRArchiveFlQ210JKRArchive10EMountMode
802DBA94:__ct__10JKRDvdFileFPCc
802DBB3C:__ct__10JKRDvdFileFl
802DBA20:__ct__10JKRDvdFileFv
802D14CC:__ct__10JKRExpHeapFPvUlP7JKRHeapb
8027FC04:__ct__10JPATextureFPCUc
802DE298:__ct__10JSUPtrLinkFPv
802DE310:__ct__10JSUPtrListFb
802E9908:__ct__10JUTConsoleFUiUib
802E25E4:__ct__10JUTDbPrintFP7JUTFontP7JKRHeap
802E2B78:__ct__10JUTGamePadFQ210JUTGamePad8EPadPort
802E0E7C:__ct__10JUTNameTabFPC7ResNTAB
802E0E3C:__ct__10JUTNameTabFv
802E7D24:__ct__10JUTProcBarFv
802E1430:__ct__10JUTResFontFPC7ResFONTP7JKRHeap
802E13E4:__ct__10JUTResFontFv
80056F54:__ct__10VRKUMO_EFFFv
802BF570:__ct__10Z2AudienceFv
802CF6E4:__ct__10Z2AudioMgrFv
802C2864:__ct__10Z2CreatureFv
802C8138:__ct__10Z2EnvSeDirFP3Vec
802C85B8:__ct__10Z2EnvSeMgrFv
802B8C80:__ct__10Z2SceneMgrFv
802AC2C0:__ct__10Z2SoundMgrFv
800307F0:__ct__10dAttDraw_cFv
8003050C:__ct__10dAttList_cFv
800837A0:__ct__10dCcD_GSttsFv
80053A00:__ct__10dDlst_2D_cFP7ResTIMGssssUc
8019AFA0:__ct__10dGov_HIO_cFv
8025841C:__ct__10dLog_HIO_cFv
8024B868:__ct__10dMsgFlow_cFv
802395A8:__ct__10dMsgUnit_cFv
801FA524:__ct__10dMw_DHIO_cFv
80254D08:__ct__10dOvlpFd2_cFv
802557B4:__ct__10dOvlpFd3_cFv
80030D74:__ct__10dSv_zone_cFv
80018B64:__ct__10fopAc_ac_cFv
800570A8:__ct__11EF_EVIL_EFFFv
802EC648:__ct__11J2DMaterialFv
802F400C:__ct__11J2DTevOrderFv
802F65AC:__ct__11J2DTevStageFRC15J2DTevStageInfo
802F3DDC:__ct__11J2DTevStageFv
802ED6FC:__ct__11J2DTexCoordFv
80303130:__ct__11J2DWindowExFP7J2DPaneP20JSURandomInputStreamUlP11J2DMaterial
8032CCC4:__ct__11J3DAnmColorFv
80330838:__ct__11J3DDeformerFP13J3DDeformData
80018C0C:__ct__11J3DLightObjFv
80338AEC:__ct__11J3DMaterialFv
8000E140:__ct__11J3DTevOrderFv
8003AACC:__ct__11J3DTevStageFRC15J3DTevStageInfo
8000E230:__ct__11J3DTevStageFv
8000E464:__ct__11J3DTexCoordFv
8003B240:__ct__11J3DTexNoAnmFv
802D52E0:__ct__11JKRAramHeapFUlUl
802D3918:__ct__11JKRDisposerFv
8027FB60:__ct__11JPAKeyBlockFPCUc
80276440:__ct__11JPAResourceFv
802C7D38:__ct__11Z2EnvSeBaseFP3Vec
802BCC1C:__ct__11Z2FxLineMgrFv
802B835C:__ct__11Z2StatusMgrFv
80030D38:__ct__11cBgS_ChkElmFv
8026A04C:__ct__11cBgS_GndChkFv
8026A18C:__ct__11cBgS_LinChkFv
8007A224:__ct__11cBgW_GrpElmFv
80079204:__ct__11cBgW_RwgElmFv
80079794:__ct__11cBgW_TriElmFv
80070078:__ct__11dAttParam_cFl
800775BC:__ct__11dBgS_GndChkFv
80077CA8:__ct__11dBgS_LinChkFv
80078A54:__ct__11dBgS_SphChkFv
800791A4:__ct__11dBgS_WtrChkFv
800884A4:__ct__11dCamBGChk_cFv
80088530:__ct__11dCamParam_cFl
800886A8:__ct__11dCamSetup_cFv
800466E0:__ct__11dEvDtBase_cFv
800433F0:__ct__11dEvt_info_cFv
8020E1B8:__ct__11dMeterMap_cFP9J2DScreen
8003A260:__ct__11dRes_info_cFv
8014E714:__ct__11daBaseNpc_cFv
80018944:__ct__11fapGm_HIO_cFv
80056FC8:__ct__12EF_ODOUR_EFFFv
802ED71C:__ct__12J2DColorChanFv
802ED7BC:__ct__12J2DIndTexMtxFv
80305B88:__ct__12J2DPictureExFP7J2DPaneP20JSURandomInputStreamUlP11J2DMaterial
802EDD28:__ct__12J2DTevBlock1Fv
802EEA54:__ct__12J2DTevBlock2Fv
802EFD58:__ct__12J2DTevBlock4Fv
802F1200:__ct__12J2DTevBlock8Fv
80309680:__ct__12J2DTextBoxExFP7J2DPaneP20JSURandomInputStreamUlP11J2DMaterial
8000E47C:__ct__12J3DColorChanFv
8000E0F0:__ct__12J3DIndTexMtxFv
80327EB4:__ct__12J3DJointTreeFv
80314DE4:__ct__12J3DMatPacketFv
8032823C:__ct__12J3DModelDataFv
80316F58:__ct__12J3DShapeDrawFPCUcUl
8032EB80:__ct__12J3DSkinNListFv
8003B2A0:__ct__12J3DTexMtxAnmFv
802A5174:__ct__12JAISoundInfoFb
802A5FA8:__ct__12JAIStreamMgrFb
8029A1A8:__ct__12JASBasicBankFv
8029A444:__ct__12JASBasicInstFv
802DD3B8:__ct__12JKRADCommandFv
802D5E88:__ct__12JKRAMCommandFv
802D57A0:__ct__12JKRAramBlockFUlUlUlUcb
802D6AD4:__ct__12JKRArcFinderFP10JKRArchivell
802D6C0C:__ct__12JKRDvdFinderFPCc
802D6F50:__ct__12JKRFileCacheFPCcPCc
802D2FCC:__ct__12JKRSolidHeapFPvUlP7JKRHeapb
8027CB0C:__ct__12JPABaseShapeFPCUcP7JKRHeap
802DF624:__ct__12JUTCacheFontFPC7ResFONTUlP7JKRHeap
802E41F8:__ct__12JUTExceptionFP14JUTDirectPrint
802E0FF4:__ct__12JUTGraphFifoFUl
802C43F0:__ct__12Z2CreatureFMFv
802C4A14:__ct__12Z2CreatureOIFv
802B0F44:__ct__12Z2MultiSeMgrFv
802ADB50:__ct__12Z2MultiSeObjFv
802CE0FC:__ct__12Z2SpeechMgr2Fv
800701D8:__ct__12dAttention_cFP10fopAc_ac_cUl
80075EEC:__ct__12dBgS_AcchCirFv
80079034:__ct__12dBgS_RoofChkFv
80083A68:__ct__12dCcD_GObjInfFv
80085390:__ct__12dCcMassS_MngFv
80085608:__ct__12dCcMassS_ObjFv
80052B00:__ct__12dDlst_2DT2_cFv
800560F0:__ct__12dDlst_list_cFv
800415D4:__ct__12dEvt_order_cFv
8019240C:__ct__12dFile_info_cFP10JKRArchiveUc
801BB458:__ct__12dMenu_Dmap_cFP10JKRExpHeapP9STControlP10CSTControlUcUc
801C66A4:__ct__12dMenu_Fmap_cFP10JKRExpHeapP9STControlP10CSTControlUcUcUcffUc
801E9854:__ct__12dMenu_Ring_cFP10JKRExpHeapP9STControlP10CSTControlUc
801EFDFC:__ct__12dMenu_save_cFv
8024B608:__ct__12dMsgString_cFUc
8024B588:__ct__12dMsgString_cFv
80030DB0:__ct__12dSv_memory_cFv
80140BD4:__ct__12daAlinkHIO_cFv
80048D60:__ct__12diff_model_cFv
80226310:__ct__13COutFontSet_cFv
80257774:__ct__13CPaneMgrAlphaFP9J2DScreenUxUcP10JKRExpHeap
80257764:__ct__13CPaneMgrAlphaFv
8019F474:__ct__13DUNGEON_LIGHTFv
802F402C:__ct__13J2DGXColorS10Fv
802EBB6C:__ct__13J2DOrthoGraphFffffff
802EBB0C:__ct__13J2DOrthoGraphFv
802F2680:__ct__13J2DTevBlock16Fv
80330694:__ct__13J3DDeformDataFv
80314C14:__ct__13J3DDrawPacketFv
8000E460:__ct__13J3DGXColorS10Fv
8032EE08:__ct__13J3DSkinDeformFv
80313394:__ct__13J3DVertexDataFv
802987D8:__ct__13JASAramStreamFv
8029F724:__ct__13JASDSPChannelFv
8029E2C4:__ct__13JASOscillatorFv
80291AF4:__ct__13JASTaskThreadFiiUl
802D6054:__ct__13JKRAramStreamFl
802D3760:__ct__13JKRAssertHeapFPvUlP7JKRHeapb
802DA08C:__ct__13JKRDvdArchiveFlQ210JKRArchive15EMountDirection
802D658C:__ct__13JKRFileLoaderFv
802D8F08:__ct__13JKRMemArchiveFPvUl15JKRMemBreakFlag
802D8E54:__ct__13JKRMemArchiveFlQ210JKRArchive15EMountDirection
8027D468:__ct__13JPAChildShapeFPCUc
8027D56C:__ct__13JPAExTexShapeFPCUc
8027D1B8:__ct__13JPAExtraShapeFPCUc
8027F4B8:__ct__13JPAFieldBlockFPCUcP7JKRHeap
802EAC94:__ct__13JUTDirectFileFv
802E6568:__ct__13JUTExternalFBFP16_GXRenderModeObj8_GXGammaPvUl
802BEB98:__ct__13Z2AudioCameraFv
802C1D60:__ct__13Z2SoundObjMgrFv
802CCF5C:__ct__13Z2WolfHowlMgrFv
8026A4A4:__ct__13cBgS_PolyInfoFv
8026A3B8:__ct__13cBgS_ShdwDrawFv
8007925C:__ct__13cBgW_NodeTreeFv
80030244:__ct__13dComIfG_inf_cFv
80038020:__ct__13dDemo_actor_cFv
801F791C:__ct__13dMenu_Skill_cFP10JKRExpHeapP9STControlP10CSTControl
80210324:__ct__13dMeter2Draw_cFP10JKRExpHeap
8021C4AC:__ct__13dMeter2Info_cFv
8004BACC:__ct__13dPa_control_cFv
80030D80:__ct__13dSv_memory2_cFv
8015764C:__ct__13daNpcCd_HIO_cFv
80030A2C:__ct__13mDoExt_bckAnmFv
800309E4:__ct__13mDoExt_bpkAnmFv
8003099C:__ct__13mDoExt_brkAnmFv
80030954:__ct__13mDoExt_btkAnmFv
8000F950:__ct__13mDoExt_morf_cFv
802EAFA4:__ct__14J2DGrafContextFffff
802F3D3C:__ct__14J2DIndTevStageFv
802ED814:__ct__14J2DIndTexOrderFv
8032CF9C:__ct__14J3DAnmColorKeyFv
8032C738:__ct__14J3DAnmVtxColorFv
80313A7C:__ct__14J3DDrawMtxDataFv
8000E14C:__ct__14J3DIndTevStageFv
8000E128:__ct__14J3DIndTexOrderFv
8003B2F4:__ct__14J3DMatColorAnmFv
80336B28:__ct__14J3DModelLoaderFv
80314FBC:__ct__14J3DShapePacketFv
8003B1E0:__ct__14J3DTevColorAnmFv
802A6F04:__ct__14JAISoundHandleFv
8029F10C:__ct__14JASAudioThreadFiiUl
802A8420:__ct__14JAUSectionHeapFP12JKRSolidHeapbl
802D955C:__ct__14JKRAramArchiveFlQ210JKRArchive15EMountDirection
802DAC70:__ct__14JKRCompArchiveFlQ210JKRArchive15EMountDirection
80280A7C:__ct__14JPABaseEmitterFv
802E6684:__ct__14JUTDirectPrintFv
802C57D8:__ct__14Z2CreatureLinkFv
802C7498:__ct__14Z2CreatureRideFv
802C8368:__ct__14Z2EnvSeAutoPanFv
802AD4BC:__ct__14Z2SoundHandlesFv
802C0330:__ct__14Z2SoundObjBaseFv
802ACFD4:__ct__14Z2SoundStarterFb
80077DE4:__ct__14dBgS_CamLinChkFv
80077F9C:__ct__14dBgS_ObjLinChkFv
80078BF0:__ct__14dBgS_SplGrpChkFv
80192EE8:__ct__14dBrightCheck_cFP10JKRArchive
80038F54:__ct__14dDemo_object_cFv
800304CC:__ct__14dDlst_window_cFv
80041580:__ct__14dEvt_control_cFv
801836B8:__ct__14dFile_select_cFP10JKRArchive
801B7EE0:__ct__14dMenu_DmapBg_cFP10JKRExpHeapP9STControl
801D8188:__ct__14dMenu_Insect_cFP10JKRExpHeapP9STControlP10CSTControlUc
801DCE34:__ct__14dMenu_Letter_cFP10JKRExpHeapP9STControlP10CSTControl
801E2244:__ct__14dMenu_Option_cFP10JKRArchiveP9STControl
80201A24:__ct__14dMeterButton_cFv
8020B6FC:__ct__14dMeterHaihai_cFUc
8020F5D0:__ct__14dMeterString_cFi
8023CFBC:__ct__14dMsgScrnBase_cFv
8023D4A8:__ct__14dMsgScrnBoss_cFv
80241B7C:__ct__14dMsgScrnHowl_cFv
8023F7CC:__ct__14dMsgScrnItem_cFUcUcP10JKRExpHeap
802484E0:__ct__14dMsgScrnTalk_cFUcUcP10JKRExpHeap
8024A10C:__ct__14dMsgScrnTree_cFP7JUTFontP10JKRExpHeap
8015A524:__ct__14daNpcCd2_HIO_cFv
8015E444:__ct__14daObj_SSBase_cFv
8015ED5C:__ct__14daPy_anmHeap_cFUl
8000FC4C:__ct__14mDoExt_McaMorfFP12J3DModelDataP25mDoExt_McaMorfCallBack1_cP25mDoExt_McaMorfCallBack2_cP15J3DAnmTransformifiiiPvUlUl
8032CDD8:__ct__15J3DAnmColorFullFv
8032D2B4:__ct__15J3DAnmTevRegKeyFv
8032B2DC:__ct__15J3DAnmTransformFsPfPsPf
80339614:__ct__15J3DJointFactoryFRC13J3DJointBlock
803397EC:__ct__15J3DShapeFactoryFRC13J3DShapeBlock
8003B18C:__ct__15J3DTevKColorAnmFv
802A53AC:__ct__15JAISoundStarterFb
8029F4E4:__ct__15JASAudioReseterFv
802A8D34:__ct__15JAUSeqDataBlockFv
802D3E38:__ct__15JKRThreadSwitchFP7JKRHeap
8019F4B8:__ct__15LIGHT_INFLUENCEFv
8019F4B4:__ct__15WIND_INF_ENTITYFv
802C3400:__ct__15Z2CreatureEnemyFv
802C0FD4:__ct__15Z2SoundObjAnimeFv
802C0F78:__ct__15Z2SoundObjArrowFv
802C7954:__ct__15Z2SoundObjCoachFv
802CF454:__ct__15Z2SpeechStarterFv
80070198:__ct__15dAttDrawParam_cFv
80078144:__ct__15dBgS_BombLinChkFv
80077BE0:__ct__15dBgS_GrpPassChkFv
80078070:__ct__15dBgS_LinkLinChkFv
800783CC:__ct__15dBgS_RopeLinChkFv
80191B84:__ct__15dFile_warning_cFP10JKRArchiveUc
801AE8F8:__ct__15dKantera_icon_cFv
801B7880:__ct__15dMenu_Collect_cFP10JKRExpHeapP9STControlP10CSTControl
801C4D14:__ct__15dMenu_Fishing_cFP10JKRExpHeapP9STControlP10CSTControl
801CEC98:__ct__15dMenu_FmapMap_cFv
8020CB90:__ct__15dMeterHakusha_cFPv
8023C894:__ct__15dMsgScrnArrow_cFv
80246E38:__ct__15dMsgScrnLight_cFUcUc
802478D0:__ct__15dMsgScrnPlace_cFv
80248024:__ct__15dMsgScrnStaff_cFUc
801968D4:__ct__15dShopItemCtrl_cFv
80048CB4:__ct__15dSmplMdl_draw_cFv
800126BC:__ct__15mDoExt_3Dline_cFv
80011348:__ct__15mDoExt_McaMorf2FP12J3DModelDataP25mDoExt_McaMorfCallBack1_cP25mDoExt_McaMorfCallBack2_cP15J3DAnmTransformP15J3DAnmTransformifiiP10Z2CreatureUlUl
8001672C:__ct__15mDoMemCd_Ctrl_cFv
8002AE6C:__ct__15renderingAmap_cFv
801C04DC:__ct__15renderingDmap_cFv
8032D374:__ct__16J3DAnmTexPatternFv
80331A6C:__ct__16J3DMaterialTableFv
802A2DD4:__ct__16JAISeCategoryMgrFv
8029A928:__ct__16JASBasicWaveBankFv
80295A74:__ct__16JASRegisterParamFv
802A8AE0:__ct__16JAUSeqCollectionFv
802DE20C:__ct__16JKRDecompCommandFv
8027DF48:__ct__16JPADynamicsBlockFPCUc
802BE2B4:__ct__16Z2AudibleChannelFv
802ABE74:__ct__16Z2AudioArcLoaderFP10JAUSection
802C4084:__ct__16Z2CreatureSumomoFv
802C0C84:__ct__16Z2SoundObjSimpleFv
80078218:__ct__16dBgS_ArrowLinChkFv
800784A0:__ct__16dBgS_HorseLinChkFv
80078664:__ct__16dBgS_MoveBgActorFv
80078DA4:__ct__16dBgS_PolyPassChkFv
80046688:__ct__16dEvent_manager_cFv
801902C8:__ct__16dFile_select3D_cFv
801C26D8:__ct__16dMenuMapCommon_cFv
801FFCB0:__ct__16dMeter_drawHIO_cFv
80200DC4:__ct__16dMeter_fmapHIO_cFv
801FEA28:__ct__16dMeter_menuHIO_cFv
802008A8:__ct__16dMeter_ringHIO_cFv
80233684:__ct__16dMsgObject_HIO_cFv
80245768:__ct__16dMsgScrnJimaku_cFUcP10JKRExpHeap
802461BC:__ct__16dMsgScrnKanban_cFP10JKRExpHeap
8024AD1C:__ct__16dMsgStringBase_cFv
8025368C:__ct__16dNpcLib_lookat_cFv
8004B060:__ct__16dPa_simpleData_cFv
801941E0:__ct__16dSelect_cursor_cFUcfP10JKRArchive
8014D9E4:__ct__16daBaseNpc_path_cFv
80141138:__ct__16daPy_actorKeep_cFv
80140DCC:__ct__16daPy_frameCtrl_cFv
800107D0:__ct__16mDoExt_McaMorfSOFP12J3DModelDataP25mDoExt_McaMorfCallBack1_cP25mDoExt_McaMorfCallBack2_cP15J3DAnmTransformifiiP10Z2CreatureUlUl
80257FE0:__ct__17CPaneMgrAlphaMorfFP9J2DScreenUxUcP10JKRExpHeap
8032C97C:__ct__17J3DAnmVtxColorKeyFv
80292C78:__ct__17JASGenericMemPoolFv
8029B0C4:__ct__17JASSimpleWaveBankFv
802A6B80:__ct__17JAUAudioArcLoaderFP10JAUSection
802800D0:__ct__17JPAEmitterManagerFUlUlP7JKRHeapUcUc
8027FCD0:__ct__17JPAResourceLoaderFPCUcP18JPAResourceManager
802EA668:__ct__17JUTConsoleManagerFv
802C30AC:__ct__17Z2CreatureCitizenFv
80056344:__ct__17dDlst_shadowTri_cFv
801AFD08:__ct__17dMenu_Collect2D_cFP10JKRExpHeapP9STControlP10CSTControl
801B6414:__ct__17dMenu_Collect3D_cFP10JKRExpHeapP17dMenu_Collect2D_cP10CSTControl
801D5C44:__ct__17dMenu_Fmap2DTop_cFP10JKRExpHeapP9STControl
80239B44:__ct__17dMsgScrn3Select_cFv
8023DB48:__ct__17dMsgScrnExplain_cFP9STControlUcbUc
801578FC:__ct__17daNpcCd_HIO_Jnt_cFv
8022A138:__ct__17jmessage_tControlFv
80015944:__ct__17mDoDvdThd_param_cFv
802F4F6C:__ct__18J2DMaterialFactoryFRC16J2DMaterialBlock
8032C7A8:__ct__18J3DAnmVtxColorFullFv
80332488:__ct__18J3DMaterialFactoryFRC16J3DMaterialBlock
803326D0:__ct__18J3DMaterialFactoryFRC18J3DMaterialDLBlock
802A9860:__ct__18JAUStreamFileTableFv
802A717C:__ct__18JAU_JAIInitializerFv
802A6F10:__ct__18JAU_JASInitializerFv
80276240:__ct__18JPAResourceManagerFPCvP7JKRHeap
802DEAD4:__ct__18JSUFileInputStreamFP7JKRFile
802C6D84:__ct__18Z2LinkSoundStarterFv
802C76D0:__ct__18Z2RideSoundStarterFP14Z2CreatureRide
802C41AC:__ct__18Z2SoundObjBeeGroupFv
80077A40:__ct__18dBgS_CamGndChk_WtrFv
800777F0:__ct__18dBgS_ObjGndChk_SplFv
800776B8:__ct__18dBgS_ObjGndChk_WtrFv
800562D0:__ct__18dDlst_shadowReal_cFv
801CF5E0:__ct__18dMenu_Fmap2DBack_cFv
802013D0:__ct__18dMeter_cursorHIO_cFv
8019F2A8:__ct__18dScnKy_env_light_cFv
800CFD2C:__ct__18daAlink_footData_cFv
8014D850:__ct__18daBaseNpc_acMngr_cFv
8015A7D4:__ct__18daNpcCd2_HIO_Jnt_cFv
8019F3C0:__ct__19GB_MAPLE_COL_CHANGEFv
8030B72C:__ct__19J2DAnmKeyLoader_v15Fv
802ED768:__ct__19J2DIndTexCoordScaleFv
802F3DD0:__ct__19J2DTevSwapModeTableFv
8033A97C:__ct__19J3DAnmKeyLoader_v15Fv
8032C2F8:__ct__19J3DAnmTextureSRTKeyFv
8000E0E4:__ct__19J3DIndTexCoordScaleFv
8000E134:__ct__19J3DTevSwapModeTableFv
802BE688:__ct__19Z2Audience3DSettingFv
8002F314:__ct__19dComIfG_resLoader_cFv
801DA7C8:__ct__19dMenu_ItemExplain_cFP10JKRExpHeapP10JKRArchiveP9STControlb
80200BB0:__ct__19dMeter_mapIconHIO_cFv
80246C60:__ct__19dMsgScrnLight_HIO_cFv
80049580:__ct__19dPa_followEcallBackFUcUc
8004ADF4:__ct__19dPa_simpleEcallBackFv
801941A4:__ct__19dSelect_cursorHIO_cFv
8002839C:__ct__19dStage_roomStatus_cFv
801578A4:__ct__19daNpcCd_HIO_Child_cFv
80229250:__ct__19jmessage_tReferenceFv
80015B74:__ct__19mDoDvdThd_command_cFv
80140E78:__ct__19mDoExt_AnmRatioPackFv
8000E654:__ct__19mDoExt_invJntPacketFv
80264A90:__ct__20DynamicModuleControlFPCc
8030C184:__ct__20J2DAnmFullLoader_v15Fv
8033A904:__ct__20J3DAnmFullLoader_v15Fv
80336668:__ct__20J3DClusterLoader_v15Fv
802D6524:__ct__20JKRAramStreamCommandFv
800782F8:__ct__20dBgS_BoomerangLinChkFv
8005638C:__ct__20dDlst_shadowSimple_cFv
80233404:__ct__20dMsgObject_HowlHIO_cFv
80015C18:__ct__20mDoDvdThd_callback_cFPFPv_PvPv
802C09E0:__ct__21Z2DopplerSoundObjBaseFv
80077EB8:__ct__21dBgS_CamLinChk_NorWtrFv
8025FED4:__ct__21dDlst_TimerScrnDraw_cFv
801FF088:__ct__21dMeter_drawSkillHIO_cFv
8015A854:__ct__21daNpcCd2_HIO_MChild_cFv
8015A77C:__ct__21daNpcCd2_HIO_WChild_cFv
80016338:__ct__21mDoDvdThd_toMainRam_cFUc
800284B8:__ct__21stage_tgsc_data_classFv
80335240:__ct__22J3DMaterialFactory_v21FRC20J3DMaterialBlock_v21
802A6684:__ct__22JAUAudioArcInterpreterFv
801FEFD4:__ct__22dMeter_drawInsectHIO_cFv
801FECC4:__ct__22dMeter_drawLetterHIO_cFv
801FEBE4:__ct__22dMeter_drawOptionHIO_cFv
8025B804:__ct__22dScnPly_env_debugHIO_cFv
8025B7DC:__ct__22dScnPly_env_otherHIO_cFv
8025E4D8:__ct__22dSvBit_childOtherHIO_cFv
802A8E98:__ct__23JAUDynamicSeqDataBlocksFv
801FEA40:__ct__23dMeter_drawCollectHIO_cFv
801FEE28:__ct__23dMeter_drawFishingHIO_cFv
8025E244:__ct__23dSvBit_childItZoneHIO_cFv
8025E04C:__ct__23dSvBit_childSwZoneHIO_cFv
8014F500:__ct__23daBaseNpc_moveBgActor_cFv
802646B4:__ct__24DynamicModuleControlBaseFv
8019B900:__ct__24dDlst_GameOverScrnDraw_cFP10JKRArchive
801FF6E8:__ct__24dMeter_drawMiniGameHIO_cFv
80230434:__ct__24jmessage_string_tControlFv
80015DA4:__ct__24mDoDvdThd_mountArchive_cFUc
8028094C:__ct__25JSUList<14JPABaseEmitter>Fv
800304C8:__ct__25dComIfG_camera_info_classFv
801FF1E8:__ct__25dMeter_drawEmpButtonHIO_cFv
801FFA14:__ct__25dMeter_drawLightDropHIO_cFv
8025E3A0:__ct__25dSvBit_childDarknessHIO_cFv
80016168:__ct__25mDoDvdThd_mountXArchive_cFUcQ210JKRArchive10EMountMode
802809B8:__ct__26JPANode<15JPABaseParticle>Fv
8025E1A8:__ct__26dSvBit_childItDungeonHIO_cFv
8025E2A4:__ct__26dSvBit_childItOneZoneHIO_cFv
8025DFB0:__ct__26dSvBit_childSwDungeonHIO_cFv
8025E0AC:__ct__26dSvBit_childSwOneZoneHIO_cFv
8025E43C:__ct__26dSvBit_childTransformHIO_cFv
8003EC90:__ct__26fmpTresTypeGroupDataList_cFv
80230198:__ct__26jmessage_string_tReferenceFv
8022A174:__ct__26jmessage_tMeasureProcessorFPC19jmessage_tReference
800561C8:__ct__26mDoExt_3DlineMatSortPacketFv
802A8BBC:__ct__27JAUSeqDataMgr_SeqCollectionFv
801FF04C:__ct__27dMeter_drawCalibrationHIO_cFv
8022BCFC:__ct__27jmessage_tSequenceProcessorFPC19jmessage_tReferenceP17jmessage_tControl
8022D4C4:__ct__28jmessage_tRenderingProcessorFPC19jmessage_tReference
8025E10C:__ct__29dSvBit_childItPerfectionHIO_cFv
8025DF14:__ct__29dSvBit_childSwPerfectionHIO_cFv
8025E304:__ct__29dSvBit_childTbPerfectionHIO_cFv
80230470:__ct__33jmessage_string_tMeasureProcessorFPC26jmessage_string_tReference
80231300:__ct__34jmessage_string_tSequenceProcessorFPC26jmessage_string_tReferenceP24jmessage_string_tControl
802314C0:__ct__35jmessage_string_tRenderingProcessorFPC26jmessage_string_tReference
800792D4:__ct__4cBgWFv
80266E9C:__ct__4cCcSFv
80097834:__ct__4cXyzFRC4cXyz
801419A8:__ct__4cXyzFfff
800125DC:__ct__4cXyzFv
8007B9B0:__ct__4dBgWFv
802A147C:__ct__5JAISeFP8JAISeMgrP27JAISoundStrategyMgr<5JAISe>Ul
80269824:__ct__5csXyzFsss
80112CB8:__ct__5csXyzFv
80312284:__ct__6J3DSysFv
802A2ECC:__ct__6JAISeqFP9JAISeqMgrP28JAISoundStrategyMgr<6JAISeq>
8029E144:__ct__6JASLfoFv
802E76FC:__ct__6JUTXfbFPC16_GXRenderModeObjP7JKRHeapQ26JUTXfb10EXfbNumber
800740B4:__ct__6dBgPlcFv
80029874:__ct__6dMap_cFiiii
8009C970:__ct__6dMdl_cFv
802F8438:__ct__7J2DPaneFP7J2DPaneP20JSURandomInputStreamUc
802F81DC:__ct__7J2DPaneFP7J2DPanebUxRCQ29JGeometry8TBox2<f>
802F8324:__ct__7J2DPaneFUxRCQ29JGeometry8TBox2<f>
802F8094:__ct__7J2DPaneFv
80292570:__ct__7JASHeapFP11JASDisposer
802D44DC:__ct__7JKRAramFUlUll
802D05D4:__ct__7JKRHeapFPvUlP7JKRHeapb
802E1194:__ct__7JUTFontFv
802ADA8C:__ct__7Z2SeMgrFv
8027377C:__ct__7cDegreeFf
80273398:__ct__7cSAngleFRC7cSAngle
802733F8:__ct__7cSAngleFf
802733C8:__ct__7cSAngleFs
80182A94:__ct__7cSAngleFv
80273CB0:__ct__7cSGlobeFRC4cXyz
80273C20:__ct__7cSGlobeFRC7cSGlobe
80273C80:__ct__7cSGlobeFfRC7cSAngleRC7cSAngle
80273C50:__ct__7cSGlobeFfss
8016E46C:__ct__7cSGlobeFv
80273898:__ct__7cSPolarFRC4cXyz
8024FD70:__ct__7dName_cFP7J2DPane
80255CFC:__ct__8CPaneMgrFP9J2DScreenUxUcP10JKRExpHeap
80255CA8:__ct__8CPaneMgrFv
802F6830:__ct__8J2DPrintFP7JUTFontffQ28JUtility6TColorQ28JUtility6TColorQ28JUtility6TColorQ28JUtility6TColor
8033160C:__ct__8J3DJointFv
802A24B4:__ct__8JAISeMgrFb
802A4738:__ct__8JAISoundFv
80293658:__ct__8JASTrackFv
802E79CC:__ct__8JUTFaderFiiiiQ28JUtility6TColor
802E7190:__ct__8JUTVideoFPC16_GXRenderModeObj
80056D0C:__ct__8RAIN_EFFFv
80056D94:__ct__8SNOW_EFFFv
80056E04:__ct__8STAR_EFFFv
802B12E0:__ct__8Z2SeqMgrFv
80269F7C:__ct__8cBgS_ChkFv
802712E4:__ct__8cM3dGCirFv
802713B8:__ct__8cM3dGCpsFv
802714D8:__ct__8cM3dGCylFPC4cXyzff
802716D8:__ct__8cM3dGLinFRC4cXyzRC4cXyz
8027180C:__ct__8cM3dGPlaFPC4cXyzf
8014123C:__ct__8cM3dGPlaFv
800774DC:__ct__8dBgS_ChkFv
8007E734:__ct__8dBgWKColFv
80140FEC:__ct__8dCcD_CpsFv
8014106C:__ct__8dCcD_CylFv
80193650:__ct__8dScope_cFUc
80056E74:__ct__9CLOUD_EFFFv
80056EE4:__ct__9HOUSI_EFFFv
802FA934:__ct__9J2DScreenFv
802FC010:__ct__9J2DWindowFP7J2DPaneP20JSURandomInputStreamP10JKRArchive
802FC0AC:__ct__9J2DWindowFP7J2DPaneP20JSURandomInputStreamP11J2DMaterial
802FBF18:__ct__9J2DWindowFv
802A3D54:__ct__9JAISeqMgrFb
802A5544:__ct__9JAIStreamFP12JAIStreamMgrP31JAISoundStrategyMgr<9JAIStream>
802DDB7C:__ct__9JKRDecompFl
802D3AAC:__ct__9JKRThreadFP7JKRHeapUlii
802D3B54:__ct__9JKRThreadFP8OSThreadi
802D3A04:__ct__9JKRThreadFUlii
80032044:__ct__9STControlFssssffss
802BE1D4:__ct__9Z2AudibleFRCQ29JGeometry8TVec3<f>PCQ29JGeometry8TVec3<f>Ulb
802BF168:__ct__9Z2SpotMicFv
800760E0:__ct__9dBgS_AcchFv
8007E5E8:__ct__9dBgW_BaseFv
801600D8:__ct__9dCamera_cFP12camera_class
80088474:__ct__9dCstick_cFv
80183644:__ct__9dFs_HIO_cFv
8015E05C:__ct__9dInsect_cFv
80035C8C:__ct__9dJntCol_cFv
801C65B8:__ct__9dMf_HIO_cFv
801EFDB0:__ct__9dMs_HIO_cFv
801FA1F4:__ct__9dMw_HIO_cFv
8024FD48:__ct__9dNm_HIO_cFv
801959EC:__ct__9dSi_HIO_cFv
8025AB28:__ct__9dSn_HIO_cFv
800CF3B8:__ct__9daAlink_cFv
8029A8F4:__ct__Q210JASDrumSet5TPercFv
802A7328:__ct__Q210JAUSection12TSectionDataFv
802E4144:__ct__Q210JUTGamePad6CStickFv
802E4174:__ct__Q210JUTGamePad7CButtonFv
802E97DC:__ct__Q210JUTProcBar5CTimeFv
802ECC38:__ct__Q211J2DMaterial21J2DMaterialAnmPointerFv
8029A704:__ct__Q212JASBasicInst7TKeymapFv
802D7B08:__ct__Q212JKRFileCache11CCacheBlockFUlUlPCv
8004B688:__ct__Q213dPa_control_c7level_cFv
802A07D0:__ct__Q214JASCallbackMgr9TCallbackFv
802A8234:__ct__Q214JAUSectionHeap16TSectionHeapDataFv
8028E9A4:__ct__Q214JStudio_JStage12TAdaptor_fogFPCQ26JStage7TSystemPQ26JStage4TFog
8028CA20:__ct__Q214JStudio_JStage14TAdaptor_actorFPCQ26JStage7TSystemPQ26JStage6TActor
8028EF80:__ct__Q214JStudio_JStage14TAdaptor_lightFPCQ26JStage7TSystemPQ26JStage6TLight
8028DCD0:__ct__Q214JStudio_JStage15TAdaptor_cameraFPCQ26JStage7TSystemPQ26JStage7TCamera
8028DA40:__ct__Q214JStudio_JStage21TAdaptor_ambientLightFPCQ26JStage7TSystemPQ26JStage13TAmbientLight
8028FC58:__ct__Q215JStudio_JAudio214TAdaptor_soundFPQ215JStudio_JAudio213TCreateObject
8030EFC8:__ct__Q216J2DAnmTexPattern27J2DAnmTexPatternTIMGPointerFv
8029ADF0:__ct__Q216JASBasicWaveBank10TWaveGroupFv
8029B048:__ct__Q216JASBasicWaveBank11TWaveHandleFv
8029B07C:__ct__Q216JASBasicWaveBank14TGroupWaveInfoFv
8020176C:__ct__Q216dMeter_fmapHIO_c13MapBlinkAnimeFv
8029B38C:__ct__Q217JASSimpleWaveBank11TWaveHandleFv
80290A3C:__ct__Q217JStudio_JParticle17TAdaptor_particleFPQ217JStudio_JParticle13TCreateObject
8004FB90:__ct__Q218dPa_modelEcallBack7model_cFv
802A8A9C:__ct__Q23std16__bitset_base<8>Fv
8033C14C:__ct__Q23std9pair<f,f>Fv
8033BF80:__ct__Q25JMath13TRandom_fast_FUl
802DF16C:__ct__Q27JGadget20TVector_pointer_voidFRCQ27JGadget14TAllocator<Pv>
8028960C:__ct__Q27JStudio11TObject_fogFRCQ47JStudio3stb4data20TParse_TBlock_objectPQ27JStudio12TAdaptor_fog
80288D40:__ct__Q27JStudio13TObject_actorFRCQ47JStudio3stb4data20TParse_TBlock_objectPQ27JStudio14TAdaptor_actor
80289798:__ct__Q27JStudio13TObject_lightFRCQ47JStudio3stb4data20TParse_TBlock_objectPQ27JStudio14TAdaptor_light
80289FCC:__ct__Q27JStudio13TObject_soundFRCQ47JStudio3stb4data20TParse_TBlock_objectPQ27JStudio14TAdaptor_sound
80283AC0:__ct__Q27JStudio14TFunctionValueFv
802892AC:__ct__Q27JStudio14TObject_cameraFRCQ47JStudio3stb4data20TParse_TBlock_objectPQ27JStudio15TAdaptor_camera
8028D998:__ct__Q27JStudio14TVariableValueFv
80289A70:__ct__Q27JStudio15TObject_messageFRCQ47JStudio3stb4data20TParse_TBlock_objectPQ27JStudio16TAdaptor_message
80289B9C:__ct__Q27JStudio16TObject_particleFRCQ47JStudio3stb4data20TParse_TBlock_objectPQ27JStudio17TAdaptor_particle
80284AEC:__ct__Q27JStudio19TFunctionValue_listFv
8028912C:__ct__Q27JStudio20TObject_ambientLightFRCQ47JStudio3stb4data20TParse_TBlock_objectPQ27JStudio21TAdaptor_ambientLight
802856F4:__ct__Q27JStudio22TFunctionValue_hermiteFv
8028479C:__ct__Q27JStudio23TFunctionValue_constantFv
8028418C:__ct__Q27JStudio24TFunctionValue_compositeFv
8028481C:__ct__Q27JStudio25TFunctionValue_transitionFv
80284148:__ct__Q27JStudio29TFunctionValueAttribute_rangeFv
80285164:__ct__Q27JStudio29TFunctionValue_list_parameterFv
80287A9C:__ct__Q27JStudio6TParseFPQ27JStudio8TControl
80288C94:__ct__Q27JStudio7TObjectFRCQ47JStudio3stb4data20TParse_TBlock_objectPQ27JStudio8TAdaptor
80287544:__ct__Q27JStudio8TControlFv
80031F64:__ct__Q27daSus_c6data_cFv
80031EE4:__ct__Q27daSus_c6room_cFv
802956F8:__ct__Q28JASTrack10MoveParam_Fv
8029550C:__ct__Q28JASTrack11TChannelMgrFP8JASTrack
802AB4AC:__ct__Q28JMessage18TResourceContainerFv
802AA7B4:__ct__Q28JMessage18TSequenceProcessorFPCQ28JMessage10TReferencePQ28JMessage8TControl
802AAEC4:__ct__Q28JMessage19TRenderingProcessorFPCQ28JMessage10TReference
802AB570:__ct__Q28JMessage6TParseFPQ28JMessage18TResourceContainer
802A9988:__ct__Q28JMessage8TControlFv
80193920:__ct__Q28JUtility6TColorFv
803016A0:__ct__Q29JGeometry8TVec2<s>Fv
80182968:__ct__Q29dCamera_c10dCamInfo_cFv
8016034C:__ct__Q29dCamera_c23@class$3665d_camera_cppFv
8009788C:__ct__Q29dCamera_c26@class$3517d_ev_camera_cppFv
800CFCB0:__ct__Q29daAlink_c14firePointEff_cFv
8004FBFC:__ct__Q313dPa_control_c7level_c9emitter_cFv
80283390:__ct__Q37JStudio3ctb14TObject_TxyzRyFRCQ47JStudio3ctb4data13TParse_TBlock
8028378C:__ct__Q37JStudio3ctb6TParseFPQ37JStudio3ctb8TControl
802833F4:__ct__Q37JStudio3ctb8TControlFv
80286890:__ct__Q37JStudio3fvb12TObject_listFRCQ47JStudio3fvb4data13TParse_TBlock
802869E0:__ct__Q37JStudio3fvb15TObject_hermiteFRCQ47JStudio3fvb4data13TParse_TBlock
80286768:__ct__Q37JStudio3fvb16TObject_constantFRCQ47JStudio3fvb4data13TParse_TBlock
80286684:__ct__Q37JStudio3fvb17TObject_compositeFRCQ47JStudio3fvb4data13TParse_TBlock
802867F8:__ct__Q37JStudio3fvb18TObject_transitionFRCQ47JStudio3fvb4data13TParse_TBlock
80286930:__ct__Q37JStudio3fvb22TObject_list_parameterFRCQ47JStudio3fvb4data13TParse_TBlock
80286F0C:__ct__Q37JStudio3fvb6TParseFPQ37JStudio3fvb8TControl
80286A98:__ct__Q37JStudio3fvb8TControlFv
8028B498:__ct__Q37JStudio3stb15TObject_controlFPCvUl
8028BA70:__ct__Q37JStudio3stb6TParseFPQ37JStudio3stb8TControl
8028AEF0:__ct__Q37JStudio3stb7TObjectFRCQ47JStudio3stb4data20TParse_TBlock_object
8028AEA8:__ct__Q37JStudio3stb7TObjectFUlPCvUl
8028B4E4:__ct__Q37JStudio3stb8TControlFv
802AB300:__ct__Q38JMessage18TResourceContainer10TCResourceFv
803CCD58:__ctype_map
80364C0C:__cvt_dbl_usll
80364548:__cvt_fp2unsigned
80364B58:__cvt_sll_flt
80140E18:__defctor__14daPy_anmHeap_cFv
802A6E9C:__defctor__7JASHeapFv
80364184:__destroy_arr
80364078:__destroy_global_chain
80375E20:__destroy_global_chain_reference
80364108:__destroy_new_array
803647C0:__div2i
803646D4:__div2u
802D11D8:__dl__FPv
802D11FC:__dla__FPv
8019F3F8:__dt__10BOSS_LIGHTFv
802264B8:__dt__10COutFont_cFv
80056FFC:__dt__10EF_MUD_EFFFv
80053C94:__dt__10J2DAnmBaseFv
802FF48C:__dt__10J2DPictureFv
8030267C:__dt__10J2DTextBoxFv
8003C734:__dt__10J3DAnmBaseFv
8000D948:__dt__10J3DMtxCalcFv
80319750:__dt__10J3DPEBlockFv
80338B40:__dt__10J3DTextureFv
802A13EC:__dt__10JAIAudibleFv
8029CD48:__dt__10JASChannelFv
8029A744:__dt__10JASDrumSetFv
8029C5E4:__dt__10JASWaveArcFv
802A88A8:__dt__10JAUSectionFv
80274590:__dt__10JFWDisplayFv
802D87D0:__dt__10JKRArchiveFv
802DBBE4:__dt__10JKRDvdFileFv
802D155C:__dt__10JKRExpHeapFv
8027FC6C:__dt__10JPATextureFv
80257700:__dt__10JSUIosBaseFv
802DE2B0:__dt__10JSUPtrLinkFv
802DE348:__dt__10JSUPtrListFv
802E99F8:__dt__10JUTConsoleFv
802E2C4C:__dt__10JUTGamePadFv
8019110C:__dt__10JUTNameTabFv
802E7E38:__dt__10JUTProcBarFv
802E149C:__dt__10JUTResFontFv
802E06D0:__dt__10JUTTextureFv
80056F18:__dt__10VRKUMO_EFFFv
802BF63C:__dt__10Z2AudienceFv
800073C8:__dt__10Z2AudioMgrFv
802C28BC:__dt__10Z2CreatureFv
802C81B8:__dt__10Z2EnvSeDirFv
802C89DC:__dt__10Z2EnvSeMgrFv
800837F0:__dt__10cCcD_GSttsFv
80084080:__dt__10cCcD_ObjAtFv
80083FC8:__dt__10cCcD_ObjCoFv
80084024:__dt__10cCcD_ObjTgFv
8003054C:__dt__10dAttDraw_cFv
800304D0:__dt__10dAttList_cFv
8008527C:__dt__10dCcD_GSttsFv
8019C02C:__dt__10dGov_HIO_cFv
8025A8F8:__dt__10dLog_HIO_cFv
8024B8B0:__dt__10dMsgFlow_cFv
802395B8:__dt__10dMsgUnit_cFv
801FA590:__dt__10dMw_DHIO_cFv
80259630:__dt__10dScnLogo_cFv
8025B064:__dt__10dScnName_cFv
80018C8C:__dt__10fopAc_ac_cFv
80014FC8:__dt__114J3DMtxCalcAnimation<64J3DMtxCalcAnimationAdaptorDefault<27J3DMtxCalcCalcTransformMaya>,24J3DMtxCalcJ3DSysInitMaya>Fv
8005706C:__dt__11EF_EVIL_EFFFv
80184348:__dt__11J2DAnmColorFv
802ED5D8:__dt__11J2DIndBlockFv
802EC768:__dt__11J2DMaterialFv
802ED620:__dt__11J2DTevBlockFv
803035E0:__dt__11J2DWindowExFv
8032E148:__dt__11J3DAnmColorFv
80319708:__dt__11J3DIndBlockFv
80335030:__dt__11J3DMaterialFv
80316C34:__dt__11J3DShapeMtxFv
803196C0:__dt__11J3DTevBlockFv
8003B1F8:__dt__11J3DTexNoAnmFv
80015590:__dt__11J3DUClipperFv
802A1434:__dt__11JAIAudienceFv
8029CBE8:__dt__11JASDisposerFv
8029AFB8:__dt__11JASWaveBankFv
802D53B0:__dt__11JKRAramHeapFv
802D3980:__dt__11JKRDisposerFv
8027FAA8:__dt__11JPAFieldAirFv
802C7D48:__dt__11Z2EnvSeBaseFv
802BE020:__dt__11Z2SoundInfoFv
8002FEF8:__dt__11cBgS_ChkElmFv
8026A0C4:__dt__11cBgS_GndChkFv
8026A1EC:__dt__11cBgS_LinChkFv
8007A1C4:__dt__11cBgW_GrpElmFv
80079214:__dt__11cBgW_RwgElmFv
80079738:__dt__11cBgW_TriElmFv
80070150:__dt__11dAttParam_cFv
80077630:__dt__11dBgS_GndChkFv
80077D1C:__dt__11dBgS_LinChkFv
80078B00:__dt__11dBgS_SphChkFv
8001DF30:__dt__11dBgS_WtrChkFv
800885CC:__dt__11dCamParam_cFv
800888F8:__dt__11dCamSetup_cFv
80083C84:__dt__11dCcD_GObjAtFv
80083BCC:__dt__11dCcD_GObjCoFv
80083C28:__dt__11dCcD_GObjTgFv
80039408:__dt__11dDemo_fog_cFv
8002AD3C:__dt__11dDrawPath_cFv
80030190:__dt__11dEvDtBase_cFv
80018C44:__dt__11dEvt_info_cFv
8020E200:__dt__11dMeterMap_cFv
80194094:__dt__11dMeterSub_cFv
8003A280:__dt__11dRes_info_cFv
8014E8E8:__dt__11daBaseNpc_cFv
80264354:__dt__11dkWpillar_cFv
80018AE0:__dt__11fapGm_HIO_cFv
80056F8C:__dt__12EF_ODOUR_EFFFv
8030C8AC:__dt__12J2DAnmLoaderFv
802ED780:__dt__12J2DIndTexMtxFv
80305DD8:__dt__12J2DPictureExFv
802EDE34:__dt__12J2DTevBlock1Fv
802EEB64:__dt__12J2DTevBlock2Fv
802EFE80:__dt__12J2DTevBlock4Fv
802F1328:__dt__12J2DTevBlock8Fv
803099B8:__dt__12J2DTextBoxExFv
8033BC9C:__dt__12J3DAnmLoaderFv
8000F9D8:__dt__12J3DFrameCtrlFv
8000E064:__dt__12J3DIndTexMtxFv
803281C0:__dt__12J3DJointTreeFv
80314E40:__dt__12J3DMatPacketFv
80328618:__dt__12J3DModelDataFv
8032A850:__dt__12J3DMtxBufferFv
80316F9C:__dt__12J3DShapeDrawFv
80324D90:__dt__12J3DTevBlock1Fv
80324BB0:__dt__12J3DTevBlock2Fv
803247EC:__dt__12J3DTevBlock4Fv
8003B264:__dt__12J3DTexMtxAnmFv
802A5190:__dt__12JAISoundInfoFv
8029A33C:__dt__12JASBasicBankFv
8029A4AC:__dt__12JASBasicInstFv
802960DC:__dt__12JASSeqParserFv
8029A3DC:__dt__12JASVoiceBankFv
802DD3F8:__dt__12JKRADCommandFv
802D5EF8:__dt__12JKRAMCommandFv
802D5814:__dt__12JKRAramBlockFv
802D6DF4:__dt__12JKRArcFinderFv
802D6C90:__dt__12JKRDvdFinderFv
802D710C:__dt__12JKRFileCacheFv
802D3028:__dt__12JKRSolidHeapFv
8027F7DC:__dt__12JPAFieldBaseFv
8027F880:__dt__12JPAFieldDragFv
8027F824:__dt__12JPAFieldSpinFv
802DF6A4:__dt__12JUTCacheFontFv
802E6588:__dt__12JUTExceptionFv
802E10D0:__dt__12JUTGraphFifoFv
802B0F74:__dt__12Z2MultiSeMgrFv
80007888:__dt__12Z2MultiSeObjFv
80085490:__dt__12cCcD_CpsAttrFv
80085520:__dt__12cCcD_CylAttrFv
80083D28:__dt__12cCcD_GObjInfFv
8008725C:__dt__12cCcD_SphAttrFv
80266D68:__dt__12cCcD_TriAttrFv
800707B4:__dt__12dAttention_cFv
80077454:__dt__12dBgS_AcchCirFv
800D0CA4:__dt__12dBgS_ObjAcchFv
800790D0:__dt__12dBgS_RoofChkFv
80084124:__dt__12dCcD_GObjInfFv
80030A74:__dt__12dCcMassS_MngFv
800300F4:__dt__12dCcMassS_ObjFv
8005648C:__dt__12dDlst_list_cFv
80030154:__dt__12dEvt_order_cFv
80192478:__dt__12dFile_info_cFv
801BCDB4:__dt__12dMenu_Dmap_cFv
801C6A88:__dt__12dMenu_Fmap_cFv
801EAE64:__dt__12dMenu_Ring_cFv
8019C2D4:__dt__12dMenu_save_cFv
8024B690:__dt__12dMsgString_cFv
8025EA98:__dt__12dSvBit_HIO_cFv
80140C5C:__dt__12daAlinkHIO_cFv
8022634C:__dt__13COutFontSet_cFv
802577E4:__dt__13CPaneMgrAlphaFv
8019F438:__dt__13DUNGEON_LIGHTFv
802ED590:__dt__13J2DColorBlockFv
8000B118:__dt__13J2DOrthoGraphFv
802F27A8:__dt__13J2DTevBlock16Fv
8032E554:__dt__13J3DAnmClusterFv
803195D4:__dt__13J3DColorBlockFv
803274A4:__dt__13J3DDrawBufferFv
80314C4C:__dt__13J3DDrawPacketFv
803257D0:__dt__13J3DPEBlockOpaFv
80325700:__dt__13J3DPEBlockXluFv
803285D0:__dt__13J3DShapeTableFv
8033064C:__dt__13J3DSkinDeformFv
80324420:__dt__13J3DTevBlock16Fv
802A3BFC:__dt__13JAISeqDataMgrFv
80291B54:__dt__13JASTaskThreadFv
8029B000:__dt__13JASWaveHandleFv
802D60A4:__dt__13JKRAramStreamFv
802D379C:__dt__13JKRAssertHeapFv
802DA134:__dt__13JKRDvdArchiveFv
802D6DAC:__dt__13JKRFileFinderFv
802D65E4:__dt__13JKRFileLoaderFv
802D8FC0:__dt__13JKRMemArchiveFv
802EACB8:__dt__13JUTDirectFileFv
8026A4E0:__dt__13cBgS_PolyInfoFv
8026A400:__dt__13cBgS_ShdwDrawFv
80079278:__dt__13cBgW_NodeTreeFv
80140F7C:__dt__13dBgS_LinkAcchFv
8002FD74:__dt__13dComIfG_inf_cFv
80038098:__dt__13dDemo_actor_cFv
80039468:__dt__13dDemo_light_cFv
801F7A40:__dt__13dMenu_Skill_cFv
802109C8:__dt__13dMeter2Draw_cFv
8021C4F0:__dt__13dMeter2Info_cFv
801974A4:__dt__13dShopSystem_cFv
801579B0:__dt__13daNpcCd_HIO_cFv
800306A0:__dt__13mDoExt_bckAnmFv
800306F4:__dt__13mDoExt_bpkAnmFv
80030748:__dt__13mDoExt_brkAnmFv
8003079C:__dt__13mDoExt_btkAnmFv
8000FAE8:__dt__13mDoExt_morf_cFv
8023AA3C:__dt__14J2DAnmColorKeyFv
8030C7F4:__dt__14J2DAnmVtxColorFv
802EBA70:__dt__14J2DGrafContextFv
802EDABC:__dt__14J2DTexGenBlockFv
8032E2C8:__dt__14J3DAnmColorKeyFv
8032E0EC:__dt__14J3DAnmVtxColorFv
80313A90:__dt__14J3DDrawMtxDataFv
8003B2B8:__dt__14J3DMatColorAnmFv
800A4858:__dt__14J3DMaterialAnmFv
803388EC:__dt__14J3DModelLoaderFv
80323F0C:__dt__14J3DPEBlockFullFv
80334E4C:__dt__14J3DPEBlockNullFv
80315010:__dt__14J3DShapePacketFv
8003B1A4:__dt__14J3DTevColorAnmFv
80319678:__dt__14J3DTexGenBlockFv
802A3BB4:__dt__14JAISeqDataUserFv
80007838:__dt__14JAISoundHandleFv
8029F458:__dt__14JASAudioThreadFv
802A86B8:__dt__14JAUSectionHeapFv
802D9604:__dt__14JKRAramArchiveFv
802DAD18:__dt__14JKRCompArchiveFv
80280A1C:__dt__14JPABaseEmitterFv
8027FA4C:__dt__14JPAFieldMagnetFv
8027F9F0:__dt__14JPAFieldNewtonFv
8027F8DC:__dt__14JPAFieldRandomFv
8027F994:__dt__14JPAFieldVortexFv
802DE6D8:__dt__14JSUInputStreamFv
80054A6C:__dt__14ShdwDrawPoly_cFv
802C599C:__dt__14Z2CreatureLinkFv
802C75B0:__dt__14Z2CreatureRideFv
802C83C4:__dt__14Z2EnvSeAutoPanFv
802AD4F4:__dt__14Z2SoundHandlesFv
802C0388:__dt__14Z2SoundObjBaseFv
802AD430:__dt__14Z2SoundStarterFv
80083F08:__dt__14cCcD_ObjHitInfFv
800855AC:__dt__14cCcD_ShapeAttrFv
80182920:__dt__14d2DBSplinePathFv
800779C8:__dt__14dBgS_CamGndChkFv
80077E40:__dt__14dBgS_CamLinChkFv
80165EC0:__dt__14dBgS_CamSphChkFv
8001E020:__dt__14dBgS_ObjGndChkFv
80077FF8:__dt__14dBgS_ObjLinChkFv
80078CB8:__dt__14dBgS_SplGrpChkFv
80192F70:__dt__14dBrightCheck_cFv
8002FDE8:__dt__14dComIfG_play_cFv
80039FFC:__dt__14dDemo_camera_cFv
80038F70:__dt__14dDemo_object_cFv
80039AAC:__dt__14dDemo_system_cFv
802534D4:__dt__14dDlst_NameIN_cFv
800301CC:__dt__14dDlst_window_cFv
801837A8:__dt__14dFile_select_cFv
801BA07C:__dt__14dMenu_DmapBg_cFv
801D8368:__dt__14dMenu_Insect_cFv
801DCFA8:__dt__14dMenu_Letter_cFv
801E2348:__dt__14dMenu_Option_cFv
80201A6C:__dt__14dMeterButton_cFv
8020B760:__dt__14dMeterHaihai_cFv
8020F664:__dt__14dMeterString_cFv
8023D004:__dt__14dMsgScrnBase_cFv
8023D7E8:__dt__14dMsgScrnBoss_cFv
80242994:__dt__14dMsgScrnHowl_cFv
8024072C:__dt__14dMsgScrnItem_cFv
80249248:__dt__14dMsgScrnTalk_cFv
8024A87C:__dt__14dMsgScrnTree_cFv
8003BFB0:__dt__14dRes_control_cFv
800CFD90:__dt__14daAlink_blur_cFv
8015A8AC:__dt__14daNpcCd2_HIO_cFv
8015E49C:__dt__14daObj_SSBase_cFv
8015ED9C:__dt__14daPy_anmHeap_cFv
8000FD10:__dt__14mDoExt_McaMorfFv
80157968:__dt__14mDoHIO_entry_cFv
8000D070:__dt__14mDoMtx_stack_cFv
8030F194:__dt__15J2DAnmColorFullFv
80184238:__dt__15J2DAnmTevRegKeyFv
801843BC:__dt__15J2DAnmTransformFv
802F4118:__dt__15J2DIndBlockFullFv
802ED68C:__dt__15J2DIndBlockNullFv
8032E354:__dt__15J3DAnmColorFullFv
8032E238:__dt__15J3DAnmTevRegKeyFv
8003B93C:__dt__15J3DAnmTransformFv
8032593C:__dt__15J3DIndBlockFullFv
8031984C:__dt__15J3DIndBlockNullFv
80334EE0:__dt__15J3DTevBlockNullFv
8003B150:__dt__15J3DTevKColorAnmFv
803252A0:__dt__15J3DTexGenBlock4Fv
803134CC:__dt__15J3DVertexBufferFv
802A53C8:__dt__15JAISoundStarterFv
8029F52C:__dt__15JASAudioReseterFv
802D42E8:__dt__15JKRThreadSwitchFv
8027FB04:__dt__15JPAFieldGravityFv
800CFCB4:__dt__15LIGHT_INFLUENCEFv
8019F478:__dt__15WIND_INF_ENTITYFv
802CE188:__dt__15Z2SpeechStarterFv
80077C60:__dt__15cBgS_GrpPassChkFv
80030DE0:__dt__15cCcD_DivideAreaFv
80030ECC:__dt__15cCcD_DivideInfoFv
80074004:__dt__15dAttDrawParam_cFv
800781A0:__dt__15dBgS_BombLinChkFv
80077C04:__dt__15dBgS_GrpPassChkFv
80140F04:__dt__15dBgS_LinkGndChkFv
800780CC:__dt__15dBgS_LinkLinChkFv
8001DFA8:__dt__15dBgS_ObjRoofChkFv
80078428:__dt__15dBgS_RopeLinChkFv
800394C8:__dt__15dDemo_ambient_cFv
80191334:__dt__15dDlst_FileSel_cFv
80191BF0:__dt__15dFile_warning_cFv
801AE934:__dt__15dKantera_icon_cFv
801B791C:__dt__15dMenu_Collect_cFv
801C046C:__dt__15dMenu_DmapMap_cFv
801C4D58:__dt__15dMenu_Fishing_cFv
801CEDAC:__dt__15dMenu_FmapMap_cFv
8020CBF4:__dt__15dMeterHakusha_cFv
8023CB58:__dt__15dMsgScrnArrow_cFv
80247004:__dt__15dMsgScrnLight_cFv
80247CB4:__dt__15dMsgScrnPlace_cFv
802482C8:__dt__15dMsgScrnStaff_cFv
80255204:__dt__15dOvlpFd2_dlst_cFv
80255C60:__dt__15dOvlpFd3_dlst_cFv
8002AC74:__dt__15dRenderingMap_cFv
80196918:__dt__15dShopItemCtrl_cFv
80048D80:__dt__15dSmplMdl_draw_cFv
800CFE2C:__dt__15daAlink_sight_cFv
80155F1C:__dt__15daNpcF_MatAnm_cFv
8014D19C:__dt__15daNpcT_JntAnm_cFv
8014D298:__dt__15daNpcT_MatAnm_cFv
800113FC:__dt__15mDoExt_McaMorf2Fv
8002ADB0:__dt__15renderingAmap_cFv
801C0340:__dt__15renderingDmap_cFv
801CF544:__dt__15renderingFmap_cFv
8030F02C:__dt__16J2DAnmTexPatternFv
8032E4E0:__dt__16J3DAnmClusterKeyFv
8032E1BC:__dt__16J3DAnmTexPatternFv
80336A98:__dt__16J3DClusterLoaderFv
80331AA0:__dt__16J3DMaterialTableFv
80324060:__dt__16J3DPEBlockFogOffFv
80316B4C:__dt__16J3DShapeMtxMultiFv
800078DC:__dt__16JAISeCategoryMgrFv
802A5F60:__dt__16JAIStreamAramMgrFv
802A5F18:__dt__16JAIStreamDataMgrFv
8029A988:__dt__16JASBasicWaveBankFv
802DE25C:__dt__16JKRDecompCommandFv
802ABF98:__dt__16Z2AudioArcLoaderFv
8015BA88:__dt__16Z2SoundObjSimpleFv
80078FEC:__dt__16cBgS_PolyPassChkFv
80078280:__dt__16dBgS_ArrowLinChkFv
800784FC:__dt__16dBgS_HorseLinChkFv
80140E8C:__dt__16dBgS_LinkRoofChkFv
80078DF0:__dt__16dBgS_PolyPassChkFv
80039F9C:__dt__16dDemo_particle_cFv
80192EA0:__dt__16dDlst_FileInfo_cFv
801923A4:__dt__16dDlst_FileWarn_cFv
801F723C:__dt__16dDlst_MenuSave_cFv
80190358:__dt__16dFile_select3D_cFv
801C2774:__dt__16dMenuMapCommon_cFv
80201824:__dt__16dMeter_drawHIO_cFv
802012C8:__dt__16dMeter_fmapHIO_cFv
80201938:__dt__16dMeter_menuHIO_cFv
802017DC:__dt__16dMeter_ringHIO_cFv
802394F0:__dt__16dMsgObject_HIO_cFv
80245DF8:__dt__16dMsgScrnJimaku_cFv
80246850:__dt__16dMsgScrnKanban_cFv
8024AE90:__dt__16dMsgStringBase_cFv
8025440C:__dt__16dNpcLib_lookat_cFv
8004B024:__dt__16dPa_simpleData_cFv
801949AC:__dt__16dSelect_cursor_cFv
80140C20:__dt__16daAlinkHIO_cut_cFv
800D0BC4:__dt__16daAlink_matAnm_cFv
80150448:__dt__16daBaseNpc_path_cFv
8014CBF8:__dt__16daNpcT_Hermite_cFv
80140D70:__dt__16daPy_frameCtrl_cFv
80010888:__dt__16mDoExt_McaMorfSOFv
8002B150:__dt__16renderingDAmap_cFv
80258024:__dt__17CPaneMgrAlphaMorfFv
8030F0BC:__dt__17J2DAnmVtxColorKeyFv
8032E5C0:__dt__17J3DAnmClusterFullFv
8032E3EC:__dt__17J3DAnmVtxColorKeyFv
80334FD4:__dt__17J3DColorBlockNullFv
8000D8EC:__dt__17J3DMtxCalcAnmBaseFv
80325768:__dt__17J3DPEBlockTexEdgeFv
80292C90:__dt__17JASGenericMemPoolFv
8029B124:__dt__17JASSimpleWaveBankFv
802A6E3C:__dt__17JAUAudioArcLoaderFv
802D4398:__dt__17JSUList<7JKRTask>Fv
802C3108:__dt__17Z2CreatureCitizenFv
80191154:__dt__17dDlst_FileSel3m_cFv
80191244:__dt__17dDlst_FileSelCp_cFv
801912BC:__dt__17dDlst_FileSelDt_cFv
801911CC:__dt__17dDlst_FileSelYn_cFv
80056270:__dt__17dDlst_shadowTri_cFv
801AFDF4:__dt__17dMenu_Collect2D_cFv
801B64F8:__dt__17dMenu_Collect3D_cFv
801D6774:__dt__17dMenu_Fmap2DTop_cFv
8023A728:__dt__17dMsgScrn3Select_cFv
8023E568:__dt__17dMsgScrnExplain_cFv
8004FECC:__dt__17dPa_wbPcallBack_cFv
8004FF2C:__dt__17dPa_windPcallBackFv
8025B630:__dt__17dScnName_camera_cFv
8025D0A0:__dt__17dScnPly_env_HIO_cFv
8025D114:__dt__17dScnPly_reg_HIO_cFv
80140BE4:__dt__17daAlinkHIO_wolf_cFv
8015785C:__dt__17daNpcCd_HIO_Jnt_cFv
80039B0C:__dt__17jmessage_tControlFv
80007368:__dt__17mDoAud_zelAudio_cFv
80195980:__dt__18J2DAnmTransformKeyFv
8030F128:__dt__18J2DAnmVtxColorFullFv
8003B8D0:__dt__18J3DAnmTransformKeyFv
8032E460:__dt__18J3DAnmVtxColorFullFv
80338890:__dt__18J3DModelLoader_v21Fv
80338834:__dt__18J3DModelLoader_v26Fv
803250AC:__dt__18J3DTevBlockPatchedFv
80334F6C:__dt__18J3DTexGenBlockNullFv
802A2074:__dt__18JASMemPool<5JAISe>Fv
80280AD4:__dt__18JPAEmitterCallBackFv
8027F938:__dt__18JPAFieldConvectionFv
802DD274:__dt__18JSUFileInputStreamFv
80275B54:__dt__18JSUList<8JFWAlarm>Fv
802C5900:__dt__18Z2LinkSoundStarterFv
802C7514:__dt__18Z2RideSoundStarterFv
800840DC:__dt__18cCcD_ObjCommonBaseFv
80077AD8:__dt__18dBgS_CamGndChk_WtrFv
80077928:__dt__18dBgS_ObjGndChk_AllFv
80077888:__dt__18dBgS_ObjGndChk_SplFv
80077750:__dt__18dBgS_ObjGndChk_WtrFv
800561F8:__dt__18dDlst_shadowReal_cFv
80057D08:__dt__18dKankyo_mud_PacketFv
80058128:__dt__18dKankyo_sun_PacketFv
801CFD50:__dt__18dMenu_Fmap2DBack_cFv
80201794:__dt__18dMeter_cursorHIO_cFv
8004FB18:__dt__18dPa_levelEcallBackFv
80050378:__dt__18dPa_modelEcallBackFv
80050038:__dt__18dPa_modelPcallBackFv
8002ABF8:__dt__18dRenderingFDAmap_cFv
801ADB7C:__dt__18dScnKy_env_light_cFv
800CFCF0:__dt__18daAlink_footData_cFv
80150570:__dt__18daBaseNpc_acMngr_cFv
80150338:__dt__18daBaseNpc_lookat_cFv
80150490:__dt__18daBaseNpc_matAnm_cFv
8015A734:__dt__18daNpcCd2_HIO_Jnt_cFv
80155E8C:__dt__18daNpcF_ActorMngr_cFv
8014D154:__dt__18daNpcT_ActorMngr_cFv
80140D28:__dt__18daPy_sightPacket_cFv
8015790C:__dt__18fOpAcm_HIO_entry_cFv
8003C784:__dt__18mDoExt_transAnmBasFv
8000D034:__dt__18mDoMtx_quatStack_cFv
8030B748:__dt__19J2DAnmKeyLoader_v15Fv
801842C0:__dt__19J2DAnmTextureSRTKeyFv
8030F248:__dt__19J2DAnmTransformFullFv
802ED72C:__dt__19J2DIndTexCoordScaleFv
8033A998:__dt__19J3DAnmKeyLoader_v15Fv
8032E634:__dt__19J3DAnmTextureSRTKeyFv
8032E748:__dt__19J3DAnmTransformFullFv
8000E024:__dt__19J3DIndTexCoordScaleFv
8000FA8C:__dt__19J3DMtxCalcNoAnmBaseFv
80325164:__dt__19J3DTexGenBlockBasicFv
802958E4:__dt__19JASDefaultBankTableFv
802A3F34:__dt__19JASMemPool<6JAISeq>Fv
802813D4:__dt__19JPAParticleCallBackFv
802D43EC:__dt__19JSUList<9JKRThread>Fv
8002F328:__dt__19dComIfG_resLoader_cFv
80193608:__dt__19dDlst_BrightCheck_cFv
801AECDC:__dt__19dDlst_KanteraIcon_cFv
80057C84:__dt__19dKankyo_evil_PacketFv
80058020:__dt__19dKankyo_rain_PacketFv
80057F9C:__dt__19dKankyo_snow_PacketFv
80057F18:__dt__19dKankyo_star_PacketFv
801AED24:__dt__19dMenu_Calibration_cFv
801BD104:__dt__19dMenu_DmapMapCtrl_cFv
801DB064:__dt__19dMenu_ItemExplain_cFv
80201724:__dt__19dMeter_mapIconHIO_cFv
8024784C:__dt__19dMsgScrnLight_HIO_cFv
80050200:__dt__19dPa_followEcallBackFv
8004FE6C:__dt__19dPa_fsenthPcallBackFv
8005015C:__dt__19dPa_light8EcallBackFv
8004FE0C:__dt__19dPa_light8PcallBackFv
8004FC08:__dt__19dPa_simpleEcallBackFv
80195938:__dt__19dSelect_cursorHIO_cFv
80028418:__dt__19dStage_KeepDoorInfoFv
80028360:__dt__19dStage_roomStatus_cFv
801577EC:__dt__19daNpcCd_HIO_Child_cFv
80229400:__dt__19jmessage_tReferenceFv
800158FC:__dt__19mDoDvdThd_command_cFv
80140E3C:__dt__19mDoExt_AnmRatioPackFv
8000E5F8:__dt__19mDoExt_invJntPacketFv
8002B0B4:__dt__19renderingPlusDoor_cFv
800188E4:__dt__20DynamicModuleControlFv
8030C1A0:__dt__20J2DAnmFullLoader_v15Fv
8030C850:__dt__20J2DAnmVisibilityFullFv
8033A920:__dt__20J3DAnmFullLoader_v15Fv
8033BC38:__dt__20J3DAnmVisibilityFullFv
80336684:__dt__20J3DClusterLoader_v15Fv
803254B4:__dt__20J3DColorBlockLightOnFv
80257630:__dt__20JSUMemoryInputStreamFv
802576A0:__dt__20JSURandomInputStreamFv
80078354:__dt__20dBgS_BoomerangLinChkFv
801FE9E0:__dt__20dDlst_MENU_CAPTURE_cFv
80057E10:__dt__20dKankyo_cloud_PacketFv
80057E94:__dt__20dKankyo_housi_PacketFv
80057D8C:__dt__20dKankyo_odour_PacketFv
801B7E78:__dt__20dMenu_Collect2DTop_cFv
801C03EC:__dt__20dMenu_StageMapCtrl_cFv
802394A8:__dt__20dMsgObject_HowlHIO_cFv
800CFEA0:__dt__20daAlink_lockCursor_cFv
80155BA0:__dt__20daNpcF_MoveBgActor_cFv
80015BB8:__dt__20mDoDvdThd_callback_cFv
80319578:__dt__21J3DColorBlockLightOffFv
80316BCC:__dt__21J3DShapeMtxConcatViewFv
8031961C:__dt__21J3DTexGenBlockPatchedFv
802DBFE0:__dt__21JSUList<10JKRDvdFile>Fv
802E41A4:__dt__21JSUList<10JUTGamePad>Fv
802C0A3C:__dt__21Z2DopplerSoundObjBaseFv
80077F24:__dt__21dBgS_CamLinChk_NorWtrFv
802637C4:__dt__21dDlst_TimerScrnDraw_cFv
8005820C:__dt__21dKankyo_vrkumo_PacketFv
8020152C:__dt__21dMeter_drawSkillHIO_cFv
800502E4:__dt__21dPa_setColorEcallBackFv
8025D15C:__dt__21dScnPly_preLoad_HIO_cFv
8025EC70:__dt__21dSvBit_childItemHIO_cFv
8015A7E4:__dt__21daNpcCd2_HIO_MChild_cFv
8015A6C4:__dt__21daNpcCd2_HIO_WChild_cFv
8001645C:__dt__21mDoDvdThd_toMainRam_cFv
8002847C:__dt__21stage_tgsc_data_classFv
80325588:__dt__22J3DColorBlockAmbientOnFv
802A62A8:__dt__22JASMemPool<9JAIStream>Fv
802BF6C8:__dt__22JASMemPool<9Z2Audible>Fv
802A66A0:__dt__22JAUAudioArcInterpreterFv
80083CE0:__dt__22dCcD_GAtTgCoCommonBaseFv
800580A4:__dt__22dKankyo_sunlenz_PacketFv
802015BC:__dt__22dMeter_drawInsectHIO_cFv
8020164C:__dt__22dMeter_drawLetterHIO_cFv
80201694:__dt__22dMeter_drawOptionHIO_cFv
8004FCC8:__dt__22dPa_hermiteEcallBack_cFv
8004FF8C:__dt__22dPa_selectTexEcallBackFv
8025CF60:__dt__22dScnPly_env_debugHIO_cFv
8025CFA8:__dt__22dScnPly_env_otherHIO_cFv
8025E638:__dt__22dSvBit_childOtherHIO_cFv
8014D10C:__dt__22daNpcT_MotionSeqMngr_cFv
8003EB70:__dt__22fmpTresTypeGroupData_cFv
802DDAC8:__dt__23JSUList<12JKRADCommand>Fv
802D528C:__dt__23JSUList<12JKRAMCommand>Fv
802D574C:__dt__23JSUList<12JKRAramBlock>Fv
802DCCBC:__dt__23JSUList<12JKRDMCommand>Fv
801F7284:__dt__23dDlst_MenuSaveExplain_cFv
802016DC:__dt__23dMeter_drawCollectHIO_cFv
80201604:__dt__23dMeter_drawFishingHIO_cFv
8025E7A0:__dt__23dSvBit_childItZoneHIO_cFv
8025E8C0:__dt__23dSvBit_childSwZoneHIO_cFv
8025ED0C:__dt__23dSvBit_childSwitchHIO_cFv
80155FFC:__dt__23daBaseNpc_moveBgActor_cFv
802645FC:__dt__24DynamicModuleControlBaseFv
802CFC94:__dt__24JAUStreamAramMgrBase_<1>Fv
80018328:__dt__24JPTraceParticleCallBack4Fv
802D6A80:__dt__24JSUList<13JKRFileLoader>Fv
8019BBBC:__dt__24dDlst_GameOverScrnDraw_cFv
8019C28C:__dt__24dDlst_Gameover_CAPTURE_cFv
802014E4:__dt__24dMeter_drawMiniGameHIO_cFv
802331F4:__dt__24jmessage_string_tControlFv
80015D44:__dt__24mDoDvdThd_mountArchive_cFv
802809C8:__dt__25JSUList<14JPABaseEmitter>Fv
80030208:__dt__25dComIfG_camera_info_classFv
8020149C:__dt__25dMeter_drawEmpButtonHIO_cFv
80201454:__dt__25dMeter_drawLightDropHIO_cFv
800500B8:__dt__25dPa_gen_b_light8EcallBackFv
8004FDAC:__dt__25dPa_gen_b_light8PcallBackFv
800503FC:__dt__25dPa_gen_d_light8EcallBackFv
8004FD4C:__dt__25dPa_gen_d_light8PcallBackFv
8025E6C8:__dt__25dSvBit_childDarknessHIO_cFv
8025EC10:__dt__25dSvBit_childTreasureHIO_cFv
80016108:__dt__25mDoDvdThd_mountXArchive_cFv
80014F3C:__dt__25mDoExt_MtxCalcAnmBlendTblFv
80316AB8:__dt__26J3DShapeMtxMultiConcatViewFv
802D0004:__dt__26JAUStreamStaticAramMgr_<1>Fv
8028097C:__dt__26JPANode<15JPABaseParticle>Fv
803642F8:__dt__26__partial_array_destructorFv
8025E7E8:__dt__26dSvBit_childItDungeonHIO_cFv
8025E758:__dt__26dSvBit_childItOneZoneHIO_cFv
8025E908:__dt__26dSvBit_childSwDungeonHIO_cFv
8025E878:__dt__26dSvBit_childSwOneZoneHIO_cFv
8025E680:__dt__26dSvBit_childTransformHIO_cFv
8003EB10:__dt__26fmpTresTypeGroupDataList_cFv
80230224:__dt__26jmessage_string_tReferenceFv
8022BD98:__dt__26jmessage_tMeasureProcessorFv
80014E20:__dt__26mDoExt_3DlineMatSortPacketFv
8032E6C4:__dt__27J3DAnmTransformFullWithLerpFv
80316A40:__dt__27J3DShapeMtxBBoardConcatViewFv
802A36A8:__dt__27JASMemPool<13JAISoundChild>Fv
802A8CD4:__dt__27JAUSeqDataMgr_SeqCollectionFv
80201574:__dt__27dMeter_drawCalibrationHIO_cFv
802332B4:__dt__27jmessage_tSequenceProcessorFv
803169BC:__dt__28J3DShapeMtxYBBoardConcatViewFv
8002ACE0:__dt__28dDrawPathWithNormalPattern_cFv
8004FC68:__dt__28dPa_particleTracePcallBack_cFv
80233254:__dt__28jmessage_tRenderingProcessorFv
80014EB0:__dt__28mDoExt_MtxCalcAnmBlendTblOldFv
8002B008:__dt__28renderingPlusDoorAndCursor_cFv
800CFD30:__dt__29dAlink_bottleWaterPcallBack_cFv
8025E830:__dt__29dSvBit_childItPerfectionHIO_cFv
8025E950:__dt__29dSvBit_childSwPerfectionHIO_cFv
8025E710:__dt__29dSvBit_childTbPerfectionHIO_cFv
802E40F0:__dt__30JSUList<19JUTGamePadLongPress>Fv
802AD640:__dt__31JASMemPool<17Z2SoundHandlePool>Fv
802A9928:__dt__32JAUStreamDataMgr_StreamFileTableFv
80231354:__dt__33jmessage_string_tMeasureProcessorFv
80233170:__dt__34jmessage_string_tSequenceProcessorFv
80295710:__dt__35JASMemPool_MultiThreaded<8JASTrack>Fv
80233110:__dt__35jmessage_string_tRenderingProcessorFv
80299D0C:__dt__38JASMemPool_MultiThreaded<10JASChannel>Fv
802E6630:__dt__39JSUList<Q212JUTException12JUTExMapFile>Fv
80030CCC:__dt__4cBgSFv
8007937C:__dt__4cBgWFv
80030BDC:__dt__4cCcSFv
80009184:__dt__4cXyzFv
80030C50:__dt__4dBgSFv
8007E588:__dt__4dBgWFv
8002FF40:__dt__4dCcSFv
80295764:__dt__50JASMemPool_MultiThreaded<Q28JASTrack11TChannelMgr>Fv
80018BD0:__dt__5csXyzFv
8001E098:__dt__5l_HIOFv
802E77A4:__dt__6JUTXfbFv
800740C0:__dt__6dBgPlcFv
8008361C:__dt__6dBgWSvFv
8002AF20:__dt__6dMap_cFv
8009C848:__dt__6dMdl_cFv
8000FA20:__dt__73J3DMtxCalcNoAnm<27J3DMtxCalcCalcTransformMaya,24J3DMtxCalcJ3DSysInitMaya>Fv
80338A30:__dt__75J3DMtxCalcNoAnm<28J3DMtxCalcCalcTransformBasic,25J3DMtxCalcJ3DSysInitBasic>Fv
802F8A28:__dt__7J2DPaneFv
8029A2F4:__dt__7JASBankFv
80292F84:__dt__7JASHeapFv
8029A6BC:__dt__7JASInstFv
802D45E8:__dt__7JKRAramFv
802DA02C:__dt__7JKRFileFv
802D0700:__dt__7JKRHeapFv
8001494C:__dt__7JUTFontFv
80088320:__dt__7cDegreeFv
80030510:__dt__7cSAngleFv
800716BC:__dt__7cSGlobeFv
8024FDD0:__dt__7dName_cFv
80338954:__dt__83J3DMtxCalcNoAnm<32J3DMtxCalcCalcTransformSoftimage,29J3DMtxCalcJ3DSysInitSoftimage>Fv
80255D90:__dt__8CPaneMgrFv
802F68BC:__dt__8J2DPrintFv
8032A7EC:__dt__8J3DModelFv
802A2D3C:__dt__8JAISeMgrFv
8029374C:__dt__8JASTrackFv
802E7CDC:__dt__8JUTFaderFv
802E7284:__dt__8JUTVideoFv
80056CD0:__dt__8RAIN_EFFFv
80056D58:__dt__8SNOW_EFFFv
80056DC8:__dt__8STAR_EFFFv
80269FA0:__dt__8cBgS_ChkFv
80083E20:__dt__8cCcD_ObjFv
80271300:__dt__8cM2dGCirFv
80030E84:__dt__8cM3dGAabFv
80271348:__dt__8cM3dGCirFv
802713D4:__dt__8cM3dGCpsFv
80030E3C:__dt__8cM3dGCylFv
80036A5C:__dt__8cM3dGLinFv
8001DB90:__dt__8cM3dGPlaFv
80036AA4:__dt__8cM3dGSphFv
8007A384:__dt__8cM3dGTriFv
80077528:__dt__8dBgS_ChkFv
8007E78C:__dt__8dBgWKColFv
800850AC:__dt__8dCcD_CpsFv
80084DA0:__dt__8dCcD_CylFv
80084C34:__dt__8dCcD_SphFv
80084F34:__dt__8dCcD_TriFv
80140CCC:__dt__8dEyeHL_cFv
8019392C:__dt__8dScope_cFv
80155C40:__dt__8daNpcF_cFv
8014CD6C:__dt__8daNpcT_cFv
80056E38:__dt__9CLOUD_EFFFv
80056EA8:__dt__9HOUSI_EFFFv
802FA9DC:__dt__9J2DScreenFv
802FCD1C:__dt__9J2DWindowFv
8000E680:__dt__9J3DPacketFv
802A4530:__dt__9JAISeqMgrFv
802DDBCC:__dt__9JKRDecompFv
802D3BF4:__dt__9JKRThreadFv
802BF950:__dt__9Z2AudibleFv
8007E638:__dt__9cBgW_BgIdFv
801410F0:__dt__9cCcD_SttsFv
80075FD4:__dt__9dBgS_AcchFv
8007E680:__dt__9dBgW_BaseFv
80160350:__dt__9dCamera_cFv
800851EC:__dt__9dCcD_SttsFv
800889F0:__dt__9dCstick_cFv
801913B8:__dt__9dFs_HIO_cFv
801CDAA0:__dt__9dMf_HIO_cFv
801F72CC:__dt__9dMs_HIO_cFv
801FA5D8:__dt__9dMw_HIO_cFv
8025351C:__dt__9dNm_HIO_cFv
80195BDC:__dt__9dSi_HIO_cFv
8025B678:__dt__9dSn_HIO_cFv
800CD7E4:__dt__9daAlink_cFv
80263A70:__dt__9dkWmark_cFv
80293600:__dt__Q210JASPortCmd9TPortHeadFv
8029A680:__dt__Q212JASBasicInst7TKeymapFv
8028EA40:__dt__Q214JStudio_JStage12TAdaptor_fogFv
8028BF30:__dt__Q214JStudio_JStage13TCreateObjectFv
8028CAE4:__dt__Q214JStudio_JStage14TAdaptor_actorFv
8028F024:__dt__Q214JStudio_JStage14TAdaptor_lightFv
8028DD90:__dt__Q214JStudio_JStage15TAdaptor_cameraFv
8028DADC:__dt__Q214JStudio_JStage21TAdaptor_ambientLightFv
8028EEF0:__dt__Q214JStudio_JStage77TVariableValueOutput_object_<Q214JStudio_JStage12TAdaptor_fog,Q26JStage4TFog>Fv
8028D9B0:__dt__Q214JStudio_JStage81TVariableValueOutput_object_<Q214JStudio_JStage14TAdaptor_actor,Q26JStage6TActor>Fv
8028E914:__dt__Q214JStudio_JStage83TVariableValueOutput_object_<Q214JStudio_JStage15TAdaptor_camera,Q26JStage7TCamera>Fv
80167C08:__dt__Q214cCcD_ShapeAttr5ShapeFv
8028F980:__dt__Q215JStudio_JAudio213TCreateObjectFv
8028FD24:__dt__Q215JStudio_JAudio214TAdaptor_soundFv
8030EFD8:__dt__Q216J2DAnmTexPattern27J2DAnmTexPatternTIMGPointerFv
8029AE3C:__dt__Q216JASBasicWaveBank10TWaveGroupFv
8029AA14:__dt__Q216JASBasicWaveBank11TWaveHandleFv
8029B1B4:__dt__Q217JASSimpleWaveBank11TWaveHandleFv
802907D0:__dt__Q217JStudio_JParticle13TCreateObjectFv
80290B90:__dt__Q217JStudio_JParticle17TAdaptor_particleFv
8004AB88:__dt__Q218dPa_modelEcallBack7model_cFv
80037DE4:__dt__Q220@unnamed@d_demo_cpp@24jstudio_tAdaptor_messageFv
80037E74:__dt__Q220@unnamed@d_demo_cpp@29jstudio_tCreateObject_messageFv
802A89B4:__dt__Q228@unnamed@JAUSectionHeap_cpp@14TStreamDataMgrFv
80282F50:__dt__Q26JStage13TAmbientLightFv
802830B0:__dt__Q26JStage4TFogFv
80282E78:__dt__Q26JStage6TActorFv
80283158:__dt__Q26JStage6TLightFv
80282FD0:__dt__Q26JStage7TCameraFv
80283204:__dt__Q26JStage7TObjectFv
802832C0:__dt__Q26JStage7TSystemFv
802DEEB8:__dt__Q27JGadget13TNodeLinkListFv
802DF198:__dt__Q27JGadget20TVector_pointer_voidFv
8028A4B4:__dt__Q27JStudio11TObject_fogFv
802895AC:__dt__Q27JStudio12TAdaptor_fogFv
802878B8:__dt__Q27JStudio13TCreateObjectFv
8028A5D4:__dt__Q27JStudio13TObject_actorFv
8028A454:__dt__Q27JStudio13TObject_lightFv
8028A334:__dt__Q27JStudio13TObject_soundFv
80288CE0:__dt__Q27JStudio14TAdaptor_actorFv
80289738:__dt__Q27JStudio14TAdaptor_lightFv
80289F6C:__dt__Q27JStudio14TAdaptor_soundFv
80283AD0:__dt__Q27JStudio14TFunctionValueFv
8028A514:__dt__Q27JStudio14TObject_cameraFv
8028924C:__dt__Q27JStudio15TAdaptor_cameraFv
8028A3F4:__dt__Q27JStudio15TObject_messageFv
80289A10:__dt__Q27JStudio16TAdaptor_messageFv
8028A394:__dt__Q27JStudio16TObject_particleFv
80289B3C:__dt__Q27JStudio17TAdaptor_particleFv
802860B4:__dt__Q27JStudio19TFunctionValue_listFv
8028A574:__dt__Q27JStudio20TObject_ambientLightFv
802890CC:__dt__Q27JStudio21TAdaptor_ambientLightFv
80285FF4:__dt__Q27JStudio22TFunctionValue_hermiteFv
80286174:__dt__Q27JStudio23TFunctionValue_constantFv
802861D4:__dt__Q27JStudio24TFunctionValue_compositeFv
80286114:__dt__Q27JStudio25TFunctionValue_transitionFv
80286054:__dt__Q27JStudio29TFunctionValue_list_parameterFv
80287AD8:__dt__Q27JStudio6TParseFv
80288AE0:__dt__Q27JStudio7TObjectFv
80288400:__dt__Q27JStudio8TAdaptorFv
802875DC:__dt__Q27JStudio8TControlFv
80287900:__dt__Q27JStudio8TFactoryFv
80031F28:__dt__Q27daSus_c6data_cFv
8029588C:__dt__Q28JASTrack5TListFv
802A9F88:__dt__Q28JMessage10TProcessorFv
802A9F38:__dt__Q28JMessage10TReferenceFv
802AA7F8:__dt__Q28JMessage18TSequenceProcessorFv
802AAF00:__dt__Q28JMessage19TRenderingProcessorFv
802AB598:__dt__Q28JMessage6TParseFv
802A99CC:__dt__Q28JMessage8TControlFv
8003D740:__dt__Q28dMpath_n18dTexObjAggregate_cFv
8018296C:__dt__Q29dCamera_c10dCamInfo_cFv
80160310:__dt__Q29dCamera_c23@class$3665d_camera_cppFv
80097850:__dt__Q29dCamera_c26@class$3517d_ev_camera_cppFv
800CFC74:__dt__Q29daAlink_c14firePointEff_cFv
800D0D14:__dt__Q29daAlink_c14hsChainShape_cFv
8028D568:__dt__Q314JStudio_JStage14TAdaptor_actor26TVVOutput_ANIMATION_FRAME_Fv
8028F688:__dt__Q314JStudio_JStage14TAdaptor_light20TVVOutput_direction_Fv
802904C4:__dt__Q315JStudio_JAudio214TAdaptor_sound13TVVOSetValue_Fv
80290B30:__dt__Q317JStudio_JParticle17TAdaptor_particle21TJPACallback_emitter_Fv
802DED64:__dt__Q37JGadget6binary19TParse_header_blockFv
8028839C:__dt__Q37JStudio14TVariableValue13TOutput_none_Fv
8028823C:__dt__Q37JStudio14TVariableValue7TOutputFv
8028AB8C:__dt__Q37JStudio28@unnamed@jstudio_object_cpp@54TOutputVariableValue_BOOL_<Q27JStudio14TAdaptor_actor>Fv
8028AACC:__dt__Q37JStudio28@unnamed@jstudio_object_cpp@54TOutputVariableValue_BOOL_<Q27JStudio14TAdaptor_light>Fv
8028AA0C:__dt__Q37JStudio28@unnamed@jstudio_object_cpp@54TOutputVariableValue_BOOL_<Q27JStudio14TAdaptor_sound>Fv
8028AB2C:__dt__Q37JStudio28@unnamed@jstudio_object_cpp@55TOutputVariableValue_BOOL_<Q27JStudio15TAdaptor_camera>Fv
8028AA6C:__dt__Q37JStudio28@unnamed@jstudio_object_cpp@57TOutputVariableValue_BOOL_<Q27JStudio17TAdaptor_particle>Fv
80283984:__dt__Q37JStudio3ctb14TObject_TxyzRyFv
802837AC:__dt__Q37JStudio3ctb6TParseFv
80283348:__dt__Q37JStudio3ctb7TObjectFv
80283424:__dt__Q37JStudio3ctb8TControlFv
802836A4:__dt__Q37JStudio3ctb8TFactoryFv
8028721C:__dt__Q37JStudio3fvb12TObject_listFv
80287114:__dt__Q37JStudio3fvb15TObject_hermiteFv
80287324:__dt__Q37JStudio3fvb16TObject_constantFv
802873A8:__dt__Q37JStudio3fvb17TObject_compositeFv
802872A0:__dt__Q37JStudio3fvb18TObject_transitionFv
80287198:__dt__Q37JStudio3fvb22TObject_list_parameterFv
80286F2C:__dt__Q37JStudio3fvb6TParseFv
802863B0:__dt__Q37JStudio3fvb7TObjectFv
80286AC8:__dt__Q37JStudio3fvb8TControlFv
80286D48:__dt__Q37JStudio3fvb8TFactoryFv
8028B564:__dt__Q37JStudio3stb15TObject_controlFv
8028BA90:__dt__Q37JStudio3stb6TParseFv
8028AF60:__dt__Q37JStudio3stb7TObjectFv
8028B5C4:__dt__Q37JStudio3stb8TControlFv
8028B9E4:__dt__Q37JStudio3stb8TFactoryFv
802AB338:__dt__Q38JMessage18TResourceContainer10TCResourceFv
80269048:__dv__4cXyzCFf
80367900:__end_critical_region
8026945C:__eq__4cXyzCFRC3Vec
803CCAF0:__files
80003488:__fill_mem
80364CD8:__fini_cpp_exceptions
80375E24:__fini_cpp_exceptions_reference
8044AC2C:__float_epsilon
8044AC24:__float_huge
8044AC28:__float_max
8044AC20:__float_nan
803654A8:__flush_all
8036757C:__flush_buffer
80003424:__flush_cache
8034E2A0:__fstLoad
80367930:__fwrite
8000314C:__get_debug_bba
8044BAC8:__global_destructor_chain
80182AD8:__gt__7cSAngleCFRC7cSAngle
8036B710:__ieee754_acos
8036B94C:__ieee754_asin
8036BB84:__ieee754_atan2
8036BE14:__ieee754_exp
8036C038:__ieee754_fmod
8036C374:__ieee754_pow
8036CBA4:__ieee754_rem_pio2
8036EC3C:__ieee754_sqrt
8044B3CC:__init__memPool___46JASPoolAllocObject_MultiThreaded<10JASChannel>
80345034:__init_cpp
80364D0C:__init_cpp_exceptions
80375C60:__init_cpp_exceptions_reference
80003340:__init_data
80003400:__init_hardware
800032B0:__init_registers
80345014:__init_user
8036CF44:__kernel_cos
8036D038:__kernel_rem_pio2
8036DE8C:__kernel_sin
8036DF2C:__kernel_tan
80367908:__kill_critical_regions
803CCE58:__lower_map
80182AB8:__lt__7cSAngleCFRC7cSAngle
8044BA6C:__memReg
80368574:__memrchr
80268F64:__mi__4cXyzCFRC3Vec
802698C0:__mi__5csXyzFR5csXyz
802735D4:__mi__7cSAngleCFRC7cSAngle
80273658:__mi__7cSAngleCFs
80273578:__mi__7cSAngleCFv
80273750:__mi__FsRC7cSAngle
80269000:__ml__4cXyzCFRC3Vec
80268FB4:__ml__4cXyzCFf
80269918:__ml__5csXyzFf
80273694:__ml__7cSAngleCFf
803649DC:__mod2i
803648F8:__mod2u
80367CB8:__msl_strnicmp
8026949C:__ne__4cXyzCFRC3Vec
803655C0:__num2dec
80365764:__num2dec_internal
802D10E8:__nw__FUl
802D1134:__nw__FUlP7JKRHeapi
802D1110:__nw__FUli
802D1160:__nwa__FUl
802D11AC:__nwa__FUlP7JKRHeapi
802D1188:__nwa__FUli
80182C60:__ops__7cSAngleCFv
8044BA68:__peReg
80368EC4:__pformatter
8044BA60:__piReg
80268F14:__pl__4cXyzCFRC3Vec
80269834:__pl__5csXyzFR5csXyz
802735A4:__pl__7cSAngleCFRC7cSAngle
8027362C:__pl__7cSAngleCFs
80273724:__pl__FsRC7cSAngle
80365064:__pool_free
80367640:__prep_buffer
803644E4:__ptmf_cmpr
8039C2E0:__ptmf_null
80364520:__ptmf_scall
803644B4:__ptmf_test
80367748:__put_char
803746E8:__read_console
80364D7C:__register_fragment
803640C0:__register_global_object
803645F0:__restore_fpr
80364688:__restore_gpr
803645A4:__save_fpr
8036463C:__save_gpr
80003140:__set_debug_bba
80364AE8:__shl2i
80364B30:__shr2i
80364B0C:__shr2u
802FA918:__sinit_J2DPane_cpp
80327A8C:__sinit_J3DDrawBuffer_cpp
80325A08:__sinit_J3DMatBlock_cpp
80316C88:__sinit_J3DShapeMtx_cpp
8031336C:__sinit_J3DSys_cpp
8029C478:__sinit_JASBNKParser_cpp
8029359C:__sinit_JASCmdStack_cpp
802A0750:__sinit_JASDriverIF_cpp
80292F44:__sinit_JASHeapCtrl_cpp
8029E29C:__sinit_JASLfo_cpp
8029609C:__sinit_JASSeqCtrl_cpp
80297D80:__sinit_JASSeqParser_cpp
802957B8:__sinit_JASTrack_cpp
80275B0C:__sinit_JFWDisplay_cpp
802D5708:__sinit_JKRAramHeap_cpp
802D5FA0:__sinit_JKRAramPiece_cpp
802D5248:__sinit_JKRAram_cpp
802DDA84:__sinit_JKRDvdAramRipper_cpp
802DBF9C:__sinit_JKRDvdFile_cpp
802DCC78:__sinit_JKRDvdRipper_cpp
802D6A3C:__sinit_JKRFileLoader_cpp
802D4330:__sinit_JKRThread_cpp
8033BF88:__sinit_JMATrigonometric_cpp
802E65E8:__sinit_JUTException_cpp
802E3FFC:__sinit_JUTGamePad_cpp
802C031C:__sinit_Z2Audience_cpp
802C54DC:__sinit_Z2Creature_cpp
802C2688:__sinit_Z2SoundObjMgr_cpp
802CE018:__sinit_Z2WolfHowlMgr_cpp
80274004:__sinit_c_angle_cpp
80266E28:__sinit_c_cc_d_cpp
80018388:__sinit_c_damagereaction_cpp
8027106C:__sinit_c_m3d_cpp
802699BC:__sinit_c_sxyz_cpp
802696C0:__sinit_c_xyz_cpp
80141B50:__sinit_d_a_alink_cpp
8015A958:__sinit_d_a_npc_cd2_cpp
80157A5C:__sinit_d_a_npc_cd_cpp
8014D424:__sinit_d_a_npc_cpp
8015DF1C:__sinit_d_a_obj_item_cpp
8007404C:__sinit_d_attention_cpp
801935C8:__sinit_d_bright_check_cpp
80182648:__sinit_d_camera_cpp
8002FD18:__sinit_d_com_inf_game_cpp
80031DC4:__sinit_d_com_static_cpp
800569B4:__sinit_d_drawlist_cpp
800976DC:__sinit_d_ev_camera_cpp
80048BD8:__sinit_d_event_lib_cpp
80192E60:__sinit_d_file_sel_info_cpp
80192364:__sinit_d_file_sel_warning_cpp
80191400:__sinit_d_file_select_cpp
8019C088:__sinit_d_gameover_cpp
801ADC64:__sinit_d_kankyo_cpp
8003D6E4:__sinit_d_map_path_cpp
80041460:__sinit_d_map_path_dmap_cpp
801AFBD4:__sinit_d_menu_calibration_cpp
801B7AD4:__sinit_d_menu_collect_cpp
801C0584:__sinit_d_menu_dmap_cpp
801C2604:__sinit_d_menu_dmap_map_cpp
801C657C:__sinit_d_menu_fishing_cpp
801CDAE8:__sinit_d_menu_fmap_cpp
801DA6C4:__sinit_d_menu_insect_cpp
801DCD00:__sinit_d_menu_item_explain_cpp
801E20B0:__sinit_d_menu_letter_cpp
801E9598:__sinit_d_menu_option_cpp
801EFCDC:__sinit_d_menu_ring_cpp
801F7314:__sinit_d_menu_save_cpp
801FA120:__sinit_d_menu_skill_cpp
801FA620:__sinit_d_menu_window_HIO_cpp
801FE020:__sinit_d_menu_window_cpp
8021F130:__sinit_d_meter2_info_cpp
80201980:__sinit_d_meter_HIO_cpp
8024F434:__sinit_d_msg_flow_cpp
8023946C:__sinit_d_msg_object_cpp
8023C7F4:__sinit_d_msg_scrn_3select_cpp
8023F698:__sinit_d_msg_scrn_explain_cpp
80245664:__sinit_d_msg_scrn_howl_cpp
80247894:__sinit_d_msg_scrn_light_cpp
80239B0C:__sinit_d_msg_unit_cpp
80253564:__sinit_d_name_cpp
80257748:__sinit_d_pane_class_cpp
80051614:__sinit_d_particle_copoly_cpp
80050480:__sinit_d_particle_cpp
8025A95C:__sinit_d_s_logo_cpp
8025B6C0:__sinit_d_s_name_cpp
8025CFF0:__sinit_d_s_play_cpp
8025E998:__sinit_d_save_HIO_cpp
80194100:__sinit_d_scope_cpp
80195C24:__sinit_d_select_icon_cpp
8019AB70:__sinit_d_shop_system_cpp
8002824C:__sinit_d_stage_cpp
80018B28:__sinit_f_ap_game_cpp
8001DE14:__sinit_f_op_actor_mng_cpp
8028A634:__sinit_jstudio-object_cpp
80017470:__sinit_m_Do_MemCard_cpp
80007318:__sinit_m_Do_audio_cpp
80016574:__sinit_m_Do_dvd_thread_cpp
8000B1D0:__sinit_m_Do_graphic_cpp
80015544:__sinit_m_Do_lib_cpp
800065E0:__sinit_m_Do_main_cpp
8000CFB8:__sinit_m_Do_mtx_cpp
8028D5C8:__sinit_object-actor_cpp
8028E5B0:__sinit_object-camera_cpp
8028ECD4:__sinit_object-fog_cpp
8028F6E8:__sinit_object-light_cpp
80290524:__sinit_object-sound_cpp
80003154:__start
80368968:__stdio_atexit
8044BAD8:__stdio_exit
8036B238:__strtoul
80364DB0:__sys_free
8036729C:__timesdec
80365B18:__two_exp
80395120:__two_to_x$982
80364D48:__unregister_fragment
803CCF58:__upper_map
80363FB0:__va_arg
803B9F04:__vt__10COutFont_c
803A13B0:__vt__10CSTControl
803A2F64:__vt__10J2DAnmBase
803C7318:__vt__10J2DPicture
803C7468:__vt__10J2DTextBox
803A1D98:__vt__10J3DAnmBase
8039D5C8:__vt__10J3DMtxCalc
803C7E60:__vt__10J3DPEBlock
803C9328:__vt__10J3DTexture
803C3960:__vt__10JAIAudible
803C1850:__vt__10JASDrumSet
803C1960:__vt__10JASWaveArc
803C3C64:__vt__10JAUSection
803BE1E0:__vt__10JFWDisplay
803C63C8:__vt__10JKRArchive
803C6578:__vt__10JKRDvdFile
803C6110:__vt__10JKRExpHeap
803BE6D8:__vt__10JPATexture
803BCF38:__vt__10JSUIosBase
803C6AE8:__vt__10JUTConsole
803C6750:__vt__10JUTGamePad
803B553C:__vt__10JUTNameTab
803C66E0:__vt__10JUTResFont
803C4DD8:__vt__10Z2Audience
803C6078:__vt__10Z2AudioMgr
803C5A00:__vt__10Z2Creature
803C3EB0:__vt__10Z2SoundMgr
803A647C:__vt__10cCcD_GStts
803A6420:__vt__10cCcD_ObjAt
803A6408:__vt__10cCcD_ObjCo
803A6414:__vt__10cCcD_ObjTg
803A6470:__vt__10dCcD_GStts
803A2F80:__vt__10dDlst_2D_c
803B5EF0:__vt__10dGov_HIO_c
803BD14C:__vt__10dLog_HIO_c
803BC080:__vt__10dMsgFlow_c
803BAD30:__vt__10dMsgUnit_c
803B8A20:__vt__10dMw_DHIO_c
8039D570:__vt__114J3DMtxCalcAnimation<64J3DMtxCalcAnimationAdaptorDefault<27J3DMtxCalcCalcTransformMaya>,24J3DMtxCalcJ3DSysInitMaya>
803C78E8:__vt__11J2DAnmColor
803C6B80:__vt__11J2DIndBlock
803C6BB8:__vt__11J2DMaterial
803C6FB4:__vt__11J2DTevBlock
803C7528:__vt__11J2DWindowEx
803C8ED8:__vt__11J3DAnmColor
803C7F28:__vt__11J3DIndBlock
803C7E30:__vt__11J3DMaterial
803C7D84:__vt__11J3DShapeMtx
803C8A98:__vt__11J3DTevBlock
803A1DE4:__vt__11J3DTexNoAnm
8039D5F8:__vt__11J3DUClipper
803C3978:__vt__11JAIAudience
803BFCC0:__vt__11JASBankList
803C1978:__vt__11JASDisposer
803C18C0:__vt__11JASWaveBank
803C62A8:__vt__11JKRAramHeap
803C6230:__vt__11JKRDisposer
803BE6AC:__vt__11JPAFieldAir
803C4D88:__vt__11Z2SoundInfo
803A5790:__vt__11cBgS_ChkElm
803BE0D0:__vt__11cBgS_GndChk
803BE0E8:__vt__11cBgS_LinChk
803A5CF0:__vt__11cBgW_GrpElm
803A5E18:__vt__11cBgW_RwgElm
803A5CFC:__vt__11cBgW_TriElm
803A3DC0:__vt__11dAttParam_c
803A58D8:__vt__11dBgS_GndChk
803A5AD0:__vt__11dBgS_LinChk
803A5B28:__vt__11dBgS_SphChk
8039D95C:__vt__11dBgS_WtrChk
803A666C:__vt__11dCamParam_c
803A6660:__vt__11dCamSetup_c
803A63A4:__vt__11dCcD_GObjAt
803A638C:__vt__11dCcD_GObjCo
803A6398:__vt__11dCcD_GObjTg
803A1AF4:__vt__11dDemo_fog_c
803A2FA4:__vt__11dDlst_2DM_c
803A2FC8:__vt__11dDlst_2DT_c
803A2F98:__vt__11dDlst_2Dm_c
803A2F74:__vt__11dDlst_blo_c
803A1E58:__vt__11dDrawPath_c
8039D730:__vt__11dEvt_info_c
803B9438:__vt__11dMeterMap_c
803B5834:__vt__11dMeterSub_c
803A0EF4:__vt__11dStage_dt_c
803ADB0C:__vt__11daBaseNpc_c
8039D700:__vt__11fapGm_HIO_c
803C7830:__vt__12J2DAnmLoader
803C75F8:__vt__12J2DPictureEx
803C6EF8:__vt__12J2DTevBlock1
803C6E3C:__vt__12J2DTevBlock2
803C6D80:__vt__12J2DTevBlock4
803C6CC4:__vt__12J2DTevBlock8
803C7748:__vt__12J2DTextBoxEx
803C93A0:__vt__12J3DAnmLoader
8039D4B4:__vt__12J3DFrameCtrl
803C8E34:__vt__12J3DJointTree
803C7A94:__vt__12J3DMatPacket
803C8E54:__vt__12J3DModelData
803C8E84:__vt__12J3DMtxBuffer
803C7DA8:__vt__12J3DShapeDraw
803C84BC:__vt__12J3DTevBlock1
803C83E0:__vt__12J3DTevBlock2
803C8304:__vt__12J3DTevBlock4
803C3AE0:__vt__12JAISoundInfo
803C17E8:__vt__12JASBasicBank
803C1828:__vt__12JASBasicInst
803C1790:__vt__12JASSeqParser
803C1810:__vt__12JASVoiceBank
803C3C48:__vt__12JAUBankTable
8039D0AC:__vt__12JAUSoundInfo
803C62B8:__vt__12JKRAramBlock
803C6358:__vt__12JKRArcFinder
803C6348:__vt__12JKRDvdFinder
803C6378:__vt__12JKRFileCache
803C6170:__vt__12JKRSolidHeap
803BE60C:__vt__12JPAFieldBase
803BE634:__vt__12JPAFieldDrag
803BE620:__vt__12JPAFieldSpin
803C6680:__vt__12JUTCacheFont
803C67E4:__vt__12JUTException
803C66D0:__vt__12JUTGraphFifo
803C5920:__vt__12Z2CreatureFM
803C58C0:__vt__12Z2CreatureOI
803BD748:__vt__12cCcD_CpsAttr
803BD6E4:__vt__12cCcD_CylAttr
803A63BC:__vt__12cCcD_GObjInf
803BD680:__vt__12cCcD_SphAttr
803BD7AC:__vt__12cCcD_TriAttr
803A57C4:__vt__12dBgS_AcchCir
803AD728:__vt__12dBgS_ObjAcch
803A5BB0:__vt__12dBgS_RoofChk
803A6360:__vt__12dCcD_GObjInf
803A1390:__vt__12dCcMassS_Mng
803A1354:__vt__12dCcMassS_Obj
803A2F8C:__vt__12dDlst_2DMt_c
803A2FBC:__vt__12dDlst_2DT2_c
803A10E8:__vt__12dDlst_base_c
803B56F8:__vt__12dFile_info_c
803B6C70:__vt__12dMenu_Dmap_c
803B77C4:__vt__12dMenu_Fmap_c
803B80EC:__vt__12dMenu_Ring_c
803B5ED8:__vt__12dMenu_save_c
803BB5D8:__vt__12dMsgString_c
803BD4F4:__vt__12dSvBit_HIO_c
803AD37C:__vt__12daAlinkHIO_c
803AD770:__vt__12daItemBase_c
803B9F28:__vt__13COutFontSet_c
803BCF68:__vt__13CPaneMgrAlpha
803C6BC4:__vt__13J2DColorBlock
803C6B20:__vt__13J2DOrthoGraph
803C6C08:__vt__13J2DTevBlock16
803C8F3C:__vt__13J3DAnmCluster
803C7FE0:__vt__13J3DColorBlock
803C7AA8:__vt__13J3DDrawPacket
803C89D0:__vt__13J3DPEBlockOpa
803C88D8:__vt__13J3DPEBlockXlu
803C8E48:__vt__13J3DShapeTable
803C8FB0:__vt__13J3DSkinDeform
803C8228:__vt__13J3DTevBlock16
803C3A68:__vt__13JAISeqDataMgr
803BFC98:__vt__13JASTaskThread
803C1894:__vt__13JASWaveHandle
803C62F8:__vt__13JKRAramStream
803C61D0:__vt__13JKRAssertHeap
803C64D8:__vt__13JKRDvdArchive
803C6368:__vt__13JKRFileFinder
803C6308:__vt__13JKRFileLoader
803C6418:__vt__13JKRMemArchive
803C58F0:__vt__13Z2CreatureGob
803BE110:__vt__13cBgS_PolyInfo
803BE100:__vt__13cBgS_ShdwDraw
803A5E0C:__vt__13cBgW_NodeTree
803AD088:__vt__13dBgS_LinkAcch
803A1C94:__vt__13dDemo_actor_c
803A1B50:__vt__13dDemo_light_c
803A2FEC:__vt__13dDlst_2DTri_c
803B8A00:__vt__13dMenu_Skill_c
803B9890:__vt__13dMeter2Draw_c
803B9B5C:__vt__13dMeter2Info_c
803B5BDC:__vt__13dShopSystem_c
803B02FC:__vt__13daNpcCd_HIO_c
8039D488:__vt__13mDoExt_morf_c
803C78C0:__vt__14J2DAnmColorKey
803C7854:__vt__14J2DAnmVtxColor
803C6AF8:__vt__14J2DGrafContext
803C7070:__vt__14J2DTexGenBlock
803C8EB0:__vt__14J3DAnmColorKey
803C8F14:__vt__14J3DAnmVtxColor
803C8FA0:__vt__14J3DMaterialAnm
803C9334:__vt__14J3DModelLoader
803C8130:__vt__14J3DPEBlockFull
803C8FD0:__vt__14J3DPEBlockNull
803C7A80:__vt__14J3DShapePacket
803C7F74:__vt__14J3DTexGenBlock
803C3A80:__vt__14JAISeqDataUser
803C1A20:__vt__14JASAudioThread
803C3C00:__vt__14JAUSectionHeap
803C6488:__vt__14JKRAramArchive
803C6528:__vt__14JKRCompArchive
803BE698:__vt__14JPAFieldMagnet
803BE684:__vt__14JPAFieldNewton
803BE648:__vt__14JPAFieldRandom
803BE670:__vt__14JPAFieldVortex
803C6614:__vt__14JSUInputStream
803A2F4C:__vt__14ShdwDrawPoly_c
803C5AC0:__vt__14Z2CreatureLink
803C5A64:__vt__14Z2CreatureRide
803C4E90:__vt__14Z2SoundObjBase
803C3EC0:__vt__14Z2SoundStarter
803A6438:__vt__14cCcD_ObjHitInf
803BD810:__vt__14cCcD_ShapeAttr
803B494C:__vt__14d2DBSplinePath
803A5818:__vt__14dBgS_CamGndChk
803A5AA0:__vt__14dBgS_CamLinChk
803B48F8:__vt__14dBgS_CamSphChk
8039D98C:__vt__14dBgS_ObjGndChk
803A5A40:__vt__14dBgS_ObjLinChk
803A5B68:__vt__14dBgS_SplGrpChk
803B575C:__vt__14dBrightCheck_c
803A1C00:__vt__14dDemo_camera_c
803A1AA4:__vt__14dDemo_system_c
803A2FE0:__vt__14dDlst_2DQuad_c
803BCC78:__vt__14dDlst_NameIN_c
803B5548:__vt__14dFile_select_c
803B6C98:__vt__14dMenu_DmapBg_c
803B7A0C:__vt__14dMenu_Insect_c
803B7CEC:__vt__14dMenu_Letter_c
803B7FE4:__vt__14dMenu_Option_c
803B9398:__vt__14dMeterButton_c
803B93A8:__vt__14dMeterHaihai_c
803B9448:__vt__14dMeterString_c
803BAE98:__vt__14dMsgScrnBase_c
803BAF28:__vt__14dMsgScrnBoss_c
803BB2D0:__vt__14dMsgScrnHowl_c
803BB0B8:__vt__14dMsgScrnItem_c
803BB508:__vt__14dMsgScrnTalk_c
803BB560:__vt__14dMsgScrnTree_c
803AD700:__vt__14daAlink_blur_c
803B3ED8:__vt__14daNpcCd2_HIO_c
803B41E8:__vt__14daObj_SSBase_c
8039D45C:__vt__14mDoExt_McaMorf
803B0314:__vt__14mDoHIO_entry_c
803C78D4:__vt__15J2DAnmColorFull
803C7868:__vt__15J2DAnmTevRegKey
803B5518:__vt__15J2DAnmTransform
803C6BD0:__vt__15J2DIndBlockFull
803C6B48:__vt__15J2DIndBlockNull
803C8EC4:__vt__15J3DAnmColorFull
803C8EA0:__vt__15J3DAnmTevRegKey
803A1DA8:__vt__15J3DAnmTransform
803C8A4C:__vt__15J3DIndBlockFull
803C7EDC:__vt__15J3DIndBlockNull
803C904C:__vt__15J3DTevBlockNull
803C86E0:__vt__15J3DTexGenBlock4
803C3B08:__vt__15JAISoundStarter
803C6240:__vt__15JKRThreadSwitch
803BE6C0:__vt__15JPAFieldGravity
803C59A0:__vt__15Z2CreatureEnemy
803C4E10:__vt__15Z2SoundObjAnime
803C4E30:__vt__15Z2SoundObjArrow
803C5A30:__vt__15Z2SoundObjCoach
803C6064:__vt__15Z2SpeechStarter
803A5914:__vt__15cBgS_GrpPassChk
803A1360:__vt__15cCcD_DivideArea
803A1384:__vt__15cCcD_DivideInfo
803A3DB4:__vt__15dAttDrawParam_c
803A59E0:__vt__15dBgS_BombLinChk
803A5908:__vt__15dBgS_GrpPassChk
803AD058:__vt__15dBgS_LinkGndChk
803A5A10:__vt__15dBgS_LinkLinChk
8039D92C:__vt__15dBgS_ObjRoofChk
803A5950:__vt__15dBgS_RopeLinChk
803A1BBC:__vt__15dDemo_ambient_c
803A2FD4:__vt__15dDlst_2DPoint_c
803B5508:__vt__15dDlst_FileSel_c
803B55E0:__vt__15dFile_warning_c
803B6388:__vt__15dKantera_icon_c
803B68BC:__vt__15dMenu_Collect_c
803B6C40:__vt__15dMenu_DmapMap_c
803B71D4:__vt__15dMenu_Fishing_c
803B77E0:__vt__15dMenu_FmapMap_c
803B93F8:__vt__15dMeterHakusha_c
803BAE38:__vt__15dMsgScrnArrow_c
803BB3D8:__vt__15dMsgScrnLight_c
803BB428:__vt__15dMsgScrnPlace_c
803BB4B0:__vt__15dMsgScrnStaff_c
803BCE9C:__vt__15dOvlpFd2_dlst_c
803BCF1C:__vt__15dOvlpFd3_dlst_c
803A1134:__vt__15dRenderingMap_c
803B59E8:__vt__15dShopItemCtrl_c
803A2458:__vt__15dSmplMdl_draw_c
803A0C0C:__vt__15dStage_roomDt_c
803AD6E0:__vt__15daAlink_sight_c
803ADA80:__vt__15daNpcF_MatAnm_c
803ADCB4:__vt__15daNpcT_JntAnm_c
803ADCCC:__vt__15daNpcT_MatAnm_c
8039D3E4:__vt__15mDoExt_McaMorf2
8039D43C:__vt__15mDoExt_zelAnime
803A1254:__vt__15renderingAmap_c
803B6FC8:__vt__15renderingDmap_c
803B7848:__vt__15renderingFmap_c
803C7878:__vt__16J2DAnmTexPattern
803C8F28:__vt__16J3DAnmClusterKey
803C8E90:__vt__16J3DAnmTexPattern
803C9238:__vt__16J3DClusterLoader
803C8FC0:__vt__16J3DMaterialTable
803C81AC:__vt__16J3DPEBlockFogOff
803C7D3C:__vt__16J3DShapeMtxMulti
803C3A04:__vt__16JAISeCategoryMgr
803C3B48:__vt__16JAIStreamAramMgr
803C3B5C:__vt__16JAIStreamDataMgr
803C18A8:__vt__16JASBasicWaveBank
803C3C34:__vt__16JAUBankTableLink
803C3E10:__vt__16Z2AudioArcLoader
803C5970:__vt__16Z2CreatureSumomo
803C4E50:__vt__16Z2SoundObjSimple
803A5BA4:__vt__16cBgS_PolyPassChk
803A59B0:__vt__16dBgS_ArrowLinChk
803A5920:__vt__16dBgS_HorseLinChk
803AD028:__vt__16dBgS_LinkRoofChk
803A5B00:__vt__16dBgS_MoveBgActor
803A5B98:__vt__16dBgS_PolyPassChk
803A1A70:__vt__16dDemo_particle_c
803B56E8:__vt__16dDlst_FileInfo_c
803B55AC:__vt__16dDlst_FileWarn_c
803B88A4:__vt__16dDlst_MenuSave_c
803BCF2C:__vt__16dDlst_snapShot_c
803B54BC:__vt__16dFile_select3D_c
803B718C:__vt__16dMenuMapCommon_c
803B9258:__vt__16dMeter_drawHIO_c
803B9234:__vt__16dMeter_fmapHIO_c
803B92DC:__vt__16dMeter_menuHIO_c
803B924C:__vt__16dMeter_ringHIO_c
803BAD18:__vt__16dMsgObject_HIO_c
803BB328:__vt__16dMsgScrnJimaku_c
803BB380:__vt__16dMsgScrnKanban_c
803BB5B8:__vt__16dMsgStringBase_c
803BCCC8:__vt__16dNpcLib_lookat_c
803B58EC:__vt__16dSelect_cursor_c
803A0D80:__vt__16dStage_stageDt_c
803AD6C4:__vt__16daAlink_matAnm_c
803ADBB0:__vt__16daBaseNpc_path_c
803ADCC0:__vt__16daNpcT_Hermite_c
803ACF80:__vt__16daPy_frameCtrl_c
8039D410:__vt__16mDoExt_McaMorfSO
803A2040:__vt__16renderingDAmap_c
803BCF58:__vt__17CPaneMgrAlphaMorf
803C7898:__vt__17J2DAnmVtxColorKey
803C8F50:__vt__17J3DAnmClusterFull
803C8EEC:__vt__17J3DAnmVtxColorKey
803C9194:__vt__17J3DColorBlockNull
803C7DD0:__vt__17J3DLockedMaterial
8039D59C:__vt__17J3DMtxCalcAnmBase
803C8954:__vt__17J3DPEBlockTexEdge
803BFCB4:__vt__17JASBankTable<256>
803C18EC:__vt__17JASSimpleWaveBank
803C3BB8:__vt__17JAUAudioArcLoader
803C59D0:__vt__17Z2CreatureCitizen
803B54C8:__vt__17dDlst_FileSel3m_c
803B54E8:__vt__17dDlst_FileSelCp_c
803B54F8:__vt__17dDlst_FileSelDt_c
803B54D8:__vt__17dDlst_FileSelYn_c
803B6924:__vt__17dMenu_Collect2D_c
803B68F0:__vt__17dMenu_Collect3D_c
803B78B0:__vt__17dMenu_Fmap2DTop_c
803BAE28:__vt__17dMsgScrn3Select_c
803BB0AC:__vt__17dMsgScrnExplain_c
803A2574:__vt__17dPa_wbPcallBack_c
803A2594:__vt__17dPa_windPcallBack
803BD280:__vt__17dScnName_camera_c
803BD37C:__vt__17dScnPly_env_HIO_c
803BD388:__vt__17dScnPly_reg_HIO_c
803B02E4:__vt__17daNpcCd_HIO_Jnt_c
803A1A88:__vt__17jmessage_tControl
8039D0A0:__vt__17mDoAud_zelAudio_c
803C78FC:__vt__18J2DAnmTransformKey
803C78AC:__vt__18J2DAnmVtxColorFull
803A1DD0:__vt__18J3DAnmTransformKey
803C8F00:__vt__18J3DAnmVtxColorFull
803C9248:__vt__18J3DModelLoader_v21
803C928C:__vt__18J3DModelLoader_v26
803C7E00:__vt__18J3DPatchedMaterial
803C8598:__vt__18J3DTevBlockPatched
803C9128:__vt__18J3DTexGenBlockNull
803A26D8:__vt__18JPAEmitterCallBack
803BE65C:__vt__18JPAFieldConvection
803C6658:__vt__18JSUFileInputStream
803C5AAC:__vt__18Z2LinkSoundStarter
803C5A50:__vt__18Z2RideSoundStarter
803C5950:__vt__18Z2SoundObjBeeGroup
803A642C:__vt__18cCcD_ObjCommonBase
803A57E8:__vt__18dBgS_CamGndChk_Wtr
803A5848:__vt__18dBgS_ObjGndChk_All
803A5878:__vt__18dBgS_ObjGndChk_Spl
803A58A8:__vt__18dBgS_ObjGndChk_Wtr
803A2F58:__vt__18dDlst_effectLine_c
803A2F2C:__vt__18dDlst_shadowPoly_c
803A3C34:__vt__18dKankyo_mud_Packet
803A3CE8:__vt__18dKankyo_sun_Packet
803B78C0:__vt__18dMenu_Fmap2DBack_c
803B9228:__vt__18dMeter_cursorHIO_c
803A26B4:__vt__18dPa_levelEcallBack
803A25E8:__vt__18dPa_modelEcallBack
803A260C:__vt__18dPa_modelPcallBack
803A1DF0:__vt__18dRenderingFDAmap_c
803B629C:__vt__18dScnKy_env_light_c
803ADBCC:__vt__18daBaseNpc_acMngr_c
803ADB74:__vt__18daBaseNpc_lookat_c
803ADBBC:__vt__18daBaseNpc_matAnm_c
803B3EC0:__vt__18daNpcCd2_HIO_Jnt_c
803AD9C4:__vt__18daNpcF_ActorMngr_c
803ADCA8:__vt__18daNpcT_ActorMngr_c
803B42AC:__vt__18daPy_sightPacket_c
803B0308:__vt__18fOpAcm_HIO_entry_c
803A1DBC:__vt__18mDoExt_transAnmBas
803C781C:__vt__19J2DAnmKeyLoader_v15
803C7888:__vt__19J2DAnmTextureSRTKey
803C7914:__vt__19J2DAnmTransformFull
803C9378:__vt__19J3DAnmKeyLoader_v15
803C8F64:__vt__19J3DAnmTextureSRTKey
803C8F88:__vt__19J3DAnmTransformFull
8039D4EC:__vt__19J3DMtxCalcNoAnmBase
803C8674:__vt__19J3DTexGenBlockBasic
803BFCA8:__vt__19JASDefaultBankTable
8039D6DC:__vt__19JPAParticleCallBack
803A3DA8:__vt__19dAttDraw_CallBack_c
803B574C:__vt__19dDlst_BrightCheck_c
803B6378:__vt__19dDlst_KanteraIcon_c
803A3C20:__vt__19dKankyo_evil_Packet
803A3CC0:__vt__19dKankyo_rain_Packet
803A3CAC:__vt__19dKankyo_snow_Packet
803A3C98:__vt__19dKankyo_star_Packet
803A1ED4:__vt__19dMenuFmapIconDisp_c
803B64C4:__vt__19dMenu_Calibration_c
803B6ED4:__vt__19dMenu_DmapMapCtrl_c
803B7B54:__vt__19dMenu_ItemExplain_c
803B9240:__vt__19dMeter_mapIconHIO_c
803BB3E4:__vt__19dMsgScrnLight_HIO_c
803A268C:__vt__19dPa_followEcallBack
803A2560:__vt__19dPa_fsenthPcallBack
803A2668:__vt__19dPa_light8EcallBack
803A254C:__vt__19dPa_light8PcallBack
803A25A8:__vt__19dPa_simpleEcallBack
803B5908:__vt__19dSelect_cursorHIO_c
803B02F0:__vt__19daNpcCd_HIO_Child_c
803BAC14:__vt__19jmessage_tReference
8039D648:__vt__19mDoDvdThd_command_c
8039D3BC:__vt__19mDoExt_3DlineMat0_c
8039D3A8:__vt__19mDoExt_3DlineMat1_c
8039D3D0:__vt__19mDoExt_invJntPacket
803A1EE0:__vt__19renderingPlusDoor_c
803BD600:__vt__20DynamicModuleControl
803C7808:__vt__20J2DAnmFullLoader_v15
803C7844:__vt__20J2DAnmVisibilityFull
803C938C:__vt__20J3DAnmFullLoader_v15
803C93B4:__vt__20J3DAnmVisibilityFull
803C9228:__vt__20J3DClusterLoader_v15
803C87B8:__vt__20J3DColorBlockLightOn
803C6630:__vt__20JSUMemoryInputStream
803C65F0:__vt__20JSURandomInputStream
803A5980:__vt__20dBgS_BoomerangLinChk
803B9214:__vt__20dDlst_MENU_CAPTURE_c
803A3C84:__vt__20dKankyo_cloud_Packet
803A3C70:__vt__20dKankyo_housi_Packet
803A3C48:__vt__20dKankyo_odour_Packet
803B68C8:__vt__20dMenu_Collect2DTop_c
803B6C4C:__vt__20dMenu_StageMapCtrl_c
803BAD24:__vt__20dMsgObject_HowlHIO_c
803AD6F0:__vt__20daAlink_lockCursor_c
803AD9D0:__vt__20daNpcF_MoveBgActor_c
803B64D4:__vt__20dummy_abstract_class
8039D638:__vt__20mDoDvdThd_callback_c
803C8B74:__vt__21J3DColorBlockLightOff
803C7D5C:__vt__21J3DShapeMtxConcatView
803C874C:__vt__21J3DTexGenBlockPatched
803C4E70:__vt__21Z2DopplerSoundObjBase
803A5A70:__vt__21dBgS_CamLinChk_NorWtr
803BD560:__vt__21dDlst_TimerScrnDraw_c
803A3C5C:__vt__21dKankyo_vrkumo_Packet
803B9288:__vt__21dMeter_drawSkillHIO_c
803A26F4:__vt__21dPa_setColorEcallBack
803BD394:__vt__21dScnPly_preLoad_HIO_c
803BD4DC:__vt__21dSvBit_childItemHIO_c
803B3EB4:__vt__21daNpcCd2_HIO_MChild_c
803B3ECC:__vt__21daNpcCd2_HIO_WChild_c
8039D608:__vt__21mDoDvdThd_toMainRam_c
803C8848:__vt__22J3DColorBlockAmbientOn
803C3B70:__vt__22JAUAudioArcInterpreter
803A63B0:__vt__22dCcD_GAtTgCoCommonBase
803A2F3C:__vt__22dDlst_shadowRealPoly_c
803A3CD4:__vt__22dKankyo_sunlenz_Packet
803B92A0:__vt__22dMeter_drawInsectHIO_c
803B92B8:__vt__22dMeter_drawLetterHIO_c
803B92C4:__vt__22dMeter_drawOptionHIO_c
803A2500:__vt__22dPa_hermiteEcallBack_c
803A25C4:__vt__22dPa_selectTexEcallBack
803BD364:__vt__22dScnPly_env_debugHIO_c
803BD370:__vt__22dScnPly_env_otherHIO_c
803BD440:__vt__22dSvBit_childOtherHIO_c
803ADC9C:__vt__22daNpcT_MotionSeqMngr_c
803B88B4:__vt__23dDlst_MenuSaveExplain_c
803B92D0:__vt__23dMeter_drawCollectHIO_c
803B92AC:__vt__23dMeter_drawFishingHIO_c
803BD47C:__vt__23dSvBit_childItZoneHIO_c
803BD4AC:__vt__23dSvBit_childSwZoneHIO_c
803BD4E8:__vt__23dSvBit_childSwitchHIO_c
803ADAA8:__vt__23daBaseNpc_moveBgActor_c
803BD634:__vt__24DynamicModuleControlBase
803C6098:__vt__24JAUStreamAramMgrBase_<1>
8039D6C8:__vt__24JPTraceParticleCallBack4
803B5EC8:__vt__24dDlst_GameOverScrnDraw_c
803B5F08:__vt__24dDlst_Gameover_CAPTURE_c
803B9270:__vt__24dMeter_drawMiniGameHIO_c
803BAB20:__vt__24jmessage_string_tControl
8039D628:__vt__24mDoDvdThd_mountArchive_c
803B927C:__vt__25dMeter_drawEmpButtonHIO_c
803B9264:__vt__25dMeter_drawLightDropHIO_c
803A2644:__vt__25dPa_gen_b_light8EcallBack
803A2538:__vt__25dPa_gen_b_light8PcallBack
803A2620:__vt__25dPa_gen_d_light8EcallBack
803A2524:__vt__25dPa_gen_d_light8PcallBack
803BD458:__vt__25dSvBit_childDarknessHIO_c
803BD4D0:__vt__25dSvBit_childTreasureHIO_c
8039D618:__vt__25mDoDvdThd_mountXArchive_c
803A1348:__vt__25mDoExt_McaMorfCallBack1_c
8039D544:__vt__25mDoExt_MtxCalcAnmBlendTbl
803C7D14:__vt__26J3DShapeMtxMultiConcatView
803C6084:__vt__26JAUStreamStaticAramMgr_<1>
803BD488:__vt__26dSvBit_childItDungeonHIO_c
803BD470:__vt__26dSvBit_childItOneZoneHIO_c
803BD4B8:__vt__26dSvBit_childSwDungeonHIO_c
803BD4A0:__vt__26dSvBit_childSwOneZoneHIO_c
803BD44C:__vt__26dSvBit_childTransformHIO_c
803BAB2C:__vt__26jmessage_string_tReference
803BABD4:__vt__26jmessage_tMeasureProcessor
8039D394:__vt__26mDoExt_3DlineMatSortPacket
803C8F74:__vt__27J3DAnmTransformFullWithLerp
803C7CEC:__vt__27J3DShapeMtxBBoardConcatView
803C3C78:__vt__27JAUSeqDataMgr_SeqCollection
803B9294:__vt__27dMeter_drawCalibrationHIO_c
803BAB7C:__vt__27jmessage_tSequenceProcessor
803C7CC4:__vt__28J3DShapeMtxYBBoardConcatView
803A10F4:__vt__28dDrawPathWithNormalPattern_c
803A24EC:__vt__28dPa_particleTracePcallBack_c
803BAB3C:__vt__28jmessage_tRenderingProcessor
8039D518:__vt__28mDoExt_MtxCalcAnmBlendTblOld
803A1F84:__vt__28renderingPlusDoorAndCursor_c
803AD714:__vt__29dAlink_bottleWaterPcallBack_c
803BD494:__vt__29dSvBit_childItPerfectionHIO_c
803BD4C4:__vt__29dSvBit_childSwPerfectionHIO_c
803BD464:__vt__29dSvBit_childTbPerfectionHIO_c
803C3C90:__vt__32JAUStreamDataMgr_StreamFileTable
803BAAE0:__vt__33jmessage_string_tMeasureProcessor
803BAA88:__vt__34jmessage_string_tSequenceProcessor
803BAA48:__vt__35jmessage_string_tRenderingProcessor
803A577C:__vt__4cBgS
803A5D08:__vt__4cBgW
803BD888:__vt__4cCcS
803A5768:__vt__4dBgS
803A5BE0:__vt__4dBgW
803A6544:__vt__4dCcS
803C3998:__vt__5JAISe
803C3A34:__vt__6JAISeq
803A6018:__vt__6dBgWSv
803A1190:__vt__6dMap_c
803A9AD8:__vt__6dMdl_c
8039D4C0:__vt__73J3DMtxCalcNoAnm<27J3DMtxCalcCalcTransformMaya,24J3DMtxCalcJ3DSysInitMaya>
803C92FC:__vt__75J3DMtxCalcNoAnm<28J3DMtxCalcCalcTransformBasic,25J3DMtxCalcJ3DSysInitBasic>
803C7110:__vt__7J2DPane
803C17FC:__vt__7JASBank
803C183C:__vt__7JASInst
803C6298:__vt__7JKRAram
803C6468:__vt__7JKRFile
803C60B0:__vt__7JKRHeap
8039D350:__vt__7JUTFont
803BCCA4:__vt__7dName_c
803C92D0:__vt__83J3DMtxCalcNoAnm<32J3DMtxCalcCalcTransformSoftimage,29J3DMtxCalcJ3DSysInitSoftimage>
803BCF44:__vt__8CPaneMgr
803C70E0:__vt__8J2DPrint
803C8E60:__vt__8J3DModel
803C7DB8:__vt__8J3DShape
803C39F0:__vt__8JAISeMgr
803C3AB0:__vt__8JAISound
803C6AD0:__vt__8JUTFader
803C6AC0:__vt__8JUTVideo
803BE0C0:__vt__8cBgS_Chk
803A63E8:__vt__8cCcD_Obj
803BE12C:__vt__8cM2dGCir
803A1378:__vt__8cM3dGAab
803BE120:__vt__8cM3dGCir
803BE138:__vt__8cM3dGCps
803A136C:__vt__8cM3dGCyl
803A1A58:__vt__8cM3dGLin
8039D920:__vt__8cM3dGPla
803A1A64:__vt__8cM3dGSph
803A5CE4:__vt__8cM3dGTri
803A57D0:__vt__8dBgS_Chk
803A5F28:__vt__8dBgWKCol
803A62D0:__vt__8dCcD_Cps
803A61B0:__vt__8dCcD_Cyl
803A6120:__vt__8dCcD_Sph
803A6240:__vt__8dCcD_Tri
803ACFE0:__vt__8dEyeHL_c
803B5814:__vt__8dScope_c
803B4104:__vt__8daItem_c
803ADA38:__vt__8daNpcF_c
803ADBD8:__vt__8daNpcT_c
803C71A8:__vt__9J2DScreen
803C7248:__vt__9J2DWindow
803C7ABC:__vt__9J3DPacket
803C3A98:__vt__9JAISeqMgr
803C3B18:__vt__9JAIStream
803C65E0:__vt__9JKRDecomp
803C6254:__vt__9JKRThread
803A13C0:__vt__9STControl
803C4DF8:__vt__9Z2Audible
803A5F18:__vt__9cBgW_BgId
803BD868:__vt__9cCcD_Stts
803A57A0:__vt__9dBgS_Acch
803A5E28:__vt__9dBgW_Base
803A6444:__vt__9dCcD_Stts
803A6678:__vt__9dCstick_c
803B5560:__vt__9dFs_HIO_c
803B41D8:__vt__9dInsect_c
803B77D0:__vt__9dMf_HIO_c
803B890C:__vt__9dMs_HIO_c
803B8A2C:__vt__9dMw_HIO_c
803BCCBC:__vt__9dNm_HIO_c
803B5918:__vt__9dSi_HIO_c
803BD28C:__vt__9dSn_HIO_c
803AD418:__vt__9daAlink_c
803AD0D0:__vt__9daPy_py_c
803BFB10:__vt__Q214JStudio_JStage12TAdaptor_fog
803BF860:__vt__Q214JStudio_JStage13TCreateObject
803BF904:__vt__Q214JStudio_JStage14TAdaptor_actor
803BFB80:__vt__Q214JStudio_JStage14TAdaptor_light
803BFA48:__vt__Q214JStudio_JStage15TAdaptor_camera
803BF9C8:__vt__Q214JStudio_JStage21TAdaptor_ambientLight
803BFB50:__vt__Q214JStudio_JStage77TVariableValueOutput_object_<Q214JStudio_JStage12TAdaptor_fog,Q26JStage4TFog>
803BF9A4:__vt__Q214JStudio_JStage81TVariableValueOutput_object_<Q214JStudio_JStage14TAdaptor_actor,Q26JStage6TActor>
803BFAC0:__vt__Q214JStudio_JStage83TVariableValueOutput_object_<Q214JStudio_JStage15TAdaptor_camera,Q26JStage7TCamera>
803BFBA8:__vt__Q215JStudio_JAudio213TCreateObject
803BFBC8:__vt__Q215JStudio_JAudio214TAdaptor_sound
803C187C:__vt__Q216JASBasicWaveBank10TWaveGroup
803C1868:__vt__Q216JASBasicWaveBank11TWaveHandle
803C18D8:__vt__Q217JASSimpleWaveBank11TWaveHandle
803BFC18:__vt__Q217JStudio_JParticle13TCreateObject
803BFC4C:__vt__Q217JStudio_JParticle17TAdaptor_particle
803A1D54:__vt__Q220@unnamed@d_demo_cpp@24jstudio_tAdaptor_message
803A1D44:__vt__Q220@unnamed@d_demo_cpp@29jstudio_tCreateObject_message
803C3C54:__vt__Q228@unnamed@JAUSectionHeap_cpp@14TStreamDataMgr
803BE778:__vt__Q26JStage13TAmbientLight
803BE858:__vt__Q26JStage4TFog
803BE6E8:__vt__Q26JStage6TActor
803BE8B8:__vt__Q26JStage6TLight
803BE7C0:__vt__Q26JStage7TCamera
803BE928:__vt__Q26JStage7TObject
803BE968:__vt__Q26JStage7TSystem
803C3DFC:__vt__Q27JGadget42TLinkList_factory<Q28JMessage9TResource,0>
803BF5E4:__vt__Q27JStudio11TObject_fog
803BF604:__vt__Q27JStudio12TAdaptor_fog
803A1A94:__vt__Q27JStudio13TCreateObject
803BF6C0:__vt__Q27JStudio13TObject_actor
803BF59C:__vt__Q27JStudio13TObject_light
803BF47C:__vt__Q27JStudio13TObject_sound
803BF6E0:__vt__Q27JStudio14TAdaptor_actor
803BF5BC:__vt__Q27JStudio14TAdaptor_light
803BF49C:__vt__Q27JStudio14TAdaptor_sound
803BEAE0:__vt__Q27JStudio14TFunctionValue
803BF624:__vt__Q27JStudio14TObject_camera
803BF644:__vt__Q27JStudio15TAdaptor_camera
803BF558:__vt__Q27JStudio15TObject_message
803A1D20:__vt__Q27JStudio16TAdaptor_message
803BF4EC:__vt__Q27JStudio16TObject_particle
803BF50C:__vt__Q27JStudio17TAdaptor_particle
803BEA60:__vt__Q27JStudio19TFunctionValue_list
803BF680:__vt__Q27JStudio20TObject_ambientLight
803BF6A0:__vt__Q27JStudio21TAdaptor_ambientLight
803BEA20:__vt__Q27JStudio22TFunctionValue_hermite
803BEAA0:__vt__Q27JStudio23TFunctionValue_constant
803BEAC0:__vt__Q27JStudio24TFunctionValue_composite
803BEA80:__vt__Q27JStudio25TFunctionValue_transition
803BEA40:__vt__Q27JStudio29TFunctionValue_list_parameter
803BEC00:__vt__Q27JStudio6TParse
803BF730:__vt__Q27JStudio7TObject
803BF750:__vt__Q27JStudio8TAdaptor
803BEC34:__vt__Q27JStudio8TControl
803BEC20:__vt__Q27JStudio8TFactory
803C3D6C:__vt__Q28JMessage10TProcessor
803C3DAC:__vt__Q28JMessage10TReference
803C3D14:__vt__Q28JMessage18TSequenceProcessor
803C3CD4:__vt__Q28JMessage19TRenderingProcessor
803C3DD4:__vt__Q28JMessage6TParse
803C3CA0:__vt__Q28JMessage8TControl
803AD74C:__vt__Q29daAlink_c14hsChainShape_c
803BF8F4:__vt__Q314JStudio_JStage14TAdaptor_actor26TVVOutput_ANIMATION_FRAME_
803BFB70:__vt__Q314JStudio_JStage14TAdaptor_light20TVVOutput_direction_
803BFBB8:__vt__Q315JStudio_JAudio214TAdaptor_sound13TVVOSetValue_
803BFC30:__vt__Q317JStudio_JParticle17TAdaptor_particle21TJPACallback_emitter_
803BE9CC:__vt__Q37JGadget6binary19TParse_header_block
803BF770:__vt__Q37JStudio14TVariableValue13TOutput_none_
803BF780:__vt__Q37JStudio14TVariableValue7TOutput
803BF7D0:__vt__Q37JStudio28@unnamed@jstudio_object_cpp@54TOutputVariableValue_BOOL_<Q27JStudio14TAdaptor_actor>
803BF7B0:__vt__Q37JStudio28@unnamed@jstudio_object_cpp@54TOutputVariableValue_BOOL_<Q27JStudio14TAdaptor_light>
803BF790:__vt__Q37JStudio28@unnamed@jstudio_object_cpp@54TOutputVariableValue_BOOL_<Q27JStudio14TAdaptor_sound>
803BF7C0:__vt__Q37JStudio28@unnamed@jstudio_object_cpp@55TOutputVariableValue_BOOL_<Q27JStudio15TAdaptor_camera>
803BF7A0:__vt__Q37JStudio28@unnamed@jstudio_object_cpp@57TOutputVariableValue_BOOL_<Q27JStudio17TAdaptor_particle>
803BEA00:__vt__Q37JStudio3ctb14TObject_TxyzRy
803BE9B8:__vt__Q37JStudio3ctb6TParse
803BEA10:__vt__Q37JStudio3ctb7TObject
803BE9F4:__vt__Q37JStudio3ctb8TControl
803BE9E0:__vt__Q37JStudio3ctb8TFactory
803BEBB0:__vt__Q37JStudio3fvb12TObject_list
803BEB90:__vt__Q37JStudio3fvb15TObject_hermite
803BEBD0:__vt__Q37JStudio3fvb16TObject_constant
803BEBE0:__vt__Q37JStudio3fvb17TObject_composite
803BEBC0:__vt__Q37JStudio3fvb18TObject_transition
803BEBA0:__vt__Q37JStudio3fvb22TObject_list_parameter
803BEB5C:__vt__Q37JStudio3fvb6TParse
803BEBF0:__vt__Q37JStudio3fvb7TObject
803BEB84:__vt__Q37JStudio3fvb8TControl
803BEB70:__vt__Q37JStudio3fvb8TFactory
803BF820:__vt__Q37JStudio3stb15TObject_control
803BF7E0:__vt__Q37JStudio3stb6TParse
803BF840:__vt__Q37JStudio3stb7TObject
803BF814:__vt__Q37JStudio3stb8TControl
803BF800:__vt__Q37JStudio3stb8TFactory
803C3DE8:__vt__Q38JMessage18TResourceContainer10TCResource
8036B640:__write_console
800055C8:_bss_init_info
801F1208:_close__12dMenu_save_cFv
801F8314:_close__13dMenu_Skill_cFv
801D8BA0:_close__14dMenu_Insect_cFv
801DDD0C:_close__14dMenu_Letter_cFv
801E4114:_close__14dMenu_Option_cFv
801C5430:_close__15dMenu_Fishing_cFv
8019B004:_create__11dGameover_cFv
8020E25C:_create__11dMeterMap_cFP9J2DScreen
801940DC:_create__11dMeterSub_cFv
801BD780:_create__12dMenu_Dmap_cFv
801C6D24:_create__12dMenu_Fmap_cFv
801EB2D8:_create__12dMenu_Ring_cFv
801EFF08:_create__12dMenu_save_cFv
80233B98:_create__12dMsgObject_cFP9msg_class
801F7D34:_create__13dMenu_Skill_cFv
80184418:_create__14dFile_select_cFv
801D86CC:_create__14dMenu_Insect_cFv
801DD3E0:_create__14dMenu_Letter_cFv
801E2390:_create__14dMenu_Option_cFv
80201AC8:_create__14dMeterButton_cFv
8020B7DC:_create__14dMeterHaihai_cFv
8020F6E0:_create__14dMeterString_cFv
801B79CC:_create__15dMenu_Collect_cFv
801C0C98:_create__15dMenu_DmapMap_cFUsUsUsUsPv
801C500C:_create__15dMenu_Fishing_cFv
801CEE5C:_create__15dMenu_FmapMap_cFUsUsUsUsPv
8020CC70:_create__15dMeterHakusha_cFv
801903B4:_create__16dFile_select3D_cFUcUc
801AFE64:_create__17dMenu_Collect2D_cFv
801B6568:_create__17dMenu_Collect3D_cFv
801C22DC:_create__20dMenu_StageMapCtrl_cFUsUsUsUsPv
801C231C:_create__20dMenu_StageMapCtrl_cFUsUsUsUsScPv
801FD838:_create__5dMw_cFv
8024FF94:_create__7dName_cFv
8025EDA8:_create__8dTimer_cFv
8021F16C:_create__9dMeter2_cFv
80375C60:_ctors
8015B820:_daItem_create__8daItem_cFv
8015BE34:_daItem_delete__8daItem_cFv
8015BDD0:_daItem_draw__8daItem_cFv
8015BAE8:_daItem_execute__8daItem_cFv
80196694:_debugSetCamera__16ShopCam_action_cFv
8019B824:_delete__11dGameover_cFv
8020E4C0:_delete__11dMeterMap_cFv
801940E4:_delete__11dMeterSub_cFv
801C7464:_delete__12dMenu_Fmap_cFv
801EB344:_delete__12dMenu_Ring_cFv
801F1220:_delete__12dMenu_save_cFv
802343FC:_delete__12dMsgObject_cFv
801E2F50:_delete__14dMenu_Option_cFv
80203198:_delete__14dMeterButton_cFv
8020C61C:_delete__14dMeterHaihai_cFv
8020FD0C:_delete__14dMeterString_cFv
801B7A04:_delete__15dMenu_Collect_cFv
801C0CC4:_delete__15dMenu_DmapMap_cFv
801CEEB0:_delete__15dMenu_FmapMap_cFv
8020D32C:_delete__15dMeterHakusha_cFv
80190474:_delete__16dFile_select3D_cFv
801B00C0:_delete__17dMenu_Collect2D_cFv
801B6654:_delete__17dMenu_Collect3D_cFv
801C24D8:_delete__20dMenu_StageMapCtrl_cFv
801FDD74:_delete__5dMw_cFv
8025F758:_delete__8dTimer_cFv
8021FBF4:_delete__9dMeter2_cFv
801F70F4:_draw2__12dMenu_save_cFv
8019B784:_draw__11dGameover_cFv
8020E78C:_draw__11dMeterMap_cFv
80192D38:_draw__12dFile_info_cFv
801BE7A0:_draw__12dMenu_Dmap_cFv
801C7610:_draw__12dMenu_Fmap_cFv
801EB424:_draw__12dMenu_Ring_cFv
801F70B0:_draw__12dMenu_save_cFv
802342D0:_draw__12dMsgObject_cFv
801F7EA8:_draw__13dMenu_Skill_cFv
80193554:_draw__14dBrightCheck_cFv
8018DD10:_draw__14dFile_select_cFv
801D87D4:_draw__14dMenu_Insect_cFv
801DD580:_draw__14dMenu_Letter_cFv
801E3A00:_draw__14dMenu_Option_cFv
80192168:_draw__15dFile_warning_cFv
801C510C:_draw__15dMenu_Fishing_cFv
801B5D30:_draw__17dMenu_Collect2D_cFv
801AEDEC:_draw__19dMenu_Calibration_cFv
801FDB48:_draw__5dMw_cFv
8002AB54:_draw__6dMap_cFv
80252940:_draw__7dName_cFv
8025F6D8:_draw__8dTimer_cFv
8021FAC8:_draw__9dMeter2_cFv
80375E20:_dtors
8000569C:_eti_init_info
8019B2B4:_execute__11dGameover_cFv
801940F0:_execute__11dMeterSub_cFUl
80233EA4:_execute__12dMsgObject_cFv
80201B00:_execute__14dMeterButton_cFUlbbbbbbbbbbbbbbbbbbbbbb
8020B964:_execute__14dMeterHaihai_cFUl
8020F9C0:_execute__14dMeterString_cFUl
8020D078:_execute__15dMeterHakusha_cFUl
801D6AB8:_execute__17dMenu_Fmap2DTop_cFv
801FD9D0:_execute__5dMw_cFv
80193B50:_execute__8dScope_cFUl
8025F2A0:_execute__8dTimer_cFv
8021F880:_execute__9dMeter2_cFv
803680BC:_fseek
802BC1D8:_load1stWaveInner_1__10Z2SceneMgrFv
802BC408:_load1stWaveInner_2__10Z2SceneMgrFv
8020E554:_move__11dMeterMap_cFUl
801BDD64:_move__12dMenu_Dmap_cFv
801C7468:_move__12dMenu_Fmap_cFv
801EB348:_move__12dMenu_Ring_cFv
801F1740:_move__12dMenu_save_cFv
801F7E10:_move__13dMenu_Skill_cFv
80193490:_move__14dBrightCheck_cFv
80184548:_move__14dFile_select_cFv
801D873C:_move__14dMenu_Insect_cFv
801DD4E8:_move__14dMenu_Letter_cFv
801E373C:_move__14dMenu_Option_cFv
80191EF0:_move__15dFile_warning_cFv
801B7A3C:_move__15dMenu_Collect_cFv
801C5074:_move__15dMenu_Fishing_cFv
801904BC:_move__16dFile_select3D_cFv
801B5C94:_move__17dMenu_Collect2D_cFv
801B6688:_move__17dMenu_Collect3D_cFUcUc
801AED6C:_move__19dMenu_Calibration_cFv
8002A32C:_move__6dMap_cFffif
80250404:_move__7dName_cFv
801F10A4:_open__12dMenu_save_cFv
801F8138:_open__13dMenu_Skill_cFv
801D89C0:_open__14dMenu_Insect_cFv
801DDAE8:_open__14dMenu_Letter_cFv
801E3ECC:_open__14dMenu_Option_cFv
801C52A4:_open__15dMenu_Fishing_cFv
80029A1C:_remove__6dMap_cFv
803645F0:_restfpr_14
803645F4:_restfpr_15
803645F8:_restfpr_16
803645FC:_restfpr_17
80364600:_restfpr_18
80364604:_restfpr_19
80364608:_restfpr_20
8036460C:_restfpr_21
80364610:_restfpr_22
80364614:_restfpr_23
80364618:_restfpr_24
8036461C:_restfpr_25
80364620:_restfpr_26
80364624:_restfpr_27
80364628:_restfpr_28
8036462C:_restfpr_29
80364630:_restfpr_30
80364634:_restfpr_31
80364688:_restgpr_14
8036468C:_restgpr_15
80364690:_restgpr_16
80364694:_restgpr_17
80364698:_restgpr_18
8036469C:_restgpr_19
803646A0:_restgpr_20
803646A4:_restgpr_21
803646A8:_restgpr_22
803646AC:_restgpr_23
803646B0:_restgpr_24
803646B4:_restgpr_25
803646B8:_restgpr_26
803646BC:_restgpr_27
803646C0:_restgpr_28
803646C4:_restgpr_29
803646C8:_restgpr_30
803646CC:_restgpr_31
80005544:_rom_copy_info
803645A4:_savefpr_14
803645A8:_savefpr_15
803645AC:_savefpr_16
803645B0:_savefpr_17
803645B4:_savefpr_18
803645B8:_savefpr_19
803645BC:_savefpr_20
803645C0:_savefpr_21
803645C4:_savefpr_22
803645C8:_savefpr_23
803645CC:_savefpr_24
803645D0:_savefpr_25
803645D4:_savefpr_26
803645D8:_savefpr_27
803645DC:_savefpr_28
803645E0:_savefpr_29
803645E4:_savefpr_30
803645E8:_savefpr_31
8036463C:_savegpr_14
80364640:_savegpr_15
80364644:_savegpr_16
80364648:_savegpr_17
8036464C:_savegpr_18
80364650:_savegpr_19
80364654:_savegpr_20
80364658:_savegpr_21
8036465C:_savegpr_22
80364660:_savegpr_23
80364664:_savegpr_24
80364668:_savegpr_25
8036466C:_savegpr_26
80364670:_savegpr_27
80364674:_savegpr_28
80364678:_savegpr_29
8036467C:_savegpr_30
80364680:_savegpr_31
8044A8CC:aPiecePriority__Q29JFWSystem11CSetUpParam
8039C790:aT
804225E8:a_eyeOfsTbl$4079
804268D0:a_eyeOfsTbl$4289
8038D044:a_jntNumTbl$4463
8038DB88:a_jntNumTbl$4692
803ADF44:a_jntTbl_M$3905
803B0764:a_jntTbl_M$3910
803AF244:a_jntTbl_W$3907
803B2324:a_jntTbl_W$3912
803AEE44:a_prmTbl_M$3906
803B1F24:a_prmTbl_M$3911
803AFF64:a_prmTbl_W$3908
803B3A1C:a_prmTbl_W$3913
80392338:a_tag$3949
8038CEDC:a_transScaleTbl$3984
8038DA14:a_transScaleTbl$3998
80364F58:abort
8036756C:abs
8008E7D0:abs__4cXyzCFv
800CE4A0:acceptSubjectModeChange__9daAlink_cFv
802A488C:acceptsNewAudible__8JAISoundCFv
8036EB7C:acos
8036EECC:acosf
8044A7A4:act_type_num__12dAttention_c
803A3D64:act_type_tbl__12dAttention_c
802538AC:action__16dNpcLib_lookat_cF4cXyz4cXyzP10fopAc_ac_cPA4_fi
8014CC6C:action__8daNpcT_cFv
803A2408:action_table$5100
8028CE78:adaptor_do_ANIMATION_MODE__Q214JStudio_JStage14TAdaptor_actorFQ37JStudio4data15TEOperationDataPCvUl
8028CE20:adaptor_do_ANIMATION__Q214JStudio_JStage14TAdaptor_actorFQ37JStudio4data15TEOperationDataPCvUl
802900B8:adaptor_do_BEGIN_FADE_IN__Q215JStudio_JAudio214TAdaptor_soundFQ37JStudio4data15TEOperationDataPCvUl
80290EE0:adaptor_do_BEGIN_FADE_IN__Q217JStudio_JParticle17TAdaptor_particleFQ37JStudio4data15TEOperationDataPCvUl
80290084:adaptor_do_BEGIN__Q215JStudio_JAudio214TAdaptor_soundFQ37JStudio4data15TEOperationDataPCvUl
80290EAC:adaptor_do_BEGIN__Q217JStudio_JParticle17TAdaptor_particleFQ37JStudio4data15TEOperationDataPCvUl
8029029C:adaptor_do_CONTINUOUS__Q215JStudio_JAudio214TAdaptor_soundFQ37JStudio4data15TEOperationDataPCvUl
8028F658:adaptor_do_ENABLE__Q214JStudio_JStage14TAdaptor_lightFQ37JStudio4data15TEOperationDataPCvUl
80290130:adaptor_do_END_FADE_OUT__Q215JStudio_JAudio214TAdaptor_soundFQ37JStudio4data15TEOperationDataPCvUl
80290F54:adaptor_do_END_FADE_OUT__Q217JStudio_JParticle17TAdaptor_particleFQ37JStudio4data15TEOperationDataPCvUl
80290100:adaptor_do_END__Q215JStudio_JAudio214TAdaptor_soundFQ37JStudio4data15TEOperationDataPCvUl
80290F28:adaptor_do_END__Q217JStudio_JParticle17TAdaptor_particleFQ37JStudio4data15TEOperationDataPCvUl
8028F5E0:adaptor_do_FACULTY__Q214JStudio_JStage14TAdaptor_lightFQ37JStudio4data15TEOperationDataPCvUl
802902B8:adaptor_do_LOCATED__Q215JStudio_JAudio214TAdaptor_soundFQ37JStudio4data15TEOperationDataPCvUl
80037E44:adaptor_do_MESSAGE__Q220@unnamed@d_demo_cpp@24jstudio_tAdaptor_messageFQ37JStudio4data15TEOperationDataPCvUl
802902E0:adaptor_do_ON_EXIT_NOT_END__Q215JStudio_JAudio214TAdaptor_soundFQ37JStudio4data15TEOperationDataPCvUl
802910D4:adaptor_do_ON_EXIT_NOT_END__Q217JStudio_JParticle17TAdaptor_particleFQ37JStudio4data15TEOperationDataPCvUl
8028CF98:adaptor_do_PARENT_ENABLE__Q214JStudio_JStage14TAdaptor_actorFQ37JStudio4data15TEOperationDataPCvUl
8028E0A0:adaptor_do_PARENT_ENABLE__Q214JStudio_JStage15TAdaptor_cameraFQ37JStudio4data15TEOperationDataPCvUl
80290264:adaptor_do_PARENT_ENABLE__Q215JStudio_JAudio214TAdaptor_soundFQ37JStudio4data15TEOperationDataPCvUl
80291088:adaptor_do_PARENT_ENABLE__Q217JStudio_JParticle17TAdaptor_particleFQ37JStudio4data15TEOperationDataPCvUl
8028D020:adaptor_do_PARENT_FUNCTION__Q214JStudio_JStage14TAdaptor_actorFQ37JStudio4data15TEOperationDataPCvUl
8028E11C:adaptor_do_PARENT_FUNCTION__Q214JStudio_JStage15TAdaptor_cameraFQ37JStudio4data15TEOperationDataPCvUl
802910A4:adaptor_do_PARENT_FUNCTION__Q217JStudio_JParticle17TAdaptor_particleFQ37JStudio4data15TEOperationDataPCvUl
8028CF3C:adaptor_do_PARENT_NODE__Q214JStudio_JStage14TAdaptor_actorFQ37JStudio4data15TEOperationDataPCvUl
8028E044:adaptor_do_PARENT_NODE__Q214JStudio_JStage15TAdaptor_cameraFQ37JStudio4data15TEOperationDataPCvUl
802901E4:adaptor_do_PARENT_NODE__Q215JStudio_JAudio214TAdaptor_soundFQ37JStudio4data15TEOperationDataPCvUl
80291008:adaptor_do_PARENT_NODE__Q217JStudio_JParticle17TAdaptor_particleFQ37JStudio4data15TEOperationDataPCvUl
8028CEF8:adaptor_do_PARENT__Q214JStudio_JStage14TAdaptor_actorFQ37JStudio4data15TEOperationDataPCvUl
8028E000:adaptor_do_PARENT__Q214JStudio_JStage15TAdaptor_cameraFQ37JStudio4data15TEOperationDataPCvUl
80290178:adaptor_do_PARENT__Q215JStudio_JAudio214TAdaptor_soundFQ37JStudio4data15TEOperationDataPCvUl
80290F9C:adaptor_do_PARENT__Q217JStudio_JParticle17TAdaptor_particleFQ37JStudio4data15TEOperationDataPCvUl
80290E98:adaptor_do_PARTICLE__Q217JStudio_JParticle17TAdaptor_particleFQ37JStudio4data15TEOperationDataPCvUl
8028D0D4:adaptor_do_RELATION_ENABLE__Q214JStudio_JStage14TAdaptor_actorFQ37JStudio4data15TEOperationDataPCvUl
8028D078:adaptor_do_RELATION_NODE__Q214JStudio_JStage14TAdaptor_actorFQ37JStudio4data15TEOperationDataPCvUl
8028D034:adaptor_do_RELATION__Q214JStudio_JStage14TAdaptor_actorFQ37JStudio4data15TEOperationDataPCvUl
80290280:adaptor_do_REPEAT__Q215JStudio_JAudio214TAdaptor_soundFQ37JStudio4data15TEOperationDataPCvUl
802910B8:adaptor_do_REPEAT__Q217JStudio_JParticle17TAdaptor_particleFQ37JStudio4data15TEOperationDataPCvUl
8028CDC8:adaptor_do_SHAPE__Q214JStudio_JStage14TAdaptor_actorFQ37JStudio4data15TEOperationDataPCvUl
80290050:adaptor_do_SOUND__Q215JStudio_JAudio214TAdaptor_soundFQ37JStudio4data15TEOperationDataPCvUl
8028E1D0:adaptor_do_TARGET_PARENT_ENABLE__Q214JStudio_JStage15TAdaptor_cameraFQ37JStudio4data15TEOperationDataPCvUl
8028E174:adaptor_do_TARGET_PARENT_NODE__Q214JStudio_JStage15TAdaptor_cameraFQ37JStudio4data15TEOperationDataPCvUl
8028E130:adaptor_do_TARGET_PARENT__Q214JStudio_JStage15TAdaptor_cameraFQ37JStudio4data15TEOperationDataPCvUl
8028CEE4:adaptor_do_TEXTURE_ANIMATION_MODE__Q214JStudio_JStage14TAdaptor_actorFQ37JStudio4data15TEOperationDataPCvUl
8028CE8C:adaptor_do_TEXTURE_ANIMATION__Q214JStudio_JStage14TAdaptor_actorFQ37JStudio4data15TEOperationDataPCvUl
8028EAFC:adaptor_do_begin__Q214JStudio_JStage12TAdaptor_fogFv
8028CBE4:adaptor_do_begin__Q214JStudio_JStage14TAdaptor_actorFv
8028F0E0:adaptor_do_begin__Q214JStudio_JStage14TAdaptor_lightFv
8028DE4C:adaptor_do_begin__Q214JStudio_JStage15TAdaptor_cameraFv
8028DB54:adaptor_do_begin__Q214JStudio_JStage21TAdaptor_ambientLightFv
8028844C:adaptor_do_begin__Q27JStudio8TAdaptorFv
8028ECB0:adaptor_do_data__Q214JStudio_JStage12TAdaptor_fogFPCvUlPCvUl
8028CDA4:adaptor_do_data__Q214JStudio_JStage14TAdaptor_actorFPCvUlPCvUl
8028F5BC:adaptor_do_data__Q214JStudio_JStage14TAdaptor_lightFPCvUlPCvUl
8028DFDC:adaptor_do_data__Q214JStudio_JStage15TAdaptor_cameraFPCvUlPCvUl
8028DCAC:adaptor_do_data__Q214JStudio_JStage21TAdaptor_ambientLightFPCvUlPCvUl
80288458:adaptor_do_data__Q27JStudio8TAdaptorFPCvUlPCvUl
8028EBE4:adaptor_do_end__Q214JStudio_JStage12TAdaptor_fogFv
8028CD08:adaptor_do_end__Q214JStudio_JStage14TAdaptor_actorFv
8028F398:adaptor_do_end__Q214JStudio_JStage14TAdaptor_lightFv
8028DF28:adaptor_do_end__Q214JStudio_JStage15TAdaptor_cameraFv
8028DBE0:adaptor_do_end__Q214JStudio_JStage21TAdaptor_ambientLightFv
8028FEA4:adaptor_do_end__Q215JStudio_JAudio214TAdaptor_soundFv
80290DAC:adaptor_do_end__Q217JStudio_JParticle17TAdaptor_particleFv
80288450:adaptor_do_end__Q27JStudio8TAdaptorFv
8028EAB4:adaptor_do_prepare__Q214JStudio_JStage12TAdaptor_fogFv
8028CB58:adaptor_do_prepare__Q214JStudio_JStage14TAdaptor_actorFv
8028F098:adaptor_do_prepare__Q214JStudio_JStage14TAdaptor_lightFv
8028DE04:adaptor_do_prepare__Q214JStudio_JStage15TAdaptor_cameraFv
8028DB50:adaptor_do_prepare__Q214JStudio_JStage21TAdaptor_ambientLightFv
8028FDD4:adaptor_do_prepare__Q215JStudio_JAudio214TAdaptor_soundFv
80290C80:adaptor_do_prepare__Q217JStudio_JParticle17TAdaptor_particleFv
80288448:adaptor_do_prepare__Q27JStudio8TAdaptorFv
8028EC38:adaptor_do_update__Q214JStudio_JStage12TAdaptor_fogFUl
8028CD5C:adaptor_do_update__Q214JStudio_JStage14TAdaptor_actorFUl
8028F3EC:adaptor_do_update__Q214JStudio_JStage14TAdaptor_lightFUl
8028DF7C:adaptor_do_update__Q214JStudio_JStage15TAdaptor_cameraFUl
8028DC34:adaptor_do_update__Q214JStudio_JStage21TAdaptor_ambientLightFUl
8028FEA8:adaptor_do_update__Q215JStudio_JAudio214TAdaptor_soundFUl
80290DB0:adaptor_do_update__Q217JStudio_JParticle17TAdaptor_particleFUl
80288454:adaptor_do_update__Q27JStudio8TAdaptorFUl
802887BC:adaptor_getVariableValue_GXColor__Q27JStudio8TAdaptorCFP8_GXColorPCUl
802886A4:adaptor_getVariableValue_Vec__Q27JStudio8TAdaptorCFP3VecPCUl
8028C980:adaptor_object_ENABLE___Q214JStudio_JStage16TAdaptor_object_FQ37JStudio4data15TEOperationDataPCvUl
8028C8A0:adaptor_object_data___Q214JStudio_JStage16TAdaptor_object_FPCvUlPCvUl
8028C93C:adaptor_object_findJSGObjectNode___Q214JStudio_JStage16TAdaptor_object_FPCQ26JStage7TObjectPCc
8028C8EC:adaptor_object_findJSGObject___Q214JStudio_JStage16TAdaptor_object_FPCc
80288A78:adaptor_setVariableValue_FVR_INDEX___Q27JStudio8TAdaptorFPQ27JStudio8TAdaptorPQ27JStudio8TControlUlPCvUl
80288A0C:adaptor_setVariableValue_FVR_NAME___Q27JStudio8TAdaptorFPQ27JStudio8TAdaptorPQ27JStudio8TControlUlPCvUl
802886DC:adaptor_setVariableValue_GXColor__Q27JStudio8TAdaptorFPCUlRC8_GXColor
802889B4:adaptor_setVariableValue_IMMEDIATE___Q27JStudio8TAdaptorFPQ27JStudio8TAdaptorPQ27JStudio8TControlUlPCvUl
802889E0:adaptor_setVariableValue_TIME___Q27JStudio8TAdaptorFPQ27JStudio8TAdaptorPQ27JStudio8TControlUlPCvUl
8028899C:adaptor_setVariableValue_VOID___Q27JStudio8TAdaptorFPQ27JStudio8TAdaptorPQ27JStudio8TControlUlPCvUl
80288634:adaptor_setVariableValue_Vec__Q27JStudio8TAdaptorFPCUlRC3Vec
8028845C:adaptor_setVariableValue__Q27JStudio8TAdaptorFPQ27JStudio8TControlUlQ37JStudio4data15TEOperationDataPCvUl
802885F0:adaptor_setVariableValue_immediate__Q27JStudio8TAdaptorFPCQ37JStudio8TAdaptor27TSetVariableValue_immediate
802884FC:adaptor_setVariableValue_n__Q27JStudio8TAdaptorFPQ27JStudio8TControlPCUlUlQ37JStudio4data15TEOperationDataPCvUl
80288908:adaptor_updateVariableValue__Q27JStudio8TAdaptorFPQ27JStudio8TControlUl
801952F0:addAlpha__16dSelect_cursor_cFv
8009B980:addBombCount__FUcUc
80033F9C:addBottleNum__24dSv_player_item_record_cFUcs
80229ED4:addCharactor__19jmessage_tReferenceFUs
80230308:addCharactor__26jmessage_string_tReferenceFUs
80314BF4:addChildPacket__9J3DPacketFP9J3DPacket
8024518C:addCountGuide__14dMsgScrnHowl_cFs
80245168:addCount__14dMsgScrnHowl_cFs
8009BCF4:addData__7dTres_cFPQ27dTres_c10list_classSc
800344FC:addFishCount__18dSv_fishing_info_cFUc
801BA934:addGoldFrameAlphaRate__14dMenu_DmapBg_cFv
80230344:addLineLength__26jmessage_string_tReferenceFif
80048F70:addModel__15dSmplMdl_draw_cFP12J3DModelDataiUc
80055F1C:addReal__21dDlst_shadowControl_cFUlP8J3DModel
803146B8:addResTIMG__10J3DTextureFUsPC7ResTIMG
80237EF8:addSelectBomBag__12dMsgObject_cFUc
80314EA0:addShapePacket__12J3DMatPacketFP14J3DShapePacket
8002CAF0:addSimpleModel__14dComIfG_play_cFP12J3DModelDataiUc
8004BA40:addTable__Q213dPa_control_c7level_cFPQ313dPa_control_c7level_c9emitter_c
80316E10:addTexMtxIndexInDL__12J3DShapeDrawFUlUlUl
80317054:addTexMtxIndexInDL__8J3DShapeF7_GXAttrUl
80317158:addTexMtxIndexInVcd__8J3DShapeF7_GXAttr
8003D790:addTypeGroupData__26fmpTresTypeGroupDataList_cFUcPCQ27dTres_c6data_s
8003A840:addWarpMaterial__FP12J3DModelData
800551D4:add__18dDlst_shadowReal_cFP8J3DModel
802F9450:add__7J2DPaneFff
80024B44:add__Q220dStage_roomControl_c9roomDzs_cFUcUc
80031190:add__Q27daSus_c6room_cFPQ27daSus_c6data_c
8041EAC0:add_table$7983
8041EB20:add_table$8973
800159E4:addition__17mDoDvdThd_param_cFP19mDoDvdThd_command_c
802E91D8:addrToXPos__FPvi
801ADF74:adjustHeap__10dThunder_cFv
802E8160:adjustMeterLength__10JUTProcBarFUlPfffPi
80151620:adjustMoveDisAngle__15daNpcF_Lookat_cFRssss
8014F3D8:adjustShapeAngle__11daBaseNpc_cFv
80155C08:adjustShapeAngle__8daNpcF_cFv
802D3090:adjustSize__12JKRSolidHeapFv
800462FC:advanceCutLocal__11dEvDtBase_cFP12dEvDtStaff_c
8004628C:advanceCut__11dEvDtBase_cFP12dEvDtEvent_c
80044170:advanceCut__12dEvDtStaff_cFi
800289D0:afterDrawPath__15renderingAmap_cFv
801C0C78:afterDrawPath__15renderingDmap_cFv
801CF5DC:afterDrawPath__15renderingFmap_cFv
80040518:afterDrawPath__19renderingPlusDoor_cFv
800402FC:afterDrawPath__28renderingPlusDoorAndCursor_cFv
80041964:afterFlagProc__14dEvt_control_cFP12dEvt_order_c
8014CC94:afterJntAnm__8daNpcT_cFi
8014CC64:afterMoved__8daNpcT_cFv
8014CCEC:afterSetFaceMotionAnm__8daNpcT_cFiifi
8014CD2C:afterSetMotionAnm__8daNpcT_cFiifi
802C11A8:ageSounds___15Z2SoundObjAnimeFv
803907D0:ageha_tag$4250
80391158:al0_n$5288
80391188:al1_n$5289
803911B8:al2_n$5290
803911E8:al3_n$5291
802DE80C:align__20JSURandomInputStreamFl
800AD1A8:allAnimePlay__9daAlink_cFv
8014F274:allAnmPlay__11daBaseNpc_cFv
8004B8E8:allForceOnEventMove__Q213dPa_control_c7level_cFv
80046C9C:allOffObjectCallBack__FP10fopAc_ac_cPv
800B9874:allUnequip__9daAlink_cFi
801C7AE4:all_map_init__12dMenu_Fmap_cFv
801C7BEC:all_map_proc__12dMenu_Fmap_cFv
801D1E38:allmap_move2__18dMenu_Fmap2DBack_cFP9STControl
802DFAEC:allocArea__12JUTCacheFontFPvUlP7JKRHeap
802DFCA0:allocArray__12JUTCacheFontFP7JKRHeap
802D2D10:allocBack__Q210JKRExpHeap9CMemBlockFUlUcUcUcUc
8032740C:allocBuffer__13J3DDrawBufferFUl
80291C80:allocCallStack__13JASTaskThreadFPFPv_vPCvUl
80291E1C:allocCallStack__13JASTaskThreadFPFPv_vPv
8029F8EC:allocForce__13JASDSPChannelFUcPFUlPQ26JASDsp8TChannelPv_lPv
802D2CCC:allocFore__Q210JKRExpHeap9CMemBlockFUlUcUcUcUc
802D192C:allocFromHead__10JKRExpHeapFUl
802D16D0:allocFromHead__10JKRExpHeapFUli
802D54D0:allocFromHead__11JKRAramHeapFUl
802D31F4:allocFromHead__12JKRSolidHeapFUli
802D1B70:allocFromTail__10JKRExpHeapFUl
802D1A10:allocFromTail__10JKRExpHeapFUli
802D5558:allocFromTail__11JKRAramHeapFUl
802D32BC:allocFromTail__12JKRSolidHeapFUli
802D58D0:allocHead__12JKRAramBlockFUlUcP11JKRAramHeap
802D596C:allocTail__12JKRAramBlockFUlUcP11JKRAramHeap
80292824:allocTail__7JASHeapFP7JASHeapUl
803139C8:allocTransformedVtxNrmArray__15J3DVertexBufferFv
80313914:allocTransformedVtxPosArray__15J3DVertexBufferFv
80339D74:allocVcdVatCmdBuffer__15J3DShapeFactoryFUl
802D5458:alloc__11JKRAramHeapFUlQ211JKRAramHeap10EAllocMode
8029F87C:alloc__13JASDSPChannelFUcPFUlPQ26JASDsp8TChannelPv_lPv
80292D78:alloc__17JASGenericMemPoolFUl
8029264C:alloc__7JASHeapFP7JASHeapUl
802D0970:alloc__7JKRHeapFUli
802D0910:alloc__7JKRHeapFUliP7JKRHeap
80229F94:allsetCharCountBuffer__19jmessage_tReferenceFv
8020465C:alphaAnimeButton3DB__14dMeterButton_cFUlb
80203DBC:alphaAnimeButton3D__14dMeterButton_cFUlb
80204A64:alphaAnimeButtonAB__14dMeterButton_cFUlb
80204554:alphaAnimeButtonAR__14dMeterButton_cFUlb
802039C0:alphaAnimeButtonA__14dMeterButton_cFUlb
80203A98:alphaAnimeButtonB__14dMeterButton_cFUlb
80204DF4:alphaAnimeButtonBin__14dMeterButton_cFUlb
80203EB4:alphaAnimeButtonC__14dMeterButton_cFUlb
80225C18:alphaAnimeButtonCross__9dMeter2_cFv
80204764:alphaAnimeButtonNURE__14dMeterButton_cFUlb
80204D1C:alphaAnimeButtonNunC__14dMeterButton_cFUlb
80204C44:alphaAnimeButtonNunZ__14dMeterButton_cFUlb
80204218:alphaAnimeButtonNun__14dMeterButton_cFUlb
80203BA4:alphaAnimeButtonR__14dMeterButton_cFUlb
80204974:alphaAnimeButtonReel2__14dMeterButton_cFUlb
8020486C:alphaAnimeButtonReel__14dMeterButton_cFUlb
80204440:alphaAnimeButtonRemo2__14dMeterButton_cFUlb
8020432C:alphaAnimeButtonRemo__14dMeterButton_cFUlb
80203F74:alphaAnimeButtonS__14dMeterButton_cFUlb
80204B54:alphaAnimeButtonTate__14dMeterButton_cFUlb
80203FF0:alphaAnimeButtonX__14dMeterButton_cFUlb
80204104:alphaAnimeButtonY__14dMeterButton_cFUlb
80203CA8:alphaAnimeButtonZ__14dMeterButton_cFUlb
8022584C:alphaAnimeButton__9dMeter2_cFv
8020C710:alphaAnimeHaihai__14dMeterHaihai_cFUl
8020D4C8:alphaAnimeHakusha__15dMeterHakusha_cFUl
8022515C:alphaAnimeKantera__9dMeter2_cFv
802256C8:alphaAnimeKey__9dMeter2_cFv
8022503C:alphaAnimeLife__9dMeter2_cFv
802254C4:alphaAnimeLightDrop__9dMeter2_cFv
80257CDC:alphaAnimeLoop__13CPaneMgrAlphaFsUcUcUc
80225304:alphaAnimeOxygen__9dMeter2_cFv
80225518:alphaAnimeRupee__9dMeter2_cFv
80257BF0:alphaAnime__13CPaneMgrAlphaFsUcUcUc
80073044:alphaAnm__10dAttDraw_cFv
803B56A8:amariheartTex$3880
8044A7B4:ang_table$4418
803A3D9C:ang_table2$4419
80144F28:animEntry__12daItemBase_cFv
80145088:animPlay__12daItemBase_cFffffff
8030580C:animationPane__11J2DWindowExFPC15J2DAnmTransform
8030910C:animationPane__12J2DPictureExFPC15J2DAnmTransform
8030AE08:animationPane__12J2DTextBoxExFPC15J2DAnmTransform
802FA6C4:animationPane__7J2DPaneFPC15J2DAnmTransform
801B1BFC:animationSet__17dMenu_Collect2D_cFv
802FA51C:animationTransform__7J2DPaneFPC15J2DAnmTransform
802FA468:animationTransform__7J2DPaneFv
80158E74:animation__10daNpcCd2_cFi
802ED114:animation__11J2DMaterialFv
801959FC:animation__14dSelect_icon_cFv
802FBB2C:animation__9J2DScreenFv
80156E08:animation__9daNpcCd_cFv
80190B1C:animeEntry__16dFile_select3D_cFv
801B6F70:animeEntry__17dMenu_Collect3D_cFv
8044F080:animeFrame$5017
801909EC:animePlay__16dFile_select3D_cFv
801B6E30:animePlay__17dMenu_Collect3D_cFv
800AD160:animePlay__9daAlink_cFP15J3DAnmTransformP16daPy_frameCtrl_c
80261F10:anime__21dDlst_TimerScrnDraw_cFv
8038BA58:anmIdx$19945
8042B680:aoData$1265
8042B5D0:aoData$1517
80038FC0:appendActor__14dDemo_object_cFP10fopAc_ac_c
802A6EC0:appendBankTable__22JAUBankTableDictionaryFP23JSULink<12JAUBankTable>
802F8B08:appendChild__7J2DPaneFP7J2DPane
803315D8:appendChild__8J3DJointFP8J3DJoint
802EA6DC:appendConsole__17JUTConsoleManagerFP10JUTConsole
80287990:appendCreateObject__Q27JStudio8TFactoryFPQ27JStudio13TCreateObject
802A8FCC:appendDynamicSeqDataBlock__23JAUDynamicSeqDataBlocksFP15JAUSeqDataBlock
800391B8:appendLight__14dDemo_object_cFv
802E5FA8:appendMapFile__12JUTExceptionFPCc
80283490:appendObject__Q37JStudio3ctb8TControlFPQ37JStudio3ctb7TObject
80286B34:appendObject__Q37JStudio3fvb8TControlFPQ37JStudio3fvb7TObject
8028B658:appendObject__Q37JStudio3stb8TControlFPQ37JStudio3stb7TObject
802D2268:appendUsedList__10JKRExpHeapFPQ210JKRExpHeap9CMemBlock
803016A4:append__10J2DPictureFP10JUTTexturef
803016D4:append__10J2DPictureFPC7ResTIMGP10JUTPalettef
801BDD00:append__10J2DPictureFPC7ResTIMGf
8030178C:append__10J2DPictureFPCcP10JUTPalettef
80020338:append__10J2DPictureFPCcf
802DE3E8:append__10JSUPtrListFP10JSUPtrLink
80306388:append__12J2DPictureExFP10JUTTexturef
803062F8:append__12J2DPictureExFPC7ResTIMGP10JUTPalettef
80309370:append__12J2DPictureExFPC7ResTIMGf
80306340:append__12J2DPictureExFPCcP10JUTPalettef
803093A0:append__12J2DPictureExFPCcf
802A8E18:append__16JAUSeqDataBlocksFP26JSULink<15JAUSeqDataBlock>
802953C0:append__Q28JASTrack5TListFP8JASTrack
8044B79C:apploaderPosition$69
8044A8BC:aramAudioBufSize__Q29JFWSystem11CSetUpParam
8044A8C0:aramGraphBufSize__Q29JFWSystem11CSetUpParam
802D4A50:aramToMainRam__7JKRAramFUlPUcUl15JKRExpandSwitchUlP7JKRHeapiPUl
8044ADA8:aram_cache_size
8044AEDC:arcName$4309
803B4200:arcName$4622
8042A7DC:arcName$6105
8044AD74:archiveHeap
8044AD44:archiveHeapErrors
80390308:area_name$5814
8038BF40:arm1Vec$56043
8038BF4C:arm2Vec$56044
8044D370:armJointTable$56030
801CD4D4:arrowPosInit__12dMenu_Fmap_cFv
8023956C:arwAnimeInit__14dMsgScrnBase_cFv
80241140:arwAnimeInit__14dMsgScrnItem_cFv
802498A8:arwAnimeInit__14dMsgScrnTalk_cFv
8023CD14:arwAnimeInit__15dMsgScrnArrow_cFv
80239568:arwAnimeMove__14dMsgScrnBase_cFv
80241164:arwAnimeMove__14dMsgScrnItem_cFv
802498CC:arwAnimeMove__14dMsgScrnTalk_cFv
8023CD70:arwAnimeMove__15dMsgScrnArrow_cFv
802A1CA4:asSe__5JAISeFv
802A4A18:asSe__8JAISoundFv
802A3BA8:asSeq__6JAISeqFv
802A4A20:asSeq__8JAISoundFv
802A4A28:asStream__8JAISoundFv
802A5F0C:asStream__9JAIStreamFv
8036EB9C:asin
80444B80:asinAcosTable___5JMath
80293E24:assignExtBuffer__8JASTrackFUlP14JASSoundParams
802E3058:assign__10JUTGamePadFv
803904E8:ast_c$5856
80390628:ast_c$6233
80087A98:at_power_check__FP11dCcU_AtInfo
800875D4:at_power_get__FP11dCcU_AtInfo
8036E140:atan
8036EBBC:atan2
80269558:atan2sX_Z__4cXyzCFv
80269580:atan2sY_XZ__4cXyzCFv
80443B60:atanTable___5JMath
8039C750:atanhi
8039C770:atanlo
8038B7FC:atnFinishType$6979
8038B7C0:atnNormalType1$6976
8038B7D4:atnNormalType2$6977
8038B7E8:atnNormalType3$6978
803BD8B8:atntable
802A45FC:attachHandle__8JAISoundFP14JAISoundHandle
802E0A4C:attachPalette__10JUTTextureFP10JUTPalette
80016FB8:attach__15mDoMemCd_Ctrl_cFv
801E42A0:atten_init__14dMenu_Option_cFv
801E42F8:atten_move__14dMenu_Option_cFv
8009775C:attentionPos__9dCamera_cFP10fopAc_ac_c
8014EFF0:attnSttsOn__11daBaseNpc_cFii
8044A7B0:attn_opt_hold
8042B71C:audioAramHeap__9JASKernel
8042C0C0:audio_task
800BD734:autoGroundHit__9daAlink_cFv
8044AB2C:autoInvalidation
8044D298:bFootJoint$44789
80097CB4:bSpline2__10dPathCurveFf
8009548C:bSplineEvCamera__9dCamera_cFv
80392360:b_tag$3950
8044A738:backColor$3972
8018AB10:backDatSelPaneMove__14dFile_select_cFv
8018AD84:backDatSelWait2__14dFile_select_cFv
8018AC88:backDatSelWait__14dFile_select_cFv
800C5738:backJumpSpeedDec__9daAlink_cFv
80187870:backNameInputMove0__14dFile_select_cFv
80187954:backNameInputMove__14dFile_select_cFv
801F2140:backSaveQuestion2__12dMenu_save_cFv
801F20A0:backSaveQuestionInitSet__12dMenu_save_cFv
801F20D4:backSaveQuestion__12dMenu_save_cFv
80187B90:backSelectMove__14dFile_select_cFv
802522DC:backSpace__7dName_cFv
802E7FCC:bar_subroutine__10JUTProcBarFiiiiiiiQ28JUtility6TColorQ28JUtility6TColor
80191FAC:baseMoveAnm__15dFile_warning_cFv
8027A920:basePlaneTypeXY__FPA4_fff
8027A96C:basePlaneTypeXZ__FPA4_fff
8027A9B8:basePlaneTypeX__FPA4_fff
801B919C:baseScreenInit__14dMenu_DmapBg_cFv
80392540:base_tag$4839
800CC2D0:basicModelDraw__9daAlink_cFP8J3DModel
802B7010:battleBgmFramework__8Z2SeqMgrFv
8044B914:bb2
80446AF8:bb2Buf
80392020:bboxPosX$3881
80392038:bboxPosY$3882
80392008:bboxScale$3880
803B587C:bck_name$3685
803B687C:bck_name$7583
803B689C:bck_name$7687
803B5464:bck_name$8674
803B5484:bck_name$8777
80291784:bcopy__7JASCalcFPCvPvUl
80291748:bcopyfast__7JASCalcFPCvPvUl
802D08D4:becomeCurrentHeap__7JKRHeapFv
802D7ED4:becomeCurrent__10JKRArchiveFPCc
802D71E0:becomeCurrent__12JKRFileCacheFPCc
802D08C4:becomeSystemHeap__7JKRHeapFv
80028960:beforeDrawPath__15renderingAmap_cFv
801C25A4:beforeDrawPath__15renderingDmap_cFv
801CF5D8:beforeDrawPath__15renderingFmap_cFv
8004145C:beforeDrawPath__19renderingPlusDoor_cFv
80041934:beforeFlagProc__14dEvt_control_cFP12dEvt_order_c
8014CC68:beforeMove__8daNpcT_cFv
800434CC:beforeProc__11dEvt_info_cFv
8019ACA8:beforeSelectSeqAction__13dShopSystem_cFP10dMsgFlow_ci
8019ACA0:beforeStartSeqAction__13dShopSystem_cFP10dMsgFlow_ci
802A6DD0:beginBNKList__17JAUAudioArcLoaderFUlUl
80314AE0:beginDL__17J3DDisplayListObjFv
80314EC0:beginDiff__12J3DMatPacketFv
802A80EC:beginNewBankTable__10JAUSectionFUlUl
80291538:beginParticle_fadeIn___Q217JStudio_JParticle17TAdaptor_particleFv
80314B90:beginPatch__17J3DDisplayListObjFv
80274BC8:beginRender__10JFWDisplayFv
80007F90:beginRender__13mDoGph_gInf_cFv
802903D4:beginSound_fadeIn___Q215JStudio_JAudio214TAdaptor_soundFv
802A4398:beginStartSeq___9JAISeqMgrFv
8015E8C8:bgCheckAfterOffset__20daPy_boomerangMove_cFPC4cXyz
8044B10C:bgWaitFlg$58407
8015D780:bg_check__8daItem_cFv
8038BBDC:bgmLabel$37391
802B82C8:bgmNowBattle__8Z2SeqMgrFf
802B82C4:bgmSetSwordUsing__8Z2SeqMgrFl
802B1450:bgmStart__8Z2SeqMgrFUlUll
802B1848:bgmStop__8Z2SeqMgrFUll
802B222C:bgmStreamCheckReady__8Z2SeqMgrFv
802B2258:bgmStreamPlay__8Z2SeqMgrFv
802B1FD4:bgmStreamPrepare__8Z2SeqMgrFUl
802B231C:bgmStreamStop__8Z2SeqMgrFUl
8019E814:bgparts_activelight_init__Fv
803563C0:bitrev
8044A868:black$4166
80392B58:black_color$4650
80392ED0:black_color$4691
8037D5E0:black_tex
801C44EC:blinkMove__16dMenuMapCommon_cFs
803B586C:blo_name$3684
80446B38:block$18
801812CC:blureCamera__9dCamera_cFv
803B9468:bmg_filename$3954
800EF394:boarForceGetOff__9daAlink_cFv
8038B9BC:boarLocalLeft$17681
8038B9C8:boarLocalRight$17682
8038BA04:boarRideOffset$19147
80105B90:boardCommon__9daAlink_cFi
8038C018:boardLocalEyeFromRoot$59882
803ACEF4:bodyBrkName$69121
801F18EC:bookIconAnm__12dMenu_save_cFv
801848EC:bookIconAnm__14dFile_select_cFv
8044B8C0:bootInfo
8044B7D8:bootThisDol
8029FD88:boot__6JASDspFPFPv_v
8044BE18:borderColor0$3975
8044E2FC:borderColor0$4169
8044BE1C:borderColor1$3976
8044E300:borderColor1$4170
8038F748:boss_tag$4934
8010E4C4:bottleModelCallBack__9daAlink_cFv
8038BA94:bottleTop$32160
8038C0A8:bottleTopPos$61390
8044B9D0:bound_32KHz
8044B9D8:bound_48KHz
8039C4E0:bp
803B588C:bpk_name$3686
800387A8:branchFile__FPCc
8024C6BC:branchNodeProc__10dMsgFlow_cFP10fopAc_ac_cPP10fopAc_ac_c
80039D4C:branch__7dDemo_cFv
803B5734:brightChackProc
8025B370:brightCheckOpen__10dScnName_cFv
8025B3A4:brightCheck__10dScnName_cFv
803B688C:brk_name$7584
803B68AC:brk_name$7688
803B5474:brk_name$8675
803B5494:brk_name$8778
80096F1C:bspTransEvCamera__9dCamera_cFv
803B58AC:btk2_name$3688
801B1CA0:btkAnimeLoop0__17dMenu_Collect2D_cFP19J2DAnmTextureSRTKey
801D6E6C:btkAnimeLoop__17dMenu_Fmap2DTop_cFP19J2DAnmTextureSRTKeyf
801D4A54:btkAnimeLoop__18dMenu_Fmap2DBack_cFf
8014F18C:btkCtrl__11daBaseNpc_cFv
803B589C:btk_name$3687
8041E110:buf$7371
8044B9F0:buffer
803D75E0:buffer__14mDoMtx_stack_c
8003DEE0:buildFmapRegionData__24dMenu_Fmap_region_data_cFi
8003D92C:buildFmapRoomData__22dMenu_Fmap_room_data_cFiiffff
8003D9D8:buildFmapStageData__23dMenu_Fmap_stage_data_cFiff
8003E04C:buildFmapWorldData__23dMenu_Fmap_world_data_cFv
8003D868:buildTresTypeGroup__22dMenu_Fmap_room_data_cFiii
801667B0:bumpCheck__9dCamera_cFUl
801B89CC:buttonIconScreenInit__14dMenu_DmapBg_cFv
802E9240:byteToXLen__Fii
802918B0:bzero__7JASCalcFPvUl
80291884:bzerofast__7JASCalcFPvUl
803C79C0:c2r$1302
803CC950:c2r$334
803C6780:c3bcnt
802656DC:cAPICPad_ANY_BUTTON__FUl
802656BC:cAPICPad_recalibrate__Fv
80265758:cAPIGph_AfterOfDraw__Fv
80265728:cAPIGph_BeforeOfDraw__Fv
802656F8:cAPIGph_Painter__Fv
8044A9CE:cBeginHowlTime
8026A614:cBgW_CheckBGround__Ff
8026A62C:cBgW_CheckBRoof__Ff
8026A640:cBgW_CheckBWall__Ff
800183DC:cCc_Init__Fv
8026824C:cCt_Counter__Fi
800182A8:cDmrNowMidnaTalk__Fv
8044ADDF:cDmr_FishingWether
8044ADD8:cDmr_SkipInfo
8044ADF0:cDyl_DVD
80018798:cDyl_InitAsyncIsDone__Fv
80018764:cDyl_InitAsync__Fv
80018688:cDyl_InitCallback__FPv
8044ADEC:cDyl_Initialized
80018544:cDyl_IsLinked__Fs
800185C0:cDyl_LinkASync__Fs
8001857C:cDyl_Unlink__Fs
8044F940:cEqualCSlope__6Z2Calc
8044F944:cEqualPSlope__6Z2Calc
80271EB0:cLib_addCalc0__FPfff
80271E6C:cLib_addCalc2__FPffff
80272A38:cLib_addCalcAngleS2__FPssss
80272970:cLib_addCalcAngleS__FPsssss
802725A8:cLib_addCalcPos2__FP4cXyzRC4cXyzff
80272780:cLib_addCalcPosXZ2__FP4cXyzRC4cXyzff
80272224:cLib_addCalcPosXZ__FP4cXyzRC4cXyzfff
80271EE8:cLib_addCalcPos__FP4cXyzRC4cXyzfff
801A2050:cLib_addCalcU8__FPUcUcss
80271DAC:cLib_addCalc__FPfffff
802551E8:cLib_calcTimer<Sc>__FPSc
80141B34:cLib_calcTimer<Uc>__FPUc
8025A940:cLib_calcTimer<Us>__FPUs
8014D394:cLib_calcTimer<i>__FPi
8024F418:cLib_calcTimer<l>__FPl
8014D378:cLib_calcTimer<s>__FPs
80272FC0:cLib_chaseAngleS__FPsss
80272B70:cLib_chaseF__FPfff
80272DC0:cLib_chasePosXZ__FP4cXyzRC4cXyzf
80272BDC:cLib_chasePos__FP4cXyzRC4cXyzf
80272B00:cLib_chaseS__FPsss
80272A8C:cLib_chaseUC__FPUcUcUc
80273254:cLib_distanceAngleS__Fss
8014D3B0:cLib_getRndValue<i>__Fii
80271D6C:cLib_memCpy__FPvPCvUl
80271D8C:cLib_memSet__FPviUl
802731F0:cLib_offsetPos__FP4cXyzPC4cXyzsPC4cXyz
802730A4:cLib_targetAngleX__FPC4cXyzPC4cXyz
80273034:cLib_targetAngleY__FPC3VecPC3Vec
8027306C:cLib_targetAngleY__FRC3VecRC3Vec
802684C8:cLsIt_Judge__FP15node_list_classPFP10node_classPv_PvPv
80268490:cLsIt_Method__FP15node_list_classPFP10node_classPv_iPv
8026832C:cLs_Addition__FP15node_list_classP10node_class
80268470:cLs_Create__FP15node_list_class
80268428:cLs_GetFirst__FP15node_list_class
80268294:cLs_Init__FP15node_list_class
802683A0:cLs_Insert__FP15node_list_classiP10node_class
802682A8:cLs_SingleCut__FP10node_class
8026A690:cM2d_CrossCirLin__FR8cM2dGCirffffPfPf
80270B20:cM3d_2PlaneCrossLine__FRC8cM3dGPlaRC8cM3dGPlaP8cM3dGLin
80270F68:cM3d_2PlaneLinePosNearPos__FRC8cM3dGPlaRC8cM3dGPlaPC3VecP3Vec
80270CD0:cM3d_3PlaneCrossPos__FRC8cM3dGPlaRC8cM3dGPlaRC8cM3dGPlaP3Vec
8026AD4C:cM3d_CalcPla__FPC3VecPC3VecPC3VecP3VecPf
8026E28C:cM3d_CalcSphVsTriCrossPoint__FPC8cM3dGSphPC8cM3dGTriP3Vec
8027092C:cM3d_CalcVecAngle__FRC3VecPsPs
802709A0:cM3d_CalcVecZAngle__FRC3VecP5csXyz
8026B08C:cM3d_Check_LinLin__FPC8cM3dGLinPC8cM3dGLinPfPf
80270FEC:cM3d_CrawVec__FRC3VecRC3VecP3Vec
8026B304:cM3d_CrossInfLineVsInfPlane_proc__FffPC3VecPC3VecP3Vec
8026C590:cM3d_CrossX_LinTri_proc__FPC8cM3dGTriPC3Vec
8026C3EC:cM3d_CrossX_Tri__FPC8cM3dGTriPC3Vec
8026C248:cM3d_CrossX_Tri__FPC8cM3dGTriPC3Vecf
8026C8B8:cM3d_CrossY_LinTri_proc__FPC8cM3dGTriPC3Vec
8026CBE8:cM3d_CrossY_Tri_Front__FRC3VecRC3VecRC3VecPC3Vec
8026C714:cM3d_CrossY_Tri__FPC8cM3dGTriPC3Vec
8026CF18:cM3d_CrossY_Tri__FPC8cM3dGTriPC3VecPC10cM3d_RangePf
8026CCF0:cM3d_CrossY_Tri__FPC8cM3dGTriPC3VecPf
8026CD74:cM3d_CrossY_Tri__FPC8cM3dGTriPC3Vecf
8026CA3C:cM3d_CrossY_Tri__FRC3VecRC3VecRC3VecRC8cM3dGPlaPC3Vec
8026D350:cM3d_CrossZ_LinTri_proc__FPC8cM3dGTriPC3Vec
8026D1AC:cM3d_CrossZ_Tri__FPC8cM3dGTriPC3Vec
8026D008:cM3d_CrossZ_Tri__FPC8cM3dGTriPC3Vecf
8026AE18:cM3d_Cross_AabAab__FPC8cM3dGAabPC8cM3dGAab
8026AF3C:cM3d_Cross_AabCyl__FPC8cM3dGAabPC8cM3dGCyl
8026AFE4:cM3d_Cross_AabSph__FPC8cM3dGAabPC8cM3dGSph
8026F544:cM3d_Cross_CpsCps__FRC8cM3dGCpsRC8cM3dGCpsP3Vec
8026F804:cM3d_Cross_CpsCyl__FRC8cM3dGCpsRC8cM3dGCylP3Vec
8026FF10:cM3d_Cross_CpsSph_CrossPos__FRC8cM3dGCpsRC8cM3dGSphRC3VecP3Vec
8027006C:cM3d_Cross_CpsSph__FRC8cM3dGCpsRC8cM3dGSphP3Vec
8027055C:cM3d_Cross_CpsTri__FRC8cM3dGCps8cM3dGTriP3Vec
8026E7E4:cM3d_Cross_CylCyl__FPC8cM3dGCylPC8cM3dGCylP3Vec
8026E65C:cM3d_Cross_CylCyl__FPC8cM3dGCylPC8cM3dGCylPf
8026ED74:cM3d_Cross_CylLin__FPC8cM3dGCylPC8cM3dGLinP3VecP3Vec
8026F474:cM3d_Cross_CylPntPnt__FPC8cM3dGCylPC3VecPC3VecP3VecP3Vec
8026F4E0:cM3d_Cross_CylPnt__FPC8cM3dGCylPC3Vec
8026DE78:cM3d_Cross_CylSph__FPC8cM3dGCylPC8cM3dGSphP3VecPf
8026DCD4:cM3d_Cross_CylSph__FPC8cM3dGCylPC8cM3dGSphPf
8026EA00:cM3d_Cross_CylTri__FPC8cM3dGCylPC8cM3dGTriP3Vec
8026B364:cM3d_Cross_LinPla__FPC8cM3dGLinPC8cM3dGPlaP3Vecbb
8026D918:cM3d_Cross_LinSph_CrossPos__FRC8cM3dGSphRC8cM3dGLinP3VecP3Vec
8026D6B0:cM3d_Cross_LinSph__FPC8cM3dGLinPC8cM3dGSphP3Vec
8026D5AC:cM3d_Cross_LinTri_Easy__FPC8cM3dGTriPC3Vec
8026D4D4:cM3d_Cross_LinTri__FPC8cM3dGLinPC8cM3dGTriP3Vecbb
8026B480:cM3d_Cross_MinMaxBoxLine__FPC3VecPC3VecPC3VecPC3Vec
8026D668:cM3d_Cross_SphPnt__FPC8cM3dGSphPC3Vec
8026E1B8:cM3d_Cross_SphSph__FPC8cM3dGSphPC8cM3dGSphP3Vec
8026E0AC:cM3d_Cross_SphSph__FPC8cM3dGSphPC8cM3dGSphPf
8026E12C:cM3d_Cross_SphSph__FPC8cM3dGSphPC8cM3dGSphPfPf
8026E334:cM3d_Cross_SphTri__FPC8cM3dGSphPC8cM3dGTriP3Vec
8027025C:cM3d_Cross_TriTri__FRC8cM3dGTriRC8cM3dGTriP3Vec
8026A990:cM3d_InDivPos1__FPC3VecPC3VecfP3Vec
8026A9E0:cM3d_InDivPos2__FPC3VecPC3VecfP3Vec
8026C194:cM3d_InclusionCheckPosIn3PosBox2d__Ffffffffff
8026C05C:cM3d_InclusionCheckPosIn3PosBox3d__FPC3VecPC3VecPC3VecPC3Vecf
8026AA5C:cM3d_Len2dSqPntAndSegLine__FffffffPfPfPf
8026AA44:cM3d_Len2dSq__Fffff
8026AB40:cM3d_Len3dSqPntAndSegLine__FPC8cM3dGLinPC3VecP3VecPf
80270AF4:cM3d_PlaneCrossLineProcWork__FfffffffPfPf
8026AC44:cM3d_SignedLenPlaAndPos__FPC8cM3dGPlaPC3Vec
8026ACC4:cM3d_VectorProduct2d__Fffffff
8026ACE4:cM3d_VectorProduct__FPC4cXyzPC4cXyzPC4cXyzP4cXyz
80270DB0:cM3d_lineVsPosSuisenCross__FPC8cM3dGLinPC3VecP3Vec
80270E8C:cM3d_lineVsPosSuisenCross__FRC3VecRC3VecRC3VecP3Vec
80269C44:cM_atan2f__Fff
80269AA4:cM_atan2s__Fff
80269E04:cM_initRnd2__Fiii
80269C8C:cM_initRnd__Fiii
80269A14:cM_rad2s__Ff
80269E14:cM_rnd2__Fv
80269EFC:cM_rndF2__Ff
80269F34:cM_rndFX2__Ff
80269DBC:cM_rndFX__Ff
80269D84:cM_rndF__Ff
80269C9C:cM_rnd__Fv
800CFFF8:cMtx_multVec__FPA4_CfPC3VecP3Vec
802687E4:cNdIt_Judge__FP10node_classPFP10node_classPv_PvPv
80268754:cNdIt_Method__FP10node_classPFP10node_classPv_iPv
80268640:cNd_Addition__FP10node_classP10node_class
80268708:cNd_ClearObject__FP10node_class
80268740:cNd_Create__FP10node_classPv
80268620:cNd_Cut__FP10node_class
8026853C:cNd_First__FP10node_class
8026872C:cNd_ForcedClear__FP10node_class
80268674:cNd_Insert__FP10node_classP10node_class
80268500:cNd_Join__FP10node_classP10node_class
8026856C:cNd_Last__FP10node_class
8026850C:cNd_LengthOf__FP10node_class
8026859C:cNd_Order__FP10node_classi
802686E0:cNd_SetObject__FP10node_classPv
802685EC:cNd_SingleCut__FP10node_class
8044B490:cNearFarRatio
80268A98:cPhs_Compleate__FP30request_of_phase_process_class
80268B08:cPhs_Do__FP30request_of_phase_process_classPv
80268BDC:cPhs_Handler__FP30request_of_phase_process_classPPFPv_iPv
80268AA8:cPhs_Next__FP30request_of_phase_process_class
80268A54:cPhs_Reset__FP30request_of_phase_process_class
80268A60:cPhs_Set__FP30request_of_phase_process_classPPFPv_i
80268A70:cPhs_UnCompleate__FP30request_of_phase_process_class
8044A9C4:cPitchCenter
8044A9C0:cPitchDown
8044A9C8:cPitchUp
8044A9D0:cR_FlatWidth
80268C60:cReq_Command__FP18request_base_classUc
80268C80:cReq_Create__FP18request_base_classUc
80268C30:cReq_Done__FP18request_base_class
80268C04:cReq_Is_Done__FP18request_base_class
80395B20:cResetFilterTable
80268EE0:cTgIt_JudgeFilter__FP16create_tag_classP12judge_filter
80268EAC:cTgIt_MethodCall__FP16create_tag_classP13method_filter
80268CFC:cTg_AdditionToTree__FP21node_lists_tree_classiP16create_tag_class
80268E14:cTg_Addition__FP15node_list_classP16create_tag_class
80268E64:cTg_Create__FP16create_tag_classPv
80268D9C:cTg_GetFirst__FP15node_list_class
80268D4C:cTg_InsertToTree__FP21node_lists_tree_classiP16create_tag_classi
80268CB0:cTg_IsUse__FP16create_tag_class
80268CBC:cTg_SingleCutFromTree__FP16create_tag_class
80268DD4:cTg_SingleCut__FP16create_tag_class
802689E4:cTrIt_Judge__FP21node_lists_tree_classPFP10node_classPv_PvPv
80268970:cTrIt_Method__FP21node_lists_tree_classPFP10node_classPv_iPv
80268890:cTr_Addition__FP21node_lists_tree_classiP10node_class
80268918:cTr_Create__FP21node_lists_tree_classP15node_list_classi
802688D4:cTr_Insert__FP21node_lists_tree_classiP10node_classi
80268870:cTr_SingleCut__FP10node_class
8038F638:c_tag$4155
8038F698:c_tag$4229
80391868:c_text$4022
803918B8:c_text1$4029
8004C0EC:calc2D__13dPa_control_cFv
8004C078:calc3D__13dPa_control_cFv
8027E21C:calcAffect__12JPAFieldBaseFP13JPAFieldBlockP15JPABaseParticle
801D0CE0:calcAllMapPos2DFirst__18dMenu_Fmap2DBack_cFffPfPf
801D0DC4:calcAllMapPos2D__18dMenu_Fmap2DBack_cFPCcffPfPf
801D0D8C:calcAllMapPos2D__18dMenu_Fmap2DBack_cFffPfPf
801D0E74:calcAllMapPos2D__18dMenu_Fmap2DBack_cFffPfPffff
801D0FF0:calcAllMapPosWorld__18dMenu_Fmap2DBack_cFffPfPf
801D0B3C:calcAllMapPos__18dMenu_Fmap2DBack_cFv
801D0C6C:calcAllMapScaleRate__18dMenu_Fmap2DBack_cFv
8032FD18:calcAnmInvJointMtx__13J3DSkinDeformFP12J3DMtxBuffer
8032A070:calcAnmMtx__8J3DModelFv
8032938C:calcBBoardMtx__12J3DMtxBufferFv
8032A754:calcBBoardMtx__8J3DModelFv
801D499C:calcBackAlpha__18dMenu_Fmap2DBack_cFb
801D3D2C:calcBlink__18dMenu_Fmap2DBack_cFv
8032A650:calcBumpMtx__8J3DModelFv
8027574C:calcCombinationRatio__10JFWDisplayFv
80318F64:calcCurrentMtx__11J3DMaterialFv
801BB424:calcCursor__14dMenu_DmapBg_cFv
802C0084:calcDeltaPriority___10Z2AudienceCFfib
80318EF0:calcDiffTexMtx__11J3DMaterialFPA4_Cf
80329CF4:calcDiffTexMtx__8J3DModelFv
80315070:calcDifferedBufferSize__14J3DShapePacketFUl
801EF8D0:calcDistance__12dMenu_Ring_cFffff
80229474:calcDistance__19jmessage_tReferenceFv
80328F68:calcDrawMtx__12J3DMtxBufferFUlRC3VecRA3_A4_Cf
801D5B38:calcDrawPriority__18dMenu_Fmap2DBack_cFv
8029CFD8:calcEffect__10JASChannelFPCQ210JASChannel9PanVector
802812E0:calcEmitterGlobalPosition__14JPABaseEmitterCFPQ29JGeometry8TVec3<f>
8027E348:calcFadeAffect__12JPAFieldBaseCFP13JPAFieldBlockf
80008330:calcFade__13mDoGph_gInf_cFv
80278AB4:calcField__11JPAResourceFP18JPAEmitterWorkDataP15JPABaseParticle
8003FCA4:calcFloorNoForObjectByMapPathRend__16renderingDAmap_cCFfi
8003F40C:calcFloorNo__10dMapInfo_cFfbi
802C0140:calcFxMix___10Z2AudienceCFfi
80244C60:calcGuide__14dMsgScrnHowl_cFv
800A0030:calcHairAngle__9daAlink_cFPs
80147C84:calcJntRad__15daNpcT_JntAnm_cFfff
802E0FC4:calcKeyCode__10JUTNameTabCFPCc
80278B30:calcKey__11JPAResourceFP18JPAEmitterWorkData
80338F34:calcLoadBinaryDisplayListSize__14J3DModelLoaderFPCvUl
80338E3C:calcLoadMaterialTableSize__14J3DModelLoaderFPCv
80338C70:calcLoadSize__14J3DModelLoaderFPCvUl
80244A48:calcMain__14dMsgScrnHowl_cFv
80029D78:calcMapCenterXZ__6dMap_cFiPfPf
80029E1C:calcMapCmPerTexel__6dMap_cFiPf
80329B88:calcMaterial__8J3DModelFv
8004C134:calcMenu__13dPa_control_cFv
802BF39C:calcMicDist__9Z2SpotMicFP9Z2Audible
802BF424:calcMicPriority__9Z2SpotMicFf
802BF47C:calcMicVolume__9Z2SpotMicFfif
8027167C:calcMinMax__8cM3dGCylFP4cXyzP4cXyz
80151BB4:calcMoveDisAngle__15daNpcF_Lookat_cFiP4cXyzP5csXyz4cXyzii
80053BC0:calcMtx__7J2DPaneFv
802FBEBC:calcMtx__9J2DScreenFv
8031608C:calcNBTScale__11J3DShapeMtxFRC3VecPA3_A3_fPA3_A3_f
80316388:calcNBTScale__16J3DShapeMtxMultiFRC3VecPA3_A3_fPA3_A3_f
80317244:calcNBTScale__8J3DShapeFRC3VecPA3_A3_fPA3_A3_f
802ABDE0:calcNoise1f__Q26Z2Calc8FNoise1fFv
8003F570:calcNowStayFloorNo__10dMapInfo_cFfb
803291D8:calcNrmMtx__12J3DMtxBufferFv
8032FA60:calcNrmMtx__13J3DSkinDeformFP12J3DMtxBuffer
8032A62C:calcNrmMtx__8J3DModelFv
802BFB44:calcOffMicSound__10Z2AudienceFf
801D2D3C:calcOffset__18dMenu_Fmap2DBack_cFUcPCcPfPf
8029CFF0:calcPan__10JASChannelFPCQ210JASChannel9PanVector
802C8238:calcPan__10Z2EnvSeDirFf
802C8434:calcPan__14Z2EnvSeAutoPanFv
8025B79C:calcPauseTimer__9dScnPly_cFv
802C00F0:calcPitchDoppler___10Z2AudienceCFRCQ29JGeometry8TVec3<f>RCQ29JGeometry8TVec3<f>RCQ29JGeometry8TVec3<f>f
8024535C:calcPitchLevel__14dMsgScrnHowl_cFv
802CD170:calcPitchMod__13Z2WolfHowlMgrFff
802C0188:calcPitch___10Z2AudienceCFP16Z2AudibleChannelPC9Z2AudiblePC13Z2AudioCamera
80334F48:calcPostTexMtxWithoutViewMtx__18J3DTexGenBlockNullFPA4_Cf
80323CB8:calcPostTexMtxWithoutViewMtx__21J3DTexGenBlockPatchedFPA4_Cf
80334F44:calcPostTexMtx__18J3DTexGenBlockNullFPA4_Cf
80323B74:calcPostTexMtx__21J3DTexGenBlockPatchedFPA4_Cf
803260A8:calcPostTexMtx__9J3DTexMtxFPA4_Cf
802BF9F8:calcPriority__10Z2AudienceFP10JAIAudible
802BFF84:calcRelPosDolby__10Z2AudienceFRC3Veci
802BFE84:calcRelPosPan__10Z2AudienceFRC3Veci
802BFD9C:calcRelPosVolume__10Z2AudienceFRC3Vecfi
801D2A2C:calcRenderingPos__18dMenu_Fmap2DBack_cFv
801D2AA8:calcRenderingScale__18dMenu_Fmap2DBack_cFv
8031859C:calcSizeColorBlock__11J3DMaterialFUl
8033923C:calcSizeDraw__14J3DModelLoaderFPC12J3DDrawBlock
8033922C:calcSizeEnvelope__14J3DModelLoaderFPC16J3DEnvelopeBlock
80318660:calcSizeIndBlock__11J3DMaterialFi
80339174:calcSizeInformation__14J3DModelLoaderFPC17J3DModelInfoBlockUl
80339200:calcSizeJoint__14J3DModelLoaderFPC13J3DJointBlock
8033419C:calcSizeLockedMaterial__18J3DMaterialFactoryCFP11J3DMaterialiUl
8033953C:calcSizeMaterialDL__14J3DModelLoaderFPC18J3DMaterialDLBlockUl
8033894C:calcSizeMaterialTable__14J3DModelLoaderFPC16J3DMaterialBlockUl
803393FC:calcSizeMaterialTable__18J3DModelLoader_v26FPC16J3DMaterialBlockUl
80338944:calcSizeMaterial__14J3DModelLoaderFPC16J3DMaterialBlockUl
80339250:calcSizeMaterial__18J3DModelLoader_v26FPC16J3DMaterialBlockUl
80333F98:calcSizeNormalMaterial__18J3DMaterialFactoryCFP11J3DMaterialiUl
80318674:calcSizePEBlock__11J3DMaterialFUlUl
803394AC:calcSizePatchedMaterial__14J3DModelLoaderFPC16J3DMaterialBlockUl
803340CC:calcSizePatchedMaterial__18J3DMaterialFactoryCFP11J3DMaterialiUl
80339E84:calcSizeShapeMtx__15J3DShapeFactoryCFUlii
8033933C:calcSizeShape__14J3DModelLoaderFPC13J3DShapeBlockUl
80318618:calcSizeTevBlock__11J3DMaterialFi
803185EC:calcSizeTexGenBlock__11J3DMaterialFUl
8033948C:calcSizeTextureTable__14J3DModelLoaderFPC15J3DTextureBlock
803393E0:calcSizeTexture__14J3DModelLoaderFPC15J3DTextureBlock
80339E74:calcSizeVcdVatCmdBuffer__15J3DShapeFactoryFUl
80339DE0:calcSize__15J3DShapeFactoryFiUl
80333F18:calcSize__18J3DMaterialFactoryCFP11J3DMaterialQ218J3DMaterialFactory12MaterialTypeiUl
8032ED80:calcSkin_VtxNrmF32__12J3DSkinNListFPA4_fPvPv
8032ECF8:calcSkin_VtxPosF32__12J3DSkinNListFPA4_fPvPv
8014B854:calcSpeedAndAngle__8daNpcT_cF4cXyziss
801EC01C:calcStickAngle__12dMenu_Ring_cFP9STControlUc
8022D3FC:calcStringLength__27jmessage_tSequenceProcessorFv
80264BF0:calcSum2__FPCUsUl
80325DBC:calcTexMtx__9J3DTexMtxFPA4_Cf
8030CF98:calcTransform__18J2DAnmTransformKeyCFfUsP16J3DTransformInfo
8032BED0:calcTransform__18J3DAnmTransformKeyCFfUsP16J3DTransformInfo
8030DE8C:calcTransform__19J2DAnmTextureSRTKeyCFfUsP17J3DTextureSRTInfo
8032C3B0:calcTransform__19J3DAnmTextureSRTKeyCFfUsP17J3DTextureSRTInfo
80331458:calcTransform__27J3DMtxCalcCalcTransformMayaFRC16J3DTransformInfo
803311CC:calcTransform__28J3DMtxCalcCalcTransformBasicFRC16J3DTransformInfo
803312EC:calcTransform__32J3DMtxCalcCalcTransformSoftimageFRC16J3DTransformInfo
80275BBC:calcViewFrustum__11J3DUClipperFv
801910AC:calcViewMtx__16dFile_select3D_cFPA4_f
801B770C:calcViewMtx__17dMenu_Collect3D_cFPA4_f
802BF228:calcVolumeFactor__9Z2SpotMicFi
802CD088:calcVolumeMod__13Z2WolfHowlMgrFf
802C001C:calcVolume___10Z2AudienceCFfi
80244AAC:calcWave__14dMsgScrnHowl_cFv
80328D70:calcWeightEnvelopeMtx__12J3DMtxBufferFv
8032A0F4:calcWeightEnvelopeMtx__8J3DModelFv
80070ED0:calcWeight__12dAttention_cFiP10fopAc_ac_cfssPUl
80056900:calcWipe__12dDlst_list_cFv
80334F40:calcWithoutViewMtx__18J3DTexGenBlockNullFPA4_Cf
80323A20:calcWithoutViewMtx__21J3DTexGenBlockPatchedFPA4_Cf
80278C70:calcWorkData_c__11JPAResourceFP18JPAEmitterWorkData
80278E3C:calcWorkData_d__11JPAResourceFP18JPAEmitterWorkData
80280824:calcYBBCam__17JPAEmitterManagerFv
801C1AD4:calcZoomCenter__19dMenu_DmapMapCtrl_cFPfPf
802A4AF8:calc_JAISound___8JAISoundFv
802AC5F0:calc__10Z2SoundMgrFv
800150AC:calc__114J3DMtxCalcAnimation<64J3DMtxCalcAnimationAdaptorDefault<27J3DMtxCalcCalcTransformMaya>,24J3DMtxCalcJ3DSysInitMaya>Fv
80318E78:calc__11J3DMaterialFPA4_Cf
8003C82C:calc__11J3DTexNoAnmCFPUs
8027E5E8:calc__11JPAFieldAirFP18JPAEmitterWorkDataP13JPAFieldBlockP15JPABaseParticle
8027FB70:calc__11JPAKeyBlockFf
80277A18:calc__11JPAResourceFP18JPAEmitterWorkDataP14JPABaseEmitter
80328148:calc__12J3DJointTreeFP12J3DMtxBufferRC3VecRA3_A4_Cf
802A62FC:calc__12JAIStreamMgrFv
8027F214:calc__12JPAFieldDragFP18JPAEmitterWorkDataP13JPAFieldBlockP15JPABaseParticle
8027F3D8:calc__12JPAFieldSpinFP18JPAEmitterWorkDataP13JPAFieldBlockP15JPABaseParticle
802A4FBC:calc__13JAISoundChildFv
8032E860:calc__14J3DMaterialAnmCFP11J3DMaterial
8027E6CC:calc__14JPAFieldMagnetFP18JPAEmitterWorkDataP13JPAFieldBlockP15JPABaseParticle
8027E810:calc__14JPAFieldNewtonFP18JPAEmitterWorkDataP13JPAFieldBlockP15JPABaseParticle
8027F0FC:calc__14JPAFieldRandomFP18JPAEmitterWorkDataP13JPAFieldBlockP15JPABaseParticle
8027EAA4:calc__14JPAFieldVortexFP18JPAEmitterWorkDataP13JPAFieldBlockP15JPABaseParticle
80010074:calc__14mDoExt_McaMorfFv
8033061C:calc__15J3DVtxColorCalcFP8J3DModel
8029F630:calc__15JASAudioReseterFv
8027E484:calc__15JPAFieldGravityFP18JPAEmitterWorkDataP13JPAFieldBlockP15JPABaseParticle
802BE11C:calc__15Z2AudibleAbsPosFRCQ29JGeometry8TVec3<f>
8015139C:calc__15daNpcF_Lookat_cFP10fopAc_ac_cPA4_fPP5csXyziii
801507A8:calc__15daNpcF_MatAnm_cCFP11J3DMaterial
801478A4:calc__15daNpcT_JntAnm_cFf
801457D4:calc__15daNpcT_MatAnm_cCFP11J3DMaterial
800116F4:calc__15mDoExt_McaMorf2Fv
8009D944:calc__16daAlink_matAnm_cCFP11J3DMaterial
80010B68:calc__16mDoExt_McaMorfSOFv
8031956C:calc__17J3DLockedMaterialFPA4_Cf
802803D0:calc__17JPAEmitterManagerFUc
80334F3C:calc__18J3DTexGenBlockNullFPA4_Cf
8027EEC4:calc__18JPAFieldConvectionFP18JPAEmitterWorkDataP13JPAFieldBlockP15JPABaseParticle
8014DC00:calc__18daBaseNpc_lookat_cFP10fopAc_ac_cPA4_fs
8014D8D0:calc__18daBaseNpc_matAnm_cCFP11J3DMaterial
80147E88:calc__19daNpcT_DmgStagger_cFi
8032385C:calc__21J3DTexGenBlockPatchedFPA4_Cf
8000F26C:calc__25mDoExt_MtxCalcAnmBlendTblFv
8000F4B0:calc__28mDoExt_MtxCalcAnmBlendTblOldFv
80015084:calc__73J3DMtxCalcNoAnm<27J3DMtxCalcCalcTransformMaya,24J3DMtxCalcJ3DSysInitMaya>Fv
80338AC4:calc__75J3DMtxCalcNoAnm<28J3DMtxCalcCalcTransformBasic,25J3DMtxCalcJ3DSysInitBasic>Fv
80338A08:calc__83J3DMtxCalcNoAnm<32J3DMtxCalcCalcTransformSoftimage,29J3DMtxCalcJ3DSysInitSoftimage>Fv
8032A18C:calc__8J3DModelFv
802A29B4:calc__8JAISeMgrFv
802EC160:calc__9J2DTexMtxFv
80325D9C:calc__9J3DTexMtxFPA4_Cf
802A40D0:calc__9JAISeqMgrFv
802BE2D8:calc__9Z2AudibleFv
80278A38:calc_c__11JPAResourceFP18JPAEmitterWorkDataP15JPABaseParticle
80282690:calc_c__15JPABaseParticleFP18JPAEmitterWorkData
8044A8A8:calc_mtx
802789BC:calc_p__11JPAResourceFP18JPAEmitterWorkDataP15JPABaseParticle
80282400:calc_p__15JPABaseParticleFP18JPAEmitterWorkData
801E5A30:calibration_close1_move__14dMenu_Option_cFv
801E5A74:calibration_close2_move__14dMenu_Option_cFv
801E59DC:calibration_move_move__14dMenu_Option_cFv
801E597C:calibration_open1_move__14dMenu_Option_cFv
801E59C0:calibration_open2_move__14dMenu_Option_cFv
803B7F78:calibration_process
802D0A10:callAllDisposer__7JKRHeapFv
802DCF10:callCommand_Async__16JKRDvdAramRipperFP12JKRADCommand
80314AB4:callDL__17J3DDisplayListObjCFv
80274690:callDirectDraw__Fv
802985BC:call__12JASSeqReaderFUl
802924F4:callback__14JASCallbackMgrFv
8029F704:callback__15JASAudioReseterFPv
802D3F80:callback__15JKRThreadSwitchFP8OSThreadP8OSThread
80264BC4:callback__20DynamicModuleControlFPv
8044BA80:calledOnce
803B5998:cam_seira_evnt_after
803B5960:cam_seira_evnt_before
803B5928:cam_seira_shop
801824A0:camera_create__FP12camera_class
801824D0:camera_delete__FP20camera_process_class
80181FBC:camera_draw__FP20camera_process_class
80181F18:camera_execute__FP20camera_process_class
803BD2C8:camparamarc$4608
802828F8:canCreateChild__15JPABaseParticleFP18JPAEmitterWorkData
8015F930:cancelBoomerangLockActor__9daPy_py_cFP10fopAc_ac_c
800E0204:cancelBoomerangLock__9daAlink_cFP10fopAc_ac_c
800DEDC0:cancelBowMoveRideNotAtn__9daAlink_cFv
800DEE54:cancelBowMove__9daAlink_cFv
801417A8:cancelChangeTextureAnime__9daPy_py_cFv
800D2BC0:cancelCutCharge__9daAlink_cFv
800D0B40:cancelDragonHangBackJump__9daAlink_cFv
801418FC:cancelDragonHangBackJump__9daPy_py_cFv
800D0834:cancelDungeonWarpReadyNeck__9daAlink_cFv
801417AC:cancelDungeonWarpReadyNeck__9daPy_py_cFv
8015F504:cancelFmChainGrab__9daPy_py_cFv
800E91FC:cancelGoronThrowEvent__9daAlink_cFv
801418B0:cancelGoronThrowEvent__9daPy_py_cFv
80108860:cancelHookshotCarry__9daAlink_cFv
80108F9C:cancelHookshotMove__9daAlink_cFv
80108F24:cancelHookshotShot__9daAlink_cFv
800B71C8:cancelItemUseQuake__9daAlink_cFi
800ABB60:cancelLockAt__9daAlink_cFv
800E2DFC:cancelMagneBootsOn__9daAlink_cFv
800D0B28:cancelOctaIealHang__9daAlink_cFv
801418F8:cancelOctaIealHang__9daPy_py_cFv
80048348:cancelStaff__16dEvent_manager_cFPCc
800EA908:cancelSumouMode__9daAlink_cFv
800B7224:cancelUpperItemReadyAnime__9daAlink_cFi
801391B8:cancelWolfLock__9daAlink_cFP10fopAc_ac_c
801416F4:cancelWolfLock__9daPy_py_cFP10fopAc_ac_c
80298AFC:cancel__13JASAramStreamFv
803ACDEC:cannonPortal$39242
800F4810:canoeCommon__9daAlink_cFv
8038C030:canoeLocalEyeFromRoot$59884
801F282C:cardFormatNoSelDisp__12dMenu_save_cFv
801F2948:cardFormatYesSel2Disp__12dMenu_save_cFv
801F27A4:cardFormatYesSelDisp__12dMenu_save_cFv
80035A04:card_to_memory__10dSv_info_cFPci
80041C90:catchCheck__14dEvt_control_cFP12dEvt_order_c
8034E1C8:cb
8034DA98:cbForCancelSync
8034B2B0:cbForReadAsync
8034B3F8:cbForReadSync
8034CB70:cbForStateBusy
8034BFC4:cbForStateCheckID1
8034C0C0:cbForStateCheckID2
8034BF24:cbForStateCheckID2a
8034C198:cbForStateCheckID3
8034C3D0:cbForStateCoverClosed
8034B778:cbForStateError
8034B934:cbForStateGettingError
8034BC9C:cbForStateGoToRetry
8034C45C:cbForStateMotorStopped
8034B6F8:cbForStateReadingFST
8034BB98:cbForUnrecoveredError
8034BBF4:cbForUnrecoveredErrorRetry
8029539C:cbSeqMain__Q28JASTrack5TListFPv
80015A90:cb__FPv
80087C44:cc_at_check__FP10fopAc_ac_cP11dCcU_AtInfo
80087414:cc_pl_cut_bit_get__Fv
8036E358:ceil
80228D54:change1ByteTo2Bytes__Fi
801F9620:changeActiveColor__13dMenu_Skill_cFv
801E0EE4:changeActiveColor__14dMenu_Letter_cFv
8014CD38:changeAnm__8daNpcT_cFPiPi
800DEC00:changeArrowType__9daAlink_cFv
801E7DFC:changeBarColor__14dMenu_Option_cFb
8000D990:changeBckOnly__13mDoExt_bckAnmFP15J3DAnmTransform
8014CCF8:changeBck__8daNpcT_cFPiPi
802B23CC:changeBgmStatus__8Z2SeqMgrFl
8009E954:changeBlendRate__9daAlink_cFi
800ED4F0:changeBoarRunRide__9daAlink_cFv
8014CD34:changeBtk__8daNpcT_cFPiPi
8014CCF4:changeBtp__8daNpcT_cFPiPi
800FE470:changeClimbMoveProc__9daAlink_cFi
801B2EA4:changeClothe__17dMenu_Collect2D_cFv
80228D18:changeCodeToChar__FUs
8012678C:changeCommon__9daAlink_cFv
800F7E80:changeCrawlAutoMoveProc__9daAlink_cFP4cXyz
800D10C0:changeCutFast__9daAlink_cFv
800D1A00:changeCutReverseProc__9daAlink_cFQ29daAlink_c11daAlink_ANM
800FC5A0:changeDragonActor__9daAlink_cFP10fopAc_ac_c
8014190C:changeDragonActor__9daPy_py_cFP10fopAc_ac_c
80037A84:changeDraw__12daItemBase_cFv
801539A0:changeEvent__8daNpcF_cFPcPcUsUs
8032F814:changeFastSkinDL__13J3DSkinDeformFP12J3DModelData
802B4EC8:changeFishingBgm__8Z2SeqMgrFl
802375A4:changeFlowGroupLocal__12dMsgObject_cFl
80238950:changeFlowGroup__12dMsgObject_cFl
802E26A0:changeFont__10JUTDbPrintFP7JUTFont
802E6A08:changeFrameBuffer__14JUTDirectPrintFPvUsUs
8025B494:changeGameScene__10dScnName_cFv
802D0C4C:changeGroupID__7JKRHeapFUc
802D4778:changeGroupIdIfNeed__7JKRAramFPUci
80237620:changeGroupLocal__12dMsgObject_cFs
802389D8:changeGroup__12dMsgObject_cFs
800FA7C4:changeHangEndProc__9daAlink_cFv
800FA370:changeHangMoveProc__9daAlink_cFi
8010889C:changeHookshotDrawModel__9daAlink_cFv
800C00BC:changeItemBck__9daAlink_cFUsf
800C07B4:changeItemTriggerKeepProc__9daAlink_cFUci
80228F84:changeKataToHira__Fi
800FD2E4:changeLadderMoveProc__9daAlink_cFi
80126F88:changeLink__9daAlink_cFi
8044B948:changeMode
8014059C:changeModelDataDirectWolf__9daAlink_cFi
80140384:changeModelDataDirect__9daAlink_cFi
802611C0:changeNumberTexture__21dDlst_TimerScrnDraw_cFP7J2DPanei
801E1168:changePageLight__14dMenu_Letter_cFv
8023BCC4:changeProc__17dMsgScrn3Select_cFv
801B2CC0:changeShield__17dMenu_Collect2D_cFv
802B4234:changeSubBgmStatus__8Z2SeqMgrFl
801B2A34:changeSword__17dMenu_Collect2D_cFv
801E84D8:changeTVCheck__14dMenu_Option_cFv
801417A4:changeTextureAnime__9daPy_py_cFUsUsi
8021AB38:changeTextureItemB__13dMeter2Draw_cFUc
8021ADEC:changeTextureItemXY__13dMeter2Draw_cFiUc
80214E9C:changeTextureLife__13dMeter2Draw_cFibUc
802FFD10:changeTexture__10J2DPictureFPC7ResTIMGUc
802FFE58:changeTexture__10J2DPictureFPC7ResTIMGUcP10JUTPalette
802FFE00:changeTexture__10J2DPictureFPCcUc
802FFF64:changeTexture__10J2DPictureFPCcUcP10JUTPalette
80308430:changeTexture__12J2DPictureExFPC7ResTIMGUc
803085D0:changeTexture__12J2DPictureExFPC7ResTIMGUcP10JUTPalette
80308578:changeTexture__12J2DPictureExFPCcUc
80308734:changeTexture__12J2DPictureExFPCcUcP10JUTPalette
802F8894:changeUseTrans__7J2DPaneFP7J2DPane
800C1E44:changeWarpMaterial__9daAlink_cFQ29daAlink_c21daAlink_WARP_MAT_MODE
8021E4B4:changeWater__13dMeter2Info_cFUc
8012AD18:changeWolfBlendRate__9daAlink_cFi
80135514:changeWolfHangEndProc__9daAlink_cFv
80126974:changeWolf__9daAlink_cFv
8031930C:change__11J3DMaterialFv
80042254:change__14dEvt_control_cFv
80319574:change__17J3DLockedMaterialFv
803194DC:change__18J3DPatchedMaterialFv
801E4E68:change_init__14dMenu_Option_cFv
801E4EA4:change_move__14dMenu_Option_cFv
8044B950:changed
80299220:channelCallback__13JASAramStreamFUlP10JASChannelPQ26JASDsp8TChannelPv
802991A4:channelProcCallback__13JASAramStreamFPv
802998DC:channelProc__13JASAramStreamFv
80299A88:channelStart__13JASAramStreamFv
80294228:channelStart__8JASTrackFPQ28JASTrack11TChannelMgrUlUlUl
80299CA0:channelStop__13JASAramStreamFUs
802950D4:channelUpdateCallback__8JASTrackFUlP10JASChannelPQ26JASDsp8TChannelPv
803C6740:channel_mask
803B9F38:char_table$3795
8044A820:charspace$7223
80071AD8:chaseAttention__12dAttention_cFv
80168790:chaseCamera__9dCamera_cFl
802BC4DC:check1stDynamicWave__10Z2SceneMgrFv
8022431C:check2DContents__9dMeter2_cFv
800D0240:checkAcceptDungeonWarpAlink__9daAlink_cFi
80141898:checkAcceptDungeonWarpAlink__9daPy_py_cFi
8010191C:checkAcceptUseItemInWater__9daAlink_cCFUs
8011F690:checkAcceptWarp__9daAlink_cFv
800A08A0:checkActorPosAngle__9daAlink_cFP10fopAc_ac_cPP4cXyz
8015E518:checkAnmEnd__16daPy_frameCtrl_cFv
800318B4:checkArea__13daTagStream_cFPC4cXyz
800DE9C8:checkArrowChargeEnd__9daAlink_cCFv
801417CC:checkArrowChargeEnd__9daPy_py_cCFv
800D1958:checkAtShieldHit__9daAlink_cFR12dCcD_GObjInf
800ADC88:checkAtnLeftAnime__9daAlink_cFv
800ADD24:checkAtnRightAnime__9daAlink_cFv
800B32E8:checkAtnWaitAnime__9daAlink_cFv
800CFF84:checkAttentionLock__9daAlink_cFv
800A0810:checkAttentionPosAngle__9daAlink_cFP4cXyz
800B3538:checkAttentionState__9daAlink_cFv
800B60B4:checkAutoJumpAction__9daAlink_cFv
800D0428:checkAutoJump__9daAlink_cCFv
801415B8:checkAutoJump__9daPy_py_cCFv
800194FC:checkBallModelDraw__13fopEn_enemy_cFv
8029E0F0:checkBankDispose__10JASChannelCFv
802C25BC:checkBattleFinish__13Z2SoundObjMgrFv
800D0ACC:checkBeeChildDrink__9daAlink_cCFv
80141880:checkBeeChildDrink__9daPy_py_cCFv
800FEEF8:checkBgClimbMove__9daAlink_cFi
800FEBC8:checkBgCorrectClimbMove__9daAlink_cFP4cXyzP4cXyz
802B62EC:checkBgmIDPlaying__8Z2SeqMgrFUl
800CF2EC:checkBoarRide__9daAlink_cCFv
800978A8:checkBoarRide__9daPy_py_cCFv
800D0750:checkBoarRun__9daAlink_cCFv
801416C0:checkBoarRun__9daPy_py_cCFv
80141534:checkBoarSingleBattle__9daPy_py_cCFv
800A4C00:checkBoarStart__9daAlink_cFv
80105B48:checkBoardRestart__9daAlink_cFv
800CF294:checkBoardRide__9daAlink_cCFv
80097898:checkBoardRide__9daPy_py_cCFv
80106650:checkBoardSwordTriggerAction__9daAlink_cFv
800CE760:checkBodyAngleX__9daAlink_cFs
80033BEC:checkBombBag__17dSv_player_item_cFUc
8015EA94:checkBombItem__9daPy_py_cFi
800E0478:checkBoomerangAnime__9daAlink_cCFv
800E02F0:checkBoomerangCarry__9daAlink_cFP10fopAc_ac_c
800E0DC4:checkBoomerangCatchAction__9daAlink_cFv
800E027C:checkBoomerangChargeEnd__9daAlink_cFv
8015F914:checkBoomerangChargeTime__9daPy_py_cFv
8015F8E8:checkBoomerangCharge__9daPy_py_cFv
800E0018:checkBoomerangLockAccept__9daAlink_cFv
800E04E4:checkBoomerangThrowAnime__9daAlink_cCFv
800E2554:checkBootsMoveAnime__9daAlink_cFi
800BB490:checkBootsOrArmorHeavy__9daAlink_cCFv
80141938:checkBootsOrArmorHeavy__9daPy_py_cCFv
800E01D8:checkBossBabaRoom__9daAlink_cFv
80108A20:checkBossOctaIealRoom__9daAlink_cFv
800C0300:checkBossRoom__9daAlink_cFv
800D0670:checkBottleDrinkEnd__9daAlink_cCFv
80141678:checkBottleDrinkEnd__9daPy_py_cCFv
8015EAD4:checkBottleItem__9daPy_py_cFi
800D052C:checkBottleSwingMode__9daAlink_cCFv
80141600:checkBottleSwingMode__9daPy_py_cCFv
800336E0:checkBottle__17dSv_player_item_cFUc
800DE7B8:checkBowAndSlingItem__9daAlink_cFi
800DEA20:checkBowAnime__9daAlink_cCFv
800DE8BC:checkBowCameraArrowPosP__9daAlink_cFPsPs
800DFC00:checkBowGrabLeftHand__9daAlink_cCFv
8015EBDC:checkBowItem__9daPy_py_cFi
800DE9F0:checkBowReadyAnime__9daAlink_cCFv
80141670:checkBubbleFly__9daPy_py_cCFv
80072138:checkButton__12dAttention_cFv
801FD5E0:checkCStickTrigger__5dMw_cFv
802E3F98:checkCallback__19JUTGamePadLongPressFiUl
80182888:checkCameraLargeDamage__9daAlink_cCFv
800D0A7C:checkCanoeFishingGetLeft__9daAlink_cCFv
80141870:checkCanoeFishingGetLeft__9daPy_py_cCFv
800D0AA4:checkCanoeFishingGetRight__9daAlink_cCFv
80141878:checkCanoeFishingGetRight__9daPy_py_cCFv
800F3F70:checkCanoeFishingRodGrabOrPut__9daAlink_cCFv
800F4040:checkCanoeJumpRide__9daAlink_cFv
800F3EF0:checkCanoePaddleGrab__9daAlink_cCFP10fopAc_ac_c
800F3D30:checkCanoeRideTandem__9daAlink_cFv
800CF2A8:checkCanoeRide__9daAlink_cCFv
80097890:checkCanoeRide__9daPy_py_cCFv
800A4C78:checkCanoeStart__9daAlink_cFv
8015F6E4:checkCarryStartLightBallA__9daPy_py_cFv
8015F77C:checkCarryStartLightBallB__9daPy_py_cFv
800C06B0:checkCastleTownUseItem__9daAlink_cFUs
800C0390:checkCastleTown__9daAlink_cFv
800D70D8:checkCaughtEscapeCutTurn__9daAlink_cFv
800E7C08:checkChainBlockPushPull__9daAlink_cFv
801415E8:checkChainBlockPushPull__9daPy_py_cFv
800E79CC:checkChainEmphasys__9daAlink_cFv
8014CCCC:checkChangeEvt__8daNpcT_cFv
8014CC8C:checkChangeJoint__8daNpcT_cFi
80228CC4:checkCharInfoCharactor__Fi
80108900:checkChaseHookshot__9daAlink_cFv
800FE090:checkClimbCode__9daAlink_cFR13cBgS_PolyInfo
800FED88:checkClimbGround__9daAlink_cFP4cXyzf
800FE720:checkClimbMoveSideProc__9daAlink_cFi
800FE5D8:checkClimbMoveUpDownProc__9daAlink_cFi
800D0710:checkClimbMove__9daAlink_cCFv
801416B0:checkClimbMove__9daPy_py_cCFv
800FECA8:checkClimbRoof__9daAlink_cFf
800C03D8:checkCloudSea__9daAlink_cFv
800BE2A4:checkCoachGuardGame__9daAlink_cFv
80182860:checkCokkoGlide__9daAlink_cCFv
801EED98:checkCombineBomb__12dMenu_Ring_cFi
800D148C:checkComboCnt__9daAlink_cFv
800D06E8:checkComboCutTurn__9daAlink_cCFv
801416A8:checkComboCutTurn__9daPy_py_cCFv
800D21C0:checkComboReserb__9daAlink_cFv
801413D4:checkCommandCatch__11dEvt_info_cFv
8014149C:checkCommandDoor__11dEvt_info_cFv
802DE194:checkCompressed__9JKRDecompFPUc
80197630:checkController__13dShopSystem_cFUcP10dMsgFlow_c
800E1568:checkCopyRodAnime__9daAlink_cCFv
800D0A68:checkCopyRodEquip__9daAlink_cCFv
80141980:checkCopyRodEquip__9daPy_py_cCFv
80182B10:checkCopyRodThrowAfter__9daPy_py_cCFv
800E1494:checkCopyRodTopUse__9daAlink_cFv
80141978:checkCopyRodTopUse__9daPy_py_cFv
8015D3BC:checkCountTimer__8daItem_cFv
800EC84C:checkCowGame__9daAlink_cFv
800F8B38:checkCrawlInHoll__9daAlink_cFP4cXyzP4cXyzP4cXyzi
800F8738:checkCrawlSideWall__9daAlink_cFP4cXyzP4cXyzP4cXyzP4cXyzPsPs
8014A0A8:checkCullDraw__8daNpcT_cFv
800D23F8:checkCutAction__9daAlink_cFv
800D2C8C:checkCutAtnActorChange__9daAlink_cFv
800D28C8:checkCutBackState__9daAlink_cFv
800D2798:checkCutCancelNextMode__9daAlink_cFi
800D06AC:checkCutCharge__9daAlink_cCFv
80141688:checkCutCharge__9daPy_py_cCFv
800D0F04:checkCutDashAnime__9daAlink_cCFv
800D0F34:checkCutDashEnemyHit__9daAlink_cFR12dCcD_GObjInf
800D1118:checkCutFastReady__9daAlink_cFv
800D1064:checkCutFinishJumpUp__9daAlink_cFv
801828D4:checkCutHeadProc__9daAlink_cCFv
800D292C:checkCutHeadState__9daAlink_cFv
800D07DC:checkCutJumpCancelTurn__9daAlink_cCFv
80088174:checkCutJumpCancelTurn__9daPy_py_cCFv
800B6A04:checkCutJumpInFly__9daAlink_cFv
800D0A00:checkCutJumpMode__9daAlink_cCFv
80141988:checkCutJumpMode__9daPy_py_cCFv
800D7018:checkCutLandDamage__9daAlink_cFv
800D06C0:checkCutLargeJumpCharge__9daAlink_cCFv
80141698:checkCutLargeJumpCharge__9daPy_py_cCFv
800D2AF4:checkCutLargeTurnState__9daAlink_cCFv
800D19B0:checkCutReverseAt__9daAlink_cFP12dCcD_GObjInf
800D0218:checkCutTurnCharge__9daAlink_cCFv
800D26BC:checkCutTurnCharge__9daAlink_cFv
80141690:checkCutTurnCharge__9daPy_py_cCFv
800D23A0:checkCutTurnInputTrigger__9daAlink_cFv
800D141C:checkCutTurnInput__9daAlink_cCFv
800D13E4:checkCutTypeNoBlur__9daAlink_cCFv
80251204:checkDakuon__7dName_cFiUc
800D7C78:checkDamageAction__9daAlink_cFv
800A7A94:checkDashAnime__9daAlink_cCFv
802B8B74:checkDayTime__11Z2StatusMgrFv
80118DB4:checkDeadAction__9daAlink_cFi
80118CD0:checkDeadHP__9daAlink_cFv
80115EF8:checkDemoAction__9daAlink_cFv
80116E98:checkDemoMoveMode__9daAlink_cCFUl
80040710:checkDispDoorS__19renderingPlusDoor_cFiif
80073878:checkDistance__12dAttention_cFP4cXyzsP4cXyzffff
800D281C:checkDoCutAction__9daAlink_cFv
8029F628:checkDone__15JASAudioReseterCFv
800D2A0C:checkDownAttackState__9daAlink_cFv
80037D68:checkDownDamage__10e_wb_classFv
800325A0:checkDownTrigger__9STControlFv
800D0B70:checkDragonHangRide__9daAlink_cCFv
80141904:checkDragonHangRide__9daPy_py_cCFv
801CD024:checkDrawPortalIcon__12dMenu_Fmap_cFii
8015EB24:checkDrinkBottleItem__9daPy_py_cFi
8015EC74:checkDungeonWarpItem__9daPy_py_cFi
800C0348:checkDungeon__9daAlink_cFv
800D04F0:checkElecDamage__9daAlink_cCFv
801415F0:checkElecDamage__9daPy_py_cCFv
800D7AD0:checkElecReturnDamage__9daAlink_cFR12dCcD_GObjInfPP10fopAc_ac_c
800D0504:checkEmptyBottleSwing__9daAlink_cCFv
801415F8:checkEmptyBottleSwing__9daPy_py_cCFv
800337EC:checkEmptyBottle__17dSv_player_item_cFv
8014F214:checkEndAnm__11daBaseNpc_cFP12J3DFrameCtrl
8014F194:checkEndAnm__11daBaseNpc_cFf
80148E1C:checkEndAnm__8daNpcT_cFP12J3DFrameCtrlf
80148D5C:checkEndAnm__8daNpcT_cFf
80182DE8:checkEndMessage__12daTagMwait_cFv
801187EC:checkEndMessage__9daAlink_cFUl
80141540:checkEndResetFlg0__9daPy_py_cCFQ29daPy_py_c11daPy_ERFLG0
8014138C:checkEndResetFlg1__9daPy_py_cCFQ29daPy_py_c11daPy_ERFLG1
801411DC:checkEndResetFlg2__9daPy_py_cCFQ29daPy_py_c11daPy_ERFLG2
80145A70:checkEndSequence__22daNpcT_MotionSeqMngr_cFv
800DC580:checkEnemyGroup__9daAlink_cFP10fopAc_ac_c
800B9378:checkEquipAnime__9daAlink_cCFv
801412FC:checkEquipHeavyBoots__9daPy_py_cCFv
8024BD8C:checkEventRender__10dMsgFlow_cFPiPiPiPi
80115C58:checkEventRun__9daAlink_cCFv
801EE984:checkExplainForce__12dMenu_Ring_cFv
80295A58:checkExport__12JASTrackPortCFUl
800D07D4:checkFastShotTime__9daAlink_cFv
801417DC:checkFastShotTime__9daPy_py_cFv
800B9824:checkFastUnequip__9daAlink_cFv
80159864:checkFearSituation__10daNpcCd2_cFv
800C02BC:checkField__9daAlink_cFv
80118B08:checkFinalBattle__9daAlink_cFv
801417EC:checkFireMaterial__9daPy_py_cCFv
802BCA00:checkFirstWaves__10Z2SceneMgrFv
800F3D90:checkFishingRodAndLureItem__9daAlink_cCFv
800F3E84:checkFishingRodGrab__9daAlink_cCFP10fopAc_ac_c
8015EA6C:checkFishingRodItem__9daPy_py_cFi
80031FCC:checkFlowerBombWait__7dBomb_cFP10fopAc_ac_c
801181A8:checkFlyAtnWait__9daAlink_cFv
800D0058:checkFmChainGrabAnime__9daAlink_cCFv
801416C8:checkFmChainPut__9daPy_py_cCFv
801620D4:checkForceLockTarget__9dCamera_cFv
80141A50:checkForceNormalColor__9daMidna_cCFv
800D20EC:checkForceSwordSwing__9daAlink_cFv
80141A5C:checkForceTiredColor__9daMidna_cCFv
800E1440:checkForestOldCentury__9daAlink_cFv
800D0400:checkFrontRoll__9daAlink_cCFv
8001E128:checkFrontRoll__9daPy_py_cCFv
800B6A68:checkFrontWallTypeAction__9daAlink_cFv
800E82E8:checkGoatCatchActor__9daAlink_cFP10fopAc_ac_c
800D057C:checkGoatThrowAfter__9daAlink_cCFv
80141618:checkGoatThrowAfter__9daPy_py_cCFv
800D0554:checkGoatThrow__9daAlink_cCFv
80141610:checkGoatThrow__9daPy_py_cCFv
800D060C:checkGoronRideWait__9daAlink_cCFv
80141648:checkGoronRideWait__9daPy_py_cCFv
800A22B8:checkGoronRide__9daAlink_cFv
80182A5C:checkGoronSideMove__9daPy_py_cCFv
800E3CD4:checkGrabAnimeAndThrow__9daAlink_cCFv
800E3CA4:checkGrabAnime__9daAlink_cCFv
800E3D2C:checkGrabCarryActor__9daAlink_cFv
800E3DA4:checkGrabHeavyActor__9daAlink_cFv
800E3924:checkGrabLineCheck__9daAlink_cFv
800E5188:checkGrabNotThrow__9daAlink_cFv
800E3F58:checkGrabRooster__9daAlink_cFv
800E3DCC:checkGrabSideActor__9daAlink_cFv
800E3D54:checkGrabSlowMoveActor__9daAlink_cFv
8011830C:checkGrabTalkActor__9daAlink_cFP10fopAc_ac_c
800E3C54:checkGrabThrowAnime__9daAlink_cCFv
800D073C:checkGrassWhistle__9daAlink_cCFv
801416B8:checkGrassWhistle__9daPy_py_cCFv
80168038:checkGroundInfo__9dCamera_cFv
800B9F88:checkGroundSpecialMode__9daAlink_cFv
800C014C:checkGroupItem__9daAlink_cCFii
800DCF9C:checkGuardAccept__9daAlink_cFv
800DC6B0:checkGuardActionChange__9daAlink_cFv
800D04A0:checkGuardBreakMode__9daAlink_cCFv
801415D0:checkGuardBreakMode__9daPy_py_cCFv
800FA600:checkHangFootWall__9daAlink_cFv
800FA894:checkHangStartSideWall__9daAlink_cFs
800D0540:checkHawkWait__9daAlink_cCFv
80141608:checkHawkWait__9daPy_py_cCFv
800BB4F0:checkHeavyStateOn__9daAlink_cFii
8015EC04:checkHookshotItem__9daPy_py_cFi
80109074:checkHookshotReadyMaterialOffMode__9daAlink_cCFv
80108638:checkHookshotReturnMode__9daAlink_cCFv
801418E0:checkHookshotReturnMode__9daPy_py_cCFv
801088D8:checkHookshotRoofLv7Boss__9daAlink_cFv
801086A0:checkHookshotShootReturnMode__9daAlink_cCFv
801418E8:checkHookshotShootReturnMode__9daPy_py_cCFv
801087E8:checkHookshotStickBG__9daAlink_cFR13cBgS_PolyInfo
80108A50:checkHookshotWait__9daAlink_cCFv
800EC814:checkHorseDashAccept__9daAlink_cFv
801416D0:checkHorseElecDamage__9daPy_py_cCFv
800EF6E8:checkHorseGetOffAndSetDoStatus__9daAlink_cFv
800EF1D0:checkHorseGetOffDirection__9daAlink_cFv
800EF120:checkHorseGetOffWallCheck__9daAlink_cFP4cXyzP4cXyzs
800EF5D0:checkHorseGetOff__9daAlink_cFv
800ECF3C:checkHorseLieAnime__9daAlink_cCFv
800ED0AC:checkHorseNoUpperAnime__9daAlink_cCFv
800ECDC8:checkHorseNotDamageReaction__9daAlink_cCFv
800ED228:checkHorseNotGrab__9daAlink_cCFv
800ECE24:checkHorseReinLeftOnly__9daAlink_cCFv
800D0764:checkHorseRideNotReady__9daAlink_cCFv
801417C4:checkHorseRideNotReady__9daPy_py_cCFv
800CF2BC:checkHorseRide__9daAlink_cCFv
8001E130:checkHorseRide__9daPy_py_cCFv
800EDEC4:checkHorseServiceWaitAnime__9daAlink_cFv
800EDDA4:checkHorseSpecialProc__9daAlink_cFv
800A552C:checkHorseStart__9daAlink_cFUli
800D01E0:checkHorseStart__9daAlink_cFv
80141960:checkHorseStart__9daPy_py_cFv
800ECF94:checkHorseSubjectivity__9daAlink_cCFv
800EEE68:checkHorseSwordUpSpped__9daAlink_cFv
800ECDFC:checkHorseWaitLashAnime__9daAlink_cCFv
800EC7A4:checkHorseZeldaBowMode__9daAlink_cFv
800D7C20:checkHugeAttack__9daAlink_cCFi
800D77A0:checkIcePolygonDamage__9daAlink_cFP13cBgS_PolyInfo
80295A3C:checkImport__12JASTrackPortCFUl
800E70F8:checkInsectActorName__9daAlink_cFP10fopAc_ac_c
8003201C:checkInsectBombMove__7dBomb_cFP10fopAc_ac_c
80033754:checkInsectBottle__17dSv_player_item_cFv
80295FA8:checkIntr__10JASSeqCtrlFv
8011511C:checkIronBallAnime__9daAlink_cCFv
80112660:checkIronBallDelete__9daAlink_cFv
8011255C:checkIronBallGroundStop__9daAlink_cCFv
80141760:checkIronBallGroundStop__9daPy_py_cCFv
80113CD8:checkIronBallReturnChange__9daAlink_cFv
80112534:checkIronBallReturn__9daAlink_cCFv
80141758:checkIronBallReturn__9daPy_py_cCFv
801124AC:checkIronBallThrowMode__9daAlink_cCFv
801124EC:checkIronBallThrowReturnMode__9daAlink_cCFv
800B6F60:checkItemActionInitStart__9daAlink_cFv
800B89C0:checkItemAction__9daAlink_cFv
800B731C:checkItemActorPointer__9daAlink_cFv
800B7560:checkItemButtonChange__9daAlink_cFv
800B70C8:checkItemChangeAutoAction__9daAlink_cFv
800B9984:checkItemChangeFromButton__9daAlink_cFv
800CB630:checkItemDraw__9daAlink_cFv
800B9330:checkItemEquipAnime__9daAlink_cCFv
80097F20:checkItemGet__FUci
800C0240:checkItemSetButton__9daAlink_cFi
800D09D0:checkItemSwordEquip__9daAlink_cCFv
80141948:checkItemSwordEquip__9daPy_py_cCFv
80182D94:checkJump__9daHorse_cCFv
80110CA4:checkKandelaarEquipAnime__9daAlink_cCFv
801108EC:checkKandelaarSwing__9daAlink_cCFi
801417F4:checkKandelaarSwing__9daPy_py_cCFi
800FD61C:checkLadderFall__9daAlink_cFv
800B5D04:checkLandAction__9daAlink_cFi
8010B884:checkLandHookshotHang__9daAlink_cFv
800D7C4C:checkLargeAttack__9daAlink_cCFi
8019AB20:checkLeftTrigger__13dShopSystem_cFP9STControl
801E3DD8:checkLeftTrigger__14dMenu_Option_cFv
8003242C:checkLeftTrigger__9STControlFv
8011E410:checkLetterItem__9daAlink_cFi
800D0E40:checkLightSwordMtrl__9daAlink_cFv
802CD828:checkLine__13Z2WolfHowlMgrFv
800C0484:checkLv2DungeonRoomSpecial__9daAlink_cFv
800B1FF0:checkLv2MiddleBossBgRide__9daAlink_cFs
800D04B4:checkLv3Slide__9daAlink_cCFv
801415D8:checkLv3Slide__9daPy_py_cCFv
8010DB34:checkLv4BossRoom__9daAlink_cFv
800E1318:checkLv6BossRoom__9daAlink_cFv
801087BC:checkLv7BossRoom__9daAlink_cFv
8011EE78:checkLv7DungeonShop__9daAlink_cFv
800BB440:checkMagicArmorHeavy__9daAlink_cCFv
800D7800:checkMagicArmorNoDamage__9daAlink_cFv
800BFE34:checkMagicArmorWearAbility__9daAlink_cCFv
80031BF4:checkMagneA__12daTagMagne_cFv
80031C48:checkMagneB__12daTagMagne_cFv
800E2FC0:checkMagneBootsFly__9daAlink_cFv
80141518:checkMagneBootsOn__9daPy_py_cCFv
80031C9C:checkMagneC__12daTagMagne_cFv
80031B50:checkMagnetCode__12daTagMagne_cFR13cBgS_PolyInfo
8015F3E4:checkMasterSwordEquip__9daPy_py_cFv
801FD7CC:checkMemSize__5dMw_cFv
800D0A24:checkMetamorphose__9daAlink_cCFv
80141928:checkMetamorphose__9daPy_py_cCFv
800D6DFC:checkMiddleBossGoronRoom__9daAlink_cFv
801371EC:checkMidnaDisappearMode__9daAlink_cCFv
80133F3C:checkMidnaLockJumpPoint__9daAlink_cCFv
800977F4:checkMidnaRide__9daPy_py_cCFv
80141A68:checkMidnaTired__9daMidna_cFv
801299A4:checkMidnaUseAbility__9daAlink_cCFv
800D01C4:checkModeFlg__9daAlink_cCFUl
800B9050:checkMoveDoAction__9daAlink_cFv
8020ECCC:checkMoveStatus__11dMeterMap_cFv
800C0AD4:checkNewItemChange__9daAlink_cFUc
801065C4:checkNextActionBoard__9daAlink_cFv
800E0C1C:checkNextActionBoomerang__9daAlink_cFv
800DF84C:checkNextActionBow__9daAlink_cFv
800F495C:checkNextActionCanoe__9daAlink_cFv
800E1C7C:checkNextActionCopyRod__9daAlink_cFv
800B9D64:checkNextActionFromButton__9daAlink_cFv
800BAF40:checkNextActionFromCrouch__9daAlink_cFi
800E51A8:checkNextActionGrab__9daAlink_cFv
80109600:checkNextActionHookshot__9daAlink_cFv
800EF488:checkNextActionHorse__9daAlink_cFv
80115430:checkNextActionIronBall__9daAlink_cFv
80100924:checkNextActionRoofHang__9daAlink_cFv
80102A00:checkNextActionSwim__9daAlink_cFv
80137300:checkNextActionWolfFromLie__9daAlink_cFv
80129B90:checkNextActionWolf__9daAlink_cFi
800BA108:checkNextAction__9daAlink_cFi
8010B758:checkNextHookPoint__9daAlink_cFv
80182DC4:checkNoAttention__12daTagMhint_cCFv
80182DB0:checkNoAttention__12daTagMstop_cCFv
800AA620:checkNoCollisionCorret__9daAlink_cFv
800977E8:checkNoDraw__9daMidna_cCFv
800D0884:checkNoEquipItem__9daAlink_cCFv
801417E4:checkNoEquipItem__9daPy_py_cCFv
800D6F64:checkNoLandDamageSlidePolygon__9daAlink_cFv
8014145C:checkNoResetFlg0__9daPy_py_cCFQ29daPy_py_c9daPy_FLG0
8014150C:checkNoResetFlg2__9daPy_py_cCFQ29daPy_py_c9daPy_FLG2
80141220:checkNoResetFlg3__9daPy_py_cCFQ29daPy_py_c9daPy_FLG3
800CE2CC:checkNoSubjectModeCamera__9daAlink_cFv
800B928C:checkNoUpperAnime__9daAlink_cCFv
800B83AC:checkNormalAction__9daAlink_cFv
80037D94:checkNormalRideMode__10e_wb_classCFv
800C0668:checkNotAutoJumpStage__9daAlink_cFv
800C05CC:checkNotBattleStage__9daAlink_cFv
800F8A18:checkNotCrawlStand__9daAlink_cFP4cXyz
800F8A88:checkNotCrawlStand__9daAlink_cFP4cXyzP4cXyz
800C0614:checkNotHeavyBootsStage__9daAlink_cFv
800B1BA0:checkNotItemSinkLimit__9daAlink_cFv
800B1B60:checkNotJumpSinkLimit__9daAlink_cFv
80294650:checkNoteStop__8JASTrackCFUl
8015F470:checkNowWolfEyeUp__9daPy_py_cFv
8015A430:checkObstacleSub__11PathTrace_cFP10fopAc_ac_c
8015A3BC:checkObstacle__11PathTrace_cFP10fopAc_ac_c
800D0B00:checkOctaIealHang__9daAlink_cCFv
801418F0:checkOctaIealHang__9daPy_py_cCFv
801089B8:checkOctaIealSpecialCollect__9daAlink_cFv
8010E5BC:checkOilBottleItemNotGet__9daAlink_cFUs
8015EB8C:checkOilBottleItem__9daPy_py_cFi
802D46E4:checkOkAddress__7JKRAramFPUcUlP12JKRAramBlockUl
800B9308:checkOneHandItemEquipAnime__9daAlink_cCFv
8015EBB4:checkOpenBottleItem__9daPy_py_cFi
8024BAA4:checkOpenDoor__10dMsgFlow_cFP10fopAc_ac_cPi
8044AB30:checkOptionalCommand
80101B7C:checkOxygenTimer__9daAlink_cFv
8032A8C8:checkPass__12J3DFrameCtrlFf
80159E0C:checkPathEnd__11PathTrace_cF4cXyzf
800D03EC:checkPlayerFly__9daAlink_cCFv
800774D4:checkPlayerFly__9daPy_py_cCFv
8015D418:checkPlayerGet__8daItem_cFv
800DCF3C:checkPlayerGuardAndAttack__9daAlink_cCFv
800DCEA4:checkPlayerGuard__9daAlink_cCFv
801415B0:checkPlayerGuard__9daPy_py_cCFv
800CF37C:checkPlayerNoDraw__9daAlink_cFv
80141718:checkPlayerNoDraw__9daPy_py_cFv
801D7A08:checkPlayerWarpAccept__17dMenu_Fmap2DTop_cFv
80141770:checkPointSubWindowMode__9daPy_py_cCFv
80159C60:checkPoint__11PathTrace_cF4cXyzf
800D7858:checkPolyDamage__9daAlink_cFv
80101CF0:checkPossibleWaterInMode__9daAlink_cCFv
800D0980:checkPriActorOwn__9daAlink_cCFPC10fopAc_ac_c
80141824:checkPriActorOwn__9daPy_py_cCFPC10fopAc_ac_c
80258510:checkProgSelect__10dScnLogo_cFv
800E8180:checkPullBehindWall__9daAlink_cFv
800E80DC:checkPushPullTurnBlock__9daAlink_cFv
800B9048:checkRAction__9daAlink_cFv
800B8968:checkReadyItem__9daAlink_cFv
800EC930:checkReinRideBgCheck__9daAlink_cFv
800D0124:checkReinRide__9daAlink_cCFv
8014CC84:checkRemoveJoint__8daNpcT_cFi
800B47B4:checkRequestTalkActor__9daAlink_cFP10dAttList_cP10fopAc_ac_c
802E3108:checkResetCallback__10JUTGamePadFx
80141444:checkResetFlg0__9daPy_py_cCFQ29daPy_py_c10daPy_RFLG0
802E3440:checkResetSwitch__10JUTGamePadFv
800B341C:checkRestHPAnime__9daAlink_cFv
80118B6C:checkRestartDead__9daAlink_cFii
800BE41C:checkRestartRoom__9daAlink_cFv
800CFEE8:checkRideOn__9daAlink_cCFv
80182B24:checkRide__9daPy_py_cCFv
8019AB44:checkRightTrigger__13dShopSystem_cFP9STControl
801E3DFC:checkRightTrigger__14dMenu_Option_cFv
800324A8:checkRightTrigger__9STControlFv
800D05F8:checkRollJump__9daAlink_cCFv
80141640:checkRollJump__9daPy_py_cCFv
801006A0:checkRoofHangMovePos__9daAlink_cFv
800BE2F8:checkRoofRestart__9daAlink_cFv
800244E8:checkRoomDisp__20dStage_roomControl_cCFi
800C0420:checkRoomOnly__9daAlink_cFv
8015F6AC:checkRoomRestartStart__9daPy_py_cFv
800C04EC:checkRoomSpecial__9daAlink_cFv
800C0558:checkRoom__9daAlink_cFv
80141720:checkRopeTag__9daPy_py_cFv
800BEB30:checkSceneChange__9daAlink_cFi
800B47EC:checkServiceWaitMode__9daAlink_cFv
800E78CC:checkSetChainPullAnime__9daAlink_cFs
800C019C:checkSetItemTrigger__9daAlink_cFi
80115D40:checkSetNpcTks__9daAlink_cFP4cXyzii
80141790:checkSetNpcTks__9daPy_py_cFP4cXyzii
800DC614:checkShieldAttackEmphasys__9daAlink_cFv
800CB574:checkShieldDraw__9daAlink_cFv
8014125C:checkShieldGet__9daPy_py_cFv
8019AAE4:checkShopOpen__13dShopSystem_cFv
800B9180:checkSideRollAction__9daAlink_cFi
800D044C:checkSideStep__9daAlink_cCFv
801415C0:checkSideStep__9daPy_py_cCFv
800BF538:checkSightLine__9daAlink_cFfP4cXyz
802FACD0:checkSignature__9J2DScreenFP20JSURandomInputStream
800D080C:checkSingleBoarBattleSecondBowReady__9daAlink_cCFv
80141768:checkSingleBoarBattleSecondBowReady__9daPy_py_cCFv
800D09EC:checkSinkDead__9daAlink_cCFv
80141958:checkSinkDead__9daPy_py_cCFv
800B5FA4:checkSlideAction__9daAlink_cFv
800B2224:checkSlope__9daAlink_cCFv
800D0080:checkSmallUpperGuardAnime__9daAlink_cCFv
80105AF4:checkSnowCodePolygon__9daAlink_cFR13cBgS_PolyInfo
80105AD0:checkSnowCode__9daAlink_cCFv
800D0170:checkSpecialDemoMode__9daAlink_cCFv
800DC5DC:checkSpecialNpc__9daAlink_cFP10fopAc_ac_c
8010DAD0:checkSpinnerPathMove__9daAlink_cFv
8014184C:checkSpinnerPathMove__9daPy_py_cFv
8015F860:checkSpinnerReflectEffect__9daPy_py_cFv
800CF300:checkSpinnerRide__9daAlink_cCFv
800978A0:checkSpinnerRide__9daPy_py_cCFv
8010DB60:checkSpinnerTriggerAttack__9daAlink_cFv
80141854:checkSpinnerTriggerAttack__9daPy_py_cFv
801CB5E4:checkStRoomData__12dMenu_Fmap_cFv
8009DA98:checkStageName__9daAlink_cFPCc
80262E44:checkStartAnimeEnd__21dDlst_TimerScrnDraw_cFv
8004882C:checkStartDemo__16dEvent_manager_cFv
80031F94:checkStateCarry__7dBomb_cFv
8021FF08:checkStatus__9dMeter2_cFv
80223F2C:checkSubContents__9dMeter2_cFv
800CE660:checkSubjectAction__9daAlink_cFv
800CEC10:checkSubjectEnd__9daAlink_cFi
800EA87C:checkSumouVsActor__9daAlink_cFv
800D02B4:checkSumouWithstand__9daAlink_cCFv
801418A8:checkSumouWithstand__9daPy_py_cCFv
80102B54:checkSwimAction__9daAlink_cFi
80103F18:checkSwimButtonAccept__9daAlink_cFv
80103F5C:checkSwimButtonMove__9daAlink_cFv
801033D0:checkSwimFall__9daAlink_cFv
80104020:checkSwimNeckUpDown__9daAlink_cCFv
80103404:checkSwimOutAction__9daAlink_cFv
80103090:checkSwimUpAction__9daAlink_cFv
800CB4B8:checkSwordDraw__9daAlink_cFv
800D0ED0:checkSwordEquipAnime__9daAlink_cCFv
80141424:checkSwordGet__9daPy_py_cFv
800B73C8:checkSwordTwirlAction__9daAlink_cFv
800B9404:checkSwordTwirlAnime__9daAlink_cCFv
80182A2C:checkThrowDamage__9daPy_py_cCFv
8015EC24:checkTradeItem__9daPy_py_cFi
8009BE68:checkTreasureBox__7dTres_cFPQ27dTres_c6data_s
8011A734:checkTreasureRupeeReturn__9daAlink_cCFi
8014188C:checkTreasureRupeeReturn__9daPy_py_cCFi
8023F670:checkTriggerA__17dMsgScrnExplain_cFv
8023F684:checkTriggerB__17dMsgScrnExplain_cFv
8003219C:checkTrigger__9STControlFv
80182D68:checkTurnStandCamera__9daHorse_cCFv
80128858:checkUnderMove0BckNoArcWolf__9daAlink_cCFQ29daAlink_c12daAlink_WANM
800AC590:checkUnderMove0BckNoArc__9daAlink_cCFQ29daAlink_c11daAlink_ANM
800AC5EC:checkUnderMove1BckNoArc__9daAlink_cCFQ29daAlink_c11daAlink_ANM
80103F40:checkUpSwimButtonAccept__9daAlink_cFv
80032524:checkUpTrigger__9STControlFv
800E57E4:checkUpperGrabItemThrow__9daAlink_cFf
800DCE28:checkUpperGuardAnime__9daAlink_cCFv
800E0B90:checkUpperItemActionBoomerangFly__9daAlink_cFv
800E0AD4:checkUpperItemActionBoomerang__9daAlink_cFv
800DF7D0:checkUpperItemActionBowFly__9daAlink_cFv
800DF0F4:checkUpperItemActionBow__9daAlink_cFv
800E1BEC:checkUpperItemActionCopyRodFly__9daAlink_cFv
800E1B14:checkUpperItemActionCopyRod__9daAlink_cFv
800B74EC:checkUpperItemActionFly__9daAlink_cFv
801092BC:checkUpperItemActionHookshot__9daAlink_cFv
8011528C:checkUpperItemActionIronBall__9daAlink_cFv
800B7624:checkUpperItemAction__9daAlink_cFv
800BAFB8:checkUpperReadyThrowAnime__9daAlink_cCFv
801108B4:checkUseKandelaar__9daAlink_cFi
80141814:checkUseKandelaar__9daPy_py_cFi
802762D8:checkUserIndexDuplication__18JPAResourceManagerCFUs
80034644:checkVibration__19dSv_player_config_cCFv
800B5924:checkWaitAction__9daAlink_cFv
80037C7C:checkWait__10e_wb_classFv
801D7BCC:checkWarpAcceptCannon__17dMenu_Fmap2DTop_cFv
801D7B28:checkWarpAcceptRegion4__17dMenu_Fmap2DTop_cFv
801D7A7C:checkWarpAcceptRegion__17dMenu_Fmap2DTop_cFi
8011FA24:checkWarpStart__9daAlink_cFv
80031FF4:checkWaterBomb__7dBomb_cFP10fopAc_ac_c
801107C4:checkWaterInKandelaarOffset__9daAlink_cFf
801107F4:checkWaterInKandelaar__9daAlink_cFf
80050CC4:checkWaterIn__7dPaPo_cFP4cXyzPC4cXyzPC12dKy_tevstr_cUlScff
800B14C0:checkWaterPolygonUnder__9daAlink_cFv
800B93D0:checkWindDashAnime__9daAlink_cCFv
800A7A24:checkWindSpeedOnAngleAnime__9daAlink_cCFi
800A7988:checkWindSpeedOnAngle__9daAlink_cCFv
800A7AF4:checkWindWallRate__9daAlink_cFRC4cXyz
8012C354:checkWolfAtnDoCharge__9daAlink_cFv
80128F58:checkWolfAtnMoveBack__9daAlink_cFs
801287E4:checkWolfAtnWait__9daAlink_cFv
801393F0:checkWolfAttackAction__9daAlink_cFv
8012A274:checkWolfAttackReverse__9daAlink_cFi
8012A37C:checkWolfBarrierHitReverse__9daAlink_cFv
8012A468:checkWolfBarrierWallHit__9daAlink_cFR13cBgS_PolyInfo
800D0620:checkWolfChain__9daAlink_cCFv
80141650:checkWolfChain__9daPy_py_cCFv
80139330:checkWolfComboCnt__9daAlink_cFv
800D0414:checkWolfDash__9daAlink_cCFv
8001E120:checkWolfDash__9daPy_py_cCFv
800D0698:checkWolfDig__9daAlink_cCFv
80141680:checkWolfDig__9daPy_py_cCFv
800D0A4C:checkWolfDownAttackPullOut__9daAlink_cCFv
80141930:checkWolfDownAttackPullOut__9daPy_py_cCFv
800D0994:checkWolfEnemyBiteAllOwn__9daAlink_cCFPC10fopAc_ac_c
80141834:checkWolfEnemyBiteAllOwn__9daPy_py_cCFPC10fopAc_ac_c
80138C90:checkWolfEnemyThrowAction__9daAlink_cFv
800D0148:checkWolfEnemyThrowAnime__9daAlink_cCFv
80129ACC:checkWolfGroundSpecialMode__9daAlink_cFv
800D04DC:checkWolfHowlDemoMode__9daAlink_cCFv
801415E0:checkWolfHowlDemoMode__9daPy_py_cCFv
800D0ADC:checkWolfHowlSuccessAnime__9daAlink_cCFv
80141970:checkWolfHowlSuccessAnime__9daPy_py_cCFv
800D0648:checkWolfJumpAttack__9daAlink_cCFv
80141660:checkWolfJumpAttack__9daPy_py_cCFv
801298C8:checkWolfLandAction__9daAlink_cFi
80137444:checkWolfLieCode__9daAlink_cFv
80137248:checkWolfLieContinue__9daAlink_cFi
801397F0:checkWolfLockAttackChargeState__9daAlink_cFv
80139094:checkWolfLockData__9daAlink_cFv
80139168:checkWolfLock__9daAlink_cCFP10fopAc_ac_c
801416EC:checkWolfLock__9daPy_py_cCFP10fopAc_ac_c
800D065C:checkWolfRSit__9daAlink_cCFv
80141668:checkWolfRSit__9daPy_py_cCFv
800D05E4:checkWolfRopeHang__9daAlink_cCFv
80141638:checkWolfRopeHang__9daPy_py_cCFv
8013149C:checkWolfRopeHit__9daAlink_cCFP12dCcD_GObjInfPC4cXyzi
80131674:checkWolfRopeJumpHang__9daAlink_cFv
80131454:checkWolfRope__9daAlink_cFv
80141630:checkWolfRope__9daPy_py_cFv
80127DB4:checkWolfShapeReverse__9daAlink_cCFv
80127E10:checkWolfSideStep__9daAlink_cCFv
80127F6C:checkWolfSlowDash__9daAlink_cFv
800D05D0:checkWolfTagLockJumpLand__9daAlink_cCFv
80141628:checkWolfTagLockJumpLand__9daPy_py_cCFv
800D05A8:checkWolfTagLockJump__9daAlink_cCFv
80141620:checkWolfTagLockJump__9daPy_py_cCFv
800D047C:checkWolfTriggerJump__9daAlink_cCFv
801415C8:checkWolfTriggerJump__9daPy_py_cCFv
801299F4:checkWolfUseAbility__9daAlink_cFv
8012BFF4:checkWolfWaitSlipPolygon__9daAlink_cFv
800D0634:checkWolfWait__9daAlink_cCFv
80141658:checkWolfWait__9daPy_py_cCFv
80141418:checkWolf__9daPy_py_cCFv
800DCA64:checkWoodShieldEquipNotIronBall__9daAlink_cCFv
8015F410:checkWoodShieldEquip__9daPy_py_cFv
8015D45C:checkYogan__8daItem_cFv
800B393C:checkZeroSpeedF__9daAlink_cCFv
80103FCC:checkZoraSwimMove__9daAlink_cFv
800BFDE8:checkZoraWearAbility__9daAlink_cCFv
801018C8:checkZoraWearMaskDraw__9daAlink_cFv
802D262C:check__10JKRExpHeapFv
802D3508:check__12JKRSolidHeapFv
802D38B0:check__13JKRAssertHeapFv
800314D4:check__7daSus_cFP10fopAc_ac_c
80031434:check__7daSus_cFScRC4cXyz
800310C8:check__Q27daSus_c6data_cFP10fopAc_ac_c
80031038:check__Q27daSus_c6data_cFRC4cXyz
80070CE0:check_distace__FP4cXyzsP4cXyzffff
80070B00:check_event_condition__FUlUs
80070B6C:check_flontofplayer__FUlss
8009B804:check_itemno__Fi
802D7C14:check_mount_already__10JKRArchiveFlP7JKRHeap
8016C37C:check_owner_action1__22@unnamed@d_camera_cpp@FUlUl
8016C3B4:check_owner_action__22@unnamed@d_camera_cpp@FUlUl
800172D4:checkspace__15mDoMemCd_Ctrl_cFv
80258210:childPaneBackupAlpha__17CPaneMgrAlphaMorfFP7J2DPane
80257DD8:childPaneCount__13CPaneMgrAlphaFP7J2DPane
80257E44:childPaneGetAlpha__13CPaneMgrAlphaFP7J2DPane
80256390:childPaneGetSize__8CPaneMgrFP7J2DPane
802582A0:childPaneSetAlphaMorf__17CPaneMgrAlphaMorfFP7J2DPanef
80257ED4:childPaneSetAlpha__13CPaneMgrAlphaFP7J2DPaneUc
802564AC:childPaneSetSize__8CPaneMgrFP7J2DPaneff
80153AC4:chkActorInArea__8daNpcF_cFP10fopAc_ac_c4cXyz4cXyzs
80153C28:chkActorInAttnArea__8daNpcF_cFP10fopAc_ac_cP10fopAc_ac_ci
8015477C:chkActorInSight2__8daNpcF_cFP10fopAc_ac_cfs
80153A3C:chkActorInSight__8daNpcF_cFP10fopAc_ac_cf
8014AC1C:chkActorInSight__8daNpcT_cFP10fopAc_ac_cfs
80070AB0:chkAttMask__12dAttention_cFUlUl
80086FFC:chkCameraPoint__4dCcSFRC4cXyzPQ214cCcD_ShapeAttr5ShapeP10fopAc_ac_cP10fopAc_ac_c
80037AF4:chkDead__12daItemBase_cFv
80037ACC:chkDraw__12daItemBase_cFv
80152F10:chkEndAnm__8daNpcF_cFP12J3DFrameCtrlf
80152E70:chkEndAnm__8daNpcF_cFf
8014AE68:chkFindActor__8daNpcT_cFP10fopAc_ac_cis
80154A2C:chkFindPlayer2__8daNpcF_cFis
8014B114:chkFindWolf__8daNpcT_cFsiiffffi
80145190:chkFlag__12daItemBase_cFi
801829CC:chkFlag__9dCamera_cFUl
8003ECA0:chkGetCompass__10dMapInfo_nFv
8003ECD8:chkGetMap__10dMapInfo_nFv
801461D4:chkPassed1__13daNpcT_Path_cF4cXyzi
80146524:chkPassed2__13daNpcT_Path_cF4cXyzP4cXyzii
80150AC8:chkPassedDst__13daNpcF_Path_cF4cXyz
80150A70:chkPassed__13daNpcF_Path_cF4cXyz
8014DAB0:chkPnt__16daBaseNpc_path_cF4cXyz
80154940:chkPointInArea__8daNpcF_cF4cXyz4cXyz4cXyzs
80154880:chkPointInArea__8daNpcF_cF4cXyz4cXyzfffs
8014ADEC:chkPointInArea__8daNpcT_cF4cXyz4cXyz4cXyzs
8014AD3C:chkPointInArea__8daNpcT_cF4cXyz4cXyzfffs
8007EC04:chkPolyThrough__8dBgWKColCFP5dBgPcP16cBgS_PolyPassChkP15cBgS_GrpPassChkR4cXyz
80031D10:chkSaveFlag__12daObjCarry_cFv
80031D8C:chkSttsFlag__12daObjCarry_cFiUc
8014B070:chkWolfAction__8daNpcT_cFv
8014CCE4:chkXYItems__8daNpcT_cFv
8044A7AC:chk_type_num__12dAttention_c
8044A7A8:chk_type_tbl__12dAttention_c
801977C8:chooseItem3__13dShopSystem_cFUc
80198210:chooseItem4__13dShopSystem_cFUc
80197D90:chooseItem5__13dShopSystem_cFUc
8038BDEC:chuchuLocalOffset$41955
8038BDF8:chuchuScale$41956
801EF898:clacEllipseFunction__12dMenu_Ring_cFfff
801EF8FC:clacEllipsePlotAverage__12dMenu_Ring_cFiff
80291ACC:clamp<s,l>__7JASCalcFl
802A07E0:clamp__14JASSoundParamsFv
802FAA44:clean__9J2DScreenFv
8004AD28:cleanupModel__18dPa_modelEcallBackFP14JPABaseEmitter
8004C054:cleanup__13dPa_control_cFv
8004FB8C:cleanup__18dPa_levelEcallBackFv
80050284:cleanup__19dPa_followEcallBackFv
8004B808:cleanup__Q213dPa_control_c7level_cFv
8004A88C:cleanup__Q218dPa_modelEcallBack7model_cFv
8004B5AC:cleanup__Q313dPa_control_c7level_c9emitter_cFv
8039DBA4:clear$2359
802FA4A0:clearAnmTransform__7J2DPaneFv
80053BA0:clearAnmTransform__9J2DScreenFv
8044A798:clearColor$5435
80122F64:clearCutTurnEffectID__9daAlink_cFv
8015ED48:clearData__16daPy_actorKeep_cFv
80275388:clearEfb__10JFWDisplayF8_GXColor
802753CC:clearEfb__10JFWDisplayFiiii8_GXColor
8027535C:clearEfb__10JFWDisplayFv
802752E8:clearEfb_init__10JFWDisplayFv
80124E74:clearFirePointDamageEffect__9daAlink_cFi
802E34C0:clearForReset__10JUTGamePadFv
80051424:clearFourAllID__8dPaPoF_cFv
8005113C:clearID__7dPaPo_cFPUlPUc
801C43FC:clearIconInfo__16dMenuMapCommon_cFv
802E76B0:clearIndex__6JUTXfbFv
8002B394:clearItemBombNumCount__14dComIfG_play_cFUc
802BF1E8:clearMicState__9Z2SpotMicFi
802303C8:clearOutfontLength__26jmessage_string_tReferenceFi
80280784:clearResourceManager__17JPAEmitterManagerFUc
80034CF8:clearRoomItem__13dSv_zoneBit_cFv
80034CEC:clearRoomSwitch__13dSv_zoneBit_cFv
800425B4:clearSkipSystem__14dEvt_control_cFv
80051294:clearTwoAllID__8dPaPoT_cFv
80125608:clearWoodShieldBurnEffect__9daAlink_cFv
802E9A88:clear__10JUTConsoleFv
802E2D6C:clear__10JUTGamePadFv
802E7EFC:clear__10JUTProcBarFv
80328224:clear__12J3DModelDataFv
80331A44:clear__16J3DMaterialTableFv
802E36B8:clear__Q210JUTGamePad6CStickFv
802E34EC:clear__Q210JUTGamePad7CButtonFv
802E3A74:clear__Q210JUTGamePad7CRumbleFP10JUTGamePad
802E3A50:clear__Q210JUTGamePad7CRumbleFv
80041488:clear_tmpflag_for_message__21@unnamed@d_event_cpp@Fv
803BE1A0:clear_z_TX
8042B130:clear_z_tobj
80275D2C:clip__11J3DUClipperCFPA4_Cf3Vecf
80275E74:clip__11J3DUClipperCFPA4_CfP3VecP3Vec
802F9700:clip__7J2DPaneFRCQ29JGeometry8TBox2<f>
80262334:closeAnime__21dDlst_TimerScrnDraw_cFv
80293FE8:closeChild__8JASTrackFUl
801920E4:closeInit__15dFile_warning_cFv
80046DA0:closeProc__16dEvent_manager_cFP12dEvDtEvent_c
8023BFA4:closeProc__17dMsgScrn3Select_cFv
801F22F0:closeSelect2__12dMenu_save_cFv
801F2230:closeSelect__12dMenu_save_cFv
802DBDD4:close__10JKRDvdFileFv
80293EF8:close__8JASTrackFv
8023F46C:close_init__17dMsgScrnExplain_cFv
801DC358:close_init__19dMenu_ItemExplain_cFv
80194010:close_init__8dScope_cFv
8023F478:close_proc__17dMsgScrnExplain_cFv
801DC364:close_proc__19dMenu_ItemExplain_cFv
80194014:close_proc__8dScope_cFv
80144798:clothCreate__12daItemBase_cFv
80061438:cloud_shadow_move__Fv
801829B8:clrFlag__9dCamera_cFUl
80295F20:clrIntrMask__10JASSeqCtrlFUl
8014A370:clrParam__8daNpcT_cFv
8015202C:clrRotAngle__15daNpcF_Lookat_cFv
80031CF8:clrSaveFlag__12daObjCarry_cFv
8044A9E8:cm2hw$539
8044AA48:cm2hw$552
80296FE4:cmdBankPrg__12JASSeqParserFP8JASTrackPUl
80297000:cmdBank__12JASSeqParserFP8JASTrackPUl
80296D4C:cmdBusConnect__12JASSeqParserFP8JASTrackPUl
80296678:cmdCallF__12JASSeqParserFP8JASTrackPUl
802967FC:cmdCallTable__12JASSeqParserFP8JASTrackPUl
8029664C:cmdCall__12JASSeqParserFP8JASTrackPUl
80296BA0:cmdCheckPortExport__12JASSeqParserFP8JASTrackPUl
80296B54:cmdCheckPortImport__12JASSeqParserFP8JASTrackPUl
80296ADC:cmdChildReadPort__12JASSeqParserFP8JASTrackPUl
80296A28:cmdChildWritePort__12JASSeqParserFP8JASTrackPUl
80296620:cmdCloseTrack__12JASSeqParserFP8JASTrackPUl
80296DE4:cmdClrI__12JASSeqParserFP8JASTrackPUl
80296DB8:cmdDisInterrupt__12JASSeqParserFP8JASTrackPUl
802974B8:cmdDump__12JASSeqParserFP8JASTrackPUl
80296C6C:cmdEnvScaleSet__12JASSeqParserFP8JASTrackPUl
80296CBC:cmdEnvSet__12JASSeqParserFP8JASTrackPUl
80296F14:cmdFIRSet__12JASSeqParserFP8JASTrackPUl
80296F04:cmdFinish__12JASSeqParserFP8JASTrackPUl
80446960:cmdFixDevice$327
80296FA0:cmdIIRCutOff__12JASSeqParserFP8JASTrackPUl
80296F4C:cmdIIRSet__12JASSeqParserFP8JASTrackPUl
80296E50:cmdIntTimer__12JASSeqParserFP8JASTrackPUl
80296770:cmdJmpF__12JASSeqParserFP8JASTrackPUl
802967C8:cmdJmpTable__12JASSeqParserFP8JASTrackPUl
80296758:cmdJmp__12JASSeqParserFP8JASTrackPUl
80296878:cmdLoopE__12JASSeqParserFP8JASTrackPUl
8029684C:cmdLoopS__12JASSeqParserFP8JASTrackPUl
80296F0C:cmdNop__12JASSeqParserFP8JASTrackPUl
80296924:cmdNoteOff__12JASSeqParserFP8JASTrackPUl
802968E4:cmdNoteOn__12JASSeqParserFP8JASTrackPUl
802968A0:cmdNote__12JASSeqParserFP8JASTrackPUl
802965B8:cmdOpenTrack__12JASSeqParserFP8JASTrackPUl
8029715C:cmdParamEI__12JASSeqParserFP8JASTrackPUl
802970E0:cmdParamE__12JASSeqParserFP8JASTrackPUl
80297084:cmdParamII__12JASSeqParserFP8JASTrackPUl
80297028:cmdParamI__12JASSeqParserFP8JASTrackPUl
80296A74:cmdParentReadPort__12JASSeqParserFP8JASTrackPUl
802969EC:cmdParentWritePort__12JASSeqParserFP8JASTrackPUl
80297014:cmdPrg__12JASSeqParserFP8JASTrackPUl
8029769C:cmdPrintf__12JASSeqParserFP8JASTrackPUl
80296958:cmdReadPort__12JASSeqParserFP8JASTrackPUl
80297340:cmdRegLoad__12JASSeqParserFP8JASTrackPUl
802973E4:cmdRegTblLoad__12JASSeqParserFP8JASTrackPUl
80297370:cmdRegUni__12JASSeqParserFP8JASTrackPUl
802971D8:cmdReg__12JASSeqParserFP8JASTrackPUl
80296704:cmdRetF__12JASSeqParserFP8JASTrackPUl
80296E14:cmdRetI__12JASSeqParserFP8JASTrackPUl
802966CC:cmdRet__12JASSeqParserFP8JASTrackPUl
80296D7C:cmdSetIntTable__12JASSeqParserFP8JASTrackPUl
80296D8C:cmdSetInterrupt__12JASSeqParserFP8JASTrackPUl
80296C34:cmdSetLastNote__12JASSeqParserFP8JASTrackPUl
80296CF8:cmdSimpleADSR__12JASSeqParserFP8JASTrackPUl
80296E6C:cmdSyncCPU__12JASSeqParserFP8JASTrackPUl
80296ED4:cmdTempo__12JASSeqParserFP8JASTrackPUl
8044B834:cmdTypeAndStatus$372
8044B830:cmdTypeAndStatus$78
80296C24:cmdWaitByte__12JASSeqParserFP8JASTrackPUl
80296BEC:cmdWait__12JASSeqParserFP8JASTrackPUl
802969B8:cmdWritePort__12JASSeqParserFP8JASTrackPUl
8044B69C:cnt$2330
8044B6A4:cntUser$2379
801C10E8:cnvPosTo2Dpos__20dMenu_StageMapCtrl_cCFffPfPf
8009DB9C:coHitCallback__9daAlink_cFP10fopAc_ac_cP12dCcD_GObjInf
8037C9F0:col_dat$7629
801FAB64:collect_close_init__5dMw_cFUc
801FB898:collect_close_proc__5dMw_cFv
801FAE90:collect_fishing_close_init__5dMw_cFUc
801FC0F8:collect_fishing_close_proc__5dMw_cFv
801FAE8C:collect_fishing_move_init__5dMw_cFUc
801FC0A4:collect_fishing_move_proc__5dMw_cFv
801FAE30:collect_fishing_open_init__5dMw_cFUc
801FC014:collect_fishing_open_proc__5dMw_cFv
801FB004:collect_insect_close_init__5dMw_cFUc
801FC2F8:collect_insect_close_proc__5dMw_cFv
801FB000:collect_insect_move_init__5dMw_cFUc
801FC2A4:collect_insect_move_proc__5dMw_cFv
801FAFA0:collect_insect_open_init__5dMw_cFUc
801FC214:collect_insect_open_proc__5dMw_cFv
801FADD8:collect_letter_close_init__5dMw_cFUc
801FBFF8:collect_letter_close_proc__5dMw_cFv
801FADD4:collect_letter_move_init__5dMw_cFUc
801FBFA4:collect_letter_move_proc__5dMw_cFv
801FAD78:collect_letter_open_init__5dMw_cFUc
801FBF14:collect_letter_open_proc__5dMw_cFv
801FA9C8:collect_move_init__5dMw_cFUc
801FB808:collect_move_proc__5dMw_cFv
801FA93C:collect_open_init__5dMw_cFUc
801FB7B0:collect_open_proc__5dMw_cFv
801FAD58:collect_option_close_init__5dMw_cFUc
801FBEF8:collect_option_close_proc__5dMw_cFv
801FAD54:collect_option_move_init__5dMw_cFUc
801FBEA4:collect_option_move_proc__5dMw_cFv
801FAD00:collect_option_open_init__5dMw_cFUc
801FBE34:collect_option_open_proc__5dMw_cFv
801FACE0:collect_save_close_init__5dMw_cFUc
801FBDD0:collect_save_close_proc__5dMw_cFv
801FACDC:collect_save_move_init__5dMw_cFUc
801FBD74:collect_save_move_proc__5dMw_cFv
801FAC88:collect_save_open_init__5dMw_cFUc
801FBD14:collect_save_open_proc__5dMw_cFv
801FAF48:collect_skill_close_init__5dMw_cFUc
801FC1F8:collect_skill_close_proc__5dMw_cFv
801FAF44:collect_skill_move_init__5dMw_cFUc
801FC1A4:collect_skill_move_proc__5dMw_cFv
801FAEE8:collect_skill_open_init__5dMw_cFUc
801FC114:collect_skill_open_proc__5dMw_cFv
80256C34:colorAnime__8CPaneMgrFsQ28JUtility6TColorQ28JUtility6TColorQ28JUtility6TColorQ28JUtility6TColorUc
803936A8:colorTable$3861
803936CC:colorTable$3877
8037B3A0:colorTable$3993
80176844:colosseumCamera__9dCamera_cFl
802A08AC:combine__14JASSoundParamsFRC14JASSoundParamsRC14JASSoundParams
8044AD70:commandHeap
8044AD40:commandHeapErrors
800170B8:command_attach__15mDoMemCd_Ctrl_cFv
80016E58:command_format__15mDoMemCd_Ctrl_cFv
8010EAFC:commonBottleDrink__9daAlink_cFi
800BA6D8:commonChangeItem__9daAlink_cFv
800BA0D4:commonCheckNextAction__9daAlink_cFi
800419A8:commonCheck__14dEvt_control_cFP12dEvt_order_cUsUs
800D2208:commonCutAction__9daAlink_cFv
800AC78C:commonDoubleAnime__9daAlink_cFP15J3DAnmTransformP15J3DAnmTransformP15J3DAnmTransformP15J3DAnmTransformfffi
80120580:commonFallInit__9daAlink_cFi
801204C0:commonGrabPutInit__9daAlink_cFv
8010B9A4:commonHookshotRoofWait__9daAlink_cFv
8010BAA4:commonHookshotWallWait__9daAlink_cFv
800ECA74:commonInitForceRideRein__9daAlink_cFv
80111018:commonKandelaarPourInit__9daAlink_cFv
801110F0:commonKandelaarPour__9daAlink_cFi
8012054C:commonLargeDamageUpInit__9daAlink_cFiiss
800A21D0:commonLineCheck__9daAlink_cFP4cXyzP4cXyz
800E24E8:commonMagneLineCheck__9daAlink_cFP4cXyzP4cXyz
80106688:commonProcBoardInit__9daAlink_cFQ29daAlink_c12daAlink_PROC
800C2DDC:commonProcInitNotSameProc__9daAlink_cFQ29daAlink_c12daAlink_PROC
800C1FA4:commonProcInit__9daAlink_cFQ29daAlink_c12daAlink_PROC
801007A8:commonRoofHangProc__9daAlink_cFv
800ACD78:commonSingleAnime__9daAlink_cFP15J3DAnmTransformP15J3DAnmTransformffs
8012048C:commonWaitTurnInit__9daAlink_cFv
802E76C4:common_init__6JUTXfbFi
80165D2C:compWallMargin__9dCamera_cFP4cXyzP4cXyzf
802844C4:composite_add__Q27JStudio24TFunctionValue_compositeFRCQ27JGadget44TVector_pointer<PQ27JStudio14TFunctionValue>RCQ37JStudio24TFunctionValue_composite5TDatad
802846B4:composite_divide__Q27JStudio24TFunctionValue_compositeFRCQ27JGadget44TVector_pointer<PQ27JStudio14TFunctionValue>RCQ37JStudio24TFunctionValue_composite5TDatad
802842F8:composite_index__Q27JStudio24TFunctionValue_compositeFRCQ27JGadget44TVector_pointer<PQ27JStudio14TFunctionValue>RCQ37JStudio24TFunctionValue_composite5TDatad
80284630:composite_multiply__Q27JStudio24TFunctionValue_compositeFRCQ27JGadget44TVector_pointer<PQ27JStudio14TFunctionValue>RCQ37JStudio24TFunctionValue_composite5TDatad
8028445C:composite_parameter__Q27JStudio24TFunctionValue_compositeFRCQ27JGadget44TVector_pointer<PQ27JStudio14TFunctionValue>RCQ37JStudio24TFunctionValue_composite5TDatad
8028428C:composite_raw__Q27JStudio24TFunctionValue_compositeFRCQ27JGadget44TVector_pointer<PQ27JStudio14TFunctionValue>RCQ37JStudio24TFunctionValue_composite5TDatad
80284548:composite_subtract__Q27JStudio24TFunctionValue_compositeFRCQ27JGadget44TVector_pointer<PQ27JStudio14TFunctionValue>RCQ37JStudio24TFunctionValue_composite5TDatad
8004316C:compulsory__14dEvt_control_cFPvPCcUs
800E2474:concatMagneBootInvMtx__9daAlink_cFv
800E2434:concatMagneBootMtx__9daAlink_cFv
80296124:conditionCheck__12JASSeqParserFP8JASTrackQ212JASSeqParser15BranchCondition
801E54F4:confirm_close_init__14dMenu_Option_cFv
801E558C:confirm_close_move__14dMenu_Option_cFv
801E52C0:confirm_move_init__14dMenu_Option_cFv
801E52FC:confirm_move_move__14dMenu_Option_cFv
801E5110:confirm_open_init__14dMenu_Option_cFv
801E51EC:confirm_open_move__14dMenu_Option_cFv
801E5474:confirm_select_init__14dMenu_Option_cFv
801E5478:confirm_select_move__14dMenu_Option_cFv
802941DC:connectBus__8JASTrackFii
80293FBC:connectChild__8JASTrackFUlP8JASTrack
80395A00:connect_table$463
8044AC5C:console_position_x$3776
8044AC64:console_position_y$3779
8044AC6C:console_scroll$3782
8038F598:cont_at$4145
8038F648:cont_at$4196
80390448:cont_at$5842
803905D8:cont_at$6194
8038F5C0:cont_bt$4146
8038F670:cont_bt$4211
803903F8:cont_bt$5835
803905B0:cont_bt$6176
803903A8:cont_zt$5828
80390588:cont_zt$6148
8042E6E8:context$404
80235908:continueProc__12dMsgObject_cFv
802E7A78:control__8JUTFaderFv
8007390C:convPId__10dAttHint_cFUi
80073CE4:convPId__10dAttLook_cFUi
800739CC:convPId__11dAttCatch_cFUi
800432EC:convPId__14dEvt_control_cFUi
802D7AC0:convStrLower__12JKRFileCacheCFPc
802BFD6C:convertAbsToRel__10Z2AudienceFR3VecP3Veci
802BF0BC:convertAbsToRel__13Z2AudioCameraCFR3VecP3Vec
802BF02C:convertAbsToRel__13Z2AudioCameraFP9Z2Audiblei
802E2560:convertSjis__10JUTResFontCFiPUs
80007B7C:convert__8mDoCPd_cFP27interface_of_controller_padP10JUTGamePad
801258E8:copyBlur__14daAlink_blur_cFPC4cXyzPC4cXyzPC4cXyz
80184A94:copyBookIconAnm__14dFile_select_cFv
801E1520:copyDMYMenu__14dMenu_Letter_cFv
80188280:copyDataToSelectCansel__14dFile_select_cFv
80188378:copyDataToSelectMoveAnmSet__14dFile_select_cFv
8018851C:copyDataToSelectMoveAnm__14dFile_select_cFv
80188068:copyDataToSelectStart__14dFile_select_cFv
80187F20:copyDataToSelect__14dFile_select_cFv
8031376C:copyLocalVtxArray__15J3DVertexBufferFUl
8031364C:copyLocalVtxNrmArray__15J3DVertexBufferFUl
8031352C:copyLocalVtxPosArray__15J3DVertexBufferFUl
802D0FB4:copyMemory__7JKRHeapFPvPvUl
8002A064:copyPalette__6dMap_cFiif
8002974C:copyPalette__6dMap_cFv
8018A8B4:copyPaneMoveOk2__14dFile_select_cFv
8018A744:copyPaneMoveOk__14dFile_select_cFv
8038C090:copyRodTop$60450
80187C34:copySelMoveAnmInitSet__14dFile_select_cFii
80188880:copySelectWakuAlpahAnmInit__14dFile_select_cFUcUcUcUc
801888C4:copySelectWakuAlpahAnm__14dFile_select_cFUc
801889E0:copyToSelBack__14dFile_select_cFv
80188BA0:copyToSelPaneMove__14dFile_select_cFv
802749A4:copyXfb_triple__10JFWDisplayFv
80319204:copy__11J3DMaterialFP11J3DMaterial
8036E49C:copysign
8038EA90:corner_tag$3707
8003ED60:correctionOriginPos__10dMapInfo_nFScP3Vec
8036E4C4:cos
8036EEA8:cosf
802E16E4:countBlock__10JUTResFontFv
803172C4:countBumpMtxNum__8J3DShapeCFv
803197B8:countDLSize__10J3DPEBlockFv
803197B0:countDLSize__11J3DIndBlockFv
8031872C:countDLSize__11J3DMaterialFv
803197A8:countDLSize__11J3DTevBlockFv
8031A058:countDLSize__12J3DTevBlock1Fv
8031A060:countDLSize__12J3DTevBlock2Fv
8031A068:countDLSize__12J3DTevBlock4Fv
803197A0:countDLSize__13J3DColorBlockFv
8031A080:countDLSize__13J3DPEBlockOpaFv
8031A090:countDLSize__13J3DPEBlockXluFv
8031A070:countDLSize__13J3DTevBlock16Fv
8031A0A0:countDLSize__14J3DPEBlockFullFv
80319798:countDLSize__14J3DTexGenBlockFv
8031A078:countDLSize__15J3DIndBlockFullFv
8031A040:countDLSize__15J3DTexGenBlock4Fv
8031A098:countDLSize__16J3DPEBlockFogOffFv
8031A088:countDLSize__17J3DPEBlockTexEdgeFv
8031A050:countDLSize__18J3DTevBlockPatchedFv
8031A048:countDLSize__19J3DTexGenBlockBasicFv
8031A030:countDLSize__20J3DColorBlockLightOnFv
8031A020:countDLSize__21J3DColorBlockLightOffFv
8031A038:countDLSize__21J3DTexGenBlockPatchedFv
8031A028:countDLSize__22J3DColorBlockAmbientOnFv
802D85EC:countFile__10JKRArchiveCFPCc
802D773C:countFile__12JKRFileCacheCFPCc
80338C30:countMaterialNum__14J3DModelLoaderFPCv
802D85A8:countResource__10JKRArchiveCFv
802F5130:countStages__18J2DMaterialFactoryCFi
803327D8:countStages__18J3DMaterialFactoryCFi
8033547C:countStages__22J3DMaterialFactory_v21CFi
803327A0:countTexGens__18J3DMaterialFactoryCFi
80335444:countTexGens__22J3DMaterialFactory_v21CFi
80332758:countUniqueMaterials__18J3DMaterialFactoryFv
80335420:countUniqueMaterials__22J3DMaterialFactory_v21Fv
80005848:countUsed__FP10JKRExpHeap
80316DC0:countVertex__12J3DShapeDrawFUl
8038FFC0:count_1$4083
8038FFF0:count_unit_1$4084
800F85F8:crawlBgCheck__9daAlink_cFP4cXyzP4cXyzi
8038C054:crawlOffset$60144
8044A728:crear$2224
8039DB60:crear$2239
8003913C:createAmbient__14dDemo_object_cFv
80328800:createAnmMtx__12J3DMtxBufferFP12J3DModelData
8001FA6C:createAppend__FP10fopAc_ac_cP4cXyzPUlPUlUi
80019B1C:createAppend__FUsUlPC4cXyziPC5csXyzPC4cXyzScUi
8001F6B8:createAppend__FiP4cXyzP4cXyz
8029B968:createBank__12JASBNKParserFPCvP7JKRHeap
8029B988:createBasicBank__12JASBNKParserFPCvP7JKRHeap
8029BE6C:createBasicBank__Q212JASBNKParser4Ver0FPCvP7JKRHeap
8029BA6C:createBasicBank__Q212JASBNKParser4Ver1FPCvP7JKRHeap
8029B464:createBasicWaveBank__11JASWSParserFPCvP7JKRHeap
80328B00:createBumpMtxArray__12J3DMtxBufferFP12J3DModelDataUl
800390AC:createCamera__14dDemo_object_cFv
80280F90:createChild__14JPABaseEmitterFP15JPABaseParticle
80317C3C:createColorBlock__11J3DMaterialFUl
8004BB78:createCommon__13dPa_control_cFPCv
802E6488:createConsole__12JUTExceptionFPvUl
80328954:createDoubleDrawMtx__12J3DMtxBufferFP12J3DModelDataUl
8004B064:createEmitter__19dPa_simpleEcallBackFP17JPAEmitterManager
801B90A0:createExplain__14dMenu_DmapBg_cFv
801D76B4:createExplain__17dMenu_Fmap2DTop_cFP10JKRExpHeapP9STControl
802E5EA4:createFB__12JUTExceptionFv
80039258:createFog__14dDemo_object_cFv
80262580:createGetIn__21dDlst_TimerScrnDraw_cF4cXyz
8026380C:createGetIn__8dTimer_cF4cXyz
801ADF18:createHeap__10dThunder_cFv
8015EE4C:createHeap__14daPy_anmHeap_cFQ214daPy_anmHeap_c16daAlinkHEAP_TYPE
800A40A0:createHeap__9daAlink_cFv
802ECA60:createIndBlock__11J2DMaterialFib
80318314:createIndBlock__11J3DMaterialFi
80333C70:createLockedMaterial__18J3DMaterialFactoryCFP11J3DMaterialiUl
8027460C:createManager__10JFWDisplayFPC16_GXRenderModeObjP7JKRHeapQ26JUTXfb10EXfbNumberb
802D3EB0:createManager__15JKRThreadSwitchFP7JKRHeap
802EA690:createManager__17JUTConsoleManagerFP7JKRHeap
802E7854:createManager__6JUTXfbFP7JKRHeapQ26JUTXfb10EXfbNumber
802E70F0:createManager__8JUTVideoFPC16_GXRenderModeObj
80190B80:createMaskModel__16dFile_select3D_cFv
801B6FD4:createMaskModel__17dMenu_Collect3D_cFv
80329868:createMatPacket__8J3DModelFP12J3DModelDataUl
802FB818:createMaterial__9J2DScreenFP20JSURandomInputStreamUlP10JKRArchive
80024844:createMemoryBlock__20dStage_roomControl_cFiUl
80190D40:createMirrorModel__16dFile_select3D_cFv
801B7184:createMirrorModel__17dMenu_Collect3D_cFv
803328DC:createNormalMaterial__18J3DMaterialFactoryCFP11J3DMaterialiUl
80115C88:createNpcTks__9daAlink_cFP4cXyziUl
8028FA54:createObject_JAI_SOUND___Q215JStudio_JAudio213TCreateObjectFRCQ47JStudio3stb4data20TParse_TBlock_objectPQ215JStudio_JAudio213TCreateObject
80290938:createObject_JPA_PARTICLE___Q217JStudio_JParticle13TCreateObjectFRCQ47JStudio3stb4data20TParse_TBlock_objectPQ217JStudio_JParticle13TCreateObject
8028C524:createObject_JSG_<Q214JStudio_JStage12TAdaptor_fog,Q26JStage4TFog>__Q214JStudio_JStage21@unnamed@control_cpp@FRCQ47JStudio3stb4data20TParse_TBlock_objectPQ26JStage7TObjectPCQ26JStage7TSystem
8028C114:createObject_JSG_<Q214JStudio_JStage14TAdaptor_actor,Q26JStage6TActor>__Q214JStudio_JStage21@unnamed@control_cpp@FRCQ47JStudio3stb4data20TParse_TBlock_objectPQ26JStage7TObjectPCQ26JStage7TSystem
8028C420:createObject_JSG_<Q214JStudio_JStage14TAdaptor_light,Q26JStage6TLight>__Q214JStudio_JStage21@unnamed@control_cpp@FRCQ47JStudio3stb4data20TParse_TBlock_objectPQ26JStage7TObjectPCQ26JStage7TSystem
8028C218:createObject_JSG_<Q214JStudio_JStage15TAdaptor_camera,Q26JStage7TCamera>__Q214JStudio_JStage21@unnamed@control_cpp@FRCQ47JStudio3stb4data20TParse_TBlock_objectPQ26JStage7TObjectPCQ26JStage7TSystem
8028C31C:createObject_JSG_<Q214JStudio_JStage21TAdaptor_ambientLight,Q26JStage13TAmbientLight>__Q214JStudio_JStage21@unnamed@control_cpp@FRCQ47JStudio3stb4data20TParse_TBlock_objectPQ26JStage7TObjectPCQ26JStage7TSystem
803183FC:createPEBlock__11J3DMaterialFUlUl
80226600:createPane__10COutFont_cFv
802FBE84:createPane__9J2DScreenFRC18J2DScrnBlockHeaderP20JSURandomInputStreamP7J2DPaneUl
802FB034:createPane__9J2DScreenFRC18J2DScrnBlockHeaderP20JSURandomInputStreamP7J2DPaneUlP10JKRArchive
80280E70:createParticle__14JPABaseEmitterFv
8002C9D8:createParticle__14dComIfG_play_cFv
80333220:createPatchedMaterial__18J3DMaterialFactoryCFP11J3DMaterialiUl
8004BCDC:createRoomScene__13dPa_control_cFv
80024460:createRoomScene__Fi
802D1250:createRoot__10JKRExpHeapFib
8004BEB0:createScene__13dPa_control_cFPCv
8032979C:createShapePacket__8J3DModelFP12J3DModelData
8019A1F8:createShopItem__13dShopSystem_cFi
802802EC:createSimpleEmitterID__17JPAEmitterManagerFRCQ29JGeometry8TVec3<f>UsUcUcP18JPAEmitterCallBackP19JPAParticleCallBack
8002CA1C:createSimpleModel__14dComIfG_play_cFv
8029B694:createSimpleWaveBank__11JASWSParserFPCvP7JKRHeap
80262910:createStart__21dDlst_TimerScrnDraw_cFUs
8020FE14:createString__14dMeterString_cFi
802EC8AC:createTevBlock__11J2DMaterialFib
80317FA0:createTevBlock__11J3DMaterialFi
80317E3C:createTexGenBlock__11J3DMaterialFUl
80331E5C:createTexMtxForAnimator__16J3DMaterialTableFP19J3DAnmTextureSRTKey
80292334:createThread__6JASDvdFliUl
8001FB50:createTimerAppend__FiUlUcUcffffUi
80007D9C:createTimg__FUsUsUl
8029B408:createWaveBank__11JASWSParserFPCvP7JKRHeap
8032888C:createWeightEnvelopeMtx__12J3DMtxBufferFP12J3DModelData
8009BC18:createWork__7dTres_cFv
8003F7E8:createWork__8dMpath_cFv
800351A4:createZone__10dSv_info_cFi
802D139C:create__10JKRExpHeapFPvUlP7JKRHeapb
802D12C8:create__10JKRExpHeapFUlP7JKRHeapb
802E9880:create__10JUTConsoleFUiPvUl
802E97F0:create__10JUTConsoleFUiUiP7JKRHeap
802E7E7C:create__10JUTProcBarFv
8003F734:create__10dMapInfo_cFv
8009C7EC:create__10dMdl_mng_cFv
80259E7C:create__10dScnLogo_cFv
8025AC3C:create__10dScnName_cFv
801AE418:create__10dThunder_cFv
80263F84:create__11dkWpillar_cFv
803286F4:create__12J3DMtxBufferFP12J3DModelDataUl
802D2EC0:create__12JKRSolidHeapFUlP7JKRHeapb
802E6DF8:create__12JUTAssertionFv
802E42DC:create__12JUTExceptionFP14JUTDirectPrint
800490EC:create__12diff_model_cFP12J3DModelDataiUc
802D5FE4:create__13JKRAramStreamFl
802D3804:create__13JKRAssertHeapFP7JKRHeap
80007E44:create__13mDoGph_gInf_cFv
8029F17C:create__14JASAudioThreadFl
8000FD94:create__14mDoExt_McaMorfFP12J3DModelDataP25mDoExt_McaMorfCallBack1_cP25mDoExt_McaMorfCallBack2_cP15J3DAnmTransformifiiiPvUlUl
8033966C:create__15J3DJointFactoryFi
8033989C:create__15J3DShapeFactoryFiUlP14_GXVtxDescList
8012669C:create__15daAlink_sight_cFv
80011464:create__15mDoExt_McaMorf2FP12J3DModelDataP25mDoExt_McaMorfCallBack1_cP25mDoExt_McaMorfCallBack2_cP15J3DAnmTransformP15J3DAnmTransformifiiP10Z2CreatureUlUl
8027E018:create__16JPADynamicsBlockFP18JPAEmitterWorkData
80046710:create__16dEvent_manager_cFv
800108F0:create__16mDoExt_McaMorfSOFP12J3DModelDataP25mDoExt_McaMorfCallBack1_cP25mDoExt_McaMorfCallBack2_cP15J3DAnmTransformifiiP10Z2CreatureUlUl
802F51B8:create__18J2DMaterialFactoryCFP11J2DMaterialiUlP15J2DResReferenceP15J2DResReferenceP10JKRArchive
80332860:create__18J3DMaterialFactoryCFP11J3DMaterialQ218J3DMaterialFactory12MaterialTypeiUl
8004AB1C:create__18dPa_modelEcallBackFUc
8004AF98:create__19dPa_simpleEcallBackFP17JPAEmitterManagerUsUc
80125F60:create__20daAlink_lockCursor_cFv
80015C74:create__20mDoDvdThd_callback_cFPFPv_PvPv
80016394:create__21mDoDvdThd_toMainRam_cFPCcUcP7JKRHeap
8000E53C:create__21mDoExt_invisibleModelFP8J3DModelUc
80335504:create__22J3DMaterialFactory_v21CFP11J3DMaterialiUl
8003E028:create__23dMenu_Fmap_world_data_cFP24dMenu_Fmap_region_data_c
80015E14:create__24mDoDvdThd_mountArchive_cFPCcUcP7JKRHeap
800161E0:create__25mDoDvdThd_mountXArchive_cFPCcUcQ210JKRArchive10EMountModeP7JKRHeap
8009C690:create__6dMdl_cFP12J3DModelDataUsP12dKy_tevstr_c
802D4440:create__7JKRAramFUlUllll
80039678:create__7dDemo_cFv
8009BC58:create__7dTres_cFv
8007E844:create__8dBgWKColFPvPv
8003FB70:create__8dMpath_cFv
80007954:create__8mDoCPd_cFv
802DDB1C:create__9JKRDecompFl
800A5D00:create__9daAlink_cFv
80015858:create__9mDoDvdThdFl
80009544:create__Q213mDoGph_gInf_c7bloom_cFv
8028BF90:create__Q214JStudio_JStage13TCreateObjectFPPQ27JStudio7TObjectRCQ47JStudio3stb4data20TParse_TBlock_object
8028F9E0:create__Q215JStudio_JAudio213TCreateObjectFPPQ27JStudio7TObjectRCQ47JStudio3stb4data20TParse_TBlock_object
80290830:create__Q217JStudio_JParticle13TCreateObjectFPPQ27JStudio7TObjectRCQ47JStudio3stb4data20TParse_TBlock_object
80037ED4:create__Q220@unnamed@d_demo_cpp@29jstudio_tCreateObject_messageFPPQ27JStudio7TObjectRCQ47JStudio3stb4data20TParse_TBlock_object
80024A34:create__Q220dStage_roomControl_c9roomDzs_cFUc
802879DC:create__Q27JStudio8TFactoryFRCQ47JStudio3stb4data20TParse_TBlock_object
8003C85C:create__Q28dMpath_n18dTexObjAggregate_cFv
802836EC:create__Q37JStudio3ctb8TFactoryFRCQ47JStudio3ctb4data13TParse_TBlock
80286D90:create__Q37JStudio3fvb8TFactoryFRCQ47JStudio3fvb4data13TParse_TBlock
8028BA2C:create__Q37JStudio3stb8TFactoryFRCQ47JStudio3stb4data20TParse_TBlock_object
8042AE0C:cross$2491
80271838:crossInfLin__8cM3dGPlaCFRC4cXyzRC4cXyzR4cXyz
8027165C:cross__8cM3dGCylCFPC8cM3dGCylP4cXyz
80271638:cross__8cM3dGCylCFPC8cM3dGSphP4cXyz
80271B6C:cross__8cM3dGSphCFPC8cM3dGCylP4cXyz
80271B40:cross__8cM3dGSphCFPC8cM3dGSphP4cXyz
80271BE0:cross__8cM3dGTriCFPC8cM3dGCylP3Vec
8038C060:crouchOffset$60145
8026A278:ct__11cBgS_LinChkFv
8002CBE4:ct__13dComIfG_inf_cFv
8002B1DC:ct__14dComIfG_play_cFv
80265DE0:ct__18cCcD_ObjCommonBaseFv
800836A0:ct__22dCcD_GAtTgCoCommonBaseFv
80265E40:ct__8cCcD_ObjFv
80274470:ctor_subroutine__10JFWDisplayFb
80155C24:ctrlBtk__8daNpcF_cFv
80149120:ctrlBtk__8daNpcT_cFv
80149298:ctrlFaceMotion__8daNpcT_cFv
80149568:ctrlJoint__8daNpcT_cFP8J3DJointP8J3DModel
8014934C:ctrlMotion__8daNpcT_cFv
80153764:ctrlMsgAnm__8daNpcF_cFRiRiP10fopAc_ac_ci
80149404:ctrlMsgAnm__8daNpcT_cFPiPiP10fopAc_ac_ci
8020E8E0:ctrlShowMap__11dMeterMap_cFv
8014CC60:ctrlSubFaceMotion__8daNpcT_cFi
803902C8:cur_tag$3868
803902E8:cur_tag$4092
8044B8A8:currentDirectory
80180558:currentEvCamera__9dCamera_cFv
801E83FC:cursorAnime__14dMenu_Option_cFf
80250818:cursorAnm__7dName_cFv
801DA000:cursorMove__14dMenu_Insect_cFv
801B1F6C:cursorMove__17dMenu_Collect2D_cFv
801B27AC:cursorPosSet__17dMenu_Collect2D_cFv
8004817C:cutEnd__16dEvent_manager_cFi
8038BA28:cutParamTable$19765
8038B888:cutParamTable$7312
8038B8D8:cutParamTable$7455
8044D24C:cutSplashName$41759
8004BA74:cutTable__Q213dPa_control_c7level_cFPQ313dPa_control_c7level_c9emitter_c
80015A3C:cut__17mDoDvdThd_param_cFP19mDoDvdThd_command_c
80182D74:d2s__6cAngleFf
80075DBC:dBgS_CheckBGroundPoly__FRC13cBgS_PolyInfo
80075E2C:dBgS_CheckBRoofPoly__FRC13cBgS_PolyInfo
80075D4C:dBgS_CheckBWallPoly__FRC13cBgS_PolyInfo
80075E9C:dBgS_GetNY__FRC13cBgS_PolyInfo
80075AE4:dBgS_MoveBGProc_RotY__FP4dBgWPvRC13cBgS_PolyInfobP4cXyzP5csXyzP5csXyz
80075B84:dBgS_MoveBGProc_Trans__FP4dBgWPvRC13cBgS_PolyInfobP4cXyzP5csXyzP5csXyz
80075B18:dBgS_MoveBGProc_TypicalRotY__FP4dBgWPvRC13cBgS_PolyInfobP4cXyzP5csXyzP5csXyz
80075A64:dBgS_MoveBGProc_Typical__FP4dBgWPvRC13cBgS_PolyInfobP4cXyzP5csXyzP5csXyz
8007E500:dBgW_NewSet__FP6cBgD_tUlPA3_A4_f
8018163C:dCam_getAngleX__FP12camera_class
80181618:dCam_getAngleY__FP12camera_class
8018168C:dCam_getBody__Fv
8018167C:dCam_getCamera__Fv
80181660:dCam_getControledAngleY__FP12camera_class
800847DC:dCcD_GetGObjInf__FP8cCcD_Obj
80182A44:dComIfG_Bgsp__Fv
8002F72C:dComIfG_TimerDeleteCheck__Fi
8002F79C:dComIfG_TimerDeleteRequest__Fi
8002F6B0:dComIfG_TimerEnd__Fii
8002F638:dComIfG_TimerReStart__Fi
8002F52C:dComIfG_TimerStart__Fis
8002F5C0:dComIfG_TimerStop__Fi
8002CC54:dComIfG_changeOpeningScene__FP11scene_classs
8002EC54:dComIfG_getNowCalcRegion__Fv
8002F478:dComIfG_getOldStageRes__FPCc
8002F4BC:dComIfG_getRoomArcName__Fi
8002F434:dComIfG_getStageRes__FPCc
8002E9D4:dComIfG_getTrigA__FUl
8002B3F4:dComIfG_get_timelayer__FPi
804002E0:dComIfG_mTimerInfo
8002D008:dComIfG_resDelete__FP30request_of_phase_process_classPCc
8002CEBC:dComIfG_resLoad__FP30request_of_phase_process_classPCc
8002CFC0:dComIfG_resLoad__FP30request_of_phase_process_classPCcP7JKRHeap
8002CD44:dComIfG_resetToOpening__FP11scene_class
8002E910:dComIfGd_setShadow__FUlScP8J3DModelP4cXyzffffR13cBgS_PolyInfoP12dKy_tevstr_csfP9_GXTexObj
8002D0B4:dComIfGd_setSimpleShadow__FP4cXyzffR13cBgS_PolyInfosfP9_GXTexObj
8002FAD4:dComIfGp_SelectWarpPt_get__Fv
8002FAAC:dComIfGp_SelectWarpPt_set__FUc
8002FAC0:dComIfGp_TargetWarpPt_get__Fv
8002FA98:dComIfGp_TargetWarpPt_set__FUc
8002FAE8:dComIfGp_TransportWarp_check__Fv
8002E83C:dComIfGp_addSelectItemNum__Fis
800CFEFC:dComIfGp_att_getCatghTarget__Fv
8002E9F0:dComIfGp_calcNowRegion__Fv
8002E348:dComIfGp_checkEmptySubHeap2D__Fv
8002B2A8:dComIfGp_checkItemGet__FUci
8002E0A8:dComIfGp_checkMapShow__Fv
80141354:dComIfGp_checkPlayerStatus0__FiUl
80141370:dComIfGp_checkPlayerStatus1__FiUl
8002E22C:dComIfGp_createSubExpHeap2D__Fv
8002E2DC:dComIfGp_destroySubExpHeap2D__Fv
80141484:dComIfGp_event_chkEventFlag__FUs
801414F0:dComIfGp_event_runCheck__Fv
80182AA0:dComIfGp_evmng_cameraPlay__Fv
801414B0:dComIfGp_evmng_getMyStaffId__FPCcP10fopAc_ac_ci
800D0094:dComIfGp_evmng_startCheck__FPCc
801829E8:dComIfGp_getAttention__Fv
80141998:dComIfGp_getDoStatus__Fv
80141398:dComIfGp_getEventManager__Fv
80141344:dComIfGp_getEvent__Fv
80141524:dComIfGp_getHorseActor__Fv
8002D1AC:dComIfGp_getMapTrans__FiPfPfPs
8002EE60:dComIfGp_getNowLevel__Fv
80141468:dComIfGp_getPlayerCameraID__Fi
800CFF74:dComIfGp_getRStatus__Fv
8002D06C:dComIfGp_getReverb__Fi
8002D2AC:dComIfGp_getRoomArrow__Fi
8002D25C:dComIfGp_getRoomCamera__Fi
8002E688:dComIfGp_getSelectItemMaxNum__Fi
8002E5C0:dComIfGp_getSelectItemNum__Fi
8002DF1C:dComIfGp_getSelectItem__Fi
801412EC:dComIfGp_getStage__Fv
8002E3D0:dComIfGp_getSubHeap2D__Fi
8002EDE0:dComIfGp_isLightDropMapVisible__Fv
8002E078:dComIfGp_mapHide__Fv
8002E048:dComIfGp_mapShow__Fv
8002E188:dComIfGp_offHeapLockFlag__Fi
8002F500:dComIfGp_ret_wp_set__FSc
800923AC:dComIfGp_saveCameraPosition__FiP4cXyzP4cXyzfs
8002E388:dComIfGp_searchUseSubHeap2D__Fi
801411E8:dComIfGp_setBottleStatus__FUcUc
8002E0E0:dComIfGp_setHeapLockFlag__FUc
800CFFDC:dComIfGp_setItemLifeCount__FfUc
801419EC:dComIfGp_setItemRupeeCount__Fl
8002D554:dComIfGp_setNextStage__FPCcsScSc
8002D2FC:dComIfGp_setNextStage__FPCcsScScfUliScsii
8002E714:dComIfGp_setSelectItemNum__Fis
8002DDF4:dComIfGp_setSelectItem__Fi
8002F518:dComIfGp_world_dark_get__Fv
8002F504:dComIfGp_world_dark_set__FUc
8002D910:dComIfGs_BossLife_public_Get__Fv
8002D8FC:dComIfGs_BossLife_public_Set__FSc
8002FA84:dComIfGs_Grass_hide_Set__FSc
8002FA04:dComIfGs_PolyDamageOff_Check__Fv
8002F9F0:dComIfGs_PolyDamageOff_Set__FSc
8002F810:dComIfGs_Wolf_Change_Check__Fv
8002E428:dComIfGs_checkGetInsectNum__Fv
8002E4CC:dComIfGs_checkGetItem__FUc
8002E974:dComIfGs_gameStart__Fv
8002E5B8:dComIfGs_getBottleMax__Fv
800CFF64:dComIfGs_getLife__Fv
8002DCA8:dComIfGs_getMaxLifeGauge__Fv
8002DDC8:dComIfGs_getMixItemIndex__Fi
801419DC:dComIfGs_getRupee__Fv
8002DD3C:dComIfGs_getSelectMixItemNoArrowIndex__Fi
802BBDDC:dComIfGs_getStartPoint__Fv
8002F2F0:dComIfGs_getWarpMarkFlag__Fv
8002F2CC:dComIfGs_getWarpPlayerAngleY__Fv
8002F2BC:dComIfGs_getWarpPlayerPos__Fv
8002F2DC:dComIfGs_getWarpRoomNo__Fv
8002F2AC:dComIfGs_getWarpStageName__Fv
8002D878:dComIfGs_isDungeonItemWarp__Fi
801413E8:dComIfGs_isEventBit__FUs
801412B0:dComIfGs_isItemFirstBit__FUc
8002DC3C:dComIfGs_isOneZoneItem__Fii
8002DB64:dComIfGs_isOneZoneSwitch__Fii
802BBED4:dComIfGs_isSaveSwitch__Fi
8002D740:dComIfGs_isStageSwitch__Fii
8002D598:dComIfGs_isStageTbox__Fii
801828F0:dComIfGs_isTmpBit__FUs
8002FC98:dComIfGs_isVisitedRoom__Fi
8002DBD0:dComIfGs_isZoneItem__Fii
8002DA30:dComIfGs_isZoneSwitch__Fii
8002DB00:dComIfGs_offOneZoneSwitch__Fii
8002D6B4:dComIfGs_offStageSwitch__Fii
8002FC3C:dComIfGs_offVisitedRoom__Fi
8002D9CC:dComIfGs_offZoneSwitch__Fii
8002DA9C:dComIfGs_onOneZoneSwitch__Fii
8002D7D0:dComIfGs_onStageBossEnemy__Fi
8002D628:dComIfGs_onStageSwitch__Fii
8002FB80:dComIfGs_onVisitedRoom__Fi
8002D94C:dComIfGs_onZoneSwitch__Fii
8002D938:dComIfGs_sense_type_change_Get__Fv
8002D924:dComIfGs_sense_type_change_Set__FSc
8002F040:dComIfGs_setKeyNum__FiUc
8002F24C:dComIfGs_setLastWarpMarkItemData__FPCc4cXyzsScUcUc
8002DD08:dComIfGs_setMixItemIndex__FiUc
8002EEB0:dComIfGs_setSelectEquipClothes__FUc
8002EF94:dComIfGs_setSelectEquipShield__FUc
8002EEC0:dComIfGs_setSelectEquipSword__FUc
8002DCC4:dComIfGs_setSelectItemIndex__FiUc
8002F19C:dComIfGs_setWarpItemData__FPCc4cXyzsScUcUc
8002F0E0:dComIfGs_setWarpItemData__FiPCc4cXyzsScUcUc
8002F310:dComIfGs_setWarpMarkFlag__FUc
8002FA18:dComIfGs_shake_kandelaar__Fv
8002FA30:dComIfGs_shake_kandelaar_check__Fv
8002FCF4:dComIfGs_staffroll_next_go__Fv
8002FD08:dComIfGs_staffroll_next_go_check__Fv
8002FA54:dComIfGs_wolfeye_effect_check__Fv
8002FB20:dComLbG_PhaseHandler__FP30request_of_phase_process_classPPFPv_iPv
80038490:dDemo_getJaiPointer__FPCcUliPUs
80038518:dDemo_setDemoData__FP10fopAc_ac_cUcP14mDoExt_McaMorfPCciPUsUlSc
8018361C:dEnvSe_Create__FP8dEnvSe_c
80183614:dEnvSe_Delete__FP8dEnvSe_c
80182E20:dEnvSe_Draw__FP8dEnvSe_c
801835EC:dEnvSe_Execute__FP8dEnvSe_c
8018360C:dEnvSe_IsDelete__FP8dEnvSe_c
80182E28:dEnvSe_getNearPathPos__FP4cXyzP4cXyzP5dPath
80043A14:dEvDt_Next_Stage__Fii
800425E8:dEv_defaultSkipProc__FPvi
80042778:dEv_defaultSkipStb__FPvi
8004261C:dEv_defaultSkipZev__FPvi
800428DC:dEv_noFinishSkipProc__FPvi
80048748:dEv_talkman_get_action__Fi
80047DAC:dEvmng_strcmp__FPCcPc
8019BF64:dGameover_Create__FP9msg_class
8019BF44:dGameover_Delete__FP11dGameover_c
8019BEFC:dGameover_Draw__FP11dGameover_c
8019BF1C:dGameover_Execute__FP11dGameover_c
8019BF3C:dGameover_IsDelete__FP11dGameover_c
801ADCC0:dKankyo_DayProc__Fv
80026898:dKankyo_create__Fv
80062ADC:dKr_cullVtx_Set__Fv
801A9D20:dKy_BossLight_set__FP4cXyzP8_GXColorfUc
801AA624:dKy_BossSpotLight_set__FP4cXyzfffP8_GXColorfUcUc
801A5BDC:dKy_Create__FPv
801A5B94:dKy_Delete__FP17sub_kankyo__class
801A5B2C:dKy_Draw__FP17sub_kankyo__class
801A5B58:dKy_Execute__FP17sub_kankyo__class
801AC57C:dKy_F_SP121Check__FPCciPUci
8019DD0C:dKy_FiveSenses_fullthrottle_dark__Fv
8019D88C:dKy_FiveSenses_fullthrottle_dark_static1__Fv
8019D40C:dKy_GXInitLightDistAttn__FP12J3DLightInfoffUc
8019D284:dKy_GXInitLightSpot__FP12J3DLightInfofUc
801A86B8:dKy_GfFog_tevstr_set__FP12dKy_tevstr_c
801A60A0:dKy_GlobalLight_set__Fv
801A75A0:dKy_Global_amb_set__FP12dKy_tevstr_c
801A85EC:dKy_GxFog_set__Fv
801A8610:dKy_GxFog_tevstr_set__FP12dKy_tevstr_c
801AC24C:dKy_Indoor_check__Fv
801A5B8C:dKy_IsDelete__FP17sub_kankyo__class
801A8128:dKy_Itemgetcol_chg_on__Fv
801AC1E8:dKy_Outdoor_check__Fv
801A9BA4:dKy_ParticleColor_get_actor__FP4cXyzP12dKy_tevstr_cP8_GXColorP8_GXColorP8_GXColorP8_GXColorf
801A8DE0:dKy_ParticleColor_get_base__FP4cXyzP12dKy_tevstr_cP8_GXColorP8_GXColorP8_GXColorP8_GXColorf
801A9C7C:dKy_ParticleColor_get_bg__FP4cXyzP12dKy_tevstr_cP8_GXColorP8_GXColorP8_GXColorP8_GXColorf
801A8444:dKy_SordFlush_set__F4cXyzi
801A8434:dKy_Sound_get__Fv
801A8150:dKy_Sound_init__Fv
801A8180:dKy_Sound_set__F4cXyziUii
801AC128:dKy_SunMoon_Light_Check__Fv
801AC100:dKy_TeachWind_existence_chk__Fv
801AAFDC:dKy_WaterIn_Light_set__Fv
801AAC1C:dKy_WolfEyeLight_set__FP4cXyzfffP8_GXColorfUcUc
8019C348:dKy_WolfPowerup_AmbCol__FP11_GXColorS10
8019CACC:dKy_WolfPowerup_BgAmbCol__FP11_GXColorS10
8019CC9C:dKy_WolfPowerup_FogNearFar__FPfPf
801A7A88:dKy_actor_addcol_amb_set__Fsssf
801A7E48:dKy_actor_addcol_set__Fsssf
801A7DA8:dKy_addcol_fog_set__Fsssf
801A7BC8:dKy_bg1_addcol_amb_set__Fsssf
801A7C68:dKy_bg2_addcol_amb_set__Fsssf
801A7D08:dKy_bg3_addcol_amb_set__Fsssf
801ACCE4:dKy_bg_MAxx_proc__FPv
801A7B28:dKy_bg_addcol_amb_set__Fsssf
801A7A6C:dKy_bgparts_activelight_cut__Fi
801A7A00:dKy_bgparts_activelight_set__FP15LIGHT_INFLUENCEi
801A0300:dKy_calc_color_set__FP11_GXColorS10P15color_RGB_classP15color_RGB_classP15color_RGB_classP15color_RGB_classff11_GXColorS10f
801AB240:dKy_camera_water_in_status_check__Fv
801AB230:dKy_camera_water_in_status_set__FUc
801A87A4:dKy_change_colpat__FUc
8019F224:dKy_clear_game_init__Fv
801A4BD0:dKy_cloudshadow_scroll__FP12J3DModelDataP12dKy_tevstr_ci
801A87CC:dKy_custom_colset__FUcUcf
801A7828:dKy_dalkmist_inf_cut__FP18DALKMIST_INFLUENCE
801A77D4:dKy_dalkmist_inf_set__FP18DALKMIST_INFLUENCE
801AC830:dKy_darkworld_Area_set__FPCci
801AC53C:dKy_darkworld_check__Fv
801AC7A0:dKy_darkworld_spot_check__FPCci
801AC6CC:dKy_darkworld_stage_check__FPCci
8019FA78:dKy_daynight_check__Fv
801AC2A8:dKy_depth_dist_set__FPv
8019E0FC:dKy_eflight_influence_id__F4cXyzi
801A79C0:dKy_efplight_cut__FP15LIGHT_INFLUENCE
801A793C:dKy_efplight_set__FP15LIGHT_INFLUENCE
801A8090:dKy_fog_startendz_set__Ffff
8019FAB4:dKy_getDarktime_hour__Fv
8019FAF0:dKy_getDarktime_minute__Fv
8019FB7C:dKy_getDarktime_week__Fv
801A8AF8:dKy_get_dayofweek__Fv
8019D86C:dKy_get_parcent__Ffff
8019F9D0:dKy_getdaytime_hour__Fv
8019F9FC:dKy_getdaytime_minute__Fv
801A8B88:dKy_instant_rainchg__Fv
801A8B28:dKy_instant_timechg__Ff
801A8A98:dKy_itudemo_se__Fv
8019E3F0:dKy_light_influence_col__FP8_GXColorf
8019E3C4:dKy_light_influence_col__Fi
8019E530:dKy_light_influence_distance__F4cXyzi
8019DD2C:dKy_light_influence_id__F4cXyzi
801A7698:dKy_light_influence_pos__Fi
8019E4E0:dKy_light_influence_power__Fi
8019E508:dKy_light_influence_yuragi__Fi
8019EB90:dKy_light_size_get__FPCc
8019D160:dKy_lightdir_set__FffP3Vec
801A61B4:dKy_lightswitch_check__FP30stage_pure_lightvec_info_classc
801A76F8:dKy_mock_light_every_set__FP15LIGHT_INFLUENCE
801A6D0C:dKy_move_room_ratio__FP12dKy_tevstr_cPSc
801AC8D8:dKy_murky_set__FP11J3DMaterial
801A78EC:dKy_plight_cut__FP15LIGHT_INFLUENCE
801A76D4:dKy_plight_near_pos__Fv
801A785C:dKy_plight_priority_set__FP15LIGHT_INFLUENCE
801A7750:dKy_plight_set__FP15LIGHT_INFLUENCE
801AB55C:dKy_pol_argument_get__FPC13cBgS_PolyInfo
801ABE68:dKy_pol_eff2_alpha_get__FPC13cBgS_PolyInfo
801ABA64:dKy_pol_eff2_env_get__FPC13cBgS_PolyInfoP8_GXColor
801AB8FC:dKy_pol_eff2_prim_get__FPC13cBgS_PolyInfoP8_GXColor
801ABFA4:dKy_pol_eff2_ratio_get__FPC13cBgS_PolyInfo
801ABBD0:dKy_pol_eff_alpha_get__FPC13cBgS_PolyInfo
801AB790:dKy_pol_eff_env_get__FPC13cBgS_PolyInfoP8_GXColor
801AB628:dKy_pol_eff_prim_get__FPC13cBgS_PolyInfoP8_GXColor
801ABD0C:dKy_pol_eff_ratio_get__FPC13cBgS_PolyInfo
801AB368:dKy_pol_efftype2_get__FPC13cBgS_PolyInfo
801AB250:dKy_pol_efftype_get__FPC13cBgS_PolyInfo
801AB480:dKy_pol_sound_get__FPC13cBgS_PolyInfo
8019CE1C:dKy_pos2_get_angle__FP4cXyzP4cXyzPsPs
801A89F4:dKy_rain_check__Fv
8019C364:dKy_sense_pat_get__Fv
801A607C:dKy_setLight__Fv
801A7580:dKy_setLight_again__Fv
801A5E14:dKy_setLight_init__Fv
801A8814:dKy_setLight_mine__FP12dKy_tevstr_c
801A6BE0:dKy_setLight_nowroom__Fc
801A6E5C:dKy_setLight_nowroom_actor__FP12dKy_tevstr_c
801A6238:dKy_setLight_nowroom_common__Fcf
801A6C18:dKy_setLight_nowroom_grass__Fcf
801A8A14:dKy_set_actcol_ratio__Ff
801A8A04:dKy_set_allcol_ratio__Ff
801A8A24:dKy_set_bgcol_ratio__Ff
8005B830:dKy_set_eyevect_calc2__FP12camera_classP3Vecff
8005B780:dKy_set_eyevect_calc__FP12camera_classP3Vecff
801A8A34:dKy_set_fogcol_ratio__Ff
801A8B18:dKy_set_nexttime__Ff
801A8A44:dKy_set_vrboxcol_ratio__Ff
801A8A88:dKy_set_vrboxkumocol_ratio__Ff
801A8A78:dKy_set_vrboxsoracol_ratio__Ff
801ACCCC:dKy_shadow_mode_check__FUc
801ACCB4:dKy_shadow_mode_reset__FUc
801ACC9C:dKy_shadow_mode_set__FUc
801A88AC:dKy_tevstr_init__FP12dKy_tevstr_cScUc
8019CFA4:dKy_twi_wolflight_set__Fi
801AAD10:dKy_twilight_camelight_set__Fv
801A56EC:dKy_undwater_filter_draw__Fv
801A7F80:dKy_vrbox_addcol_kasumi_set__Fsssf
801A8020:dKy_vrbox_addcol_set__Fsssf
801A7EE0:dKy_vrbox_addcol_sky0_set__Fsssf
801AC2A0:dKy_withwarp_capture_check__Fv
80056A94:dKyd_BloomInf_tbl_getp__Fi
80056A70:dKyd_darkworld_tbl_getp__Fv
800569F4:dKyd_dmenvr_getp__Fv
800569DC:dKyd_dmpalet_getp__Fv
800569E8:dKyd_dmpselect_getp__Fv
80056A00:dKyd_dmvrbox_getp__Fv
80056A7C:dKyd_light_size_tbl_getp__Fv
80056A88:dKyd_light_tw_size_tbl_getp__Fv
80056A64:dKyd_maple_col_getp__Fv
80056A18:dKyd_schejule_boss_getp__Fv
80056A0C:dKyd_schejule_getp__Fv
80056A24:dKyd_xfog_table_set__FUc
801ADEF4:dKyeff2_Create__FP12kankyo_class
801ADED0:dKyeff2_Delete__FP9dKyeff2_c
801ADE60:dKyeff2_Draw__FP9dKyeff2_c
801ADEA8:dKyeff2_Execute__FP9dKyeff2_c
801ADEC8:dKyeff2_IsDelete__FP9dKyeff2_c
801ADDC0:dKyeff_Create__FP12kankyo_class
801ADD9C:dKyeff_Delete__FP8dKyeff_c
801ADCF8:dKyeff_Draw__FP8dKyeff_c
801ADD74:dKyeff_Execute__FP8dKyeff_c
801ADD94:dKyeff_IsDelete__FP8dKyeff_c
8006655C:dKyr_drawHousi__FPA4_fPPUc
80064458:dKyr_drawLenzflare__FPA4_fP4cXyzR8_GXColorPPUc
8006564C:dKyr_drawRain__FPA4_fPPUc
80066068:dKyr_drawSibuki__FPA4_fPPUc
800674A8:dKyr_drawSnow__FPA4_fPPUc
800685FC:dKyr_drawStar__FPA4_fPPUc
80063670:dKyr_drawSun__FPA4_fP4cXyzR8_GXColorPPUc
80062B4C:dKyr_draw_rev_moon__FPA4_fPPUc
8006DABC:dKyr_evil_draw2__FPA4_fPPUc
8006E6F0:dKyr_evil_draw__FPA4_fPPUc
8006D954:dKyr_evil_init__Fv
8006DA44:dKyr_evil_move__Fv
8005B760:dKyr_get_vectle_calc__FP4cXyzP4cXyzP4cXyz
8005E8F8:dKyr_housi_move__Fv
8005BA48:dKyr_lenzflare_move__Fv
8005BED8:dKyr_moon_arrival_check__Fv
8006D05C:dKyr_mud_draw__FPA4_fPPUc
8006C7D0:dKyr_mud_init__Fv
8006C89C:dKyr_mud_move__Fv
8006E488:dKyr_near_bosslight_check__F4cXyz
8006BE4C:dKyr_odour_draw__FPA4_fPPUc
8006B924:dKyr_odour_init__Fv
8006B964:dKyr_odour_move__Fv
8005CC5C:dKyr_rain_init__Fv
8005D18C:dKyr_rain_move__Fv
8005BA24:dKyr_set_btitex__FP9_GXTexObjP7ResTIMG
8005B92C:dKyr_set_btitex_common__FP9_GXTexObjP7ResTIMG11_GXTexMapID
8006B91C:dKyr_shstar_init__Fv
8006B920:dKyr_shstar_move__Fv
8005FBDC:dKyr_snow_init__Fv
8005FD48:dKyr_snow_move__Fv
80061324:dKyr_star_init__Fv
8006140C:dKyr_star_move__Fv
8005BF08:dKyr_sun_move__Fv
8006B1D0:dKyr_thunder_init__Fv
8006B1E8:dKyr_thunder_move__Fv
80057318:dKyw_Cloud_Draw__Fv
800572C4:dKyw_Housi_Draw__Fv
80057414:dKyw_Odour_Draw__Fv
800571C8:dKyw_Rain_Draw__Fv
8005721C:dKyw_Snow_Draw__Fv
80057270:dKyw_Star_Draw__Fv
8005710C:dKyw_Sun_Draw__Fv
80057174:dKyw_Sunlenz_Draw__Fv
8005736C:dKyw_Vrkumo_Draw__Fv
8005B60C:dKyw_custom_windpower__Ff
800572E8:dKyw_drawCloud__Fi
80057294:dKyw_drawHousi__Fi
80057198:dKyw_drawRain__Fi
800571EC:dKyw_drawSnow__Fi
80057240:dKyw_drawStar__Fi
800570DC:dKyw_drawSun__Fi
80057130:dKyw_drawSunlenz__Fi
8005733C:dKyw_drawVrkumo__Fi
800574BC:dKyw_evil_Draw__Fv
8005748C:dKyw_evil_packet__Fi
8005B61C:dKyw_evt_wind_set__Fss
8005B638:dKyw_evt_wind_set_go__Fv
8005B2F8:dKyw_get_AllWind_vec__FP4cXyzP4cXyzPf
8005B530:dKyw_get_AllWind_vecpow__FP4cXyz
8005AAF0:dKyw_get_wind_pow__Fv
8005AAE0:dKyw_get_wind_vec__Fv
8005AB00:dKyw_get_wind_vecpow__Fv
80057468:dKyw_mud_Draw__Fv
80057438:dKyw_mud_packet__Fi
800573E4:dKyw_odour_packet__Fi
8005AB64:dKyw_plight_collision_set__FP4cXyzssfffff
8005B260:dKyw_pntlight_collision_get_info__FP4cXyzP4cXyzPf
8005AE28:dKyw_pntlight_set__FP14WIND_INFLUENCE
8005AE58:dKyw_pntwind_cut__FP14WIND_INFLUENCE
8005B23C:dKyw_pntwind_get_info__FP4cXyzP4cXyzPf
8005B284:dKyw_pntwind_get_vecpow__FP4cXyz
8005AD44:dKyw_pntwind_init__Fv
8005ADFC:dKyw_pntwind_set__FP14WIND_INFLUENCE
8005B64C:dKyw_rain_set__Fi
80056AF8:dKyw_setDrawPacketListIndScreen__FP9J3DPacketi
80056B48:dKyw_setDrawPacketListSky__FP9J3DPacketi
80056BD8:dKyw_setDrawPacketListXluBg__FP9J3DPacketi
80056AA8:dKyw_setDrawPacketList__FP9J3DPacketi
800573C0:dKyw_shstar_Draw__Fv
80057390:dKyw_shstar_packet__Fi
800581AC:dKyw_wether_delete2__Fv
80057A04:dKyw_wether_delete__Fv
8005A304:dKyw_wether_draw2__Fv
8005A174:dKyw_wether_draw__Fv
800579EC:dKyw_wether_init2__Fv
800574E0:dKyw_wether_init__Fv
800582F8:dKyw_wether_move__Fv
8005A154:dKyw_wether_move_draw2__Fv
8005A0B8:dKyw_wether_move_draw__Fv
8005A340:dKyw_wether_proc__Fv
8005A57C:dKyw_wind_init__Fv
8005A5C0:dKyw_wind_set__Fv
80032654:dLib_checkActorInRectangle__FP10fopAc_ac_cP10fopAc_ac_cPC4cXyzPC4cXyz
8003261C:dLib_getEventSwitchNo__Fi
80032738:dLib_getExpandSizeFromAramArchive__FP14JKRAramArchivePCc
801C65EC:dMenuFmap_getStartStageName__FPv
8021EEAC:dMeter2Info_getNewLetterNum__Fv
8021EA0C:dMeter2Info_getNowLifeGauge__Fv
8021EA20:dMeter2Info_getNumberTextureName__Fi
8021EA60:dMeter2Info_getPixel__FffffffPC7ResTIMG
8021EA34:dMeter2Info_getPlusTextureName__Fv
8021EE3C:dMeter2Info_getRecieveLetterNum__Fv
8021EDB8:dMeter2Info_is2DActiveTouchArea__Fv
8021EDE0:dMeter2Info_isItemOpenCheck__Fv
8021EDC0:dMeter2Info_isMapOpenCheck__Fv
801419B8:dMeter2Info_offUseButton__Fi
8021F034:dMeter2Info_recieveLetter__Fv
8021F12C:dMeter2Info_set2DVibrationM__Fv
8021F128:dMeter2Info_set2DVibration__Fv
8021EC08:dMeter2Info_setCloth__FUcb
80141A04:dMeter2Info_setFloatingMessage__FUssb
8021EF5C:dMeter2Info_setNewLetterSender__Fv
8021ED2C:dMeter2Info_setShield__FUcb
8021EC88:dMeter2Info_setSword__FUcb
80226260:dMeter2_Create__FP9msg_class
80226240:dMeter2_Delete__FP9dMeter2_c
802261F8:dMeter2_Draw__FP9dMeter2_c
80226218:dMeter2_Execute__FP9dMeter2_c
80226238:dMeter2_IsDelete__FP9dMeter2_c
80390F88:dMo_soundMode
80238894:dMsgObject_Create__FP9msg_class
80238874:dMsgObject_Delete__FP12dMsgObject_c
8023882C:dMsgObject_Draw__FP12dMsgObject_c
8023884C:dMsgObject_Execute__FP12dMsgObject_c
8023886C:dMsgObject_IsDelete__FP12dMsgObject_c
8023930C:dMsgObject_addFundRaising__Fs
802393F0:dMsgObject_addOffering__Fs
802391A8:dMsgObject_addTotalPayment__Fs
80239044:dMsgObject_addTotalPrice__Fs
8023923C:dMsgObject_getFundRaising__Fv
80233354:dMsgObject_getGroupID__Fv
80239388:dMsgObject_getOffering__Fv
802390D8:dMsgObject_getTotalPayment__Fv
80238F74:dMsgObject_getTotalPrice__Fv
8023335C:dMsgObject_searchSSItem__FPvPv
802392A4:dMsgObject_setFundRaising__FUs
80239140:dMsgObject_setTotalPayment__FUs
80238FDC:dMsgObject_setTotalPrice__FUs
801FA734:dMw_A_TRIGGER__Fv
801FA748:dMw_B_TRIGGER__Fv
801FDFB8:dMw_Create__FP9msg_class
801FA690:dMw_DOWN_TRIGGER__Fv
801FDF80:dMw_Delete__FP5dMw_c
801FDF38:dMw_Draw__FP5dMw_c
801FDF58:dMw_Execute__FP5dMw_c
801FDF78:dMw_IsDelete__FP5dMw_c
801FA6A4:dMw_LEFT_TRIGGER__Fv
801FA6EC:dMw_RIGHT_TRIGGER__Fv
801FA770:dMw_START_TRIGGER__Fv
801FA67C:dMw_UP_TRIGGER__Fv
801FA75C:dMw_Z_TRIGGER__Fv
801FC478:dMw_capture_create__5dMw_cFv
801FC50C:dMw_capture_delete__5dMw_cFv
801FC6F0:dMw_collect_create__5dMw_cFv
801FC788:dMw_collect_delete__5dMw_cFb
801FCA48:dMw_dmap_create__5dMw_cFv
801FCB64:dMw_dmap_delete__5dMw_cFb
801FD570:dMw_fade_in__5dMw_cFv
801FD500:dMw_fade_out__5dMw_cFv
801FCFFC:dMw_fishing_create__5dMw_cFv
801FD09C:dMw_fishing_delete__5dMw_cFv
801FC7F4:dMw_fmap_create__5dMw_cFv
801FC95C:dMw_fmap_delete__5dMw_cFb
801FD28C:dMw_insect_create__5dMw_cFUc
801FD33C:dMw_insect_delete__5dMw_cFv
801FD404:dMw_isButtonBit__5dMw_cFUc
801FA80C:dMw_isMenuRing__Fv
801FD41C:dMw_isPush_S_Button__5dMw_cFv
801FCEB4:dMw_letter_create__5dMw_cFv
801FCF54:dMw_letter_delete__5dMw_cFv
801FD3F4:dMw_offButtonBit__5dMw_cFUc
801FA7E8:dMw_offMenuRing__Fv
801FA7A4:dMw_offPauseWindow__Fv
801FD3E4:dMw_onButtonBit__5dMw_cFUc
801FA7C4:dMw_onMenuRing__Fv
801FA784:dMw_onPauseWindow__Fv
801FCD60:dMw_option_create__5dMw_cFv
801FCE04:dMw_option_delete__5dMw_cFv
801FC58C:dMw_ring_create__5dMw_cFUc
801FC658:dMw_ring_delete__5dMw_cFv
801FCC18:dMw_save_create__5dMw_cFv
801FCCC8:dMw_save_delete__5dMw_cFv
801FD144:dMw_skill_create__5dMw_cFv
801FD1E4:dMw_skill_delete__5dMw_cFv
802551BC:dOvlpFd2_Create__FPv
802551B4:dOvlpFd2_Delete__FP10dOvlpFd2_c
80255084:dOvlpFd2_Draw__FP10dOvlpFd2_c
80255180:dOvlpFd2_Execute__FP10dOvlpFd2_c
802551AC:dOvlpFd2_IsDelete__FP10dOvlpFd2_c
80255C34:dOvlpFd3_Create__FPv
80255C2C:dOvlpFd3_Delete__FP10dOvlpFd3_c
80255B24:dOvlpFd3_Draw__FP10dOvlpFd3_c
80255BF8:dOvlpFd3_Execute__FP10dOvlpFd3_c
80255C24:dOvlpFd3_IsDelete__FP10dOvlpFd3_c
802547E0:dOvlpFd_Create__FPv
802547D8:dOvlpFd_Delete__FP14overlap1_class
802544F4:dOvlpFd_Draw__FP14overlap1_class
802547A4:dOvlpFd_Execute__FP14overlap1_class
80254678:dOvlpFd_FadeIn__FP14overlap1_class
8025456C:dOvlpFd_FadeOut__FP14overlap1_class
802547D0:dOvlpFd_IsDelete__FP14overlap1_class
80254640:dOvlpFd_Wait__FP14overlap1_class
8044B220:dOvlpFd_execute_f
802544FC:dOvlpFd_startFadeIn__Fi
80049420:dPa_cleanupGX__Fv
800497E8:dPa_group_id_change__FPUlPUc
8004D278:dPa_kankyocolor_set__FfP14JPABaseEmitterPC12dKy_tevstr_cUlPC4cXyzPC8_GXColorPC8_GXColor
8004A3AC:dPa_setWindPower__FP15JPABaseParticle
802574FC:dPaneClass_setPriority__FPPvP7JKRHeapP9J2DScreenPCcUlP10JKRArchive
802574A4:dPaneClass_showNullPane__FP7J2DPane
80257460:dPaneClass_showNullPane__FP9J2DScreen
80051898:dPath_GetNextRoomPath__FPC5dPathi
800517B0:dPath_GetPnt__FPC5dPathi
8005195C:dPath_GetPolyRoomPathVec__FRC13cBgS_PolyInfoP4cXyzPi
800517EC:dPath_GetRoomPath__Fii
8025A7BC:dScnLogo_Create__FP11scene_class
8025A844:dScnLogo_Delete__FP10dScnLogo_c
8025A820:dScnLogo_Draw__FP10dScnLogo_c
8025A7E0:dScnLogo_Execute__FP10dScnLogo_c
8025A86C:dScnLogo_IsDelete__FP10dScnLogo_c
8025B5F4:dScnName_Create__FP11scene_class
8025B5CC:dScnName_Delete__FP10dScnName_c
8025B55C:dScnName_Draw__FP10dScnName_c
8025B57C:dScnName_Execute__FP10dScnName_c
8025B59C:dScnName_IsDelete__FP10dScnName_c
80008424:dScnPly_BeforeOfPaint__Fv
8025CF30:dScnPly_Create__FP11scene_class
8025BC48:dScnPly_Delete__FP9dScnPly_c
8025B848:dScnPly_Draw__FP9dScnPly_c
8025BB54:dScnPly_Execute__FP9dScnPly_c
8025BC18:dScnPly_IsDelete__F9dScnPly_c
8025DEE4:dScnRoom_Create__FP11scene_class
8025DAD8:dScnRoom_Delete__FP19room_of_scene_class
8025D1B8:dScnRoom_Draw__FP19room_of_scene_class
8025D900:dScnRoom_Execute__FP19room_of_scene_class
8025DA10:dScnRoom_IsDelete__FP19room_of_scene_class
8044A830:dShopSystem_cameraActor
8044B1A4:dShopSystem_camera_count
803B5A04:dShopSystem_itemActor
8044A828:dShopSystem_itemNo
8044B19C:dShopSystem_item_count
80197230:dShopSystem_searchCameraActor__FPvPv
80197058:dShopSystem_searchItemActor__FPvPv
8044B198:dShopSystem_sellItemMax
80048C54:dSmplMdl_modelUpdateDL__FP8J3DModel
80026D38:dStage_Create__Fv
80026DF8:dStage_Delete__Fv
80023EF4:dStage_GetKeepDoorInfo__Fv
8002405C:dStage_GetRoomKeepDoorInfo__Fv
80023F50:dStage_KeepDoorInfoInit__FP11dStage_dt_c
80023F84:dStage_KeepDoorInfoProc__FP11dStage_dt_cP16stage_tgsc_class
80025308:dStage_RoomCameraInit__FP11dStage_dt_cPviPv
80026FE8:dStage_RoomCheck__FP11cBgS_GndChk
80024078:dStage_RoomKeepDoorInfoProc__FP11dStage_dt_cP16stage_tgsc_class
80024174:dStage_RoomKeepDoorInit__FP11dStage_dt_cPviPv
80023E94:dStage_SetErrorRoom__Fv
80023EC4:dStage_SetErrorStage__Fv
8002586C:dStage_actorCommonLayerInit__FP11dStage_dt_cPviPv
80024EFC:dStage_actorCreate__FP22stage_actor_data_classP16fopAcM_prm_class
80025A38:dStage_actorInit__FP11dStage_dt_cPviPv
80025B24:dStage_actorInit_always__FP11dStage_dt_cPviPv
8002533C:dStage_arrowInit__FP11dStage_dt_cPviPv
80024F98:dStage_cameraCreate__FP24stage_camera2_data_classii
800252B8:dStage_cameraInit__FP11dStage_dt_cPviPv
800272F0:dStage_changeScene4Event__FiScibfUlsi
800270FC:dStage_changeSceneExitId__FR13cBgS_PolyInfofUlScs
80027170:dStage_changeScene__FifUlScsi
80026730:dStage_dmapInfoInit__FP11dStage_dt_cPviPv
80025CDC:dStage_doorInfoInit__FP11dStage_dt_cPviPv
800260B4:dStage_dt_c_decode__FPvP11dStage_dt_cP9FuncTablei
80026C8C:dStage_dt_c_fieldMapLoader__FPvP11dStage_dt_c
8002635C:dStage_dt_c_offsetToPtr__FPv
80026BBC:dStage_dt_c_roomLoader__FPvP11dStage_dt_ci
80026C34:dStage_dt_c_roomReLoader__FPvP11dStage_dt_ci
80026940:dStage_dt_c_stageInitLoader__FPvP11dStage_dt_c
80026B58:dStage_dt_c_stageLoader__FPvP11dStage_dt_c
80026844:dStage_elstInfoInit__FP11dStage_dt_cPviPv
80025500:dStage_envrInfoInit__FP11dStage_dt_cPviPv
8002556C:dStage_fieldMapFiliInfo2Init__FP11dStage_dt_cPviPv
80026400:dStage_fieldMapMapPathInit__FP11dStage_dt_cPviPv
8002634C:dStage_fieldMapTresureInit__FP11dStage_dt_cPviPv
80025534:dStage_filiInfo2Init__FP11dStage_dt_cPviPv
8002558C:dStage_filiInfoInit__FP11dStage_dt_cPviPv
800261E4:dStage_floorInfoInit__FP11dStage_dt_cPviPv
80024EDC:dStage_getName2__FsSc
80024E30:dStage_getName__FsSc
80026CDC:dStage_infoCreate__Fv
80024068:dStage_initRoomKeepDoorInfo__Fv
80023F00:dStage_isBossStage__FP11dStage_dt_c
8002670C:dStage_layerTresureInit__FP11dStage_dt_cPviPv
80026670:dStage_lbnkInfoInit__FP11dStage_dt_cPviPv
800256AC:dStage_lgtvInfoInit__FP11dStage_dt_cPviPv
800261B0:dStage_mapEventInfoInit__FP11dStage_dt_cPviPv
800263D0:dStage_mapPathInitCommonLayer__FP11dStage_dt_cPviPv
800263A0:dStage_mapPathInit__FP11dStage_dt_cPviPv
80026298:dStage_mecoInfoInit__FP11dStage_dt_cPviPv
80026218:dStage_memaInfoInit__FP11dStage_dt_cPviPv
800265DC:dStage_multInfoInit__FP11dStage_dt_cPviPv
80025498:dStage_paletteInfoInit__FP11dStage_dt_cPviPv
80025EA4:dStage_pathInfoInit__FP11dStage_dt_cPviPv
80025014:dStage_playerInit__FP11dStage_dt_cPviPv
80025648:dStage_plightInfoInit__FP11dStage_dt_cPviPv
80025E70:dStage_ppntInfoInit__FP11dStage_dt_cPviPv
800254CC:dStage_pselectInfoInit__FP11dStage_dt_cPviPv
800274B0:dStage_restartRoom__FUlUli
800267DC:dStage_roomDrtgInfoInit__FP11dStage_dt_cPviPv
80024D10:dStage_roomInit__Fi
80025DA8:dStage_roomReadInit__FP11dStage_dt_cPviPv
80025E40:dStage_roomRead_dt_c_GetReverbStage__FR14roomRead_classi
800266A4:dStage_roomTresureInit__FP11dStage_dt_cPviPv
80025F78:dStage_rpatInfoInit__FP11dStage_dt_cPviPv
80025F44:dStage_rppnInfoInit__FP11dStage_dt_cPviPv
80025838:dStage_sclsInfoInit__FP11dStage_dt_cPviPv
80024DC0:dStage_searchName__FPCc
80026080:dStage_setLayerTagName__FP9FuncTableii
8002604C:dStage_soundInfoInitCL__FP11dStage_dt_cPviPv
80026018:dStage_soundInfoInit__FP11dStage_dt_cPviPv
8002617C:dStage_stEventInfoInit__FP11dStage_dt_cPviPv
80025744:dStage_stagInfoInit__FP11dStage_dt_cPviPv
80025738:dStage_stagInfo_GetParticleNo__FP21stage_stag_info_classi
801412E0:dStage_stagInfo_GetSaveTbl__FP21stage_stag_info_class
80026764:dStage_stageDrtgInfoInit__FP11dStage_dt_cPviPv
8002631C:dStage_stageKeepTresureInit__FP11dStage_dt_cPviPv
80025958:dStage_tgscCommonLayerInit__FP11dStage_dt_cPviPv
80025BFC:dStage_tgscInfoInit__FP11dStage_dt_cPviPv
800255E0:dStage_vrboxInfoInit__FP11dStage_dt_cPviPv
80025614:dStage_vrboxcolInfoInit__FP11dStage_dt_cPviPv
80032918:dSv_item_rename__FUc
801AE3BC:dThunder_Create__FP12kankyo_class
801AE33C:dThunder_Delete__FP10dThunder_c
801ADFC0:dThunder_Draw__FP10dThunder_c
801AE15C:dThunder_Execute__FP10dThunder_c
801AE334:dThunder_IsDelete__FP10dThunder_c
8026339C:dTimer_Create__FP9msg_class
8026337C:dTimer_Delete__FP8dTimer_c
80263334:dTimer_Draw__FP8dTimer_c
80263354:dTimer_Execute__FP8dTimer_c
80263374:dTimer_IsDelete__FP8dTimer_c
80263530:dTimer_createGetIn2D__Fl4cXyz
802635B8:dTimer_createStart2D__FlUs
80263464:dTimer_createStockTimer__Fv
802633BC:dTimer_createTimer__FlUlUcUcffff
80263674:dTimer_getRestTimeMs__Fv
8026371C:dTimer_hide__Fv
80263770:dTimer_isReadyFlag__Fv
80263620:dTimer_isStart__Fv
802636C8:dTimer_show__Fv
8019BF84:d_GameOver_Create__FUc
8019BFC8:d_GameOver_Delete__FRUi
8005E8B0:d_krain_cut_turn_check__Fv
800A6644:daAlink_Create__FP10fopAc_ac_c
800CE240:daAlink_Delete__FP9daAlink_c
800CD7C4:daAlink_Draw__FP9daAlink_c
800CAFE0:daAlink_Execute__FP9daAlink_c
8010E564:daAlink_bottleModelCallBack__FP8J3DJointi
8011949C:daAlink_c_getDemoIDData__FP13dDemo_actor_cPiPiPiPUsPiPi
800E3868:daAlink_checkLightBallA__FP10fopAc_ac_c
800E3890:daAlink_checkLightBallB__FP10fopAc_ac_c
8009D8F0:daAlink_coHitCallback__FP10fopAc_ac_cP12dCcD_GObjInfP10fopAc_ac_cP12dCcD_GObjInf
800A4928:daAlink_createHeap__FP10fopAc_ac_c
801828C4:daAlink_getAlinkActorClass__Fv
8009EF70:daAlink_headModelCallBack__FP8J3DJointi
801085D4:daAlink_hookshotAtHitCallBack__FP10fopAc_ac_cP12dCcD_GObjInfP10fopAc_ac_cP12dCcD_GObjInf
80110C24:daAlink_kandelaarModelCallBack__FP8J3DJointi
8009EC60:daAlink_modelCallBack__FP8J3DJointi
800EC75C:daAlink_searchBoar__FP10fopAc_ac_cPv
800B7D84:daAlink_searchBouDoor__FP10fopAc_ac_cPv
800F3D10:daAlink_searchCanoe__FP10fopAc_ac_cPv
800EC790:daAlink_searchCoach__FP10fopAc_ac_cPv
8013DBA4:daAlink_searchEnemyCargo__FP10fopAc_ac_cPv
801350F0:daAlink_searchGiantTalk__FP10fopAc_ac_cPv
8013509C:daAlink_searchGiant__FP10fopAc_ac_cPv
800E91E8:daAlink_searchGoat__FP10fopAc_ac_cPv
801305B8:daAlink_searchGoldWolf__FP10fopAc_ac_cPv
801117A8:daAlink_searchHawk__FP10fopAc_ac_cPv
80105ABC:daAlink_searchIceLeaf__FP10fopAc_ac_cPv
800B7FBC:daAlink_searchKolin__FP10fopAc_ac_cPv
800E38B8:daAlink_searchLightBall__FP10fopAc_ac_cPv
800D0D70:daAlink_searchNightStalker__FP10fopAc_ac_cPv
800CED80:daAlink_searchPeepObj__FP10fopAc_ac_cPv
8011F60C:daAlink_searchPortal__FP10fopAc_ac_cPv
8011068C:daAlink_searchTagKandelaar__FP10fopAc_ac_cPv
801106A0:daAlink_searchTagKtOnFire__FP10fopAc_ac_cPv
80111784:daAlink_searchWhistle__FP10fopAc_ac_cPv
801305CC:daAlink_searchWolfHowl__FP10fopAc_ac_cPv
801392F4:daAlink_searchWolfLockEnemy__FP10fopAc_ac_cPv
8009D8C4:daAlink_tgHitCallback__FP10fopAc_ac_cP12dCcD_GObjInfP10fopAc_ac_cP12dCcD_GObjInf
8009F028:daAlink_wolfModelCallBack__FP8J3DJointi
8014F868:daBaseNpc_PntVsLineSegmentLengthSquare2D__FffffffPfPfPf
8014D584:daBaseNpc_addIdx__FiiPUsi
8014FB74:daBaseNpc_chkPnt__F4cXyzP4dPntUsUsii
8014D66C:daBaseNpc_decIdx__FiPUsii
8015027C:daBaseNpc_getGroundAngle__FP13cBgS_PolyInfos
8014D610:daBaseNpc_incIdx__FiPUsii
8014F910:daBaseNpc_putNurbs__FP4dPntiiP4dPnti
8014D5D0:daBaseNpc_subIdx__FiiPUsi
8015DEFC:daItem_Create__FP10fopAc_ac_c
8015DEDC:daItem_Delete__FP8daItem_c
8015DE9C:daItem_Draw__FP8daItem_c
8015DEBC:daItem_Execute__FP8daItem_c
80031A78:daMP_c_Get_MovieRestFrame__6daMP_cFv
80031AA4:daMP_c_Set_PercentMovieVolume__6daMP_cFf
80031B24:daMP_c_THPPlayerPause__6daMP_cFv
80031AD0:daMP_c_THPPlayerPlay__6daMP_cFv
801456F0:daNocrm_Delete__FP9daNocrm_c
803AD7B8:daNocrm_METHODS
801455F4:daNocrm_create__FP9daNocrm_c
80145718:daNocrm_draw__FP9daNocrm_c
801456F8:daNocrm_execute__FP9daNocrm_c
8014D6C8:daNpcBase_BBasis__FiiiPi
801505B8:daNpcF_addIdx__FiiRUsi
801558A0:daNpcF_chkDoBtnEqSpeak__FP10fopAc_ac_c
80155680:daNpcF_chkEvtBit__FUl
80154EA8:daNpcF_chkPassed__F4cXyzP4dPntUsUsii
801559B4:daNpcF_chkPointInArea__F4cXyz4cXyz4cXyzs
80155700:daNpcF_chkTmpBit__FUl
80155B34:daNpcF_clearMessageTmpBit__Fv
801506A0:daNpcF_decIdx__FiRUsii
80155B20:daNpcF_getDistTableIdx__Fii
801555B8:daNpcF_getGroundAngle__FP13cBgS_PolyInfos
801557C0:daNpcF_getPlayerInfoFromPlayerList__FiiR4cXyzR5csXyz
80150644:daNpcF_incIdx__FiRUsii
80155780:daNpcF_offTmpBit__FUl
801556C0:daNpcF_onEvtBit__FUl
80155740:daNpcF_onTmpBit__FUl
80154DF4:daNpcF_pntVsLineSegmentLengthSquare2D__FffffffPfPfPf
80154EA0:daNpcF_putNurbs__FP4dPntiiP4dPnti
801505F8:daNpcF_subIdx__FiiRUsi
80031648:daNpcKakashi_chkSwdTutorialStage__Fv
80031838:daNpcKakashi_clrSuccessCount__Fv
800317A4:daNpcKakashi_getSuccessCount__Fv
80031718:daNpcKakashi_getSwdTutorialResult__Fv
800316E0:daNpcKakashi_getSwdTutorialStep__Fv
800317DC:daNpcKakashi_incSuccessCount__Fv
80031754:daNpcKakashi_setSwdTutorialResult__Fb
800316A8:daNpcKakashi_setSwdTutorialStep__FUc
8003160C:daNpcMsg_setEvtNum__FUc
80145A84:daNpcT_addIdx__FiiRUsi
8014C24C:daNpcT_chkActorInScreen__FP10fopAc_ac_cfffffffi
8014C62C:daNpcT_chkDoBtnIsSpeak__FP10fopAc_ac_c
8014CAF8:daNpcT_chkEvtBit__FUl
801469D8:daNpcT_chkPassed__F4cXyzP4dPntUsUsiiP4cXyzPiPi
8014C3D0:daNpcT_chkPointInArea__F4cXyz4cXyz4cXyzsi
8014CBB8:daNpcT_chkTmpBit__FUl
80145B6C:daNpcT_decIdx__FiRUsii
8014CA64:daNpcT_getDistTableIdx__Fii
8014C54C:daNpcT_getPlayerInfoFromPlayerList__FiiP4cXyzP5csXyz
80145B10:daNpcT_incIdx__FiRUsii
8014C74C:daNpcT_judgeRace__FP5dPathPP10fopAc_ac_cP16daNpcT_pntData_ciPi
8014CAB8:daNpcT_offEvtBit__FUl
8014CB78:daNpcT_offTmpBit__FUl
8014CA78:daNpcT_onEvtBit__FUl
8014CB38:daNpcT_onTmpBit__FUl
80145AC4:daNpcT_subIdx__FiiRUsi
8015F9C8:daPy_addCalcShort__FPsssss
8044B3F8:dacCallbackFunc__9JASDriver
8044B408:dacp$239
800D7240:damageMagnification__9daAlink_cFii
800D7B50:damageTimerCount__9daAlink_cFv
8019E6C8:darkmist_init__Fv
800080F4:darwFilter__F8_GXColor
8037C0D8:data$3644
8044B090:data$3831
80184C48:dataCopyEffAnm__14dFile_select_cFv
80184B90:dataDelEffAnm__14dFile_select_cFv
801F6EB0:dataSave__12dMenu_save_cFv
80190290:dataSave__14dFile_select_cFv
801F4374:dataSelectAnmSet__12dMenu_save_cFv
80185C78:dataSelectAnmSet__14dFile_select_cFv
80184E84:dataSelectInAnmSet__14dFile_select_cFv
8018508C:dataSelectIn__14dFile_select_cFv
8018527C:dataSelectInit__14dFile_select_cFv
80185E2C:dataSelectMoveAnime__14dFile_select_cFv
80185554:dataSelectStart__14dFile_select_cFv
80185410:dataSelect__14dFile_select_cFv
8038BF20:dataTabl$51473
801F2F38:dataWrite__12dMenu_save_cFv
8044A776:data_80450636
8044A7C0:data_80450680
8044A8E8:data_804507A8
8044A9AC:data_8045086C
8044ACF5:data_80450BB5
8044AD28:data_80450BE8
8044ADD9:data_80450C99
8044ADDA:data_80450C9A
8044ADDB:data_80450C9B
8044ADDC:data_80450C9C
8044ADDD:data_80450C9D
8044ADDE:data_80450C9E
8044ADE0:data_80450CA0
8044AFC8:data_80450E88
8044B1A0:data_80451060
8044B3B4:data_80451274$0
8044B434:data_804512F4$25
8044B498:data_80451358
8044B499:data_80451359
8044B4C0:data_80451380
8044B598:data_80451458
8044B5E4:data_804514A4
8044B5F8:data_804514B8
8044B684:data_80451544
8044B6CC:data_8045158C
8044D080:data_80452F38$22150
8044D081:data_80452F39$22151
8028579C:data_set__Q27JStudio22TFunctionValue_hermiteFPCfUlUl
80285208:data_set__Q27JStudio29TFunctionValue_list_parameterFPCfUl
80253ED8:dbView__16dNpcLib_lookat_cFv
8014F4F8:dbgDraw__11daBaseNpc_cFv
80374A74:ddh_cc_close
80374AA8:ddh_cc_initialize
803747EC:ddh_cc_initinterrupts
80374A7C:ddh_cc_open
80374810:ddh_cc_peek
80374880:ddh_cc_post_stop
803748A4:ddh_cc_pre_continue
80374988:ddh_cc_read
80374AA0:ddh_cc_shutdown
803748C8:ddh_cc_write
80037AE4:dead__12daItemBase_cFv
803650BC:deallocate_from_fixed_pools
80365214:deallocate_from_var_pools
80005AD8:debugDisplay__Fv
801C4784:debugIcon__16dMenuMapCommon_cFv
8044B2EC:debugPrint__9JFWSystem
800061C8:debug__Fv
8019538C:decAlpha__16dSelect_cursor_cFv
8021C8C0:decFloatingMessageTimer__13dMeter2Info_cFv
801BAA0C:decGoldFrameAlphaRate__14dMenu_DmapBg_cFv
8021E438:decHotSpringTimer__13dMeter2Info_cFv
8015A2E0:decIndex__11PathTrace_cFi
8021C908:decMsgKeyWaitTimer__13dMeter2Info_cFv
8000F8CC:decOldFrameMorfCounter__22mDoExt_MtxCalcOldFrameFv
800AA6EC:decSwordBlur__9daAlink_cFv
8014CC40:decTmr__8daNpcT_cFv
8029AC6C:decWaveTable__16JASBasicWaveBankFPCQ216JASBasicWaveBank10TWaveGroup
800B4BB4:decideCommonDoStatus__9daAlink_cFv
800F8930:decideCrawlDoStatus__9daAlink_cFv
80138244:decideDoStatusSwimWolf__9daAlink_cFv
800B52BC:decideDoStatus__9daAlink_cFv
8022A0F8:decideOutFontRupeeColor__19jmessage_tReferenceFi
801CC324:decodeFieldMapData__12dMenu_Fmap_cFv
801CC560:decodePortalData__12dMenu_Fmap_cFv
802DDEF4:decodeSZP__9JKRDecompFPUcPUcUlUl
802DE0B0:decodeSZS__9JKRDecompFPUcPUcUlUl
802DDE78:decode__9JKRDecompFPUcPUcUlUl
8044A8C8:decompPriority__Q29JFWSystem11CSetUpParam
802DD5FC:decompSZS_subroutine__FPUcUl
802ADDA0:decrCrowdSize__7Z2SeMgrFv
80087554:def_se_set__FP10Z2CreatureP8cCcD_ObjUlP10fopAc_ac_c
8034B588:defaultOptionalCommandChecker
803ACDA0:defaultPortal$39238
8015FB28:defaultRadius__22@unnamed@d_camera_cpp@FffPf
80165F40:defaultTriming__9dCamera_cFv
8032FEB8:deformFastVtxNrm_F32__13J3DSkinDeformCFP15J3DVertexBufferP12J3DMtxBuffer
8032FD90:deformFastVtxPos_F32__13J3DSkinDeformCFP15J3DVertexBufferP12J3DMtxBuffer
80330254:deformVtxNrm_F32__13J3DSkinDeformCFP15J3DVertexBuffer
80330358:deformVtxNrm_S16__13J3DSkinDeformCFP15J3DVertexBuffer
8032FFEC:deformVtxPos_F32__13J3DSkinDeformCFP15J3DVertexBufferP12J3DMtxBuffer
80330110:deformVtxPos_S16__13J3DSkinDeformCFP15J3DVertexBufferP12J3DMtxBuffer
80330AA8:deform_VtxNrmF32__11J3DDeformerFP15J3DVertexBufferP10J3DClusterP13J3DClusterKeyPf
80330940:deform_VtxPosF32__11J3DDeformerFP15J3DVertexBufferP10J3DClusterP13J3DClusterKeyPf
80330858:deform__11J3DDeformerFP15J3DVertexBufferUs
80330F50:deform__11J3DDeformerFP15J3DVertexBufferUsPf
80330734:deform__13J3DDeformDataFP15J3DVertexBuffer
80330710:deform__13J3DDeformDataFP8J3DModel
80330500:deform__13J3DSkinDeformFP15J3DVertexBufferP12J3DMtxBuffer
80330478:deform__13J3DSkinDeformFP8J3DModel
802E7814:delXfb__6JUTXfbFi
80281090:deleteAllParticle__14JPABaseEmitterFv
8003B998:deleteArchiveRes__11dRes_info_cFv
800DEB1C:deleteArrow__9daAlink_cFv
802BF914:deleteAudible__10Z2AudienceFP10JAIAudible
8025F8C0:deleteCheck__8dTimer_cFv
802C25D8:deleteEnemyAll__13Z2SoundObjMgrFv
800C1314:deleteEquipItem__9daAlink_cFii
801B9124:deleteExplain__14dMenu_DmapBg_cFv
801D7734:deleteExplain__17dMenu_Fmap2DTop_cFv
802AD560:deleteHandlesPool__14Z2SoundHandlesFv
8015D4CC:deleteItem__8daItem_cFv
8025D4EC:deleteJugge__FPvPv
802C5BE8:deleteKantera__14Z2CreatureLinkFv
802DF738:deleteMemBlocks_CacheFont__12JUTCacheFontFv
802E1528:deleteMemBlocks_ResFont__10JUTResFontFv
802C2984:deleteObject__10Z2CreatureFv
802C444C:deleteObject__12Z2CreatureFMFv
802C4A88:deleteObject__12Z2CreatureOIFv
8019A524:deleteObject__13dShopSystem_cFv
802C5A94:deleteObject__14Z2CreatureLinkFv
802C7688:deleteObject__14Z2CreatureRideFv
802C0438:deleteObject__14Z2SoundObjBaseFv
802C3460:deleteObject__15Z2CreatureEnemyFv
802C413C:deleteObject__16Z2CreatureSumomoFv
802C31A0:deleteObject__17Z2CreatureCitizenFv
802367D0:deleteProc__12dMsgObject_cFv
8025FD7C:deleteRequest__8dTimer_cFv
8003C194:deleteRes__14dRes_control_cFPCcP11dRes_info_ci
801484F8:deleteRes__8daNpcT_cFPCScPPCc
80031A20:deleteRoomFlower__9daGrass_cFi
800319C8:deleteRoomGrass__9daGrass_cFi
80260FF8:deleteScreen__21dDlst_TimerScrnDraw_cFv
8002CA70:deleteSimpleModel__14dComIfG_play_cFv
801D1168:deleteSpotPane__18dMenu_Fmap2DBack_cFv
802D00A4:deleteStreamAram__26JAUStreamStaticAramMgr_<1>FUl
8019B77C:deleteWait_init__11dGameover_cFv
8019B780:deleteWait_proc__11dGameover_cFv
80237220:delete_screen__12dMsgObject_cFb
80041DDC:demoCheck__14dEvt_control_cFP12dEvt_order_c
80041F18:demoEnd__14dEvt_control_cFv
8019B438:demoFadeIn_init__11dGameover_cFv
8019B444:demoFadeIn_proc__11dGameover_cFv
8019B498:demoFadeOut_init__11dGameover_cFv
8019B4A4:demoFadeOut_proc__11dGameover_cFv
80046888:demoInit__16dEvent_manager_cFv
802375E8:demoMessageGroupLocal__12dMsgObject_cFv
80238980:demoMessageGroup__12dMsgObject_cFv
8039D074:desc1$3717
8039D088:desc2$3718
802E78C0:destroyManager__6JUTXfbFv
802E7148:destroyManager__8JUTVideoFv
800248A8:destroyMemoryBlock__20dStage_roomControl_cFv
8028350C:destroyObject__Q37JStudio3ctb8TControlFPQ37JStudio3ctb7TObject
80286BB0:destroyObject__Q37JStudio3fvb8TControlFPQ37JStudio3fvb7TObject
8028B6E0:destroyObject__Q37JStudio3stb8TControlFPQ37JStudio3stb7TObject
8028355C:destroyObject_all__Q37JStudio3ctb8TControlFv
80286C00:destroyObject_all__Q37JStudio3fvb8TControlFv
8028B730:destroyObject_all__Q37JStudio3stb8TControlFv
800155DC:destroyVideo__Fv
802E7EC4:destroy__10JUTProcBarFv
802D08E4:destroy__7JKRHeapFv
80283750:destroy__Q37JStudio3ctb8TFactoryFPQ37JStudio3ctb7TObject
80286ED0:destroy__Q37JStudio3fvb8TFactoryFPQ37JStudio3fvb7TObject
8028BA34:destroy__Q37JStudio3stb8TFactoryFPQ37JStudio3stb7TObject
802D8538:detachResource__10JKRArchiveFPv
802D7694:detachResource__12JKRFileCacheFPv
802D683C:detachResource__13JKRFileLoaderFPvP13JKRFileLoader
80017110:detach__15mDoMemCd_Ctrl_cFv
802DFFA8:determineBlankPage__12JUTCacheFontFv
8000B68C:developKeyCheck__FUlUl
8044A6C0:developmentMode__7mDoMain
8027592C:diagnoseGpHang__Fv
802A4A30:die_JAISound___8JAISoundFv
802A5B60:die_JAIStream___9JAIStreamFv
802A35C0:die___6JAISeqFv
803198D4:diffAmbColor__13J3DColorBlockFv
8031C678:diffAmbColor__20J3DColorBlockLightOnFv
803197FC:diffBlend__10J3DPEBlockFv
80321E54:diffBlend__14J3DPEBlockFullFv
80321574:diffBlend__16J3DPEBlockFogOffFv
803198DC:diffColorChan__13J3DColorBlockFv
8031C970:diffColorChan__20J3DColorBlockLightOnFv
8031C1CC:diffColorChan__21J3DColorBlockLightOffFv
803197F8:diffFog__10J3DPEBlockFv
80321DDC:diffFog__14J3DPEBlockFullFv
803198E0:diffLightObj__13J3DColorBlockFUl
8031CD7C:diffLightObj__20J3DColorBlockLightOnFUl
803198D8:diffMatColor__13J3DColorBlockFv
8031C7F4:diffMatColor__20J3DColorBlockLightOnFv
8031C050:diffMatColor__21J3DColorBlockLightOffFv
80323DD4:diffTevReg__11J3DTevBlockFv
8031F690:diffTevReg__12J3DTevBlock1Fv
8031F8D0:diffTevReg__12J3DTevBlock2Fv
8031FC58:diffTevReg__12J3DTevBlock4Fv
80320014:diffTevReg__13J3DTevBlock16Fv
8031F4C4:diffTevReg__18J3DTevBlockPatchedFv
80323DD8:diffTevStageIndirect__11J3DTevBlockFv
8031F784:diffTevStageIndirect__12J3DTevBlock1Fv
8031FA80:diffTevStageIndirect__12J3DTevBlock2Fv
8031FE08:diffTevStageIndirect__12J3DTevBlock4Fv
803201C4:diffTevStageIndirect__13J3DTevBlock16Fv
8031F414:diffTevStageIndirect__18J3DTevBlockPatchedFv
80323DDC:diffTevStage__11J3DTevBlockFv
8031F694:diffTevStage__12J3DTevBlock1Fv
8031F96C:diffTevStage__12J3DTevBlock2Fv
8031FCF4:diffTevStage__12J3DTevBlock4Fv
803200B0:diffTevStage__13J3DTevBlock16Fv
8031F300:diffTevStage__18J3DTevBlockPatchedFv
80323DE0:diffTexCoordScale__11J3DTevBlockFv
8031F804:diffTexCoordScale__12J3DTevBlock1Fv
8031FB30:diffTexCoordScale__12J3DTevBlock2Fv
8031FEB8:diffTexCoordScale__12J3DTevBlock4Fv
80320274:diffTexCoordScale__13J3DTevBlock16Fv
8031F560:diffTexCoordScale__18J3DTevBlockPatchedFv
80334F5C:diffTexGen__18J3DTexGenBlockNullFv
8031D1CC:diffTexGen__21J3DTexGenBlockPatchedFv
80334F58:diffTexMtx__18J3DTexGenBlockNullFv
8031D16C:diffTexMtx__21J3DTexGenBlockPatchedFv
80323DE4:diffTexNo__11J3DTevBlockFv
8031F658:diffTexNo__12J3DTevBlock1Fv
8031F86C:diffTexNo__12J3DTevBlock2Fv
8031FBF4:diffTexNo__12J3DTevBlock4Fv
8031FFB0:diffTexNo__13J3DTevBlock16Fv
8031F29C:diffTexNo__18J3DTevBlockPatchedFv
803197E0:diff__10J3DPEBlockFUl
80318C74:diff__11J3DMaterialFUl
8031F1E0:diff__11J3DTevBlockFUl
803197DC:diff__13J3DColorBlockFUl
8032213C:diff__14J3DPEBlockFullFUl
803207C4:diff__15J3DIndBlockFullFUl
80319834:diff__15J3DIndBlockNullFUl
80323F68:diff__16J3DPEBlockFogOffFUl
80319568:diff__17J3DLockedMaterialFUl
80334F54:diff__18J3DTexGenBlockNullFUl
8031C5D8:diff__20J3DColorBlockLightOnFUl
8031BFE8:diff__21J3DColorBlockLightOffFUl
8031D104:diff__21J3DTexGenBlockPatchedFUl
80329E3C:diff__8J3DModelFv
80096010:digHoleEvCamera__9dCamera_cFv
8027A750:dirTypeEmtrDir__FPC18JPAEmitterWorkDataPC15JPABaseParticlePQ29JGeometry8TVec3<f>
8027A71C:dirTypePosInv__FPC18JPAEmitterWorkDataPC15JPABaseParticlePQ29JGeometry8TVec3<f>
8027A700:dirTypePos__FPC18JPAEmitterWorkDataPC15JPABaseParticlePQ29JGeometry8TVec3<f>
8027A76C:dirTypePrevPtcl__FPC18JPAEmitterWorkDataPC15JPABaseParticlePQ29JGeometry8TVec3<f>
8027A6E4:dirTypeVel__FPC18JPAEmitterWorkDataPC15JPABaseParticlePQ29JGeometry8TVec3<f>
80097778:directionOf__9dCamera_cFP10fopAc_ac_c
80018124:dispConsoleToTerminal__Fv
80017FD0:dispDateInfo__Fv
8019B360:dispFadeOut_init__11dGameover_cFv
8019B3A8:dispFadeOut_proc__11dGameover_cFv
80017F8C:dispGameInfo__Fv
80017E30:dispHeapInfo__Fv
8019B3CC:dispWait_init__11dGameover_cFv
8019B414:dispWait_proc__11dGameover_cFv
801F1050:displayInit__12dMenu_save_cFv
8018CF28:displayInit__14dFile_select_cFv
80253060:displayInit__7dName_cFv
8044B944:displayOffsetH
8044B946:displayOffsetV
802A75A0:dispose__10JAUSectionFv
802C04B0:dispose__14Z2SoundObjBaseFv
802D0F3C:dispose__7JKRHeapFPvPv
802D0F14:dispose__7JKRHeapFPvUl
802D0F5C:dispose__7JKRHeapFv
802D0E80:dispose_subroutine__7JKRHeapFUlUl
803A3DD0:dist_table__12dAttention_c
80070C80:distace_angle_adjust__Ffsf
80070C34:distace_weight__Ffsf
80367514:div
8026384C:dkWmark_Create__FP12kankyo_class
80263ACC:dkWmark_Delete__FP9dkWmark_c
80263E48:dkWmark_Draw__FP9dkWmark_c
80263D94:dkWmark_Execute__FP9dkWmark_c
80264334:dkWpillar_Create__FP12kankyo_class
8026441C:dkWpillar_Delete__FP11dkWpillar_c
802645DC:dkWpillar_Draw__FP11dkWpillar_c
802644D8:dkWpillar_Execute__FP11dkWpillar_c
8044B5BC:dmaBuf
802DDA1C:dmaBufferFlush__FUl
8044B5C4:dmaCurrent
8044B5C0:dmaEnd
801FAC84:dmap_close_init__5dMw_cFUc
801FBCD4:dmap_close_proc__5dMw_cFv
801FAC80:dmap_move_init__5dMw_cFUc
801FBAFC:dmap_move_proc__5dMw_cFv
801FAC5C:dmap_open_init__5dMw_cFUc
801FBAA4:dmap_open_proc__5dMw_cFv
802F7784:doCtrlCode__8J2DPrintFi
802E9AE4:doDraw__10JUTConsoleCFQ210JUTConsole12EConsoleType
802F78AC:doEscapeCode__8J2DPrintFPPCUcUc
8024BC40:doFlow__10dMsgFlow_cFP10fopAc_ac_cPP10fopAc_ac_ci
8044A8A5:doPreLoad
802D15C4:do_alloc__10JKRExpHeapFUli
802D314C:do_alloc__12JKRSolidHeapFUli
802D38D8:do_alloc__13JKRAssertHeapFUli
8022F578:do_arrow2__28jmessage_tRenderingProcessorFv
8022A210:do_begin__26jmessage_tMeasureProcessorFPCvPCc
8022BDFC:do_begin__27jmessage_tSequenceProcessorFPCvPCc
8022D5E0:do_begin__28jmessage_tRenderingProcessorFPCvPCc
802304BC:do_begin__33jmessage_string_tMeasureProcessorFPCvPCc
802313B8:do_begin__34jmessage_string_tSequenceProcessorFPCvPCc
80231598:do_begin__35jmessage_string_tRenderingProcessorFPCvPCc
80288BCC:do_begin__Q27JStudio7TObjectFv
802AA404:do_begin__Q28JMessage10TProcessorFPCvPCc
8028B248:do_begin__Q37JStudio3stb7TObjectFv
802AAC10:do_begin___Q28JMessage18TSequenceProcessorFPCvPCc
802AAFE4:do_begin___Q28JMessage19TRenderingProcessorFPCvPCc
802AABE0:do_branch__Q28JMessage18TSequenceProcessorFPCvPCc
802AABD8:do_branch_queryResult__Q28JMessage18TSequenceProcessorFv
802AABD4:do_branch_query__Q28JMessage18TSequenceProcessorFUl
802D1DC4:do_changeGroupID__10JKRExpHeapFUc
802D38C8:do_changeGroupID__13JKRAssertHeapFUc
802D1240:do_changeGroupID__7JKRHeapFUc
8022A574:do_character__26jmessage_tMeasureProcessorFi
8022C784:do_character__27jmessage_tSequenceProcessorFi
8022D8B4:do_character__28jmessage_tRenderingProcessorFi
80230500:do_character__33jmessage_string_tMeasureProcessorFi
80231480:do_character__34jmessage_string_tSequenceProcessorFi
80231640:do_character__35jmessage_string_tRenderingProcessorFi
802AA40C:do_character__Q28JMessage10TProcessorFi
8022F034:do_color__28jmessage_tRenderingProcessorFUc
80232E84:do_color__35jmessage_string_tRenderingProcessorFUc
80288C5C:do_data__Q27JStudio7TObjectFPCvUlPCvUl
8028B258:do_data__Q37JStudio3stb7TObjectFPCvUlPCvUl
802D1448:do_destroy__10JKRExpHeapFv
802D2F6C:do_destroy__12JKRSolidHeapFv
802D3874:do_destroy__13JKRAssertHeapFv
8022A3EC:do_end__26jmessage_tMeasureProcessorFv
8022C1E0:do_end__27jmessage_tSequenceProcessorFv
8022D7EC:do_end__28jmessage_tRenderingProcessorFv
802304EC:do_end__33jmessage_string_tMeasureProcessorFv
80231474:do_end__34jmessage_string_tSequenceProcessorFv
802315E0:do_end__35jmessage_string_tRenderingProcessorFv
80288C04:do_end__Q27JStudio7TObjectFv
802AA408:do_end__Q28JMessage10TProcessorFv
8028B24C:do_end__Q37JStudio3stb7TObjectFv
802AAC14:do_end___Q28JMessage18TSequenceProcessorFv
802AAFE8:do_end___Q28JMessage19TRenderingProcessorFv
802D1DC0:do_fillFreeArea__10JKRExpHeapFv
802D349C:do_fillFreeArea__12JKRSolidHeapFv
802D38EC:do_fillFreeArea__13JKRAssertHeapFv
802D1CBC:do_freeAll__10JKRExpHeapFv
802D33B0:do_freeAll__12JKRSolidHeapFv
802D38E4:do_freeAll__13JKRAssertHeapFv
802D1D38:do_freeTail__10JKRExpHeapFv
802D3410:do_freeTail__12JKRSolidHeapFv
802D38E8:do_freeTail__13JKRAssertHeapFv
802D1C48:do_free__10JKRExpHeapFPv
802D3380:do_free__12JKRSolidHeapFPv
802D38E0:do_free__13JKRAssertHeapFPv
802D2EB8:do_getCurrentGroupId__10JKRExpHeapFv
802D38D0:do_getCurrentGroupId__13JKRAssertHeapFv
802D1248:do_getCurrentGroupId__7JKRHeapFv
802D2040:do_getFreeSize__10JKRExpHeapFv
802D3730:do_getFreeSize__12JKRSolidHeapFv
802D3900:do_getFreeSize__13JKRAssertHeapFv
802D20AC:do_getMaxFreeBlock__10JKRExpHeapFv
802D3738:do_getMaxFreeBlock__12JKRSolidHeapFv
802D3908:do_getMaxFreeBlock__13JKRAssertHeapFv
802D1FC0:do_getSize__10JKRExpHeapFPv
802D34D4:do_getSize__12JKRSolidHeapFPv
802D38F8:do_getSize__13JKRAssertHeapFPv
802D2120:do_getTotalFreeSize__10JKRExpHeapFv
802D3740:do_getTotalFreeSize__12JKRSolidHeapFv
802D3910:do_getTotalFreeSize__13JKRAssertHeapFv
8022EB2C:do_heightcenter__28jmessage_tRenderingProcessorFv
80232808:do_heightcenter__35jmessage_string_tRenderingProcessorFv
8022C320:do_isReady__27jmessage_tSequenceProcessorFv
80231478:do_isReady__34jmessage_string_tSequenceProcessorFv
802AABC0:do_isReady__Q28JMessage18TSequenceProcessorFv
8022D3F8:do_jump__27jmessage_tSequenceProcessorFPCvPCc
802314BC:do_jump__34jmessage_string_tSequenceProcessorFPCvPCc
802AABD0:do_jump__Q28JMessage18TSequenceProcessorFPCvPCc
8022D0A0:do_jump_isReady__27jmessage_tSequenceProcessorFv
802314B4:do_jump_isReady__34jmessage_string_tSequenceProcessorFv
802AABC8:do_jump_isReady__Q28JMessage18TSequenceProcessorFv
8022F1C8:do_linedown__28jmessage_tRenderingProcessorFs
80232FA8:do_linedown__35jmessage_string_tRenderingProcessorFs
8026508C:do_link__20DynamicModuleControlFv
80265604:do_link__24DynamicModuleControlBaseFv
80264C18:do_load__20DynamicModuleControlFv
8026560C:do_load__24DynamicModuleControlBaseFv
80264F2C:do_load_async__20DynamicModuleControlFv
80265624:do_load_async__24DynamicModuleControlBaseFv
8022BB6C:do_name1__26jmessage_tMeasureProcessorFv
8022D0A8:do_name1__27jmessage_tSequenceProcessorFv
8022FDA4:do_name1__28jmessage_tRenderingProcessorFv
8022FE18:do_numset__28jmessage_tRenderingProcessorFs
80232FFC:do_numset__35jmessage_string_tRenderingProcessorFs
8022F34C:do_outfont__28jmessage_tRenderingProcessorFUcUl
80232BE4:do_outfont__35jmessage_string_tRenderingProcessorFUc
8022BB04:do_pageType__26jmessage_tMeasureProcessorFi
80289648:do_paragraph__Q27JStudio11TObject_fogFUlPCvUl
80288D7C:do_paragraph__Q27JStudio13TObject_actorFUlPCvUl
802897D4:do_paragraph__Q27JStudio13TObject_lightFUlPCvUl
8028A008:do_paragraph__Q27JStudio13TObject_soundFUlPCvUl
802892E8:do_paragraph__Q27JStudio14TObject_cameraFUlPCvUl
80289AAC:do_paragraph__Q27JStudio15TObject_messageFUlPCvUl
80289BD8:do_paragraph__Q27JStudio16TObject_particleFUlPCvUl
80289168:do_paragraph__Q27JStudio20TObject_ambientLightFUlPCvUl
8028B250:do_paragraph__Q37JStudio3stb7TObjectFUlPCvUl
802AA4C4:do_resetStatus___Q28JMessage10TProcessorFPCc
802AABE4:do_resetStatus___Q28JMessage18TSequenceProcessorFPCc
8022BDF8:do_reset__27jmessage_tSequenceProcessorFv
8022D5DC:do_reset__28jmessage_tRenderingProcessorFv
802313B4:do_reset__34jmessage_string_tSequenceProcessorFv
80231554:do_reset__35jmessage_string_tRenderingProcessorFv
802AA400:do_reset__Q28JMessage10TProcessorFv
802D1E14:do_resize__10JKRExpHeapFPvUl
802D34A0:do_resize__12JKRSolidHeapFPvUl
802D38F0:do_resize__13JKRAssertHeapFPvUl
8022BBFC:do_rubyset__26jmessage_tMeasureProcessorFPCvUl
8022D238:do_rubyset__27jmessage_tSequenceProcessorFPCvUl
8022F9B0:do_rubyset__28jmessage_tRenderingProcessorFPCvUl
80231284:do_rubyset__33jmessage_string_tMeasureProcessorFPCvUl
802329C8:do_rubyset__35jmessage_string_tRenderingProcessorFPCvUl
8022FBEC:do_rubystrcat__28jmessage_tRenderingProcessorFPcPcff
80232B78:do_rubystrcat__35jmessage_string_tRenderingProcessorFPc
8022B808:do_scale__26jmessage_tMeasureProcessorFf
8022F0C8:do_scale__28jmessage_tRenderingProcessorFf
80232F18:do_scale__35jmessage_string_tRenderingProcessorFf
802AA418:do_select_begin__Q28JMessage10TProcessorFUl
802AA41C:do_select_end__Q28JMessage10TProcessorFv
802AA420:do_select_separate__Q28JMessage10TProcessorFv
8022EA74:do_selwidthcenter__28jmessage_tRenderingProcessorFi
802AA4C8:do_setBegin_isReady___Q28JMessage10TProcessorCFv
802AAC00:do_setBegin_isReady___Q28JMessage18TSequenceProcessorCFv
8022B8A4:do_space__26jmessage_tMeasureProcessorFUl
8022D11C:do_space__27jmessage_tSequenceProcessorFUl
8022F768:do_strcat__28jmessage_tRenderingProcessorFPcbbb
8023295C:do_strcat__35jmessage_string_tRenderingProcessorFPc
8022A9A0:do_tag__26jmessage_tMeasureProcessorFUlPCvUl
8022C944:do_tag__27jmessage_tSequenceProcessorFUlPCvUl
8022DF60:do_tag__28jmessage_tRenderingProcessorFUlPCvUl
802306C8:do_tag__33jmessage_string_tMeasureProcessorFUlPCvUl
80231484:do_tag__34jmessage_string_tSequenceProcessorFUlPCvUl
80231A08:do_tag__35jmessage_string_tRenderingProcessorFUlPCvUl
802AA410:do_tag__Q28JMessage10TProcessorFUlPCvUl
802AA4D0:do_tag___Q28JMessage10TProcessorFUlPCvUl
802AAC20:do_tag___Q28JMessage18TSequenceProcessorFUlPCvUl
802AAFEC:do_tag___Q28JMessage19TRenderingProcessorFUlPCvUl
8022F228:do_transY__28jmessage_tRenderingProcessorFsb
80265358:do_unlink__20DynamicModuleControlFv
8026561C:do_unlink__24DynamicModuleControlBaseFv
80264FF4:do_unload__20DynamicModuleControlFv
80265614:do_unload__24DynamicModuleControlBaseFv
80288C3C:do_wait__Q27JStudio7TObjectFUl
8028B254:do_wait__Q37JStudio3stb7TObjectFUl
8022E990:do_widthcenter__28jmessage_tRenderingProcessorFv
80232688:do_widthcenter__35jmessage_string_tRenderingProcessorFv
802A9F80:do_word__Q28JMessage10TReferenceCFUl
802592C8:dolbyInDraw__10dScnLogo_cFv
802593D0:dolbyOutDraw2__10dScnLogo_cFv
8025934C:dolbyOutDraw__10dScnLogo_cFv
802D5DE0:doneDMA__12JKRAramPieceFUl
802DBF60:doneProcess__10JKRDvdFileFlP11DVDFileInfo
80042014:doorCheck__14dEvt_control_cFP12dEvt_order_c
80239588:dotAnimeInit__14dMsgScrnBase_cFv
80241188:dotAnimeInit__14dMsgScrnItem_cFv
802498F0:dotAnimeInit__14dMsgScrnTalk_cFv
8023CEA4:dotAnimeInit__15dMsgScrnArrow_cFv
80239584:dotAnimeMove__14dMsgScrnBase_cFv
802411AC:dotAnimeMove__14dMsgScrnItem_cFv
80249914:dotAnimeMove__14dMsgScrnTalk_cFv
8023CEF0:dotAnimeMove__15dMsgScrnArrow_cFv
80369E80:double2hex
8039C4F0:dp_h
8039C500:dp_l
801E8790:dpdMenuMove__14dMenu_Option_cFv
801EFBE0:dpdMove__12dMenu_Ring_cFv
8019AB68:dpdMove__13dShopSystem_cFv
801BA074:dpdMove__14dMenu_DmapBg_cFScScScPUcUc
801DA370:dpdMove__14dMenu_Insect_cFv
8044D7A0:drArcName$4618
80050370:drawAfter__18JPAEmitterCallBackFP14JPABaseEmitter
80050014:drawAfter__18dPa_modelEcallBackFP14JPABaseEmitter
800501E0:drawAfter__19dPa_light8EcallBackFP14JPABaseEmitter
8005013C:drawAfter__25dPa_gen_b_light8EcallBackFP14JPABaseEmitter
80050098:drawAfter__25dPa_gen_d_light8EcallBackFP14JPABaseEmitter
80291500:drawAfter__Q317JStudio_JParticle17TAdaptor_particle21TJPACallback_emitter_FP14JPABaseEmitter
8003D0AC:drawBack__18dRenderingFDAmap_cCFv
800196A0:drawBallModel__13fopEn_enemy_cFP12dKy_tevstr_c
801CCE50:drawBatsumarkIcon__12dMenu_Fmap_cFv
80217FD4:drawButton3D__13dMeter2Draw_cFUc
8021747C:drawButtonA__13dMeter2Draw_cFUcfffffbb
802177B4:drawButtonB__13dMeter2Draw_cFUcbfffffb
802180E0:drawButtonBin__13dMeter2Draw_cFUc
80218024:drawButtonC__13dMeter2Draw_cFUcb
80218924:drawButtonCross__13dMeter2Draw_cFff
80217D1C:drawButtonR__13dMeter2Draw_cFUcUcbb
80218090:drawButtonS__13dMeter2Draw_cFUc
80218184:drawButtonXY__13dMeter2Draw_cFiUcUcbb
80217DBC:drawButtonZ__13dMeter2Draw_cFUc
802782E0:drawC__11JPAResourceFP18JPAEmitterWorkData
8009D448:drawCapture__FUc
802E67B8:drawChar__14JUTDirectPrintFiii
802E1C60:drawChar_scale__10JUTResFontFffffib
80069540:drawCloudShadow__FPA4_fPPUc
801CCEE4:drawCoachIcon__12dMenu_Fmap_cFv
802475E0:drawCommon__15dMsgScrnLight_cFfffff
802FDD04:drawContentsTexture__9J2DWindowFffff
80303E30:drawContents__11J2DWindowExFRCQ29JGeometry8TBox2<f>
802FD7D4:drawContents__9J2DWindowFRCQ29JGeometry8TBox2<f>
80198838:drawCursor__13dShopSystem_cFv
801BB428:drawCursor__14dMenu_DmapBg_cFv
800412C0:drawCursor__28renderingPlusDoorAndCursor_cFRC3Vecsif
80155C1C:drawDbgInfo__8daNpcF_cFv
8014CC7C:drawDbgInfo__8daNpcT_cFv
801D56C0:drawDebugRegionArea__18dMenu_Fmap2DBack_cFv
801D53FC:drawDebugStageArea__18dMenu_Fmap2DBack_cFv
801CD464:drawDebugStage__12dMenu_Fmap_cFv
80008630:drawDepth2__FP10view_classP15view_port_classi
802EA8EC:drawDirect__17JUTConsoleManagerCFb
802E7558:drawDoneCallback__8JUTVideoFv
802E7524:drawDoneStart__8JUTVideoFv
80040574:drawDoor1__19renderingPlusDoor_cFv
800405B8:drawDoor2__19renderingPlusDoor_cFv
800405FC:drawDoorCommon__19renderingPlusDoor_cFPC21stage_tgsc_data_classib
802447CC:drawEffect__14dMsgScrnHowl_cFv
801CD284:drawEnterIcon__12dMenu_Fmap_cFv
80315458:drawFast__14J3DShapePacketFv
803178E8:drawFast__8J3DShapeCFv
80049BC0:drawFirst__FP14JPABaseEmitter
80049C20:drawFirst_l8__FP14JPABaseEmitter
801BD378:drawFloorScreenBack__12dMenu_Dmap_cFP9J2DScreenffP13J2DOrthoGraph
801BD4E4:drawFloorScreenTop__12dMenu_Dmap_cFP9J2DScreenffP13J2DOrthoGraph
8024B838:drawFontLocal__12dMsgString_cFP10J2DTextBoxUcffffUlUc
8024B514:drawFontLocal__16dMsgStringBase_cFP10J2DTextBoxUcffffUlUc
802274A4:drawFont__10COutFont_cFP10J2DTextBoxUcffffUlUc
802263C8:drawFont__13COutFontSet_cFP10J2DTextBoxUcffffUlUc
80304210:drawFrameTexture__11J2DWindowExFffffUsUsUsUsP11J2DMaterialb
802FDC64:drawFrameTexture__9J2DWindowFP10JUTTextureffbbb
802FDAD0:drawFrameTexture__9J2DWindowFP10JUTTextureffffUsUsUsUsb
802EB804:drawFrame__14J2DGrafContextFRCQ29JGeometry8TBox2<f>
80300098:drawFullSet__10J2DPictureFffffPA3_A4_f
8030601C:drawFullSet__12J2DPictureExFffffPA3_A4_f
803C8DD0:drawFuncTable__13J3DDrawBuffer
8014CC78:drawGhost__8daNpcT_cFv
801CCEBC:drawGoldWolfIcon__12dMenu_Fmap_cFv
802441F4:drawGuide2__14dMsgScrnHowl_cFv
802439B8:drawGuide__14dMsgScrnHowl_cFv
8020C3F4:drawHaihaiBottom__14dMeterHaihai_cFff
8020C220:drawHaihaiLeft__14dMeterHaihai_cFff
8020C2BC:drawHaihaiRight__14dMeterHaihai_cFff
8020C358:drawHaihaiTop__14dMeterHaihai_cFff
801E3C00:drawHaihai__14dMenu_Option_cFv
8020BD88:drawHaihai__14dMeterHaihai_cFUc
8020C084:drawHaihai__14dMeterHaihai_cFUcffff
8032799C:drawHead__13J3DDrawBufferCFv
802E943C:drawHeapBar__10JUTProcBarFv
80041208:drawIconSingle__28renderingPlusDoorAndCursor_cFRC3Vecff
801CD180:drawIcon__12dMenu_Fmap_cFUci
801CCB7C:drawIcon__12dMenu_Fmap_cFfb
801C38A4:drawIcon__16dMenuMapCommon_cFffff
80312558:drawInit__6J3DSysFv
801ED6F8:drawItem2__12dMenu_Ring_cFv
8000A58C:drawItem3D__Fv
8021B598:drawItemNum__13dMeter2Draw_cFUcf
801ED270:drawItem__12dMenu_Ring_cFv
801A569C:drawKankyo__18dScnKy_env_light_cFv
8021B648:drawKanteraMeter__13dMeter2Draw_cFUcf
80215584:drawKanteraScreen__13dMeter2Draw_cFUc
80215B78:drawKantera__13dMeter2Draw_cFllff
801DB7B8:drawKantera__19dMenu_ItemExplain_cFv
80217110:drawKey__13dMeter2Draw_cFs
802150C4:drawLife__13dMeter2Draw_cFssff
801CCE0C:drawLightDropIcon__12dMenu_Fmap_cFv
802161E8:drawLightDrop__13dMeter2Draw_cFUcUcffffUc
80215960:drawMagic__13dMeter2Draw_cFssff
8004ACEC:drawModel__18dPa_modelEcallBackFP14JPABaseEmitterPA4_f
80040838:drawNormalDoorS__19renderingPlusDoor_cFPC21stage_tgsc_data_classiib
80159148:drawNpc__10daNpcCd2_cFv
80156FC0:drawNpc__9daNpcCd_cFv
801EEDA4:drawNumber__12dMenu_Ring_cFiiff
8015903C:drawObj__10daNpcCd2_cFiP8J3DModelf
80156ED8:drawObj__9daNpcCd_cFiP8J3DModelf
800566D4:drawOpaDrawList__12dDlst_list_cFP13J3DDrawBuffer
8005674C:drawOpaListItem3d__12dDlst_list_cFv
8014CC74:drawOtherMdl__8daNpcT_cFv
8014F4F4:drawOtherMdls__11daBaseNpc_cFv
80155C18:drawOtherMdls__8daNpcF_cFv
8024B74C:drawOutFontLocal__12dMsgString_cFP10J2DTextBoxf
8024B584:drawOutFontLocal__16dMsgStringBase_cFP10J2DTextBoxf
8023D20C:drawOutFont__14dMsgScrnBase_cFfff
80300424:drawOut__10J2DPictureFRCQ29JGeometry8TBox2<f>RCQ29JGeometry8TBox2<f>
80301A24:drawOut__10J2DPictureFffffff
803019C0:drawOut__10J2DPictureFffffffff
8030738C:drawOut__12J2DPictureExFRCQ29JGeometry8TBox2<f>RCQ29JGeometry8TBox2<f>
80307224:drawOut__12J2DPictureExFffffff
8030956C:drawOut__12J2DPictureExFffffffff
80215EB0:drawOxygen__13dMeter2Draw_cFllff
80277FA4:drawP__11JPAResourceFP18JPAEmitterWorkData
8003CCC4:drawPath__11dDrawPath_cFv
80028A10:drawPath__15renderingAmap_cFv
80214CFC:drawPikariHakusha__13dMeter2Draw_cFffffQ28JUtility6TColorQ28JUtility6TColorQ28JUtility6TColorQ28JUtility6TColor
802146C0:drawPikari__13dMeter2Draw_cFP8CPaneMgrPffQ28JUtility6TColorQ28JUtility6TColorQ28JUtility6TColorQ28JUtility6TColorfUc
802147AC:drawPikari__13dMeter2Draw_cFffPffQ28JUtility6TColorQ28JUtility6TColorQ28JUtility6TColorQ28JUtility6TColorfUc
8020FF5C:drawPikari__14dMeterString_cFv
80262F1C:drawPikari__21dDlst_TimerScrnDraw_cFi
801CCF0C:drawPlayEnterIcon__12dMenu_Fmap_cFv
801CD2C8:drawPortalIcon__12dMenu_Fmap_cFv
802E82D8:drawProcessBar__10JUTProcBarFv
802169FC:drawRupee__13dMeter2Draw_cFs
80049E40:drawSecond_b_light8__FP14JPABaseEmitter
80049C44:drawSecond_light8__FP14JPABaseEmitter
801EE3F4:drawSelectItem__12dMenu_Ring_cFv
802FFFC4:drawSelf__10J2DPictureFff
8030002C:drawSelf__10J2DPictureFffPA3_A4_f
80302D84:drawSelf__10J2DTextBoxFff
80302DEC:drawSelf__10J2DTextBoxFffPA3_A4_f
803036C8:drawSelf__11J2DWindowExFffPA3_A4_f
80305F50:drawSelf__12J2DPictureExFffPA3_A4_f
80309A48:drawSelf__12J2DTextBoxExFffPA3_A4_f
8023D1E0:drawSelf__14dMsgScrnBase_cFv
8023DA58:drawSelf__14dMsgScrnBoss_cFv
80242E40:drawSelf__14dMsgScrnHowl_cFv
80240D34:drawSelf__14dMsgScrnItem_cFv
80249604:drawSelf__14dMsgScrnTalk_cFv
801921A4:drawSelf__15dFile_warning_cFv
80247F34:drawSelf__15dMsgScrnPlace_cFv
80248458:drawSelf__15dMsgScrnStaff_cFv
802460B8:drawSelf__16dMsgScrnJimaku_cFv
802FA914:drawSelf__7J2DPaneFff
802FA864:drawSelf__7J2DPaneFffPA3_A4_f
802FB5BC:drawSelf__9J2DScreenFffPA3_A4_f
802FD674:drawSelf__9J2DWindowFff
802FD6DC:drawSelf__9J2DWindowFffPA3_A4_f
80158FB8:drawShadow__10daNpcCd2_cFf
8002CAC4:drawSimpleModel__14dComIfG_play_cFv
801CCE78:drawSnowmanIcon__12dMenu_Fmap_cFv
802E28DC:drawString__10JUTDbPrintFiiiPCUc
802E6B74:drawString__14JUTDirectPrintFUsUsPc
802E6BA4:drawString_f__14JUTDirectPrintFUsUsPCce
802E12C4:drawString_size_scale__7JUTFontFffffPCcUlb
80327A14:drawTail__13J3DDrawBufferCFv
8030081C:drawTexCoord__10J2DPictureFffffssssssssPA3_A4_f
80306078:drawTexCoord__12J2DPictureExFffffssssssssPA3_A4_f
801B5F08:drawTop__17dMenu_Collect2D_cFv
80040E84:drawTreasureAfterPlayer__28renderingPlusDoorAndCursor_cFv
80040B00:drawTreasure__28renderingPlusDoorAndCursor_cFv
8006A0C4:drawVrkumo__FPA4_fR8_GXColorPPUc
802433A8:drawWave__14dMsgScrnHowl_cFv
80056710:drawXluDrawList__12dDlst_list_cFP13J3DDrawBuffer
80056770:drawXluListItem3d__12dDlst_list_cFv
80227500:draw__10COutFont_cFP10J2DTextBoxfff
803018E4:draw__10J2DPictureFffUcbbb
8030197C:draw__10J2DPictureFffbbb
8030010C:draw__10J2DPictureFffffbbb
80302784:draw__10J2DTextBoxFff
8030292C:draw__10J2DTextBoxFfff18J2DTextBoxHBinding
802E82A4:draw__10JUTProcBarFv
800732F0:draw__10dAttDraw_cFR4cXyzPA4_f
80053A9C:draw__10dDlst_2D_cFv
80258588:draw__10dScnLogo_cFv
8025AFF8:draw__10dScnName_cFv
80304464:draw__11J2DWindowExFRCQ29JGeometry8TBox2<f>
80304600:draw__11J2DWindowExFRCQ29JGeometry8TBox2<f>RCQ29JGeometry8TBox2<f>
80305A04:draw__11J2DWindowExFffff
80277EC4:draw__11JPAResourceFP18JPAEmitterWorkDataP14JPABaseEmitter
80052C58:draw__11dDlst_2DM_cFv
80051F98:draw__11dDlst_2DT_cFv
8005312C:draw__11dDlst_2Dm_cFv
80053B64:draw__11dDlst_blo_cFv
8020E7D8:draw__11dMeterMap_cFv
801940EC:draw__11dMeterSub_cFv
8014EC9C:draw__11daBaseNpc_cFf
802644F8:draw__11dkWpillar_cFv
80306C18:draw__12J2DPictureExFffUcbbb
80309528:draw__12J2DPictureExFffbbb
80306D2C:draw__12J2DPictureExFffffbbb
80309D48:draw__12J2DTextBoxExFff
80309F8C:draw__12J2DTextBoxExFfff18J2DTextBoxHBinding
80314F38:draw__12J3DMatPacketFv
80316F70:draw__12J3DShapeDrawCFv
8005364C:draw__12dDlst_2DMt_cFv
80052354:draw__12dDlst_2DT2_cFv
8002ABEC:draw__12dDlst_base_cFv
800567C4:draw__12dDlst_list_cFPP12dDlst_base_cPP12dDlst_base_c
801EFCBC:draw__12dMenu_Ring_cFv
80049270:draw__12diff_model_cFv
80327948:draw__13J3DDrawBufferCFv
80314DC0:draw__13J3DDrawPacketFv
80051AF0:draw__13dDlst_2DTri_cFv
801FA100:draw__13dMenu_Skill_cFv
80211BEC:draw__13dMeter2Draw_cFv
8004C188:draw__13dPa_control_cFP11JPADrawInfoUc
803153C0:draw__14J3DShapePacketFv
80051CF0:draw__14dDlst_2DQuad_cFv
8025340C:draw__14dDlst_NameIN_cFv
8009D1CC:draw__14dDvdErrorMsg_cFl
801BAAD0:draw__14dMenu_DmapBg_cFv
801DA6A4:draw__14dMenu_Insect_cFv
801E2090:draw__14dMenu_Letter_cFv
801E9578:draw__14dMenu_Option_cFv
8020293C:draw__14dMeterButton_cFv
8020B9B0:draw__14dMeterHaihai_cFv
8020FA20:draw__14dMeterString_cFv
8023D154:draw__14dMsgScrnBase_cFv
8024ABD8:draw__14dMsgScrnTree_cFv
80125C40:draw__14daAlink_blur_cFv
802D42B8:draw__15JKRThreadSwitchFP14JKRThreadName_
802D4110:draw__15JKRThreadSwitchFP14JKRThreadName_P10JUTConsole
80051E5C:draw__15dDlst_2DPoint_cFv
8018DE94:draw__15dDlst_FileSel_cFv
801B7A80:draw__15dMenu_Collect_cFv
801C655C:draw__15dMenu_Fishing_cFv
801CEF08:draw__15dMenu_FmapMap_cFv
8020D0C0:draw__15dMeterHakusha_cFv
8023CCA0:draw__15dMsgScrnArrow_cFv
80247108:draw__15dMsgScrnLight_cFPffffffUc
80247494:draw__15dMsgScrnLight_cFPfffffffQ28JUtility6TColorQ28JUtility6TColor
802547F4:draw__15dOvlpFd2_dlst_cFv
802552A0:draw__15dOvlpFd3_dlst_cFv
80048E0C:draw__15dSmplMdl_draw_cFv
8012670C:draw__15daAlink_sight_cFv
800284D0:draw__15renderingAmap_cFv
80192D74:draw__16dDlst_FileInfo_cFv
8019232C:draw__16dDlst_FileWarn_cFv
801F7204:draw__16dDlst_MenuSave_cFv
8025524C:draw__16dDlst_snapShot_cFv
80190580:draw__16dFile_select3D_cFv
80246B1C:draw__16dMsgScrnKanban_cFv
80194BF0:draw__16dSelect_cursor_cFv
8003FE18:draw__16renderingDAmap_cFv
80280458:draw__17JPAEmitterManagerFPC11JPADrawInfoUc
802EA820:draw__17JUTConsoleManagerCFv
8018E0D0:draw__17dDlst_FileSel3m_cFv
8018DFD4:draw__17dDlst_FileSelCp_cFv
8018DECC:draw__17dDlst_FileSelDt_cFv
8018E098:draw__17dDlst_FileSelYn_cFv
801B7EC0:draw__17dMenu_Collect2D_cFv
801B692C:draw__17dMenu_Collect3D_cFv
801D6D0C:draw__17dMenu_Fmap2DTop_cFv
8023AC30:draw__17dMsgScrn3Select_cFff
8023E948:draw__17dMsgScrnExplain_cFP13J2DOrthoGraph
8005036C:draw__18JPAEmitterCallBackFP14JPABaseEmitter
80053E9C:draw__18dDlst_effectLine_cFv
800543B4:draw__18dDlst_shadowPoly_cFv
800545D4:draw__18dDlst_shadowReal_cFv
8005703C:draw__18dKankyo_mud_PacketFv
80056C60:draw__18dKankyo_sun_PacketFv
801CFFA8:draw__18dMenu_Fmap2DBack_cFv
8004AA34:draw__18dPa_modelEcallBackFP14JPABaseEmitter
8004A460:draw__18dPa_modelPcallBackFP14JPABaseEmitterP15JPABaseParticle
8015F1EC:draw__18daPy_sightPacket_cFv
800183D8:draw__19JPAParticleCallBackFP14JPABaseEmitterP15JPABaseParticle
80193590:draw__19dDlst_BrightCheck_cFv
801AEC78:draw__19dDlst_KanteraIcon_cFv
800570AC:draw__19dKankyo_evil_PacketFv
80056D10:draw__19dKankyo_rain_PacketFv
80056D98:draw__19dKankyo_snow_PacketFv
80056E08:draw__19dKankyo_star_PacketFv
801AFBB4:draw__19dMenu_Calibration_cFv
801C2268:draw__19dMenu_DmapMapCtrl_cFv
801DB588:draw__19dMenu_ItemExplain_cFP13J2DOrthoGraph
800496B0:draw__19dPa_followEcallBackFP14JPABaseEmitter
8004DD0C:draw__19dPa_fsenthPcallBackFP14JPABaseEmitterP15JPABaseParticle
8004A340:draw__19dPa_light8EcallBackFP14JPABaseEmitter
8004DD1C:draw__19dPa_light8PcallBackFP14JPABaseEmitterP15JPABaseParticle
8004AF94:draw__19dPa_simpleEcallBackFP14JPABaseEmitter
80012774:draw__19mDoExt_3DlineMat0_cFv
800135D0:draw__19mDoExt_3DlineMat1_cFv
80012220:draw__19mDoExt_invJntPacketFv
801FE6C4:draw__20dDlst_MENU_CAPTURE_cFv
8005520C:draw__20dDlst_shadowSimple_cFv
80056E78:draw__20dKankyo_cloud_PacketFv
80056EE8:draw__20dKankyo_housi_PacketFv
80056FCC:draw__20dKankyo_odour_PacketFv
801B7764:draw__20dMenu_Collect2DTop_cFv
80126470:draw__20daAlink_lockCursor_cFv
80262A2C:draw__21dDlst_TimerScrnDraw_cFv
80055A14:draw__21dDlst_shadowControl_cFPA4_f
80056F58:draw__21dKankyo_vrkumo_PacketFv
800502B0:draw__21dPa_setColorEcallBackFP14JPABaseEmitter
80056C98:draw__22dKankyo_sunlenz_PacketFv
8004ADC4:draw__22dPa_selectTexEcallBackFP14JPABaseEmitter
801F71D4:draw__23dDlst_MenuSaveExplain_cFv
800182A4:draw__24JPTraceParticleCallBack4FP14JPABaseEmitterP15JPABaseParticle
8019BCB4:draw__24dDlst_GameOverScrnDraw_cFv
8019ACB8:draw__24dDlst_Gameover_CAPTURE_cFv
8004A364:draw__25dPa_gen_b_light8EcallBackFP14JPABaseEmitter
8004E6A8:draw__25dPa_gen_b_light8PcallBackFP14JPABaseEmitterP15JPABaseParticle
8004A388:draw__25dPa_gen_d_light8EcallBackFP14JPABaseEmitter
8004ED44:draw__25dPa_gen_d_light8PcallBackFP14JPABaseEmitterP15JPABaseParticle
8001479C:draw__26mDoExt_3DlineMatSortPacketFv
8009C53C:draw__6dMdl_cFv
802F8C7C:draw__7J2DPaneFffPC14J2DGrafContextbb
80317A7C:draw__8J3DShapeCFv
802E7B78:draw__8JUTFaderFv
80193C28:draw__8dScope_cFv
801522F8:draw__8daNpcF_cFiifP11_GXColorS10i
801488B8:draw__8daNpcT_cFiifP11_GXColorS10fiii
802FB370:draw__9J2DScreenFffPC14J2DGrafContext
802FCDC4:draw__9J2DWindowFRCQ29JGeometry8TBox2<f>
802FD36C:draw__9J2DWindowFRCQ29JGeometry8TBox2<f>RCQ29JGeometry8TBox2<f>
802FE43C:draw__9J2DWindowFffff
803154E0:draw__9J3DPacketFv
800CC834:draw__9daAlink_cFv
80009650:draw__Q213mDoGph_gInf_c7bloom_cFv
8004A8DC:draw__Q218dPa_modelEcallBack7model_cFPA4_f
80107938:draw__Q29daAlink_c14hsChainShape_cFv
802914C8:draw__Q317JStudio_JParticle17TAdaptor_particle21TJPACallback_emitter_FP14JPABaseEmitter
80303768:draw_private__11J2DWindowExFRCQ29JGeometry8TBox2<f>RCQ29JGeometry8TBox2<f>
802FCEF8:draw_private__9J2DWindowFRCQ29JGeometry8TBox2<f>RCQ29JGeometry8TBox2<f>
802747DC:drawendXfb_single__10JFWDisplayFv
8029F770:drop__13JASDSPChannelFv
8029D3A8:dspUpdateCallback__10JASChannelFUlPQ26JASDsp8TChannelPv
8041F7F8:dummy$36763
8041E788:dummy$4203
802E754C:dummyNoDrawWait__8JUTVideoFv
803B626C:dummy_padding_data_0x354
8026503C:dump2__20DynamicModuleControlFv
8026562C:dump2__24DynamicModuleControlBaseFv
802EA418:dumpToTerminal__10JUTConsoleFUi
802D2854:dump__10JKRExpHeapFv
802D56B4:dump__11JKRAramHeapFv
8003BE38:dump__11dRes_info_cFP11dRes_info_ci
802D3598:dump__12JKRSolidHeapFv
802D38B8:dump__13JKRAssertHeapFv
8003C638:dump__14dRes_control_cFv
802648A0:dump__24DynamicModuleControlBaseFv
8003BD2C:dump_long__11dRes_info_cFP11dRes_info_ci
802D2A68:dump_sort__10JKRExpHeapFv
802D38C0:dump_sort__13JKRAssertHeapFv
800065D8:dump_sort__7JKRHeapFv
8011F810:dungeonReturnWarp__9daAlink_cFv
8019E834:dungeonlight_init__Fv
8025A388:dvdDataLoad__10dScnLogo_cFv
802991C4:dvdErrorCheck__13JASAramStreamFPv
802593E8:dvdWaitDraw__10dScnLogo_cFv
8044B240:dylPhase
8044B248:dylPreLoadTime1
803BE160:e_mtx
8044D240:effDataTable$41653
8044D230:effID$41446
8038BE04:effJoint$42073
8038BC20:effName$39422
8044D1DC:effName$40768
8038BDB8:effName$41211
8044D210:effName$41289
8044D218:effName$41315
8044D254:effName$42227
8044D258:effName$42312
8044D25C:effName$42343
8044D1E4:effName0$40953
8044D1EC:effName1$40954
8038BD4C:effNameLarge$41099
8044D1F8:effNameLight$41094
8044D1F4:effNameNormal$41089
8044D200:effNameWater$41104
8038BE14:effOffset$42074
8038BE74:effScale$42228
80037038:eff_break_tsubo__5daObjFP10fopAc_ac_c4cXyzi
803A2474:effectIDTable$5499
8029D01C:effectOsc__10JASChannelFUlPQ213JASOscillator12EffectParams
80039F1C:emitter_create__16dDemo_particle_cFUl
802908A4:emitter_create__Q217JStudio_JParticle13TCreateObjectFUl
80290914:emitter_destroy__Q217JStudio_JParticle13TCreateObjectFP14JPABaseEmitter
8021FE44:emphasisButtonDelete__9dMeter2_cFv
8044B940:encoderType
802A6DF4:endBNKList__17JAUAudioArcLoaderFv
80047ADC:endCheckOld__16dEvent_manager_cFPCc
80047A78:endCheck__16dEvent_manager_cFs
80037C04:endControl__8daItem_cFv
80314B34:endDL__17J3DDisplayListObjFv
80117D30:endDemoMode__9daAlink_cFv
80314EE8:endDiff__12J3DMatPacketFv
80237614:endFlowGroupLocal__12dMsgObject_cFv
802389AC:endFlowGroup__12dMsgObject_cFv
80274EE0:endFrame__10JFWDisplayFv
80274ABC:endGX__10JFWDisplayFv
80117C6C:endHighModel__9daAlink_cFv
802A81DC:endNewBankTable__10JAUSectionFv
802915F0:endParticle_fadeOut___Q217JStudio_JParticle17TAdaptor_particleFUl
80314BB0:endPatch__17J3DDisplayListObjFv
802365D4:endProc__12dMsgObject_cFv
800421C0:endProc__14dEvt_control_cFv
80046DAC:endProc__16dEvent_manager_cFsi
800E836C:endPushPull__9daAlink_cFv
80274E34:endRender__10JFWDisplayFv
80290484:endSound_fadeOut___Q215JStudio_JAudio214TAdaptor_soundFUl
802A4428:endStartSeq___9JAISeqMgrFP6JAISeqP14JAISoundHandle
8044A6EC:end__14mDoMtx_stack_c
8004974C:end__19dPa_followEcallBackFv
80039CF8:end__7dDemo_cFv
8025FCBC:end__8dTimer_cFi
801F3630:endingDataCheck__12dMenu_save_cFv
801F3600:endingNoSave2__12dMenu_save_cFv
801F3580:endingNoSave__12dMenu_save_cFv
8001C9CC:enemySearchJugge__FPvPv
803B43BC:engine_tbl__9dCamera_c
802E26B8:enter__10JUTDbPrintFiiiPCci
802D3F0C:enter__15JKRThreadSwitchFP9JKRThreadi
80010680:entryDL__14mDoExt_McaMorfFv
80012144:entryDL__15mDoExt_McaMorf2Fv
800111C0:entryDL__16mDoExt_McaMorfSOFv
8000E7C0:entryDL__21mDoExt_invisibleModelFP4cXyz
80327928:entryImm__13J3DDrawBufferFP9J3DPacketUs
803316F0:entryIn__8J3DJointFv
803278A0:entryInvalidSort__13J3DDrawBufferFP12J3DMatPacket
8000D9E8:entryJoint__13mDoExt_bckAnmFP12J3DModelDataUsf
8000E6C8:entryJoint__21mDoExt_invisibleModelFP4cXyz
80327680:entryMatAnmSort__13J3DDrawBufferFP12J3DMatPacket
80331F90:entryMatColorAnimator__16J3DMaterialTableFP11J3DAnmColor
80327538:entryMatSort__13J3DDrawBufferFP12J3DMatPacket
80329620:entryModelData__8J3DModelFP12J3DModelDataUlUl
80327850:entryModelSort__13J3DDrawBufferFP12J3DMatPacket
803278F4:entryNonSort__13J3DDrawBufferFP12J3DMatPacket
80314640:entryNum__10J3DTextureFUs
8044B720:entryNum__13J3DDrawBuffer
8009C6A8:entryObj__6dMdl_cFP10dMdl_obj_c
80280774:entryResourceManager__17JPAEmitterManagerFP18JPAResourceManagerUc
8002CB68:entrySimpleModel__14dComIfG_play_cFP8J3DModeli
8033230C:entryTevRegAnimator__16J3DMaterialTableFP15J3DAnmTevRegKey
80332160:entryTexMtxAnimator__16J3DMaterialTableFP19J3DAnmTextureSRTKey
80332064:entryTexNoAnimator__16J3DMaterialTableFP16J3DAnmTexPattern
8034AE18:entryToPath
800565EC:entryZSortXluDrawList__12dDlst_list_cFP13J3DDrawBufferP9J3DPacketR4cXyz
80327738:entryZSort__13J3DDrawBufferFP12J3DMatPacket
8009C764:entry__10dMdl_mng_cFP12J3DModelDataUsP12dKy_tevstr_c
8009C918:entry__10dMdl_mng_cFP12J3DModelDataUsi
8003194C:entry__10daMirror_cFP8J3DModel
803154E4:entry__12J3DMatPacketFP13J3DDrawBuffer
8009CB54:entry__12dEyeHL_mng_cFP8dEyeHL_c
8000D9CC:entry__13mDoExt_bckAnmFP12J3DModelDataf
8000D518:entry__13mDoExt_bpkAnmFP16J3DMaterialTablef
8000D7A8:entry__13mDoExt_brkAnmFP16J3DMaterialTablef
8000D6D8:entry__13mDoExt_btkAnmFP16J3DMaterialTablef
8000D5E8:entry__13mDoExt_btpAnmFP16J3DMaterialTables
800422C0:entry__14dEvt_control_cFv
80048EBC:entry__15dSmplMdl_draw_cFP8J3DModeli
801CE1FC:entry__15renderingFmap_cFP23dMenu_Fmap_world_data_cifff
8003FD08:entry__16renderingDAmap_cFfffiSc
8014D868:entry__18daBaseNpc_acMngr_cFP10fopAc_ac_c
80150708:entry__18daNpcF_ActorMngr_cFP10fopAc_ac_c
80150724:entry__18daNpcF_ActorMngr_cFUi
8014572C:entry__18daNpcT_ActorMngr_cFP10fopAc_ac_c
8032A2E8:entry__8J3DModelFv
8009C9A4:entry__8dEyeHL_cFP12J3DModelDataPCc
80314BEC:entry__9J3DPacketFP13J3DDrawBuffer
8004B94C:entry__Q213dPa_control_c7level_cFUsP14JPABaseEmitterP18dPa_levelEcallBack
8004B544:entry__Q313dPa_control_c7level_c9emitter_cFUlUsP14JPABaseEmitterP18dPa_levelEcallBack
8019EC58:envcolor_init__Fv
802BCA70:eraseBgmWave__10Z2SceneMgrFUl
8018A3FC:eraseEndBackSelectWait__14dFile_select_cFv
8018A490:eraseEndBackSelect__14dFile_select_cFv
802BCA08:eraseSeWave__10Z2SceneMgrFUl
8029C71C:eraseSetup__10JASWaveArcFv
8029CA70:erase__10JASWaveArcFv
802E6724:erase__14JUTDirectPrintFiiii
802DEEF4:erase__Q27JGadget13TNodeLinkListFQ37JGadget13TNodeLinkList8iterator
802DEF3C:erase__Q27JGadget13TNodeLinkListFQ37JGadget13TNodeLinkList8iteratorQ37JGadget13TNodeLinkList8iterator
802DF260:erase__Q27JGadget20TVector_pointer_voidFPPvPPv
801F56AC:errCurMove__12dMenu_save_cFUcUc
8018FB58:errCurMove__14dFile_select_cFUc
801F5108:errDispInitSet__12dMenu_save_cFi
8018E28C:errDispInitSet__14dFile_select_cFii
801F574C:errYesNoCursorMoveAnm__12dMenu_save_cFv
801F5540:errYesNoSelect__12dMenu_save_cFUcUc
8018FA04:errYesNoSelect__14dFile_select_cFv
8044BAE8:errno
802E4468:errorHandler__12JUTExceptionFUsP9OSContextUlUl
801F65EC:errorMoveAnmInitSet__12dMenu_save_cFii
8018E108:errorMoveAnmInitSet__14dFile_select_cFii
801F667C:errorMoveAnm__12dMenu_save_cFv
8018E198:errorMoveAnm__14dFile_select_cFv
8044AA08:errorRetry__12JKRDvdRipper
8044AA10:errorRetry__16JKRDvdAramRipper
801F5888:errorTxtChangeAnm__12dMenu_save_cFv
8018FD08:errorTxtChangeAnm__14dFile_select_cFv
801F57BC:errorTxtSet__12dMenu_save_cFUs
8018FC3C:errorTxtSet__14dFile_select_cFUs
8024DD64:event000__10dMsgFlow_cFP20mesg_flow_node_eventP10fopAc_ac_c
8024DDF0:event001__10dMsgFlow_cFP20mesg_flow_node_eventP10fopAc_ac_c
8024DE7C:event002__10dMsgFlow_cFP20mesg_flow_node_eventP10fopAc_ac_c
8024DEB8:event003__10dMsgFlow_cFP20mesg_flow_node_eventP10fopAc_ac_c
8024DEF8:event004__10dMsgFlow_cFP20mesg_flow_node_eventP10fopAc_ac_c
8024DF58:event005__10dMsgFlow_cFP20mesg_flow_node_eventP10fopAc_ac_c
8024DFBC:event006__10dMsgFlow_cFP20mesg_flow_node_eventP10fopAc_ac_c
8024DFFC:event007__10dMsgFlow_cFP20mesg_flow_node_eventP10fopAc_ac_c
8024E040:event008__10dMsgFlow_cFP20mesg_flow_node_eventP10fopAc_ac_c
8024E0AC:event009__10dMsgFlow_cFP20mesg_flow_node_eventP10fopAc_ac_c
8024E0D4:event010__10dMsgFlow_cFP20mesg_flow_node_eventP10fopAc_ac_c
8024E160:event011__10dMsgFlow_cFP20mesg_flow_node_eventP10fopAc_ac_c
8024E1EC:event012__10dMsgFlow_cFP20mesg_flow_node_eventP10fopAc_ac_c
8024E1F4:event013__10dMsgFlow_cFP20mesg_flow_node_eventP10fopAc_ac_c
8024E234:event014__10dMsgFlow_cFP20mesg_flow_node_eventP10fopAc_ac_c
8024E2FC:event015__10dMsgFlow_cFP20mesg_flow_node_eventP10fopAc_ac_c
8024E3C4:event016__10dMsgFlow_cFP20mesg_flow_node_eventP10fopAc_ac_c
8024E3FC:event017__10dMsgFlow_cFP20mesg_flow_node_eventP10fopAc_ac_c
8024E518:event018__10dMsgFlow_cFP20mesg_flow_node_eventP10fopAc_ac_c
8024E60C:event019__10dMsgFlow_cFP20mesg_flow_node_eventP10fopAc_ac_c
8024E614:event020__10dMsgFlow_cFP20mesg_flow_node_eventP10fopAc_ac_c
8024E6EC:event021__10dMsgFlow_cFP20mesg_flow_node_eventP10fopAc_ac_c
8024E714:event022__10dMsgFlow_cFP20mesg_flow_node_eventP10fopAc_ac_c
8024E7A8:event023__10dMsgFlow_cFP20mesg_flow_node_eventP10fopAc_ac_c
8024E894:event024__10dMsgFlow_cFP20mesg_flow_node_eventP10fopAc_ac_c
8024E8BC:event025__10dMsgFlow_cFP20mesg_flow_node_eventP10fopAc_ac_c
8024E904:event026__10dMsgFlow_cFP20mesg_flow_node_eventP10fopAc_ac_c
8024E96C:event027__10dMsgFlow_cFP20mesg_flow_node_eventP10fopAc_ac_c
8024ED2C:event028__10dMsgFlow_cFP20mesg_flow_node_eventP10fopAc_ac_c
8024EE68:event029__10dMsgFlow_cFP20mesg_flow_node_eventP10fopAc_ac_c
8024EEAC:event030__10dMsgFlow_cFP20mesg_flow_node_eventP10fopAc_ac_c
8024EF24:event031__10dMsgFlow_cFP20mesg_flow_node_eventP10fopAc_ac_c
8024EF54:event032__10dMsgFlow_cFP20mesg_flow_node_eventP10fopAc_ac_c
8024F024:event033__10dMsgFlow_cFP20mesg_flow_node_eventP10fopAc_ac_c
8024F0F0:event034__10dMsgFlow_cFP20mesg_flow_node_eventP10fopAc_ac_c
8024F130:event035__10dMsgFlow_cFP20mesg_flow_node_eventP10fopAc_ac_c
8024F1D8:event036__10dMsgFlow_cFP20mesg_flow_node_eventP10fopAc_ac_c
8024F22C:event037__10dMsgFlow_cFP20mesg_flow_node_eventP10fopAc_ac_c
8024F280:event038__10dMsgFlow_cFP20mesg_flow_node_eventP10fopAc_ac_c
8024F2A4:event039__10dMsgFlow_cFP20mesg_flow_node_eventP10fopAc_ac_c
8024F2D8:event040__10dMsgFlow_cFP20mesg_flow_node_eventP10fopAc_ac_c
8024F3E0:event041__10dMsgFlow_cFP20mesg_flow_node_eventP10fopAc_ac_c
8024F410:event042__10dMsgFlow_cFP20mesg_flow_node_eventP10fopAc_ac_c
8017F874:eventCamera__9dCamera_cFl
8024C754:eventNodeProc__10dMsgFlow_cFP10fopAc_ac_cPP10fopAc_ac_c
8004886C:eventUpdate__17dEvLib_callback_cFv
80041480:event_debug_evnt__21@unnamed@d_event_cpp@Fv
8001B058:event_second_actor__FUs
8014A270:evtChange__8daNpcT_cFv
8014CCB4:evtCutProc__8daNpcT_cFv
8014CCBC:evtEndProc__8daNpcT_cFv
8014A0FC:evtOrder__8daNpcT_cFv
801499C8:evtProc__8daNpcT_cFv
8014CCC4:evtTalk__8daNpcT_cFv
803B89E4:evt_id$4557
8042E6B8:exCallbackObject
8044A8D8:exConsoleBufferSize__Q29JFWSystem11CSetUpParam
8000B768:exceptionReadPad__FPUlPUl
8000B798:exceptionRestart__Fv
8001814C:exception_addition__FP10JUTConsole
800E3A4C:exchangeGrabActor__9daAlink_cFP10fopAc_ac_c
80141704:exchangeGrabActor__9daPy_py_cFP10fopAc_ac_c
80274824:exchangeXfb_double__10JFWDisplayFv
8027492C:exchangeXfb_triple__10JFWDisplayFv
801A5248:exeKankyo__18dScnKy_env_light_cFv
80293490:execAllCommand__10JASPortCmdFv
802934C4:execCommandOnce__Q210JASPortCmd9TPortHeadFv
8029353C:execCommandStay__Q210JASPortCmd9TPortHeadFv
802979CC:execCommand__12JASSeqParserFP8JASTrackM12JASSeqParserFPCvPvP8JASTrackPUl_lUlPUl
80254FE0:execFadeIn__10dOvlpFd2_cFv
80255AA8:execFadeIn__10dOvlpFd3_cFv
80254DF0:execFadeOut__10dOvlpFd2_cFv
80255924:execFadeOut__10dOvlpFd3_cFv
80254D6C:execFirstSnap__10dOvlpFd2_cFv
80255890:execFirstSnap__10dOvlpFd3_cFv
80097ECC:execItemGet__FUc
80254F38:execNextSnap__10dOvlpFd2_cFv
80255A04:execNextSnap__10dOvlpFd3_cFv
802979A0:execNoteOff__12JASSeqParserFP8JASTrackUl
802978C8:execNoteOnGate__12JASSeqParserFP8JASTrackUlUlUlUl
80297970:execNoteOnMidi__12JASSeqParserFP8JASTrackUlUlUl
80211A2C:exec__13dMeter2Draw_cFUl
80239550:exec__14dMsgScrnBase_cFv
8023D948:exec__14dMsgScrnBoss_cFv
80242C80:exec__14dMsgScrnHowl_cFv
80240A98:exec__14dMsgScrnItem_cFv
802494EC:exec__14dMsgScrnTalk_cFv
8024AA80:exec__14dMsgScrnTree_cFv
80247E14:exec__15dMsgScrnPlace_cFv
802483D8:exec__15dMsgScrnStaff_cFv
80245FB0:exec__16dMsgScrnJimaku_cFv
80246A2C:exec__16dMsgScrnKanban_cFv
800489F8:executeAction__17dEvLib_callback_cFv
80050374:executeAfter__18JPAEmitterCallBackFP14JPABaseEmitter
8004AE1C:executeAfter__19dPa_simpleEcallBackFP14JPABaseEmitter
8004F6C4:executeAfter__22dPa_hermiteEcallBack_cFP14JPABaseEmitter
80291490:executeAfter__Q317JStudio_JParticle17TAdaptor_particle21TJPACallback_emitter_FP14JPABaseEmitter
80048B48:executeRun__17dEvLib_callback_cFv
80048A70:executeStart__17dEvLib_callback_cFv
8025AF64:execute__10dScnName_cFv
8014EB1C:execute__11daBaseNpc_cFv
80264444:execute__11dkWpillar_cFv
8009D38C:execute__14dDvdErrorMsg_cFv
8004DC28:execute__17dPa_wbPcallBack_cFP14JPABaseEmitterP15JPABaseParticle
8004B4E0:execute__17dPa_windPcallBackFP14JPABaseEmitterP15JPABaseParticle
80050368:execute__18JPAEmitterCallBackFP14JPABaseEmitter
800183D4:execute__19JPAParticleCallBackFP14JPABaseEmitterP15JPABaseParticle
800701B8:execute__19dAttDraw_CallBack_cFUsP16J3DTransformInfo
800495BC:execute__19dPa_followEcallBackFP14JPABaseEmitter
8004DCA0:execute__19dPa_fsenthPcallBackFP14JPABaseEmitterP15JPABaseParticle
8004DD10:execute__19dPa_light8PcallBackFP14JPABaseEmitterP15JPABaseParticle
8009D7C8:execute__19dShutdownErrorMsg_cFv
80015CF0:execute__20mDoDvdThd_callback_cFv
800164BC:execute__21mDoDvdThd_toMainRam_cFv
8001817C:execute__24JPTraceParticleCallBack4FP14JPABaseEmitterP15JPABaseParticle
80015EDC:execute__24mDoDvdThd_mountArchive_cFv
8004DD14:execute__25dPa_gen_b_light8PcallBackFP14JPABaseEmitterP15JPABaseParticle
8004DD18:execute__25dPa_gen_d_light8PcallBackFP14JPABaseEmitterP15JPABaseParticle
800162B0:execute__25mDoDvdThd_mountXArchive_cFv
8004FAD4:execute__28dPa_particleTracePcallBack_cFP14JPABaseEmitterP15JPABaseParticle
80124A78:execute__29dAlink_bottleWaterPcallBack_cFP14JPABaseEmitterP15JPABaseParticle
800315A4:execute__7daSus_cFv
801834CC:execute__8dEnvSe_cFv
801ADD1C:execute__8dKyeff_cFv
80152060:execute__8daNpcF_cFv
80148578:execute__8daNpcT_cFv
801ADE84:execute__9dKyeff2_cFv
800C8738:execute__9daAlink_cFv
80145328:execute__9daNocrm_cFv
8004B6F8:execute__Q213dPa_control_c7level_cFPQ313dPa_control_c7level_c9emitter_c
8004B7A8:execute__Q213dPa_control_c7level_cFv
80031150:execute__Q27daSus_c6data_cFv
802910F0:execute__Q317JStudio_JParticle17TAdaptor_particle21TJPACallback_emitter_FP14JPABaseEmitter
80183024:execute_common__8dEnvSe_cFP18dStage_SoundInfo_cPScUc
8044B8B8:executing
80364E68:exit
8036EBDC:exp
801D9578:explain_close_init__14dMenu_Insect_cFv
801D9620:explain_close_move__14dMenu_Insect_cFv
801D92D8:explain_move_init__14dMenu_Insect_cFv
801D92DC:explain_move_move__14dMenu_Insect_cFv
801D8E74:explain_open_init__14dMenu_Insect_cFv
801D9258:explain_open_move__14dMenu_Insect_cFv
8044B3FC:extMixCallback__9JASDriver
802DF164:extend_default__Q27JGadget6vectorFUlUlUl
80046C88:extraOffObjectCallBack__FP10fopAc_ac_cPv
80046C74:extraOnObjectCallBack__FP10fopAc_ac_cPv
802859E0:extrapolateParameter_clamp__Q27JStudio13functionvalueFdd
802859A0:extrapolateParameter_raw__Q27JStudio13functionvalueFdd
802859A4:extrapolateParameter_repeat__Q27JStudio13functionvalueFdd
80283CE8:extrapolateParameter_turn__Q27JStudio13functionvalueFdd
800977CC:eyePos__9dCamera_cFP10fopAc_ac_c
8044D294:fFootJoint$44788
80182D5C:fabs__3stdFf
80182A88:fabsf__3stdFf
8039DA58:fadeFase$2276
800080D0:fadeOut__13mDoGph_gInf_cFf
80007FD8:fadeOut__13mDoGph_gInf_cFfR8_GXColor
80008028:fadeOut_f__13mDoGph_gInf_cFfR8_GXColor
8038BDE0:fairyScale$41954
803909F0:fame_tag$3884
80391DF0:fame_tag$4307
802B527C:fanfareFramework__8Z2SeqMgrFv
80018A44:fapGm_After__Fv
80018AA0:fapGm_Create__Fv
80018A6C:fapGm_Execute__Fv
80390320:farea_name$5815
8000B95C:fault_callback_scroll__FUsP9OSContextUlUl
80391890:fc_text$4023
803918E0:fc_text1$4030
80367E94:fclose
802EAD98:fclose__13JUTDirectFileFv
803912E8:fenu_t0$5352
80391308:fenu_t1$5359
80391328:fenu_t2$5366
80391348:fenu_t3$5373
80391368:fenu_t4$5380
80391388:fenu_t5$5387
803913D8:fenut_0$5395
80391438:fenut_1$5403
80391498:fenut_2$5411
803914F8:fenut_3$5419
80391558:fenut_4$5427
802EABCC:fetch32byte__13JUTDirectFileFv
802DA4EC:fetchResource__13JKRDvdArchiveFPQ210JKRArchive12SDIFileEntryPUl
802DA604:fetchResource__13JKRDvdArchiveFPvUlPQ210JKRArchive12SDIFileEntryPUl
802D9278:fetchResource__13JKRMemArchiveFPQ210JKRArchive12SDIFileEntryPUl
802D92AC:fetchResource__13JKRMemArchiveFPvUlPQ210JKRArchive12SDIFileEntryPUl
802D9A7C:fetchResource__14JKRAramArchiveFPQ210JKRArchive12SDIFileEntryPUl
802D9B90:fetchResource__14JKRAramArchiveFPvUlPQ210JKRArchive12SDIFileEntryPUl
802DB3DC:fetchResource__14JKRCompArchiveFPQ210JKRArchive12SDIFileEntryPUl
802DB55C:fetchResource__14JKRCompArchiveFPvUlPQ210JKRArchive12SDIFileEntryPUl
802DA910:fetchResource_subroutine__13JKRDvdArchiveFlUlUlP7JKRHeapiiPPUc
802DA708:fetchResource_subroutine__13JKRDvdArchiveFlUlUlPUcUlii
802D93F8:fetchResource_subroutine__13JKRMemArchiveFPUcUlPUcUli
802D9DB0:fetchResource_subroutine__14JKRAramArchiveFUlUlP7JKRHeapiPPUc
802D9CF4:fetchResource_subroutine__14JKRAramArchiveFUlUlPUcUli
802D6960:fetchVolumeName__13JKRFileLoaderFPclPCc
80367D5C:fflush
80390370:ffont_name$5822
802EADF4:fgets__13JUTDirectFileFPvi
802B7D8C:fieldBgmFramework__8Z2SeqMgrFv
802B789C:fieldBgmStart__8Z2SeqMgrFv
802B79AC:fieldRidingMute__8Z2SeqMgrFv
803A7EE8:field_item_res__10dItem_data
8044A8B8:fifoBufSize__Q29JFWSystem11CSetUpParam
8018FF74:fileInfoScaleAnm__14dFile_select_cFv
8018FECC:fileRecScaleAnm2__14dFile_select_cFv
8018FE3C:fileRecScaleAnmInitSet2__14dFile_select_cFff
8018FDF0:fileRecScaleAnm__14dFile_select_cFv
80391FD8:filiPosX$3878
80391FF0:filiPosY$3879
80391FC0:filiScale$3877
802EB6FC:fillBox__14J2DGrafContextFRCQ29JGeometry8TBox2<f>
8044AC40:fillcheck_check_frame
80391F90:finaPosX$3875
80391FA8:finaPosY$3876
80391F78:finaScale$3874
802D0DD8:findAllHeap__7JKRHeapCFPv
802D7854:findCacheBlock__12JKRFileCacheCFPCv
802D7880:findCacheBlock__12JKRFileCacheCFUl
8029BA30:findChunk__Q212JASBNKParser4Ver1FPCvUl
802D88B8:findDirectory__10JKRArchiveCFPCcUl
802D78AC:findFile__12JKRFileCacheCFPcPCc
802D0CD8:findFromRoot__7JKRHeapFPv
802D8A40:findFsResource__10JKRArchiveCFPCcUl
802D8C0C:findIdResource__10JKRArchiveCFUs
802D8B20:findIdxResource__10JKRArchiveCFUl
8032809C:findImportantMtxIndex__12J3DJointTreeFv
80295F58:findIntr__10JASSeqCtrlFv
802D8B48:findNameResource__10JKRArchiveCFPCc
802D6B60:findNextFile__12JKRArcFinderFv
802D6D10:findNextFile__12JKRDvdFinderFv
8029C298:findOscPtr__Q212JASBNKParser4Ver0FP12JASBasicBankPCQ312JASBNKParser4Ver07THeaderPCQ312JASBNKParser4Ver04TOsc
802D8BD0:findPtrResource__10JKRArchiveCFPCv
802D887C:findResType__10JKRArchiveCFUl
8004846C:findShutterCallBack__FP10fopAc_ac_cPv
802D8990:findTypeResource__10JKRArchiveCFUlPCc
80285CF8:findUpperBound_binary_current<Q37JStudio22TFunctionValue_hermite15TIterator_data_,d,Q23std7less<d>>__7JGadgetFQ37JStudio22TFunctionValue_hermite15TIterator_data_Q37JStudio22TFunctionValue_hermite15TIterator_data_Q37JStudio22TFunctionValue_hermite15TIterator_data_RCdQ23std7less<d>
80285C88:findUpperBound_binary_current<Q37JStudio22TFunctionValue_hermite15TIterator_data_,d>__7JGadgetFQ37JStudio22TFunctionValue_hermite15TIterator_data_Q37JStudio22TFunctionValue_hermite15TIterator_data_Q37JStudio22TFunctionValue_hermite15TIterator_data_RCd
80285A64:findUpperBound_binary_current<Q37JStudio29TFunctionValue_list_parameter15TIterator_data_,d,Q23std7less<d>>__7JGadgetFQ37JStudio29TFunctionValue_list_parameter15TIterator_data_Q37JStudio29TFunctionValue_list_parameter15TIterator_data_Q37JStudio29TFunctionValue_list_parameter15TIterator_data_RCdQ23std7less<d>
80285A0C:findUpperBound_binary_current<Q37JStudio29TFunctionValue_list_parameter15TIterator_data_,d>__7JGadgetFQ37JStudio29TFunctionValue_list_parameter15TIterator_data_Q37JStudio29TFunctionValue_list_parameter15TIterator_data_Q37JStudio29TFunctionValue_list_parameter15TIterator_data_RCd
802D68D4:findVolume__13JKRFileLoaderFPPCc
802D0D30:find__7JKRHeapCFPv
802839E4:find_if<Q37JGadget37TLinkList<Q37JStudio3ctb7TObject,-12>8iterator,Q37JStudio6object18TPRObject_ID_equal>__3stdFQ37JGadget37TLinkList<Q37JStudio3ctb7TObject,-12>8iteratorQ37JGadget37TLinkList<Q37JStudio3ctb7TObject,-12>8iteratorQ37JStudio6object18TPRObject_ID_equal
80287448:find_if<Q37JGadget37TLinkList<Q37JStudio3fvb7TObject,-12>8iterator,Q37JStudio6object18TPRObject_ID_equal>__3stdFQ37JGadget37TLinkList<Q37JStudio3fvb7TObject,-12>8iteratorQ37JGadget37TLinkList<Q37JStudio3fvb7TObject,-12>8iteratorQ37JStudio6object18TPRObject_ID_equal
8028BD58:find_if<Q37JGadget37TLinkList<Q37JStudio3stb7TObject,-12>8iterator,Q37JStudio6object18TPRObject_ID_equal>__3stdFQ37JGadget37TLinkList<Q37JStudio3stb7TObject,-12>8iteratorQ37JGadget37TLinkList<Q37JStudio3stb7TObject,-12>8iteratorQ37JStudio6object18TPRObject_ID_equal
803920B0:finfoPosX$3887
803920C8:finfoPosY$3888
80392098:finfoScale$3886
802A7538:finishBuild__10JAUSectionFv
80043E78:finishCheck__12dEvDtEvent_cFv
8029ED30:finishDSPFrame__9JASDriverFv
802363E8:finishProc__12dMsgObject_cFv
80298C98:finishTask__13JASAramStreamFPv
8038B874:finishType$6985
8029FDF4:finishWork__6JASDspFUs
80391F48:fipaPosX$3872
80391F60:fipaPosY$3873
80391F30:fipaScale$3871
80274100:firstInit__9JFWSystemFv
80298B9C:firstLoadTask__13JASAramStreamFPv
8038FE10:fish_n$4060
8038FE40:fish_p0$4061
8038FE70:fish_p1$4062
8038FEA0:fish_p2$4063
8038FED0:fish_p3$4064
8038FF00:fish_p4$4065
8038FF30:fish_p5$4066
801B56F8:fishing_close_init__17dMenu_Collect2D_cFv
801B5734:fishing_close_proc__17dMenu_Collect2D_cFv
801B564C:fishing_move_init__17dMenu_Collect2D_cFv
801B5688:fishing_move_proc__17dMenu_Collect2D_cFv
801B5540:fishing_open_init__17dMenu_Collect2D_cFv
801B55DC:fishing_open_proc__17dMenu_Collect2D_cFv
803920F8:fishnPosX$3890
80392110:fishnPosY$3891
803920E0:fishnScale$3889
8039C380:fix_pool_sizes
8017DFF8:fixedFrameCamera__9dCamera_cFl
80089828:fixedFrameEvCamera__9dCamera_cFv
80095050:fixedFramesEvCamera__9dCamera_cFv
8017E77C:fixedPositionCamera__9dCamera_cFl
8008B9F0:fixedPositionEvCamera__9dCamera_cFv
8019D750:fl_data_ratio_set__Ffff
8044B438:flag
80043D60:flagCheck__11dEvDtFlag_cFi
80043E30:flagMaxCheck__11dEvDtFlag_cFi
80043DC8:flagSet__11dEvDtFlag_cFi
80369638:float2str
8019D760:float_kankyo_color_ratio_set__Fffffffff
8036E598:floor
801BD684:floorChangeMode__12dMenu_Dmap_cFv
801BFC6C:floorChange_init_proc__12dMenu_Dmap_cFv
801BFD1C:floorChange_proc__12dMenu_Dmap_cFv
801BFA44:floorSelect_init_proc__12dMenu_Dmap_cFv
801BFA48:floorSelect_proc__12dMenu_Dmap_cFv
803B6ACC:floor_init_process
803B6AFC:floor_move_process
8038F6C8:floor_tag$4932
8029FE9C:flushBuffer__6JASDspFv
8044B928:flushFlag
802E6E38:flushMessage__12JUTAssertionFv
802E6EF0:flushMessage_dbPrint__12JUTAssertionFv
802E2778:flush__10JUTDbPrintFiiii
802E2740:flush__10JUTDbPrintFv
802A03BC:flush__Q26JASDsp8TChannelFv
803B61D0:flush_col$7304
803B61E0:flush_col2$7305
803B61F0:flush_col3$7306
802E6DFC:flush_subroutine__12JUTAssertionFv
801FAC58:fmap_close_init__5dMw_cFUc
801FBA64:fmap_close_proc__5dMw_cFv
801FAC54:fmap_move_init__5dMw_cFUc
801FB990:fmap_move_proc__5dMw_cFv
801FAC30:fmap_open_init__5dMw_cFUc
801FB938:fmap_open_proc__5dMw_cFv
8036EBFC:fmod
80390050:fname_0$4086
8023D3D4:fontAlpha__14dMsgScrnBase_cFf
8023DB44:fontAlpha__14dMsgScrnBoss_cFf
80248020:fontAlpha__15dMsgScrnPlace_cFf
802484DC:fontAlpha__15dMsgScrnStaff_cFf
802461B8:fontAlpha__16dMsgScrnJimaku_cFf
8038F5E8:font_at$4147
80390470:font_at$5843
8038F610:font_bt$4148
80390420:font_bt$5836
8037D840:font_data
803903D0:font_zt$5829
80376560:fontdata$8224
80376574:fontdata$8253
80376588:fontdata$8287
8044A810:fontsize$7221
800A3468:footBgCheck__9daAlink_cFv
801829A8:footHeightOf__9dCamera_cFP10fopAc_ac_c
8044D374:footJointTable$56140
8038BF70:footVec$56155
800197BC:fopAcIt_Executor__FPFPvPv_iPv
800197F8:fopAcIt_Judge__FPFPvPv_PvPv
80019AA8:fopAcM_CreateAppend__Fv
8001A138:fopAcM_DeleteHeap__FP10fopAc_ac_c
800198A4:fopAcM_FastCreate__FsPFPv_iPvPv
80097800:fopAcM_GetID__FPCv
80141308:fopAcM_GetName__FPv
80182DA8:fopAcM_GetParam__FPCv
80019C78:fopAcM_Log__FPC10fopAc_ac_cPCc
800199BC:fopAcM_SearchByID__FUiPP10fopAc_ac_c
80019A2C:fopAcM_SearchByName__FsPP10fopAc_ac_c
8001A538:fopAcM_SetMax__FP10fopAc_ac_cfff
8001A528:fopAcM_SetMin__FP10fopAc_ac_cfff
8001A5DC:fopAcM_addAngleY__FP10fopAc_ac_css
8001A60C:fopAcM_calcSpeed__FP10fopAc_ac_c
8001A188:fopAcM_callCallback__FP10fopAc_ac_cPFP10fopAc_ac_c_iP7JKRHeap
8001CBA0:fopAcM_cancelCarryNow__FP10fopAc_ac_c
8001D1FC:fopAcM_carryOffRevise__FP10fopAc_ac_c
8001AC40:fopAcM_checkCullingBox__FPA4_fffffff
8001C870:fopAcM_createBokkuri__FUsPC4cXyziiiPC4cXyzii
80019F78:fopAcM_createChildFromOffset__FsUiUlPC4cXyziPC5csXyzPC4cXyzScPFPv_i
80019EF0:fopAcM_createChild__FsUiUlPC4cXyziPC5csXyzPC4cXyzScPFPv_i
8001C078:fopAcM_createDemoItem__FPC4cXyziiPC5csXyziPC4cXyzUc
8001CAD8:fopAcM_createDisappear__FPC10fopAc_ac_cPC4cXyzUcUcUc
8001C0D4:fopAcM_createItemForBoss__FPC4cXyziiPC5csXyzPC4cXyzffi
8001C1B8:fopAcM_createItemForDirectGet__FPC4cXyziiPC5csXyzPC4cXyzff
8001C174:fopAcM_createItemForMidBoss__FPC4cXyziiPC5csXyzPC4cXyzii
8001BBE8:fopAcM_createItemForPresentDemo__FPC4cXyziUciiPC5csXyzPC4cXyz
8001C1FC:fopAcM_createItemForSimpleDemo__FPC4cXyziiPC5csXyzPC4cXyzff
8001BC74:fopAcM_createItemForTrBoxDemo__FPC4cXyziiiPC5csXyzPC4cXyz
8001BE14:fopAcM_createItemFromEnemyID__FUcPC4cXyziiPC5csXyzPC4cXyzPfPf
8001BF64:fopAcM_createItemFromTable__FPC4cXyziiiPC5csXyziPC4cXyzPfPfb
8001C240:fopAcM_createItem__FPC4cXyziiiPC5csXyzPC4cXyzi
8001C95C:fopAcM_createWarpHole__FPC4cXyzPC5csXyziUcUcUc
80019D98:fopAcM_create__FsUlPC4cXyziPC5csXyzPC4cXyzSc
80019D18:fopAcM_create__FsUsUlPC4cXyziPC5csXyzPC4cXyzScPFPv_i
8001ACEC:fopAcM_cullingCheck__FPC10fopAc_ac_c
80019C7C:fopAcM_delete__FP10fopAc_ac_c
80019CB8:fopAcM_delete__FUi
8001D10C:fopAcM_effHamonSet__FPUlPC4cXyzff
8001D020:fopAcM_effSmokeSet1__FPUlPUlPC4cXyzPC5csXyzfPC12dKy_tevstr_ci
8001A4B0:fopAcM_entrySolidHeap__FP10fopAc_ac_cPFP10fopAc_ac_c_iUl
8001A1E8:fopAcM_entrySolidHeap___FP10fopAc_ac_cPFP10fopAc_ac_c_iUl
8001C3E0:fopAcM_fastCreateItem2__FPC4cXyziiiiPC5csXyzPC4cXyz
8001C5B0:fopAcM_fastCreateItem__FPC4cXyziiPC5csXyzPC4cXyzPfPfiiPFPv_i
80019E6C:fopAcM_fastCreate__FPCcUlPC4cXyziPC5csXyzPC4cXyzPFPv_iPv
80019E04:fopAcM_fastCreate__FsUlPC4cXyziPC5csXyzPC4cXyzScPFPv_iPv
8001D6F0:fopAcM_findObject4EventCB__FP10fopAc_ac_cPv
8001D5EC:fopAcM_findObjectCB__FPC10fopAc_ac_cPv
8001BB74:fopAcM_getEventPartner__FPC10fopAc_ac_c
8001BB44:fopAcM_getItemEventPartner__FPC10fopAc_ac_c
8001BCFC:fopAcM_getItemNoFromTableNo__FUc
8001DBD8:fopAcM_getPolygonAngle__FPC8cM3dGPlas
8001DAE4:fopAcM_getPolygonAngle__FRC13cBgS_PolyInfos
8001D5A4:fopAcM_getProcNameString__FPC10fopAc_ac_c
8001BB14:fopAcM_getTalkEventPartner__FPC10fopAc_ac_c
8001D9A8:fopAcM_getWaterStream__FPC4cXyzRC13cBgS_PolyInfoP4cXyzPii
8001D890:fopAcM_getWaterY__FPC4cXyzPf
8001DE10:fopAcM_initManager__Fv
8001CA1C:fopAcM_myRoomSearchEnemy__FSc
8014127C:fopAcM_onSwitch__FPC10fopAc_ac_ci
8001B334:fopAcM_orderCatchEvent__FP10fopAc_ac_cP10fopAc_ac_cUsUs
8001B5E4:fopAcM_orderChangeEventId__FP10fopAc_ac_csUsUs
8001B244:fopAcM_orderDoorEvent__FP10fopAc_ac_cP10fopAc_ac_cUsUs
8001B9D0:fopAcM_orderItemEvent__FP10fopAc_ac_cUsUs
8001B8E0:fopAcM_orderMapToolAutoNextEvent__FP10fopAc_ac_cUcsUsUsUs
8001B7B4:fopAcM_orderMapToolEvent__FP10fopAc_ac_cUcsUsUsUs
8001B67C:fopAcM_orderOtherEventId__FP10fopAc_ac_csUcUsUsUs
8001B4E0:fopAcM_orderOtherEvent__FP10fopAc_ac_cP10fopAc_ac_cPCcUsUsUs
8001B3CC:fopAcM_orderOtherEvent__FP10fopAc_ac_cPCcUsUsUs
8001B908:fopAcM_orderPotentialEvent__FP10fopAc_ac_cUsUsUs
8001B19C:fopAcM_orderSpeakEvent__FP10fopAc_ac_cUsUs
8001B068:fopAcM_orderTalkEvent__FP10fopAc_ac_cP10fopAc_ac_cUsUs
8001B0FC:fopAcM_orderTalkItemBtnEvent__FUsP10fopAc_ac_cP10fopAc_ac_cUsUs
8001BA7C:fopAcM_orderTreasureEvent__FP10fopAc_ac_cP10fopAc_ac_cUsUs
8001CDFC:fopAcM_otherBgCheck__FPC10fopAc_ac_cPC10fopAc_ac_c
8001CC5C:fopAcM_otoCheck__FPC10fopAc_ac_cf
8001CFD8:fopAcM_plAngleCheck__FPC10fopAc_ac_cs
8001A6CC:fopAcM_posMoveF__FP10fopAc_ac_cPC4cXyz
8001A660:fopAcM_posMove__FP10fopAc_ac_cPC4cXyz
8001D1F4:fopAcM_riverStream__FP4cXyzPsPff
8001AAE0:fopAcM_rollPlayerCrash__FPC10fopAc_ac_cfUlffif
8001A738:fopAcM_searchActorAngleX__FPC10fopAc_ac_cPC10fopAc_ac_c
8001A710:fopAcM_searchActorAngleY__FPC10fopAc_ac_cPC10fopAc_ac_c
8001A914:fopAcM_searchActorDistance2__FPC10fopAc_ac_cPC10fopAc_ac_c
8001AA94:fopAcM_searchActorDistanceXZ2__FPC10fopAc_ac_cPC10fopAc_ac_c
8001A964:fopAcM_searchActorDistanceXZ__FPC10fopAc_ac_cPC10fopAc_ac_c
8001A7E0:fopAcM_searchActorDistance__FPC10fopAc_ac_cPC10fopAc_ac_c
8001D7A0:fopAcM_searchFromName4Event__FPCcs
8001D698:fopAcM_searchFromName__FPCcUlUl
8001A79C:fopAcM_seenActorAngleY__FPC10fopAc_ac_cPC10fopAc_ac_c
8001CB48:fopAcM_setCarryNow__FP10fopAc_ac_ci
8001A578:fopAcM_setCullSizeBox2__FP10fopAc_ac_cP12J3DModelData
8001A548:fopAcM_setCullSizeBox__FP10fopAc_ac_cffffff
8001A564:fopAcM_setCullSizeSphere__FP10fopAc_ac_cffff
8001D42C:fopAcM_setEffectMtx__FPC10fopAc_ac_cPC12J3DModelData
80019934:fopAcM_setRoomLayer__FPvi
800198C4:fopAcM_setStageLayer__FPv
8001CED0:fopAcM_wayBgCheck__FPC10fopAc_ac_cff
80019860:fopAcTg_ActorQTo__FP16create_tag_class
80019880:fopAcTg_Init__FP16create_tag_classPv
80019834:fopAcTg_ToActorQ__FP16create_tag_class
8001904C:fopAc_Create__FPv
80018FCC:fopAc_Delete__FPv
80018D0C:fopAc_Draw__FPv
80018DD8:fopAc_Execute__FPv
80018CE0:fopAc_IsActor__FPv
80018F78:fopAc_IsDelete__FPv
8001E310:fopCamM_Create__FisPv
8001E308:fopCamM_GetParam__FP12camera_class
8001E378:fopCamM_Init__Fv
8001E374:fopCamM_Management__Fv
8001E270:fopCam_Create__FPv
8001E21C:fopCam_Delete__FP12camera_class
8001E140:fopCam_Draw__FP12camera_class
8001E180:fopCam_Execute__FP12camera_class
8001E1C8:fopCam_IsDelete__FP12camera_class
80020444:fopDwIt_Begin__Fv
80020400:fopDwIt_GetTag__Fv
80020480:fopDwIt_Next__FP16create_tag_class
80020518:fopDwTg_CreateQueue__Fv
800204D4:fopDwTg_DrawQTo__FP16create_tag_class
800204F4:fopDwTg_Init__FP16create_tag_classPv
800204AC:fopDwTg_ToDrawQ__FP16create_tag_classi
8001F660:fopKyM_CreateAppend__Fv
8001F768:fopKyM_Create__FsPFPv_iPv
8001F748:fopKyM_Delete__FPv
8001F90C:fopKyM_createMpillar__FPC4cXyzf
8001F87C:fopKyM_createWpillar__FPC4cXyzfi
8001F7B8:fopKyM_create__FsiP4cXyzP4cXyzPFPv_i
8001F818:fopKyM_fastCreate__FsiP4cXyzP4cXyzPFPv_i
8001F3B4:fopKy_Create__FPv
8001F368:fopKy_Delete__FPv
8001F284:fopKy_Draw__FPv
8001F2C0:fopKy_Execute__FPv
8001F314:fopKy_IsDelete__FPv
8044AE28:fopKy_KANKYO_TYPE
80020108:fopMsgM_Create__FsPFPv_iPv
8001FA4C:fopMsgM_Delete__FPv
8001FA44:fopMsgM_GetAppend__FPv
8001FA24:fopMsgM_SearchByID__FUi
8002039C:fopMsgM_createExpHeap__FUlP7JKRHeap
8001FC4C:fopMsgM_create__FsP10fopAc_ac_cP4cXyzPUlPUlPFPv_i
800203E0:fopMsgM_destroyExpHeap__FP10JKRExpHeap
800200C0:fopMsgM_messageGet__FPcUl
8001FFC4:fopMsgM_messageSetDemo__FUl
8001FD34:fopMsgM_messageSet__FUlP10fopAc_ac_cUl
8001FE84:fopMsgM_messageSet__FUlUl
80020100:fopMsgM_setMessageID__FUi
8001F9B4:fopMsgM_setStageLayer__FPv
80020160:fopMsgM_valueIncrease__FiiUc
8001F588:fopMsg_Create__FPv
8001F53C:fopMsg_Delete__FPv
8001F488:fopMsg_Draw__FPv
8001F4B0:fopMsg_Execute__FPv
8001F4E8:fopMsg_IsDelete__FPv
8044AE30:fopMsg_MSG_TYPE
8001E698:fopOvlpM_Cancel__Fv
8001E5D0:fopOvlpM_ClearOfReq__Fv
8001E51C:fopOvlpM_Done__FP18overlap_task_class
8001E6E8:fopOvlpM_Init__Fv
8001E5A8:fopOvlpM_IsDoingReq__Fv
8001E574:fopOvlpM_IsDone__Fv
8001E504:fopOvlpM_IsOutReq__FP18overlap_task_class
8001E558:fopOvlpM_IsPeek__Fv
8001E650:fopOvlpM_Management__Fv
8001E604:fopOvlpM_Request__FsUs
8001E4C4:fopOvlpM_SceneIsStart__Fv
8001E484:fopOvlpM_SceneIsStop__Fv
8001E540:fopOvlpM_ToldAboutID__FUi
8001EA88:fopOvlpReq_Cancel__FP21overlap_request_class
8001E9F0:fopOvlpReq_Handler__FP21overlap_request_class
8001EAB4:fopOvlpReq_Is_PeektimeLimit__FP21overlap_request_class
8001EAD8:fopOvlpReq_OverlapClr__FP21overlap_request_class
8001E954:fopOvlpReq_Request__FP21overlap_request_classsUs
8001EAC4:fopOvlpReq_SetPeektime__FP21overlap_request_classUs
8001E904:fopOvlpReq_phase_Create__FP21overlap_request_class
8001E6EC:fopOvlpReq_phase_Done__FP21overlap_request_class
8001E854:fopOvlpReq_phase_IsComplete__FP21overlap_request_class
8001E8A4:fopOvlpReq_phase_IsCreated__FP21overlap_request_class
8001E748:fopOvlpReq_phase_IsDone__FP21overlap_request_class
8001E794:fopOvlpReq_phase_IsWaitOfFadeout__FP21overlap_request_class
8001E7E4:fopOvlpReq_phase_WaitOfFadeout__FP21overlap_request_class
8001E41C:fopOvlp_Create__FPv
8001E3F4:fopOvlp_Delete__FPv
8001E37C:fopOvlp_Draw__FPv
8001E3A4:fopOvlp_Execute__FPv
8001E3CC:fopOvlp_IsDelete__FPv
8001EC74:fopScnIt_Judge__FPFPvPv_PvPv
8001ECE0:fopScnM_ChangeReq__FP11scene_classssUs
8001ED84:fopScnM_CreateReq__FssUsUl
8001ED3C:fopScnM_DeleteReq__FP11scene_class
8001EE30:fopScnM_Init__Fv
8001EE10:fopScnM_Management__Fv
8001EDCC:fopScnM_ReRequest__FsUl
8001ECB0:fopScnM_SearchByID__FUi
80020594:fopScnPause_Disable__FP11scene_class
80020548:fopScnPause_Enable__FP11scene_class
8001EFB0:fopScnRq_Cancel__FP19scene_request_class
8001EF24:fopScnRq_Execute__FP19scene_request_class
8001EFF0:fopScnRq_FadeRequest__FsUs
8001F11C:fopScnRq_Handler__Fv
8001EF6C:fopScnRq_PostMethod__FPvP19scene_request_class
8001F0FC:fopScnRq_ReRequest__FUisPv
8001F034:fopScnRq_Request__FiP11scene_classsPvsUs
8001EE34:fopScnRq_phase_ClearOverlap__FP19scene_request_class
8001EEE4:fopScnRq_phase_Done__FP19scene_request_class
8001EE64:fopScnRq_phase_Execute__FP19scene_request_class
8001EE84:fopScnRq_phase_IsDoingOverlap__FP19scene_request_class
8001EEB4:fopScnRq_phase_IsDoneOverlap__FP19scene_request_class
8001F188:fopScnTg_Init__FP15scene_tag_classPv
8001F13C:fopScnTg_QueueTo__FP15scene_tag_class
8001F15C:fopScnTg_ToQueue__FP15scene_tag_class
8001EC00:fopScn_Create__FPv
8001EBAC:fopScn_Delete__FPv
8001EB34:fopScn_Draw__FP11scene_class
8001EB5C:fopScn_Execute__FP11scene_class
8001EB84:fopScn_IsDelete__FPv
8001F248:fopVw_Create__FPv
8001F220:fopVw_Delete__FP10view_class
8001F1A8:fopVw_Draw__FP10view_class
8001F1D0:fopVw_Execute__FP10view_class
8001F1F8:fopVw_IsDelete__FPv
8001FCC0:fop_Timer_create__FsUcUlUcUcffffPFPv_i
802EACFC:fopen__13JUTDirectFileFPCc
80280650:forceDeleteAllEmitter__17JPAEmitterManagerFv
80280708:forceDeleteEmitter__17JPAEmitterManagerFP14JPABaseEmitter
802806A8:forceDeleteGroupEmitter__17JPAEmitterManagerFUc
80043EFC:forceFinish__12dEvDtEvent_cFv
8004B8B4:forceOnEventMove__Q213dPa_control_c7level_cFUl
8015F484:forceRestartRoom__9daPy_py_cFiUli
802A0190:forceStop__Q26JASDsp8TChannelFv
8026485C:force_unlink__24DynamicModuleControlBaseFv
8018EF84:formatNoSelDispInitSet__14dFile_select_cFv
8018F154:formatYesSel2DispInitSet__14dFile_select_cFv
8018EF34:formatYesSelDispInitSet__14dFile_select_cFv
80016EA8:format__15mDoMemCd_Ctrl_cFv
801660D8:forwardCheckAngle__9dCamera_cFv
8028B018:forward__Q37JStudio3stb7TObjectFUl
8028B8E4:forward__Q37JStudio3stb8TControlFUl
8005CF78:forward_overhead_bg_chk__FP4cXyzf
80288B64:forward_value__Q27JStudio7TObjectFUl
80020820:fpcBs_Create__FsUiPv
80020720:fpcBs_DeleteAppend__FP18base_process_class
800207BC:fpcBs_Delete__FP18base_process_class
800206C4:fpcBs_Execute__FP18base_process_class
80020760:fpcBs_IsDelete__FP18base_process_class
8002064C:fpcBs_Is_JustOfType__Fii
8002069C:fpcBs_MakeOfId__Fv
8002065C:fpcBs_MakeOfType__FPi
8002091C:fpcBs_SubCreate__FP18base_process_class
80020A94:fpcCtIt_JudgeInLayer__FUiPFPvPv_PvPv
80020A04:fpcCtIt_Judge__FPFPvPv_PvPv
800209C8:fpcCtIt_Method__FPFPvPv_iPv
80020A40:fpcCtIt_filter_JudgeInLayer__FP10create_tagP16fpcCtIt_jilprm_c
80020C14:fpcCtRq_Cancel__FP14create_request
80020B20:fpcCtRq_CreateQTo__FP14create_request
80020DB0:fpcCtRq_Create__FP11layer_classUlP27create_request_method_class
80020BA0:fpcCtRq_Delete__FP14create_request
80020CC8:fpcCtRq_Do__FP14create_request
80020D84:fpcCtRq_Handler__Fv
80020AE8:fpcCtRq_IsCreatingByID__FUi
80020CAC:fpcCtRq_IsDoing__FP14create_request
80020B5C:fpcCtRq_ToCreateQ__FP14create_request
80020ACC:fpcCtRq_isCreatingByID__FP10create_tagPUi
80020E64:fpcCtTg_CreateQTo__FP10create_tag
80020E84:fpcCtTg_Init__FP10create_tagPv
80020E38:fpcCtTg_ToCreateQ__FP10create_tag
80020EEC:fpcCt_Abort__FP18base_process_class
80020F10:fpcCt_Handler__Fv
80020EA8:fpcCt_IsCreatingByID__FUi
80020EC8:fpcCt_IsDoing__FP18base_process_class
80020F7C:fpcDtTg_DeleteQTo__FP16delete_tag_class
80020F9C:fpcDtTg_Do__FP16delete_tag_classPFPv_i
8002101C:fpcDtTg_Init__FP16delete_tag_classPv
80020F30:fpcDtTg_IsEmpty__Fv
80020F48:fpcDtTg_ToDeleteQ__FP16delete_tag_class
800212A4:fpcDt_Delete__FPv
800210D4:fpcDt_Handler__Fv
80021040:fpcDt_IsComplete__Fv
80021188:fpcDt_ToDeleteQ__FP18base_process_class
8002110C:fpcDt_ToQueue__FP18base_process_class
80021060:fpcDt_deleteMethod__FP18base_process_class
80021308:fpcDwPi_Get__FPC19draw_priority_class
80021318:fpcDwPi_Init__FP19draw_priority_classs
80021310:fpcDwPi_Set__FP19draw_priority_classs
80023954:fpcDw_Execute__FP18base_process_class
800239F4:fpcDw_Handler__FPFPFPvPv_i_iPFPvPv_i
800214C4:fpcEx_ExecuteQTo__FP18base_process_class
800213C4:fpcEx_Execute__FP18base_process_class
80021568:fpcEx_Handler__FPFPvPv_i
8002139C:fpcEx_IsExist__FUi
80021358:fpcEx_SearchByID__FUi
80021338:fpcEx_Search__FPFPvPv_PvPv
80021510:fpcEx_ToExecuteQ__FP18base_process_class
80021418:fpcEx_ToLineQ__FP18base_process_class
80023A98:fpcFCtRq_Delete__FP19fast_create_request
80023A48:fpcFCtRq_Do__FP19fast_create_request
80023AA0:fpcFCtRq_Request__FP11layer_classsPFPvPv_iPvPv
8002202C:fpcLd_Free__Fs
80022008:fpcLd_IsLoaded__Fs
80022050:fpcLd_Load__Fs
80021FB8:fpcLd_Use__Fs
80021B14:fpcLf_Create__FP14leafdraw_class
80021AD0:fpcLf_Delete__FP14leafdraw_class
80021A24:fpcLf_DrawMethod__FP21leafdraw_method_classPv
80021A48:fpcLf_Draw__FP14leafdraw_class
80021A80:fpcLf_Execute__FP14leafdraw_class
80021A00:fpcLf_GetPriority__FPC14leafdraw_class
80021AA8:fpcLf_IsDelete__FP14leafdraw_class
800236C0:fpcLnIt_MethodCall__FP16create_tag_classP13method_filter
80023728:fpcLnIt_Queue__FPFPvPv_i
8002368C:fpcLnTg_Init__FP8line_tagPv
800235A8:fpcLnTg_Move__FP8line_tagi
80023600:fpcLnTg_QueueTo__FP8line_tag
80023634:fpcLnTg_ToQueue__FP8line_tagi
80021F64:fpcLn_Create__Fv
80021C60:fpcLyIt_AllJudge__FPFPvPv_PvPv
80021C28:fpcLyIt_Judge__FP11layer_classPFPvPv_PvPv
80021BC0:fpcLyIt_OnlyHereLY__FP11layer_classPFPvPv_iPv
80021B88:fpcLyIt_OnlyHere__FP11layer_classPFPvPv_iPv
80021EB0:fpcLyTg_Init__FP26layer_management_tag_classUiPv
80021E2C:fpcLyTg_Move__FP26layer_management_tag_classUiUsUs
80021DCC:fpcLyTg_QueueTo__FP26layer_management_tag_class
80021CD4:fpcLyTg_ToQueue__FP26layer_management_tag_classUiUsUs
800215CC:fpcLy_CancelMethod__FP24process_method_tag_class
80021588:fpcLy_CancelQTo__FP24process_method_tag_class
8002189C:fpcLy_Cancel__FP11layer_class
800218C8:fpcLy_Create__FP11layer_classPvP15node_list_classi
800216C4:fpcLy_CreatedMesg__FP11layer_class
800216B4:fpcLy_CreatingMesg__FP11layer_class
800216F4:fpcLy_CurrentLayer__Fv
800217E8:fpcLy_Delete__FP11layer_class
80021688:fpcLy_DeletedMesg__FP11layer_class
80021678:fpcLy_DeletingMesg__FP11layer_class
800215F8:fpcLy_IntoQueue__FP11layer_classiP16create_tag_classi
800216A0:fpcLy_IsCreatingMesg__FP11layer_class
80021664:fpcLy_IsDeletingMesg__FP11layer_class
8002174C:fpcLy_Layer__FUi
80021640:fpcLy_QueueTo__FP11layer_classP16create_tag_class
800217BC:fpcLy_Regist__FP11layer_class
800216DC:fpcLy_RootLayer__Fv
800216FC:fpcLy_Search__FUi
800216EC:fpcLy_SetCurrentLayer__FP11layer_class
800215A8:fpcLy_ToCancelQ__FP11layer_classP24process_method_tag_class
8002161C:fpcLy_ToQueue__FP11layer_classiP16create_tag_class
80022118:fpcM_Delete__FPv
800220C0:fpcM_DrawIterater__FPFPvPv_i
800220A0:fpcM_Draw__FPv
800220F8:fpcM_Execute__FPv
800222F4:fpcM_FastCreate__FsPFPv_iPvPv
800222B8:fpcM_Init__Fv
80022138:fpcM_IsCreating__FUi
80022348:fpcM_IsPause__FPvUc
800223B4:fpcM_JudgeInLayer__FUiPFPvPv_PvPv
80022158:fpcM_Management__FPFv_vPFv_v
80022390:fpcM_PauseDisable__FPvUc
8002236C:fpcM_PauseEnable__FPvUc
80023764:fpcMtdIt_Method__FP15node_list_classPFPv_i
80023788:fpcMtdTg_Do__FP24process_method_tag_class
800237F8:fpcMtdTg_Init__FP24process_method_tag_classPFPv_iPv
800237D8:fpcMtdTg_MethodQTo__FP24process_method_tag_class
800237B8:fpcMtdTg_ToMethodQ__FP15node_list_classP24process_method_tag_class
800224CC:fpcMtd_Create__FP20process_method_classPv
800224A8:fpcMtd_Delete__FP20process_method_classPv
80022460:fpcMtd_Execute__FP20process_method_classPv
80022484:fpcMtd_IsDelete__FP20process_method_classPv
80022428:fpcMtd_Method__FPFPv_iPv
80022AA4:fpcNdRq_Cancel__FP19node_create_request
80022E14:fpcNdRq_ChangeNode__FUlP18process_node_classsPv
80022F3C:fpcNdRq_CreateNode__FUlsPv
80022C9C:fpcNdRq_Create__FUl
80022EB0:fpcNdRq_DeleteNode__FUlP18process_node_class
80022A3C:fpcNdRq_Delete__FP19node_create_request
80022990:fpcNdRq_DoPhase__FP19node_create_request
800229D8:fpcNdRq_Execute__FP19node_create_request
80022AFC:fpcNdRq_Handler__Fv
80022C50:fpcNdRq_IsIng__FP18process_node_class
80022BE4:fpcNdRq_IsPossibleTarget__FP18process_node_class
80023098:fpcNdRq_ReChangeNode__FUisPv
80023110:fpcNdRq_ReRequest__FUisPv
800227C4:fpcNdRq_RequestQTo__FP19node_create_request
80022FE8:fpcNdRq_Request__FUliP18process_node_classsPvP32node_create_request_method_class
80022804:fpcNdRq_ToRequestQ__FP19node_create_request
800228A8:fpcNdRq_phase_Create__FP19node_create_request
8002293C:fpcNdRq_phase_Delete__FP19node_create_request
80022850:fpcNdRq_phase_IsCreated__FP19node_create_request
80022904:fpcNdRq_phase_IsDeleteTiming__FP19node_create_request
8002290C:fpcNdRq_phase_IsDeleted__FP19node_create_request
80022728:fpcNd_Create__FP18process_node_class
800226C4:fpcNd_Delete__FP18process_node_class
800224F0:fpcNd_DrawMethod__FP21nodedraw_method_classPv
80022514:fpcNd_Draw__FP18process_node_class
80022580:fpcNd_Execute__FP18process_node_class
800225DC:fpcNd_IsCreatingFromUnder__FPv
8002265C:fpcNd_IsDeleteTiming__FP18process_node_class
8002269C:fpcNd_IsDelete__FP18process_node_class
800238D4:fpcPause_Disable__FPvUc
80023868:fpcPause_Enable__FPvUc
80023948:fpcPause_Init__FPv
80023844:fpcPause_IsEnable__FPvUc
80023564:fpcPf_Get__Fs
800232E8:fpcPi_Change__FP22process_priority_classUiUsUs
80023268:fpcPi_Delete__FP22process_priority_class
80023214:fpcPi_GetFromQueue__Fv
80023428:fpcPi_Handler__Fv
800234BC:fpcPi_Init__FP22process_priority_classPvUiUsUs
80023130:fpcPi_IsInQueue__FP22process_priority_class
800232B4:fpcPi_IsNormal__FUiUsUs
80023150:fpcPi_QueueTo__FP22process_priority_class
80023188:fpcPi_ToQueue__FP22process_priority_class
80023D8C:fpcSCtRq_Cancel__FP29standard_create_request_class
80023D84:fpcSCtRq_Delete__FP29standard_create_request_class
80023D14:fpcSCtRq_Handler__FP29standard_create_request_class
80023D94:fpcSCtRq_Request__FP11layer_classsPFPvPv_iPvPv
80023BC4:fpcSCtRq_phase_CreateProcess__FP29standard_create_request_class
80023D0C:fpcSCtRq_phase_Done__FP29standard_create_request_class
80023C64:fpcSCtRq_phase_IsComplete__FP29standard_create_request_class
80023B70:fpcSCtRq_phase_Load__FP29standard_create_request_class
80023CBC:fpcSCtRq_phase_PostMethod__FP29standard_create_request_class
80023C2C:fpcSCtRq_phase_SubCreateProcess__FP29standard_create_request_class
80023590:fpcSch_JudgeByID__FPvPv
80023578:fpcSch_JudgeForPName__FPvPv
8001D900:fpoAcM_relativePos__FPC10fopAc_ac_cPC4cXyzP4cXyz
80368C38:fprintf
8044B664:fpscr__12JUTException
80367674:fputs
8044AC10:fragmentID
80447570:fragmentinfo
8044AC74:frame$3939
8044B688:frameBuffer$2222
80327504:frameInit__13J3DDrawBufferFv
8000FBC0:frameUpdate__13mDoExt_morf_cFv
802C2AE8:framework__10Z2CreatureFUlSc
802C8B4C:framework__10Z2EnvSeMgrFv
802BC090:framework__10Z2SceneMgrFv
802ACABC:framework__10Z2SoundMgrFv
802C4584:framework__12Z2CreatureFMFUlSc
802C4D00:framework__12Z2CreatureOIFUlSc
802CEE6C:framework__12Z2SpeechMgr2Fv
802C5C1C:framework__14Z2CreatureLinkFUlSc
802C0478:framework__14Z2SoundObjBaseFUlSc
802C3570:framework__15Z2CreatureEnemyFUlSc
802C0AF8:framework__21Z2DopplerSoundObjBaseFUlSc
80364FF4:free
802D0A68:freeAll__7JKRHeapFv
80071AA8:freeAttention__12dAttention_cFv
802A3E48:freeDeadSeq___9JAISeqMgrFv
802A61B0:freeDeadStream___12JAIStreamMgrFv
800E4C0C:freeGrabItem__9daAlink_cFv
80190478:freeHeap__16dFile_select3D_cFv
802D0A94:freeTail__7JKRHeapFv
8029E02C:free__10JASChannelFv
8029F750:free__13JASDSPChannelFv
80292DC4:free__17JASGenericMemPoolFPvUl
80265690:free__3cMlFPv
80292914:free__7JASHeapFv
802D09E4:free__7JKRHeapFPv
802D099C:free__7JKRHeapFPvP7JKRHeap
802D2D68:free__Q210JKRExpHeap9CMemBlockFP10JKRExpHeap
800D6E5C:freezeTimerDamage__9daAlink_cFv
8036E6E0:frexp
8038BEA4:frontOffset$45189
80368050:fseek
80390510:fst_c$5857
80391980:ft_off$4044
80391930:ft_on$4037
80391C80:ftag_name0$4154
80390B68:ftag_name0$4616
80391CB8:ftag_name1$4155
80390B98:ftag_name1$4617
80391C10:ftag_sub0$4152
80390B08:ftag_sub0$4614
80391C48:ftag_sub1$4153
80390B38:ftag_sub1$4615
8036832C:ftell
8038F050:ftext_op$4771
8038F038:ftext_sv$4770
80392178:ftext_tag$5462
803A3D78:ftp_table$4417
8038E9B8:ftv_btnA$3745
803912C0:ftv_btnA$5346
803904C0:fuji_c$5850
8023D384:fukiAlpha__14dMsgScrnBase_cFf
8023DAB0:fukiAlpha__14dMsgScrnBoss_cFf
8024326C:fukiAlpha__14dMsgScrnHowl_cFf
802412DC:fukiAlpha__14dMsgScrnItem_cFf
80249A6C:fukiAlpha__14dMsgScrnTalk_cFf
8024AC60:fukiAlpha__14dMsgScrnTree_cFf
80247F8C:fukiAlpha__15dMsgScrnPlace_cFf
802484B0:fukiAlpha__15dMsgScrnStaff_cFf
80246110:fukiAlpha__16dMsgScrnJimaku_cFf
80246BA4:fukiAlpha__16dMsgScrnKanban_cFf
80237020:fukiPosCalc__12dMsgObject_cFb
80239570:fukiPosCalc__14dMsgScrnBase_cFUc
80241384:fukiPosCalc__14dMsgScrnItem_cFUc
80249B14:fukiPosCalc__14dMsgScrnTalk_cFUc
8023D338:fukiScale__14dMsgScrnBase_cFf
8023DB3C:fukiScale__14dMsgScrnBoss_cFf
80243244:fukiScale__14dMsgScrnHowl_cFf
802412B4:fukiScale__14dMsgScrnItem_cFf
80249A64:fukiScale__14dMsgScrnTalk_cFf
8024AD14:fukiScale__14dMsgScrnTree_cFf
80248018:fukiScale__15dMsgScrnPlace_cFf
802484D4:fukiScale__15dMsgScrnStaff_cFf
802461B0:fukiScale__16dMsgScrnJimaku_cFf
80246C58:fukiScale__16dMsgScrnKanban_cFf
8023D360:fukiTrans__14dMsgScrnBase_cFff
8023DB40:fukiTrans__14dMsgScrnBoss_cFff
80243248:fukiTrans__14dMsgScrnHowl_cFff
802412B8:fukiTrans__14dMsgScrnItem_cFff
80249A68:fukiTrans__14dMsgScrnTalk_cFff
8024AD18:fukiTrans__14dMsgScrnTree_cFff
8024801C:fukiTrans__15dMsgScrnPlace_cFff
802484D8:fukiTrans__15dMsgScrnStaff_cFff
802461B4:fukiTrans__16dMsgScrnJimaku_cFff
80246C5C:fukiTrans__16dMsgScrnKanban_cFff
8036B5B0:fwide
80367C3C:fwrite
80391840:fxy_text$4016
803CD3E8:gDBCommTable
804479F8:gTRKBigEndian
80449478:gTRKCPUState
804479D0:gTRKEventQueue
803CD384:gTRKExceptionStatus
804493B0:gTRKFramingState
8044BAF8:gTRKInputPendingPtr
800035E4:gTRKInterruptVectorTable
80005518:gTRKInterruptVectorTableEnd
8039CCC0:gTRKMemMap
80447A00:gTRKMsgBufs
803CD378:gTRKRestoreFlags
804498A8:gTRKSaveState
804493D4:gTRKState
803CD394:gTRKStepStatus
8041EC4C:g_AttDwHIO
8042AE18:g_Counter
803EBCFC:g_HIO
8044B228:g_LogHIO
8042A3CC:g_MsgObject_HIO_c
8042A814:g_MsgScrnLight_HIO_c
8044A744:g_blackColor
803BD668:g_cAPI_Interface
8044A740:g_clearColor
8042A250:g_cursorHIO
8044A750:g_dComIfAc_gameInfo
80400300:g_dComIfG_gameInfo
8044A758:g_dComIfGoat_gameInfo
80428D08:g_drawHIO
8042A8DC:g_envHIO
80426B94:g_env_light
8042896C:g_fmHIO
80429DA0:g_fmapHIO
8039D740:g_fopAcTg_Queue
8039D710:g_fopAc_Method
8044ADF8:g_fopAc_type
8039D9C0:g_fopCam_Method
8044A710:g_fopDwTg_Queue
8039DAA0:g_fopKy_Method
8039DAB8:g_fopMsg_Method
8039D9D8:g_fopOvlp_Method
8039DA78:g_fopScnTg_SceneList
8039DA10:g_fopScn_Method
8039DA88:g_fopVw_Method
8044AE40:g_fpcBs_type
8039DAF0:g_fpcCtTg_Queue
8039DB00:g_fpcDtTg_Queue
8039DB48:g_fpcLf_Method
8044AE70:g_fpcLf_type
8044A718:g_fpcLn_Queue
8044A720:g_fpcNd_IsCheckOfDeleteTiming
8039DB80:g_fpcNd_Method
8044AE80:g_fpcNd_type
8044AE90:g_fpcPf_ProfileList_p
80426B2C:g_fsHIO
8044ACFC:g_mDoAud_audioHeap
803D608C:g_mDoAud_zelAudio
803E5080:g_mDoMemCd_control
8039D138:g_mDoMtx_identity
80427EB0:g_mEnvSeMgr
8044B1F0:g_menuHIO
8042A2C8:g_meter2_info
8042898C:g_msHIO
8044B210:g_msg_unit
80428AE8:g_mwDHIO
804289AC:g_mwHIO
8042A874:g_nmHIO
8039D0C0:g_ntscZeldaIntDf
8039D0FC:g_ntscZeldaProg
8044B260:g_preLoadHIO
803ACF2C:g_profile_ALINK
803B4858:g_profile_CAMERA
803B489C:g_profile_CAMERA2
803B497C:g_profile_ENVSE
803B5EA0:g_profile_GAMEOVER
803B40D4:g_profile_ITEM
803B6214:g_profile_KANKYO
803B62CC:g_profile_KYEFF
803B630C:g_profile_KYEFF2
803B634C:g_profile_KY_THUNDER
803BD124:g_profile_LOGO_SCENE
803B91D4:g_profile_MENUWINDOW
803BD158:g_profile_MENU_SCENE
803B9BA8:g_profile_METER2
803BACF0:g_profile_MSG_OBJECT
803BD258:g_profile_NAMEEX_SCENE
803BD230:g_profile_NAME_SCENE
803AD7D8:g_profile_NO_CHG_ROOM
803BD33C:g_profile_OPENING_SCENE
803BCCEC:g_profile_OVERLAP0
803BCD14:g_profile_OVERLAP1
803BCDDC:g_profile_OVERLAP10
803BCE04:g_profile_OVERLAP11
803BCE74:g_profile_OVERLAP2
803BCEF4:g_profile_OVERLAP3
803BCD3C:g_profile_OVERLAP6
803BCD64:g_profile_OVERLAP7
803BCD8C:g_profile_OVERLAP8
803BCDB4:g_profile_OVERLAP9
803BD314:g_profile_PLAY_SCENE
803BD3C8:g_profile_ROOM_SCENE
803BD538:g_profile_TIMER
803BD418:g_profile_WARNING2_SCENE
803BD3F0:g_profile_WARNING_SCENE
803BD584:g_profile_WMARK
803BD5C4:g_profile_WPILLAR
8044B268:g_regHIO
80429C3C:g_ringHIO
8044A74C:g_saftyWhiteColor
8042A92C:g_save_bit_HIO
8044B190:g_siHIO
8044B230:g_snHIO
8044A748:g_whiteColor
8044F938:ga4cSignature__Q28JMessage4data
8044F518:ga4cSignature__Q37JStudio3ctb4data
8044F570:ga4cSignature__Q37JStudio3fvb4data
8044F5F8:ga4cSignature__Q37JStudio3stb4data
8044F580:ga8cSignature__Q27JStudio4data
801F3470:gameContinue2__12dMenu_save_cFv
801F3498:gameContinue3__12dMenu_save_cFv
801F3254:gameContinueDisp__12dMenu_save_cFv
801F32F0:gameContinue__12dMenu_save_cFv
801F2A9C:gameFileMakeSelInitSet__12dMenu_save_cFv
8044AD68:gameHeap
8044AD38:gameHeapErrors
80090554:gameOverEvCamera__9dCamera_cFv
8044D23C:ganonNameID$41525
80394B58:gapfnExtrapolateParameter___Q27JStudio27@unnamed@functionvalue_cpp@
80294438:gateOn__8JASTrackFUlUlfUl
80394CF0:gauDataSize_TEParagraph_data__Q37JStudio3stb4data
80375028:gdev_cc_close
8037505C:gdev_cc_initialize
80374D98:gdev_cc_initinterrupts
80375030:gdev_cc_open
80374DBC:gdev_cc_peek
80374E2C:gdev_cc_post_stop
80374E50:gdev_cc_pre_continue
80374F34:gdev_cc_read
80375054:gdev_cc_shutdown
80374E74:gdev_cc_write
8021DBA4:get2ndTexture__13dMeter2Info_cFUc
8021DC10:get3rdTexture__13dMeter2Info_cFUc
8021DC54:get4thTexture__13dMeter2Info_cFUc
800708C0:getActionBtnB__12dAttention_cFv
800709B4:getActionBtnXY__12dAttention_cFv
8021A9C4:getActionString__13dMeter2Draw_cFUcUcPUc
80039128:getActiveCamera__14dDemo_object_cFv
8014BB4C:getActorDistance__8daNpcT_cFP10fopAc_ac_cii
80150738:getActorP__18daNpcF_ActorMngr_cFv
80145754:getActorP__18daNpcT_ActorMngr_cFv
80233338:getActorPos__19jmessage_tReferenceFv
800738A4:getActor__10dAttList_cFv
80238AB0:getActor__12dMsgObject_cFv
80038128:getActor__13dDemo_actor_cFv
80039088:getActor__14dDemo_object_cFUc
8014D884:getActor__18daBaseNpc_acMngr_cFv
8009D8BC:getAlinkArcName__9daAlink_cFv
801D2BD0:getAllMapZoomRate__18dMenu_Fmap2DBack_cFv
8000DF54:getAlphaComp__10J3DPEBlockFv
80323E7C:getAlphaComp__14J3DPEBlockFullFv
80323FE0:getAlphaComp__16J3DPEBlockFogOffFv
80257BA0:getAlphaRate__13CPaneMgrAlphaFv
8023F5FC:getAlphaRatio__17dMsgScrnExplain_cFv
801DC820:getAlphaRatio__19dMenu_ItemExplain_cFv
8000DFF0:getAmbColor__13J3DColorBlockFUl
803253EC:getAmbColor__20J3DColorBlockLightOnFUl
80325574:getAmbColor__22J3DColorBlockAmbientOnFUl
8003218C:getAngleStick__10CSTControlFv
8003216C:getAngleStick__9STControlFv
800A3D44:getAnimeResource__9daAlink_cFP14daPy_anmHeap_cUsUl
800D0018:getAnmMtx__8J3DModelFi
8015813C:getAnmP__10daNpcCd2_cFii
80156294:getAnmP__9daNpcCd_cFii
80014E94:getAnmTransform__10J3DMtxCalcFUc
80014E9C:getAnmTransform__10J3DMtxCalcFv
80014FB8:getAnmTransform__17J3DMtxCalcAnmBaseFv
800D00F4:getAnm__25mDoExt_MtxCalcAnmBlendTblFi
802D9C94:getAramAddress_Entry__14JKRAramArchiveFPQ210JKRArchive12SDIFileEntry
802D9CB8:getAramAddress__14JKRAramArchiveFPCc
80292F38:getAramHeap__9JASKernelFv
80024940:getArcBank__20dStage_roomControl_cFi
8029B0BC:getArcCount__16JASBasicWaveBankCFv
8029B3C8:getArcCount__17JASSimpleWaveBankCFv
8003BA9C:getArcHeader__FP10JKRArchive
80031870:getArcName__12daSetBgObj_cFP10fopAc_ac_c
801FA514:getArrowFlag__9dMw_HIO_cFv
800DE684:getArrowFlyData__9daAlink_cCFPfPfi
800DE798:getArrowIncAtMaxStart__9daAlink_cCFv
800DE7A8:getArrowIncAtMax__9daAlink_cCFv
800DE778:getArrowIncAtR__9daAlink_cCFv
80036AEC:getArrowOffsetPosAndAngle__9dJntCol_cCFPC4cXyzPC5csXyzP4cXyzP4cXyz
800DCAB8:getArrowShieldOffset__9daAlink_cCFPC4cXyzPC5csXyzP4cXyzP4cXyz
8002753C:getArrow__15dStage_roomDt_cCFv
80027E28:getArrow__16dStage_stageDt_cCFv
802E04A0:getAscent__10JUTResFontCFv
800D0398:getAtnActorID__9daAlink_cCFv
8000B1E4:getAtnActorID__9daPy_py_cCFv
8015F448:getAttentionOffsetY__9daPy_py_cFv
801549B8:getAttentionPos__8daNpcF_cFP10fopAc_ac_c
801543B8:getAttnActorP__8daNpcF_cFiPFPvPv_Pvffffsii
8014B438:getAttnPos__8daNpcT_cFP10fopAc_ac_c
80284B58:getAttributeSet__Q27JStudio19TFunctionValue_listFv
8028577C:getAttributeSet__Q27JStudio22TFunctionValue_hermiteFv
802847EC:getAttributeSet__Q27JStudio23TFunctionValue_constantFv
802841F0:getAttributeSet__Q27JStudio24TFunctionValue_compositeFv
80284884:getAttributeSet__Q27JStudio25TFunctionValue_transitionFv
802851D8:getAttributeSet__Q27JStudio29TFunctionValue_list_parameterFv
802BD598:getAudibleSwFull__11Z2SoundInfoF10JAISoundID
802BD888:getAudibleSw__11Z2SoundInfoCF10JAISoundID
802D6530:getAvailable__20JSURandomInputStreamCFv
8003A23C:getBLightInf__13door_param2_cFP10fopAc_ac_c
8003A1C4:getBRoomNo__13door_param2_cFP10fopAc_ac_c
801CF30C:getBackColor__15dMenu_FmapMap_cCFv
8003FE4C:getBackColor__16renderingDAmap_cCFv
80051578:getBackLeftEffType__8dPaPoF_cCFi
800515CC:getBackLeftEmitter__8dPaPoF_cFii
8003A1AC:getBackOption__13door_param2_cFP10fopAc_ac_c
8005156C:getBackRightEffType__8dPaPoF_cCFi
80051584:getBackRightEmitter__8dPaPoF_cFii
8014CCA8:getBackboneJointNo__8daNpcT_cFv
802A6EE0:getBank__12JAUBankTableCFUl
80295958:getBank__17JASBankTable<256>CFUl
800D0390:getBaseAnimeFrameRate__9daAlink_cCFv
801416D8:getBaseAnimeFrameRate__9daPy_py_cCFv
800AC360:getBaseAnimeFrame__9daAlink_cCFv
801416E0:getBaseAnimeFrame__9daPy_py_cCFv
800EDB80:getBaseHorseAnime__9daAlink_cFPQ29daAlink_c11daAlink_ANM
80150CAC:getBeforeIdx__13daNpcF_Path_cFv
80150CF4:getBeforePos__13daNpcF_Path_cFR4cXyz
802BD44C:getBgmSeqResourceID__11Z2SoundInfoCF10JAISoundID
80304EE8:getBlackWhite__11J2DWindowExCFPQ28JUtility6TColorPQ28JUtility6TColor
80308B00:getBlackWhite__12J2DPictureExCFPQ28JUtility6TColorPQ28JUtility6TColor
8030A968:getBlackWhite__12J2DTextBoxExCFPQ28JUtility6TColorPQ28JUtility6TColor
801DFAC0:getBlack__10J2DPictureCFv
801DFAA8:getBlack__10J2DTextBoxCFv
80305124:getBlack__11J2DWindowExCFv
80308D94:getBlack__12J2DPictureExCFv
8030AB98:getBlack__12J2DTextBoxExCFv
80256378:getBlack__9J2DWindowCFv
8000DF4C:getBlend__10J3DPEBlockFv
80323E9C:getBlend__14J3DPEBlockFullFv
80324000:getBlend__16J3DPEBlockFogOffFv
80298B40:getBlockSamples__13JASAramStreamCFv
800D0898:getBoardCutTurnOffsetAngleY__9daAlink_cCFv
801417FC:getBoardCutTurnOffsetAngleY__9daPy_py_cCFv
801066F0:getBoardRowAnmSpeed__9daAlink_cFv
800BB0BC:getBodyAngleXAtnActor__9daAlink_cFi
800BB058:getBodyAngleXBasePos__9daAlink_cFP4cXyz
801416A0:getBokoFlamePos__9daPy_py_cFP4cXyz
800DE788:getBombArrowFlyExplodeTime__9daAlink_cCFv
800E3808:getBombAtR__9daAlink_cCFv
800E37C8:getBombBoundRate__9daAlink_cCFv
80237EB0:getBombBuyPriceLocal__12dMsgObject_cFUc
800E37F8:getBombEffScale__9daAlink_cCFv
800E3798:getBombExplodeTime__9daAlink_cCFv
800E3848:getBombExplodeWaterEffectLimit__9daAlink_cCFv
801FA50C:getBombFlag__9dMw_HIO_cFv
800E37A8:getBombGravity__9daAlink_cCFv
800E3858:getBombInsectLimitAngle__9daAlink_cCFv
800E37B8:getBombMaxFallSpeed__9daAlink_cCFv
800E37E8:getBombMaxSpeedY__9daAlink_cCFv
80237CA0:getBombName__12dMsgObject_cFv
800340F8:getBombNum__21dSv_player_item_max_cCFUc
80033F7C:getBombNum__24dSv_player_item_record_cCFUc
800E37D8:getBombStopSpeedY__9daAlink_cCFv
800E3828:getBombWaterGravity__9daAlink_cCFv
800E3838:getBombWaterMaxFallSpeed__9daAlink_cCFv
800E01C8:getBoomBgThroughTime__9daAlink_cCFv
800E00E8:getBoomCatchSpeed__9daAlink_cCFv
800E00F8:getBoomFlyMax__9daAlink_cCFv
800E0154:getBoomLockMax__9daAlink_cFv
800E0048:getBoomSpeed__9daAlink_cFv
800E0248:getBoomerangActor__9daAlink_cFv
8009C2BC:getBossIconFloorNo__7dTres_cFPi
800D0318:getBottleMtx__9daAlink_cFv
801415A8:getBottleMtx__9daPy_py_cFv
80034030:getBottleNum__24dSv_player_item_record_cCFUc
8010E5A0:getBottleOpenAppearItem__9daAlink_cCFv
80141940:getBottleOpenAppearItem__9daPy_py_cCFv
802F959C:getBounds__7J2DPaneFv
80257330:getBounds__8CPaneMgrFP7J2DPane
80228C7C:getBtiName__10COutFont_cFi
801451CC:getBtpFrm__12daItemBase_cFv
80218908:getButtonCrossParentInitTransY__13dMeter2Draw_cFv
8021C4A0:getButtonTimer__13dMeter2Draw_cFv
802E399C:getButton__Q210JUTGamePad6CStickFUl
8021C2F4:getCameraSubject__13dMeter2Draw_cFv
8002752C:getCamera__15dStage_roomDt_cCFv
80027E18:getCamera__16dStage_stageDt_cCFv
800F3C14:getCanoeBackMaxSpeed__9daAlink_cCFv
800F3C24:getCanoeCres__9daAlink_cCFv
8021C284:getCanoeFishing__13dMeter2Draw_cFv
800F3D04:getCanoeLocalPaddleTop__9daAlink_cFv
800F3C7C:getCanoeMaxRotSpeed__9daAlink_cCFv
800F3BE8:getCanoeMaxSpeed__9daAlink_cCFv
800F3E34:getCanoePaddleMatrix__9daAlink_cFv
800F3C50:getCanoeSpeedRate__9daAlink_cCFv
802BD518:getCategory__11Z2SoundInfoCF10JAISoundID
802E21F4:getCellHeight__10JUTResFontCFv
80014DF4:getCellHeight__7JUTFontCFv
802E21A8:getCellWidth__10JUTResFontCFv
80014DC8:getCellWidth__7JUTFontCFv
80051488:getCenterEffType__7dPaPo_cCFi
80051524:getCenterEmitter__7dPaPo_cFii
8020A5EC:getCenterPosCalc__14dMeterButton_cFUcPci
80182858:getChainGrabActor__9daAlink_cFv
800E7984:getChainStickAngleY__9daAlink_cCFs
802A0580:getChannelLevel_dsp__9JASDriverFv
802BE644:getChannel__9Z2AudibleFi
8023005C:getCharInfo__28jmessage_tRenderingProcessorFfffff
8023B7D8:getCharSpace__17dMsgScrn3Select_cFv
802B6380:getChildTrackVolume__8Z2SeqMgrFP14JAISoundHandlei
802A1C94:getChildTrack__5JAISeFi
802A3B70:getChildTrack__6JAISeqFi
802A5F04:getChildTrack__9JAIStreamFi
802A1B20:getChild__5JAISeFi
802A39B8:getChild__6JAISeqFi
802A5D90:getChild__9JAIStreamFi
800FE3FC:getClimbDirectionFromAngle__9daAlink_cFv
800FE06C:getClimbMoveSideAnmSpeed__9daAlink_cFv
800FE048:getClimbMoveUpDownAnmSpeed__9daAlink_cFv
800D01D8:getClothesChangeWaitTimer__9daAlink_cCFv
80141910:getClothesChangeWaitTimer__9daPy_py_cCFv
80074104:getCode__6dBgPlcCFiPP5sBgPc
80145200:getCollisionH__12daItemBase_cFv
8014521C:getCollisionR__12daItemBase_cFv
801481D0:getColorAnmP__8daNpcT_cFPCci
8000E008:getColorChanNum__13J3DColorBlockCFv
80325414:getColorChanNum__20J3DColorBlockLightOnCFv
80325674:getColorChanNum__21J3DColorBlockLightOffCFv
80319908:getColorChanOffset__13J3DColorBlockCFv
8032549C:getColorChanOffset__20J3DColorBlockLightOnCFv
803256DC:getColorChanOffset__21J3DColorBlockLightOffCFv
8000DFF8:getColorChan__13J3DColorBlockFUl
80325444:getColorChan__20J3DColorBlockLightOnFUl
803256A4:getColorChan__21J3DColorBlockLightOffFUl
802ED82C:getColor__11J2DAnmColorCFUsP8_GXColor
8032E3E8:getColor__11J3DAnmColorCFUsP8_GXColor
8030D69C:getColor__14J2DAnmColorKeyCFUsP8_GXColor
80305AD8:getColor__14J2DAnmVtxColorCFUcUsP8_GXColor
8032CFF0:getColor__14J3DAnmColorKeyCFUsP8_GXColor
8032E4DC:getColor__14J3DAnmVtxColorCFUcUsP8_GXColor
8030D464:getColor__15J2DAnmColorFullCFUsP8_GXColor
8032CE2C:getColor__15J3DAnmColorFullCFUsP8_GXColor
801CF314:getColor__15dMenu_FmapMap_cFi
801C0C08:getColor__15renderingDmap_cFi
8030DBA0:getColor__17J2DAnmVtxColorKeyCFUcUsP8_GXColor
8032C9D8:getColor__17J3DAnmVtxColorKeyCFUcUsP8_GXColor
8030D960:getColor__18J2DAnmVtxColorFullCFUcUsP8_GXColor
8032C804:getColor__18J3DAnmVtxColorFullCFUcUsP8_GXColor
80028DF4:getColor__6dMap_cFi
80292EF8:getCommandHeap__9JASKernelFv
80286640:getCompositeData_add___Q37JStudio3fvb17@unnamed@fvb_cpp@FPCv
80286664:getCompositeData_divide___Q37JStudio3fvb17@unnamed@fvb_cpp@FPCv
80286628:getCompositeData_index___Q37JStudio3fvb17@unnamed@fvb_cpp@FPCv
80286658:getCompositeData_multiply___Q37JStudio3fvb17@unnamed@fvb_cpp@FPCv
80286634:getCompositeData_parameter___Q37JStudio3fvb17@unnamed@fvb_cpp@FPCv
8028661C:getCompositeData_raw___Q37JStudio3fvb17@unnamed@fvb_cpp@FPCv
8028664C:getCompositeData_subtract___Q37JStudio3fvb17@unnamed@fvb_cpp@FPCv
80286670:getCompositeOperation___Q37JStudio3fvb17@unnamed@fvb_cpp@FQ47JStudio3fvb4data11TEComposite
8003EF70:getConstRestartIconPointer__10dMapInfo_nFv
803059D0:getContentsMaterial__11J2DWindowExCFv
802FE4C0:getContentsMaterial__9J2DWindowCFv
80305310:getContentsTexture__11J2DWindowExCFUc
802FE484:getContentsTexture__9J2DWindowCFUc
800E1368:getCopyRodBallDisMax__9daAlink_cCFv
800E1358:getCopyRodBallReturnSpeed__9daAlink_cCFv
800E1348:getCopyRodBallSpeed__9daAlink_cCFv
800E13C8:getCopyRodCameraActor__9daAlink_cFv
800E13AC:getCopyRodControllActor__9daAlink_cFv
802CD80C:getCorrectLineNum__13Z2WolfHowlMgrFv
802CD7BC:getCorrectLine__13Z2WolfHowlMgrFUc
8018899C:getCptoNum__14dFile_select_cFUc
800F7C88:getCrawlMoveAnmSpeed__9daAlink_cFv
800F7CAC:getCrawlMoveSpeed__9daAlink_cFv
800F81F8:getCrawlMoveVec__9daAlink_cFP4cXyzP4cXyzP4cXyziiPUc
8026909C:getCrossProduct__4cXyzCFRC3Vec
80271A04:getCrossYLessD__8cM3dGPlaCFRC3VecPf
802719AC:getCrossY__8cM3dGPlaCFRC4cXyzPf
801B73F4:getCrystalNum__17dMenu_Collect3D_cFv
803197C4:getCullMode__13J3DColorBlockCFv
8032548C:getCullMode__20J3DColorBlockLightOnCFv
803256CC:getCullMode__21J3DColorBlockLightOffCFv
801BD194:getCurFloorPos__12dMenu_Dmap_cFv
80292C10:getCurOffset__7JASHeapFv
80281360:getCurrentCreateNumber__14JPABaseEmitterCFv
8029C560:getCurrentDir__16JASWaveArcLoaderFv
8034FD9C:getCurrentFieldEvenOdd
80196960:getCurrentPos__15dShopItemCtrl_cFi
801EE738:getCursorPos__12dMenu_Ring_cFUc
800D2724:getCutDirection__9daAlink_cFv
800D145C:getCutTurnDirection__9daAlink_cCFv
80027D18:getDMap__15dStage_roomDt_cCFv
80028210:getDMap__16dStage_stageDt_cCFv
8029FE68:getDSPHandle__6JASDspFi
802A0588:getDSPLevel__9JASDriverFv
8029FE60:getDSPMixerLevel__6JASDspFv
8029EE18:getDacRate__9JASDriverFv
8029EE28:getDacSize__9JASDriverFv
800D752C:getDamageVec__9daAlink_cFP12dCcD_GObjInf
8019FB8C:getDarkDaytime__18dScnKy_env_light_cFv
8015B104:getData__12daItemBase_cFv
802A96CC:getData__13JAUSoundTableCF10JAISoundID
8003E2BC:getData__22dMenuFmapIconPointer_cFv
802874DC:getData__Q47JStudio3fvb4data17TParse_TParagraphCFPQ57JStudio3fvb4data17TParse_TParagraph5TData
8028BDEC:getData__Q47JStudio3stb4data16TParse_TSequenceCFPQ57JStudio3stb4data16TParse_TSequence5TData
8028BE38:getData__Q47JStudio3stb4data17TParse_TParagraphCFPQ57JStudio3stb4data17TParse_TParagraph5TData
8028BEB0:getData__Q47JStudio3stb4data22TParse_TParagraph_dataCFPQ57JStudio3stb4data22TParse_TParagraph_data5TData
8019F9C8:getDaytime__18dScnKy_env_light_cFv
80028FB4:getDecoLineColor__15renderingAmap_cFii
8003D68C:getDecoLineColor__18dRenderingFDAmap_cFii
80028CF4:getDecorationLineWidth__15renderingAmap_cFi
8003D6B8:getDecorationLineWidth__18dRenderingFDAmap_cFi
801BD1A8:getDefaultCurFloorPos__12dMenu_Dmap_cFv
80038338:getDemoIDData__13dDemo_actor_cFPiPiPiPUsPUc
80118124:getDemoLookActor__9daAlink_cFv
802E04AC:getDescent__10JUTResFontCFv
802D7F5C:getDirEntry__10JKRArchiveCFPQ210JKRArchive9SDirEntryUl
800B34CC:getDirectionFromAngle__9daAlink_cFs
80131C4C:getDirectionRopeMove__9daAlink_cCFv
8020E054:getDispPosInside_OffsetX__11dMeterMap_cFv
8020E05C:getDispPosOutSide_OffsetX__11dMeterMap_cFv
800288C4:getDispType__15renderingAmap_cCFv
8002A1BC:getDispType__6dMap_cCFv
801542C4:getDistTableIdx__8daNpcF_cFii
8014B05C:getDistTable__12dAttention_cFi
802BE658:getDistVolBit__9Z2AudibleFv
80319820:getDither__10J3DPEBlockCFv
80323EF4:getDither__14J3DPEBlockFullCFv
80324058:getDither__16J3DPEBlockFogOffCFv
802B1200:getDolbyPower__12Z2MultiSeMgrFv
8003A194:getDoorModel__13door_param2_cFP10fopAc_ac_c
80027D38:getDoor__15dStage_roomDt_cCFv
80028230:getDoor__16dStage_stageDt_cCFv
801418D0:getDpdFarFlg__9daPy_py_cCFv
80027D28:getDrTg__15dStage_roomDt_cCFv
80028220:getDrTg__16dStage_stageDt_cCFv
80281370:getDrawCount__14JPABaseEmitterCFv
80146000:getDstPosH__13daNpcT_Path_cF4cXyzP4cXyzii
80150E2C:getDstPos__13daNpcF_Path_cF4cXyzR4cXyz
80145E84:getDstPos__13daNpcT_Path_cF4cXyzP4cXyzi
802D79B8:getDvdPathName__12JKRFileCacheCFPCc
8009D8B4:getE3Zhint__9daAlink_cFv
80027DD8:getElst__15dStage_roomDt_cFv
80026AE8:getElst__16dStage_stageDt_cFv
8004B918:getEmitter__Q213dPa_control_c7level_cFUl
802A9484:getEndSoundIndex__17JAUSoundAnimationCFf
800E3818:getEnemyBombColorR__9daAlink_cCFv
802C2510:getEnemyID__13Z2SoundObjMgrFPCcP26JSULink<15Z2CreatureEnemy>
800276E0:getEnvrInfo__15dStage_roomDt_cCFv
80027E90:getEnvrInfo__16dStage_stageDt_cCFv
800278A0:getEnvrNumInfo__15dStage_roomDt_cCFv
80027EF0:getEnvrNumInfo__16dStage_stageDt_cCFv
8015980C:getEscapeTag__10daNpcCd2_cFv
80089504:getEvActor__9dCamera_cFPc
80089634:getEvActor__9dCamera_cFPcPc
80088DD0:getEvFloatData__9dCamera_cFPfPc
80089194:getEvFloatData__9dCamera_cFPfPcf
80088E98:getEvFloatListData__9dCamera_cFPPfPc
80088CF0:getEvIntData__9dCamera_cFPiPc
800890CC:getEvIntData__9dCamera_cFPiPci
8008937C:getEvStringData__9dCamera_cFPcPcPc
80089020:getEvStringPntData__9dCamera_cFPc
8008945C:getEvStringPntData__9dCamera_cFPcPc
8008926C:getEvXyzData__9dCamera_cFP4cXyzPc4cXyz
80088F5C:getEvXyzListData__9dCamera_cFPP4cXyzPc
800474BC:getEventData__16dEvent_manager_cFs
80047454:getEventData__16dEvent_manager_cFsi
8024BE90:getEventId__10dMsgFlow_cFPi
80047758:getEventIdx__16dEvent_manager_cFP10fopAc_ac_cPCcUc
80047698:getEventIdx__16dEvent_manager_cFP10fopAc_ac_cUc
80047514:getEventIdx__16dEvent_manager_cFPCcUcl
80043480:getEventName__11dEvt_info_cFv
80046480:getEventName__18dEvent_exception_cFv
8003A20C:getEventNo2__13door_param2_cFP10fopAc_ac_c
8003A200:getEventNo__13door_param2_cFP10fopAc_ac_c
800481F4:getEventPrio__16dEvent_manager_cFP10fopAc_ac_cs
80034A04:getEventReg__11dSv_event_cCFUs
801542EC:getEvtAreaTagP__8daNpcF_cFii
8014BF30:getEvtAreaTagP__8daNpcT_cFii
8003A224:getExitNo__13door_param2_cFP10fopAc_ac_c
802D8E14:getExpandSize__10JKRArchiveCFPQ210JKRArchive12SDIFileEntry
801CC2F8:getExpandedResSize__10JKRArchiveCFPCv
802DAB34:getExpandedResSize__13JKRDvdArchiveCFPCv
802D94CC:getExpandedResSize__13JKRMemArchiveCFPCv
802D9F00:getExpandedResSize__14JKRAramArchiveCFPCv
802DB7FC:getExpandedResSize__14JKRCompArchiveCFPCv
8014D0F4:getEyeballLMaterialNo__8daNpcT_cFv
8014D104:getEyeballMaterialNo__8daNpcT_cFv
8014D0FC:getEyeballRMaterialNo__8daNpcT_cFv
8003A230:getFLightInf__13door_param2_cFP10fopAc_ac_c
8003A1B8:getFRoomNo__13door_param2_cFP10fopAc_ac_c
80053E18:getFX__8cM_rnd_cFf
80053DE0:getF__8cM_rnd_cFf
8014CCFC:getFaceMotionAnm__8daNpcT_cF26daNpcT_faceMotionAnmData_c
801C5FD8:getFigure__15dMenu_Fishing_cFi
802D86F8:getFileAttribute__10JKRArchiveCFUl
80027B14:getFileList2Info__15dStage_roomDt_cCFv
800280AC:getFileList2Info__16dStage_stageDt_cCFv
800193FC:getFileListInfo__15dStage_roomDt_cCFv
80028114:getFileListInfo__16dStage_stageDt_cCFv
802A98C4:getFilePath__18JAUStreamFileTableCFi
802DBF94:getFileSize__10JKRDvdFileCFv
802F9F28:getFirstChildPane__7J2DPaneFv
800159DC:getFirstCommand__17mDoDvdThd_param_cFv
8003E1C0:getFirstData__22dMenuFmapIconPointer_cFv
80040A94:getFirstData__28renderingPlusDoorAndCursor_cFUc
8002ABAC:getFirstData__6dMap_cFUc
8009C3A0:getFirstData__7dTres_cFUc
800402E0:getFirstDrawLayerNo__16renderingDAmap_cFv
8003FFF4:getFirstDrawRoomNo__16renderingDAmap_cFv
802D864C:getFirstFile__10JKRArchiveCFPCc
802D77B8:getFirstFile__12JKRFileCacheCFPCc
801CE7D0:getFirstRegion__15renderingFmap_cFv
8003E350:getFirstRoomData__22dMenuFmapIconPointer_cFv
801CE71C:getFirstRoomPointer__15renderingFmap_cFv
80040134:getFirstRoomPointer__16renderingDAmap_cFv
801CE880:getFirstRoom__15renderingFmap_cFv
801CE81C:getFirstStage__15renderingFmap_cFv
802BBDD4:getFirst__19JSUList<9JAIStream>CFv
8021C23C:getFishingType__13dMeter2Draw_cFv
80027B2C:getFloorInfo__15dStage_roomDt_cCFv
80028150:getFloorInfo__16dStage_stageDt_cCFv
8003F24C:getFloorParameter__10dMapInfo_nFfPScPfPfPfPf
8019AAC0:getFlowNodeNum__13dShopSystem_cFv
80337640:getFmtType__FP17_GXVtxAttrFmtList7_GXAttr
802CB880:getFogDensity__10Z2EnvSeMgrFv
80319828:getFogOffset__10J3DPEBlockCFv
80323EFC:getFogOffset__14J3DPEBlockFullCFv
8000DF5C:getFog__10J3DPEBlockFv
80323E3C:getFog__14J3DPEBlockFullFv
80229048:getFontCCColorTable__FUcUc
802E2274:getFontCode__10JUTResFontCFi
802290F4:getFontGCColorTable__FUcUc
802EC600:getFontNo__11J2DTevBlockCFv
802F4C78:getFontNo__12J2DTevBlock1CFv
802F49D4:getFontNo__12J2DTevBlock2CFv
802F4730:getFontNo__12J2DTevBlock4CFv
802F4490:getFontNo__12J2DTevBlock8CFv
802F41F0:getFontNo__13J2DTevBlock16CFv
8023B7A8:getFontSize__17dMsgScrn3Select_cFv
802E047C:getFontType__10JUTResFontCFv
8021CF08:getFont__10J2DTextBoxCFv
802F4F58:getFont__11J2DTevBlockFv
802F4EB4:getFont__12J2DTevBlock1Fv
802F4C14:getFont__12J2DTevBlock2Fv
802F4970:getFont__12J2DTevBlock4Fv
802F46D0:getFont__12J2DTevBlock8Fv
8030A25C:getFont__12J2DTextBoxExCFv
802F4430:getFont__13J2DTevBlock16Fv
8014CCDC:getFootLJointNo__8daNpcT_cFv
8014CCD4:getFootRJointNo__8daNpcT_cFv
803059AC:getFrameMaterial__11J2DWindowExCFUc
802FE4B8:getFrameMaterial__9J2DWindowCFUc
8029EE34:getFrameSamples__9JASDriverFv
803052A8:getFrameTexture__11J2DWindowExCFUcUc
802FE2FC:getFrameTexture__9J2DWindowCFUcUc
802AD718:getFreeHandle__14Z2SoundHandlesFv
802A5134:getFreeHandle__15JAISoundHandlesFv
802D55D0:getFreeSize__11JKRAramHeapFv
802D0BC8:getFreeSize__7JKRHeapFv
800D6DEC:getFreezeB__9daAlink_cCFv
800D6DDC:getFreezeG__9daAlink_cCFv
800D6DCC:getFreezeR__9daAlink_cCFv
80287FFC:getFromTransformation_SRxyzT__Q27JStudio4mathFP3VecP3VecP3VecPA4_Cf
8003A1A0:getFrontOption__13door_param2_cFP10fopAc_ac_c
800B4B64:getFrontRollRate__9daAlink_cFv
802D7B64:getFsResource__12JKRFileCacheFPCc
802E3E38:getGamePad__10JUTGamePadFi
801D9DC0:getGetInsectNum__14dMenu_Insect_cFv
800D0A14:getGiantPuzzleAimAngle__9daAlink_cCFv
801418C0:getGiantPuzzleAimAngle__9daPy_py_cCFv
802D7FD4:getGlbResource__10JKRArchiveFUlPCcP10JKRArchive
802D66C0:getGlbResource__13JKRFileLoaderFPCc
802D670C:getGlbResource__13JKRFileLoaderFPCcP13JKRFileLoader
802F9E44:getGlbVtx__7J2DPaneCFUc
80256660:getGlobalPosX__8CPaneMgrFv
802566DC:getGlobalPosY__8CPaneMgrFv
80257234:getGlobalVtxCenter__8CPaneMgrFP7J2DPanebs
80257008:getGlobalVtx__8CPaneMgrFP7J2DPanePA3_A4_fUcbs
802E0058:getGlyphFromAram__12JUTCacheFontFPQ212JUTCacheFont15TGlyphCacheInfoPQ212JUTCacheFont10TCachePagePiPi
800483E0:getGoal__16dEvent_manager_cFv
800E834C:getGoatCatchDistance2__9daAlink_cFv
800D03A8:getGrabActorID__9daAlink_cCFv
8001E138:getGrabActorID__9daPy_py_cCFv
800E3C04:getGrabThrowRate__9daAlink_cFv
802EC124:getGrafType__13J2DOrthoGraphCFv
802EBB00:getGrafType__14J2DGrafContextCFv
800B00D0:getGroundAngle__9daAlink_cFP13cBgS_PolyInfos
800D0388:getGroundY__9daAlink_cFv
8029B3E0:getGroupCount__11JASWSParserFPCv
8007411C:getGrpCode__6dBgPlcCFi
80245514:getGuideDataSize__14dMsgScrnHowl_cFv
8024559C:getGuideDataType__14dMsgScrnHowl_cFi
8020DCF0:getHakushaNum__15dMeterHakusha_cFv
802AD694:getHandleSoundID__14Z2SoundHandlesF10JAISoundID
802A50D8:getHandleSoundID__15JAISoundHandlesF10JAISoundID
802AD6E0:getHandleUserData__14Z2SoundHandlesFUl
8029FD78:getHandle__13JASDSPChannelFUl
800FA034:getHangDirectionFromAngle__9daAlink_cFv
800FA014:getHangMoveAnmSpeed__9daAlink_cFv
801018AC:getHangPos__13daObjSwHang_cFv
8014CC98:getHeadJointNo__8daNpcT_cFv
800D036C:getHeadMtx__9daAlink_cFv
80141748:getHeadMtx__9daPy_py_cFv
802D2DB8:getHeapBlock__Q210JKRExpHeap9CMemBlockFPv
802D2EAC:getHeapType__10JKRExpHeapFv
802D3724:getHeapType__12JKRSolidHeapFv
802D38A4:getHeapType__13JKRAssertHeapFv
802E04B8:getHeight__10JUTResFontCFv
80282998:getHeight__15JPABaseParticleCFPC14JPABaseEmitter
80087530:getHitId__FP8cCcD_Obji
800845F0:getHitSeID__12dCcD_GObjInfFUci
80036C44:getHitmarkPosAndAngle__9dJntCol_cCFPC4cXyzPC5csXyzP4cXyzP5csXyzi
8016C360:getHoldA__8mDoCPd_cFUl
801085F4:getHookshotTopPos__9daAlink_cFv
801418D8:getHookshotTopPos__9daPy_py_cFv
800ED10C:getHorseReinHandPos__9daAlink_cFP4cXyzP4cXyz
801CD928:getHowlRegionID__12dMenu_Fmap_cFv
801828BC:getHsSubChainTopPos__9daAlink_cCFv
8003C400:getIDRes__14dRes_control_cFPCcUsP11dRes_info_ci
802BBDC8:getID__8JAISoundCFv
80029058:getIconGroupNumber__15renderingAmap_cCFUc
80040AE4:getIconGroupNumber__16renderingDAmap_cCFUc
801BC808:getIconPos__12dMenu_Dmap_cFScf
80040ADC:getIconPosition__28renderingPlusDoorAndCursor_cCFPQ27dTres_c15typeGroupData_c
80029038:getIconPosition__6dMap_cCFPQ27dTres_c15typeGroupData_c
801C46F8:getIconSizeX__16dMenuMapCommon_cFUc
801C4738:getIconSizeY__16dMenuMapCommon_cFUc
800284BC:getIconSize__15renderingAmap_cCFUc
802D8180:getIdxResource__10JKRArchiveFUl
80238AE8:getIdx__12dMsgObject_cFv
8014DB50:getIdx__16daBaseNpc_path_cFv
802EC620:getIndTevStage__11J2DTevBlockFUl
8000DF84:getIndTevStage__11J3DTevBlockFUl
802F4E30:getIndTevStage__12J2DTevBlock1FUl
802F4B90:getIndTevStage__12J2DTevBlock2FUl
802F48EC:getIndTevStage__12J2DTevBlock4FUl
802F464C:getIndTevStage__12J2DTevBlock8FUl
80324D74:getIndTevStage__12J3DTevBlock1FUl
80324B84:getIndTevStage__12J3DTevBlock2FUl
803247C0:getIndTevStage__12J3DTevBlock4FUl
802F43AC:getIndTevStage__13J2DTevBlock16FUl
803243F4:getIndTevStage__13J3DTevBlock16FUl
80324F80:getIndTevStage__18J3DTevBlockPatchedFUl
802EC628:getIndTexCoordScale__11J2DIndBlockFUl
8000DF64:getIndTexCoordScale__11J3DIndBlockFUl
802F4104:getIndTexCoordScale__15J2DIndBlockFullFUl
80325928:getIndTexCoordScale__15J3DIndBlockFullFUl
802EC630:getIndTexMtx__11J2DIndBlockFUl
8000DF6C:getIndTexMtx__11J3DIndBlockFUl
802F40D4:getIndTexMtx__15J2DIndBlockFullFUl
803258EC:getIndTexMtx__15J3DIndBlockFullFUl
802EC638:getIndTexOrder__11J2DIndBlockFUl
8000DF74:getIndTexOrder__11J3DIndBlockFUl
802F4068:getIndTexOrder__15J2DIndBlockFullFUl
80325870:getIndTexOrder__15J3DIndBlockFullFUl
802EC640:getIndTexStageNum__11J2DIndBlockCFv
8000DF7C:getIndTexStageNum__11J3DIndBlockCFv
802F4044:getIndTexStageNum__15J2DIndBlockFullCFv
80325840:getIndTexStageNum__15J3DIndBlockFullCFv
802E0EF4:getIndex__10JUTNameTabCFPCc
801C2580:getInitDispCenter__19dMenu_DmapMapCtrl_cFPfPf
8024C0EC:getInitNodeIndex__10dMsgFlow_cFUs
801C2558:getInitWholeMapScale__19dMenu_DmapMapCtrl_cFPfffff
801D9E40:getInsectItemID__14dMenu_Insect_cFii
80237D30:getInsectName__12dMsgObject_cFv
8029A230:getInstParam__12JASBasicBankCFiiiP12JASInstParam
8029A3A4:getInstParam__12JASVoiceBankCFiiiP12JASInstParam
8029A2B0:getInst__12JASBasicBankCFi
800D02D4:getInvMtx__9daAlink_cFv
80141560:getInvMtx__9daPy_py_cFv
80112490:getIronBallBgHit__9daAlink_cCFv
80141860:getIronBallBgHit__9daPy_py_cCFv
80112474:getIronBallCenterPos__9daAlink_cFv
80141868:getIronBallCenterPos__9daPy_py_cFv
80047D4C:getIsAddvance__16dEvent_manager_cFi
8002B384:getItemBombNumCount__14dComIfG_play_cFUc
80238F4C:getItemEquipButton__12dMsgObject_cFv
80094280:getItemEvCamera__9dCamera_cFv
800D03A0:getItemID__9daAlink_cCFv
801416FC:getItemID__9daPy_py_cCFv
801EE8B8:getItemMaxNum__12dMenu_Ring_cFUc
80037A5C:getItemNo__12daItemBase_cFv
801EE7B4:getItemNum__12dMenu_Ring_cFUc
8015E024:getItemPos__9daPy_py_cCFv
8021C324:getItemSubject__13dMeter2Draw_cFv
801B46BC:getItemTag__17dMenu_Collect2D_cFiib
8021D3D8:getItemType__13dMeter2Info_cFUc
801EF1E0:getItem__12dMenu_Ring_cFiUc
80033030:getItem__17dSv_player_item_cCFib
8028D2FC:getJSG_SRT___Q214JStudio_JStage14TAdaptor_actorFPCQ27JStudio8TControl
8028E2E8:getJSG_position___Q214JStudio_JStage15TAdaptor_cameraFPCQ27JStudio8TControl
8028E4CC:getJSG_targetPosition___Q214JStudio_JStage15TAdaptor_cameraFPCQ27JStudio8TControl
80110C60:getKandelaarFlamePos__9daAlink_cFv
8006F1A0:getKandelaarFlamePos__9daPy_py_cFv
8029A65C:getKeyRegion__12JASBasicInstFi
8032E3E0:getKind__11J3DAnmColorCFv
8032E5B0:getKind__13J3DAnmClusterCFv
8003A188:getKind__13door_param2_cFP10fopAc_ac_c
8032E34C:getKind__14J3DAnmColorKeyCFv
8032E4D4:getKind__14J3DAnmVtxColorCFv
8032E3D8:getKind__15J3DAnmColorFullCFv
8032E2C0:getKind__15J3DAnmTevRegKeyCFv
8003C77C:getKind__15J3DAnmTransformCFv
8032E54C:getKind__16J3DAnmClusterKeyCFv
8032E230:getKind__16J3DAnmTexPatternCFv
8032E62C:getKind__17J3DAnmClusterFullCFv
8032E458:getKind__17J3DAnmVtxColorKeyCFv
8003C800:getKind__18J3DAnmTransformKeyCFv
8032E4CC:getKind__18J3DAnmVtxColorFullCFv
8032E6BC:getKind__19J3DAnmTextureSRTKeyCFv
8032E7B4:getKind__19J3DAnmTransformFullCFv
8033BC94:getKind__20J3DAnmVisibilityFullCFv
8032E740:getKind__27J3DAnmTransformFullWithLerpCFv
800FD2C0:getLadderMoveAnmSpeed__9daAlink_cFv
800FCF90:getLadderUnitCount__9daAlink_cCFv
80182D50:getLashDashStart__9daHorse_cCFv
8002C97C:getLayerNo__14dComIfG_play_cFi
8002C950:getLayerNo_common__14dComIfG_play_cFPCcii
8002B434:getLayerNo_common_common__14dComIfG_play_cFPCcii
80027CFC:getLbnk__15dStage_roomDt_cCFv
800281C4:getLbnk__16dStage_stageDt_cCFv
802E0488:getLeading__10JUTResFontCFv
8005147C:getLeftEffType__8dPaPoT_cCFi
800514DC:getLeftEmitter__8dPaPoT_cFii
80182B00:getLeftFootPosP__9daPy_py_cFv
800CF314:getLeftHandMatrix__9daAlink_cFv
80141580:getLeftHandMatrix__9daPy_py_cFv
8015E040:getLeftHandPos__9daPy_py_cCFv
800CF2D0:getLeftItemMatrix__9daAlink_cFv
80141570:getLeftItemMatrix__9daPy_py_cFv
802DECC8:getLength__18JSUFileInputStreamCFv
802DEAC4:getLength__20JSUMemoryInputStreamCFv
80237D8C:getLetterName__12dMsgObject_cFv
801E19AC:getLetterNum__14dMenu_Letter_cFv
80034340:getLightDropNum__16dSv_light_drop_cCFUc
80027974:getLightVecInfoNum__15dStage_roomDt_cCFv
80027FB4:getLightVecInfoNum__16dStage_stageDt_cCFv
80027964:getLightVecInfo__15dStage_roomDt_cCFv
80027F4C:getLightVecInfo__16dStage_stageDt_cCFv
803198F0:getLight__13J3DColorBlockFUl
80325468:getLight__20J3DColorBlockLightOnFUl
8025FDF0:getLimitTimeMs__8dTimer_cFv
8002AD84:getLineColor__11dDrawPath_cFii
801CF27C:getLineColor__15dMenu_FmapMap_cFii
80028EE4:getLineColor__15renderingAmap_cFii
802303FC:getLineCountNowPage__26jmessage_string_tReferenceFv
80231518:getLineCountNowPage__35jmessage_string_tRenderingProcessorFv
802E9A78:getLineFromObjectSize__10JUTConsoleFUlUi
80230310:getLineLength__26jmessage_string_tReferenceFi
8022F734:getLineLength__28jmessage_tRenderingProcessorFi
8022952C:getLineMax__19jmessage_tReferenceFv
802EA644:getLineOffset__10JUTConsoleCFv
80033354:getLineUpItem__17dSv_player_item_cCFi
80028C90:getLineWidthSub__15renderingAmap_cFi
801C0B08:getLineWidthZoomBig__15renderingDmap_cFi
801C0B6C:getLineWidthZoomSmall__15renderingDmap_cFi
801CF1A0:getLineWidth__15dMenu_FmapMap_cFi
80028DD4:getLineWidth__15renderingAmap_cFi
801C0BD0:getLineWidth__15renderingDmap_cFi
800D02DC:getLinkBackBone1Matrix__9daAlink_cFv
80141590:getLinkBackBone1Matrix__9daPy_py_cFv
802AD810:getLowPrioSound__14Z2SoundHandlesF10JAISoundID
8029FA00:getLowestActiveChannel__13JASDSPChannelFv
8029F970:getLowestChannel__13JASDSPChannelFi
8003A254:getMBLightInf__13door_param2_cFP10fopAc_ac_c
8003A248:getMFLightInf__13door_param2_cFP10fopAc_ac_c
800E2770:getMagneBootsLocalAngleY__9daAlink_cFsi
800D08B4:getMagneBootsTopVec__9daAlink_cFv
8014180C:getMagneBootsTopVec__9daPy_py_cFv
80141804:getMagneHitPos__9daPy_py_cFv
800AC488:getMainBckData__9daAlink_cCFQ29daAlink_c11daAlink_ANM
801D26EC:getMapAreaGlobalCenterPosX__18dMenu_Fmap2DBack_cFv
801D273C:getMapAreaGlobalCenterPosY__18dMenu_Fmap2DBack_cFv
801D26CC:getMapAreaGlobalPosX__18dMenu_Fmap2DBack_cFv
801D26DC:getMapAreaGlobalPosY__18dMenu_Fmap2DBack_cFv
801D278C:getMapAreaSizeX__18dMenu_Fmap2DBack_cFv
801D279C:getMapAreaSizeY__18dMenu_Fmap2DBack_cFv
801C0EA0:getMapBlendPer__20dMenu_StageMapCtrl_cCFv
8020DF00:getMapDispEdgeBottomY_Layout__11dMeterMap_cFv
8020DF9C:getMapDispEdgeLeftX_Layout__11dMeterMap_cFv
8020DFCC:getMapDispEdgeTop__11dMeterMap_cFv
8020DD98:getMapDispSizeTypeNo__11dMeterMap_cFv
80027B04:getMapEventInfo__15dStage_roomDt_cCFv
80028070:getMapEventInfo__16dStage_stageDt_cCFv
80025370:getMapInfo2__15dStage_roomDt_cCFi
80025404:getMapInfo2__16dStage_stageDt_cCFi
800253FC:getMapInfoBase__15dStage_roomDt_cCFv
80025490:getMapInfoBase__16dStage_stageDt_cCFv
800275CC:getMapInfo__15dStage_roomDt_cCFv
80027E58:getMapInfo__16dStage_stageDt_cCFv
80087504:getMapInfo__FSc
80029A8C:getMapMinMaxXZ__6dMap_cFiPfPfPfPf
80027D70:getMapPath__15dStage_roomDt_cFv
8002823C:getMapPath__16dStage_stageDt_cFv
8003EF20:getMapPlayerAngleY__10dMapInfo_nFv
8003EE5C:getMapPlayerPos__10dMapInfo_nFv
8003F0F8:getMapRestartAngleY__10dMapInfo_nFv
8003F02C:getMapRestartPos__10dMapInfo_nFv
801D28F4:getMapScissorAreaCenterPosX__18dMenu_Fmap2DBack_cFv
801D2944:getMapScissorAreaCenterPosY__18dMenu_Fmap2DBack_cFv
801D27AC:getMapScissorAreaLX__18dMenu_Fmap2DBack_cFv
801D2804:getMapScissorAreaLY__18dMenu_Fmap2DBack_cFv
801D28D4:getMapScissorAreaSizeRealX__18dMenu_Fmap2DBack_cFv
801D2A0C:getMapScissorAreaSizeRealY__18dMenu_Fmap2DBack_cFv
801D285C:getMapScissorAreaSizeX__18dMenu_Fmap2DBack_cFv
801D2994:getMapScissorAreaSizeY__18dMenu_Fmap2DBack_cFv
801B74C4:getMaskMdlVisible__17dMenu_Collect3D_cFv
80319900:getMatColorOffset__13J3DColorBlockCFv
80325494:getMatColorOffset__20J3DColorBlockLightOnCFv
803256D4:getMatColorOffset__21J3DColorBlockLightOffCFv
8000E000:getMatColor__13J3DColorBlockFUl
80325380:getMatColor__20J3DColorBlockLightOnFUl
8032564C:getMatColor__21J3DColorBlockLightOffFUl
80014E84:getMaterialID__19mDoExt_3DlineMat0_cFv
80014E7C:getMaterialID__19mDoExt_3DlineMat1_cFv
802583B4:getMaterial__10J2DPictureCFv
802583A4:getMaterial__10J2DTextBoxCFv
803059D8:getMaterial__11J2DWindowExCFRQ29J2DWindow9TMaterial
802583AC:getMaterial__12J2DPictureExCFv
8025839C:getMaterial__12J2DTextBoxExCFv
802FE49C:getMaterial__9J2DWindowCFRQ29J2DWindow9TMaterial
802D0C78:getMaxAllocatableSize__7JKRHeapFi
802C0314:getMaxChannels__10Z2AudienceFv
802D0BF4:getMaxFreeBlock__7JKRHeapFv
802F4C48:getMaxStage__12J2DTevBlock1Fv
802F49A4:getMaxStage__12J2DTevBlock2Fv
802F4700:getMaxStage__12J2DTevBlock4Fv
802F4460:getMaxStage__12J2DTevBlock8Fv
802F41C0:getMaxStage__13J2DTevBlock16Fv
800243B0:getMemoryBlock__20dStage_roomControl_cFi
80027B64:getMemoryConfig__15dStage_roomDt_cCFv
80028160:getMemoryConfig__16dStage_stageDt_cCFv
80027BC8:getMemoryMap__15dStage_roomDt_cCFv
80028170:getMemoryMap__16dStage_stageDt_cCFv
802DF7F8:getMemorySize__12JUTCacheFontFPC7ResFONTPUsPUlPUsPUlPUsPUlPUl
8003DB48:getMenuFmapStageData__24dMenu_Fmap_region_data_cFi
802533C0:getMenuPosIdx__7dName_cFUc
80234A50:getMessageGroup__12dMsgObject_cFUl
80234A3C:getMessageIDAlways__12dMsgObject_cFUl
80238CE4:getMessageID__12dMsgObject_cFv
802349E8:getMessageIndexAlways__12dMsgObject_cFUl
80234898:getMessageIndex__12dMsgObject_cFUl
8024B3D8:getMessageLocal__16dMsgStringBase_cFUlPc
802AB084:getMessageText_messageCode__Q28JMessage10TProcessorCFUl
8024B560:getMessage__16dMsgStringBase_cFUlPc
800B4960:getMetamorphoseFarAngle__9daAlink_cCFv
800B4950:getMetamorphoseFarDis__9daAlink_cCFv
800B4940:getMetamorphoseNearDis__9daAlink_cCFv
80182B08:getMidnaActor__9daPy_py_cFv
800D0A60:getMidnaAtnPos__9daAlink_cCFv
8014154C:getMidnaAtnPos__9daPy_py_cCFv
801B745C:getMirrorNum__17dMenu_Collect3D_cFv
80032A8C:getMixItemIndex__21dSv_player_status_a_cCFi
800491F4:getModelData__12diff_model_cFv
800C1DE4:getModelJointMtx__9daAlink_cFUs
80141740:getModelJointMtx__9daPy_py_cFUs
800D02C8:getModelMtx__9daAlink_cFv
80141558:getModelMtx__9daPy_py_cFv
8004AD58:getModel__18dPa_modelEcallBackFP14JPABaseEmitter
80265648:getModuleName__20DynamicModuleControlCFv
800188DC:getModuleName__24DynamicModuleControlBaseCFv
80265430:getModuleSize__20DynamicModuleControlCFv
80265640:getModuleSize__24DynamicModuleControlBaseCFv
802654A0:getModuleTypeString__20DynamicModuleControlCFv
80265630:getModuleTypeString__24DynamicModuleControlBaseCFv
802515D4:getMoji__7dName_cFv
8014CD3C:getMotionAnm__8daNpcT_cF22daNpcT_motionAnmData_c
800A2218:getMoveBGActorName__9daAlink_cFR13cBgS_PolyInfoi
800ADDC0:getMoveGroundAngleSpeedRate__9daAlink_cFv
8016E4F0:getMsgCmdCut__9dCamera_cFl
8016E494:getMsgCmdSpeaker__9dCamera_cFv
8024C054:getMsgDataBlock__10dMsgFlow_cFPCc
80238A88:getMsgDtPtr__12dMsgObject_cFv
8024BEA0:getMsgNo__10dMsgFlow_cFv
8003A218:getMsgNo__13door_param2_cFP10fopAc_ac_c
80238E14:getMsgOutputType__12dMsgObject_cFv
8024BEB0:getMsg__10dMsgFlow_cFv
80027C2C:getMulti__15dStage_roomDt_cCFv
80028180:getMulti__16dStage_stageDt_cCFv
80047E10:getMyActIdx__16dEvent_manager_cFiPCPCciii
80047FC8:getMyDataP__16dEvent_manager_cFiPCci
80047F5C:getMyNowCutName__16dEvent_manager_cFi
80047B1C:getMyStaffId__16dEvent_manager_cFPCcP10fopAc_ac_ci
80048144:getMySubstanceNum__16dEvent_manager_cFiPCc
800480EC:getMySubstanceP__16dEvent_manager_cFiPCci
803197D0:getNBTScale__14J3DTexGenBlockFv
80325298:getNBTScale__15J3DTexGenBlock4Fv
8032515C:getNBTScale__19J3DTexGenBlockBasicFv
802D7B90:getNameResource__12JKRFileCacheFUlPCc
802FBADC:getNameResource__9J2DScreenFPCc
802E0F94:getName__10JUTNameTabCFUs
8030F3E0:getName__15J2DResReferenceCFUs
8014BE78:getNearestActorP__8daNpcT_cFs
800A1464:getNeckAimAngle__9daAlink_cFP4cXyzPsPsPsPs
800A0974:getNeckAimPos__9daAlink_cFP4cXyzPii
8014CCA0:getNeckJointNo__8daNpcT_cFv
80301100:getNewColor__10J2DPictureFPQ28JUtility6TColor
802F9F60:getNextChildPane__7J2DPaneFv
8003E3D8:getNextData__22dMenuFmapIconPointer_cFv
80040AB8:getNextData__28renderingPlusDoorAndCursor_cFPQ27dTres_c15typeGroupData_c
8002ABCC:getNextData__6dMap_cFPQ27dTres_c15typeGroupData_c
8009C3F4:getNextData__7dTres_cFPCQ27dTres_c15typeGroupData_c
8009C3DC:getNextData__7dTres_cFPQ27dTres_c15typeGroupData_c
800402E8:getNextDrawLayerNo__16renderingDAmap_cFi
80040094:getNextDrawRoomNo__16renderingDAmap_cFi
80150C64:getNextIdx__13daNpcF_Path_cFv
801BEEE8:getNextItem__12dMenu_Dmap_cFi
80150D90:getNextPos__13daNpcF_Path_cFR4cXyz
801CE9B0:getNextRegion__15renderingFmap_cFv
8003E37C:getNextRoomData__22dMenuFmapIconPointer_cFv
801CEA18:getNextRoomPointer__15renderingFmap_cFv
800401E8:getNextRoomPointer__16renderingDAmap_cFv
801CE8C0:getNextRoom__15renderingFmap_cFv
8003E3A4:getNextStageData__22dMenuFmapIconPointer_cFv
801CE92C:getNextStage__15renderingFmap_cFv
801BF2F4:getNextStatus__12dMenu_Dmap_cFv
801C77B0:getNextStatus__12dMenu_Fmap_cFPUc
8027B794:getNext__FP26JPANode<15JPABaseParticle>
80238AFC:getNodeIdx__12dMsgObject_cFv
801CD3C4:getNowFmapRegionData__12dMenu_Fmap_cFv
801CD3DC:getNowFmapStageData__12dMenu_Fmap_cFv
802CD168:getNowInputValue__13Z2WolfHowlMgrFv
80216478:getNowLightDropRateCalc__13dMeter2Draw_cFv
8024BEA8:getNowMsgNo__10dMsgFlow_cFv
802CD14C:getNowPitch__13Z2WolfHowlMgrFv
802451A4:getNowPlotPitch__14dMsgScrnHowl_cFf
802383B0:getNowTalkFlowNo__12dMsgObject_cFv
8002B3B0:getNowVibration__14dComIfG_play_cFv
80159934:getNpcMdlDataP__10daNpcCd2_cFi
80157570:getNpcMdlDataP__9daNpcCd_cFi
802DE6A8:getNthLink__10JSUPtrListCFUl
802A2D10:getNumActiveSe__8JAISeMgrCFv
802E3B94:getNumBit__FPUci
802A1B18:getNumChild__5JAISeCFv
802A39B0:getNumChild__6JAISeqCFv
802A5D88:getNumChild__9JAIStreamCFv
802A98B8:getNumFiles__18JAUStreamFileTableCFv
802F7F60:getNumberF32__8J2DPrintFPPCUcffi
802F7E5C:getNumberS32__8J2DPrintFPPCUclli
8021A96C:getNumberTexture__13dMeter2Draw_cFi
80261268:getNumber__21dDlst_TimerScrnDraw_cFi
80159998:getObjMdlDataP__10daNpcCd2_cFi
801575D4:getObjMdlDataP__9daNpcCd_cFi
8003C6B8:getObjectResName2Index__14dRes_control_cFPCcPCc
802E9A68:getObjectSizeFromBufferSize__10JUTConsoleFUiUi
802835C0:getObject__Q37JStudio3ctb8TControlFPCvUl
80286C64:getObject__Q37JStudio3fvb8TControlFPCvUl
8028B794:getObject__Q37JStudio3stb8TControlFPCvUl
80283660:getObject_index__Q37JStudio3ctb8TControlFUl
80286D04:getObject_index__Q37JStudio3fvb8TControlFUl
80037CF4:getOff__10e_wb_classFv
80027CC0:getOldMulti__15dStage_roomDt_cCFv
80028188:getOldMulti__16dStage_stageDt_cCFv
802CDAEC:getOnLineNum__13Z2WolfHowlMgrFv
802450FC:getOnLineNum__14dMsgScrnHowl_cFi
802A84D4:getOpenSection__14JAUSectionHeapFv
8029C3BC:getOscTableEndPtr__Q212JASBNKParser4Ver0FPCQ213JASOscillator5Point
802291A0:getOutFontNumberType__Fi
80028C4C:getOutSideBlackLineNumber__15renderingAmap_cFv
802BE310:getOuterParams__9Z2AudibleFi
80230370:getOutfontLength__26jmessage_string_tReferenceFi
802A05B0:getOutputMode__9JASDriverFv
800738F4:getPId__10dAttHint_cFPv
800432C8:getPId__14dEvt_control_cFPv
801FA51C:getPachinkoFlag__9dMw_HIO_cFv
80029C10:getPack__6dMap_cFiPfPf
8024B3B0:getPageMax__16dMsgStringBase_cFi
80027610:getPaletteInfo__15dStage_roomDt_cCFv
80027E70:getPaletteInfo__16dStage_stageDt_cCFv
800277D0:getPaletteNumInfo__15dStage_roomDt_cCFv
80027ED0:getPaletteNumInfo__16dStage_stageDt_cCFv
802EDD20:getPalette__11J2DTevBlockFUl
802F4E94:getPalette__12J2DTevBlock1FUl
802F4BF4:getPalette__12J2DTevBlock2FUl
802F4950:getPalette__12J2DTevBlock4FUl
802F46B0:getPalette__12J2DTevBlock8FUl
802F4410:getPalette__13J2DTevBlock16FUl
8030E48C:getPalette__16J2DAnmTexPatternCFUs
802B1120:getPanPower__12Z2MultiSeMgrFv
802ABB34:getParamByExp__6Z2CalcFffffffQ26Z2Calc9CurveSign
801648C4:getParamTargetActor__9dCamera_cFl
8029A7FC:getParam__10JASDrumSetCFiiP12JASInstParam
8024CA98:getParam__10dMsgFlow_cFPUc
8024CA70:getParam__10dMsgFlow_cFPUcPUc
8024CA58:getParam__10dMsgFlow_cFPUsPUsPUc
8029A528:getParam__12JASBasicInstCFiiP12JASInstParam
802F9F98:getParentPane__7J2DPaneFv
80027AD4:getPath2Inf__15dStage_roomDt_cCFv
80028040:getPath2Inf__16dStage_stageDt_cCFv
80027A88:getPathInf__15dStage_roomDt_cCFv
80028020:getPathInf__16dStage_stageDt_cCFv
801D2B3C:getPathScale__18dMenu_Fmap2DBack_cFf
801C0F14:getPixelCenterX__20dMenu_StageMapCtrl_cCFv
801C0F34:getPixelCenterZ__20dMenu_StageMapCtrl_cCFv
801C0EE4:getPixelStageSizeX__20dMenu_StageMapCtrl_cCFv
801C0EFC:getPixelStageSizeZ__20dMenu_StageMapCtrl_cCFv
80028B04:getPlayerCursorSize__15renderingAmap_cFv
801C0B00:getPlayerCursorSize__15renderingDmap_cFv
801C1154:getPlayerDrawInfo__20dMenu_StageMapCtrl_cCFPfPfPs
801BC748:getPlayerIconPos__12dMenu_Dmap_cFScf
80031CF0:getPlayerNo__11daTagMist_cFv
80027554:getPlayerNum__15dStage_roomDt_cCFv
80027E40:getPlayerNum__16dStage_stageDt_cCFv
801CD9D0:getPlayerPos2D__12dMenu_Fmap_cFv
801C22B8:getPlayerStayFloorNo__20dMenu_StageMapCtrl_cCFv
8021C37C:getPlayerSubject__13dMeter2Draw_cFv
80025004:getPlayer__15dStage_roomDt_cCFv
8002500C:getPlayer__16dStage_stageDt_cCFv
80027768:getPlightInfo__15dStage_roomDt_cCFv
80027EC0:getPlightInfo__16dStage_stageDt_cCFv
80027928:getPlightNumInfo__15dStage_roomDt_cCFv
80027FF0:getPlightNumInfo__16dStage_stageDt_cCFv
80245318:getPlotPitch__14dMsgScrnHowl_cFf
80027AC4:getPnt2Inf__15dStage_roomDt_cCFv
80028030:getPnt2Inf__16dStage_stageDt_cCFv
80027A20:getPntInf__15dStage_roomDt_cCFv
80028010:getPntInf__16dStage_stageDt_cCFv
8014DB60:getPntPos__16daBaseNpc_path_cFUs
80229218:getPohNum__Fv
801CE434:getPointStagePathInnerNo__15renderingFmap_cFP24dMenu_Fmap_region_data_cffiPiPi
8003DB70:getPointStagePathInnerNo__24dMenu_Fmap_region_data_cFffiPiPi
802FA254:getPointer__7J2DPaneFP20JSURandomInputStreamUlP10JKRArchive
8007EBB0:getPolyCode__8dBgWKColCFiP5dBgPc
8004CF90:getPolyColor__13dPa_control_cFR13cBgS_PolyInfoiP8_GXColorP8_GXColorPUcPf
802AD3B4:getPortData__14Z2SoundStarterFP14JAISoundHandleUlSc
80237C48:getPortalName__12dMsgObject_cFv
80037C1C:getPosP__12daShopItem_cFv
80031D24:getPos__12daObjCarry_cFi
802DECF8:getPosition__18JSUFileInputStreamCFv
8003E578:getPosition__19dMenuFmapIconDisp_cFPiPiPfPfPPCQ27dTres_c6data_s
802DEACC:getPosition__20JSUMemoryInputStreamCFv
8027B79C:getPrev__FP26JPANode<15JPABaseParticle>
802BD520:getPriority__11Z2SoundInfoCF10JAISoundID
8003819C:getPrm_Morf__13dDemo_actor_cFv
8015E4FC:getProcessID__14daObj_SSBase_cFv
801CB250:getProcess__12dMenu_Fmap_cFv
8025A898:getProgressiveMode__10dScnLogo_cFv
80027678:getPselectInfo__15dStage_roomDt_cCFv
80027E80:getPselectInfo__16dStage_stageDt_cCFv
80027838:getPselectNumInfo__15dStage_roomDt_cCFv
80027EE0:getPselectNumInfo__16dStage_stageDt_cCFv
800E838C:getPushPullAnimeSpeed__9daAlink_cFv
8004BB70:getRM_ID__13dPa_control_cFUs
802ABD14:getRandom_0_1__6Z2CalcFv
802ABC54:getRandom__6Z2CalcFfff
801CB274:getRegionCursor__12dMenu_Fmap_cFv
801D2BD8:getRegionMapZoomRate__18dMenu_Fmap2DBack_cFi
801CD370:getRegionStageNum__12dMenu_Fmap_cFi
800ECE48:getReinHandType__9daAlink_cCFv
800EC8B4:getReinRideDirection__9daAlink_cFv
802E0474:getResFont__10JUTResFontCFv
8003C288:getResInfoLoaded__14dRes_control_cFPCcP11dRes_info_ci
8003C1E4:getResInfo__14dRes_control_cFPCcP11dRes_info_ci
80293034:getResMaxSize__15JASResArcLoaderFPC10JKRArchive
8019ACB0:getResName2__13dShopSystem_cFi
8014EE88:getResName__11daBaseNpc_cFv
8030F3AC:getResReference__15J2DResReferenceCFUs
802FB71C:getResReference__9J2DScreenFP20JSURandomInputStreamUl
802D8574:getResSize__10JKRArchiveCFPCv
802D7708:getResSize__12JKRFileCacheCFPCv
80293000:getResSize__15JASResArcLoaderFPC10JKRArchiveUs
8030E438:getResTIMG__16J2DAnmTexPatternCFUs
802763FC:getResUserWork__18JPAResourceManagerCFUs
8003C37C:getRes__14dRes_control_cFPCcPCcP11dRes_info_ci
8003C2EC:getRes__14dRes_control_cFPCclP11dRes_info_ci
8025D1C0:getResetArchiveBank__FiPPCUc
800157F4:getResetData__6mDoRstFv
802D8084:getResource__10JKRArchiveFPCc
802D8100:getResource__10JKRArchiveFUlPCc
802D81D4:getResource__10JKRArchiveFUs
802D7274:getResource__12JKRFileCacheFPCc
802D7378:getResource__12JKRFileCacheFUlPCc
802E0514:getResource__15JUTResReferenceFP14JSUInputStreamUlP10JKRArchive
802E05BC:getResource__15JUTResReferenceFPCvUlP10JKRArchive
802E0658:getResource__15JUTResReferenceFUlP10JKRArchive
8024B068:getResource__16dMsgStringBase_cFv
80276298:getResource__18JPAResourceManagerCFUs
802AA094:getResource_groupID__Q28JMessage10TProcessorCFUs
8025FE38:getRestTimeMs__8dTimer_cFv
80028B10:getRestartCursorSize__15renderingAmap_cFv
801C25A8:getRestartCursorSize__15renderingDmap_cFv
801C11D8:getRestartDrawInfo__20dMenu_StageMapCtrl_cCFPfPfPs
802348EC:getRevoMessageIndex__12dMsgObject_cFUl
801828E8:getRideActor__9daAlink_cFv
80051470:getRightEffType__8dPaPoT_cCFi
80051494:getRightEmitter__8dPaPoT_cFii
80182AF8:getRightFootPosP__9daPy_py_cFv
800CF330:getRightHandMatrix__9daAlink_cFv
80141588:getRightHandMatrix__9daPy_py_cFv
80182BE8:getRightHandPos__9daPy_py_cCFv
800CF360:getRightItemMatrix__9daAlink_cFv
80141578:getRightItemMatrix__9daPy_py_cFv
800B0188:getRoofAngle__9daAlink_cFP13cBgS_PolyInfos
80100604:getRoofHangFMoveAnmSpeed__9daAlink_cCFv
80100628:getRoofHangSMoveAnmSpeed__9daAlink_cCFv
8003F19C:getRoomCenter__10dMapInfo_nFiPfPf
8003F1F4:getRoomMinMaxXZ__10dMapInfo_nFiPfPfPfPf
8003FFEC:getRoomNoSingle__16renderingDAmap_cFv
8002A254:getRoomNoSingle__6dMap_cFv
80031DB8:getRoomNo__12daObjCarry_cFi
800493FC:getRoomNo__12diff_model_cFv
80145554:getRoomNo__9daNocrm_cFi
80027590:getRoom__15dStage_roomDt_cCFv
80024DB8:getRoom__16dStage_stageDt_cCFv
8029C4D0:getRootHeap__16JASWaveArcLoaderFv
802951B8:getRootTrack__8JASTrackFv
8004AD90:getRotAxis__18dPa_modelEcallBackFP14JPABaseEmitter
8014E6F8:getRot__18daBaseNpc_lookat_cFi
80037C14:getRotateP__12daShopItem_cFv
80287E0C:getRotation_xyz__Q27JStudio4mathFPA4_ffff
8023B7E8:getRubyCharSpace__17dMsgScrn3Select_cFv
8023B7B8:getRubyFontSize__17dMsgScrn3Select_cFv
800483E8:getRunEventName__16dEvent_manager_cFv
80032AA8:getRupeeMax__21dSv_player_status_a_cCFv
800350A8:getSave2__10dSv_save_cFi
800350BC:getSave__10dSv_info_cFi
800BEA0C:getSceneExitMoveAngle__9daAlink_cFv
802833EC:getScheme__Q37JStudio3ctb14TObject_TxyzRyCFv
800272E0:getSclsInfo__15dStage_roomDt_cCFv
800272E8:getSclsInfo__16dStage_stageDt_cCFv
802FAD30:getScreenInformation__9J2DScreenFP20JSURandomInputStream
80238B6C:getScrnDrawPtr__12dMsgObject_cFv
802BDB1C:getSeInfo__11Z2SoundInfoCF10JAISoundIDP5JAISe
8038BADC:getSeType$37390
800D07CC:getSearchBallScale__9daAlink_cCFv
801417D4:getSearchBallScale__9daPy_py_cCFv
80237F50:getSelectBombBagIDLocal__12dMsgObject_cFv
80238EC8:getSelectBombBagID__12dMsgObject_cFv
80237DE4:getSelectBombNum__12dMsgObject_cFv
80237FA0:getSelectBombPriceLocal__12dMsgObject_cFv
80238EF4:getSelectBombPrice__12dMsgObject_cFv
8023876C:getSelectCursorPosLocal__12dMsgObject_cFv
80238D54:getSelectCursorPos__12dMsgObject_cFv
80032A5C:getSelectItemIndex__21dSv_player_status_a_cCFi
801E7DD0:getSelectType__14dMenu_Option_cFv
80238E88:getSelectWordFlag__12dMsgObject_cFv
80238E3C:getSelectWord__12dMsgObject_cFi
802A8B94:getSeqDataRegion__16JAUSeqCollectionFP16JAISeqDataRegion
802A8610:getSeqData__14JAUSectionHeapF10JAISoundIDP10JAISeqData
802A8B3C:getSeqData__16JAUSeqCollectionFiiP10JAISeqData
802A8D68:getSeqData__16JAUSeqDataBlocksF10JAISoundID
802A8EE8:getSeqData__23JAUDynamicSeqDataBlocksF10JAISoundIDP14JAISeqDataUserP10JAISeqDatab
802A8C7C:getSeqData__27JAUSeqDataMgr_SeqCollectionF10JAISoundIDP10JAISeqData
802BDCF4:getSeqInfo__11Z2SoundInfoCF10JAISoundIDP6JAISeq
801451E8:getShadowSize__12daItemBase_cFv
800978B0:getShadowTalkAtnPos__9daAlink_cFv
80141568:getShadowTalkAtnPos__9daPy_py_cFv
802668E8:getShapeAccess__12cCcD_CylAttrCFPQ214cCcD_ShapeAttr5Shape
80266C38:getShapeAccess__12cCcD_SphAttrCFPQ214cCcD_ShapeAttr5Shape
80265E94:getShapeAccess__14cCcD_ShapeAttrCFPQ214cCcD_ShapeAttr5Shape
800B3668:getShapeAngleYAtnActor__9daAlink_cFv
800D01D0:getShieldChangeWaitTimer__9daAlink_cCFv
80141918:getShieldChangeWaitTimer__9daPy_py_cCFv
8014BFFC:getShopItemTagP__8daNpcT_cFv
8004D23C:getSimple__13dPa_control_cFUs
800D09E4:getSinkShapeOffset__9daAlink_cCFv
80141950:getSinkShapeOffset__9daPy_py_cCFv
802D0B9C:getSize__7JKRHeapFPv
802D0B4C:getSize__7JKRHeapFPvP7JKRHeap
801F9B68:getSkillNum__13dMenu_Skill_cFv
8004290C:getSkipEventName__14dEvt_control_cFv
800B2010:getSlidePolygon__9daAlink_cFP8cM3dGPla
80237BE0:getSmellName__12dMsgObject_cFv
802386EC:getSmellTypeMessageIDLocal__12dMsgObject_cFv
80238CF8:getSmellTypeMessageID__12dMsgObject_cFv
802C1CD0:getSoundID__15Z2SoundObjAnimeFPC22JAUSoundAnimationSoundRCQ29JGeometry8TVec3<f>f
80027AF4:getSoundInfCL__15dStage_roomDt_cCFv
80028060:getSoundInfCL__16dStage_stageDt_cCFv
80027AE4:getSoundInf__15dStage_roomDt_cCFv
80028050:getSoundInf__16dStage_stageDt_cCFv
802BDF88:getSoundInfo___11Z2SoundInfoCF10JAISoundIDP8JAISound
802BD4D0:getSoundType__11Z2SoundInfoCF10JAISoundID
80034684:getSound__19dSv_player_config_cFv
800D0260:getSpinnerActor__9daAlink_cFv
801417BC:getSpinnerActor__9daPy_py_cFv
8010D974:getSpinnerGravity__9daAlink_cCFv
8010D994:getSpinnerJumpRate__9daAlink_cCFv
8010D984:getSpinnerMaxFallSpeed__9daAlink_cCFv
8010DA2C:getSpinnerRideDecSpeedMax__9daAlink_cCFv
8010DA3C:getSpinnerRideDecSpeedMin__9daAlink_cCFv
8010DA4C:getSpinnerRideDecSpeedRate__9daAlink_cCFv
8010D9A4:getSpinnerRideMoveTime__9daAlink_cFv
8010DA5C:getSpinnerRideRotAngleMax__9daAlink_cCFv
8010DA6C:getSpinnerRideRotAngleMin__9daAlink_cCFv
8010D9E8:getSpinnerRideSpeedF__9daAlink_cFv
8015F814:getSpinnerRideSpeed__9daPy_py_cCFv
801D2CC0:getSpotMapZoomRate__18dMenu_Fmap2DBack_cFv
800279B0:getStagInfo__15dStage_roomDt_cCFv
8002483C:getStagInfo__16dStage_stageDt_cCFv
801CB2A4:getStageCursor__12dMenu_Fmap_cFv
80043278:getStageEventDt__14dEvt_control_cFv
801D2CFC:getStageOriginPath__18dMenu_Fmap2DBack_cFUcPfPf
801CB2D4:getStageTransX__12dMenu_Fmap_cFv
801CB304:getStageTransZ__12dMenu_Fmap_cFv
802A93B0:getStartSoundIndex__17JAUSoundAnimationCFf
800437F0:getStartTelopNo__Fv
8023720C:getStatusLocal__12dMsgObject_cFv
80024384:getStatusRoomDt__20dStage_roomControl_cFi
80238B40:getStatus__12dMsgObject_cFv
80016D74:getStatus__15mDoMemCd_Ctrl_cFUl
80029160:getStayType__15renderingAmap_cCFv
8004331C:getStbDemoData__14dEvt_control_cFPc
800B3F64:getStickAngleDistanceRate__9daAlink_cFv
800A2198:getStickAngleFromPlayerShape__9daAlink_cCFPs
80141844:getStickAngleFromPlayerShape__9daPy_py_cCFPs
801EBD80:getStickInfo__12dMenu_Ring_cFP9STControl
802BDEC8:getStreamFileEntry__11Z2SoundInfoF10JAISoundID
802A98EC:getStreamFileEntry__32JAUStreamDataMgr_StreamFileTableF10JAISoundID
802A8880:getStreamFileEntry__Q228@unnamed@JAUSectionHeap_cpp@14TStreamDataMgrF10JAISoundID
802BDE50:getStreamFilePath__11Z2SoundInfoF10JAISoundID
802BDD20:getStreamInfo__11Z2SoundInfoCF10JAISoundIDP9JAIStream
8021CA40:getStringKana__13dMeter2Info_cFUlPcP14JMSMesgEntry_c
8021CC14:getStringKanji__13dMeter2Info_cFUlPcP14JMSMesgEntry_c
8021CD74:getStringLength__13dMeter2Info_cFP10J2DTextBoxPc
8021CF10:getStringLength__13dMeter2Info_cFP7JUTFontffPc
802376F8:getStringLocal__12dMsgObject_cFUlP10J2DTextBoxP10J2DTextBoxP7JUTFontP10COutFont_cPcPcPcPs
8024B0D0:getStringLocal__16dMsgStringBase_cFUlP10J2DTextBoxP10J2DTextBoxP7JUTFontP10COutFont_cUc
8024B240:getStringPageLocal__16dMsgStringBase_cFUlUcUcP10J2DTextBoxP10J2DTextBoxP7JUTFontP10COutFont_cUc
801E2044:getStringPage__12dMsgString_cFUlUcUcP10J2DTextBoxP10J2DTextBoxP7JUTFontP10COutFont_cUc
8024B538:getStringPage__16dMsgStringBase_cFUlUcUcP10J2DTextBoxP10J2DTextBoxP7JUTFontP10COutFont_cUc
80302AF4:getStringPtr__10J2DTextBoxCFv
80238A08:getString__12dMsgObject_cFUlP10J2DTextBoxP10J2DTextBoxP7JUTFontP10COutFont_cPcPcPcPs
80191B44:getString__12dMsgString_cFUlP10J2DTextBoxP10J2DTextBoxP7JUTFontP10COutFont_cUc
8021C920:getString__13dMeter2Info_cFUlPcP14JMSMesgEntry_c
8024B518:getString__16dMsgStringBase_cFUlP10J2DTextBoxP10J2DTextBoxP7JUTFontP10COutFont_cUc
8029F104:getSubFrameCounter__9JASDriverFv
8029EE20:getSubFrames__9JASDriverFv
800465E8:getSubstance__16dEvent_manager_cFP11dEvDtData_ci
800D02AC:getSumouCounter__9daAlink_cCFv
801418A0:getSumouCounter__9daPy_py_cCFv
801411FC:getSumouMode__9daPy_py_cCFv
802BDF08:getSwBit__11Z2SoundInfoCF10JAISoundID
8003A1DC:getSwbit2__13door_param2_cFP10fopAc_ac_c
8003A1E8:getSwbit3__13door_param2_cFP10fopAc_ac_c
8003A1D0:getSwbit__13door_param2_cFP10fopAc_ac_c
80101A50:getSwimFrontMaxSpeed__9daAlink_cCFv
80101AE0:getSwimMaxFallSpeed__9daAlink_cCFv
800D0F94:getSwordAtType__9daAlink_cFv
800D0A1C:getSwordChangeWaitTimer__9daAlink_cCFv
80141920:getSwordChangeWaitTimer__9daPy_py_cCFv
80292EF0:getSystemHeap__9JASKernelFv
80292B20:getTailHeap__7JASHeapFv
80292BAC:getTailOffset__7JASHeapFv
80238468:getTalkHeap__12dMsgObject_cFv
80159EA0:getTargetPoint__11PathTrace_cFP3Vec
8004372C:getTelopNo__FPCc
800437C4:getTelopNo__Fv
802A1CA8:getTempoMgr__5JAISeFv
802A3BAC:getTempoMgr__6JAISeqFv
802A5F10:getTempoMgr__9JAIStreamFv
8030E58C:getTevColorReg__15J2DAnmTevRegKeyCFUsP11_GXColorS10
8032D694:getTevColorReg__15J3DAnmTevRegKeyCFUsP11_GXColorS10
802EC5D8:getTevColor__11J2DTevBlockFUl
8000DFC8:getTevColor__11J3DTevBlockFUl
802F4CE4:getTevColor__12J2DTevBlock1FUl
802F4A40:getTevColor__12J2DTevBlock2FUl
802F479C:getTevColor__12J2DTevBlock4FUl
802F44FC:getTevColor__12J2DTevBlock8FUl
80324944:getTevColor__12J3DTevBlock2FUl
80324580:getTevColor__12J3DTevBlock4FUl
802F425C:getTevColor__13J2DTevBlock16FUl
803241B4:getTevColor__13J3DTevBlock16FUl
80324FEC:getTevColor__18J3DTevBlockPatchedFUl
801451B0:getTevFrm__12daItemBase_cFv
802EC5E8:getTevKAlphaSel__11J2DTevBlockFUl
8000DFA8:getTevKAlphaSel__11J3DTevBlockFUl
802F4D5C:getTevKAlphaSel__12J2DTevBlock1FUl
802F4AB8:getTevKAlphaSel__12J2DTevBlock2FUl
802F4814:getTevKAlphaSel__12J2DTevBlock4FUl
802F4574:getTevKAlphaSel__12J2DTevBlock8FUl
80324A08:getTevKAlphaSel__12J3DTevBlock2FUl
80324644:getTevKAlphaSel__12J3DTevBlock4FUl
802F42D4:getTevKAlphaSel__13J2DTevBlock16FUl
80324278:getTevKAlphaSel__13J3DTevBlock16FUl
802EC5F0:getTevKColorSel__11J2DTevBlockFUl
8000DFB0:getTevKColorSel__11J3DTevBlockFUl
802F4D44:getTevKColorSel__12J2DTevBlock1FUl
802F4AA0:getTevKColorSel__12J2DTevBlock2FUl
802F47FC:getTevKColorSel__12J2DTevBlock4FUl
802F455C:getTevKColorSel__12J2DTevBlock8FUl
803249E0:getTevKColorSel__12J3DTevBlock2FUl
8032461C:getTevKColorSel__12J3DTevBlock4FUl
802F42BC:getTevKColorSel__13J2DTevBlock16FUl
80324250:getTevKColorSel__13J3DTevBlock16FUl
80325088:getTevKColorSel__18J3DTevBlockPatchedFUl
802EC5F8:getTevKColor__11J2DTevBlockFUl
8000DFC0:getTevKColor__11J3DTevBlockFUl
802F4D24:getTevKColor__12J2DTevBlock1FUl
802F4A80:getTevKColor__12J2DTevBlock2FUl
802F47DC:getTevKColor__12J2DTevBlock4FUl
802F453C:getTevKColor__12J2DTevBlock8FUl
803249B0:getTevKColor__12J3DTevBlock2FUl
803245EC:getTevKColor__12J3DTevBlock4FUl
802F429C:getTevKColor__13J2DTevBlock16FUl
80324220:getTevKColor__13J3DTevBlock16FUl
80325058:getTevKColor__18J3DTevBlockPatchedFUl
8030E850:getTevKonstReg__15J2DAnmTevRegKeyCFUsP8_GXColor
8032D958:getTevKonstReg__15J3DAnmTevRegKeyCFUsP8_GXColor
802EC5E0:getTevOrder__11J2DTevBlockFUl
8000DFB8:getTevOrder__11J3DTevBlockFUl
802F4CA4:getTevOrder__12J2DTevBlock1FUl
802F4A00:getTevOrder__12J2DTevBlock2FUl
802F475C:getTevOrder__12J2DTevBlock4FUl
802F44BC:getTevOrder__12J2DTevBlock8FUl
80324C9C:getTevOrder__12J3DTevBlock1FUl
803248D8:getTevOrder__12J3DTevBlock2FUl
80324514:getTevOrder__12J3DTevBlock4FUl
802F421C:getTevOrder__13J2DTevBlock16FUl
80324148:getTevOrder__13J3DTevBlock16FUl
80324EB8:getTevOrder__18J3DTevBlockPatchedFUl
80152C2C:getTevRegKeyAnmP__8daNpcF_cFPci
80148194:getTevRegKeyAnmP__8daNpcT_cFPCci
80324E00:getTevRegOffset__11J3DTevBlockCFv
80324BA0:getTevRegOffset__12J3DTevBlock2CFv
803247DC:getTevRegOffset__12J3DTevBlock4CFv
80324410:getTevRegOffset__13J3DTevBlock16CFv
8032509C:getTevRegOffset__18J3DTevBlockPatchedCFv
802EC618:getTevStageNum__11J2DTevBlockCFv
8000DFD0:getTevStageNum__11J3DTevBlockCFv
802F4D6C:getTevStageNum__12J2DTevBlock1CFv
802F4ACC:getTevStageNum__12J2DTevBlock2CFv
802F4828:getTevStageNum__12J2DTevBlock4CFv
802F4588:getTevStageNum__12J2DTevBlock8CFv
80324CB8:getTevStageNum__12J3DTevBlock1CFv
80324A28:getTevStageNum__12J3DTevBlock2CFv
80324664:getTevStageNum__12J3DTevBlock4CFv
802F42E8:getTevStageNum__13J2DTevBlock16CFv
80324298:getTevStageNum__13J3DTevBlock16CFv
80324E54:getTevStageNum__18J3DTevBlockPatchedCFv
802EC5D0:getTevStage__11J2DTevBlockFUl
8000DF8C:getTevStage__11J3DTevBlockFUl
802F4DB0:getTevStage__12J2DTevBlock1FUl
802F4B10:getTevStage__12J2DTevBlock2FUl
802F486C:getTevStage__12J2DTevBlock4FUl
802F45CC:getTevStage__12J2DTevBlock8FUl
80324D38:getTevStage__12J3DTevBlock1FUl
80324AA8:getTevStage__12J3DTevBlock2FUl
803246E4:getTevStage__12J3DTevBlock4FUl
802F432C:getTevStage__13J2DTevBlock16FUl
80324318:getTevStage__13J3DTevBlock16FUl
80324F44:getTevStage__18J3DTevBlockPatchedFUl
802EC5C8:getTevSwapModeTable__11J2DTevBlockFUl
8000DFA0:getTevSwapModeTable__11J3DTevBlockFUl
802F4E0C:getTevSwapModeTable__12J2DTevBlock1FUl
802F4B6C:getTevSwapModeTable__12J2DTevBlock2FUl
802F48C8:getTevSwapModeTable__12J2DTevBlock4FUl
802F4628:getTevSwapModeTable__12J2DTevBlock8FUl
80324B4C:getTevSwapModeTable__12J3DTevBlock2FUl
80324788:getTevSwapModeTable__12J3DTevBlock4FUl
802F4388:getTevSwapModeTable__13J2DTevBlock16FUl
803243BC:getTevSwapModeTable__13J3DTevBlock16FUl
80159A10:getTexAnmP__10daNpcCd2_cFi
8000DFE0:getTexCoord__14J3DTexGenBlockFUl
80325200:getTexCoord__21J3DTexGenBlockPatchedFUl
8000DFE8:getTexGenNum__14J3DTexGenBlockCFv
803251E4:getTexGenNum__21J3DTexGenBlockPatchedCFv
803198C4:getTexMtxOffset__14J3DTexGenBlockCFv
80325234:getTexMtxOffset__21J3DTexGenBlockPatchedCFv
802EDC7C:getTexMtx__14J2DTexGenBlockFUlR9J2DTexMtx
8000DFD8:getTexMtx__14J3DTexGenBlockFUl
80325224:getTexMtx__21J3DTexGenBlockPatchedFUl
803259F4:getTexNoOffset__11J3DTevBlockCFv
80324D88:getTexNoOffset__12J3DTevBlock1CFv
80324B98:getTexNoOffset__12J3DTevBlock2CFv
803247D4:getTexNoOffset__12J3DTevBlock4CFv
80324408:getTexNoOffset__13J3DTevBlock16CFv
80325094:getTexNoOffset__18J3DTevBlockPatchedCFv
80326424:getTexNoReg__FPv
802EC60C:getTexNo__11J2DTevBlockCFUl
8000DF94:getTexNo__11J3DTevBlockCFUl
802F4C60:getTexNo__12J2DTevBlock1CFUl
802F49BC:getTexNo__12J2DTevBlock2CFUl
802F4718:getTexNo__12J2DTevBlock4CFUl
802F4478:getTexNo__12J2DTevBlock8CFUl
80324C64:getTexNo__12J3DTevBlock1CFUl
803248A0:getTexNo__12J3DTevBlock2CFUl
803244DC:getTexNo__12J3DTevBlock4CFUl
802F41D8:getTexNo__13J2DTevBlock16CFUl
80324110:getTexNo__13J3DTevBlock16CFUl
8030E384:getTexNo__16J2DAnmTexPatternCFUsPUs
8032D3EC:getTexNo__16J3DAnmTexPatternCFUsPUs
80324E80:getTexNo__18J3DTevBlockPatchedCFUl
8014EF74:getTexPtrnAnmP__11daBaseNpc_cFPci
80152BB4:getTexPtrnAnmP__8daNpcF_cFPci
8014811C:getTexPtrnAnmP__8daNpcT_cFPCci
80152BF0:getTexSRTKeyAnmP__8daNpcF_cFPci
80148158:getTexSRTKeyAnmP__8daNpcT_cFPCci
8023B808:getTextBoxGlobalPosX__17dMsgScrn3Select_cFi
8023B834:getTextBoxGlobalPosY__17dMsgScrn3Select_cFi
8023B790:getTextBoxWidth__17dMsgScrn3Select_cFv
80301AD0:getTextureCount__10J2DPictureCFv
803087EC:getTextureCount__12J2DPictureExCFv
802EC358:getTextureMtxMaya__9J2DTexMtxFRC17J2DTextureSRTInfoPA4_f
802EC1C8:getTextureMtx__9J2DTexMtxFRC17J2DTextureSRTInfo3VecPA4_f
800539DC:getTexture__10J2DPictureCFUc
802EDD18:getTexture__11J2DTevBlockFUl
80308794:getTexture__12J2DPictureExCFUc
802F4E74:getTexture__12J2DTevBlock1FUl
802F4BD4:getTexture__12J2DTevBlock2FUl
802F4930:getTexture__12J2DTevBlock4FUl
802F4690:getTexture__12J2DTevBlock8FUl
802F43F0:getTexture__13J2DTevBlock16FUl
8029232C:getThreadPointer__6JASDvdFv
8015F91C:getThrowBoomerangActor__9daPy_py_cFv
8025FD8C:getTimeMs__8dTimer_cFv
80032804:getTime__11dLib_time_cFv
8002CBAC:getTimerLimitTimeMs__14dComIfG_play_cFv
8002CBBC:getTimerMode__14dComIfG_play_cFv
8002CB9C:getTimerNowTimeMs__14dComIfG_play_cFv
8002CBDC:getTimerPtr__14dComIfG_play_cFv
8002CBCC:getTimerType__14dComIfG_play_cFv
8034E704:getTiming
8030166C:getTlutID__10J2DPictureFPC7ResTIMGUc
8003F760:getTopBottomFloorNo__8dMpath_cFPScPSc
802D5648:getTotalFreeSize__11JKRAramHeapFv
802D0C20:getTotalFreeSize__7JKRHeapFv
802D2200:getTotalUsedSize__10JKRExpHeapCFv
802A1C8C:getTrack__5JAISeFv
802A3B68:getTrack__6JAISeqFv
802A5EFC:getTrack__9JAIStreamFv
80010710:getTransform__14mDoExt_McaMorfFUsP16J3DTransformInfo
80191108:getTransform__15J2DAnmTransformCFUsP16J3DTransformInfo
80011250:getTransform__16mDoExt_McaMorfSOFUsP16J3DTransformInfo
8030F218:getTransform__18J2DAnmTransformKeyCFUsP16J3DTransformInfo
8003C808:getTransform__18J3DAnmTransformKeyCFUsP16J3DTransformInfo
8030CA2C:getTransform__19J2DAnmTransformFullCFUsP16J3DTransformInfo
8032B32C:getTransform__19J3DAnmTransformFullCFUsP16J3DTransformInfo
8032B68C:getTransform__27J3DAnmTransformFullWithLerpCFUsP16J3DTransformInfo
80287F74:getTransformation_SRxyzT__Q27JStudio4mathFPA4_fRC3VecRC3VecRC3Vec
80294ED4:getTransposeTotal__8JASTrackCFv
801C0FB8:getTreasureList__20dMenu_StageMapCtrl_cFPfPfPScPUcPSc
80027D0C:getTresure__15dStage_roomDt_cCFv
80028200:getTresure__16dStage_stageDt_cCFv
800569A8:getTriMax__22dDlst_shadowRealPoly_cFv
8007E890:getTriNrm__8dBgWKColCFP12KC_PrismDataPP3Vec
800569A0:getTri__22dDlst_shadowRealPoly_cFv
80182C44:getTrigA__8mDoCPd_cFUl
801480A4:getTrnsfrmAnmP__8daNpcT_cFPCci
8014EE90:getTrnsfrmKeyAnmP__11daBaseNpc_cFPci
80152B78:getTrnsfrmKeyAnmP__8daNpcF_cFPci
801480E0:getTrnsfrmKeyAnmP__8daNpcT_cFPCci
8009C4DC:getTypeGroupNoToType__7dTres_cFUc
80301784:getTypeID__10J2DPictureCFv
80303104:getTypeID__10J2DTextBoxCFv
802A95A0:getTypeID__13JAUSoundTableCF10JAISoundID
80053C3C:getTypeID__7J2DPaneCFv
802FBEB4:getTypeID__9J2DScreenCFv
802FE434:getTypeID__9J2DWindowCFv
8009C4F0:getTypeToTypeGroupNo__7dTres_cFUc
8029A91C:getType__10JASDrumSetCFv
80316C7C:getType__11J3DShapeMtxCFv
802F4C3C:getType__12J2DTevBlock1Fv
802F4998:getType__12J2DTevBlock2Fv
802F46F4:getType__12J2DTevBlock4Fv
802F4454:getType__12J2DTevBlock8Fv
80324C34:getType__12J3DTevBlock1Fv
80324870:getType__12J3DTevBlock2Fv
803244AC:getType__12J3DTevBlock4Fv
8029A398:getType__12JASBasicBankCFv
8029A710:getType__12JASBasicInstCFv
8029A438:getType__12JASVoiceBankCFv
802F41B4:getType__13J2DTevBlock16Fv
803257C4:getType__13J3DPEBlockOpaFv
803256F4:getType__13J3DPEBlockXluFv
803240E0:getType__13J3DTevBlock16Fv
80323DE8:getType__14J3DPEBlockFullFv
80334E40:getType__14J3DPEBlockNullFv
802F4030:getType__15J2DIndBlockFullFv
802ED680:getType__15J2DIndBlockNullFv
8032582C:getType__15J3DIndBlockFullFv
80319840:getType__15J3DIndBlockNullFv
80334ED4:getType__15J3DTevBlockNullFv
80325244:getType__15J3DTexGenBlock4Fv
80323F9C:getType__16J3DPEBlockFogOffFv
80316BA8:getType__16J3DShapeMtxMultiCFv
80334FC8:getType__17J3DColorBlockNullFv
8032575C:getType__17J3DPEBlockTexEdgeFv
80324E34:getType__18J3DTevBlockPatchedFv
80334F60:getType__18J3DTexGenBlockNullFv
80325108:getType__19J3DTexGenBlockBasicFv
8032531C:getType__20J3DColorBlockLightOnFv
803259FC:getType__21J3DColorBlockLightOffFv
80316C28:getType__21J3DShapeMtxConcatViewCFv
80325310:getType__21J3DTexGenBlockPatchedFv
80325510:getType__22J3DColorBlockAmbientOnFv
80316B24:getType__26J3DShapeMtxMultiConcatViewCFv
80316AAC:getType__27J3DShapeMtxBBoardConcatViewCFv
80316A28:getType__28J3DShapeMtxYBBoardConcatViewCFv
80284B50:getType__Q27JStudio19TFunctionValue_listCFv
80285774:getType__Q27JStudio22TFunctionValue_hermiteCFv
802847E4:getType__Q27JStudio23TFunctionValue_constantCFv
802841E8:getType__Q27JStudio24TFunctionValue_compositeCFv
8028487C:getType__Q27JStudio25TFunctionValue_transitionCFv
802851D0:getType__Q27JStudio29TFunctionValue_list_parameterCFv
801651A4:getUSOAngle__9dCamera_cF7cSAngle
800AC648:getUnderUpperAnime__9daAlink_cFQ29daAlink_c11daAlink_ANMPP15J3DAnmTransformPP15J3DAnmTransformiUl
8030159C:getUsableTlut__10J2DPictureFUc
80309264:getUsableTlut__12J2DPictureExFUc
80316A38:getUseMtxIndex__11J3DShapeMtxCFUs
80316BBC:getUseMtxIndex__16J3DShapeMtxMultiCFUs
80316B38:getUseMtxIndex__26J3DShapeMtxMultiConcatViewCFUs
80276238:getUseMtxNum__11J3DShapeMtxCFv
80316BB4:getUseMtxNum__16J3DShapeMtxMultiCFv
80316B30:getUseMtxNum__26J3DShapeMtxMultiConcatViewCFv
800058A0:getUsedCount__9HeapCheckCFv
802EA620:getUsedLine__10JUTConsoleCFv
802D2184:getUsedSize__10JKRExpHeapCFUc
8003E510:getValidData__22dMenuFmapIconPointer_cFv
8003217C:getValueStick__10CSTControlFv
8003215C:getValueStick__9STControlFv
8029E3F8:getValue__13JASOscillatorCFv
8029E174:getValue__6JASLfoCFv
80053E60:getValue__8cM_rnd_cFff
80284C88:getValue__Q27JStudio19TFunctionValue_listFd
8028587C:getValue__Q27JStudio22TFunctionValue_hermiteFd
80284814:getValue__Q27JStudio23TFunctionValue_constantFd
80284258:getValue__Q27JStudio24TFunctionValue_compositeFd
80284924:getValue__Q27JStudio25TFunctionValue_transitionFd
80285340:getValue__Q27JStudio29TFunctionValue_list_parameterFd
80034694:getVibration__19dSv_player_config_cFv
80038A90:getView__Fv
8030E4E4:getVisibility__20J2DAnmVisibilityFullCFUsPUc
8002771C:getVrboxInfo__15dStage_roomDt_cCFv
80027EA0:getVrboxInfo__16dStage_stageDt_cCFv
800278DC:getVrboxNumInfo__15dStage_roomDt_cCFv
80027F00:getVrboxNumInfo__16dStage_stageDt_cCFv
8002772C:getVrboxcolInfo__15dStage_roomDt_cCFv
80027EB0:getVrboxcolInfo__16dStage_stageDt_cCFv
800278EC:getVrboxcolNumInfo__15dStage_roomDt_cCFv
80027F10:getVrboxcolNumInfo__16dStage_stageDt_cCFv
800B0234:getWallEdgePos__9daAlink_cFRC4cXyzP8cM3dGPlaP8cM3dGPlaP4cXyzi
800E7F1C:getWallGrabStatus__9daAlink_cFv
801DCBC8:getWarpMarkFlag__19dMenu_ItemExplain_cFv
80167F40:getWaterSurfaceHeight__9dCamera_cFP4cXyz
8029B09C:getWaveArc__16JASBasicWaveBankFUl
8029B348:getWaveArc__17JASSimpleWaveBankFUl
8029AA70:getWaveGroup__16JASBasicWaveBankFUl
8029AD0C:getWaveHandle__16JASBasicWaveBankCFUl
8029B290:getWaveHandle__17JASSimpleWaveBankCFUl
8029AF84:getWaveID__Q216JASBasicWaveBank10TWaveGroupCFi
8029B094:getWaveInfo__Q216JASBasicWaveBank11TWaveHandleCFv
8029B3C0:getWaveInfo__Q217JASSimpleWaveBank11TWaveHandleCFv
802BCAD8:getWaveLoadStatus__10Z2SceneMgrFUlUl
8029AF94:getWavePtr__Q216JASBasicWaveBank11TWaveHandleCFv
8029B368:getWavePtr__Q217JASSimpleWaveBank11TWaveHandleCFv
80014EA8:getWeight__10J3DMtxCalcCFUc
8032E5B8:getWeight__13J3DAnmClusterCFUs
8032C6B4:getWeight__16J3DAnmClusterKeyCFUs
8032C620:getWeight__17J3DAnmClusterFullCFUs
801DFAB4:getWhite__10J2DPictureCFv
801DFA9C:getWhite__10J2DTextBoxCFv
80305184:getWhite__11J2DWindowExCFv
80308DF4:getWhite__12J2DPictureExCFv
8030ABF8:getWhite__12J2DTextBoxExCFv
80256384:getWhite__9J2DWindowCFv
802E2100:getWidthEntry__10JUTResFontCFiPQ27JUTFont6TWidth
802E0494:getWidth__10JUTResFontCFv
80282978:getWidth__15JPABaseParticleCFPC14JPABaseEmitter
800D0304:getWolfBackbone2Matrix__9daAlink_cFv
801415A0:getWolfBackbone2Matrix__9daPy_py_cFv
800D0AD4:getWolfHowlMgrP__9daAlink_cFv
80141968:getWolfHowlMgrP__9daPy_py_cFv
80137130:getWolfLieMoveAnmSpeed__9daAlink_cFv
80137178:getWolfLieMoveSpeed__9daAlink_cFv
80139228:getWolfLockActorEnd__9daAlink_cFv
800D02F0:getWolfMouthMatrix__9daAlink_cFv
80141598:getWolfMouthMatrix__9daPy_py_cFv
801316F0:getWolfRopeMoveSpeed__9daAlink_cFv
801381D4:getWolfSwimMoveAnmSpeed__9daAlink_cFv
80133DB8:getWolfTagJumpTime__9daAlink_cCFv
80238E28:getWord__12dMsgObject_cFv
80229E7C:getWord__19jmessage_tReferenceFi
8000DF3C:getZCompLoc__10J3DPEBlockCFv
80323ED8:getZCompLoc__14J3DPEBlockFullCFv
8032403C:getZCompLoc__16J3DPEBlockFogOffCFv
8000DF44:getZMode__10J3DPEBlockFv
80323EBC:getZMode__14J3DPEBlockFullFv
80324020:getZMode__16J3DPEBlockFogOffFv
80141990:getZeldaActor__9daHorse_cFv
8002D9B0:getZoneNo__20dStage_roomControl_cFi
801C1B64:getZoomCmPerPixel__19dMenu_DmapMapCtrl_cFv
801C1880:getZoomMinMaxCheck__19dMenu_DmapMapCtrl_cFPfPfPfPfPbPb
801019F0:getZoraSwim__9daAlink_cCFv
8030F318:get__13J2DDataManageFP14JSUInputStream
8030F2B4:get__13J2DDataManageFPCc
80053CEC:get__8cM_rnd_cFv
8004B874:get__Q213dPa_control_c7level_cFUl
8019D838:get_parcent__Ffff
8005B708:get_vectle_calc__FP4cXyzP4cXyzP4cXyz
8001D3D4:get_vectle_calc__FPC4cXyzPC4cXyzP4cXyz
80238AD4:getpTalkActor__12dMsgObject_cFv
802CFDA0:gframeProcess__10Z2AudioMgrFv
8001DCBC:gndCheck__11fopAcM_gc_cFPC4cXyz
8041F78C:grabCarryOffset0$14254
8041F7A4:grabCarryOffset1$14258
8041F7BC:grabCarryOffset2$14262
8041F7D4:grabCarryOffset3$14266
800E5BA4:grabLineCheck__9daAlink_cFP4cXyzP4cXyz
8044A7DC:grassWhistleArcName$33096
8044D168:grassWhistleIdx$33097
80165838:groundHeight__9dCamera_cFP4cXyz
8044F5F0:gu32Mask_TSequence_value_signExpansion__Q37JStudio3stb4data
80243138:guide_demo_play_init__14dMsgScrnHowl_cFv
80243144:guide_demo_play_proc__14dMsgScrnHowl_cFv
8024300C:guide_off_init__14dMsgScrnHowl_cFv
80243010:guide_off_proc__14dMsgScrnHowl_cFv
8024323C:guide_off_test_init__14dMsgScrnHowl_cFv
80243240:guide_off_test_proc__14dMsgScrnHowl_cFv
80242F68:guide_on_init__14dMsgScrnHowl_cFv
80242F6C:guide_on_proc__14dMsgScrnHowl_cFv
8024308C:guide_stop_init__14dMsgScrnHowl_cFv
80243090:guide_stop_proc__14dMsgScrnHowl_cFv
80446FC0:gxData
80391218:haihail_n$5308
80391240:haihair_n$5309
803B93C8:haku_tag$3719
8039C4A0:halF
803974FC:halftofull
8044BD90:hamon_name$6107
800A39F0:handBgCheck__9daAlink_cFv
8038BAC4:handCenterOffsetVec$34213
800FA0A8:hangMoveBgCheck__9daAlink_cFsP4cXyz
802A8E58:hasFailedBlock__16JAUSeqDataBlocksF10JAISoundID
80029078:hasMap__15renderingAmap_cCFv
801C080C:hasMap__15renderingDmap_cCFv
802CFF08:hasReset__10Z2AudioMgrCFv
803ACF00:headBrkName$69122
8009ECD8:headModelCallBack__9daAlink_cFi
80298B6C:headerLoadTask__13JASAramStreamFPv
80298D50:headerLoad__13JASAramStreamFUli
801F5020:headerTxtChangeAnm__12dMenu_save_cFv
8018D234:headerTxtChangeAnm__14dFile_select_cFv
801F4F54:headerTxtSet__12dMenu_save_cFUs
8018D0BC:headerTxtSet__14dFile_select_cFUsUcUc
802E92A8:heapBar__FP7JKRHeapiiiii
800058C4:heapDisplay__9HeapCheckCFv
8044AD4C:heapErrors
802B83B0:heartGaugeOn__11Z2StatusMgrFv
8038BC0C:heartPieceMessage$37580
8038F0F8:heart_tag$5922
80164D78:heightOf__9dCamera_cFP10fopAc_ac_c
80145BC8:hermite__13daNpcT_Path_cFR4cXyzR4cXyzR4cXyzR4cXyzR16daNpcT_Hermite_cR4cXyz
8015FA98:hideActor__22@unnamed@d_camera_cpp@FP10fopAc_ac_c
8020A55C:hideAll__14dMeterButton_cFv
80260EBC:hideDenominator__21dDlst_TimerScrnDraw_cFv
80037A64:hide__12daItemBase_cFv
80257980:hide__13CPaneMgrAlphaFv
80327D3C:hide__13J3DShapeTableFv
8020B1BC:hide_button__14dMeterButton_cFUc
800965EC:hintTalkEvCamera__9dCamera_cFv
803C19F8:history$267
801535C4:hitChk2__8daNpcF_cFP8dCcD_Cylii
8014AA8C:hitChk__8daNpcT_cFP12dCcD_GObjInfUl
8038B824:hitFinishType$6981
8038B810:hitType$6980
8041EBEC:hokuto_position$9456
8038BA88:hookRoot$29726
80108400:hookshotAtHitCallBack__9daAlink_cFP12dCcD_GObjInfP10fopAc_ac_cP12dCcD_GObjInf
80178E9C:hookshotCamera__9dCamera_cFl
8010B3E4:hookshotRoofTurn__9daAlink_cFv
800EF3CC:horseGetOffEnd__9daAlink_cFv
8038B9B0:horseLocalBack$17680
8038C024:horseLocalEyeFromRoot$59883
8038B998:horseLocalLeft$17678
8038B9A4:horseLocalRight$17679
8044B068:howa_loop_cnt$10162
801CD888:howlArrowPosInit__12dMenu_Fmap_cFv
801CACA4:howl_demo1_init__12dMenu_Fmap_cFv
801CACF0:howl_demo1_move__12dMenu_Fmap_cFv
801CADBC:howl_demo2_init__12dMenu_Fmap_cFv
801CADC8:howl_demo2_move__12dMenu_Fmap_cFv
801CAE10:howl_demo3_init__12dMenu_Fmap_cFv
801CAE14:howl_demo3_move__12dMenu_Fmap_cFv
8038BA7C:hsVec$28749
803B9490:i_action_num$8377
803908E0:i_evtID$4383
8044E564:i_expID$6481
80391AF8:i_id$4087
80391E60:i_id0$4478
80391B14:i_id1$4088
80391E7C:i_id1$4479
803A13D0:i_item_lst$4006
8044A708:i_msgID
8044E55C:i_nameID$6480
80390150:i_swBit$7376
8042A298:i_text_buf$8360
80390570:iarea_name$4189
800A6E04:iceSlipBgCheck__9daAlink_cFv
801BD1C8:iconMoveCalc__12dMenu_Dmap_cFv
801B88FC:iconScaleAnmInit__14dMenu_DmapBg_cFffUc
801B8914:iconScaleAnm__14dMenu_DmapBg_cFv
801C3E84:iconScale__16dMenuMapCommon_cFifff
8038F708:icon_tag$4933
8044D5FC:id$11798
8044D61C:id$4592
8044D644:id$4857
8044D5C8:id$7388
8044B918:idTmp
80054500:imageDraw__18dDlst_shadowReal_cFPA4_f
800557C8:imageDraw__21dDlst_shadowControl_cFPA4_f
80291718:imixcopy__7JASCalcFPCsPCsPsUl
8029E398:incCounter__13JASOscillatorFf
8029E208:incCounter__6JASLfoFf
8015A2B0:incIndex__11PathTrace_cFi
8029ABC0:incWaveTable__16JASBasicWaveBankFPCQ216JASBasicWaveBank10TWaveGroup
802ADD7C:incrCrowdSize__7Z2SeMgrFv
802A4AAC:increasePrepareCount_JAISound___8JAISoundFv
80328364:indexToPtr__12J3DModelDataFv
80324C10:indexToPtr__12J3DTevBlock1Fv
8032484C:indexToPtr__12J3DTevBlock2Fv
80324488:indexToPtr__12J3DTevBlock4Fv
803240BC:indexToPtr__13J3DTevBlock16Fv
80334EB0:indexToPtr__15J3DTevBlockNullFv
80324E10:indexToPtr__18J3DTevBlockPatchedFv
80320534:indexToPtr_private__11J3DTevBlockFUl
801BF464:infoModeChange_init_proc__12dMenu_Dmap_cFv
801BF4E8:infoModeChange_proc__12dMenu_Dmap_cFv
801622FC:infoReport__9dCamera_cFv
80293D7C:inherit__8JASTrackFRC8JASTrack
8044B0F8:init$11203
8044B0F9:init$11207
8044B0FA:init$11211
8044B0FB:init$11215
8044AE60:init$113
8044AE68:init$116
8044AE48:init$13
8044B68C:init$134
8044AE79:init$1407
8044B17E:init$14160
8044B182:init$14616
8044AE8C:init$149
8044B186:init$14965
8044B18A:init$14969
8044AF90:init$1672
8044AC60:init$1677
8044AC68:init$1680
8044AC70:init$1683
8044B138:init$1719
8044B0A8:init$1793
8044B140:init$1834
8044B150:init$1837
8044AF88:init$1867
8044AF89:init$1870
8044B0F2:init$1903
8044B02C:init$1980
8044AE50:init$22
8044AFDE:init$2305
8044B6A0:init$231
8044B435:init$26
8044B6A8:init$280
8044B020:init$2955
8044B298:init$296
8044B340:init$298
8044B1FC:init$3140
8044B0C8:init$3207
8044B0FC:init$33110
8044B0FD:init$33113
8044B338:init$365
8044B414:init$374
8044B104:init$37466
8044B105:init$37469
8044B106:init$37472
8044B107:init$37475
8044B0C9:init$4121
8044B72C:init$461
8044B70C:init$465
8044B0CA:init$4717
8044BAE0:init$49
8044B1AA:init$5093
8044B1AB:init$5097
8044B030:init$5244
8044B034:init$5247
8044B03C:init$5598
8044B03D:init$5630
8044B318:init$579
8044B40C:init$58
8044B110:init$58408
8044B320:init$587
8044B044:init$5990
8044B111:init$60914
8044B04C:init$6525
8044B04D:init$6531
8044B054:init$6537
8044B05C:init$6970
8044B05D:init$6974
8044B12C:init$7278
8044B308:init$740
8044B064:init$7400
8044B06C:init$7648
8044B0CB:init$7803
8044B470:init$80
8044B074:init$8390
8044B168:init$8537
8044B170:init$8540
8044B07C:init$8781
8044B084:init$9013
8044AF30:init$932
8044B08C:init$9332
8044AF31:init$947
8044AF32:init$960
8044AF33:init$973
8044B384:init$978
8044B178:init$9802
8044B179:init$9803
8044B274:init$localstatic4$create__9dkWmark_cFv
8044B1B0:init$localstatic4$draw__10dThunder_cFv
8044B371:init$localstatic4$getMemPool__43JASPoolAllocObject_MultiThreaded<8JASTrack>Fv
8044B3A2:init$localstatic4$getMemPool__46JASPoolAllocObject_MultiThreaded<10JASChannel>Fv
8044B370:init$localstatic4$getMemPool__58JASPoolAllocObject_MultiThreaded<Q28JASTrack11TChannelMgr>Fv
8044B450:init$localstatic4$getMemPool___26JASPoolAllocObject<5JAISe>Fv
8044B460:init$localstatic4$getMemPool___27JASPoolAllocObject<6JAISeq>Fv
8044B468:init$localstatic4$getMemPool___30JASPoolAllocObject<9JAIStream>Fv
8044B494:init$localstatic4$getMemPool___30JASPoolAllocObject<9Z2Audible>Fv
8044B458:init$localstatic4$getMemPool___35JASPoolAllocObject<13JAISoundChild>Fv
8044B488:init$localstatic4$getMemPool___39JASPoolAllocObject<17Z2SoundHandlePool>Fv
8044B1B1:init$localstatic6$draw__10dThunder_cFv
8029E7B8:initAI__9JASDriverFPFv_v
800489A8:initAction__17dEvLib_callback_cFv
8015DA3C:initAction__8daItem_cFv
8029F7F8:initAll__13JASDSPChannelFv
8015DE84:initAngle__8daItem_cFv
802C2AC4:initAnime__10Z2CreatureFPvbff
802C103C:initAnime__15Z2SoundObjAnimeFPvbff
802D0814:initArena__7JKRHeapFPPcPUli
802A02F4:initAutoMixer__Q26JASDsp8TChannelFv
80019404:initBallModel__13fopEn_enemy_cFv
8029E03C:initBankDisposeMsgQueue__10JASChannelFv
800BF3B4:initBasAnime__9daAlink_cFv
8015B110:initBaseMtx__8daItem_cFv
80125738:initBlur__14daAlink_blur_cFfiPC4cXyzPC4cXyzPC4cXyz
800E0408:initBoomerangUpperAnimeSpeed__9daAlink_cFi
8029FEF8:initBuffer__6JASDspFv
80213BDC:initButtonCross__13dMeter2Draw_cFv
80212DB4:initButton__13dMeter2Draw_cFv
80151694:initCalc__15daNpcF_Lookat_cFP10fopAc_ac_cPA4_fP4cXyzP5csXyzPfR4cXyzi
800F3FFC:initCanoeRide__9daAlink_cFv
800E13E4:initCopyRodUpperAnimeSpeed__9daAlink_cFi
800D2C34:initCutAtnActorSearch__9daAlink_cFv
800D0FC8:initCutTurnAt__9daAlink_cFfi
802BCC3C:initDataArc__11Z2FxLineMgrFP10JKRArchiveP7JKRHeap
8015EDF8:initData__14daPy_anmHeap_cFv
800A3FD0:initDemoBck__9daAlink_cFPP13mDoExt_bckAnmPCc
800A3F38:initDemoModel__9daAlink_cFPP8J3DModelPCcUl
802BEAE4:initDolbyDist__19Z2Audience3DSettingFv
802CAF2C:initEtcSe__10Z2EnvSeMgrFUcUcUcUc
802CABCC:initFallSe__10Z2EnvSeMgrFUcUcUcUc
80024CA8:initFileList2__15dStage_roomDt_cFv
802A03E0:initFilter__Q26JASDsp8TChannelFv
80124EF4:initFirePointDamageEffectAll__9daAlink_cFv
80124FF0:initFirePointDamageEffect__9daAlink_cFPC4cXyzP12dCcD_GObjInf
800F3DD8:initFishingRodHand__9daAlink_cFv
8015DAF8:initFlag__8daItem_cFv
800ECAE4:initForceRideBoar__9daAlink_cFv
800ECB90:initForceRideHorse__9daAlink_cFv
801C0F54:initGetTreasureList__20dMenu_StageMapCtrl_cFUcSc
800E53E4:initGrabNextMode__9daAlink_cFv
800BB67C:initGravity__9daAlink_cFv
8024540C:initGuideData__14dMsgScrnHowl_cFv
802AD558:initHandlesPool__14Z2SoundHandlesFUc
801091A8:initHookshotReady__9daAlink_cFv
8010B67C:initHookshotRoofWaitActor__9daAlink_cFP10fopAc_ac_c
80109124:initHookshotUpperAnimeSpeed__9daAlink_cFi
802A71A0:initJAInterface__18JAU_JAIInitializerFv
802A6F68:initJASystem__18JAU_JASInitializerFP12JKRSolidHeap
8007E810:initKCollision__8dBgWKColFPv
80111344:initKandelaarSwing__9daAlink_cFv
802C5BAC:initKantera__14Z2CreatureLinkFP3Vec
802122BC:initLife__13dMeter2Draw_cFv
80212860:initLightDrop__13dMeter2Draw_cFv
802E2CF8:initList__10JUTGamePadFv
80071280:initList__12dAttention_cFUl
800ABB18:initLockAt__9daAlink_cFv
802CB9A8:initLv3WaterSe__10Z2EnvSeMgrFUcUcUcUc
80212534:initMagic__13dMeter2Draw_cFv
800A3ED0:initModelEnv__9daAlink_cFUsUl
800A3DB4:initModel__9daAlink_cFP12J3DModelDataUlUl
800A3E68:initModel__9daAlink_cFUsUl
80161DD0:initMonitor__9dCamera_cFv
8032F3E0:initMtxIndexArray__13J3DSkinDeformFP12J3DModelData
8015E5FC:initOffset__20daPy_boomerangMove_cFPC4cXyz
8000F848:initOldFrameMorf__22mDoExt_MtxCalcOldFrameFfUsUs
8016159C:initPad__9dCamera_cFv
802ACD48:initParams__10Z2SoundMgrFv
802A2798:initParams__8JAISeMgrFv
8000D320:initPlay__14mDoExt_baseAnmFsifss
802CA594:initRiverSe__10Z2EnvSeMgrFUcUcUcUc
802925DC:initRootHeap__7JASHeapFPvUl
80048B1C:initRun__17dEvLib_callback_cFv
80212AD4:initRupeeKey__13dMeter2Draw_cFv
8015DC3C:initScale__8daItem_cFv
802C8F5C:initSceneEnvSe__10Z2EnvSeMgrFlScf
802ADB90:initSe__7Z2SeMgrFv
800B387C:initServiceWaitTime__9daAlink_cFv
800CB6CC:initShadowScaleLight__9daAlink_cFv
80327DAC:initShapeNodes__13J3DShapeTableFP14J3DDrawMtxDataP13J3DVertexData
801972F8:initShopSystem__13dShopSystem_cFv
8032EE4C:initSkinInfo__13J3DSkinDeformFP12J3DModelData
8015DC8C:initSpeed__8daItem_cFi
8029E2F4:initStart__13JASOscillatorFPCQ213JASOscillator4Data
80048A50:initStart__17dEvLib_callback_cFv
802C9120:initStaticEnvSe__10Z2EnvSeMgrFUcUcUcUcP3Vec
801406F4:initStatusWindow__9daAlink_cFv
802CA458:initStrongWindSe__10Z2EnvSeMgrFv
8029874C:initSystem__13JASAramStreamFUlUl
80153D68:initTalk__8daNpcF_cFiPP10fopAc_ac_c
8014BC3C:initTalk__8daNpcT_cFiPP10fopAc_ac_c
800CC814:initTevCustomColor__9daAlink_cFv
802E0BE0:initTexObj__10JUTTextureF7_GXTlut
802E0AF4:initTexObj__10JUTTextureFv
80293D2C:initTimed__8JASTrackFv
802A4E1C:initTrack_JAISound___8JAISoundFP8JASTrack
802BE748:initVolumeDist__19Z2Audience3DSettingFv
80131A3C:initWolfRopeShapeAngle__9daAlink_cFv
8003514C:initZone__10dSv_info_cFv
80024338:initZone__20dStage_roomControl_cFv
801C1DC0:initZoomInCenterHold__20dMenu_StageMapCtrl_cFUc
801C1C00:initZoomIn__20dMenu_StageMapCtrl_cFUc
801C1CAC:initZoomIn__20dMenu_StageMapCtrl_cFUcff
801C1EEC:initZoomOut__20dMenu_StageMapCtrl_cFUc
801C1F30:initZoomWait__20dMenu_StageMapCtrl_cFff
80295D54:init__10JASSeqCtrlFv
802E2D34:init__10JUTGamePadFv
802E0AA4:init__10JUTTextureFv
802CF7E8:init__10Z2AudioMgrFP12JKRSolidHeapUlPvP10JKRArchive
802C2A4C:init__10Z2CreatureFP3VecP3VecP3VecUcUcUc
802C29CC:init__10Z2CreatureFP3VecP3VecUcUc
80073998:init__10dAttHint_cFv
80073D14:init__10dAttLook_cFv
8003F6FC:init__10dMapInfo_cFv
8024B8F8:init__10dMsgFlow_cFP10fopAc_ac_ciiPP10fopAc_ac_c
80034FCC:init__10dSv_info_cFv
8003501C:init__10dSv_save_cFv
80034F44:init__10dSv_zone_cFi
80015034:init__114J3DMtxCalcAnimation<64J3DMtxCalcAnimationAdaptorDefault<27J3DMtxCalcCalcTransformMaya>,24J3DMtxCalcJ3DSysInitMaya>FRC3VecRA3_A4_Cf
80275BA8:init__11J3DUClipperFv
802764B0:init__11JPAResourceFP7JKRHeap
800739FC:init__11dAttCatch_cFv
8004616C:init__11dEvDtBase_cFPci
80046138:init__11dEvDtBase_cFv
80043E58:init__11dEvDtFlag_cFv
80034954:init__11dSv_event_cFv
8032A898:init__12J3DFrameCtrlFs
80298578:init__12JASSeqReaderFPv
80298538:init__12JASSeqReaderFv
8029597C:init__12JASTrackPortFv
802C4498:init__12Z2CreatureFMFP3VecP3VecP3VecP3VecP3VecP3VecUcUcUcUcUcUc
802C4B0C:init__12Z2CreatureOIFP3VecP3VecP3VecP3VecP3VecP3VecP3VecP3VecP3VecP3VecP3VecP3VecP3Vec
80052B4C:init__12dDlst_2DT2_cFP7ResTIMGffffUcUcUcff
80056390:init__12dDlst_list_cFv
80044134:init__12dEvDtStaff_cFv
8025E594:init__12dSvBit_HIO_cFv
80034B14:init__12dSv_danBit_cFSc
80034750:init__12dSv_memBit_cFv
80034A64:init__12dSv_memory_cFv
800346A4:init__12dSv_player_cFv
80049368:init__12diff_model_cFv
802A4EF0:init__13JAISoundChildFv
802988CC:init__13JASAramStreamFUlUlPFUlP13JASAramStreamPv_vPv
802A9554:init__13JAUSoundTableFPCv
8027D1EC:init__13JPAExtraShapeFv
8027F4F0:init__13JPAFieldBlockFP7JKRHeap
802BEBC8:init__13Z2AudioCameraFv
802C494C:init__13Z2CreatureGobFP3VecP3VecP3VecUcUcUc
801F80E4:init__13dMenu_Skill_cFv
80211680:init__13dMeter2Draw_cFv
8021C538:init__13dMeter2Info_cFv
80034A84:init__13dSv_memory2_cFv
80034CA0:init__13dSv_zoneBit_cFv
8000D7DC:init__13mDoExt_bckAnmFP15J3DAnmTransformiifssb
8000DA08:init__13mDoExt_blkAnmFP13J3DDeformDataP13J3DAnmClusteriifss
8000D47C:init__13mDoExt_bpkAnmFP16J3DMaterialTableP11J3DAnmColoriifss
8000D70C:init__13mDoExt_brkAnmFP16J3DMaterialTableP15J3DAnmTevRegKeyiifss
8000D63C:init__13mDoExt_btkAnmFP16J3DMaterialTableP19J3DAnmTextureSRTKeyiifss
8000D54C:init__13mDoExt_btpAnmFP16J3DMaterialTableP16J3DAnmTexPatterniifss
80280B1C:init__14JPABaseEmitterFP17JPAEmitterManagerP11JPAResource
802C5AD4:init__14Z2CreatureLinkFP3VecP3VecP3Vec
802C76A8:init__14Z2CreatureRideFP3VecP3VecUcUc
802C03F0:init__14Z2SoundObjBaseFP3VecUc
8002B22C:init__14dComIfG_play_cFv
801D8988:init__14dMenu_Insect_cFv
801DDA94:init__14dMenu_Letter_cFv
8023D04C:init__14dMsgScrnBase_cFv
80034A1C:init__14dSv_MiniGame_cFv
80313474:init__15J3DVertexBufferFv
802BE158:init__15Z2AudibleAbsPosFPQ29JGeometry8TVec3<f>RCQ29JGeometry8TVec3<f>PCQ29JGeometry8TVec3<f>
802C3550:init__15Z2CreatureEnemyFP3VecP3VecP3VecUcUcUc
802C3530:init__15Z2CreatureEnemyFP3VecP3VecUcUc
802C101C:init__15Z2SoundObjAnimeFP3VecUc
802C0FB4:init__15Z2SoundObjArrowFP3VecUc
802C7998:init__15Z2SoundObjCoachFP3VecUc
80192138:init__15dFile_warning_cFv
801C51EC:init__15dMenu_Fishing_cFv
80024CB4:init__15dStage_roomDt_cFv
80034EB4:init__15dSv_zoneActor_cFv
800123D0:init__15mDoExt_3Dline_cFUsii
801CE1D0:init__15renderingFmap_cFPUcUsUsUsUs
80295A94:init__16JASRegisterParamFv
802A8AEC:init__16JAUSeqCollectionFPCv
8027DF7C:init__16JPADynamicsBlockFv
802C0CC0:init__16Z2SoundObjSimpleFP3VecUc
80253784:init__16dNpcLib_lookat_cFP8J3DModelPiP5csXyzP5csXyz
80024C1C:init__16dStage_stageDt_cFv
800342DC:init__16dSv_light_drop_cFv
8009D91C:init__16daAlink_matAnm_cFv
8003FCC8:init__16renderingDAmap_cFPUcUsUsUsUs
802A9814:init__17JAUSoundNameTableFPCv
802C3180:init__17Z2CreatureCitizenFP3VecP3VecUcUc
80032C0C:init__17dSv_horse_place_cFv
800343DC:init__17dSv_letter_info_cFv
80034518:init__17dSv_player_info_cFv
80032F90:init__17dSv_player_item_cFv
800342B4:init__17dSv_player_wolf_cFv
802A986C:init__18JAUStreamFileTableFPCv
802C41E8:init__18Z2SoundObjBeeGroupFP3VecUc
800463DC:init__18dEvent_exception_cFv
800344C8:init__18dSv_fishing_info_cFv
802BE6C4:init__19Z2Audience3DSettingFv
800345AC:init__19dSv_player_config_cFv
800125E0:init__19mDoExt_3DlineMat0_cFUsUsi
80013360:init__19mDoExt_3DlineMat1_cFUsUsP7ResTIMGi
800241E8:init__20dStage_roomControl_cFv
800341AC:init__20dSv_player_collect_cFv
802C0A9C:init__21Z2DopplerSoundObjBaseFP3VecUc
80055684:init__21dDlst_shadowControl_cFv
80033E40:init__21dSv_player_get_item_cFv
80034040:init__21dSv_player_item_max_cFv
80032958:init__21dSv_player_status_a_cFv
80032B50:init__21dSv_player_status_b_cFv
8003E114:init__22dMenuFmapIconPointer_cFP24dMenu_Fmap_region_data_cP23dMenu_Fmap_stage_data_cUcii
8025E514:init__22dSvBit_childOtherHIO_cFv
8025E278:init__23dSvBit_childItZoneHIO_cFv
8025E080:init__23dSvBit_childSwZoneHIO_cFv
80331148:init__24J3DMtxCalcJ3DSysInitMayaFRC3VecRA3_A4_Cf
80033F00:init__24dSv_player_item_record_cFv
803310C4:init__25J3DMtxCalcJ3DSysInitBasicFRC3VecRA3_A4_Cf
8025E3D4:init__25dSvBit_childDarknessHIO_cFv
80032CC8:init__25dSv_player_return_place_cFv
8025E1DC:init__26dSvBit_childItDungeonHIO_cFv
8025E2D8:init__26dSvBit_childItOneZoneHIO_cFv
8025DFE4:init__26dSvBit_childSwDungeonHIO_cFv
8025E0E0:init__26dSvBit_childSwOneZoneHIO_cFv
8025E470:init__26dSvBit_childTransformHIO_cFv
80230284:init__26jmessage_string_tReferenceFP10J2DTextBoxP10J2DTextBoxP7JUTFontP10COutFont_cUc
80032EB0:init__27dSv_player_last_mark_info_cFv
8025E140:init__29dSvBit_childItPerfectionHIO_cFv
8025DF48:init__29dSvBit_childSwPerfectionHIO_cFv
8025E338:init__29dSvBit_childTbPerfectionHIO_cFv
80032D60:init__33dSv_player_field_last_stay_info_cFv
80265650:init__3cMlFP7JKRHeap
8001505C:init__73J3DMtxCalcNoAnm<27J3DMtxCalcCalcTransformMaya,24J3DMtxCalcJ3DSysInitMaya>FRC3VecRA3_A4_Cf
80338A9C:init__75J3DMtxCalcNoAnm<28J3DMtxCalcCalcTransformBasic,25J3DMtxCalcJ3DSysInitBasic>FRC3VecRA3_A4_Cf
8025003C:init__7dName_cFv
80050C9C:init__7dPaPo_cFP9dBgS_Acchff
803389C0:init__83J3DMtxCalcNoAnm<32J3DMtxCalcCalcTransformSoftimage,29J3DMtxCalcJ3DSysInitSoftimage>FRC3VecRA3_A4_Cf
80293A04:init__8JASTrackFv
80053CDC:init__8cM_rnd_cFiii
80274148:init__9JFWSystemFv
800320AC:init__9STControlFv
80035CA0:init__9dJntCol_cFP10fopAc_ac_cPC13dJntColData_cP8J3DModeli
801FA230:init__9dMw_HIO_cFv
802A00D4:init__Q26JASDsp8TChannelFv
80295578:init__Q28JASTrack11TChannelMgrFv
80281CF8:init_c__15JPABaseParticleFP18JPAEmitterWorkDataP15JPABaseParticle
8039C698:init_jk
8028141C:init_p__15JPABaseParticleFP18JPAEmitterWorkData
8018222C:init_phase1__FP12camera_class
801822AC:init_phase2__FP12camera_class
802F7DE8:initchar__8J2DPrintFv
80035BD0:initdata_to_card__10dSv_info_cFPci
8029D434:initialUpdateDSPChannel__10JASChannelFPQ26JASDsp8TChannel
80250104:initial__7dName_cFv
80227450:initialize__10COutFont_cFv
802F3C98:initialize__10J2DPEBlockFv
802ED6E8:initialize__11J2DIndBlockFv
802F4EDC:initialize__11J2DTevBlockFv
803186DC:initialize__11J3DMaterialFv
802EDEEC:initialize__12J2DTevBlock1Fv
802EEC3C:initialize__12J2DTevBlock2Fv
802EFF60:initialize__12J2DTevBlock4Fv
802F1408:initialize__12J2DTevBlock8Fv
803286B0:initialize__12J3DMtxBufferFv
80319C84:initialize__12J3DTevBlock1Fv
80319CAC:initialize__12J3DTevBlock2Fv
80319D88:initialize__12J3DTevBlock4Fv
801F1030:initialize__12dMenu_save_cFv
80226394:initialize__13COutFontSet_cFv
802ED830:initialize__13J2DColorBlockFv
802F2888:initialize__13J2DTevBlock16Fv
803273A4:initialize__13J3DDrawBufferFv
80319E9C:initialize__13J3DTevBlock16Fv
8015094C:initialize__13daNpcF_Path_cFv
80145C8C:initialize__13daNpcT_Path_cFv
802ED9AC:initialize__14J2DTexGenBlockFv
8032E7BC:initialize__14J3DMaterialAnmFv
80319FF4:initialize__14J3DPEBlockFullFv
801E88F4:initialize__14dMenu_Option_cFv
802F3B00:initialize__15J2DIndBlockFullFv
80319FC4:initialize__15J3DIndBlockFullFv
80319B70:initialize__15J3DTevBlockNullFv
80319B10:initialize__15J3DTexGenBlock4Fv
80151084:initialize__15daNpcF_Lookat_cFv
80150784:initialize__15daNpcF_MatAnm_cFv
80146CE4:initialize__15daNpcT_JntAnm_cFv
801457B0:initialize__15daNpcT_MatAnm_cFv
80319FD0:initialize__16J3DPEBlockFogOffFv
801508BC:initialize__16daNpcF_SPCurve_cFP5dPathi
803194E0:initialize__17J3DLockedMaterialFv
801B0530:initialize__17dMenu_Collect2D_cFv
80319454:initialize__18J3DPatchedMaterialFv
80319B7C:initialize__18J3DTevBlockPatchedFv
801506FC:initialize__18daNpcF_ActorMngr_cFv
80145720:initialize__18daNpcT_ActorMngr_cFv
80319B40:initialize__19J3DTexGenBlockBasicFv
80264B8C:initialize__20DynamicModuleControlFv
80319A1C:initialize__20J3DColorBlockLightOnFv
80319918:initialize__21J3DColorBlockLightOffFv
80319AE0:initialize__21J3DTexGenBlockPatchedFv
80319978:initialize__22J3DColorBlockAmbientOnFv
801458E4:initialize__22daNpcT_MotionSeqMngr_cFv
802F826C:initialize__7J2DPaneFP7J2DPanebUxRCQ29JGeometry8TBox2<f>
802F83A4:initialize__7J2DPaneFUxRCQ29JGeometry8TBox2<f>
8032959C:initialize__8J3DModelFv
80316FE4:initialize__8J3DShapeFv
80152914:initialize__8daNpcF_cFv
801604BC:initialize__9dCamera_cFP12camera_classP10fopAc_ac_cUlUl
80284B88:initialize__Q27JStudio19TFunctionValue_listFv
802857EC:initialize__Q27JStudio22TFunctionValue_hermiteFv
80284800:initialize__Q27JStudio23TFunctionValue_constantFv
80284210:initialize__Q27JStudio24TFunctionValue_compositeFv
802848B4:initialize__Q27JStudio25TFunctionValue_transitionFv
80285238:initialize__Q27JStudio29TFunctionValue_list_parameterFv
802E154C:initialize_state__10JUTResFontFv
802DF7BC:initialize_state__12JUTCacheFontFv
802E11C0:initialize_state__7JUTFontFv
8044BAF0:initialized$60
802580C0:initiateAlphaMorf__17CPaneMgrAlphaMorfFv
80257858:initiateAlpha__13CPaneMgrAlphaFP7J2DPaneP10JKRExpHeap
80049934:initiateLighting8__FR8_GXColors
802FF178:initiate__10J2DPictureFPC7ResTIMGPC7ResTLUT
803020F4:initiate__10J2DTextBoxFPC7ResFONTPCcs18J2DTextBoxHBinding18J2DTextBoxVBinding
802DBC80:initiate__10JKRDvdFileFv
802DE3B0:initiate__10JSUPtrListFv
802E1578:initiate__10JUTResFontFPC7ResFONTP7JKRHeap
80305ADC:initiate__12J2DPictureExFPC7ResTIMGPC7ResTLUT
802DF988:initiate__12JUTCacheFontFPC7ResFONTPvUlP7JKRHeap
801AEA28:initiate__15dKantera_icon_cFv
801C2898:initiate__16dMenuMapCommon_cFP10JKRArchive
802E78F0:initiate__6JUTXfbFUsUsP7JKRHeapQ26JUTXfb10EXfbNumber
802F8154:initiate__7J2DPaneFv
80255F80:initiate__8CPaneMgrFP7J2DPaneP10JKRExpHeap
802D2CAC:initiate__Q210JKRExpHeap9CMemBlockFPQ210JKRExpHeap9CMemBlockPQ210JKRExpHeap9CMemBlockUlUcUc
80049B30:initiate_b_Lighting8__FR8_GXColor
802FCAA0:initinfo2__9J2DWindowFv
802FF338:initinfo__10J2DPictureFv
80229BF4:inputNumber__19jmessage_tReferenceFv
802361E8:inputProc__12dMsgObject_cFv
801B5BDC:insect_close_init__17dMenu_Collect2D_cFv
801FB0E8:insect_close_init__5dMw_cFUc
801B5C18:insect_close_proc__17dMenu_Collect2D_cFv
801FC45C:insect_close_proc__5dMw_cFv
801B5B30:insect_move_init__17dMenu_Collect2D_cFv
801FB0E4:insect_move_init__5dMw_cFUc
801B5B6C:insect_move_proc__17dMenu_Collect2D_cFv
801FC400:insect_move_proc__5dMw_cFv
801FB0E0:insect_open2_init__5dMw_cFUc
801FC370:insect_open2_proc__5dMw_cFv
801B5A20:insect_open_init__17dMenu_Collect2D_cFv
801FB05C:insect_open_init__5dMw_cFUc
801B5AC0:insect_open_proc__17dMenu_Collect2D_cFv
801FC314:insect_open_proc__5dMw_cFv
80390710:insect_tag$4249
802F8BB0:insertChild__7J2DPaneFP7J2DPaneP7J2DPane
80292A38:insertChild__7JASHeapFP7JASHeapP7JASHeapPvUlb
80306580:insertCommon__12J2DPictureExFUcf
802F4F08:insertTexture__11J2DTevBlockFUlP10JUTTexture
802F4F18:insertTexture__11J2DTevBlockFUlPC7ResTIMG
802F4F10:insertTexture__11J2DTevBlockFUlPC7ResTIMGP10JUTPalette
802EE280:insertTexture__12J2DTevBlock1FUlP10JUTTexture
802F4E44:insertTexture__12J2DTevBlock1FUlPC7ResTIMG
802EE15C:insertTexture__12J2DTevBlock1FUlPC7ResTIMGP10JUTPalette
802EF284:insertTexture__12J2DTevBlock2FUlP10JUTTexture
802F4BA4:insertTexture__12J2DTevBlock2FUlPC7ResTIMG
802EEF84:insertTexture__12J2DTevBlock2FUlPC7ResTIMGP10JUTPalette
802F0670:insertTexture__12J2DTevBlock4FUlP10JUTTexture
802F4900:insertTexture__12J2DTevBlock4FUlPC7ResTIMG
802F02A0:insertTexture__12J2DTevBlock4FUlPC7ResTIMGP10JUTPalette
802F1B18:insertTexture__12J2DTevBlock8FUlP10JUTTexture
802F4660:insertTexture__12J2DTevBlock8FUlPC7ResTIMG
802F174C:insertTexture__12J2DTevBlock8FUlPC7ResTIMGP10JUTPalette
802F2F98:insertTexture__13J2DTevBlock16FUlP10JUTTexture
802F43C0:insertTexture__13J2DTevBlock16FUlPC7ResTIMG
802F2BCC:insertTexture__13J2DTevBlock16FUlPC7ResTIMGP10JUTPalette
802FF9C0:insert__10J2DPictureFP10JUTTextureUcf
802FF604:insert__10J2DPictureFPC7ResTIMGP10JUTPaletteUcf
801BDD30:insert__10J2DPictureFPC7ResTIMGUcf
802FF950:insert__10J2DPictureFPCcP10JUTPaletteUcf
80020368:insert__10J2DPictureFPCcUcf
802DE530:insert__10JSUPtrListFP10JSUPtrLinkP10JSUPtrLink
803064E4:insert__12J2DPictureExFP10JUTTextureUcf
803063D0:insert__12J2DPictureExFPC7ResTIMGP10JUTPaletteUcf
803094F4:insert__12J2DPictureExFPC7ResTIMGUcf
80306474:insert__12J2DPictureExFPCcP10JUTPaletteUcf
803094C0:insert__12J2DPictureExFPCcUcf
80049408:insert__12diff_model_cFP11modelList_c
802DF240:insert__Q27JGadget20TVector_pointer_voidFPPvRCPv
802DF5CC:insert__Q27JGadget38TVector<Pv,Q27JGadget14TAllocator<Pv>>FPPvRCPv
802DF2B8:insert__Q27JGadget38TVector<Pv,Q27JGadget14TAllocator<Pv>>FPPvUlRCPv
802DF9E8:internal_initiate__12JUTCacheFontFPC7ResFONTPvUlP7JKRHeap
80283C08:interpolateValue_BSpline_nonuniform__Q27JStudio13functionvalueFdPCdPCd
80283BA4:interpolateValue_BSpline_uniform__Q27JStudio13functionvalueFddddd
80283B40:interpolateValue_hermite__Q27JStudio13functionvalueFddddddd
80295EEC:interrupt__10JASSeqCtrlFQ210JASSeqCtrl8IntrType
8029FED0:invalChannelAll__6JASDspFv
802E037C:invalidiateAllCache__12JUTCacheFontFv
8018EA14:iplSelDispInit__14dFile_select_cFv
801F238C:iplSelInitSet__12dMenu_save_cFv
801F2368:iplSelMsgInitSet__12dMenu_save_cFv
8038BAB8:ironBallPosVec$34212
802BBDB8:isActive__12JAIStreamMgrCFv
802AD944:isActive__14Z2SoundHandlesCFv
802A019C:isActive__Q26JASDsp8TChannelCFv
80035724:isActor__10dSv_info_cCFii
8003D818:isArrival__22dMenu_Fmap_room_data_cFv
8003D95C:isArrival__23dMenu_Fmap_stage_data_cFv
80226150:isArrowEquip__9dMeter2_cFv
8009B714:isArrow__FUc
8021C390:isBButtonShow__13dMeter2Draw_cFb
8009B6C8:isBomb__FUc
80237B20:isBookMessage__12dMsgObject_cFv
80229688:isBook__19jmessage_tReferenceFv
80237B0C:isBossMessage__12dMsgObject_cFv
80229620:isBossName__19jmessage_tReferenceFv
8009B748:isBottleItem__FUc
8021B798:isButtonVisible__13dMeter2Draw_cFv
80238248:isCameraCancelFlag__12dMsgObject_cFv
801D9EF0:isCatchInsect__14dMenu_Insect_cFUc
801D9FB0:isCatchNotGiveInsect__14dMenu_Insect_cFUc
80229FB8:isCharSend__19jmessage_tReferenceFv
80029104:isCheckFloor__15renderingAmap_cCFv
801C25E4:isCheckFloor__15renderingDmap_cCFv
801BE630:isClose__12dMenu_Dmap_cFv
801CB0AC:isClose__12dMenu_Fmap_cFv
801EBB28:isClose__12dMenu_Ring_cFv
80209CE4:isClose__14dMeterButton_cFv
8003424C:isCollectCrystal__20dSv_player_collect_cCFUc
80034290:isCollectMirror__20dSv_player_collect_cCFUc
80034208:isCollect__20dSv_player_collect_cCFiUc
8025D510:isCreatingCallback__FP10create_tagPUi
8025D530:isCreating__FUi
80032BB0:isDarkClearLV__21dSv_player_status_b_cCFi
801940F8:isDead__11dMeterSub_cFv
80193F60:isDead__8dScope_cFv
8021D0A8:isDirectUseItem__13dMeter2Info_cFi
8020EF7C:isDmapScreen__11dMeterMap_cFv
8003E6E8:isDrawDisp__19dMenuFmapIconDisp_cFv
80029190:isDrawIconSingle2__15renderingAmap_cCFPCQ27dTres_c6data_sbbi
801C082C:isDrawIconSingle2__15renderingDmap_cCFPCQ27dTres_c6data_sbbi
800409E0:isDrawIconSingle__16renderingDAmap_cCFPCQ27dTres_c6data_siibbPC3Vec
80028BB4:isDrawOutSideTrim__15renderingAmap_cFv
801CE548:isDrawPath__15renderingFmap_cFv
800402C0:isDrawPath__16renderingDAmap_cFv
800409B4:isDrawRoomIcon__16renderingDAmap_cCFii
8002A294:isDrawRoomIcon__6dMap_cCFii
801CE550:isDrawRoom__15renderingFmap_cFv
8003FE70:isDrawRoom__16renderingDAmap_cCFii
8002A1DC:isDrawRoom__6dMap_cCFii
8002ABF0:isDrawType__11dDrawPath_cFi
801CF248:isDrawType__15dMenu_FmapMap_cFi
800296EC:isDrawType__6dMap_cFi
8023847C:isDraw__12dMsgObject_cFv
80034934:isDungeonItem__12dSv_memBit_cCFi
8020DEC0:isEnableDispMapAndMapDispSizeTypeNo__11dMeterMap_cFv
8020DD0C:isEnableDispMap__11dMeterMap_cFv
802E53B4:isEnablePad__12JUTExceptionCFv
801C24F8:isEnableZoomIn__20dMenu_StageMapCtrl_cFv
801C1FE8:isEnableZoomMove__19dMenu_DmapMapCtrl_cCFv
801C2538:isEnableZoomOut__20dMenu_StageMapCtrl_cFv
8028ADB8:isEqual__Q37JStudio6object7TIDDataFRCQ37JStudio6object7TIDDataRCQ37JStudio6object7TIDData
802DCC70:isErrorRetry__12JKRDvdRipperFv
800349BC:isEventBit__11dSv_event_cCFUs
801FD67C:isEventCheck__5dMw_cFv
8020DF08:isEventRunCheck__11dMeterMap_cFv
8003F758:isExistMapPathData__8dMpath_cFv
802075E0:isFastSet__14dMeterButton_cFi
802A01AC:isFinish__Q26JASDsp8TChannelCFv
80033EC8:isFirstBit__21dSv_player_get_item_cCFUc
801B0568:isFishIconVisible__17dMenu_Collect2D_cFv
801975B8:isFlag__13dShopSystem_cFi
801CEB54:isFlashRoomNoCheck__15dMenu_FmapMap_cCFi
8021C8AC:isFloatingMessageVisible__13dMeter2Info_cFv
8020EE90:isFmapScreen__11dMeterMap_cFv
801D9E58:isGetInsect__14dMenu_Insect_cFii
802379BC:isGetItemMessage__12dMsgObject_cFv
801D9F48:isGiveInsect__14dMenu_Insect_cFUc
801D9E94:isGiveInsect__14dMenu_Insect_cFii
8009B7BC:isHeart__FUc
801969FC:isHomePos__15dShopItemCtrl_cFi
802381E8:isHowlHearingModeLocal__12dMsgObject_cFv
80238E9C:isHowlHearingMode__12dMsgObject_cFv
802379FC:isHowlMessage__12dMsgObject_cFv
802296F0:isHowl__19jmessage_tReferenceFv
802BF100:isInSight__13Z2AudioCameraCFR3Vec
801B06DC:isInsectIconVisible__17dMenu_Collect2D_cFv
8009B7DC:isInsect__FUc
80306818:isInsert__12J2DPictureExCFUc
80035590:isItem__10dSv_info_cCFii
80034C74:isItem__12dSv_danBit_cCFi
800348EC:isItem__12dSv_memBit_cCFi
80034E50:isItem__13dSv_zoneBit_cCFi
802379D0:isKanbanMessage__12dMsgObject_cFv
802295B8:isKanban__19jmessage_tReferenceFv
801BF424:isKeyCheck__12dMenu_Dmap_cFv
80243290:isKeyCheck__14dMsgScrnHowl_cFv
801B5F44:isKeyCheck__17dMenu_Collect2D_cFv
802260B8:isKeyVisible__9dMeter2_cFv
80238294:isKillMessageFlag__12dMsgObject_cFv
802E25A4:isLeadByte_1Byte__7JUTFontFi
802E25AC:isLeadByte_2Byte__7JUTFontFi
802E25B4:isLeadByte_ShiftJIS__7JUTFontFi
802E2240:isLeadByte__10JUTResFontCFi
802102F8:isLeadByte__14dMeterString_cFi
80262EF0:isLeadByte__21dDlst_TimerScrnDraw_cFi
8003444C:isLetterGetFlag__17dSv_letter_info_cCFi
8003449C:isLetterReadFlag__17dSv_letter_info_cCFi
802B0964:isLevelSe__7Z2SeMgrF10JAISoundID
8003439C:isLightDropGetFlag__16dSv_light_drop_cCFUc
8022A098:isLightEnd__19jmessage_tReferenceFv
8022A028:isLightSend__19jmessage_tReferenceFv
801CD9A0:isLightVesselGet__12dMenu_Fmap_cFv
80145238:isLoadRoom__Fi
801580F4:isM___10daNpcCd2_cFv
80156274:isM___9daNpcCd_cFv
80032AF8:isMagicFlag__21dSv_player_status_a_cCFUc
801BD650:isMapMoveState__12dMenu_Dmap_cFv
8020E170:isMapOpenCheck__11dMeterMap_cFv
80047930:isMapToolCamera__16dEvent_manager_cFUcl
802CF424:isMidnaSpeak__12Z2SpeechMgr2Fv
80237A10:isMidonaMessage__12dMsgObject_cFv
80237A4C:isMidonaNormalTalkWait__12dMsgObject_cFv
80237AC4:isMidonaTalkWait__12dMsgObject_cFv
80229724:isMidona__19jmessage_tReferenceFv
801EF3F4:isMixItemOff__12dMenu_Ring_cFv
801EF2B4:isMixItemOn__12dMenu_Ring_cFv
80237E9C:isMouthCheckLocal__12dMsgObject_cFv
80238CB8:isMouthCheck__12dMsgObject_cFv
801EBA10:isMoveEnd__12dMenu_Ring_cFv
802B85FC:isMovieDemo__11Z2StatusMgrFv
8003A1F4:isMsgDoor__13door_param2_cFP10fopAc_ac_c
80237E64:isMsgSendControlLocal__12dMsgObject_cFv
80238C08:isMsgSendControl__12dMsgObject_cFv
80237E90:isMsgSendLocal__12dMsgObject_cFv
80238C8C:isMsgSend__12dMsgObject_cFv
80294F24:isMute__8JASTrackCFv
803056B8:isNeedSetAnm__11J2DWindowExFUc
802CE798:isNonVerbal__12Z2SpeechMgr2Fv
80034E98:isOneItem__13dSv_zoneBit_cCFi
80034DE0:isOneSwitch__13dSv_zoneBit_cCFi
801BE2E8:isOpen__12dMenu_Dmap_cFv
801CAE38:isOpen__12dMenu_Fmap_cFv
801EB800:isOpen__12dMenu_Ring_cFv
80141320:isOrderOK__14dEvt_control_cFv
80241AB4:isOugiID__14dMsgScrnItem_cFv
801B5F6C:isOutCheck__17dMenu_Collect2D_cFv
80028C60:isOutSideBlackLine__15renderingAmap_cFv
80228FF4:isOutfontKanjiCode__Fi
802261BC:isPachinkoEquip__9dMeter2_cFv
8014D9F4:isPath__16daBaseNpc_path_cFv
801FD4D0:isPauseReady__5dMw_cFv
80237AF8:isPlaceMessage__12dMsgObject_cFv
802295EC:isPlaceName__19jmessage_tReferenceFv
8016C398:isPlayerCharging__22@unnamed@d_camera_cpp@FUl
8016C2A8:isPlayerFlying__22@unnamed@d_camera_cpp@FP9daAlink_c
802ACF04:isPlayingSoundID__10Z2SoundMgrF10JAISoundID
8025A8BC:isProgressiveMode__10dScnLogo_cFv
8025DA18:isReadRoom__Fi
80032E78:isRegionBit__33dSv_player_field_last_stay_info_cCFi
8008E790:isRelChar__25@unnamed@d_ev_camera_cpp@Fc
80306BC4:isRemove__12J2DPictureExCFUc
8002911C:isRendAllRoom__15renderingAmap_cCFv
801C25D4:isRendAllRoom__15renderingDmap_cCFv
800296F8:isRendAllRoom__6dMap_cCFv
80029114:isRendCursor__15renderingAmap_cCFv
801C25F4:isRendCursor__15renderingDmap_cCFv
800290C0:isRendDoor__15renderingAmap_cCFv
801C25DC:isRendDoor__15renderingDmap_cCFv
8002B000:isRendIcon__15renderingAmap_cCFv
801C25FC:isRendIcon__15renderingDmap_cCFv
8002910C:isRendRestart__15renderingAmap_cCFv
801C25EC:isRendRestart__15renderingDmap_cCFv
801CF5D0:isRenderingFloor__15renderingFmap_cFi
8003FE54:isRenderingFloor__16renderingDAmap_cFi
801CB334:isRoomCheck__12dMenu_Fmap_cFii
801CCB0C:isRoomDataBit__12dMenu_Fmap_cFi
801E8784:isRumbleSupported__14dMenu_Option_cFv
802D8830:isSameName__10JKRArchiveCFRQ210JKRArchive8CArcNameUlUs
803173F8:isSameVcdVatCmd__8J3DShapeFP8J3DShape
80314F10:isSame__12J3DMatPacketCFP12J3DMatPacket
80049388:isSame__12diff_model_cFP12J3DModelDatai
80237B3C:isSaveMessage__12dMsgObject_cFv
80229654:isSaveSeq__19jmessage_tReferenceFv
80239574:isSelect__14dMsgScrnBase_cFv
80241218:isSelect__14dMsgScrnItem_cFv
80249990:isSelect__14dMsgScrnTalk_cFv
8023AAC0:isSelect__17dMsgScrn3Select_cFv
802372EC:isSend__12dMsgObject_cFv
80305084:isSetBlackWhite__11J2DWindowExCFQ28JUtility6TColorQ28JUtility6TColor
80308CC0:isSetBlackWhite__12J2DPictureExCFQ28JUtility6TColorQ28JUtility6TColor
8030AB04:isSetBlackWhite__12J2DTextBoxExCFQ28JUtility6TColorQ28JUtility6TColor
80225E34:isShowLightDrop__9dMeter2_cFv
801D257C:isShowRegion__18dMenu_Fmap2DBack_cFi
8020ED38:isShow__11dMeterMap_cFUl
801B05DC:isSkillIconVisible__17dMenu_Collect2D_cFv
80197610:isSoldOutItemFlag__13dShopSystem_cFi
802B09F0:isSoundCulling__7Z2SeMgrF10JAISoundID
80029744:isSpecialOutline__6dMap_cFv
80237B28:isStaffMessage__12dMsgObject_cFv
802296BC:isStaffRoll__19jmessage_tReferenceFv
80088A38:isStageEvent__25@unnamed@d_ev_camera_cpp@Fi
8025FEAC:isStart__8dTimer_cFv
802D1044:isSubHeap__7JKRHeapCFP7JKRHeap
801CE298:isSwitchSpecialOff__15renderingFmap_cFi
80035360:isSwitch__10dSv_info_cCFii
80034BE8:isSwitch__12dSv_danBit_cCFi
80034860:isSwitch__12dSv_memBit_cCFi
80034D50:isSwitch__13dSv_zoneBit_cCFi
801CE2FC:isSwitch__15renderingFmap_cFPCQ211dDrawPath_c11group_class
8003FD9C:isSwitch__16renderingDAmap_cFPCQ211dDrawPath_c11group_class
80030FCC:isSwitch__Q27daSus_c6data_cFv
801BF3D0:isSync__12dMenu_Dmap_cFv
801C7ABC:isSync__12dMenu_Fmap_cFv
801F8048:isSync__13dMenu_Skill_cFv
801D8960:isSync__14dMenu_Insect_cFv
801DD9A8:isSync__14dMenu_Letter_cFv
801E3DB0:isSync__14dMenu_Option_cFv
801C51C4:isSync__15dMenu_Fishing_cFv
80237B50:isTalkMessage__12dMsgObject_cFv
8023D454:isTalkNow__14dMsgScrnBase_cFv
800347E8:isTbox__12dSv_memBit_cCFi
80326400:isTexNoReg__FPv
80032BEC:isTransformLV__21dSv_player_status_b_cCFi
802C2680:isTwilightBattle__13Z2SoundObjMgrFv
80301AD8:isUsed__10J2DPictureFPC7ResFONT
80301538:isUsed__10J2DPictureFPC7ResTIMG
80303098:isUsed__10J2DTextBoxFPC7ResFONT
8030310C:isUsed__10J2DTextBoxFPC7ResTIMG
80305A98:isUsed__11J2DWindowExFPC7ResFONT
80305378:isUsed__11J2DWindowExFPC7ResTIMG
80309640:isUsed__12J2DPictureExFPC7ResFONT
80308EC0:isUsed__12J2DPictureExFPC7ResTIMG
8030ACC4:isUsed__12J2DTextBoxExFPC7ResFONT
8030AEC4:isUsed__12J2DTextBoxExFPC7ResTIMG
802F9954:isUsed__7J2DPaneFPC7ResFONT
802F98CC:isUsed__7J2DPaneFPC7ResTIMG
802FBABC:isUsed__9J2DScreenFPC7ResFONT
802FBA9C:isUsed__9J2DScreenFPC7ResTIMG
802FE4C8:isUsed__9J2DWindowFPC7ResFONT
802FE378:isUsed__9J2DWindowFPC7ResTIMG
802A1CF0:isUsingSeqData__16JAISeCategoryMgrFRC16JAISeqDataRegion
802A25A8:isUsingSeqData__8JAISeMgrFRC16JAISeqDataRegion
802A3C44:isUsingSeqData__9JAISeqMgrFRC16JAISeqDataRegion
802579C4:isVisible__13CPaneMgrAlphaFv
8003ED10:isVisitedRoom__10dMapInfo_nFi
80034AEC:isVisitedRoom__13dSv_memory2_cFi
801D80FC:isWarpAccept__17dMenu_Fmap2DTop_cFv
802694DC:isZero__4cXyzCFv
80034F1C:is__15dSv_zoneActor_cCFi
8018250C:is_camera_delete__FPv
80167D04:is_player__22@unnamed@d_camera_cpp@FP10fopAc_ac_c
800482CC:issueStaff__16dEvent_manager_cFPCc
8044B100:it$36766
8044AF8C:it$4206
8015D6D4:itemActionForArrow__8daItem_cFv
8015D74C:itemActionForBoomerang__8daItem_cFv
8015D5B8:itemActionForHeart__8daItem_cFv
8015D4F8:itemActionForRupee__8daItem_cFv
800B2734:itemActionTrigger__9daAlink_cFv
800B2620:itemButtonCheck__9daAlink_cFUc
800B263C:itemButton__9daAlink_cFv
801BFC38:itemCarryCheck__12dMenu_Dmap_cFv
8004212C:itemCheck__14dEvt_control_cFP12dEvt_order_c
800B9678:itemEquip__9daAlink_cFUs
8015B2A0:itemGetCoCallBack__FP10fopAc_ac_cP12dCcD_GObjInfP10fopAc_ac_cP12dCcD_GObjInf
8015CF38:itemGetNextExecute__8daItem_cFv
8015B36C:itemGetTgCallBack__FP10fopAc_ac_cP12dCcD_GObjInfP10fopAc_ac_cP12dCcD_GObjInf
8015D0F4:itemGet__8daItem_cFv
801BF238:itemInfoCloseAnm__12dMenu_Dmap_cFv
801BF140:itemInfoOpenAnm__12dMenu_Dmap_cFv
801BF14C:itemInfoWait__12dMenu_Dmap_cFv
801BEABC:itemInfo_init_proc__12dMenu_Dmap_cFv
801BEACC:itemInfo_proc__12dMenu_Dmap_cFv
803B6A78:itemInfo_subProcess
8002B2C8:itemInit__14dComIfG_play_cFv
80198910:itemRotate__13dShopSystem_cFv
801BEF8C:itemSelectAnmInit__12dMenu_Dmap_cFv
801BEFF0:itemSelectAnm__12dMenu_Dmap_cFv
801BEB04:itemSelect__12dMenu_Dmap_cFv
8038F198:itemTag$6441
8044D3F8:itemTalkType$67471
800B2604:itemTriggerCheck__9daAlink_cFUc
800B266C:itemTrigger__9daAlink_cFv
800B96DC:itemUnequip__9daAlink_cFUsf
801989EC:itemZoom__13dShopSystem_cFP4cXyz
800994FC:item_func_AIR_LETTER__Fv
80099530:item_func_ANCIENT_DOCUMENT2__Fv
800994C8:item_func_ANCIENT_DOCUMENT__Fv
800985E0:item_func_ARMOR__Fv
80098108:item_func_ARROW_10__Fv
80098150:item_func_ARROW_1__Fv
80098120:item_func_ARROW_20__Fv
80098138:item_func_ARROW_30__Fv
80098AF0:item_func_ARROW_LV1__Fv
80098B08:item_func_ARROW_LV2__Fv
80098B20:item_func_ARROW_LV3__Fv
800992C4:item_func_ASHS_SCRIBBLING__Fv
80098F24:item_func_BEE_CHILD__Fv
80098B44:item_func_BEE_ROD__Fv
800991A4:item_func_BILL__Fv
80098BE4:item_func_BLUE_BOTTLE__Fv
80097FA8:item_func_BLUE_RUPEE__Fv
80098090:item_func_BOMB_10__Fv
800980B8:item_func_BOMB_20__Fv
800980E0:item_func_BOMB_30__Fv
80098068:item_func_BOMB_5__Fv
80098B3C:item_func_BOMB_ARROW__Fv
80098A54:item_func_BOMB_BAG_LV1__Fv
80098A50:item_func_BOMB_BAG_LV2__Fv
80098248:item_func_BOMB_INSECT_10__Fv
80098270:item_func_BOMB_INSECT_20__Fv
80098298:item_func_BOMB_INSECT_30__Fv
80098220:item_func_BOMB_INSECT_5__Fv
80098A88:item_func_BOMB_IN_BAG__Fv
80098758:item_func_BOOMERANG__Fv
800995D8:item_func_BOSSRIDER_KEY__Fv
8009842C:item_func_BOSS_KEY__Fv
800987F4:item_func_BOW__Fv
80099378:item_func_CHUCHU_BLACK__Fv
80099020:item_func_CHUCHU_BLUE__Fv
80099050:item_func_CHUCHU_GREEN__Fv
800990B0:item_func_CHUCHU_PURPLE__Fv
80098FC0:item_func_CHUCHU_RARE__Fv
80098FF0:item_func_CHUCHU_RED__Fv
800992F8:item_func_CHUCHU_YELLOW2__Fv
80099080:item_func_CHUCHU_YELLOW__Fv
800983B4:item_func_COMPUS__Fv
80098A1C:item_func_COPY_ROD_2__Fv
800988A4:item_func_COPY_ROD__Fv
80098EF4:item_func_DROP_BOTTLE__Fv
800993DC:item_func_DROP_CONTAINER02__Fv
8009940C:item_func_DROP_CONTAINER03__Fv
800993AC:item_func_DROP_CONTAINER__Fv
8009845C:item_func_DUNGEON_BACK__Fv
8009860C:item_func_DUNGEON_EXIT_2__Fv
800983E4:item_func_DUNGEON_EXIT__Fv
80098B58:item_func_EMPTY_BOTTLE__Fv
80098D94:item_func_FAIRY_BOTTLE__Fv
80098EC0:item_func_FAIRY_DROP__Fv
8009943C:item_func_FILLED_CONTAINER__Fv
800989A8:item_func_FISHING_ROD_1__Fv
800994B8:item_func_F_ANT__Fv
80099468:item_func_F_BEETLE__Fv
80099470:item_func_F_BUTTERFLY__Fv
80099490:item_func_F_DANGOMUSHI__Fv
800994B0:item_func_F_DRAGONFLY__Fv
80099480:item_func_F_GRASSHOPPER__Fv
800994A0:item_func_F_LADYBUG__Fv
80099498:item_func_F_MANTIS__Fv
800994C0:item_func_F_MAYFLY__Fv
80099488:item_func_F_NANAFUSHI__Fv
800994A8:item_func_F_SNAIL__Fv
80099478:item_func_F_STAG_BEETLE__Fv
80098BB4:item_func_GREEN_BOTTLE__Fv
80097F90:item_func_GREEN_RUPEE__Fv
80098C44:item_func_HALF_MILK_BOTTLE__Fv
80098B40:item_func_HAWK_ARROW__Fv
800986D0:item_func_HAWK_EYE__Fv
80097F6C:item_func_HEART__Fv
8009883C:item_func_HOOKSHOT__Fv
8009925C:item_func_HORSE_FLUTE__Fv
80098DC4:item_func_HOT_SPRING2__Fv
80098D64:item_func_HOT_SPRING__Fv
80098870:item_func_HVY_BOOTS__Fv
80098548:item_func_HYLIA_SHIELD__Fv
80099228:item_func_IRIAS_PENDANT__Fv
800987C0:item_func_IRONBALL__Fv
80098B50:item_func_JEWEL_BEE_ROD__Fv
80098B48:item_func_JEWEL_ROD__Fv
80098B54:item_func_JEWEL_WORM_ROD__Fv
800982DC:item_func_KAKERA_HEART__Fv
80099618:item_func_KANTERA2__Fv
80098928:item_func_KANTERA__Fv
80099628:item_func_KEY_OF_CARAVAN__Fv
8009965C:item_func_KEY_OF_FILONE__Fv
8009961C:item_func_L2_KEY_PIECES1__Fv
80099620:item_func_L2_KEY_PIECES2__Fv
80099624:item_func_L2_KEY_PIECES3__Fv
80099170:item_func_LETTER__Fv
80098ABC:item_func_LIGHT_ARROW__Fv
800993A8:item_func_LIGHT_DROP__Fv
80098968:item_func_LIGHT_SWORD__Fv
80099598:item_func_LINKS_SAVINGS__Fv
80098B38:item_func_LURE_ROD__Fv
800990E0:item_func_LV1_SOUP__Fv
8009962C:item_func_LV2_BOSS_KEY__Fv
80099110:item_func_LV2_SOUP__Fv
80099140:item_func_LV3_SOUP__Fv
800995E4:item_func_LV5_BOSS_KEY__Fv
80099564:item_func_LV7_DUNGEON_EXIT__Fv
80098050:item_func_L_MAGIC__Fv
800985E8:item_func_MAGIC_LV1__Fv
80098384:item_func_MAP__Fv
800984CC:item_func_MASTER_SWORD__Fv
80098C14:item_func_MILK_BOTTLE__Fv
80099440:item_func_MIRROR_PIECE_2__Fv
80099444:item_func_MIRROR_PIECE_3__Fv
80099448:item_func_MIRROR_PIECE_4__Fv
800994B4:item_func_M_ANT__Fv
80099464:item_func_M_BEETLE__Fv
8009946C:item_func_M_BUTTERFLY__Fv
8009948C:item_func_M_DANGOMUSHI__Fv
800994AC:item_func_M_DRAGONFLY__Fv
8009947C:item_func_M_GRASSHOPPER__Fv
8009949C:item_func_M_LADYBUG__Fv
80099494:item_func_M_MANTIS__Fv
800994BC:item_func_M_MAYFLY__Fv
80099484:item_func_M_NANAFUSHI__Fv
800994A4:item_func_M_SNAIL__Fv
80099474:item_func_M_STAG_BEETLE__Fv
80098DFC:item_func_NORMAL_BOMB__Fv
80098DF4:item_func_OIL2__Fv
80098CD4:item_func_OIL_BOTTLE2__Fv
80099328:item_func_OIL_BOTTLE3__Fv
80098C74:item_func_OIL_BOTTLE__Fv
80098DF8:item_func_OIL__Fv
80098008:item_func_ORANGE_RUPEE__Fv
80098168:item_func_PACHINKO_SHOT__Fv
800989DC:item_func_PACHINKO__Fv
80098E78:item_func_POKE_BOMB__Fv
800995C8:item_func_POU_FIRE1__Fv
800995CC:item_func_POU_FIRE2__Fv
800995D0:item_func_POU_FIRE3__Fv
800995D4:item_func_POU_FIRE4__Fv
800994C4:item_func_POU_SPIRIT__Fv
80097FF0:item_func_PURPLE_RUPEE__Fv
80099290:item_func_RAFRELS_MEMO__Fv
8009829C:item_func_RECOVER_FAILY__Fv
80098D04:item_func_RED_BOTTLE2__Fv
80098B84:item_func_RED_BOTTLE__Fv
80097FD8:item_func_RED_RUPEE__Fv
80098544:item_func_SHIELD__Fv
80099358:item_func_SHOP_BEE_CHILD__Fv
80098020:item_func_SILVER_RUPEE__Fv
800995B0:item_func_SMALL_KEY2__Fv
800982C4:item_func_SMALL_KEY__Fv
8009945C:item_func_SMELL_CHILDREN__Fv
80099458:item_func_SMELL_FISH__Fv
80099460:item_func_SMELL_MEDICINE__Fv
80099454:item_func_SMELL_POH__Fv
80099450:item_func_SMELL_PUMPKIN__Fv
8009944C:item_func_SMELL_YELIA_POUCH__Fv
8009878C:item_func_SPINNER__Fv
80099614:item_func_SURFBOARD__Fv
80098490:item_func_SWORD__Fv
80098038:item_func_S_MAGIC__Fv
800995E0:item_func_TASTE__Fv
8009854C:item_func_TKS_LETTER__Fv
800995DC:item_func_TOMATO_PUREE__Fv
800982C0:item_func_TRIPLE_HEART__Fv
80098D34:item_func_UGLY_SOUP__Fv
800982F4:item_func_UTUWA_HEART__Fv
80098640:item_func_WALLET_LV1__Fv
80098654:item_func_WALLET_LV2__Fv
80098668:item_func_WALLET_LV3__Fv
800981A8:item_func_WATER_BOMB_10__Fv
800981D0:item_func_WATER_BOMB_20__Fv
800981F8:item_func_WATER_BOMB_30__Fv
80098180:item_func_WATER_BOMB_5__Fv
80098E30:item_func_WATER_BOMB__Fv
80098CA4:item_func_WATER_BOTTLE__Fv
80098580:item_func_WEAR_CASUAL__Fv
800985A4:item_func_WEAR_KOKIRI__Fv
800985E4:item_func_WEAR_ZORA__Fv
80098508:item_func_WOOD_SHIELD__Fv
800991D8:item_func_WOOD_STATUE__Fv
80098704:item_func_WOOD_STICK__Fv
80098B4C:item_func_WORM_ROD__Fv
80098EF0:item_func_WORM__Fv
800988D8:item_func_W_HOOKSHOT__Fv
80097FC0:item_func_YELLOW_RUPEE__Fv
8009867C:item_func_ZORAS_JEWEL__Fv
80099674:item_func_noentry__Fv
803A92D8:item_func_ptr
8009B424:item_getcheck_func_AIR_LETTER__Fv
8009B468:item_getcheck_func_ANCIENT_DOCUMENT2__Fv
8009B3E0:item_getcheck_func_ANCIENT_DOCUMENT__Fv
80099D08:item_getcheck_func_ARMOR__Fv
800998A8:item_getcheck_func_ARROW_10__Fv
80099938:item_getcheck_func_ARROW_1__Fv
800998D8:item_getcheck_func_ARROW_20__Fv
80099908:item_getcheck_func_ARROW_30__Fv
8009A348:item_getcheck_func_ARROW_LV1__Fv
8009A3B8:item_getcheck_func_ARROW_LV2__Fv
8009A428:item_getcheck_func_ARROW_LV3__Fv
8009AD20:item_getcheck_func_ASHS_SCRIBBLING__Fv
8009A9B8:item_getcheck_func_BEE_CHILD__Fv
8009A4B0:item_getcheck_func_BEE_ROD__Fv
8009ABCC:item_getcheck_func_BILL__Fv
8009A5EC:item_getcheck_func_BLUE_BOTTLE__Fv
800996B8:item_getcheck_func_BLUE_RUPEE__Fv
80099818:item_getcheck_func_BOMB_10__Fv
80099848:item_getcheck_func_BOMB_20__Fv
80099878:item_getcheck_func_BOMB_30__Fv
800997E8:item_getcheck_func_BOMB_5__Fv
8009A4A0:item_getcheck_func_BOMB_ARROW__Fv
8009A2B8:item_getcheck_func_BOMB_BAG_LV1__Fv
8009A288:item_getcheck_func_BOMB_BAG_LV2__Fv
800999C0:item_getcheck_func_BOMB_INSECT_10__Fv
800999F0:item_getcheck_func_BOMB_INSECT_20__Fv
80099A20:item_getcheck_func_BOMB_INSECT_30__Fv
800999B8:item_getcheck_func_BOMB_INSECT_5__Fv
8009A2E8:item_getcheck_func_BOMB_IN_BAG__Fv
80099E70:item_getcheck_func_BOOMERANG__Fv
8009B520:item_getcheck_func_BOSSRIDER_KEY__Fv
80099AF4:item_getcheck_func_BOSS_KEY__Fv
80099F3C:item_getcheck_func_BOW__Fv
8009ADA8:item_getcheck_func_CHUCHU_BLACK__Fv
8009AA28:item_getcheck_func_CHUCHU_BLUE__Fv
8009AA5C:item_getcheck_func_CHUCHU_GREEN__Fv
8009AAC4:item_getcheck_func_CHUCHU_PURPLE__Fv
8009A9C0:item_getcheck_func_CHUCHU_RARE__Fv
8009A9F4:item_getcheck_func_CHUCHU_RED__Fv
8009AD64:item_getcheck_func_CHUCHU_YELLOW2__Fv
8009AA90:item_getcheck_func_CHUCHU_YELLOW__Fv
80099AA8:item_getcheck_func_COMPUS__Fv
8009A280:item_getcheck_func_COPY_ROD_2__Fv
8009A008:item_getcheck_func_COPY_ROD__Fv
8009A988:item_getcheck_func_DROP_BOTTLE__Fv
8009AE3C:item_getcheck_func_DROP_CONTAINER02__Fv
8009AE6C:item_getcheck_func_DROP_CONTAINER03__Fv
8009AE0C:item_getcheck_func_DROP_CONTAINER__Fv
80099B24:item_getcheck_func_DUNGEON_BACK__Fv
80099D70:item_getcheck_func_DUNGEON_EXIT_2__Fv
80099AB0:item_getcheck_func_DUNGEON_EXIT__Fv
8009A550:item_getcheck_func_EMPTY_BOTTLE__Fv
8009A7C0:item_getcheck_func_FAIRY_BOTTLE__Fv
8009A920:item_getcheck_func_FAIRY_DROP__Fv
8009AE9C:item_getcheck_func_FILLED_CONTAINER__Fv
8009A108:item_getcheck_func_FISHING_ROD_1__Fv
8009B340:item_getcheck_func_F_ANT__Fv
8009AF80:item_getcheck_func_F_BEETLE__Fv
8009AFE0:item_getcheck_func_F_BUTTERFLY__Fv
8009B160:item_getcheck_func_F_DANGOMUSHI__Fv
8009B2E0:item_getcheck_func_F_DRAGONFLY__Fv
8009B0A0:item_getcheck_func_F_GRASSHOPPER__Fv
8009B220:item_getcheck_func_F_LADYBUG__Fv
8009B1C0:item_getcheck_func_F_MANTIS__Fv
8009B3A0:item_getcheck_func_F_MAYFLY__Fv
8009B100:item_getcheck_func_F_NANAFUSHI__Fv
8009B280:item_getcheck_func_F_SNAIL__Fv
8009B040:item_getcheck_func_F_STAG_BEETLE__Fv
8009A5B8:item_getcheck_func_GREEN_BOTTLE__Fv
80099688:item_getcheck_func_GREEN_RUPEE__Fv
8009A654:item_getcheck_func_HALF_MILK_BOTTLE__Fv
8009A4A8:item_getcheck_func_HAWK_ARROW__Fv
80099E10:item_getcheck_func_HAWK_EYE__Fv
80099680:item_getcheck_func_HEART__Fv
80099F80:item_getcheck_func_HOOKSHOT__Fv
8009AC98:item_getcheck_func_HORSE_FLUTE__Fv
8009A7F4:item_getcheck_func_HOT_SPRING2__Fv
8009A78C:item_getcheck_func_HOT_SPRING__Fv
80099FC4:item_getcheck_func_HVY_BOOTS__Fv
80099C30:item_getcheck_func_HYLIA_SHIELD__Fv
8009AC54:item_getcheck_func_IRIAS_PENDANT__Fv
80099EF8:item_getcheck_func_IRONBALL__Fv
8009A510:item_getcheck_func_JEWEL_BEE_ROD__Fv
8009A4D0:item_getcheck_func_JEWEL_ROD__Fv
8009A530:item_getcheck_func_JEWEL_WORM_ROD__Fv
80099A68:item_getcheck_func_KAKERA_HEART__Fv
8009B5C0:item_getcheck_func_KANTERA2__Fv
8009A090:item_getcheck_func_KANTERA__Fv
8009B658:item_getcheck_func_KEY_OF_CARAVAN__Fv
8009B6B8:item_getcheck_func_KEY_OF_FILONE__Fv
8009B5C8:item_getcheck_func_L2_KEY_PIECES1__Fv
8009B5F8:item_getcheck_func_L2_KEY_PIECES2__Fv
8009B628:item_getcheck_func_L2_KEY_PIECES3__Fv
8009AB88:item_getcheck_func_LETTER__Fv
8009A318:item_getcheck_func_LIGHT_ARROW__Fv
8009ADDC:item_getcheck_func_LIGHT_DROP__Fv
8009A0D4:item_getcheck_func_LIGHT_SWORD__Fv
8009B4F0:item_getcheck_func_LINKS_SAVINGS__Fv
8009A498:item_getcheck_func_LURE_ROD__Fv
8009AAF8:item_getcheck_func_LV1_SOUP__Fv
8009B688:item_getcheck_func_LV2_BOSS_KEY__Fv
8009AB28:item_getcheck_func_LV2_SOUP__Fv
8009AB58:item_getcheck_func_LV3_SOUP__Fv
8009B588:item_getcheck_func_LV5_BOSS_KEY__Fv
8009B4AC:item_getcheck_func_LV7_DUNGEON_EXIT__Fv
800997E0:item_getcheck_func_L_MAGIC__Fv
80099D68:item_getcheck_func_MAGIC_LV1__Fv
80099A78:item_getcheck_func_MAP__Fv
80099B9C:item_getcheck_func_MASTER_SWORD__Fv
8009A620:item_getcheck_func_MILK_BOTTLE__Fv
8009AEA4:item_getcheck_func_MIRROR_PIECE_2__Fv
8009AEAC:item_getcheck_func_MIRROR_PIECE_3__Fv
8009AEB4:item_getcheck_func_MIRROR_PIECE_4__Fv
8009B310:item_getcheck_func_M_ANT__Fv
8009AF50:item_getcheck_func_M_BEETLE__Fv
8009AFB0:item_getcheck_func_M_BUTTERFLY__Fv
8009B130:item_getcheck_func_M_DANGOMUSHI__Fv
8009B2B0:item_getcheck_func_M_DRAGONFLY__Fv
8009B070:item_getcheck_func_M_GRASSHOPPER__Fv
8009B1F0:item_getcheck_func_M_LADYBUG__Fv
8009B190:item_getcheck_func_M_MANTIS__Fv
8009B370:item_getcheck_func_M_MAYFLY__Fv
8009B0D0:item_getcheck_func_M_NANAFUSHI__Fv
8009B250:item_getcheck_func_M_SNAIL__Fv
8009B010:item_getcheck_func_M_STAG_BEETLE__Fv
8009A890:item_getcheck_func_NORMAL_BOMB__Fv
8009A828:item_getcheck_func_OIL2__Fv
8009A6F0:item_getcheck_func_OIL_BOTTLE2__Fv
8009AD98:item_getcheck_func_OIL_BOTTLE3__Fv
8009A688:item_getcheck_func_OIL_BOTTLE__Fv
8009A85C:item_getcheck_func_OIL__Fv
80099778:item_getcheck_func_ORANGE_RUPEE__Fv
80099968:item_getcheck_func_PACHINKO_SHOT__Fv
8009A23C:item_getcheck_func_PACHINKO__Fv
8009A8F0:item_getcheck_func_POKE_BOMB__Fv
8009B500:item_getcheck_func_POU_FIRE1__Fv
8009B508:item_getcheck_func_POU_FIRE2__Fv
8009B510:item_getcheck_func_POU_FIRE3__Fv
8009B518:item_getcheck_func_POU_FIRE4__Fv
8009B3D0:item_getcheck_func_POU_SPIRIT__Fv
80099748:item_getcheck_func_PURPLE_RUPEE__Fv
8009ACDC:item_getcheck_func_RAFRELS_MEMO__Fv
80099A50:item_getcheck_func_RECOVER_FAILY__Fv
8009A724:item_getcheck_func_RED_BOTTLE2__Fv
8009A584:item_getcheck_func_RED_BOTTLE__Fv
80099718:item_getcheck_func_RED_RUPEE__Fv
80099C00:item_getcheck_func_SHIELD__Fv
8009ADA0:item_getcheck_func_SHOP_BEE_CHILD__Fv
800997A8:item_getcheck_func_SILVER_RUPEE__Fv
8009B4F8:item_getcheck_func_SMALL_KEY2__Fv
80099A60:item_getcheck_func_SMALL_KEY__Fv
8009AF18:item_getcheck_func_SMELL_CHILDREN__Fv
8009AEFC:item_getcheck_func_SMELL_FISH__Fv
8009AF34:item_getcheck_func_SMELL_MEDICINE__Fv
8009AEE0:item_getcheck_func_SMELL_POH__Fv
8009AED8:item_getcheck_func_SMELL_PUMPKIN__Fv
8009AEBC:item_getcheck_func_SMELL_YELIA_POUCH__Fv
80099EB4:item_getcheck_func_SPINNER__Fv
8009B5B8:item_getcheck_func_SURFBOARD__Fv
80099B68:item_getcheck_func_SWORD__Fv
800997D8:item_getcheck_func_S_MAGIC__Fv
8009B558:item_getcheck_func_TASTE__Fv
80099C60:item_getcheck_func_TKS_LETTER__Fv
8009B528:item_getcheck_func_TOMATO_PUREE__Fv
80099A58:item_getcheck_func_TRIPLE_HEART__Fv
8009A758:item_getcheck_func_UGLY_SOUP__Fv
80099A70:item_getcheck_func_UTUWA_HEART__Fv
80099DB4:item_getcheck_func_WALLET_LV1__Fv
80099DBC:item_getcheck_func_WALLET_LV2__Fv
80099DC4:item_getcheck_func_WALLET_LV3__Fv
800999A0:item_getcheck_func_WATER_BOMB_10__Fv
800999A8:item_getcheck_func_WATER_BOMB_20__Fv
800999B0:item_getcheck_func_WATER_BOMB_30__Fv
80099998:item_getcheck_func_WATER_BOMB_5__Fv
8009A8C0:item_getcheck_func_WATER_BOMB__Fv
8009A6BC:item_getcheck_func_WATER_BOTTLE__Fv
80099CA4:item_getcheck_func_WEAR_CASUAL__Fv
80099CD4:item_getcheck_func_WEAR_KOKIRI__Fv
80099D38:item_getcheck_func_WEAR_ZORA__Fv
80099BD0:item_getcheck_func_WOOD_SHIELD__Fv
8009AC10:item_getcheck_func_WOOD_STATUE__Fv
80099E40:item_getcheck_func_WOOD_STICK__Fv
8009A4F0:item_getcheck_func_WORM_ROD__Fv
8009A954:item_getcheck_func_WORM__Fv
8009A04C:item_getcheck_func_W_HOOKSHOT__Fv
800996E8:item_getcheck_func_YELLOW_RUPEE__Fv
80099DCC:item_getcheck_func_ZORAS_JEWEL__Fv
80099678:item_getcheck_func_noentry__Fv
803A96D8:item_getcheck_func_ptr
803A8ED8:item_info__10dItem_data
8044DC90:item_no$5460
803A6700:item_resource__10dItem_data
803B5A20:item_seira_shop
8038F7C8:item_tag$5040
804502CE:j2dDefaultAlphaCmp
804502C0:j2dDefaultBlendInfo
8045029C:j2dDefaultColInfo
804502C8:j2dDefaultColorChanInfo
8039BD54:j2dDefaultIndTevStageInfo
804502B0:j2dDefaultIndTexCoordScaleInfo
8039BD24:j2dDefaultIndTexMtxInfo
804502A4:j2dDefaultIndTexOrderNull
804502C4:j2dDefaultPEBlockDither
804502A8:j2dDefaultTevColor
804502B4:j2dDefaultTevKColor
804502A0:j2dDefaultTevOrderInfoNull
8039BD40:j2dDefaultTevStageInfo
804502B8:j2dDefaultTevSwapMode
804502BC:j2dDefaultTevSwapModeTable
804502CC:j2dDefaultTevSwapTableID
8039BCE0:j2dDefaultTexCoordInfo
8039BD00:j2dDefaultTexMtxInfo
8044AD78:j2dHeap
80430FA0:j3dAlphaCmpTable
8045051A:j3dDefaultAlphaCmpID
804504E4:j3dDefaultAmbInfo
8045050C:j3dDefaultBlendInfo
804504E0:j3dDefaultColInfo
80450510:j3dDefaultColorChanInfo
8039C11C:j3dDefaultFogInfo
8039C110:j3dDefaultIndTevStageInfo
804504FC:j3dDefaultIndTexCoordScaleInfo
8039C0E0:j3dDefaultIndTexMtxInfo
804504F0:j3dDefaultIndTexOrderNull
8039C028:j3dDefaultLightInfo
8039BFBC:j3dDefaultMtx
8039C148:j3dDefaultNBTScaleInfo
804504E8:j3dDefaultNumChans
8039BFB0:j3dDefaultScale
804504F4:j3dDefaultTevColor
80450500:j3dDefaultTevKColor
804504EC:j3dDefaultTevOrderInfoNull
8039C0FC:j3dDefaultTevStageInfo
80450504:j3dDefaultTevSwapMode
80450508:j3dDefaultTevSwapModeTable
80450518:j3dDefaultTevSwapTableID
8039C05C:j3dDefaultTexCoordInfo
8039C07C:j3dDefaultTexMtxInfo
8039BF90:j3dDefaultTransformInfo
8044B6D8:j3dDefaultViewNo
8045051C:j3dDefaultZModeID
803C79F0:j3dIdentityMtx
8042EC08:j3dSys
80430BA0:j3dTevSwapTableTable
8042EDD8:j3dTexCoordTable
804312A0:j3dZModeTable
803A2730:j_o_id__8dPa_name
803C1A60:jdsp
801592A4:jntNodeCB__10daNpcCd2_cFP8J3DJointP8J3DModel
801570D0:jntNodeCB__9daNpcCd_cFP8J3DJointP8J3DModel
802D2550:joinTwoBlocks__10JKRExpHeapFPQ210JKRExpHeap9CMemBlock
8009DDC8:jointControll__9daAlink_cFi
8044D208:jointID$41288
803BE360:jpa_crd
803BE420:jpa_dl
803BE440:jpa_dl_x
803BE200:jpa_pos
803BE404:jpa_resource_padding
8041E9EC:jpcName$4821
80072384:judgementStatus4Hold__12dAttention_cFv
80072630:judgementStatus4Switch__12dAttention_cFv
80390498:juji_c$5849
80390600:juji_c$6209
80392908:juji_i_tag$5175
80392930:juji_m_tag$5176
80167D24:jutOutCheck__9dCamera_cFP4cXyzf
803ACDB0:kBridgePortal$39239
803945F0:kColor$localstatic3$draw__9dkWmark_cFv
8044D3C0:kandelaarAnm$62210
80110924:kandelaarModelCallBack__9daAlink_cFv
8038BAA0:kandelaarOffset$32655
8019D5DC:kankyo_color_ratio_calc__FP8_GXColor11_GXColorS10f
8019D57C:kankyo_color_ratio_calc_common__Fsf
8019D64C:kankyo_color_ratio_set__FUcUcfUcUcfsf
8038F150:kaz_n$6347
800BF88C:keepItemData__9daAlink_cFv
80182B1C:keepLock__12dAttention_cFi
801F68F4:ketteiTxtDispAnmInit__12dMenu_save_cFUc
8018D4D0:ketteiTxtDispAnmInit__14dFile_select_cFUc
801F6970:ketteiTxtDispAnm__12dMenu_save_cFv
8018D54C:ketteiTxtDispAnm__14dFile_select_cFv
8020F23C:keyCheck__11dMeterMap_cFv
8044AD56:key_ganon$1074
8044AD55:key_link$1073
8038F7B0:key_tag$5002
803928E0:key_tag$5071
801FA834:key_wait_init__5dMw_cFUc
801FB140:key_wait_proc__5dMw_cFv
8044AD57:key_zelda$1075
8001598C:kick__17mDoDvdThd_param_cFv
8029FD40:killActiveChannel__13JASDSPChannelFv
80225FF8:killSubContents__9dMeter2_cFUc
8037C100:l_100x100BoxVertexList
8042275C:l_Cd2_HIO
8041FAC4:l_Cd_HIO
80426B6C:l_HIO
803EF8C4:l_RoomKeepDoorInfo
8044B0A0:l_SetCounter
8044AD00:l_affCommand
8044A858:l_alphaCompInfo
8044BF30:l_alphaCompInfo$3775
8044A850:l_alphaCompInfoOPA
8044AD04:l_arcCommand
803AC97C:l_atCpsSrc
803AC938:l_atCylSrc
8044A7D4:l_autoDownHeight
8044A7D0:l_autoUpHeight
8044CDA0:l_bArcName
803A2BC0:l_backSubMat
80394950:l_base
8041F6E4:l_boarBaseAnime
8044BFC4:l_bossStartColor
803B0674:l_btpTWTbl
803B0584:l_btpTbl
8044CDC8:l_cWShdArcName
8041F72C:l_canoeBaseAnime
8044A7C8:l_captureAlpha
803A2B00:l_clearMat
8044A788:l_color$4033
8044A78C:l_color$5004
8044A790:l_color$5326
80389AE0:l_crawlBackOffset
80389B10:l_crawlBackUpOffset
80389AD4:l_crawlFrontOffset
80389AF8:l_crawlFrontUpOffset
80389B88:l_crawlLSideFrontOffset
80389B70:l_crawlLSideOffset
80389BA0:l_crawlMinSideOffset
80389B94:l_crawlRSideFrontOffset
80389B7C:l_crawlRSideOffset
80389B58:l_crawlSideOffset
80389B28:l_crawlStandUpOffset
80389AC8:l_crawlStartFrontOffset
80389AEC:l_crawlTopOffset
80389B40:l_crawlTopUpOffset
8039D750:l_cullSizeBox
8039D8A0:l_cullSizeSphere
803BC8C8:l_cur0TagName$4789
803BC908:l_cur1TagName$4790
8044A778:l_cursorColor$4709
803AC8B4:l_cylSrc
803B4968:l_dEnvSe_Method
803B5E8C:l_dGameover_Method
803B6200:l_dKy_Method
803B62F8:l_dKyeff2_Method
803B62B8:l_dKyeff_Method
803B9B94:l_dMeter2_Method
803BACDC:l_dMsgObject_Method
803B91C0:l_dMw_Method
803BCE60:l_dOvlpFd2_Method
803BCEE0:l_dOvlpFd3_Method
803BCCD8:l_dOvlpFd_Method
803BD110:l_dScnLogo_Method
803BD21C:l_dScnName_Method
803BD300:l_dScnPly_Method
803BD3B4:l_dScnRoom_Method
803B6338:l_dThunder_Method
803BD524:l_dTimer_Method
803ACF0C:l_daAlink_Method
803B40B4:l_daItem_Method
803A32F8:l_darkworld_tbl
803B6D20:l_data
80389AB8:l_defaultGetEventName
8044BFCC:l_destinationStartColor
803BD570:l_dkWmark_Method
803BD5B0:l_dkWpillar_Method
8044BF98:l_doorWhite
8044BFA0:l_doorWhite2
8044BF9C:l_doorWhiteNoStay
8044BFA4:l_doorWhiteNoStay2
8037C620:l_drawlistSize
8038F9D0:l_dungeon_offColor$3841
8037B334:l_dungeon_offColor$3937
8038F9F4:l_dungeon_onColor$3842
8037B358:l_dungeon_onColor$3938
80390250:l_dungeon_onColor$4186
80390298:l_dungeon_pointColor$4188
8038FA18:l_dungeon_stayColor$3843
8037B37C:l_dungeon_stayColor$3939
80390274:l_dungeon_stayColor$4187
8044AE78:l_dvdError$1406
8044B0F0:l_dvdError$1879
8044BFB8:l_entranceLv8StartColor
8044BFB4:l_entranceStartColor
803A07B0:l_envLayerFuncTable$5142
803A39F4:l_envr_default
803BD044:l_execFunc
803A369C:l_field_data
803EBF18:l_fopCamM_id
8044AE38:l_fopDwTg_id
803EBF28:l_fopOvlpM_Request
8044A6F0:l_fopOvlpM_overlap
8044AE20:l_fopScnRq_IsUsingOfOverlap
803EEE30:l_fpcLn_Line
8039DB10:l_fpcLy_Crear
8044AE58:l_fpcLy_CurrLayer_p
8039DB3C:l_fpcLy_LayerList
8039DB98:l_fpcNdRq_Queue
803EEF98:l_fpcPi_Queue
803A2B60:l_frontMat
803A2960:l_frontNoZSubMat
803A2920:l_frontZMat
803A0798:l_funcTable$5136
803A081C:l_funcTable$5163
803A0954:l_funcTable$5168
803A09FC:l_funcTable$5173
803A0A5C:l_funcTable$5178
8041F684:l_halfAtnWaitBaseAnime
8044AE0C:l_hio
8041F7EC:l_hookSnowSandHitScale
8041F6CC:l_horseBaseAnime
803B5608:l_htag$3879
8044CDC0:l_hyShdArcName
8037C1E4:l_iconPosData$4686
8037B2F0:l_iconSize$3698
8044BFDC:l_iconTex0$4523
8044BFEC:l_iconTex0$4605
803A2EDC:l_imageDrawColor$5405
80389C3C:l_insectNameList
8039D180:l_invisibleMat$7041
8041F66C:l_ironBallBaseAnime
80389BD0:l_ironBallCenterVec
80389BC4:l_ironBallChainVec
8044B098:l_isFinalBossStg
803B79DC:l_itemno$4346
803B79F4:l_itemno$4364
803A1330:l_itemno$6402
803ACB0C:l_jntColData
803AC9C8:l_jntColPos0
803AC9E0:l_jntColPos1
803ACA58:l_jntColPos10
803ACA70:l_jntColPos11
803ACA88:l_jntColPos12
803ACAA0:l_jntColPos13
803ACAB8:l_jntColPos14
803ACAD0:l_jntColPos15
803ACAE8:l_jntColPos16
803ACB00:l_jntColPos17
803AC9EC:l_jntColPos2
803ACA04:l_jntColPos4
803ACA1C:l_jntColPos6
803ACA28:l_jntColPos8
803ACA40:l_jntColPos9
8044CDA8:l_kArcName
803A2FF8:l_kydata_BloomInf_tbl
8041F6B4:l_lWaitBaseAnime
8044A7D8:l_ladderAnmBaseTransY
803A075C:l_layerFuncTable$5053
803A0780:l_layerFuncTable$5131
803A07EC:l_layerFuncTable$5158
803A07A4:l_layerFuncTableA$5141
803A2468:l_lifeBallColor
8044B218:l_lightCount
803A3408:l_light_size_tbl
803A3528:l_light_size_tbl_tw
8044E2E8:l_lineWidthPatData$4134
8044E2F0:l_lineWidthPatData2$4135
8044E19C:l_lineWidthPatOff$3807
8044E1B4:l_lineWidthPatOff$3820
8044BE00:l_lineWidthPatOff$3899
8044E1A4:l_lineWidthPatOn$3808
8044E1BC:l_lineWidthPatOn$3821
8044BE08:l_lineWidthPatOn$3900
8044E1AC:l_lineWidthPatStay$3809
8044E1C4:l_lineWidthPatStay$3822
8044BE10:l_lineWidthPatStay$3901
8041F714:l_localBoarRidePos
8041F6FC:l_localHorseRidePos
8044CDB8:l_mArcName
8044E304:l_mapBaseColor$4181
8044BF88:l_mapBaseColor$4239
803A3570:l_maple_col
8039D2C0:l_mat1DL
8039D220:l_matDL
803A2E60:l_matDL$5404
803BC948:l_menu_icon_tag$4796
803BC9E0:l_menu_msg$4798
803BC968:l_menu_tag$4797
803B4838:l_method$17952
8039D6F0:l_method$3807
8044A898:l_method$3851
803BD3A0:l_method$4056
803BD104:l_method$4622
803BD2D4:l_method$4860
803A1318:l_method$5017
803A1324:l_method$5051
803BC6B4:l_mojiEisu
803BC09C:l_mojiHira
803BC1A0:l_mojiHira2
803BC2A4:l_mojiHira3
803BC3A8:l_mojikata
803BC4AC:l_mojikata2
803BC5B0:l_mojikata3
8044A884:l_msgNum$3881
8044A80C:l_msgNum$7073
8044A880:l_msgNum0$3868
8044E460:l_msgNum2$3922
8044A808:l_msgNum2$6993
803BCC38:l_nameCurTagName$4820
803BCBF8:l_nameTagName$4819
8037C64C:l_nonSortId
803B4F18:l_nouseTag$6546
8044BFC8:l_npc0StartColor
8044BFD0:l_npcYkmStartColor
8044BFD4:l_npcYkwStartColor
803B4E90:l_numTex$5621
8039DC78:l_objectName
8037C204:l_offset$4703
80428948:l_offsetPos$localstatic3$draw__10dThunder_cFv
8038F8E0:l_paletteDmap_m
803D8DA0:l_param__9mDoDvdThd
803A9AFC:l_peepEventName
80394148:l_preLoad_dylKeyTbl
803A39DC:l_pselect_default
8041F69C:l_rWaitBaseAnime
8044A794:l_realImageSize$5383
803A072C:l_roomFuncTable$5052
8041E838:l_runAction
8044CDD0:l_sWShdArcName
80428954:l_scale$localstatic5$draw__10dThunder_cFv
8044A6F8:l_scnRqID
803A2A40:l_shadowProjMat
803A2DE0:l_shadowSealDL
803A2D80:l_shadowSealTex2DL
803A2D20:l_shadowSealTexDL
803A2A00:l_shadowVolDL
803A2AA0:l_shadowVolMat
803A298C:l_shadowVolPos
803A2CC0:l_shadowVolumeDL
803B4220:l_sightDL
803A2BFC:l_simpleShadowPos
8044BFC0:l_smallKeyStartColor
803AC8F8:l_sphSrc
8044B0C0:l_start
8041E820:l_startAction
8037B3B0:l_stayType$4046
8041F744:l_sumouBaseAnimeSp
80389BB8:l_swordTopLocalM
80389BAC:l_swordTopLocalN
803BC9F0:l_tagName$4812
803B8168:l_tagName0$3857
803B4EA0:l_tagName0$6517
803B81A0:l_tagName00$3879
803B8180:l_tagName000$3866
803B4FF8:l_tagName000$6888
803B8190:l_tagName000U$3867
803B5008:l_tagName001$6889
803B5018:l_tagName002$6890
803B5028:l_tagName003$6891
803B5038:l_tagName004$6892
803B5048:l_tagName005$6893
803B81B0:l_tagName00U$3880
803B5118:l_tagName011$7071
803B5130:l_tagName011U$7072
80390FE8:l_tagName012$3920
803B5058:l_tagName012$6990
80390FF8:l_tagName013$3921
803B5068:l_tagName013$6991
803B5078:l_tagName013U$6992
803B5100:l_tagName1$7070
803B8218:l_tagName10$3899
80391018:l_tagName10$3931
803B5098:l_tagName10$7002
803B4E80:l_tagName101$5620
803B8228:l_tagName11$3900
80391028:l_tagName11$3932
803B50A8:l_tagName11$7003
803B8238:l_tagName12$3909
803B4F00:l_tagName12$6539
803B4A00:l_tagName13
803B8270:l_tagName13$3931
803B4FE0:l_tagName131$6576
803B4FA0:l_tagName18$6559
803B4FB8:l_tagName19$6560
803B8260:l_tagName20$3923
803B4FD0:l_tagName20$6568
803B8250:l_tagName21$3916
803B4F90:l_tagName21$6552
803B81C0:l_tagName3$3887
803B4EB8:l_tagName3$6528
803B81D8:l_tagName4$3888
803B4ED0:l_tagName4$6529
803B81F0:l_tagName5$3889
803B4EE8:l_tagName5$6530
803B50B8:l_tagName6$7067
803B50D0:l_tagName7$7068
803B50E8:l_tagName8$7069
803B8208:l_tagName9$3898
80391008:l_tagName9$3930
803B5088:l_tagName9$7001
8044A6D8:l_tevColor0$4208
803A2EEC:l_tevColorChan$5438
8044A76C:l_tevOrderInfo$3773
8037BD4C:l_tevStageInfo$3774
8044BFA8:l_tex0$4406
8044A768:l_texCoordInfo$3772
8044B0F1:l_texCopied$1902
8037BCE8:l_texMtxInfo
803D7DA0:l_threadStack__9mDoDvdThd
803D7A80:l_thread__9mDoDvdThd
803A3594:l_time_attribute
803A3618:l_time_attribute_boss
8044BFD8:l_tksStartColor
8041E7A8:l_translation$5232
8037C130:l_treasureDispList$4524
8037C160:l_treasureDispList$4606
8044BFBC:l_treasureStartColor
803A3A78:l_vr_box_data
8044CD98:l_wArcName
8041F654:l_waitBaseAnime
8044B0C4:l_wcsbuf_num
803BD298:l_wipeType$4081
8041F75C:l_wolfBaseAnime
8041F838:l_wolfBiteHitMarkScale
80389BDC:l_wolfFootOnFrame
803ACCC8:l_wolfJntColData
803ACBE4:l_wolfJntColPos0
803ACBFC:l_wolfJntColPos1
803ACC68:l_wolfJntColPos10
803ACC80:l_wolfJntColPos12
803ACC98:l_wolfJntColPos14
803ACCB0:l_wolfJntColPos16
803ACC08:l_wolfJntColPos2
803ACC20:l_wolfJntColPos4
803ACC38:l_wolfJntColPos6
803ACC50:l_wolfJntColPos8
80389B1C:l_wolfLieBackUpOffset
80389B04:l_wolfLieFrontUpOffset
80389B64:l_wolfLieSideOffset
80389B34:l_wolfLieStandUpOffset
80389B4C:l_wolfLieTopUpOffset
8041F774:l_wolfRopeBaseAnime
80389AA0:l_wolfWorldChangeEventName
80389A90:l_worldChangeEventName
8044CDB0:l_zArcName
8044C204:l_zSortId
8044A84C:l_zmodeUpDisable
8044A848:l_zmodeUpEnable
8038BEC8:label$45763
8044D7B0:lastGanonArcName$4620
8044B3F4:lastRspMadep__9JASDriver
80026AF0:layerActorLoader__FPvP11dStage_dt_ci
80026914:layerMemoryInfoLoader__FPvP11dStage_dt_ci
800269B4:layerTableLoader__FPvP11dStage_dt_ci
8044AE64:layer_id$2311
80449950:lc_base
8036E76C:ldexp
8038BA10:leftOffset$19386
803ACEB8:leftRotLarge$41100
803ACEA0:leftRotLight$41095
803ACE94:leftRotNormal$41090
803ACEDC:leftRotWater$41105
8038BD58:leftTransLarge$41103
8038BD1C:leftTransLight$41098
8038BD04:leftTransNormal$41093
8038BDA0:leftTransWater$41108
8038BF58:leg1Vec$56153
8038BF64:leg2Vec$56154
803910C8:let2_n$5285
80180720:letCamera__9dCamera_cFl
80391098:let_n$5284
801B5488:letter_close_init__17dMenu_Collect2D_cFv
801B54C4:letter_close_proc__17dMenu_Collect2D_cFv
803B995C:letter_data__12dMenu_Letter
801DD9D0:letter_init_calc__14dMenu_Letter_cFv
801B53DC:letter_move_init__17dMenu_Collect2D_cFv
801B5418:letter_move_proc__17dMenu_Collect2D_cFv
801B52D0:letter_open_init__17dMenu_Collect2D_cFv
801B536C:letter_open_proc__17dMenu_Collect2D_cFv
80392400:life_tag$4837
803925E0:lifet1_tag$4840
80392680:lifet2_tag$4841
8038BCC8:lightALocalTrans$40833
8038BCBC:lightAParticleScale$40832
8044A840:lightMask
803B600C:lightMaskData
803B5F24:lightStatusBase
804281BC:lightStatusData
8044A844:lightStatusPt
801CA640:light_demo1_init__12dMenu_Fmap_cFv
801CA818:light_demo1_move__12dMenu_Fmap_cFv
801CA854:light_demo2_init__12dMenu_Fmap_cFv
801CA888:light_demo2_move__12dMenu_Fmap_cFv
8015FA78:limitf__22@unnamed@d_camera_cpp@Ffff
80254390:limitter__16dNpcLib_lookat_cFPssss
8014DB8C:limitter__18daBaseNpc_lookat_cFsPsss
80167C44:lineBGCheckBoth__9dCamera_cFP4cXyzP4cXyzP11dBgS_LinChkUl
8016590C:lineBGCheck__9dCamera_cFP4cXyzP4cXyzP11dBgS_LinChkUl
80165A40:lineBGCheck__9dCamera_cFP4cXyzP4cXyzP4cXyzUl
80165B3C:lineBGCheck__9dCamera_cFP4cXyzP4cXyzUl
8001DC68:lineCheck__11fopAcM_lc_cFPC4cXyzPC4cXyzPC10fopAc_ac_c
80165BAC:lineCollisionCheckBush__9dCamera_cFP4cXyzP4cXyz
80174E9C:lineCollisionCheck__22@unnamed@d_camera_cpp@F4cXyz4cXyzP10fopAc_ac_cP10fopAc_ac_cP10fopAc_ac_c
8008FAD4:lineCollisionCheck__25@unnamed@d_ev_camera_cpp@F4cXyz4cXyzP10fopAc_ac_cP10fopAc_ac_cP10fopAc_ac_c
802EBA00:lineTo__14J2DGrafContextFQ29JGeometry8TVec2<f>
802EB924:line__14J2DGrafContextFQ29JGeometry8TVec2<f>Q29JGeometry8TVec2<f>
80390D90:line_tag$4913
80390DF0:line_tag$4931
802ABACC:linearTransform__6Z2CalcFfffffb
8044A818:linespace$7222
8015F5A8:linkGrabSubjectNoDraw__9daPy_py_cFP10fopAc_ac_c
80264700:link__24DynamicModuleControlBaseFv
803EBF50:lists$2216
8039BDD0:lit_1557
8039BDE0:lit_1566
8039BDF0:lit_1575
8039BE00:lit_1581
8039BE10:lit_1587
8039BE20:lit_1596
8039BE30:lit_1605
8039BE40:lit_1612
8039C4B0:ln2HI
8039C4C0:ln2LO
802BC180:load1stDynamicWave__10Z2SceneMgrFv
802BC560:load2ndDynamicWave__10Z2SceneMgrFv
800BFE80:loadAramBmd__9daAlink_cFUsUl
800BFFA8:loadAramItemBrk__9daAlink_cFUsP8J3DModel
800C0004:loadAramItemBtk__9daAlink_cFUsP8J3DModel
800C0060:loadAramItemBtp__9daAlink_cFUsP8J3DModel
800BFF3C:loadAram__9daAlink_cFUsUl
802BCBB0:loadBgmWave__10Z2SceneMgrFUl
803370BC:loadBinaryDisplayList__14J3DModelLoaderFPCvUl
802E0234:loadCache_char_subroutine__12JUTCacheFontFPib
8015F164:loadDataDemoRID__14daPy_anmHeap_cFUsUs
8015F0B4:loadDataIdx__14daPy_anmHeap_cFUs
8015F11C:loadDataPriIdx__14daPy_anmHeap_cFUs
8015EFD0:loadData__14daPy_anmHeap_cFUs
8025D56C:loadDemoArchive__Fi
802A8300:loadDynamicSeq__14JAUSectionHeapF10JAISoundIDb
802A9058:loadDynamicSeq__23JAUDynamicSeqDataBlocksF10JAISoundIDbP14JAISeqDataUser
800925CC:loadEvCamera__9dCamera_cFv
803156C8:loadExecute__17J3DDifferedTexMtxFPA4_Cf
802E2084:loadFont__10JUTResFontFi11_GXTexMapIDPQ27JUTFont6TWidth
803144E8:loadGX__10J3DTextureCFUs11_GXTexMapID
802E23FC:loadImage__10JUTResFontFi11_GXTexMapID
802E0180:loadImage__12JUTCacheFontFi11_GXTexMapID
80336F58:loadMaterialTable__14J3DModelLoaderFPCv
801400BC:loadModelDVD__9daAlink_cFv
80315E08:loadMtxConcatView_NCPU__21J3DShapeMtxConcatViewCFiUs
80315D64:loadMtxConcatView_PCPU__21J3DShapeMtxConcatViewCFiUs
80315EB0:loadMtxConcatView_PNCPU__21J3DShapeMtxConcatViewCFiUs
80315F64:loadMtxConcatView_PNGP_LOD__21J3DShapeMtxConcatViewCFiUs
80315CC4:loadMtxConcatView_PNGP__21J3DShapeMtxConcatViewCFiUs
80315624:loadMtxIndx_NCPU__11J3DShapeMtxCFiUs
803155C4:loadMtxIndx_PCPU__11J3DShapeMtxCFiUs
80315670:loadMtxIndx_PNCPU__11J3DShapeMtxCFiUs
80315580:loadMtxIndx_PNGP__11J3DShapeMtxCFiUs
803265FC:loadNBTScale__FR11J3DNBTScale
80312380:loadNrmMtxIndx__6J3DSysCFiUs
80316A34:loadNrmMtx__21J3DShapeMtxConcatViewCFiUs
803161C4:loadNrmMtx__21J3DShapeMtxConcatViewCFiUsPA4_f
80316B48:loadNrmMtx__26J3DShapeMtxMultiConcatViewCFiUs
80316638:loadNrmMtx__26J3DShapeMtxMultiConcatViewCFiUsPA4_f
8031235C:loadPosMtxIndx__6J3DSysCFiUs
80326858:loadPostTexMtx__9J3DTexMtxCFUl
8031779C:loadPreDrawSetting__8J3DShapeCFv
8027A0F8:loadPrjAnm__FPC18JPAEmitterWorkDataPA4_Cf
8027A0C0:loadPrj__FPC18JPAEmitterWorkDataPA4_Cf
80148444:loadRes__8daNpcT_cFPCScPPCc
80293148:loadResourceAsync__15JASResArcLoaderFP10JKRArchiveUsPUcUlPFUlUl_vUl
802930AC:loadResourceCallback__15JASResArcLoaderFPv
8003B30C:loadResource__11dRes_info_cFv
80158C04:loadResrc__10daNpcCd2_cFii
80156B98:loadResrc__9daNpcCd_cFii
8002451C:loadRoom__20dStage_roomControl_cFiPUcb
802BCB44:loadSeWave__10Z2SceneMgrFUl
8029C688:loadSetup__10JASWaveArcFUl
80318B78:loadSharedDL__11J3DMaterialFv
80319524:loadSharedDL__17J3DLockedMaterialFv
80319498:loadSharedDL__18J3DPatchedMaterialFv
801402C0:loadShieldModelDVD__9daAlink_cFv
802BC9AC:loadStaticWaves__10Z2SceneMgrFv
8029C9B0:loadTail__10JASWaveArcFP7JASHeap
80325AE0:loadTexCoordGens__FUlP11J3DTexCoord
803267F4:loadTexMtx__9J3DTexMtxCFUl
80326430:loadTexNo__FUlRCUs
802F4EE0:loadTexture__11J2DTevBlockF11_GXTexMapIDUl
802EEA0C:loadTexture__12J2DTevBlock1F11_GXTexMapIDUl
802EFD10:loadTexture__12J2DTevBlock2F11_GXTexMapIDUl
802F11B8:loadTexture__12J2DTevBlock4F11_GXTexMapIDUl
802F2638:loadTexture__12J2DTevBlock8F11_GXTexMapIDUl
802F3AB8:loadTexture__13J2DTevBlock16F11_GXTexMapIDUl
80281380:loadTexture__14JPABaseEmitterFUc11_GXTexMapID
8029C7A8:loadToAramCallback__10JASWaveArcFPv
80298C78:loadToAramTask__13JASAramStreamFPv
802DCE5C:loadToAram_Async__16JKRDvdAramRipperFP10JKRDvdFileUl15JKRExpandSwitchPFUl_vUlUlPUl
802DCDB4:loadToAram__16JKRDvdAramRipperFP10JKRDvdFileUl15JKRExpandSwitchUlUlPUl
802DCD10:loadToAram__16JKRDvdAramRipperFlUl15JKRExpandSwitchUlUlPUl
802DC1AC:loadToMainRAM__12JKRDvdRipperFP10JKRDvdFilePUc15JKRExpandSwitchUlP7JKRHeapQ212JKRDvdRipper15EAllocDirectionUlPiPUl
802DC034:loadToMainRAM__12JKRDvdRipperFPCcPUc15JKRExpandSwitchUlP7JKRHeapQ212JKRDvdRipper15EAllocDirectionUlPiPUl
802DC0F0:loadToMainRAM__12JKRDvdRipperFlPUc15JKRExpandSwitchUlP7JKRHeapQ212JKRDvdRipper15EAllocDirectionUlPiPUl
80317388:loadVtxArray__8J3DShapeCFv
802A7D88:loadWaveArc__10JAUSectionFUlUl
80301738:load__10J2DPictureF11_GXTexMapIDUc
80301704:load__10J2DPictureFUc
8029C8F0:load__10JASWaveArcFP7JASHeap
802E0DF8:load__10JUTPaletteFv
802E0CDC:load__10JUTTextureF11_GXTexMapID
80325A2C:load__11J3DLightObjCFUl
80318B28:load__11J3DMaterialFv
80316030:load__11J3DShapeMtxCFv
803197CC:load__11J3DTevBlockFv
802EC534:load__12J2DIndTexMtxFUc
80307700:load__12J2DPictureExF11_GXTexMapIDUc
803095D0:load__12J2DPictureExFUc
8031D200:load__12J3DTevBlock1Fv
8031D440:load__12J3DTevBlock2Fv
8031D95C:load__12J3DTevBlock4Fv
803197C0:load__13J3DColorBlockFv
803208A4:load__13J3DPEBlockOpaFv
80320E28:load__13J3DPEBlockXluFv
8031DEA0:load__13J3DTevBlock16Fv
80298F18:load__13JASAramStreamFv
802EC4E0:load__14J2DIndTevStageFUc
802EC598:load__14J2DIndTexOrderFUc
80336C7C:load__14J3DModelLoaderFPCvUl
8032185C:load__14J3DPEBlockFullFv
80334E3C:load__14J3DPEBlockNullFv
803205C8:load__15J3DIndBlockFullFv
80319838:load__15J3DIndBlockNullFv
8031CDE4:load__15J3DTexGenBlock4Fv
800169B4:load__15mDoMemCd_Ctrl_cFv
803210EC:load__16J3DPEBlockFogOffFv
803162E8:load__16J3DShapeMtxMultiCFv
80319508:load__17J3DLockedMaterialFv
80320B64:load__17J3DPEBlockTexEdgeFv
802A6BCC:load__17JAUAudioArcLoaderFPCv
8031947C:load__18J3DPatchedMaterialFv
80324E0C:load__18J3DTevBlockPatchedFv
80334F4C:load__18J3DTexGenBlockNullFv
8030B7A4:load__19J2DAnmKeyLoader_v15FPCv
802EC568:load__19J2DIndTexCoordScaleFUc
8033B1E0:load__19J3DAnmKeyLoader_v15FPCv
8031CE84:load__19J3DTexGenBlockBasicFv
8002F3B4:load__19dComIfG_resLoader_cFPPCcP7JKRHeap
8030BF1C:load__20J2DAnmFullLoader_v15FPCv
8030AF08:load__20J2DAnmLoaderDataBaseFPCv
8033A9F4:load__20J3DAnmFullLoader_v15FPCv
80339FDC:load__20J3DAnmLoaderDataBaseFPCv24J3DAnmLoaderDataBaseFlag
803366E0:load__20J3DClusterLoader_v15FPCv
8031AC90:load__20J3DColorBlockLightOnFv
8031A0A8:load__21J3DColorBlockLightOffFv
803160F0:load__21J3DShapeMtxConcatViewCFv
8032530C:load__21J3DTexGenBlockPatchedFv
8031A608:load__22J3DColorBlockAmbientOnFv
80336B58:load__22J3DModelLoaderDataBaseFPCvUl
803365CC:load__24J3DClusterLoaderDataBaseFPCv
80316440:load__26J3DShapeMtxMultiConcatViewCFv
80316770:load__27J3DShapeMtxBBoardConcatViewCFv
80316880:load__28J3DShapeMtxYBBoardConcatViewCFv
802EC12C:load__9J2DTexMtxFUl
80325D60:load__9J3DTexMtxCFUl
8026481C:load_async__24DynamicModuleControlBaseFv
8027FD10:load_jpc__17JPAResourceLoaderFPCUcP18JPAResourceManager
8003AE14:loaderBasicBmd__11dRes_info_cFUlPv
80017274:loadfile__15mDoMemCd_Ctrl_cFv
8044A7A0:loc_type_num__12dAttention_c
803A3D58:loc_type_tbl__12dAttention_c
8038C108:localBoomCatchPos$74913
8038B938:localCenter$11047
8038BFD0:localEye$59876
8038C00C:localEyeFromRoot$59881
8038BE98:localFootOffset$45110
8038BFAC:localHandPos$56755
8038C0B4:localHead$61782
8038BFC4:localHeadCenter$59875
8038BFDC:localHeadTop$59877
8038B9D4:localHorseRun$18095
8038B9E0:localHorseRun$18103
8038BF7C:localLeftFootOffset$56545
8038BF94:localLeftToeOffset$56547
8038B9EC:localOffset$18237
8038BCD4:localOffset$40955
8038BA64:localPaddleTop$20605
8038B944:localPos$11819
8038BF88:localRightFootOffset$56546
8038BFA0:localRightToeOffset$56548
8038BCE0:localScale0$40956
8038BCEC:localScale1$40957
8038B95C:localSidePos$14270
802F6BF8:locate__8J2DPrintFff
80072DC0:lockSoundStart__12dAttention_cFUl
802A4660:lockWhenPrepared__15JAISoundStatus_Fv
80329B18:lock__8J3DModelFv
8016C3D0:lockonCamera__9dCamera_cFl
8025A000:logoInitGC__10dScnLogo_cFv
8036A4CC:long2str
8036A1B8:longlong2str
80298640:loopEnd__12JASSeqReaderFv
802985FC:loopStart__12JASSeqReaderFUl
8038BCA4:loseScale$40017
8007232C:lostCheck__12dAttention_cFv
802AB914:lower_bound<PCUl,Ul>__3stdFPCUlPCUlRCUl
801BF860:lv5_talk_init_proc__12dMenu_Dmap_cFv
801BF8B8:lv5_talk_proc__12dMenu_Dmap_cFv
8044AFB8:mAllCenterX__8dMpath_c
8044AFBC:mAllCenterZ__8dMpath_c
8044AFC0:mAllSizeX__8dMpath_c
8044AFC4:mAllSizeZ__8dMpath_c
8044AEB0:mArcBankData__20dStage_roomControl_c
8044AEAC:mArcBankName__20dStage_roomControl_c
803A0ACC:mArcBank__20dStage_roomControl_c
8044B4A8:mAudioMgrPtr__10Z2AudioMgr
8044AD27:mAutoForcus__13mDoGph_gInf_c
8044A6D0:mBackColor__13mDoGph_gInf_c
8044ACFA:mBgmSet__17mDoAud_zelAudio_c
8044AD24:mBlureFlag__13mDoGph_gInf_c
803D757C:mBlureMtx__13mDoGph_gInf_c
8044AD25:mBlureRate__13mDoGph_gInf_c
8044A774:mBottomFloorNo__8dMpath_c
803AD8BC:mCcDCyl__11daBaseNpc_c
803AD940:mCcDCyl__8daNpcF_c
803AD838:mCcDCyl__8daNpcT_c
8038C700:mCcDObjData__8daNpcT_c
8038C760:mCcDObjInfo__8daNpcF_c
8038C730:mCcDObj__11daBaseNpc_c
803AD900:mCcDSph__11daBaseNpc_c
803AD984:mCcDSph__8daNpcF_c
803AD87C:mCcDSph__8daNpcT_c
8044AC5A:mCheckHeap
803D7A24:mClipper__14mDoLib_clipper
8044B4C8:mCodeEnd__7JKRHeap
8044B4C4:mCodeStart__7JKRHeap
8044B738:mCurrentMtxCalc__8J3DJoint
8042ED24:mCurrentMtx__6J3DSys
8042ED54:mCurrentS__6J3DSys
8044B6D0:mDataManage__9J2DScreen
8044B0D0:mData__12dEnemyItem_c
8037B790:mData__12daShopItem_c
8041E13C:mData__7daSus_c
8044AD30:mDebugFill__6mDoMch
804002D4:mDemoArcName__20dStage_roomControl_c
8044AC58:mDisplayHeapSize
80006FC0:mDoAud_Create__Fv
80007164:mDoAud_Execute__Fv
800071F8:mDoAud_load1stDynamicWave__Fv
80007284:mDoAud_resetProcess__Fv
800072C4:mDoAud_resetRecover__Fv
80141188:mDoAud_seStartLevel__FUlPC3VecUlSc
80007254:mDoAud_setFadeInStart__FUc
80007224:mDoAud_setFadeOutStart__FUc
800D00C4:mDoAud_setLinkGroupInfo__FUc
800CFF2C:mDoAud_setLinkHp__Fll
800071BC:mDoAud_setSceneName__FPCcll
8001665C:mDoDvdErr_ThdCleanup__Fv
8001659C:mDoDvdErr_ThdInit__Fv
800166A4:mDoDvdErr_Watch__FPv
8044ADC8:mDoDvdErr_initialized
80014D64:mDoExt_GetCurrentRunningThread__Fv
80014C54:mDoExt_J3DModel__create__FP12J3DModelDataUlUl
8044AD80:mDoExt_SaveCurrentHeap
8000F158:mDoExt_adjustSolidHeapToSystem__FP12JKRSolidHeap
8000F08C:mDoExt_adjustSolidHeap__FP12JKRSolidHeap
8000DE8C:mDoExt_brkAnmRemove__FP12J3DModelData
8000DDF0:mDoExt_btkAnmRemove__FP12J3DModelData
8000DAA8:mDoExt_changeMaterial__FP8J3DModel
8000EDB8:mDoExt_createArchiveHeap__FUlP7JKRHeap
8000ECC0:mDoExt_createAssertHeap__FP7JKRHeap
8000ED88:mDoExt_createCommandHeap__FUlP7JKRHeap
8000ECEC:mDoExt_createDbPrintHeap__FUlP7JKRHeap
8000ED1C:mDoExt_createGameHeap__FUlP7JKRHeap
8000EDFC:mDoExt_createJ2dHeap__FUlP7JKRHeap
8000EFF4:mDoExt_createSolidHeapFromGameToCurrent__FPP7JKRHeapUlUl
8000F044:mDoExt_createSolidHeapFromGameToCurrent__FUlUl
8000EED8:mDoExt_createSolidHeapFromGame__FUlUl
8000EF20:mDoExt_createSolidHeapFromSystem__FUlUl
8000EF68:mDoExt_createSolidHeapToCurrent__FPP7JKRHeapUlP7JKRHeapUl
8000EFBC:mDoExt_createSolidHeapToCurrent__FUlP7JKRHeapUl
8000EE40:mDoExt_createSolidHeap__FUlP7JKRHeapUl
8000ED58:mDoExt_createZeldaHeap__FUlP7JKRHeap
8000F1AC:mDoExt_destroyExpHeap__FP10JKRExpHeap
8000F18C:mDoExt_destroySolidHeap__FP12JKRSolidHeap
8044AD84:mDoExt_font0
8044AD88:mDoExt_font0_getCount
8044AD90:mDoExt_font1
8044AD94:mDoExt_font1_getCount
8044AD9C:mDoExt_font2
8044ADA0:mDoExt_font2_getCount
8000EDF4:mDoExt_getArchiveHeapPtr__Fv
8000EDEC:mDoExt_getArchiveHeap__Fv
8000ECE4:mDoExt_getAssertHeap__Fv
8000EDB0:mDoExt_getCommandHeap__Fv
8000F1EC:mDoExt_getCurrentHeap__Fv
8000ED14:mDoExt_getDbPrintHeap__Fv
8000ED50:mDoExt_getGameHeap__Fv
8000EE38:mDoExt_getHostIOHeap__Fv
8000EE30:mDoExt_getJ2dHeap__Fv
800149F0:mDoExt_getMesgFont__Fv
80014B04:mDoExt_getRubyFont__Fv
80014BA0:mDoExt_getSubFont__Fv
8000ED80:mDoExt_getZeldaHeap__Fv
80014994:mDoExt_initFont0__Fv
80014AA4:mDoExt_initFont1__Fv
80014B40:mDoExt_initFont2__Fv
80014804:mDoExt_initFontCommon__FPP7JUTFontPP7ResFONTP7JKRHeapPCcP10JKRArchiveUcUlUl
8000DBD8:mDoExt_modelDiff__FP8J3DModel
8000DD64:mDoExt_modelEntryDL__FP8J3DModel
8000DB10:mDoExt_modelTexturePatch__FP12J3DModelData
8000DCC4:mDoExt_modelUpdateDL__FP8J3DModel
8000DC2C:mDoExt_modelUpdate__FP8J3DModel
80014A2C:mDoExt_removeMesgFont__Fv
80014BDC:mDoExt_removeSubFont__Fv
8000F220:mDoExt_resIDToIndex__FP10JKRArchiveUs
8044AD8C:mDoExt_resfont0
8044AD98:mDoExt_resfont1
8044ADA4:mDoExt_resfont2
8000F1F4:mDoExt_restoreCurrentHeap__Fv
80014D5C:mDoExt_setAraCacheSize__FUl
8000F1CC:mDoExt_setCurrentHeap__FP7JKRHeap
8000D0AC:mDoExt_setJ3DData__FPA4_fPC16J3DTransformInfoUs
8000E834:mDoExt_setupShareTexture__FP12J3DModelDataP12J3DModelData
8000EA80:mDoExt_setupStageTexture__FP12J3DModelData
80008474:mDoGph_AfterOfDraw__Fv
80008450:mDoGph_BeforeOfDraw__Fv
80008420:mDoGph_BlankingOFF__Fv
8000841C:mDoGph_BlankingON__Fv
8000B174:mDoGph_Create__Fv
8000A604:mDoGph_Painter__Fv
800094B4:mDoGph_drawFilterQuad__FScSc
800154EC:mDoLib_pos2camera__FP3VecP3Vec
80015310:mDoLib_project__FP3VecP3Vec
8001513C:mDoLib_setResTimgObj__FPC7ResTIMGP9_GXTexObjUlP10_GXTlutObj
8000BD44:mDoMch_Create__Fv
8000B668:mDoMch_HeapCheckAll__Fv
8000B73C:mDoMch_IsProgressiveMode__Fv
8001787C:mDoMemCdRWm_BuildHeader__FP22mDoMemCdRWm_HeaderData
80017CB4:mDoMemCdRWm_CalcCheckSumGameData__FPvUl
80017C74:mDoMemCdRWm_CalcCheckSum__FPvUl
80017B4C:mDoMemCdRWm_CheckCardStat__FP12CARDFileInfo
8001769C:mDoMemCdRWm_Restore__FP12CARDFileInfoPvUl
800179E4:mDoMemCdRWm_SetCardStat__FP12CARDFileInfo
80017D38:mDoMemCdRWm_SetCheckSumGameData__FPUcUc
80017498:mDoMemCdRWm_Store__FP12CARDFileInfoPvUl
80017CEC:mDoMemCdRWm_TestCheckSumGameData__FPv
8001741C:mDoMemCd_main__FPv
8000CC00:mDoMtx_MtxToRot__FPA4_CfP5csXyz
8000CB5C:mDoMtx_QuatConcat__FPC10QuaternionPC10QuaternionP10Quaternion
8000C164:mDoMtx_XYZrotM__FPA4_fsss
8000C0CC:mDoMtx_XYZrotS__FPA4_fsss
8000C39C:mDoMtx_XrotM__FPA4_fs
8000C344:mDoMtx_XrotS__FPA4_fs
8000C434:mDoMtx_YrotM__FPA4_fs
8000C3DC:mDoMtx_YrotS__FPA4_fs
8000C2A0:mDoMtx_ZXYrotM__FPA4_fsss
8000C208:mDoMtx_ZXYrotS__FPA4_fsss
8000C4CC:mDoMtx_ZrotM__FPA4_fs
8000C474:mDoMtx_ZrotS__FPA4_fs
8000C8D0:mDoMtx_concatProjView__FPA4_CfPA4_CfPA4_f
8000C9B0:mDoMtx_inverseTranspose__FPA4_CfPA4_f
8000C710:mDoMtx_lookAt__FPA4_fPC3VecPC3VecPC3Vecs
8000C50C:mDoMtx_lookAt__FPA4_fPC3VecPC3Vecs
803D78F8:mDoMtx_quatStack
8044AD58:mDoMtx_stack
803D5880:mDoPrintf_FiberStack
80006A10:mDoPrintf_VReport
800068DC:mDoPrintf_vprintf_Interrupt__FPCcP16__va_list_struct
80006964:mDoPrintf_vprintf_Thread__FPCcP16__va_list_struct
80006984:mDoPrintf_vprintf__FPCcP16__va_list_struct
8001574C:mDoRst_resetCallBack__FiPv
80015614:mDoRst_reset__FiUli
8044AFD0:mEcallback__18dPa_modelEcallBack
8044AFE0:mEmitterMng__13dPa_control_c
8044B628:mEnabled__Q210JUTGamePad7CRumble
8044B4BC:mErrorHandler__7JKRHeap
803BBE0C:mEventList__10dMsgFlow_c
8044A6D4:mFadeColor__13mDoGph_gInf_c
8044AD1C:mFadeRate__13mDoGph_gInf_c
8044AD20:mFadeSpeed__13mDoGph_gInf_c
8044AD26:mFade__13mDoGph_gInf_c
8044AD08:mFader__13mDoGph_gInf_c
8041F928:mFindActorPList__8daNpcF_c
8041F848:mFindActorPtrs__8daNpcT_c
8044B130:mFindCount__8daNpcF_c
8044B11C:mFindCount__8daNpcT_c
8044B278:mFirst__24DynamicModuleControlBase
8044ADB4:mFovyRate__14mDoLib_clipper
803D7528:mFrameBufferTexObj__13mDoGph_gInf_c
8044AD10:mFrameBufferTex__13mDoGph_gInf_c
8044AD0C:mFrameBufferTimg__13mDoGph_gInf_c
8044AFE8:mFsenthPcallBack__13dPa_control_c
803B3FF8:mFuncPtr__8daItem_c
803EBE04:mGndCheck__11fopAcM_gc_c
8044B600:mGpStatus__12JUTGraphFifo
8044AE10:mGroundY__11fopAcM_gc_c
8044A6C8:mHeapBriefType
8044ACF8:mInitFlag__17mDoAud_zelAudio_c
8044B734:mJoint__10J3DMtxCalc
8044B27C:mLast__24DynamicModuleControlBase
8044AFA4:mLayerList__8dMpath_c
8041E938:mLifeBall__13dPa_control_c
8044AFEC:mLight8EcallBack__13dPa_control_c
8044AFF0:mLight8PcallBack__13dPa_control_c
803EBD88:mLineCheck__11fopAcM_lc_c
8044B4A0:mLinkPtr__14Z2CreatureLink
8044B610:mListInitialized__10JUTGamePad
8044AFAC:mMaxX__8dMpath_c
8044AFB4:mMaxZ__8dMpath_c
803A0A80:mMemoryBlock__20dStage_roomControl_c
8044B4D4:mMemorySize__7JKRHeap
8044AFA8:mMinX__8dMpath_c
8044AFB0:mMinZ__8dMpath_c
8044AFD8:mModel__18dPa_modelEcallBack
8044B200:mMoji$3770
8044B730:mMtxBuffer__10J3DMtxCalc
8042E470:mMutex__12JKRAramPiece
8044B1E0:mMySelfPointer__9dMf_HIO_c
8044A770:mNextRoomNo__10dMapInfo_c
8044AEA6:mNextStayNo__20dStage_roomControl_c
8044AEA8:mNoChangeRoom__20dStage_roomControl_c
8044B3B8:mNoLoad__16JASBasicWaveBank
8044AFA0:mNowStayFloorNoDecisionFlg__10dMapInfo_c
8044AF98:mNowStayFloorNo__10dMapInfo_c
8044AF9C:mNowStayRoomNo__10dMapInfo_c
8044B0DC:mNum__7dTres_c
8044AEA5:mOldStayNo__20dStage_roomControl_c
8044B614:mPadAssign__10JUTGamePad
8042E560:mPadButton__10JUTGamePad
8042E524:mPadList__10JUTGamePad
8042E620:mPadMStick__10JUTGamePad
8042E660:mPadSStick__10JUTGamePad
8042E530:mPadStatus__10JUTGamePad
8042ED60:mParentS__6J3DSys
8044B008:mParticleTracePCB__13dPa_control_c
8044AFD4:mPcallback__18dPa_modelEcallBack
8044AF00:mPlayerNo__11daTagMist_c
8041E6EC:mPos__12daObjCarry_c
8044AEA0:mProcID__20dStage_roomControl_c
803BB98C:mQueryList__10dMsgFlow_c
8044A6E0:mRenderModeObj__15mDoMch_render_c
8044ADB8:mResetData__6mDoRst
8044ACF9:mResetFlag__17mDoAud_zelAudio_c
803EBE64:mRoofCheck__11fopAcM_rc_c
8044AE14:mRoofY__11fopAcM_rc_c
8044AF0C:mRoomNo__12daObjCarry_c
8044A730:mRoomReadId__20dStage_roomControl_c
8041E5BC:mRoom__7daSus_c
8044AF01:mSaveFlag__12daObjCarry_c
8044AC59:mSelectHeapBar
8044AECA:mSetTop__7daSus_c
8041EA10:mSimpleTexObj__21dDlst_shadowControl_c
8044B134:mSrchActorName__8daNpcF_c
8044B118:mSrchName__8daNpcT_c
8044B004:mStatus__13dPa_control_c
803F01D4:mStatus__20dStage_roomControl_c
8044B624:mStatus__Q210JUTGamePad7CRumble
8044AEA4:mStayNo__20dStage_roomControl_c
8044B6C8:mStrBuffSize__8J2DPrint
8044B6C0:mStrBuff__8J2DPrint
8044AF04:mSttsFlag__12daObjCarry_c
8044ADB0:mSystemFar__14mDoLib_clipper
8044AEFC:mTagMagne__12daTagMagne_c
8044A775:mTopFloorNo__8dMpath_c
8041E8D4:mTsubo__13dPa_control_c
8044B0D8:mTypeGroupData__7dTres_c
8041F578:mTypeGroupListAll__7dTres_c
8044B504:mUserPostCallback__15JKRThreadSwitch
8044B500:mUserPreCallback__15JKRThreadSwitch
8044B4D0:mUserRamEnd__7JKRHeap
8044B4CC:mUserRamStart__7JKRHeap
8044A860:mViewOffsetY__17dMenu_Collect3D_c
8044AA38:mVisible__Q212JUTAssertion23@unnamed@JUTAssert_cpp@
8044AFE4:mWaterBubblePcallBack__13dPa_control_c
803EBEC0:mWaterCheck__11fopAcM_wt_c
8044AE18:mWaterY__11fopAcM_wt_c
8041E9B0:mWindViewMatrix__13dPa_control_c
8044A79C:mWipeColor__12dDlst_list_c
8041EA30:mWipeDlst__12dDlst_list_c
8044B014:mWipeRate__12dDlst_list_c
8044B018:mWipeSpeed__12dDlst_list_c
8044B010:mWipe__12dDlst_list_c
803D7548:mZbufferTexObj__13mDoGph_gInf_c
8044AD18:mZbufferTex__13mDoGph_gInf_c
8044AD14:mZbufferTimg__13mDoGph_gInf_c
803886D8:m__17daAlinkHIO_bow_c0
80387F0C:m__17daAlinkHIO_cut_c0
80388794:m__18daAlinkHIO_bomb_c0
80388748:m__18daAlinkHIO_boom_c0
80388CC8:m__18daAlinkHIO_grab_c0
80388BD0:m__18daAlinkHIO_item_c0
8038773C:m__18daAlinkHIO_move_c0
80388DAC:m__18daAlinkHIO_swim_c0
80389A78:m__18daAlinkHIO_wolf_c0
803876E4:m__19daAlinkHIO_basic_c0
803888F0:m__19daAlinkHIO_board_c0
80388690:m__19daAlinkHIO_canoe_c0
8038801C:m__19daAlinkHIO_guard_c0
80388624:m__19daAlinkHIO_horse_c0
8038794C:m__19daAlinkHIO_slide_c0
803891B8:m__19daAlinkHIO_wlLie_c0
8038898C:m__20daAlinkHIO_bottle_c0
8038809C:m__20daAlinkHIO_crouch_c0
80387D70:m__20daAlinkHIO_cutDaL_c0
80387D8C:m__20daAlinkHIO_cutDaR_c0
80387A64:m__20daAlinkHIO_cutFnL_c0
80387B40:m__20daAlinkHIO_cutFnR_c0
80387ABC:m__20daAlinkHIO_cutFnS_c0
80387A90:m__20daAlinkHIO_cutFnV_c0
803879E4:m__20daAlinkHIO_cutNmL_c0
80387A04:m__20daAlinkHIO_cutNmR_c0
803879C4:m__20daAlinkHIO_cutNmV_c0
803885CC:m__20daAlinkHIO_damage_c0
80388C0C:m__20daAlinkHIO_ladder_c0
803888C0:m__20daAlinkHIO_pickUp_c0
80389A40:m__20daAlinkHIO_wlBall_c0
803899DC:m__20daAlinkHIO_wlGrab_c0
803890C8:m__20daAlinkHIO_wlHowl_c0
80388EA8:m__20daAlinkHIO_wlMove_c0
803891A4:m__20daAlinkHIO_wlPush_c0
803894EC:m__20daAlinkHIO_wlRope_c0
80389934:m__20daAlinkHIO_wlSwim_c0
80387794:m__21daAlinkHIO_atnMove_c0
80388B7C:m__21daAlinkHIO_copyRod_c0
80387DC4:m__21daAlinkHIO_cutDown_c0
80387B6C:m__21daAlinkHIO_cutFnJU_c0
80387AE8:m__21daAlinkHIO_cutFnSl_c0
80387B14:m__21daAlinkHIO_cutFnSm_c0
80387E38:m__21daAlinkHIO_cutHead_c0
80387BC0:m__21daAlinkHIO_cutJump_c0
80387A24:m__21daAlinkHIO_cutNmSL_c0
80387A44:m__21daAlinkHIO_cutNmSR_c0
80387C04:m__21daAlinkHIO_cutTurn_c0
803884D4:m__21daAlinkHIO_damFall_c0
803883EC:m__21daAlinkHIO_damHuge_c0
80388540:m__21daAlinkHIO_damSwim_c0
8038884C:m__21daAlinkHIO_fmChain_c0
80387FCC:m__21daAlinkHIO_gAtKick_c0
80387FA8:m__21daAlinkHIO_gAtPush_c0
80387C9C:m__21daAlinkHIO_hoCutLA_c0
80387CBC:m__21daAlinkHIO_hoCutLB_c0
80387CDC:m__21daAlinkHIO_hoCutRA_c0
80387CFC:m__21daAlinkHIO_hoCutRB_c0
803887E0:m__21daAlinkHIO_huLight_c0
80388AB0:m__21daAlinkHIO_spinner_c0
803898D8:m__21daAlinkHIO_wlChain_c0
80389204:m__21daAlinkHIO_wlLight_c0
8038985C:m__21daAlinkHIO_wlPoint_c0
80389470:m__21daAlinkHIO_wlSlide_c0
80388BB4:m__21daAlinkHIO_zwLight_c0
803880E8:m__22daAlinkHIO_autoJump_c0
803878AC:m__22daAlinkHIO_backJump_c0
803884A8:m__22daAlinkHIO_damHorse_c0
80388330:m__22daAlinkHIO_damLarge_c0
80388A40:m__22daAlinkHIO_hookshot_c0
80388AF0:m__22daAlinkHIO_ironBall_c0
80388290:m__22daAlinkHIO_pushpull_c0
80388C7C:m__22daAlinkHIO_roofHang_c0
803878E4:m__22daAlinkHIO_sideStep_c0
80387FF0:m__22daAlinkHIO_turnMove_c0
80388238:m__22daAlinkHIO_wallFall_c0
80388274:m__22daAlinkHIO_wallHang_c0
80388260:m__22daAlinkHIO_wallMove_c0
803897C8:m__22daAlinkHIO_wlAtBite_c0
803896D8:m__22daAlinkHIO_wlAtDown_c0
80389698:m__22daAlinkHIO_wlAtLand_c0
80389774:m__22daAlinkHIO_wlAtLock_c0
803895D8:m__22daAlinkHIO_wlAtRoll_c0
80389524:m__22daAlinkHIO_wlAtWaLr_c0
80389560:m__22daAlinkHIO_wlAtWaSc_c0
8038959C:m__22daAlinkHIO_wlAtWaTl_c0
80389824:m__22daAlinkHIO_wlAttack_c0
80389444:m__22daAlinkHIO_wlDamage_c0
8038851C:m__23daAlinkHIO_damCaught_c0
803882CC:m__23daAlinkHIO_damNormal_c0
8038783C:m__23daAlinkHIO_frontRoll_c0
803887FC:m__23daAlinkHIO_kandelaar_c0
8038819C:m__23daAlinkHIO_smallJump_c0
803881E4:m__23daAlinkHIO_wallCatch_c0
80389634:m__23daAlinkHIO_wlAtCjump_c0
803895F8:m__23daAlinkHIO_wlAtNjump_c0
80388FF0:m__23daAlinkHIO_wlAtnMove_c0
803893F4:m__23daAlinkHIO_wlDamFall_c0
80389388:m__23daAlinkHIO_wlDamHuge_c0
80388FA8:m__23daAlinkHIO_wlMoveNoP_c0
80388874:m__24daAlinkHIO_magneBoots_c0
80389128:m__24daAlinkHIO_wlAutoJump_c0
80389090:m__24daAlinkHIO_wlBackJump_c0
8038931C:m__24daAlinkHIO_wlDamLarge_c0
80389028:m__24daAlinkHIO_wlSideStep_c0
80389220:m__24daAlinkHIO_wlWallHang_c0
80387DA8:m__25daAlinkHIO_cutDaCharge_c0
80387D1C:m__25daAlinkHIO_hoCutCharge_c0
80389434:m__25daAlinkHIO_wlDamCaught_c0
803892BC:m__25daAlinkHIO_wlDamNormal_c0
80387E98:m__26daAlinkHIO_cutLargeJump_c0
803877E8:m__26daAlinkHIO_noActAtnMove_c0
8044AED0:m_aim_rate__8daYkgr_c
8044AECE:m_alpha__8daYkgr_c
8044AECD:m_alpha_flag__8daYkgr_c
80389D28:m_anmDataTable__9daAlink_c
8044AF4C:m_audio__7dDemo_c
8044AFF4:m_b_Light8EcallBack__13dPa_control_c
8044AFF8:m_b_Light8PcallBack__13dPa_control_c
803D7568:m_bloom__13mDoGph_gInf_c
8044AF84:m_branchData__7dDemo_c
8044A760:m_branchId__7dDemo_c
8044AF80:m_branchType__7dDemo_c
8044A888:m_cloth_item$3797
8044AF44:m_control__7dDemo_c
8044AEC8:m_count__9daArrow_c
803D7428:m_cpadInfo__8mDoCPd_c
8038D9D0:m_cylDat__10daNpcCd2_c
8038CE98:m_cylDat__9daNpcCd_c
803B4070:m_cyl_src__8daItem_c
8044AFFC:m_d_Light8EcallBack__13dPa_control_c
8044B000:m_d_Light8PcallBack__13dPa_control_c
8037B758:m_data__12daItemBase_c
8044AF64:m_data__7dDemo_c
8041E6C8:m_deleteRoom__15dGrass_packet_c
8041E6D4:m_deleteRoom__16dFlower_packet_c
803AC440:m_demoInitTable__9daAlink_c
8044AF18:m_diffTime__11dLib_time_c
8044B15C:m_dropAngleY__20daPy_boomerangMove_c
8044B0B4:m_dzb_id__16dBgS_MoveBgActor
8044B124:m_dzb_id__23daBaseNpc_moveBgActor_c
803A28A8:m_emitterFourData__8dPaPoF_c
803A27D0:m_emitterTwoData__8dPaPoT_c
8044AED8:m_emitter__8daYkgr_c
8041E6BC:m_entryModel__10daMirror_c
8044B15E:m_eventKeepFlg__20daPy_boomerangMove_c
8044B108:m_eye_move_flg__16daAlink_matAnm_c
803ACE4C:m_fEffParamProc__9daAlink_c
8038B528:m_faceTexDataTable__9daAlink_c
8044AF58:m_factory__7dDemo_c
8044AECC:m_flag__8daYkgr_c
8044AEF4:m_flower__9daGrass_c
8044AF74:m_frameNoMsg__7dDemo_c
8044AF68:m_frame__7dDemo_c
803D7418:m_gamePad__8mDoCPd_c
8044AEF0:m_grass__9daGrass_c
8038B980:m_handLeftInSidePos__9daAlink_c
8038B968:m_handLeftOutSidePos__9daAlink_c
8038B98C:m_handRightInSidePos__9daAlink_c
8038B974:m_handRightOutSidePos__9daAlink_c
8037CC28:m_hitSeID__12dCcD_GObjInf
8038F338:m_kamen_offset_x$7578
8038E390:m_kamen_offset_x$8669
8038F34C:m_kamen_offset_y$7579
8038E3A4:m_kamen_offset_y$8670
8038F360:m_kamen_scale$7580
8038E3B8:m_kamen_scale$8671
80389CB8:m_mainBckFishing__9daAlink_c
80389C54:m_mainBckShield__9daAlink_c
80389CA4:m_mainBckSword__9daAlink_c
8044AF5C:m_mesgControl__7dDemo_c
8044AF54:m_message__7dDemo_c
8044B158:m_midnaActor__9daPy_py_c
8038F374:m_mirror_offset_x$7682
8038E3CC:m_mirror_offset_x$8772
8038F388:m_mirror_offset_y$7683
8038E3E0:m_mirror_offset_y$8773
8038F39C:m_mirror_scale$7684
8038E3F4:m_mirror_scale$8774
8044AF78:m_mode__7dDemo_c
8044B109:m_morf_frame__16daAlink_matAnm_c
803A6504:m_mtrl_hit_tbl__4dCcS
8044B0E0:m_myObj__10dMdl_mng_c
8044AEE8:m_myObj__10daMirror_c
8044AEF8:m_myObj__6daMP_c
8044AEEC:m_myObj__9daGrass_c
8044A700:m_name$3788
8044B0B0:m_name__16dBgS_MoveBgActor
8044B120:m_name__23daBaseNpc_moveBgActor_c
8044B270:m_nowID__9dkWmark_c
8044B0E8:m_obj__12dEyeHL_mng_c
8044AF60:m_object__7dDemo_c
8044E2CC:m_other__22dMfm_HIO_prm_res_src_s
8044AF50:m_particle__7dDemo_c
8044AED4:m_path__8daYkgr_c
803AAB88:m_procInitTable__9daAlink_c
8044AEC0:m_res__22dMap_HIO_prm_res_dst_s
8044B1C8:m_res__22dMdm_HIO_prm_res_dst_s
8044AEB4:m_roomDzs__20dStage_roomControl_c
8044AF70:m_rotationY__7dDemo_c
8044B0B8:m_set_func__16dBgS_MoveBgActor
8044B128:m_set_func__23daBaseNpc_moveBgActor_c
8044A890:m_shield_item$3799
8044AF48:m_stage__7dDemo_c
8044AF7C:m_status__7dDemo_c
8044AF20:m_stopTime__11dLib_time_c
8044A88C:m_sword_item$3798
8044AF40:m_system__7dDemo_c
8041E7C4:m_texObjAgg__8dMpath_n
8044AF28:m_timeStopped__11dLib_time_c
8044AEA7:m_time_pass__20dStage_roomControl_c
8044A7E8:m_timer_max__8daItem_c
8044AF38:m_top__12daTagHstop_c
8044AEE4:m_top__13daTagStream_c
8044AF6C:m_translation__7dDemo_c
803A2830:m_typeFourData__8dPaPoF_c
803A2788:m_typeTwoData__8dPaPoT_c
8042ADF4:m_virtual_center__14cCcD_ShapeAttr
8038B090:m_wlAnmDataTable__9daAlink_c
8044B1D0:m_zoomCenterMaxX__20dMenu_StageMapCtrl_c
8044B1D8:m_zoomCenterMaxZ__20dMenu_StageMapCtrl_c
8044B1CC:m_zoomCenterMinX__20dMenu_StageMapCtrl_c
8044B1D4:m_zoomCenterMinZ__20dMenu_StageMapCtrl_c
801760C0:magneCamera__9dCamera_cFl
80006454:main
8000628C:main01__Fv
80015AD8:mainLoop__17mDoDvdThd_param_cFv
8014F0E8:mainProc__11daBaseNpc_cFv
802D47D8:mainRamToAram__7JKRAramFPUcUlUl15JKRExpandSwitchUlP7JKRHeapiPUl
803D5560:mainThread
803CD560:mainThreadStack
8044B2E8:mainThread__9JFWSystem
800167D0:main__15mDoMemCd_Ctrl_cFv
80155C0C:main__8daNpcF_cFv
800157FC:main__9mDoDvdThdFPv
803266D8:makeAlphaCmpTable__Fv
802ECCE8:makeAnmPointer__11J2DMaterialFv
800DEA74:makeArrow__9daAlink_cFv
8027C884:makeColorTable__FPP8_GXColorPC16JPAClrAnmKeyDataUcsP7JKRHeap
80318ABC:makeDisplayList__11J3DMaterialFv
80319500:makeDisplayList__17J3DLockedMaterialFv
80319474:makeDisplayList__18J3DPatchedMaterialFv
803187E0:makeDisplayList_private__11J3DMaterialFP17J3DDisplayListObj
8010F494:makeFairy__9daAlink_cFP4cXyzUl
801F2C0C:makeGameFileDisp__12dMenu_save_cFv
801F2AF4:makeGameFileSelDisp__12dMenu_save_cFv
802FAE2C:makeHierarchyPanes__9J2DScreenFP7J2DPaneP20JSURandomInputStreamUlP10JKRArchive
80327F38:makeHierarchy__12J3DJointTreeFP8J3DJointPPC17J3DModelHierarchyP16J3DMaterialTableP13J3DShapeTable
800BFDAC:makeItemType__9daAlink_cFv
8007140C:makeList__12dAttention_cFv
80053C00:makeMatrix__7J2DPaneFff
802F99DC:makeMatrix__7J2DPaneFffff
802F9FB4:makePaneExStream__7J2DPaneFP7J2DPaneP20JSURandomInputStream
802F8560:makePaneStream__7J2DPaneFP7J2DPaneP20JSURandomInputStream
801860D4:makeRecInfo__14dFile_select_cFUc
8003CD38:makeResTIMG__15dRenderingMap_cCFP7ResTIMGUsUsPUcPUcUs
80328430:makeSharedDL__12J3DModelDataFv
80318B04:makeSharedDisplayList__11J3DMaterialFv
80319504:makeSharedDisplayList__17J3DLockedMaterialFv
80319478:makeSharedDisplayList__18J3DPatchedMaterialFv
803267B0:makeTevSwapTable__Fv
80326630:makeTexCoordTable__Fv
803176FC:makeVcdVatCmd__8J3DShapeFv
80317434:makeVtxArrayCmd__8J3DShapeFv
80326744:makeZModeTable__Fv
800372A0:make_eff_break_gm_kotubo__5daObjFP10fopAc_ac_c
80037330:make_eff_break_gm_ootubo__5daObjFP10fopAc_ac_c
80037210:make_eff_break_kotubo2__5daObjFP10fopAc_ac_c
80037180:make_eff_break_kotubo__5daObjFP10fopAc_ac_c
8006F1E4:makebits__25@unnamed@d_vibration_cpp@FUlll
8006F1A8:makedata__25@unnamed@d_vibration_cpp@FPUsUll
8015EE10:mallocBuffer__14daPy_anmHeap_cFv
8017D9C0:manualCamera__9dCamera_cFl
801BDF08:mapBgAnime__12dMenu_Dmap_cFv
801D1DC4:mapBlink__18dMenu_Fmap2DBack_cFPs
801BDF2C:mapControl__12dMenu_Dmap_cFv
801B88B4:mapIconScaleSet__14dMenu_DmapBg_cFUc
801BF648:mapModeChange_init_proc__12dMenu_Dmap_cFv
801BF6CC:mapModeChange_proc__12dMenu_Dmap_cFv
801BF994:mapMode_init_proc__12dMenu_Dmap_cFv
801BF9A0:mapMode_proc__12dMenu_Dmap_cFv
801B880C:mapScreenAnime__14dMenu_DmapBg_cFv
801B80D0:mapScreenInit__14dMenu_DmapBg_cFv
803B7078:map_icon_size
8041E7E0:map_tool_name$4449
8041E7F4:map_tool_name$4498
8041E808:map_tool_name$4511
80090270:maptoolIdEvCamera__9dCamera_cFv
801FD78C:markMemSize__5dMw_cFv
803924A0:mark_tag$4838
803EBD70:max$5114
8044A8B0:maxStdHeaps__Q29JFWSystem11CSetUpParam
8044B9E8:max_wait
802B82C0:mbossBgmMuteProcess__8Z2SeqMgrFv
801F1E18:memCardCheck__12dMenu_save_cFv
801F2E00:memCardCommandEnd2__12dMenu_save_cFv
801F2D90:memCardCommandEnd__12dMenu_save_cFv
801F2EC4:memCardDataLoadWait__12dMenu_save_cFv
801F3084:memCardDataSaveWait2__12dMenu_save_cFv
801F2FDC:memCardDataSaveWait__12dMenu_save_cFv
801F25D8:memCardErrGoIPLSel2__12dMenu_save_cFv
801F24CC:memCardErrGoIPLSel__12dMenu_save_cFv
801F2678:memCardErrGotoIPL__12dMenu_save_cFv
801F2894:memCardErrMsgWaitFormatSel2__12dMenu_save_cFv
801F26F8:memCardErrMsgWaitFormatSel__12dMenu_save_cFv
801F2014:memCardErrMsgWaitKey__12dMenu_save_cFv
801F2A24:memCardFormatWait__12dMenu_save_cFv
801F29C4:memCardFormat__12dMenu_save_cFv
801F2B74:memCardMakeGameFileSel__12dMenu_save_cFv
801F2D04:memCardMakeGameFileWait__12dMenu_save_cFv
801F2CA4:memCardMakeGameFile__12dMenu_save_cFv
801F19E8:memCardWatch__12dMenu_save_cFv
8044A6C4:memMargin__7mDoMain
8042BC44:memPool_$localstatic3$getMemPool__43JASPoolAllocObject_MultiThreaded<8JASTrack>Fv
8042BC74:memPool_$localstatic3$getMemPool__46JASPoolAllocObject_MultiThreaded<10JASChannel>Fv
8042BC34:memPool_$localstatic3$getMemPool__58JASPoolAllocObject_MultiThreaded<Q28JASTrack11TChannelMgr>Fv
8042E1C4:memPool_$localstatic3$getMemPool___26JASPoolAllocObject<5JAISe>Fv
8042E20C:memPool_$localstatic3$getMemPool___27JASPoolAllocObject<6JAISeq>Fv
8042E23C:memPool_$localstatic3$getMemPool___30JASPoolAllocObject<9JAIStream>Fv
8042E324:memPool_$localstatic3$getMemPool___30JASPoolAllocObject<9Z2Audible>Fv
8042E1F0:memPool_$localstatic3$getMemPool___35JASPoolAllocObject<13JAISoundChild>Fv
8042E304:memPool_$localstatic3$getMemPool___39JASPoolAllocObject<17Z2SoundHandlePool>Fv
8042BCBC:memPool___46JASPoolAllocObject_MultiThreaded<10JASChannel>
80265658:memalignB__3cMlFiUl
803685A0:memchr
80368528:memcmp
80003540:memcpy
803685CC:memmove
80035798:memory_to_card__10dSv_info_cFPci
80003458:memset
80391128:menu2_n$5287
80391268:menu3_n$5326
8025220C:menuAbtnSelect__7dName_cFv
802526F4:menuCursorMove2__7dName_cFv
802525F8:menuCursorMove__7dName_cFv
80251BC8:menuCursorPosSet__7dName_cFv
8018D9E8:menuCursorShow__14dFile_select_cFv
801E5BB4:menuHide__14dMenu_Option_cFi
802B51EC:menuInBgm__8Z2SeqMgrFv
802B0198:menuInSe__7Z2SeMgrFv
802B857C:menuIn__11Z2StatusMgrFv
80186B94:menuMoveAnmInitSet__14dFile_select_cFii
80186CF8:menuMoveAnm__14dFile_select_cFv
802B5234:menuOutBgm__8Z2SeqMgrFv
802B85BC:menuOut__11Z2StatusMgrFv
80186E60:menuSelectAnmSet__14dFile_select_cFv
80186ACC:menuSelectCansel__14dFile_select_cFv
80186FE4:menuSelectMoveAnm__14dFile_select_cFv
80186938:menuSelectStart__14dFile_select_cFv
801867C0:menuSelect__14dFile_select_cFv
801E5AF4:menuShow__14dMenu_Option_cFi
801E5A90:menuVisible__14dMenu_Option_cFv
8018D85C:menuWakuAlpahAnmInit__14dFile_select_cFUcUcUcUc
8018D8A0:menuWakuAlpahAnm__14dFile_select_cFUc
803910F8:menu_n$5286
803912F8:menu_t0$5353
80391318:menu_t1$5360
80391338:menu_t2$5367
80391358:menu_t3$5374
80391378:menu_t4$5381
80391398:menu_t5$5388
803913A8:menut_0$5394
80391408:menut_1$5402
80391468:menut_2$5410
803914C8:menut_3$5418
80391528:menut_4$5426
8044B980:message$351
801F38AC:messageChange__12dMenu_save_cFv
8024C498:messageNodeProc__10dMsgFlow_cFP10fopAc_ac_cPP10fopAc_ac_c
8022D324:messageSePlay__27jmessage_tSequenceProcessorFUcUcP4cXyz
802AFF54:messageSePlay__7Z2SeMgrFUsP3VecSc
8009CBC8:messageSet__FUlb
8020EFC4:meter_map_move__11dMeterMap_cFUl
803B4844:method
8039DC5C:method$2262
8039DC08:methods$2376
8039DC20:methods$2386
8039DC30:methods$2397
800B26E4:midnaTalkTrigger__9daAlink_cCFv
803EBD58:min$5077
8044B9E0:min_wait
802BFB5C:mixChannelOut__10Z2AudienceFRC14JASSoundParamsP10JAIAudiblei
8029EFA0:mixExtraTrack__9JASDriverFPsUlPFl_Ps
8029F080:mixInterleaveTrack__9JASDriverFPsUlPFl_Ps
8029EEF0:mixMonoTrackWide__9JASDriverFPsUlPFl_Ps
8029EE40:mixMonoTrack__9JASDriverFPsUlPFl_Ps
802A46C0:mixOutAll__14JAISoundParamsFRC14JASSoundParamsP14JASSoundParamsf
802AC968:mixOut__10Z2SoundMgrFv
802A6558:mixOut__12JAIStreamMgrFv
802A4F68:mixOut__13JAISoundChildFP8JASTrack
802A2B44:mixOut__8JAISeMgrFv
802A433C:mixOut__9JAISeqMgrFv
802A1538:mixOut___5JAISeFRC14JASSoundParams
802A3788:mixOut___6JAISeqFRC14JASSoundParams16JAISoundActivity
802ADC70:modHeightAtCamera__7Z2SeMgrFPPC3Vec
80192D34:modeMove__12dFile_info_cFv
801934CC:modeMove__14dBrightCheck_cFv
80191F6C:modeMove__15dFile_warning_cFv
80192D30:modeWait__12dFile_info_cFv
801934C8:modeWait__14dBrightCheck_cFv
80191F68:modeWait__15dFile_warning_cFv
803B3F24:mode_proc$4678
8015CD1C:mode_wait__8daItem_cFv
8015CC98:mode_wait_init__8daItem_cFv
8015CE18:mode_water__8daItem_cFv
8015CCD4:mode_water_init__8daItem_cFv
800106AC:modelCalc__14mDoExt_McaMorfFv
80012170:modelCalc__15mDoExt_McaMorf2Fv
800111EC:modelCalc__16mDoExt_McaMorfSOFv
800CC294:modelCalc__9daAlink_cFP8J3DModel
8009EB90:modelCallBack__9daAlink_cFi
800CC318:modelDraw__9daAlink_cFP8J3DModeli
8036E930:modf
803387B8:modifyMaterial__14J3DModelLoaderFUl
80333B28:modifyPatchedCurrentMtx__18J3DMaterialFactoryCFP11J3DMateriali
8018D31C:modoruTxtChange__14dFile_select_cFUc
801F679C:modoruTxtDispAnmInit__12dMenu_save_cFUc
8018D378:modoruTxtDispAnmInit__14dFile_select_cFUc
801F6818:modoruTxtDispAnm__12dMenu_save_cFv
8018D3F4:modoruTxtDispAnm__14dFile_select_cFv
80250D80:mojiChange__7dName_cFUc
80252420:mojiListChange__7dName_cFv
8000A290:motionBlure__FP10view_class
80264B00:mountCallback__20DynamicModuleControlFPv
802D7C80:mount__10JKRArchiveFPCcQ210JKRArchive10EMountModeP7JKRHeapQ210JKRArchive15EMountDirection
802D7CDC:mount__10JKRArchiveFPvP7JKRHeapQ210JKRArchive15EMountDirection
802D7D64:mount__10JKRArchiveFlQ210JKRArchive10EMountModeP7JKRHeapQ210JKRArchive15EMountDirection
802D6E50:mount__12JKRFileCacheFPCcP7JKRHeapPCc
80017148:mount__15mDoMemCd_Ctrl_cFv
80223920:move2DContents__9dMeter2_cFv
80042FA8:moveApproval__14dEvt_control_cFPv
80224AAC:moveArrowNum__9dMeter2_cFv
80244FDC:moveBaseLength__14dMsgScrnHowl_cFb
80224558:moveBombNum__9dMeter2_cFv
802249B0:moveBottleNum__9dMeter2_cFv
802229F8:moveButton3D__9dMeter2_cFv
8022199C:moveButtonA__9dMeter2_cFv
80221F4C:moveButtonB__9dMeter2_cFv
80222ABC:moveButtonC__9dMeter2_cFv
802235E0:moveButtonCross__9dMeter2_cFv
80222620:moveButtonR__9dMeter2_cFv
80222BEC:moveButtonS__9dMeter2_cFv
80222C70:moveButtonXY__9dMeter2_cFv
80222758:moveButtonZ__9dMeter2_cFv
80195900:moveCenter__16dSelect_cursor_cFP7J2DPaneff
80198448:moveCursor0__13dShopSystem_cFiUc
801986C8:moveCursor1__13dShopSystem_cFiUc
80198404:moveCursor__13dShopSystem_cFiUc
802A5354:moveDolby__18JAISoundParamsMoveFfUl
801C1274:moveFloor__20dMenu_StageMapCtrl_cFv
802A52A4:moveFxMix__18JAISoundParamsMoveFfUl
802208D8:moveKantera__9dMeter2_cFv
80221804:moveKey__9dMeter2_cFv
802204B8:moveLife__9dMeter2_cFv
801C45C0:moveLightDropAnime__16dMenuMapCommon_cFv
80220FE0:moveLightDrop__9dMeter2_cFv
80244DF0:moveLineV__14dMsgScrnHowl_cFb
80220C74:moveOxygen__9dMeter2_cFv
80224DD8:movePachinkoNum__9dMeter2_cFv
802A52FC:movePan__18JAISoundParamsMoveFfUl
802A524C:movePitch__18JAISoundParamsMoveFfUl
80221388:moveRupee__9dMeter2_cFv
800CBA70:moveShadowScaleLight__9daAlink_cFv
80223854:moveSubContents__9dMeter2_cFv
80223850:moveTouchSubMenu__9dMeter2_cFv
802A51F4:moveVolume__18JAISoundParamsMoveFfUl
8003F6C8:move__10dMapInfo_cFif
80196488:move__16ShopCam_action_cFv
8023E808:move__17dMsgScrnExplain_cFv
801DB4E4:move__19dMenu_ItemExplain_cFv
801C21F4:move__20dMenu_StageMapCtrl_cFv
802F93FC:move__7J2DPaneFff
8023EDC0:move_init__17dMsgScrnExplain_cFv
801DBBC4:move_init__19dMenu_ItemExplain_cFv
80194008:move_init__8dScope_cFv
801DC254:move_next_init__19dMenu_ItemExplain_cFv
801DC288:move_next_proc__19dMenu_ItemExplain_cFv
803B8F30:move_proc
8023EDE4:move_proc__17dMsgScrnExplain_cFv
801DBBF0:move_proc__19dMenu_ItemExplain_cFv
8019400C:move_proc__8dScope_cFv
8015CB04:move_proc_call__8daItem_cFv
8023EEBC:move_select_init__17dMsgScrnExplain_cFv
801DBD28:move_select_init__19dMenu_ItemExplain_cFv
8023F124:move_select_proc__17dMsgScrnExplain_cFv
801DBFB8:move_select_proc__19dMenu_ItemExplain_cFv
803B9DEC:mpIconName$5044
8044D7A8:msDemoArcName$4619
8044A800:msgTbl
801F3BB4:msgTxtSet__12dMenu_save_cFUsb
801F54A4:msgWindowClose__12dMenu_save_cFv
801F527C:msgWindowInitOpen__12dMenu_save_cFv
801F5408:msgWindowOpen__12dMenu_save_cFv
8037D620:msg_data
8044B660:msr__12JUTException
8042AEF8:mtx
803C7CB0:mtxCache$1263
803A2EFC:mtx_adj$5842
8037AD40:mtx_adj$6195
800E24B4:multVecMagneBootInvMtx__9daAlink_cFP4cXyz
8023D114:multiDraw__14dMsgScrnBase_cFv
802ACE28:multiVolumeSoundID__10Z2SoundMgrF10JAISoundIDf
802BBE64:muteSceneBgm__8Z2SeqMgrFUlf
80294BD0:mute__8JASTrackFb
8000B7C8:myExceptionCallback__FUsP9OSContextUlUl
8000B1EC:myGetHeapTypeByString__FP7JKRHeap
8003BD00:myGetMemBlockSize0__FPv
8003BC98:myGetMemBlockSize__FPv
8000B5C8:myHeapCheckRecursive__FP7JKRHeap
8000B3EC:myMemoryErrorRoutine__FPvUli
800158DC:my_DVDConvertPathToEntrynum__FPCc
800155D8:my_OSCancelAlarmAll__Fv
8000BCF4:my_PrintHeap__FPCcUl
800067C8:my_PutString__FPCc
8000BCF8:my_SysPrintHeap__FPCcPvUl
8044B1C0:myclass__12dMenu_Dmap_c
8044A7E4:nColor0$42528
8044D220:name0$41425
8044D228:name1$41426
80250780:nameCheck__7dName_cFv
802519A8:nameCursorMove__7dName_cFv
801876EC:nameInput2Move__14dFile_select_cFv
80187798:nameInput2__14dFile_select_cFv
801875E8:nameInputFade__14dFile_select_cFv
801873D0:nameInputWait__14dFile_select_cFv
80187408:nameInput__14dFile_select_cFv
8019004C:nameMoveAnmInitSet__14dFile_select_cFii
801900FC:nameMoveAnm__14dFile_select_cFv
80187544:nameToDataSelectMove__14dFile_select_cFv
80390020:name_0$4085
80390080:name_id$4087
803909D0:name_tag$3883
80391DD0:name_tag$4306
802F647C:newAlphaComp__18J2DMaterialFactoryCFi
80334C04:newAlphaComp__18J3DMaterialFactoryCFi
8033637C:newAlphaComp__22J3DMaterialFactory_v21CFi
803343EC:newAmbColor__18J3DMaterialFactoryCFii
802BF778:newAudible__10Z2AudienceFRCQ29JGeometry8TVec3<f>10JAISoundIDPCQ29JGeometry8TVec3<f>Ul
802A48B4:newAudible__8JAISoundFRCQ29JGeometry8TVec3<f>PCQ29JGeometry8TVec3<f>UlP11JAIAudience
802A7E90:newBank__10JAUSectionFPCvUl
802F64F8:newBlend__18J2DMaterialFactoryCFi
80334C84:newBlend__18J3DMaterialFactoryCFi
803363FC:newBlend__22J3DMaterialFactory_v21CFi
802F5B68:newColorChanNum__18J2DMaterialFactoryCFi
80334210:newColorChanNum__18J3DMaterialFactoryCFi
80335CD0:newColorChanNum__22J3DMaterialFactory_v21CFi
802F5BA0:newColorChan__18J2DMaterialFactoryCFii
80334248:newColorChan__18J3DMaterialFactoryCFii
80335D08:newColorChan__22J3DMaterialFactory_v21CFii
802A7C30:newCopy__10JAUSectionFPCvUll
802F5D7C:newCullMode__18J2DMaterialFactoryCFi
80334568:newCullMode__18J3DMaterialFactoryCFi
80335FCC:newCullMode__22J3DMaterialFactory_v21CFi
80056018:newData__13dDlst_peekZ_cFssPUl
80031248:newData__7daSus_cFScRC4cXyzRC4cXyzUcUcUc
80315258:newDifferedDisplayList__14J3DShapePacketFUl
80329A98:newDifferedDisplayList__8J3DModelFUl
80314CA8:newDisplayList__13J3DDrawPacketFUl
80314924:newDisplayList__17J3DDisplayListObjFUl
802F6574:newDither__18J2DMaterialFactoryCFi
80334D60:newDither__18J3DMaterialFactoryCFi
803364D8:newDither__22J3DMaterialFactory_v21CFi
802A84EC:newDynamicSeqBlock__14JAUSectionHeapFUl
802A6D70:newDynamicSeqBlock__17JAUAudioArcLoaderFUl
80334B28:newFog__18J3DMaterialFactoryCFi
803362A0:newFog__22J3DMaterialFactory_v21CFi
802F5E04:newFontNo__18J2DMaterialFactoryCFi
802F62C0:newIndTevStage__18J2DMaterialFactoryCFii
80334950:newIndTevStage__18J3DMaterialFactoryCFii
802F6414:newIndTexCoordScale__18J2DMaterialFactoryCFii
80334AE4:newIndTexCoordScale__18J3DMaterialFactoryCFii
802F61BC:newIndTexMtx__18J2DMaterialFactoryCFii
803348A8:newIndTexMtx__18J3DMaterialFactoryCFii
802F6154:newIndTexOrder__18J2DMaterialFactoryCFii
80334864:newIndTexOrder__18J3DMaterialFactoryCFii
802F6124:newIndTexStageNum__18J2DMaterialFactoryCFi
8033483C:newIndTexStageNum__18J3DMaterialFactoryCFi
8029A1D4:newInstTable__12JASBasicBankFUcP7JKRHeap
802F5AC8:newMatColor__18J2DMaterialFactoryCFii
803341B4:newMatColor__18J3DMaterialFactoryCFii
80335C74:newMatColor__22J3DMaterialFactory_v21CFii
80292CF8:newMemPool__17JASGenericMemPoolFUli
80334D98:newNBTScale__18J3DMaterialFactoryCFi
80336510:newNBTScale__22J3DMaterialFactory_v21CFi
8029A7A0:newPercArray__10JASDrumSetFUcP7JKRHeap
8003C260:newResInfo__14dRes_control_cFP11dRes_info_ci
802A7940:newSeSeqCollection__10JAUSectionFPCvUl
802A28C4:newSe___8JAISeMgrFiUl
80339CE8:newShapeDraw__15J3DShapeFactoryCFii
80339A58:newShapeMtx__15J3DShapeFactoryCFUlii
8031932C:newSharedDisplayList__11J3DMaterialFUl
803282B0:newSharedDisplayList__12J3DModelDataFUl
8004D128:newSimple__13dPa_control_cFUsUcPUl
80314D34:newSingleDisplayList__13J3DDrawPacketFUl
803149A4:newSingleDisplayList__17J3DDisplayListObjFUl
803193C0:newSingleSharedDisplayList__11J3DMaterialFUl
802A76E0:newSoundNameTable__10JAUSectionFPCvUlb
802A7624:newSoundTable__10JAUSectionFPCvUlb
802A79D8:newStaticSeqDataBlock___10JAUSectionF10JAISoundIDUl
802A7B70:newStaticSeqData__10JAUSectionF10JAISoundID
802A7B08:newStaticSeqData__10JAUSectionF10JAISoundIDPCvUl
802D0188:newStreamAram__26JAUStreamStaticAramMgr_<1>FPUl
802A779C:newStreamFileTable__10JAUSectionFPCvb
802A65B4:newStream___12JAIStreamMgrFv
802F5EB8:newTevColor__18J2DMaterialFactoryCFii
8033463C:newTevColor__18J3DMaterialFactoryCFii
803360A0:newTevColor__22J3DMaterialFactory_v21CFii
802F5F50:newTevKColor__18J2DMaterialFactoryCFii
803346AC:newTevKColor__18J3DMaterialFactoryCFii
80336110:newTevKColor__22J3DMaterialFactory_v21CFii
802F5E44:newTevOrder__18J2DMaterialFactoryCFii
803345F0:newTevOrder__18J3DMaterialFactoryCFii
80336054:newTevOrder__22J3DMaterialFactory_v21CFii
802F5FF0:newTevStageNum__18J2DMaterialFactoryCFi
80334708:newTevStageNum__18J3DMaterialFactoryCFi
8033616C:newTevStageNum__22J3DMaterialFactory_v21CFi
802F6028:newTevStage__18J2DMaterialFactoryCFii
80334740:newTevStage__18J3DMaterialFactoryCFii
803361A4:newTevStage__22J3DMaterialFactory_v21CFii
802F6088:newTevSwapModeTable__18J2DMaterialFactoryCFii
803347A0:newTevSwapModeTable__18J3DMaterialFactoryCFii
80336204:newTevSwapModeTable__22J3DMaterialFactory_v21CFii
802F5C2C:newTexCoord__18J2DMaterialFactoryCFii
80334480:newTexCoord__18J3DMaterialFactoryCFii
80335EE4:newTexCoord__22J3DMaterialFactory_v21CFii
802F5BF4:newTexGenNum__18J2DMaterialFactoryCFi
80334448:newTexGenNum__18J3DMaterialFactoryCFi
80335EAC:newTexGenNum__22J3DMaterialFactory_v21CFi
802F5CA0:newTexMtx__18J2DMaterialFactoryCFii
803344E0:newTexMtx__18J3DMaterialFactoryCFii
80335F44:newTexMtx__22J3DMaterialFactory_v21CFii
802F5DBC:newTexNo__18J2DMaterialFactoryCFii
803345A8:newTexNo__18J3DMaterialFactoryCFii
8033600C:newTexNo__22J3DMaterialFactory_v21CFii
802A7FC4:newVoiceBank__10JAUSectionFUlUl
802A6D40:newVoiceBank__17JAUAudioArcLoaderFUlUl
802A7C94:newWaveBank__10JAUSectionFUlPCv
80334D28:newZCompLoc__18J3DMaterialFactoryCFi
803364A0:newZCompLoc__22J3DMaterialFactory_v21CFi
80334CC8:newZMode__18J3DMaterialFactoryCFi
80336440:newZMode__22J3DMaterialFactory_v21CFi
8044ABA8:next
800719A0:nextAttention__12dAttention_cFv
8044B31C:nextCount$2650
8003E490:nextData__22dMenuFmapIconPointer_cFv
8018ADE8:nextModeWait__14dFile_select_cFv
80163630:nextMode__9dCamera_cFl
8044B265:nextPauseTimer__9dScnPly_c
802595FC:nextSceneChange__10dScnLogo_cFv
8044B310:nextTick$2642
80163DA8:nextType__9dCamera_cFl
8044A6E8:next__14mDoMtx_stack_c
802591C0:nintendoInDraw__10dScnLogo_cFv
80259244:nintendoOutDraw__10dScnLogo_cFv
8039DA38:noFadeFase$2275
8018E988:noFileSpaceDispInit__14dFile_select_cFv
8027A0BC:noLoadPrj__FPC18JPAEmitterWorkDataPA4_Cf
8018EC24:noSaveSelDispInit__14dFile_select_cFv
8024C960:nodeProc__10dMsgFlow_cFP10fopAc_ac_cPP10fopAc_ac_c
802691F4:normZC__4cXyzCFv
80269160:normZP__4cXyzCFv
80269114:norm__4cXyzCFv
803A24BC:normalID$5532
8044D238:normalNameID$41524
8038C048:normalOffset$60104
8038BEF8:normalType0$50862
8038BF0C:normalType1$50863
8038B838:normalType1$6982
8038B84C:normalType2$6983
8038B860:normalType3$6984
8026940C:normalizeRS__4cXyzFv
80331068:normalizeWeight__11J3DDeformerFiPf
80269378:normalizeZP__4cXyzFv
80269324:normalize__4cXyzFv
8044D484:notColor0$76214
800D17C0:notSwordHitVibActor__9daAlink_cFP10fopAc_ac_c
800B4988:notTalk__9daAlink_cFv
80294B38:noteOffAll__8JASTrackFUs
802945C8:noteOff__8JASTrackFUlUs
80295650:noteOff__Q28JASTrack11TChannelMgrFUlUs
8029A070:noteOnOsc__7JASBankFiUcUcUsPFUlP10JASChannelPQ26JASDsp8TChannelPv_vPv
80299D60:noteOn__7JASBankFPC7JASBankiUcUcUsPFUlP10JASChannelPQ26JASDsp8TChannelPv_vPv
80294368:noteOn__8JASTrackFUlUlUl
803D75B0:now__14mDoMtx_stack_c
803B6170:now_shadow_alpha$5927
8039C618:npio2_hw
8044A780:numTelopData
803ACDC4:oBridgePortal$39240
8044B388:oRandom$1099
8044B474:oRandom$401
8025D48C:objectDeleteJugge__FPvPv
8025D688:objectSetCheck__FP19room_of_scene_class
8017D9C8:observeCamera__9dCamera_cFl
8044D798:ocArcName$4615
800356B4:offActor__10dSv_info_cFii
803306CC:offAllFlag__13J3DDeformDataFUl
8023827C:offCameraCancelFlag__12dMsgObject_cFv
8014124C:offCondition__11dEvt_info_cFUs
800349A4:offEventBit__11dSv_event_cFUs
80033E94:offFirstBit__21dSv_player_get_item_cFUc
8019759C:offFlag__13dShopSystem_cFi
800E82D0:offGoatStopGame__9daAlink_cFv
80110878:offKandelaarModel__9daAlink_cFv
80237E44:offMsgSendControlLocal__12dMsgObject_cFv
80238BDC:offMsgSendControl__12dMsgObject_cFv
80237E80:offMsgSendLocal__12dMsgObject_cFv
80238C60:offMsgSend__12dMsgObject_cFv
80141178:offNoResetFlg0__9daPy_py_cFQ29daPy_py_c9daPy_FLG0
801413A8:offNoResetFlg1__9daPy_py_cFQ29daPy_py_c9daPy_FLG1
801413B8:offNoResetFlg2__9daPy_py_cFQ29daPy_py_c9daPy_FLG2
80034DC8:offOneSwitch__13dSv_zoneBit_cFi
80101CCC:offOxygenTimer__9daAlink_cFv
8025BF98:offReset__9dScnPly_cFv
800D01B8:offSetFlg__16daAlink_matAnm_cFv
800429B4:offSkipFade__14dEvt_control_cFv
801975F4:offSoldOutItemFlag__13dShopSystem_cFi
8009C230:offStatus__7dTres_cFUcii
80031D78:offSttsFlag__12daObjCarry_cFiUc
800352B0:offSwitch__10dSv_info_cFii
80034BC0:offSwitch__12dSv_danBit_cFi
80034838:offSwitch__12dSv_memBit_cFi
80034D2C:offSwitch__13dSv_zoneBit_cFi
800D1348:offSwordModel__9daAlink_cFv
800347C4:offTbox__12dSv_memBit_cFi
80034AC8:offVisitedRoom__13dSv_memory2_cFi
8003AC1C:offWarpMaterial__11dRes_info_cFP12J3DModelData
80127CF8:offWolfEyeUp__9daAlink_cFv
80034EF8:off__15dSv_zoneActor_cFi
803B5E6C:offset$4331
8044D0F0:offsetAngle$25945
8003EDC0:offsetPlus__10dMapInfo_nFPC21dStage_FileList2_dt_cP3Vec
8038BE8C:offsetPos$42230
8044B410:old_time$264
8004B504:onActive__Q313dPa_control_c7level_c9emitter_cFv
80035644:onActor__10dSv_info_cFii
800080A0:onBlure__13mDoGph_gInf_cFPA4_Cf
80008078:onBlure__13mDoGph_gInf_cFv
80238264:onCameraCancelFlag__12dMsgObject_cFv
8003422C:onCollectCrystal__20dSv_player_collect_cFUc
80034270:onCollectMirror__20dSv_player_collect_cFUc
8014122C:onCondition__11dEvt_info_cFUs
80032B94:onDarkClearLV__21dSv_player_status_b_cFi
8021D08C:onDirectUseItem__13dMeter2Info_cFi
8029CA94:onDispose__10JASWaveArcFv
80292FFC:onDispose__11JASDisposerFv
80034918:onDungeonItem__12dSv_memBit_cFi
8029B3D4:onEraseDone__10JASWaveArcFv
8029AF5C:onEraseDone__Q216JASBasicWaveBank10TWaveGroupFv
8003498C:onEventBit__11dSv_event_cFUs
802B7BDC:onFieldBgmJumpEnd__8Z2SeqMgrFv
802B7B90:onFieldBgmJumpStart__8Z2SeqMgrFv
80033E60:onFirstBit__21dSv_player_get_item_cFUc
80197580:onFlag__13dShopSystem_cFi
80141A40:onForcePanic__9daMidna_cFv
800C1E18:onFrollCrashFlg__9daAlink_cFUci
8001E11C:onFrollCrashFlg__9daPy_py_cFUci
801814DC:onHorseDush__9dCamera_cFv
800354E0:onItem__10dSv_info_cFii
80034C4C:onItem__12dSv_danBit_cFi
800348C4:onItem__12dSv_memBit_cFi
80034E24:onItem__13dSv_zoneBit_cFi
802382A8:onKillMessageFlag__12dMsgObject_cFv
80034428:onLetterGetFlag__17dSv_letter_info_cFi
80034474:onLetterReadFlag__17dSv_letter_info_cFi
80034368:onLightDropGetFlag__16dSv_light_drop_cFUc
8029B3D0:onLoadDone__10JASWaveArcFv
8029AF34:onLoadDone__Q216JASBasicWaveBank10TWaveGroupFv
8012675C:onLockFlg__15daAlink_sight_cFv
8014173C:onMagneGrab__9daPy_py_cFff
80163C84:onModeChange__9dCamera_cFll
80237E34:onMsgSendControlLocal__12dMsgObject_cFv
80238BB0:onMsgSendControl__12dMsgObject_cFv
80237E70:onMsgSendLocal__12dMsgObject_cFv
80238C34:onMsgSend__12dMsgObject_cFv
80141310:onNoResetFlg0__9daPy_py_cFQ29daPy_py_c9daPy_FLG0
80141168:onNoResetFlg2__9daPy_py_cFQ29daPy_py_c9daPy_FLG2
80141AD0:onNoServiceWait__9daMidna_cFv
80034E7C:onOneItem__13dSv_zoneBit_cFi
80034DAC:onOneSwitch__13dSv_zoneBit_cFi
800D6F38:onPressedDamage__9daAlink_cFRC4cXyzs
80141820:onPressedDamage__9daPy_py_cFRC4cXyzs
80032E4C:onRegionBit__33dSv_player_field_last_stay_info_cFi
801647FC:onRoomChange__9dCamera_cFl
801CCAE4:onRoomDataBit__12dMenu_Fmap_cFi
800D0850:onSceneChangeAreaJump__9daAlink_cFUcUcP10fopAc_ac_c
801417B4:onSceneChangeAreaJump__9daPy_py_cFUcUcP10fopAc_ac_c
800CF34C:onSceneChangeArea__9daAlink_cFUcUcP10fopAc_ac_c
801417B0:onSceneChangeArea__9daPy_py_cFUcUcP10fopAc_ac_c
800D0868:onSceneChangeDead__9daAlink_cFUci
801417B8:onSceneChangeDead__9daPy_py_cFUci
800429A8:onSkipFade__14dEvt_control_cFv
801975D8:onSoldOutItemFlag__13dShopSystem_cFi
8010DA7C:onSpinnerPathForceRemove__9daAlink_cFv
8014185C:onSpinnerPathForceRemove__9daPy_py_cFv
8009C1A8:onStatus__7dTres_cFUcii
80031D64:onSttsFlag__12daObjCarry_cFiUc
801646E8:onStyleChange__9dCamera_cFll
80035200:onSwitch__10dSv_info_cFii
80034B98:onSwitch__12dSv_danBit_cFi
80034810:onSwitch__12dSv_memBit_cFi
80034D04:onSwitch__13dSv_zoneBit_cFi
800347A0:onTbox__12dSv_memBit_cFi
80032BD0:onTransformLV__21dSv_player_status_b_cFi
80164498:onTypeChange__9dCamera_cFll
802B4DDC:onVariantBgmJumpEnd__8Z2SeqMgrFb
80034AA4:onVisitedRoom__13dSv_memory2_cFi
8003AB30:onWarpMaterial__11dRes_info_cFP12J3DModelData
80138BB8:onWolfEnemyBiteAll__9daAlink_cFP10fopAc_ac_cQ29daPy_py_c9daPy_FLG2
8014182C:onWolfEnemyBiteAll__9daPy_py_cFP10fopAc_ac_cQ29daPy_py_c9daPy_FLG2
80127CA0:onWolfEyeUp__9daAlink_cFv
80034ED4:on__15dSv_zoneActor_cFi
802AAB40:on_branch__Q28JMessage18TSequenceProcessorFPCvPCc
802AAB14:on_branch_queryResult__Q28JMessage18TSequenceProcessorFv
802AAAE0:on_branch_query__Q28JMessage18TSequenceProcessorFUl
802AAAD0:on_branch_register__Q28JMessage18TSequenceProcessorFPFPCQ28JMessage18TSequenceProcessorUl_PCvPCvUl
802AA9E4:on_isReady__Q28JMessage18TSequenceProcessorFv
802AAA50:on_jump__Q28JMessage18TSequenceProcessorFPCvPCc
802AAA24:on_jump_isReady__Q28JMessage18TSequenceProcessorFv
802AAA10:on_jump_register__Q28JMessage18TSequenceProcessorFPFPCQ28JMessage18TSequenceProcessor_PCvUl
802AB064:on_message__Q28JMessage10TProcessorCFUl
802AA278:on_select_begin__Q28JMessage10TProcessorFPFPQ28JMessage10TProcessor_PCcPCvPCcUl
802AA31C:on_select_end__Q28JMessage10TProcessorFv
802AA374:on_select_separate__Q28JMessage10TProcessorFv
802AA424:on_tag___Q28JMessage10TProcessorFv
8044F748:one$776
8044AA40:oneFrameRate
8044AA44:oneFrameRateUser
8017F2A8:oneSideCamera__9dCamera_cFl
8044A8F8:one__11JASWaveInfo
803915B8:op_tx$5463
8023B860:open1Proc__17dMsgScrn3Select_cFv
8023B950:open2Proc__17dMsgScrn3Select_cFv
80294060:openChild__8JASTrackFUl
801DC43C:openExplainDmap__19dMenu_ItemExplain_cFUcUcUcbUc
801DC7AC:openExplainTx__19dMenu_ItemExplain_cFUlUl
801EFBE8:openExplain__12dMenu_Ring_cFUc
8023F588:openExplain__17dMsgScrnExplain_cFUlUcUcUcb
801DC3B4:openExplain__19dMenu_ItemExplain_cFUcUcUcb
80192090:openInit__15dFile_warning_cFv
80234C2C:openProc__12dMsgObject_cFv
801F3DAC:openSaveSelect2__12dMenu_save_cFv
801F3E98:openSaveSelect3__12dMenu_save_cFv
801F3C80:openSaveSelect__12dMenu_save_cFv
802DBCEC:open__10JKRDvdFileFPCc
802DBD60:open__10JKRDvdFileFl
802DA250:open__13JKRDvdArchiveFl
802D91CC:open__13JKRMemArchiveFPvUl15JKRMemBreakFlag
802D9068:open__13JKRMemArchiveFlQ210JKRArchive15EMountDirection
802D9744:open__14JKRAramArchiveFl
802DAE58:open__14JKRCompArchiveFl
8023EC14:open_init__17dMsgScrnExplain_cFv
801DB894:open_init__19dMenu_ItemExplain_cFv
80193F74:open_init__8dScope_cFv
8023ECAC:open_proc__17dMsgScrnExplain_cFv
801DBB28:open_proc__19dMenu_ItemExplain_cFv
80193F90:open_proc__8dScope_cFv
8023EB08:open_request_init__17dMsgScrnExplain_cFv
8023EB0C:open_request_proc__17dMsgScrnExplain_cFv
801B5218:option_close_init__17dMenu_Collect2D_cFv
801B5254:option_close_proc__17dMenu_Collect2D_cFv
801B516C:option_move_init__17dMenu_Collect2D_cFv
801B51A8:option_move_proc__17dMenu_Collect2D_cFv
801B5054:option_open_init__17dMenu_Collect2D_cFv
801B50FC:option_open_proc__17dMenu_Collect2D_cFv
802D5AB0:orderAsync__12JKRAramPieceFiUlUlUlP12JKRAramBlockPFUl_v
802DDD9C:orderAsync__9JKRDecompFPUcPUcUlUlPFUl_v
8014F040:orderEvent__11daBaseNpc_cFiPc
80048940:orderEvent__17dEvLib_callback_cFiii
801538C8:orderEvent__8daNpcF_cFiPcUsUsUcUs
800415D8:orderOld__14dEvt_control_cFUsUsUsUsPvPvPCv
800B7BB4:orderPeep__9daAlink_cFv
80046A58:orderStartDemo__16dEvent_manager_cFv
802D5CD4:orderSync__12JKRAramPieceFiUlUlUlP12JKRAramBlock
802DDE24:orderSync__9JKRDecompFPUcPUcUlUl
800B7C30:orderTalk__9daAlink_cFi
800B80FC:orderZTalk__9daAlink_cFv
80041668:order__14dEvt_control_cFUsUsUsUsPvPvsUc
80047984:order__16dEvent_manager_cFs
8042BC98:osc$306
8044B3B0:oscp$214
802352EC:outnowProc__12dMsgObject_cFv
802690EC:outprod__4cXyzCFRC3Vec
802355E0:outwaitProc__12dMsgObject_cFv
8044BAC4:overflowcb
8005CDD0:overhead_bg_chk__Fv
8029469C:overwriteOsc__8JASTrackFP10JASChannel
803CC978:p2f$358
8044BB20:pEXIInputFlag
803BE46C:p_direction
8044A8E0:p_dl
8042EB00:p_name$494
803BE494:p_plane
803BE460:p_prj
803BE480:p_rot
80070058:padLockButton__25@unnamed@d_attention_cpp@Fl
803D8DE8:padding
80229780:pageSend__19jmessage_tReferenceFv
80390230:palNo$3985
801E8798:paneResize__14dMenu_Option_cFUx
802569B0:paneScale__8CPaneMgrFff
8020B6D8:paneTrans__14dMeterButton_cFP8CPaneMgrffUc
80256928:paneTrans__8CPaneMgrFff
802E4698:panic_f__12JUTExceptionFPCciPCce
802E455C:panic_f_va__12JUTExceptionFPCciPCcP16__va_list_struct
8017A2EC:paraRailCamera__9dCamera_cFl
803B623C:parcent_tabel$9036
80287C14:parseBlock_block__Q27JStudio6TParseFRCQ47JStudio3stb4data13TParse_TBlockUl
8028BC18:parseBlock_block__Q37JStudio3stb6TParseFRCQ47JStudio3stb4data13TParse_TBlockUl
80287D20:parseBlock_block_ctb___Q27JStudio6TParseFRCQ47JStudio3stb4data13TParse_TBlockUl
80287C74:parseBlock_block_fvb___Q27JStudio6TParseFRCQ47JStudio3stb4data13TParse_TBlockUl
802AB734:parseBlock_next__Q28JMessage6TParseFPPCvPUlUl
802838A0:parseBlock_next__Q37JStudio3ctb6TParseFPPCvPUlUl
80287020:parseBlock_next__Q37JStudio3fvb6TParseFPPCvPUlUl
8028BBBC:parseBlock_next__Q37JStudio3stb6TParseFPPCvPUlUl
8028BC50:parseBlock_object__Q37JStudio3stb6TParseFRCQ47JStudio3stb4data20TParse_TBlock_objectUl
802AB8D0:parseCharacter_1Byte__Q28JMessage6localeFPPCc
802AB8E8:parseCharacter_2Byte__Q28JMessage6localeFPPCc
802AB968:parseCharacter_ShiftJIS__Q28JMessage6localeFPPCc
802AB9CC:parseCharacter_UTF8__Q28JMessage6localeFPPCc
80297AE0:parseCommand__12JASSeqParserFP8JASTrackUcUs
80287B38:parseHeader__Q27JStudio6TParseFRCQ47JStudio3stb4data14TParse_THeaderUl
8028BC10:parseHeader__Q37JStudio3stb6TParseFRCQ47JStudio3stb4data14TParse_THeaderUl
802AB5F8:parseHeader_next__Q28JMessage6TParseFPPCvPUlUl
8028380C:parseHeader_next__Q37JStudio3ctb6TParseFPPCvPUlUl
80286F8C:parseHeader_next__Q37JStudio3fvb6TParseFPPCvPUlUl
8028BAF0:parseHeader_next__Q37JStudio3stb6TParseFPPCvPUlUl
802979F8:parseNoteOff__12JASSeqParserFP8JASTrackUc
80297A30:parseNoteOn__12JASSeqParserFP8JASTrackUc
80297C94:parseRegCommand__12JASSeqParserFP8JASTracki
802DED00:parseVariableUInt_16_32_following__Q27JGadget6binaryFPCvPUlPUlPQ37JGadget6binary5TEBit
80297D04:parse__12JASSeqParserFP8JASTrack
802A66E8:parse__22JAUAudioArcInterpreterFPCv
802F6FE8:parse__8J2DPrintFPCUciiPUsRQ28J2DPrint5TSizeUcb
8036A724:parse_format
802DEDAC:parse_next__Q37JGadget6binary19TParse_header_blockFPPCvUl
8044C0D0:particleID$5076
8000DBD0:patchLight__13J3DColorBlockFv
8031BB7C:patchLight__20J3DColorBlockLightOnFv
8031B548:patchLight__21J3DColorBlockLightOffFv
803198D0:patchMatColor__13J3DColorBlockFv
8031B9D0:patchMatColor__20J3DColorBlockLightOnFv
8031B39C:patchMatColor__21J3DColorBlockLightOffFv
803259DC:patchTevReg__11J3DTevBlockFv
8031E780:patchTevReg__12J3DTevBlock1Fv
8031E928:patchTevReg__12J3DTevBlock2Fv
8031EC24:patchTevReg__12J3DTevBlock4Fv
8031EF4C:patchTevReg__13J3DTevBlock16Fv
8031E47C:patchTevReg__18J3DTevBlockPatchedFv
8000DBC8:patchTexNoAndTexCoordScale__11J3DTevBlockFv
8031E784:patchTexNoAndTexCoordScale__12J3DTevBlock1Fv
8031E9F4:patchTexNoAndTexCoordScale__12J3DTevBlock2Fv
8031ECF0:patchTexNoAndTexCoordScale__12J3DTevBlock4Fv
8031F018:patchTexNoAndTexCoordScale__13J3DTevBlock16Fv
8031E548:patchTexNoAndTexCoordScale__18J3DTevBlockPatchedFv
803265D8:patchTexNo_PtrToIdx__FUlRCUs
803259D8:patchTexNo__11J3DTevBlockFv
8031E710:patchTexNo__12J3DTevBlock1Fv
8031E894:patchTexNo__12J3DTevBlock2Fv
8031EB90:patchTexNo__12J3DTevBlock4Fv
8031EEB8:patchTexNo__13J3DTevBlock16Fv
8031E3E8:patchTexNo__18J3DTevBlockPatchedFv
8000DBCC:patch__10J3DPEBlockFv
80318BDC:patch__11J3DMaterialFv
8000DBD4:patch__11J3DTevBlockFv
8031E868:patch__12J3DTevBlock1Fv
8031EB44:patch__12J3DTevBlock2Fv
8031EE6C:patch__12J3DTevBlock4Fv
803197D8:patch__13J3DColorBlockFv
8031F194:patch__13J3DTevBlock16Fv
80321D2C:patch__14J3DPEBlockFullFv
8031CFB4:patch__15J3DTexGenBlock4Fv
80319564:patch__17J3DLockedMaterialFv
8031E6C4:patch__18J3DTevBlockPatchedFv
80334F50:patch__18J3DTexGenBlockNullFv
8031D05C:patch__19J3DTexGenBlockBasicFv
8031B984:patch__20J3DColorBlockLightOnFv
8031B350:patch__21J3DColorBlockLightOffFv
8031CF24:patch__21J3DTexGenBlockPatchedFv
802ACAF0:pauseAllGameSound__10Z2SoundMgrFb
80089770:pauseEvCamera__9dCamera_cFv
8044B264:pauseTimer__9dScnPly_c
80298AB4:pause__13JASAramStreamFb
802922B8:pause__13JASTaskThreadFb
802A232C:pause__16JAISeCategoryMgrFb
80294E6C:pause__8JASTrackFb
8044BA70:peCount
80056080:peekData__13dDlst_peekZ_cFv
802DE8F4:peek__20JSURandomInputStreamFPvl
80095EBC:peepHoleEvCamera__9dCamera_cFv
8039D9F0:phaseMethod$2260
8025C00C:phase_00__FP9dScnPly_c
80018804:phase_01__7cDylPhsFPv
8002CEFC:phase_01__FP12phaseParam_c
8025C048:phase_01__FP9dScnPly_c
8001880C:phase_02__7cDylPhsFPs
8002CF5C:phase_02__FP12phaseParam_c
80018844:phase_03__7cDylPhsFPv
8002CFB8:phase_03__FP12phaseParam_c
80259CAC:phase_0__FP10dScnLogo_c
8025DC0C:phase_0__FP19room_of_scene_class
8025C118:phase_0__FP9dScnPly_c
8025C7D4:phase_1_0__FP9dScnPly_c
80259D58:phase_1__FP10dScnLogo_c
8025DC40:phase_1__FP19room_of_scene_class
8025C120:phase_1__FP9dScnPly_c
80259E0C:phase_2__FP10dScnLogo_c
8025DD1C:phase_2__FP19room_of_scene_class
8025C894:phase_2__FP9dScnPly_c
8025DE60:phase_3__FP19room_of_scene_class
8025C970:phase_3__FP9dScnPly_c
8002CEB4:phase_3__FPc
8025DE94:phase_4__FP19room_of_scene_class
8025C9F0:phase_4__FP9dScnPly_c
8025CD90:phase_5__FP9dScnPly_c
8025CE5C:phase_6__FP9dScnPly_c
8025CF28:phase_compleate__FPv
8044D7B8:pigGanonArcName$4621
8020B2F4:pikariCheck__14dMeterButton_cFv
803A6578:plCutLRC
800873F0:pl_cut_LRC__Fi
802EB580:place__14J2DGrafContextFRCQ29JGeometry8TBox2<f>
802EBAB8:place__14J2DGrafContextFffff
802F91B4:place__7J2DPaneFRCQ29JGeometry8TBox2<f>
80152F8C:playAllAnm__8daNpcF_cFv
80148E98:playAllAnm__8daNpcT_cFv
8020FEDC:playBckAnimation__14dMeterString_cFf
80262E70:playBckAnimation__21dDlst_TimerScrnDraw_cFf
8020C770:playBckAnime__14dMeterHaihai_cFP18J2DAnmTransformKey
802C4208:playBeeGroupSound__18Z2SoundObjBeeGroupF10JAISoundIDUc
8020CA3C:playBpkAnime__14dMeterHaihai_cFP11J2DAnmColor
8020C8E8:playBtkAnime__14dMeterHaihai_cFP19J2DAnmTextureSRTKey
8015319C:playExpressionAnm__8daNpcF_cFPPPQ28daNpcF_c18daNpcF_anmPlayData
800AFD28:playFaceTextureAnime__9daAlink_cFv
8029CE90:playForce__10JASChannelFv
801532B0:playMotionAnm__8daNpcF_cFPPPQ28daNpcF_c18daNpcF_anmPlayData
802507C4:playNameSet__7dName_cFi
802CEEB4:playOneShotVoice__12Z2SpeechMgr2FUcUsP3VecSc
80214564:playOxygenBpkAnimation__13dMeter2Draw_cFP11J2DAnmColor
802143BC:playPikariBckAnimation__13dMeter2Draw_cFf
8021450C:playPikariBpkAnimation__13dMeter2Draw_cFf
802C90B8:playSceneEnvSe__10Z2EnvSeMgrFv
802A3044:playSeqData___6JAISeqFRC14JASSoundParams16JAISoundActivity
802A0110:playStart__Q26JASDsp8TChannelFv
802A0174:playStop__Q26JASDsp8TChannelFv
802C40C0:playSumomoBgm__16Z2CreatureSumomoFUl
802C32B4:playVoice__17Z2CreatureCitizenFi
8029CE20:play__10JASChannelFv
800105C8:play__14mDoExt_McaMorfFP3VecUlSc
8000D428:play__14mDoExt_baseAnmFv
800120A0:play__15mDoExt_McaMorf2FUlSc
800110B0:play__16mDoExt_McaMorfSOFUlSc
8014590C:play__22daNpcT_MotionSeqMngr_cFUsPiPf
8019B344:playerAnmWait_init__11dGameover_cFv
8019B348:playerAnmWait_proc__11dGameover_cFv
800A4CEC:playerInit__9daAlink_cFv
800D0B98:playerStartCollisionSE__9daAlink_cFUlUl
801417A0:playerStartCollisionSE__9daPy_py_cFUlUl
8044B1B8:player_px
8044B1BC:player_py
802C1CD8:playsSound__15Z2SoundObjAnimeFPC22JAUSoundAnimationSoundRCQ29JGeometry8TVec3<f>f
8019E654:plight_init__Fv
8019E6F4:plight_set__Fv
8005AE90:pntwind_get_info__FP4cXyzP4cXyzPfUc
8005AD98:pntwind_set__FP14WIND_INFLUENCE
801651C8:pointInSight__9dCamera_cFP4cXyz
80164CF8:popInfo__9dCamera_cFPQ29dCamera_c10dCamInfo_c
8000CD14:pop__14mDoMtx_stack_cFv
800976D4:portalWarpEvCamera__9dCamera_cFv
801CC950:portalWarpMapMove__12dMenu_Fmap_cFP9STControl
801C9AC0:portal_demo1_init__12dMenu_Fmap_cFv
801C9BD8:portal_demo1_move__12dMenu_Fmap_cFv
801C9CF0:portal_demo2_init__12dMenu_Fmap_cFv
801C9D3C:portal_demo2_move__12dMenu_Fmap_cFv
801C9DD4:portal_demo3_init__12dMenu_Fmap_cFv
801C9E28:portal_demo3_move__12dMenu_Fmap_cFv
801C9F2C:portal_demo4_init__12dMenu_Fmap_cFv
801C9F88:portal_demo4_move__12dMenu_Fmap_cFv
801C9FF0:portal_demo5_init__12dMenu_Fmap_cFv
801CA030:portal_demo5_move__12dMenu_Fmap_cFv
801CA1CC:portal_demo6_init__12dMenu_Fmap_cFv
801CA1D0:portal_demo6_move__12dMenu_Fmap_cFv
801C9198:portal_warp_forbid_init__12dMenu_Fmap_cFv
801C91F8:portal_warp_forbid_proc__12dMenu_Fmap_cFv
801C8B08:portal_warp_map_init__12dMenu_Fmap_cFv
801C8BCC:portal_warp_map_proc__12dMenu_Fmap_cFv
801C9064:portal_warp_select_init__12dMenu_Fmap_cFv
801C9068:portal_warp_select_proc__12dMenu_Fmap_cFv
8041E868:pos$4424
8015FB74:posInLine2D__22@unnamed@d_camera_cpp@FP4cXyzP4cXyzP4cXyz
80037620:posMoveF_grade__5daObjFP10fopAc_ac_cPC4cXyzPC4cXyzffPC4cXyzffPC4cXyz
800374EC:posMoveF_grade_acc__Q25daObj21@unnamed@d_a_obj_cpp@FP4cXyzPC10fopAc_ac_cPC4cXyzffPC4cXyzPC4cXyz
800373F0:posMoveF_resist_acc__Q25daObj21@unnamed@d_a_obj_cpp@FP4cXyzPC10fopAc_ac_cPC4cXyzff
800373C0:posMoveF_stream__5daObjFP10fopAc_ac_cPC4cXyzPC4cXyzff
8015E6A0:posMove__20daPy_boomerangMove_cFP4cXyzPsP10fopAc_ac_cs
800BBFA0:posMove__9daAlink_cFv
8009779C:positionOf__9dCamera_cFP10fopAc_ac_c
8007BA2C:positionWallCorrect__4dBgWFP9dBgS_AcchfR8cM3dGPlaP4cXyzf
80094AB0:possessedEvCamera__9dCamera_cFv
801CE5D4:postDrawPath__15renderingFmap_cFv
8003FFC4:postDrawPath__16renderingDAmap_cFv
801CE62C:postRenderingMap__15renderingFmap_cFv
8003D320:postRenderingMap__18dRenderingFDAmap_cFv
802E75E0:postRetraceProc__8JUTVideoFUl
80041FA0:potentialCheck__14dEvt_control_cFP12dEvt_order_c
8036EC1C:pow
802919A8:pow2__7JASCalcFf
801CE484:preDrawPath__15renderingFmap_cFv
8003FF14:preDrawPath__16renderingDAmap_cFv
80274A28:preGX__10JFWDisplayFv
80110CCC:preKandelaarDraw__9daAlink_cFv
8044A8A4:preLoadNo
80258494:preLoad_dyl__10dScnLogo_cFv
8025842C:preLoad_dyl_create__10dScnLogo_cFv
80258470:preLoad_dyl_remove__10dScnLogo_cFv
8003D188:preRenderingMap__18dRenderingFDAmap_cFv
802E72EC:preRetraceProc__8JUTVideoFUl
801816B0:preparation__FP20camera_process_class
802D5A10:prepareCommand__12JKRAramPieceFiUlUlUlP12JKRAramBlockPFUl_v
802DDCF4:prepareCommand__9JKRDecompFPUcPUcUlUlPFUl_v
802746E8:prepareCopyDisp__10JFWDisplayFv
803152A4:prepareDraw__14J3DShapePacketCFv
80298CF8:prepareFinishTask__13JASAramStreamFPv
8032A788:prepareShapePackets__8J3DModelFv
80290334:prepareSound___Q215JStudio_JAudio214TAdaptor_soundFv
802FF534:prepareTexture__10J2DPictureFUc
802F4F50:prepareTexture__11J2DTevBlockFUc
80305E68:prepareTexture__12J2DPictureExFUc
802EE0A8:prepareTexture__12J2DTevBlock1FUc
802EEEB4:prepareTexture__12J2DTevBlock2FUc
802F01D0:prepareTexture__12J2DTevBlock4FUc
802F167C:prepareTexture__12J2DTevBlock8FUc
802F2AFC:prepareTexture__13J2DTevBlock16FUc
8027E4AC:prepare__11JPAFieldAirFP18JPAEmitterWorkDataP13JPAFieldBlock
80278EBC:prepare__12JPAFieldBaseFP18JPAEmitterWorkDataP13JPAFieldBlock
8027F294:prepare__12JPAFieldSpinFP18JPAEmitterWorkDataP13JPAFieldBlock
8029898C:prepare__13JASAramStreamFli
8027E67C:prepare__14JPAFieldMagnetFP18JPAEmitterWorkDataP13JPAFieldBlock
8027E79C:prepare__14JPAFieldNewtonFP18JPAEmitterWorkDataP13JPAFieldBlock
8027E99C:prepare__14JPAFieldVortexFP18JPAEmitterWorkDataP13JPAFieldBlock
8027E3E4:prepare__15JPAFieldGravityFP18JPAEmitterWorkDataP13JPAFieldBlock
8027EC44:prepare__18JPAFieldConvectionFP18JPAEmitterWorkDataP13JPAFieldBlock
80284BD8:prepare__Q27JStudio19TFunctionValue_listFv
80285858:prepare__Q27JStudio22TFunctionValue_hermiteFv
80284810:prepare__Q27JStudio23TFunctionValue_constantFv
80284254:prepare__Q27JStudio24TFunctionValue_compositeFv
80284900:prepare__Q27JStudio25TFunctionValue_transitionFv
80285290:prepare__Q27JStudio29TFunctionValue_list_parameterFv
802863F8:prepare__Q37JStudio3fvb7TObjectFRCQ47JStudio3fvb4data13TParse_TBlockPQ37JStudio3fvb8TControl
802A1BCC:prepare___5JAISeFv
802A33D0:prepare___6JAISeqFRC14JASSoundParams16JAISoundActivity
802A5834:prepare___9JAIStreamFv
80286910:prepare_data___Q37JStudio3fvb12TObject_listFRCQ57JStudio3fvb4data17TParse_TParagraph5TDataPQ37JStudio3fvb8TControl
80286A60:prepare_data___Q37JStudio3fvb15TObject_hermiteFRCQ57JStudio3fvb4data17TParse_TParagraph5TDataPQ37JStudio3fvb8TControl
802867E8:prepare_data___Q37JStudio3fvb16TObject_constantFRCQ57JStudio3fvb4data17TParse_TParagraph5TDataPQ37JStudio3fvb8TControl
80286704:prepare_data___Q37JStudio3fvb17TObject_compositeFRCQ57JStudio3fvb4data17TParse_TParagraph5TDataPQ37JStudio3fvb8TControl
80286878:prepare_data___Q37JStudio3fvb18TObject_transitionFRCQ57JStudio3fvb4data17TParse_TParagraph5TDataPQ37JStudio3fvb8TControl
802869B0:prepare_data___Q37JStudio3fvb22TObject_list_parameterFRCQ57JStudio3fvb4data17TParse_TParagraph5TDataPQ37JStudio3fvb8TControl
802A1B2C:prepare_getSeqData___5JAISeFv
802A331C:prepare_getSeqData___6JAISeqFv
802A5670:prepare_prepareStream___9JAIStreamFv
802A58D8:prepare_startStream___9JAIStreamFv
803017BC:prepend__10J2DPictureFP10JUTTexturef
8030184C:prepend__10J2DPictureFPC7ResTIMGP10JUTPalettef
8030187C:prepend__10J2DPictureFPC7ResTIMGf
803017EC:prepend__10J2DPictureFPCcP10JUTPalettef
8030181C:prepend__10J2DPictureFPCcf
802DE48C:prepend__10JSUPtrListFP10JSUPtrLink
803093D0:prepend__12J2DPictureExFP10JUTTexturef
80309460:prepend__12J2DPictureExFPC7ResTIMGP10JUTPalettef
80309490:prepend__12J2DPictureExFPC7ResTIMGf
80309400:prepend__12J2DPictureExFPCcP10JUTPalettef
80309430:prepend__12J2DPictureExFPCcf
802E0448:prepend__12JUTCacheFontFPQ212JUTCacheFont15TGlyphCacheInfo
8044B304:prevFrame$2597
8044B164:prev_plat1$8536
8044B16C:prev_plat2$8539
802E595C:printContext__12JUTExceptionFUsP9OSContextUlUl
802E530C:printDebugInfo__12JUTExceptionFQ212JUTException9EInfoPageUsP9OSContextUlUl
802F6CC4:printReturn__8J2DPrintFPCcff18J2DTextBoxHBinding18J2DTextBoxVBindingffUc
802E6A40:printSub__14JUTDirectPrintFUsUsPCcP16__va_list_structb
802EA0D4:print__10JUTConsoleFPCc
802F6C14:print__8J2DPrintFffUcPCce
80017E08:print__FPCc
8044ACE4:print_counts
8044ACE8:print_errors
802EA054:print_f__10JUTConsoleFPCce
80017D7C:print_f__FPCce
8044ACF4:print_initialized
8044ACF0:print_systems
8044ACEC:print_warings
80368D18:printf
802FF20C:private_initiate__10J2DPictureFPC7ResTIMGPC7ResTLUT
802F6904:private_initiate__8J2DPrintFP7JUTFontffQ28JUtility6TColorQ28JUtility6TColorQ28JUtility6TColorQ28JUtility6TColorb
802FED84:private_readStream__10J2DPictureFP7J2DPaneP20JSURandomInputStreamP10JKRArchive
80302324:private_readStream__10J2DTextBoxFP7J2DPaneP20JSURandomInputStreamP10JKRArchive
802FC5B4:private_readStream__9J2DWindowFP7J2DPaneP20JSURandomInputStreamP10JKRArchive
802FAC14:private_set__9J2DScreenFP20JSURandomInputStreamUlP10JKRArchive
800C3A24:procAtnActorMoveInit__9daAlink_cFv
800C3A7C:procAtnActorMove__9daAlink_cFv
800C3904:procAtnActorWaitInit__9daAlink_cFv
800C39B4:procAtnActorWait__9daAlink_cFv
800C3848:procAtnMoveInit__9daAlink_cFv
800C38A0:procAtnMove__9daAlink_cFv
800C5EA0:procAutoJumpInit__9daAlink_cFi
800C6224:procAutoJump__9daAlink_cFv
800C57DC:procBackJumpInit__9daAlink_cFi
800C5A8C:procBackJumpLandInit__9daAlink_cFi
800C5B28:procBackJumpLand__9daAlink_cFv
800C599C:procBackJump__9daAlink_cFv
800F3920:procBoarRunInit__9daAlink_cFv
800F39D0:procBoarRun__9daAlink_cFv
801074E4:procBoardCutInit__9daAlink_cFv
8010760C:procBoardCutTurnInit__9daAlink_cFv
8010777C:procBoardCutTurn__9daAlink_cFv
80107594:procBoardCut__9daAlink_cFv
80107250:procBoardJumpInit__9daAlink_cFfi
80107338:procBoardJump__9daAlink_cFv
801067AC:procBoardRideInit__9daAlink_cFv
80106A08:procBoardRide__9daAlink_cFv
80106EC0:procBoardRowInit__9daAlink_cFv
80106F38:procBoardRow__9daAlink_cFv
80107408:procBoardSubjectivityInit__9daAlink_cFv
80107450:procBoardSubjectivity__9daAlink_cFv
80107098:procBoardTurnInit__9daAlink_cFv
80107114:procBoardTurn__9daAlink_cFv
80106A70:procBoardWaitInit__9daAlink_cFP10fopAc_ac_c
80106C04:procBoardWait__9daAlink_cFv
800E1210:procBoomerangCatchInit__9daAlink_cFv
800E1280:procBoomerangCatch__9daAlink_cFv
800E1098:procBoomerangMoveInit__9daAlink_cFv
800E112C:procBoomerangMove__9daAlink_cFv
800E0F48:procBoomerangSubjectInit__9daAlink_cFv
800E0FD8:procBoomerangSubject__9daAlink_cFv
800E3080:procBootsEquipInit__9daAlink_cFv
800E3114:procBootsEquip__9daAlink_cFv
8011C854:procBossAtnWaitInit__9daAlink_cFv
800FC7B4:procBossBodyHangInit__9daAlink_cFP10fopAc_ac_c
800FC8A8:procBossBodyHang__9daAlink_cFv
8010F584:procBottleDrinkInit__9daAlink_cFUs
8010F6D0:procBottleDrink__9daAlink_cFv
80110308:procBottleGetInit__9daAlink_cFi
80110550:procBottleGet__9daAlink_cFv
8010F72C:procBottleOpenInit__9daAlink_cFUs
8010F91C:procBottleOpen__9daAlink_cFv
8010FC70:procBottleSwingInit__9daAlink_cFP10fopAc_ac_ci
8010FF90:procBottleSwing__9daAlink_cFv
800DFE74:procBowMoveInit__9daAlink_cFv
800DFEF8:procBowMove__9daAlink_cFv
800DFDA4:procBowSubjectInit__9daAlink_cFv
800DFE14:procBowSubject__9daAlink_cFv
800F7128:procCanoeBoomerangMoveInit__9daAlink_cFv
800F7194:procCanoeBoomerangMove__9daAlink_cFv
800F6FDC:procCanoeBoomerangSubjectInit__9daAlink_cFv
800F7048:procCanoeBoomerangSubject__9daAlink_cFv
800F743C:procCanoeBottleDrinkInit__9daAlink_cFUs
800F7588:procCanoeBottleDrink__9daAlink_cFv
800F6E28:procCanoeBowMoveInit__9daAlink_cFv
800F6E7C:procCanoeBowMove__9daAlink_cFv
800F6D48:procCanoeBowSubjectInit__9daAlink_cFv
800F6D9C:procCanoeBowSubject__9daAlink_cFv
800F6A0C:procCanoeFishingGetInit__9daAlink_cFv
800F6AA8:procCanoeFishingGet__9daAlink_cFv
800F67F8:procCanoeFishingReelInit__9daAlink_cFv
800F68AC:procCanoeFishingReel__9daAlink_cFv
800F649C:procCanoeFishingWaitInit__9daAlink_cFv
800F65D4:procCanoeFishingWait__9daAlink_cFv
800F4E30:procCanoeGetOffInit__9daAlink_cFv
800F5080:procCanoeGetOff__9daAlink_cFv
800F6EE8:procCanoeGrabMoveInit__9daAlink_cFv
800F6F34:procCanoeGrabMove__9daAlink_cFv
800F7354:procCanoeHookshotMoveInit__9daAlink_cFv
800F73C0:procCanoeHookshotMove__9daAlink_cFv
800F7240:procCanoeHookshotSubjectInit__9daAlink_cFv
800F72AC:procCanoeHookshotSubject__9daAlink_cFv
800F4CB0:procCanoeJumpRideInit__9daAlink_cFP10fopAc_ac_c
800F4DBC:procCanoeJumpRide__9daAlink_cFv
800F75F4:procCanoeKandelaarPourInit__9daAlink_cFv
800F76BC:procCanoeKandelaarPour__9daAlink_cFv
800F6178:procCanoePaddleGrabInit__9daAlink_cFv
800F61C0:procCanoePaddleGrab__9daAlink_cFv
800F5EE0:procCanoePaddlePutInit__9daAlink_cFi
800F6024:procCanoePaddlePut__9daAlink_cFv
800F5D3C:procCanoePaddleShiftInit__9daAlink_cFi
800F5DF0:procCanoePaddleShift__9daAlink_cFv
800F4A88:procCanoeRideInit__9daAlink_cFv
800F4BC8:procCanoeRide__9daAlink_cFv
800F6358:procCanoeRodGrabInit__9daAlink_cFv
800F63CC:procCanoeRodGrab__9daAlink_cFv
800F5754:procCanoeRowInit__9daAlink_cFi
800F5A54:procCanoeRow__9daAlink_cFv
800F6C24:procCanoeSubjectivityInit__9daAlink_cFv
800F6C68:procCanoeSubjectivity__9daAlink_cFv
800F521C:procCanoeWaitInit__9daAlink_cFi
800F5464:procCanoeWait__9daAlink_cFv
800FF850:procClimbDownStartInit__9daAlink_cFs
800FF9E0:procClimbDownStart__9daAlink_cFv
800FFDE8:procClimbMoveSideInit__9daAlink_cFv
800FFF84:procClimbMoveSide__9daAlink_cFv
800FFAE8:procClimbMoveUpDownInit__9daAlink_cFi
800FFC90:procClimbMoveUpDown__9daAlink_cFv
8010041C:procClimbToRoofInit__9daAlink_cFv
8010049C:procClimbToRoof__9daAlink_cFv
800FF488:procClimbUpStartInit__9daAlink_cFi
800FF73C:procClimbUpStart__9daAlink_cFv
80100130:procClimbWaitInit__9daAlink_cFii
80100290:procClimbWait__9daAlink_cFv
8011C93C:procCoCaughtInit__9daAlink_cFv
8011BE8C:procCoDeadInit__9daAlink_cFi
8011C1EC:procCoDead__9daAlink_cFv
8011BB78:procCoDemoPushMoveInit__9daAlink_cFv
8011BAF4:procCoDemoPushPullWaitInit__9daAlink_cFv
800DB178:procCoElecDamageInit__9daAlink_cFP10fopAc_ac_cP12dCcD_GObjInfi
800DB450:procCoElecDamage__9daAlink_cFv
8011D2A0:procCoEyeAwayInit__9daAlink_cFv
8011CE18:procCoFogDeadInit__9daAlink_cFv
8011CF98:procCoFogDead__9daAlink_cFv
8011A7D0:procCoGetItemInit__9daAlink_cFv
8011AC60:procCoGetItem__9daAlink_cFv
8011D57C:procCoGetReadySitInit__9daAlink_cFv
8011D684:procCoGetReadySit__9daAlink_cFv
8011D33C:procCoGlareInit__9daAlink_cFv
8011D404:procCoGlare__9daAlink_cFv
80112028:procCoHorseCallWaitInit__9daAlink_cFi
80112100:procCoHorseCallWait__9daAlink_cFv
800D9714:procCoLargeDamageInit__9daAlink_cFiissP12dCcD_GObjInfi
800DA864:procCoLargeDamageWallInit__9daAlink_cFiiss
800DAC60:procCoLargeDamageWall__9daAlink_cFv
800D9EC0:procCoLargeDamage__9daAlink_cFv
800DBF10:procCoLavaReturnInit__9daAlink_cFi
800DC24C:procCoLavaReturn__9daAlink_cFv
8011C664:procCoLookAroundInit__9daAlink_cFv
8011C798:procCoLookAround__9daAlink_cFv
8011B94C:procCoLookWaitInit__9daAlink_cFv
8011BA58:procCoLookWait__9daAlink_cFv
800C782C:procCoMetamorphoseInit__9daAlink_cFv
800C8320:procCoMetamorphoseOnlyInit__9daAlink_cFv
800C83D8:procCoMetamorphoseOnly__9daAlink_cFv
800C7C9C:procCoMetamorphose__9daAlink_cFv
8011D148:procCoNodInit__9daAlink_cFv
8011D22C:procCoNod__9daAlink_cFv
8011A24C:procCoOpenTreasureInit__9daAlink_cFv
8011A464:procCoOpenTreasure__9daAlink_cFv
800CF138:procCoPeepSubjectivityInit__9daAlink_cFv
800CF1F0:procCoPeepSubjectivity__9daAlink_cFv
800DACBC:procCoPolyDamageInit__9daAlink_cFv
800DADC8:procCoPolyDamage__9daAlink_cFv
800E8794:procCoPushMoveInit__9daAlink_cFii
800E8A28:procCoPushMove__9daAlink_cFv
800E8460:procCoPushPullWaitInit__9daAlink_cFi
800E85B4:procCoPushPullWait__9daAlink_cFv
8011C8C8:procCoQuakeWaitInit__9daAlink_cFv
800DBE38:procCoSandWallHitInit__9daAlink_cFv
800DBEAC:procCoSandWallHit__9daAlink_cFv
800CEDBC:procCoSubjectivityInit__9daAlink_cFv
800CEE40:procCoSubjectivity__9daAlink_cFv
800DC2B0:procCoSwimFreezeReturnInit__9daAlink_cFv
800DC4AC:procCoSwimFreezeReturn__9daAlink_cFv
800CEFA8:procCoSwimSubjectivityInit__9daAlink_cFv
800CF050:procCoSwimSubjectivity__9daAlink_cFv
80119DD0:procCoTalkInit__9daAlink_cFv
80119F9C:procCoTalk__9daAlink_cFv
80119630:procCoToolDemoInit__9daAlink_cFv
80119710:procCoToolDemo__9daAlink_cFv
8011B428:procCoTurnBackInit__9daAlink_cFv
8011B4A4:procCoTurnBack__9daAlink_cFv
8011D708:procCoTwGateInit__9daAlink_cFv
8011D80C:procCoTwGate__9daAlink_cFv
8011A4F8:procCoUnequipInit__9daAlink_cFv
8011A604:procCoUnequip__9daAlink_cFv
8011FD84:procCoWarpInit__9daAlink_cFii
80120170:procCoWarp__9daAlink_cFv
800E1FA0:procCopyRodMoveInit__9daAlink_cFv
800E2034:procCopyRodMove__9daAlink_cFv
800E2340:procCopyRodReviveInit__9daAlink_cFv
800E23DC:procCopyRodRevive__9daAlink_cFv
800E1E58:procCopyRodSubjectInit__9daAlink_cFv
800E1EE8:procCopyRodSubject__9daAlink_cFv
800E2100:procCopyRodSwingInit__9daAlink_cFv
800E2234:procCopyRodSwing__9daAlink_cFv
800F9A34:procCrawlAutoMoveInit__9daAlink_cFiP4cXyz
800F9AF4:procCrawlAutoMove__9daAlink_cFv
800F9DB4:procCrawlEndInit__9daAlink_cFiss
800F9F68:procCrawlEnd__9daAlink_cFv
800F94AC:procCrawlMoveInit__9daAlink_cFss
800F95F0:procCrawlMove__9daAlink_cFv
800F9248:procCrawlStartInit__9daAlink_cFv
800F93BC:procCrawlStart__9daAlink_cFv
800C76C8:procCrouchInit__9daAlink_cFv
800C7730:procCrouch__9daAlink_cFv
800D5400:procCutDownInit__9daAlink_cFv
800D58D8:procCutDownLandInit__9daAlink_cFP13fopEn_enemy_c
800D5B14:procCutDownLand__9daAlink_cFv
800D5830:procCutDown__9daAlink_cFv
8011EB20:procCutFastReadyInit__9daAlink_cFv
8011EBC4:procCutFastReady__9daAlink_cFv
800D3510:procCutFinishInit__9daAlink_cFi
800D3B14:procCutFinishJumpUpInit__9daAlink_cFv
800D3E10:procCutFinishJumpUpLandInit__9daAlink_cFv
800D3F04:procCutFinishJumpUpLand__9daAlink_cFv
800D3D04:procCutFinishJumpUp__9daAlink_cFv
800D3864:procCutFinish__9daAlink_cFv
800D5CC0:procCutHeadInit__9daAlink_cFv
800D6168:procCutHeadLandInit__9daAlink_cFv
800D61C4:procCutHeadLand__9daAlink_cFv
800D6000:procCutHead__9daAlink_cFv
800D4334:procCutJumpInit__9daAlink_cFi
800D4564:procCutJumpLandInit__9daAlink_cFi
800D46BC:procCutJumpLand__9daAlink_cFv
800D4430:procCutJump__9daAlink_cFv
800D6270:procCutLargeJumpChargeInit__9daAlink_cFv
800D62D8:procCutLargeJumpCharge__9daAlink_cFv
800D63AC:procCutLargeJumpInit__9daAlink_cFv
800D66F8:procCutLargeJumpLandInit__9daAlink_cFi
800D6834:procCutLargeJumpLand__9daAlink_cFv
800D64BC:procCutLargeJump__9daAlink_cFv
800D2F90:procCutNormalInit__9daAlink_cFi
800D31F0:procCutNormal__9daAlink_cFv
800D40A0:procCutReverseInit__9daAlink_cFQ29daAlink_c11daAlink_ANM
800D4234:procCutReverse__9daAlink_cFv
800D4CA0:procCutTurnChargeInit__9daAlink_cFv
800D4D3C:procCutTurnCharge__9daAlink_cFv
800D4814:procCutTurnInit__9daAlink_cFii
800D4E14:procCutTurnMoveInit__9daAlink_cFi
800D4F34:procCutTurnMove__9daAlink_cFv
800D4AAC:procCutTurn__9daAlink_cFv
800D8F74:procDamageInit__9daAlink_cFP12dCcD_GObjInfi
800D954C:procDamage__9daAlink_cFv
8011BDA4:procDemoBoomerangCatchInit__9daAlink_cFv
8011BE28:procDemoBoomerangCatch__9daAlink_cFv
801195F8:procDemoCommon__9daAlink_cFv
800C6714:procDiveJumpInit__9daAlink_cFv
800C67D0:procDiveJump__9daAlink_cFv
800DB6DC:procDkCaughtInit__9daAlink_cFUi
800DB898:procDkCaught__9daAlink_cFv
8011B5B4:procDoorOpenInit__9daAlink_cFv
8011B754:procDoorOpen__9daAlink_cFv
8011F0BC:procDungeonWarpInit__9daAlink_cFv
8011EECC:procDungeonWarpReadyInit__9daAlink_cFv
8011EFF0:procDungeonWarpReady__9daAlink_cFv
8011F398:procDungeonWarpSceneStartInit__9daAlink_cFv
8011F498:procDungeonWarpSceneStart__9daAlink_cFv
8011F12C:procDungeonWarp__9daAlink_cFv
800C6A80:procFallInit__9daAlink_cFif
800C6D58:procFall__9daAlink_cFv
800F7798:procFishingCastInit__9daAlink_cFv
800F784C:procFishingCast__9daAlink_cFv
800F79C0:procFishingFoodInit__9daAlink_cFv
800F7AE0:procFishingFood__9daAlink_cFv
800C8498:procFloorDownReboundInit__9daAlink_cFv
800C8508:procFloorDownRebound__9daAlink_cFv
800E7E10:procFmChainStrongPullInit__9daAlink_cFv
800E7E88:procFmChainStrongPull__9daAlink_cFv
800E7C68:procFmChainUpInit__9daAlink_cFv
800E7CF8:procFmChainUp__9daAlink_cFv
800C4F4C:procFrontRollCrashInit__9daAlink_cFv
800C5034:procFrontRollCrash__9daAlink_cFv
800C4984:procFrontRollInit__9daAlink_cFv
800C5198:procFrontRollSuccessInit__9daAlink_cFv
800C5278:procFrontRollSuccess__9daAlink_cFv
800C4B78:procFrontRoll__9daAlink_cFv
8011EA30:procGanonFinishInit__9daAlink_cFv
8011EAB0:procGanonFinish__9daAlink_cFv
800E98CC:procGoatCatchInit__9daAlink_cFP10fopAc_ac_cf
800E9C08:procGoatCatch__9daAlink_cFv
800E937C:procGoatMoveInit__9daAlink_cFv
800E946C:procGoatMove__9daAlink_cFv
8011D4AC:procGoatStopReadyInit__9daAlink_cFv
8011D50C:procGoatStopReady__9daAlink_cFv
800EA2E0:procGoatStrokeInit__9daAlink_cFv
800EA3E4:procGoatStroke__9daAlink_cFv
800EA42C:procGoronMoveInit__9daAlink_cFv
800EA504:procGoronMove__9daAlink_cFv
800C8584:procGoronRideWaitInit__9daAlink_cFP10fopAc_ac_c
800C8610:procGoronRideWait__9daAlink_cFv
800E63B4:procGrabMiss__9daAlink_cFv
800E6764:procGrabPutInit__9daAlink_cFv
800E694C:procGrabPut__9daAlink_cFv
800E5CF4:procGrabReadyInit__9daAlink_cFv
800E5F00:procGrabReady__9daAlink_cFv
800E6DA4:procGrabReboundInit__9daAlink_cFi
800E6E44:procGrabRebound__9daAlink_cFv
800E6F24:procGrabStandInit__9daAlink_cFv
800E7018:procGrabStand__9daAlink_cFv
800E6428:procGrabThrowInit__9daAlink_cFi
800E6630:procGrabThrow__9daAlink_cFv
800E6008:procGrabUpInit__9daAlink_cFv
800E6268:procGrabUp__9daAlink_cFv
800E6AD4:procGrabWaitInit__9daAlink_cFv
800E6C6C:procGrabWait__9daAlink_cFv
801118CC:procGrassWhistleGetInit__9daAlink_cFv
80111A10:procGrassWhistleGet__9daAlink_cFv
80111AD4:procGrassWhistleWaitInit__9daAlink_cFiiisP4cXyz
80111CDC:procGrassWhistleWait__9daAlink_cFv
800DDA48:procGuardAttackInit__9daAlink_cFv
800DDBE0:procGuardAttack__9daAlink_cFv
800DDE90:procGuardBreakInit__9daAlink_cFv
800DDF64:procGuardBreak__9daAlink_cFv
800DD41C:procGuardSlipInit__9daAlink_cFiP12dCcD_GObjInf
800DD8CC:procGuardSlip__9daAlink_cFv
8011CC0C:procHandPatInit__9daAlink_cFv
8011CCE0:procHandPat__9daAlink_cFv
800FBC00:procHangClimbInit__9daAlink_cFf
800FBD0C:procHangClimb__9daAlink_cFv
800FAF04:procHangFallStartInit__9daAlink_cFP8cM3dGPla
800FB1DC:procHangFallStart__9daAlink_cFv
800FC32C:procHangLeverDownInit__9daAlink_cFv
800FC3C8:procHangLeverDown__9daAlink_cFv
800FB688:procHangMoveInit__9daAlink_cFi
800FB7C8:procHangMove__9daAlink_cFv
800FC1B0:procHangReadyInit__9daAlink_cFv
800FC278:procHangReady__9daAlink_cFv
800FAAB4:procHangStartInit__9daAlink_cFv
800FAE4C:procHangStart__9daAlink_cFv
800FB2D8:procHangUpInit__9daAlink_cFi
800FB360:procHangUp__9daAlink_cFv
800FB474:procHangWaitInit__9daAlink_cFv
800FB57C:procHangWait__9daAlink_cFv
800FBE3C:procHangWallCatchInit__9daAlink_cFv
800FC110:procHangWallCatch__9daAlink_cFv
801121EC:procHawkCatchInit__9daAlink_cFv
80112258:procHawkCatch__9daAlink_cFv
801122B0:procHawkSubjectInit__9daAlink_cFv
8011233C:procHawkSubject__9daAlink_cFv
8010BDC8:procHookshotFlyInit__9daAlink_cFv
8010BF28:procHookshotFly__9daAlink_cFv
8010BC40:procHookshotMoveInit__9daAlink_cFv
8010BCDC:procHookshotMove__9daAlink_cFv
8010CFA4:procHookshotRoofBootsInit__9daAlink_cFP10fopAc_ac_c
8010D06C:procHookshotRoofBoots__9daAlink_cFv
8010CCB8:procHookshotRoofShootInit__9daAlink_cFP10fopAc_ac_c
8010CD98:procHookshotRoofShoot__9daAlink_cFv
8010C868:procHookshotRoofWaitInit__9daAlink_cFiP10fopAc_ac_ci
8010CA2C:procHookshotRoofWait__9daAlink_cFv
8010BAE0:procHookshotSubjectInit__9daAlink_cFv
8010BB80:procHookshotSubject__9daAlink_cFv
8010D62C:procHookshotWallShootInit__9daAlink_cFv
8010D704:procHookshotWallShoot__9daAlink_cFv
8010D1AC:procHookshotWallWaitInit__9daAlink_cFisi
8010D3C4:procHookshotWallWait__9daAlink_cFv
800F25EC:procHorseBoomerangMoveInit__9daAlink_cFv
800F2660:procHorseBoomerangMove__9daAlink_cFv
800F248C:procHorseBoomerangSubjectInit__9daAlink_cFv
800F2500:procHorseBoomerangSubject__9daAlink_cFv
800F296C:procHorseBottleDrinkInit__9daAlink_cFUs
800F2B10:procHorseBottleDrink__9daAlink_cFv
800F2284:procHorseBowMoveInit__9daAlink_cFv
800F22E0:procHorseBowMove__9daAlink_cFv
800F2188:procHorseBowSubjectInit__9daAlink_cFv
800F21EC:procHorseBowSubject__9daAlink_cFv
800F2DBC:procHorseComebackInit__9daAlink_cFv
800F2E1C:procHorseComeback__9daAlink_cFv
800F18CC:procHorseCutChargeReadyInit__9daAlink_cFv
800F1984:procHorseCutChargeReady__9daAlink_cFv
800F1410:procHorseCutInit__9daAlink_cFv
800F1AE4:procHorseCutTurnInit__9daAlink_cFv
800F1BDC:procHorseCutTurn__9daAlink_cFv
800F16C0:procHorseCut__9daAlink_cFv
800F1D50:procHorseDamageInit__9daAlink_cFP12dCcD_GObjInf
800F2060:procHorseDamage__9daAlink_cFv
800F371C:procHorseGetKeyInit__9daAlink_cFv
800F378C:procHorseGetKey__9daAlink_cFv
800F03C4:procHorseGetOffInit__9daAlink_cFi
800F0658:procHorseGetOff__9daAlink_cFv
800F236C:procHorseGrabMoveInit__9daAlink_cFv
800F23C8:procHorseGrabMove__9daAlink_cFv
800F3468:procHorseHangInit__9daAlink_cFP12dCcD_GObjInfi
800F35B8:procHorseHang__9daAlink_cFv
800F285C:procHorseHookshotMoveInit__9daAlink_cFv
800F28D0:procHorseHookshotMove__9daAlink_cFv
800F272C:procHorseHookshotSubjectInit__9daAlink_cFv
800F27A8:procHorseHookshotSubject__9daAlink_cFv
800F1098:procHorseJumpInit__9daAlink_cFv
800F1130:procHorseJump__9daAlink_cFv
800F2B84:procHorseKandelaarPourInit__9daAlink_cFv
800F2CB0:procHorseKandelaarPour__9daAlink_cFv
800F11C0:procHorseLandInit__9daAlink_cFv
800F123C:procHorseLand__9daAlink_cFv
800F3850:procHorseLookDownInit__9daAlink_cFv
800F38CC:procHorseLookDown__9daAlink_cFv
800EF994:procHorseRideInit__9daAlink_cFv
800EFDFC:procHorseRide__9daAlink_cFv
800F2F18:procHorseRunInit__9daAlink_cFv
800F2FD0:procHorseRun__9daAlink_cFv
800F12CC:procHorseSubjectivityInit__9daAlink_cFv
800F1330:procHorseSubjectivity__9daAlink_cFv
800F0CA4:procHorseTurnInit__9daAlink_cFv
800F0D1C:procHorseTurn__9daAlink_cFv
800F09B8:procHorseWaitInit__9daAlink_cFv
800F0ADC:procHorseWait__9daAlink_cFv
8015C754:procInitBoomHitWait__8daItem_cFv
8015C468:procInitBoomerangCarry__8daItem_cFv
8015C038:procInitForceGet__8daItem_cFv
8015C24C:procInitGetDemoEvent__8daItem_cFv
8015BEAC:procInitNormal__8daItem_cFv
8015C0A4:procInitSimpleGetDemo__8daItem_cFv
8015C640:procInitSwOnWait__8daItem_cFv
800E7134:procInsectCatchInit__9daAlink_cFv
800E720C:procInsectCatch__9daAlink_cFv
80115624:procIronBallMoveInit__9daAlink_cFv
801156AC:procIronBallMove__9daAlink_cFv
80115A28:procIronBallReturnInit__9daAlink_cFv
80115AD8:procIronBallReturn__9daAlink_cFv
8011551C:procIronBallSubjectInit__9daAlink_cFv
8011559C:procIronBallSubject__9daAlink_cFv
801157B4:procIronBallThrowInit__9daAlink_cFv
80115898:procIronBallThrow__9daAlink_cFv
801116B4:procKandelaarPourInit__9daAlink_cFv
8011175C:procKandelaarPour__9daAlink_cFv
80111478:procKandelaarSwingInit__9daAlink_cFv
80111604:procKandelaarSwing__9daAlink_cFv
800FDC50:procLadderDownEndInit__9daAlink_cFi
800FDD04:procLadderDownEnd__9daAlink_cFv
800FDA04:procLadderDownStartInit__9daAlink_cFv
800FDBAC:procLadderDownStart__9daAlink_cFv
800FDDC8:procLadderMoveInit__9daAlink_cFiiP4cXyz
800FDF88:procLadderMove__9daAlink_cFv
800FD85C:procLadderUpEndInit__9daAlink_cFi
800FD920:procLadderUpEnd__9daAlink_cFv
800FD680:procLadderUpStartInit__9daAlink_cFv
800FD7E8:procLadderUpStart__9daAlink_cFv
800DAE48:procLandDamageInit__9daAlink_cFi
800DB098:procLandDamage__9daAlink_cFv
800C6F50:procLandInit__9daAlink_cFf
800C701C:procLand__9daAlink_cFv
800DA1B8:procLargeDamageUpInit__9daAlink_cFiiss
800DA58C:procLargeDamageUp__9daAlink_cFv
8011DE0C:procLookAroundTurnInit__9daAlink_cFv
8011DF10:procLookAroundTurn__9daAlink_cFv
8011CA08:procLookUpInit__9daAlink_cFv
8011CAD0:procLookUpToGetItemInit__9daAlink_cFv
8011CB58:procLookUpToGetItem__9daAlink_cFv
8011CA84:procLookUp__9daAlink_cFv
800E3250:procMagneBootsFlyInit__9daAlink_cFv
800E348C:procMagneBootsFly__9daAlink_cFv
8015C784:procMainBoomHitWait__8daItem_cFv
8015C560:procMainBoomerangCarry__8daItem_cFv
8015C034:procMainEnemyCarry__8daItem_cFv
8015C084:procMainForceGet__8daItem_cFv
8015C408:procMainGetDemoEvent__8daItem_cFv
8015BEF0:procMainNormal__8daItem_cFv
8015C180:procMainSimpleGetDemo__8daItem_cFv
8015C694:procMainSwOnWait__8daItem_cFv
8011ED50:procMasterSwordPullInit__9daAlink_cFv
8011EDC4:procMasterSwordPull__9daAlink_cFv
8011EC14:procMasterSwordStickInit__9daAlink_cFv
8011EC98:procMasterSwordStick__9daAlink_cFv
8011BCAC:procMonkeyMoveInit__9daAlink_cFv
8011BD50:procMonkeyMove__9daAlink_cFv
800C3704:procMoveInit__9daAlink_cFv
800C3C74:procMoveTurnInit__9daAlink_cFi
800C3D70:procMoveTurn__9daAlink_cFv
800C3768:procMove__9daAlink_cFv
8011E480:procNotUseItemInit__9daAlink_cFi
8011E5B4:procNotUseItem__9daAlink_cFv
801058D8:procOctaIealSpitInit__9daAlink_cFv
80105A38:procOctaIealSpit__9daAlink_cFv
800E7624:procPickPutInit__9daAlink_cFi
800E7718:procPickPut__9daAlink_cFv
800E728C:procPickUpInit__9daAlink_cFv
800E7498:procPickUp__9daAlink_cFv
800C2E14:procPreActionUnequipInit__9daAlink_cFiP10fopAc_ac_c
800C2EE4:procPreActionUnequip__9daAlink_cFv
800E8D54:procPullMoveInit__9daAlink_cFi
800E8F7C:procPullMove__9daAlink_cFv
800C6888:procRollJumpInit__9daAlink_cFv
800C6964:procRollJump__9daAlink_cFv
80100DDC:procRoofHangFrontMoveInit__9daAlink_cFv
80100F24:procRoofHangFrontMove__9daAlink_cFv
80101254:procRoofHangSideMoveInit__9daAlink_cFv
80101340:procRoofHangSideMove__9daAlink_cFv
80100A48:procRoofHangStartInit__9daAlink_cFRC13cBgS_PolyInfoRC4cXyzi
80100B1C:procRoofHangStart__9daAlink_cFv
801013F0:procRoofHangTurnInit__9daAlink_cFv
8010156C:procRoofHangTurn__9daAlink_cFv
80100BEC:procRoofHangWaitInit__9daAlink_cFi
80100D70:procRoofHangWait__9daAlink_cFv
801016E4:procRoofSwitchHangInit__9daAlink_cFP10fopAc_ac_c
801017E4:procRoofSwitchHang__9daAlink_cFv
800DBD54:procScreamWaitInit__9daAlink_cFv
800DBDDC:procScreamWait__9daAlink_cFv
800C30D0:procServiceWaitInit__9daAlink_cFv
800C3128:procServiceWait__9daAlink_cFv
800C5360:procSideRollInit__9daAlink_cFi
800C54BC:procSideRoll__9daAlink_cFv
800C3DD8:procSideStepInit__9daAlink_cFi
800C4128:procSideStepLandInit__9daAlink_cFv
800C42B0:procSideStepLand__9daAlink_cFv
800C3F98:procSideStep__9daAlink_cFv
800C43B0:procSlideInit__9daAlink_cFs
800C47E4:procSlideLandInit__9daAlink_cFi
800C48CC:procSlideLand__9daAlink_cFv
800C454C:procSlide__9daAlink_cFv
800C5C60:procSlipInit__9daAlink_cFv
800C5CDC:procSlip__9daAlink_cFv
800C7130:procSmallJumpInit__9daAlink_cFi
800C730C:procSmallJump__9daAlink_cFv
8010DC9C:procSpinnerReadyInit__9daAlink_cFv
8010DE04:procSpinnerReady__9daAlink_cFv
8010DEB0:procSpinnerWaitInit__9daAlink_cFv
8010DF84:procSpinnerWait__9daAlink_cFv
800DB5E8:procStEscapeInit__9daAlink_cFv
800DB648:procStEscape__9daAlink_cFv
800C750C:procStepMoveInit__9daAlink_cFv
800C7594:procStepMove__9daAlink_cFv
800EB65C:procSumouActionInit__9daAlink_cFiii
800EBD18:procSumouAction__9daAlink_cFv
800EAC84:procSumouMoveInit__9daAlink_cFv
800EADBC:procSumouMove__9daAlink_cFv
800EA988:procSumouReadyInit__9daAlink_cFv
800EAA60:procSumouReady__9daAlink_cFv
800EC570:procSumouShikoInit__9daAlink_cFv
800EC62C:procSumouShiko__9daAlink_cFv
800EB240:procSumouSideMoveInit__9daAlink_cFv
800EB2F4:procSumouSideMove__9daAlink_cFv
800EC130:procSumouStaggerInit__9daAlink_cFv
800EC1A8:procSumouStagger__9daAlink_cFv
800EC244:procSumouWinLoseInit__9daAlink_cFv
800EC410:procSumouWinLose__9daAlink_cFv
801051D4:procSwimDamageInit__9daAlink_cFP12dCcD_GObjInf
80105760:procSwimDamage__9daAlink_cFv
80104990:procSwimDiveInit__9daAlink_cFv
80104AD8:procSwimDive__9daAlink_cFv
80104EF0:procSwimHookshotMoveInit__9daAlink_cFv
80104FFC:procSwimHookshotMove__9daAlink_cFv
80104C88:procSwimHookshotSubjectInit__9daAlink_cFv
80104DB4:procSwimHookshotSubject__9daAlink_cFv
801046A8:procSwimMoveInit__9daAlink_cFv
801047F0:procSwimMove__9daAlink_cFv
80104130:procSwimUpInit__9daAlink_cFv
80104220:procSwimUp__9daAlink_cFv
80104330:procSwimWaitInit__9daAlink_cFi
801044EC:procSwimWait__9daAlink_cFv
8011E918:procSwordPushInit__9daAlink_cFv
8011E998:procSwordPush__9daAlink_cFv
8011E718:procSwordReadyInit__9daAlink_cFv
8011E780:procSwordReady__9daAlink_cFv
800D69C4:procSwordUnequipSpInit__9daAlink_cFv
800D6A70:procSwordUnequipSp__9daAlink_cFv
800C325C:procTiredWaitInit__9daAlink_cFv
800C3370:procTiredWait__9daAlink_cFv
8011DFA0:procTradeItemOutInit__9daAlink_cFv
8011E098:procTradeItemOut__9daAlink_cFv
800DE040:procTurnMoveInit__9daAlink_cFi
800DE3B8:procTurnMove__9daAlink_cFv
8015C2F0:procWaitGetDemoEvent__8daItem_cFv
800C33F0:procWaitInit__9daAlink_cFv
800C3ACC:procWaitTurnInit__9daAlink_cFv
800C3B54:procWaitTurn__9daAlink_cFv
800C353C:procWait__9daAlink_cFv
8012DBF4:procWolfAtnActorMoveInit__9daAlink_cFv
8012DC90:procWolfAtnActorMove__9daAlink_cFv
8013C914:procWolfAttackReverseInit__9daAlink_cFv
8013CA38:procWolfAttackReverse__9daAlink_cFv
8012EA14:procWolfAutoJumpInit__9daAlink_cFi
8012EBE0:procWolfAutoJump__9daAlink_cFv
8012E3E4:procWolfBackJumpInit__9daAlink_cFi
8012E640:procWolfBackJumpLandInit__9daAlink_cFss
8012E6D0:procWolfBackJumpLand__9daAlink_cFv
8012E554:procWolfBackJump__9daAlink_cFv
8013DBB8:procWolfCargoCarryInit__9daAlink_cFv
8013DCA8:procWolfCargoCarry__9daAlink_cFv
8013E28C:procWolfChainReadyInit__9daAlink_cFv
8013E2F4:procWolfChainReady__9daAlink_cFv
8013DE44:procWolfChainUpInit__9daAlink_cFv
8013DEBC:procWolfChainUp__9daAlink_cFv
8013E70C:procWolfChainWaitInit__9daAlink_cFv
8013E858:procWolfChainWait__9daAlink_cFv
80136138:procWolfDamageInit__9daAlink_cFP12dCcD_GObjInf
80136554:procWolfDamage__9daAlink_cFv
8012D4C0:procWolfDashInit__9daAlink_cFv
8012D90C:procWolfDashReverseInit__9daAlink_cFi
8012DAA8:procWolfDashReverse__9daAlink_cFv
8012D5DC:procWolfDash__9daAlink_cFv
8013ED90:procWolfDigInit__9daAlink_cFv
8013F4F4:procWolfDigThroughInit__9daAlink_cFi
8013F810:procWolfDigThrough__9daAlink_cFv
8013F23C:procWolfDig__9daAlink_cFv
8013B9B0:procWolfDownAtLandInit__9daAlink_cFP13fopEn_enemy_c
8013BA90:procWolfDownAtLand__9daAlink_cFv
8013BCE0:procWolfDownAtMissLandInit__9daAlink_cFv
8013BDA0:procWolfDownAtMissLand__9daAlink_cFv
8013B574:procWolfDownAttackInit__9daAlink_cFv
8013B854:procWolfDownAttack__9daAlink_cFv
8013CD40:procWolfEnemyHangBiteInit__9daAlink_cFv
8013CE38:procWolfEnemyHangBite__9daAlink_cFv
8013CB94:procWolfEnemyThrowInit__9daAlink_cFi
8013CCA8:procWolfEnemyThrow__9daAlink_cFv
8012EE1C:procWolfFallInit__9daAlink_cFif
8012F004:procWolfFall__9daAlink_cFv
8013DF7C:procWolfGanonCatchInit__9daAlink_cFv
8013E080:procWolfGanonCatch__9daAlink_cFv
8013FA60:procWolfGetSmellInit__9daAlink_cFv
8013FC70:procWolfGetSmell__9daAlink_cFv
801351AC:procWolfGiantPuzzleInit__9daAlink_cFv
80135244:procWolfGiantPuzzle__9daAlink_cFv
8013D5D4:procWolfGrabPutInit__9daAlink_cFv
8013D6A8:procWolfGrabPut__9daAlink_cFv
8013D864:procWolfGrabThrowInit__9daAlink_cFv
8013D8B8:procWolfGrabThrow__9daAlink_cFv
8013D120:procWolfGrabUpInit__9daAlink_cFv
8013D448:procWolfGrabUp__9daAlink_cFv
80135D24:procWolfHangFallStartInit__9daAlink_cFP8cM3dGPla
80135F4C:procWolfHangFallStart__9daAlink_cFv
80135638:procWolfHangReadyInit__9daAlink_cFv
801356B4:procWolfHangReady__9daAlink_cFv
8013573C:procWolfHangWallCatchInit__9daAlink_cFi
80135B40:procWolfHangWallCatch__9daAlink_cFv
8013074C:procWolfHowlDemoInit__9daAlink_cFv
80130C10:procWolfHowlDemo__9daAlink_cFv
8012E7A0:procWolfHowlInit__9daAlink_cFi
8012E888:procWolfHowl__9daAlink_cFv
80139E2C:procWolfJumpAttackInit__9daAlink_cFi
8013A838:procWolfJumpAttackKickInit__9daAlink_cFv
8013A8EC:procWolfJumpAttackKick__9daAlink_cFv
8013AC90:procWolfJumpAttackNormalLandInit__9daAlink_cFi
8013AD40:procWolfJumpAttackNormalLand__9daAlink_cFv
8013A948:procWolfJumpAttackSlideLandInit__9daAlink_cFiii
8013AB10:procWolfJumpAttackSlideLand__9daAlink_cFv
8013A544:procWolfJumpAttack__9daAlink_cFv
80136C64:procWolfLandDamageInit__9daAlink_cFi
80136E30:procWolfLandDamage__9daAlink_cFv
8012F184:procWolfLandInit__9daAlink_cFv
8012F23C:procWolfLand__9daAlink_cFv
80136670:procWolfLargeDamageUpInit__9daAlink_cFiiss
80136A30:procWolfLargeDamageUp__9daAlink_cFv
80137CDC:procWolfLieAutoMoveInit__9daAlink_cFiP4cXyz
80137D98:procWolfLieAutoMove__9daAlink_cFv
80137680:procWolfLieMoveInit__9daAlink_cFi
8013783C:procWolfLieMove__9daAlink_cFv
8013746C:procWolfLieStartInit__9daAlink_cFi
80137588:procWolfLieStart__9daAlink_cFv
8013BE70:procWolfLockAttackInit__9daAlink_cFi
8013C67C:procWolfLockAttackTurnInit__9daAlink_cFi
8013C7F0:procWolfLockAttackTurn__9daAlink_cFv
8013C430:procWolfLockAttack__9daAlink_cFv
8012D09C:procWolfMidnaRideShockInit__9daAlink_cFv
8012D150:procWolfMidnaRideShock__9daAlink_cFv
8012D3CC:procWolfMoveInit__9daAlink_cFv
8012D430:procWolfMove__9daAlink_cFv
8013D97C:procWolfPushInit__9daAlink_cFv
8013DAD8:procWolfPush__9daAlink_cFv
801398F4:procWolfRollAttackChargeInit__9daAlink_cFv
80139954:procWolfRollAttackCharge__9daAlink_cFv
8013B2EC:procWolfRollAttackInit__9daAlink_cFii
80139A10:procWolfRollAttackMoveInit__9daAlink_cFv
80139ABC:procWolfRollAttackMove__9daAlink_cFv
8013B470:procWolfRollAttack__9daAlink_cFv
80132784:procWolfRopeHangInit__9daAlink_cFi
80132960:procWolfRopeHang__9daAlink_cFv
80131CC0:procWolfRopeMoveInit__9daAlink_cFii
80131DEC:procWolfRopeMove__9daAlink_cFv
801330A0:procWolfRopeStaggerInit__9daAlink_cFi
801331B0:procWolfRopeStagger__9daAlink_cFv
80133898:procWolfRopeSubjectivityInit__9daAlink_cFv
8013397C:procWolfRopeSubjectivity__9daAlink_cFv
80132DB4:procWolfRopeTurnInit__9daAlink_cFv
80132ED4:procWolfRopeTurn__9daAlink_cFv
80136FA0:procWolfScreamWaitInit__9daAlink_cFv
80137044:procWolfScreamWait__9daAlink_cFv
8012CC30:procWolfServiceWaitInit__9daAlink_cFi
8012CD74:procWolfServiceWait__9daAlink_cFv
8012DF14:procWolfSideStepInit__9daAlink_cFi
8012E234:procWolfSideStepLandInit__9daAlink_cFs
8012E328:procWolfSideStepLand__9daAlink_cFv
8012E0F8:procWolfSideStep__9daAlink_cFv
8012F2C4:procWolfSitInit__9daAlink_cFi
8012F3A4:procWolfSit__9daAlink_cFv
8012FECC:procWolfSlideInit__9daAlink_cFsi
80130120:procWolfSlideLandInit__9daAlink_cFv
80130184:procWolfSlideLand__9daAlink_cFv
8012FC84:procWolfSlideReadyInit__9daAlink_cFsi
8012FD78:procWolfSlideReady__9daAlink_cFv
8012FFF0:procWolfSlide__9daAlink_cFv
8012F680:procWolfSlipInit__9daAlink_cFv
8012F88C:procWolfSlipTurnInit__9daAlink_cFi
8012FB64:procWolfSlipTurnLandInit__9daAlink_cFv
8012FC00:procWolfSlipTurnLand__9daAlink_cFv
8012FA0C:procWolfSlipTurn__9daAlink_cFv
8012F738:procWolfSlip__9daAlink_cFv
8013048C:procWolfSlopeStartInit__9daAlink_cFi
80130520:procWolfSlopeStart__9daAlink_cFv
8011D0D8:procWolfSmellWaitInit__9daAlink_cFv
8011D864:procWolfSnowEscapeInit__9daAlink_cFv
8011D930:procWolfSnowEscape__9daAlink_cFv
8012F468:procWolfStepMoveInit__9daAlink_cFv
8012F54C:procWolfStepMove__9daAlink_cFv
80138958:procWolfSwimEndWaitInit__9daAlink_cFi
80138A64:procWolfSwimEndWait__9daAlink_cFv
80138768:procWolfSwimMoveInit__9daAlink_cFv
801387EC:procWolfSwimMove__9daAlink_cFv
80138424:procWolfSwimUpInit__9daAlink_cFv
801384D0:procWolfSwimUp__9daAlink_cFv
80138578:procWolfSwimWaitInit__9daAlink_cFi
80138690:procWolfSwimWait__9daAlink_cFv
8013404C:procWolfTagJumpInit__9daAlink_cFP10fopAc_ac_c
80134E04:procWolfTagJumpLandInit__9daAlink_cFP10fopAc_ac_c
80134F08:procWolfTagJumpLand__9daAlink_cFv
80134884:procWolfTagJump__9daAlink_cFv
8012CFB4:procWolfTiredWaitInit__9daAlink_cFv
8012D038:procWolfTiredWait__9daAlink_cFv
8013AE3C:procWolfWaitAttackInit__9daAlink_cFi
8013B00C:procWolfWaitAttack__9daAlink_cFv
8012D1F4:procWolfWaitInit__9daAlink_cFv
80130230:procWolfWaitSlipInit__9daAlink_cFv
801302B4:procWolfWaitSlip__9daAlink_cFv
8012DD54:procWolfWaitTurnInit__9daAlink_cFv
8012DE00:procWolfWaitTurn__9daAlink_cFv
8012D2F4:procWolfWait__9daAlink_cFv
8011DB3C:procZoraMoveInit__9daAlink_cFv
8011DBD4:procZoraMove__9daAlink_cFv
800739B0:proc__10dAttHint_cFv
80073D2C:proc__10dAttLook_cFv
80073A1C:proc__11dAttCatch_cFv
802B57E8:processBgmFramework__8Z2SeqMgrFv
802B83BC:processHeartGaugeSound__11Z2StatusMgrFv
802B05C4:processSeFramework__7Z2SeMgrFv
80281244:processTermination__14JPABaseEmitterFv
80281204:processTillStartFrame__14JPABaseEmitterFv
802B8B5C:processTime__11Z2StatusMgrFv
802AA858:process__Q28JMessage18TSequenceProcessorFPCc
802AAF60:process__Q28JMessage19TRenderingProcessorFPCc
802AA62C:process_character___Q28JMessage10TProcessorFv
8044AE4C:process_id$2216
802AAE90:process_onBranch___Q28JMessage18TSequenceProcessorFPCQ28JMessage18TSequenceProcessorUl
802AAE58:process_onBranch_limited___Q28JMessage18TSequenceProcessorFPCQ28JMessage18TSequenceProcessorUl
802AA6CC:process_onCharacterEnd_normal___Q28JMessage10TProcessorFPQ28JMessage10TProcessor
802AA734:process_onCharacterEnd_select___Q28JMessage10TProcessorFPQ28JMessage10TProcessor
802AAE2C:process_onJump___Q28JMessage18TSequenceProcessorFPCQ28JMessage18TSequenceProcessor
802AADF8:process_onJump_limited___Q28JMessage18TSequenceProcessorFPCQ28JMessage18TSequenceProcessor
802AA798:process_onSelect___Q28JMessage10TProcessorFPQ28JMessage10TProcessor
802AA77C:process_onSelect_limited___Q28JMessage10TProcessorFPQ28JMessage10TProcessor
8028B3B0:process_paragraph_reserved___Q37JStudio3stb7TObjectFUlPCvUl
8028B25C:process_sequence___Q37JStudio3stb7TObjectFv
802AAD84:process_setMessageCode___Q28JMessage18TSequenceProcessorFPCQ28JMessage18TSequenceProcessorUsUs
802AAD6C:process_setMessageIndex_reserved___Q28JMessage18TSequenceProcessorFUs
80258EB4:progChangeDraw__10dScnLogo_cFv
802585DC:progInDraw__10dScnLogo_cFv
80258C58:progOutDraw__10dScnLogo_cFv
80258694:progSelDraw__10dScnLogo_cFv
80258E38:progSet2Draw__10dScnLogo_cFv
80258DB4:progSetDraw__10dScnLogo_cFv
802E15D8:protected_initiate__10JUTResFontFPC7ResFONTP7JKRHeap
80447680:protopool$192
80054688:psdRealCallBack__FP13cBgS_ShdwDrawP10cBgD_Vtx_tiiiP8cM3dGPla
80324C0C:ptrToIndex__12J3DTevBlock1Fv
80324848:ptrToIndex__12J3DTevBlock2Fv
80324484:ptrToIndex__12J3DTevBlock4Fv
8032036C:ptrToIndex__13J3DTevBlock16Fv
80334EAC:ptrToIndex__15J3DTevBlockNullFv
80320450:ptrToIndex__18J3DTevBlockPatchedFv
80164CB0:pushInfo__9dCamera_cFPQ29dCamera_c10dCamInfo_cs
8000CCC8:push__14mDoMtx_stack_cFv
801829B0:push_any_key__9dCamera_cFv
8022BC84:push_word__26jmessage_tMeasureProcessorFPc
8022D2C0:push_word__27jmessage_tSequenceProcessorFv
8023000C:push_word__28jmessage_tRenderingProcessorFv
802330D4:push_word__35jmessage_string_tRenderingProcessorFPCc
8038BC98:pushedSlip$40016
800E5868:putObjLineCheck__9daAlink_cFR11dBgS_LinChkP4cXyzP10fopAc_ac_c
800350F0:putSave__10dSv_info_cFi
803C8C08:qMtx$1001
803C8C98:qMtx$1063
803C7BF0:qMtx$895
803C8C38:qMtx2$1002
803C8CC8:qMtx2$1064
803C7C20:qMtx2$896
8000CF7C:quatM__14mDoMtx_stack_cFPC10Quaternion
80037788:quat_rotBaseY__5daObjFP10QuaternionRC4cXyz
8024CAA0:query001__10dMsgFlow_cFP21mesg_flow_node_branchP10fopAc_ac_ci
8024CAE8:query002__10dMsgFlow_cFP21mesg_flow_node_branchP10fopAc_ac_ci
8024CB70:query003__10dMsgFlow_cFP21mesg_flow_node_branchP10fopAc_ac_ci
8024CBB8:query004__10dMsgFlow_cFP21mesg_flow_node_branchP10fopAc_ac_ci
8024CC28:query005__10dMsgFlow_cFP21mesg_flow_node_branchP10fopAc_ac_ci
8024CC60:query006__10dMsgFlow_cFP21mesg_flow_node_branchP10fopAc_ac_ci
8024CC94:query007__10dMsgFlow_cFP21mesg_flow_node_branchP10fopAc_ac_ci
8024CDC4:query008__10dMsgFlow_cFP21mesg_flow_node_branchP10fopAc_ac_ci
8024CE0C:query009__10dMsgFlow_cFP21mesg_flow_node_branchP10fopAc_ac_ci
8024CE38:query010__10dMsgFlow_cFP21mesg_flow_node_branchP10fopAc_ac_ci
8024CE6C:query011__10dMsgFlow_cFP21mesg_flow_node_branchP10fopAc_ac_ci
8024CEB4:query012__10dMsgFlow_cFP21mesg_flow_node_branchP10fopAc_ac_ci
8024CEEC:query013__10dMsgFlow_cFP21mesg_flow_node_branchP10fopAc_ac_ci
8024CF24:query014__10dMsgFlow_cFP21mesg_flow_node_branchP10fopAc_ac_ci
8024CF5C:query015__10dMsgFlow_cFP21mesg_flow_node_branchP10fopAc_ac_ci
8024CF94:query016__10dMsgFlow_cFP21mesg_flow_node_branchP10fopAc_ac_ci
8024CFCC:query017__10dMsgFlow_cFP21mesg_flow_node_branchP10fopAc_ac_ci
8024D010:query018__10dMsgFlow_cFP21mesg_flow_node_branchP10fopAc_ac_ci
8024D054:query019__10dMsgFlow_cFP21mesg_flow_node_branchP10fopAc_ac_ci
8024D098:query020__10dMsgFlow_cFP21mesg_flow_node_branchP10fopAc_ac_ci
8024D0DC:query021__10dMsgFlow_cFP21mesg_flow_node_branchP10fopAc_ac_ci
8024D24C:query022__10dMsgFlow_cFP21mesg_flow_node_branchP10fopAc_ac_ci
8024D280:query023__10dMsgFlow_cFP21mesg_flow_node_branchP10fopAc_ac_ci
8024D2BC:query024__10dMsgFlow_cFP21mesg_flow_node_branchP10fopAc_ac_ci
8024D2DC:query025__10dMsgFlow_cFP21mesg_flow_node_branchP10fopAc_ac_ci
8024D324:query026__10dMsgFlow_cFP21mesg_flow_node_branchP10fopAc_ac_ci
8024D350:query027__10dMsgFlow_cFP21mesg_flow_node_branchP10fopAc_ac_ci
8024D3B4:query028__10dMsgFlow_cFP21mesg_flow_node_branchP10fopAc_ac_ci
8024D408:query029__10dMsgFlow_cFP21mesg_flow_node_branchP10fopAc_ac_ci
8024D448:query030__10dMsgFlow_cFP21mesg_flow_node_branchP10fopAc_ac_ci
8024D480:query031__10dMsgFlow_cFP21mesg_flow_node_branchP10fopAc_ac_ci
8024D4DC:query032__10dMsgFlow_cFP21mesg_flow_node_branchP10fopAc_ac_ci
8024D504:query033__10dMsgFlow_cFP21mesg_flow_node_branchP10fopAc_ac_ci
8024D54C:query034__10dMsgFlow_cFP21mesg_flow_node_branchP10fopAc_ac_ci
8024D57C:query035__10dMsgFlow_cFP21mesg_flow_node_branchP10fopAc_ac_ci
8024D5A4:query036__10dMsgFlow_cFP21mesg_flow_node_branchP10fopAc_ac_ci
8024D5E8:query037__10dMsgFlow_cFP21mesg_flow_node_branchP10fopAc_ac_ci
8024D62C:query038__10dMsgFlow_cFP21mesg_flow_node_branchP10fopAc_ac_ci
8024D718:query039__10dMsgFlow_cFP21mesg_flow_node_branchP10fopAc_ac_ci
8024D7B4:query040__10dMsgFlow_cFP21mesg_flow_node_branchP10fopAc_ac_ci
8024D8B8:query041__10dMsgFlow_cFP21mesg_flow_node_branchP10fopAc_ac_ci
8024D954:query042__10dMsgFlow_cFP21mesg_flow_node_branchP10fopAc_ac_ci
8024DA10:query043__10dMsgFlow_cFP21mesg_flow_node_branchP10fopAc_ac_ci
8024DAAC:query044__10dMsgFlow_cFP21mesg_flow_node_branchP10fopAc_ac_ci
8024DAF4:query045__10dMsgFlow_cFP21mesg_flow_node_branchP10fopAc_ac_ci
8024DB80:query046__10dMsgFlow_cFP21mesg_flow_node_branchP10fopAc_ac_ci
8024DBB0:query047__10dMsgFlow_cFP21mesg_flow_node_branchP10fopAc_ac_ci
8024DBB8:query048__10dMsgFlow_cFP21mesg_flow_node_branchP10fopAc_ac_ci
8024DC08:query049__10dMsgFlow_cFP21mesg_flow_node_branchP10fopAc_ac_ci
8024DC64:query050__10dMsgFlow_cFP21mesg_flow_node_branchP10fopAc_ac_ci
8024DCA8:query051__10dMsgFlow_cFP21mesg_flow_node_branchP10fopAc_ac_ci
8024DD08:query052__10dMsgFlow_cFP21mesg_flow_node_branchP10fopAc_ac_ci
8024DD3C:query053__10dMsgFlow_cFP21mesg_flow_node_branchP10fopAc_ac_ci
802E603C:queryMapAddress__12JUTExceptionFPcUllPUlPUlPcUlbb
802E612C:queryMapAddress_single__12JUTExceptionFPcUllPUlPUlPcUlbb
803EEF1C:queue$3717
8044B2A8:r0
8044B2B4:r02
8041EA84:r09o$4964
8044B2AC:r1
8044B2B8:r12
8044B2B0:r2
8044B2BC:r22
80167C70:radiusActorInSight__9dCamera_cFP10fopAc_ac_cP10fopAc_ac_cP10fopAc_ac_c
80165284:radiusActorInSight__9dCamera_cFP10fopAc_ac_cP10fopAc_ac_cP4cXyzP4cXyzfsf
801795DC:railCamera__9dCamera_cFl
8005CDA8:rain_bg_chk__FP19dKankyo_rain_Packeti
8036ACB8:raise
8006F218:randombit__25@unnamed@d_vibration_cpp@Fll
80283E38:range_getParameter__Q27JStudio29TFunctionValueAttribute_rangeCFddd
80283D48:range_initialize__Q27JStudio29TFunctionValueAttribute_rangeFv
80283D7C:range_prepare__Q27JStudio29TFunctionValueAttribute_rangeFv
80283E24:range_set__Q27JStudio29TFunctionValueAttribute_rangeFdd
8016E45C:rangef__22@unnamed@d_camera_cpp@Ffff
803A6488:rank_tbl
802579D0:rateCalc__13CPaneMgrAlphaFssUc
8008817C:rationalBezierRatio__8dCamMathFff
80392068:rboxPosX$3884
80392080:rboxPosY$3885
80392050:rboxScale$3883
8033B860:readAnmCluster__19J3DAnmKeyLoader_v15FPC20J3DAnmClusterKeyData
8033AFBC:readAnmCluster__20J3DAnmFullLoader_v15FPC21J3DAnmClusterFullData
8030BCE4:readAnmColor__19J2DAnmKeyLoader_v15FPC18J3DAnmColorKeyData
8033B74C:readAnmColor__19J3DAnmKeyLoader_v15FPC18J3DAnmColorKeyData
8030C2B8:readAnmColor__20J2DAnmFullLoader_v15FPC19J3DAnmColorFullData
8033AD58:readAnmColor__20J3DAnmFullLoader_v15FPC19J3DAnmColorFullData
8030C478:readAnmTevReg__19J2DAnmKeyLoader_v15FPC19J3DAnmTevRegKeyData
8033B8F4:readAnmTevReg__19J3DAnmKeyLoader_v15FPC19J3DAnmTevRegKeyData
8030C3AC:readAnmTexPattern__20J2DAnmFullLoader_v15FPC24J3DAnmTexPatternFullData
8033AE4C:readAnmTexPattern__20J3DAnmFullLoader_v15FPC24J3DAnmTexPatternFullData
8030BAD0:readAnmTextureSRT__19J2DAnmKeyLoader_v15FPC23J3DAnmTextureSRTKeyData
8033B54C:readAnmTextureSRT__19J3DAnmKeyLoader_v15FPC23J3DAnmTextureSRTKeyData
8030BA0C:readAnmTransform__19J2DAnmKeyLoader_v15FPC22J3DAnmTransformKeyData
8033B488:readAnmTransform__19J3DAnmKeyLoader_v15FPC22J3DAnmTransformKeyData
8030C1FC:readAnmTransform__20J2DAnmFullLoader_v15FPC23J3DAnmTransformFullData
8033AC9C:readAnmTransform__20J3DAnmFullLoader_v15FPC23J3DAnmTransformFullData
8030C62C:readAnmVisibility__20J2DAnmFullLoader_v15FPC24J3DAnmVisibilityFullData
8033AF18:readAnmVisibility__20J3DAnmFullLoader_v15FPC24J3DAnmVisibilityFullData
8030BDF8:readAnmVtxColor__19J2DAnmKeyLoader_v15FPC21J3DAnmVtxColorKeyData
8033BAA8:readAnmVtxColor__19J3DAnmKeyLoader_v15FPC21J3DAnmVtxColorKeyData
8030C6D0:readAnmVtxColor__20J2DAnmFullLoader_v15FPC22J3DAnmVtxColorFullData
8033B050:readAnmVtxColor__20J3DAnmFullLoader_v15FPC22J3DAnmVtxColorFullData
801CB9AC:readAreaData__12dMenu_Fmap_cFUcb
802ABF08:readBFCA__16Z2AudioArcLoaderFPCv
802A6CE8:readBMS__17JAUAudioArcLoaderFUlPCvUl
802A6D14:readBMS_fromArchive__17JAUAudioArcLoaderFUl
802A6C44:readBNK__17JAUAudioArcLoaderFUlPCv
802A6C74:readBSC__17JAUAudioArcLoaderFPCvUl
802A6DA8:readBSFT__17JAUAudioArcLoaderFPCv
802ABF94:readBSTN__16Z2AudioArcLoaderFPCvUl
802A6CC0:readBSTN__17JAUAudioArcLoaderFPCvUl
802A6C98:readBST__17JAUAudioArcLoaderFPCvUl
80336794:readCluster__20J3DClusterLoader_v15FPC15J3DClusterBlock
802ABEB0:readCommandMore__16Z2AudioArcLoaderFUl
802A6754:readCommandMore__22JAUAudioArcInterpreterFUl
802A675C:readCommand___22JAUAudioArcInterpreterFv
802DBE50:readData__10JKRDvdFileFPvll
802DEB18:readData__18JSUFileInputStreamFPvl
802DE9D0:readData__20JSUMemoryInputStreamFPvl
8033791C:readDraw__14J3DModelLoaderFPC12J3DDrawBlock
8029EC10:readDspBuffer__9JASDriverFPsUl
8033788C:readEnvelop__14J3DModelLoaderFPC16J3DEnvelopeBlock
802959D0:readExport__12JASTrackPortFUl
801CC108:readFieldMapData__12dMenu_Fmap_cFPPvPCcbb
802D6174:readFromAram__13JKRAramStreamFv
802D7BBC:readFsResource__12JKRFileCacheFPvUlPCc
802D8368:readIdxResource__10JKRArchiveFPvUlUl
802959AC:readImport__12JASTrackPortFUl
803374E4:readInformation__14J3DModelLoaderFPC17J3DModelInfoBlockUl
8021D660:readItemTexture__13dMeter2Info_cFUcPvP10J2DPicturePvP10J2DPicturePvP10J2DPicturePvP10J2DPicturei
803379CC:readJoint__14J3DModelLoaderFPC13J3DJointBlock
80338604:readMaterialDL__14J3DModelLoaderFPC18J3DMaterialDLBlockUl
80338940:readMaterialTable__14J3DModelLoaderFPC16J3DMaterialBlockUl
80338180:readMaterialTable__18J3DModelLoader_v26FPC16J3DMaterialBlockUl
8033893C:readMaterialTable_v21__14J3DModelLoaderFPC20J3DMaterialBlock_v21Ul
803382BC:readMaterialTable_v21__18J3DModelLoader_v21FPC20J3DMaterialBlock_v21Ul
80338938:readMaterial__14J3DModelLoaderFPC16J3DMaterialBlockUl
80337AB0:readMaterial__18J3DModelLoader_v26FPC16J3DMaterialBlockUl
80338934:readMaterial_v21__14J3DModelLoaderFPC20J3DMaterialBlock_v21Ul
80337D2C:readMaterial_v21__18J3DModelLoader_v21FPC20J3DMaterialBlock_v21Ul
802A6E18:readMaxSeCategory__17JAUAudioArcLoaderFiii
8023750C:readMessageGroupLocal__12dMsgObject_cFPP25mDoDvdThd_mountXArchive_c
80238920:readMessageGroup__12dMsgObject_cFPP25mDoDvdThd_mountXArchive_c
802986E0:readMidiValue__12JASSeqReaderFv
8002645C:readMult__FP11dStage_dt_cP14dStage_Multi_cb
802D7BE8:readNameResource__12JKRFileCacheFPvUlUlPCc
802E53F0:readPad__12JUTExceptionFPUlPUl
803384C4:readPatchedMaterial__14J3DModelLoaderFPC16J3DMaterialBlockUl
80294D00:readPortSelf__8JASTrackFUl
80294DAC:readPort__8JASTrackFUl
802963F8:readReg__12JASSeqParserCFP8JASTrackUl
802D82CC:readResource__10JKRArchiveFPvUlPCc
802D8228:readResource__10JKRArchiveFPvUlUlPCc
802D83DC:readResource__10JKRArchiveFPvUlUs
802D7400:readResource__12JKRFileCacheFPvUlPCc
802D74D8:readResource__12JKRFileCacheFPvUlUlPCc
801CBF78:readRoomData__12dMenu_Fmap_cFPCcP23dMenu_Fmap_stage_data_cPviUc
801CC590:readRoomDzsData__12dMenu_Fmap_cFPPvUlPCc
8004BDFC:readScene__13dPa_control_cFUcPP21mDoDvdThd_toMainRam_c
80337F90:readShape__14J3DModelLoaderFPC13J3DShapeBlockUl
803383F8:readTextureTable__14J3DModelLoaderFPC15J3DTextureBlock
803380B4:readTexture__14J3DModelLoaderFPC15J3DTextureBlock
8033766C:readVertex__14J3DModelLoaderFPC14J3DVertexBlock
802A6BEC:readWS__17JAUAudioArcLoaderFUlPCvUl
801CB7E4:readWorldData__12dMenu_Fmap_cFUc
802E2D80:read__10JUTGamePadFv
802DE734:read__14JSUInputStreamFPvl
80295BE8:read__16JASRegisterParamFQ216JASRegisterParam5RegID
802DB9B4:read__7JKRFileFPvll
80007A94:read__8mDoCPd_cFv
801F8910:read_close_init__13dMenu_Skill_cFv
801DEE94:read_close_init__14dMenu_Letter_cFv
801F8964:read_close_move__13dMenu_Skill_cFv
801DEEE0:read_close_move__14dMenu_Letter_cFv
801F880C:read_move_init__13dMenu_Skill_cFv
801DE780:read_move_init__14dMenu_Letter_cFv
801F8848:read_move_move__13dMenu_Skill_cFv
801DE898:read_move_move__14dMenu_Letter_cFv
801DEC4C:read_next_fadein_init__14dMenu_Letter_cFv
801DED78:read_next_fadein_move__14dMenu_Letter_cFv
801DEABC:read_next_fadeout_init__14dMenu_Letter_cFv
801DEB08:read_next_fadeout_move__14dMenu_Letter_cFv
801F861C:read_open_init__13dMenu_Skill_cFv
801DE3A8:read_open_init__14dMenu_Letter_cFv
801F86F0:read_open_move__13dMenu_Skill_cFv
801DE5D8:read_open_move__14dMenu_Letter_cFv
80054854:realPolygonCheck__FP4cXyzffP4cXyzP18dDlst_shadowPoly_c
802A931C:rearrangeLoadingSeqs___23JAUDynamicSeqDataBlocksFv
802E3F34:recalibrate__10JUTGamePadFUl
80007D74:recalibrate__8mDoCPd_cFv
8044B9AC:recalibrated$388
8029E078:receiveBankDisposeMsg__10JASChannelFv
80331894:recursiveCalc__8J3DJointFv
802D23B8:recycleFreeBlock__10JKRExpHeapFPQ210JKRExpHeap9CMemBlock
80283B18:refer_initialize__Q27JStudio29TFunctionValueAttribute_referFv
801D3550:regionGridDraw__18dMenu_Fmap2DBack_cFv
801D4BA0:regionMapMove__18dMenu_Fmap2DBack_cFP9STControl
801D3B6C:regionOriginDraw__18dMenu_Fmap2DBack_cFv
801D2E1C:regionTextureDraw__18dMenu_Fmap2DBack_cFv
801C84D8:region_map_init__12dMenu_Fmap_cFv
801C85C0:region_map_proc__12dMenu_Fmap_cFv
802CB0C0:registEtcSePos__10Z2EnvSeMgrFP3Vec
802CAD08:registFallSePos__10Z2EnvSeMgrFP3Vec
802CC3F4:registLv3WaterSePos__10Z2EnvSeMgrFUcP3Vec
802B0FB0:registMultiSePos__12Z2MultiSeMgrFP3Vec
802763BC:registRes__18JPAResourceManagerFP11JPAResource
802CA6D0:registRiverSePos__10Z2EnvSeMgrFP3Vec
802763DC:registTex__18JPAResourceManagerFP10JPATexture
802C9CA8:registWindowPos__10Z2EnvSeMgrFP3Vec
802CB764:registWolfSmellSePos__10Z2EnvSeMgrFP3Vec
802923D8:regist__14JASCallbackMgrFPFPv_lPv
802A0670:registerDspSyncCallback__9JASDriverFPFPv_lPv
8029EE0C:registerMixCallback__9JASDriverFPFl_Ps10JASMixMode
802A06A4:registerSubFrameCallback__9JASDriverFPFPv_lPv
80446B68:regs
80312BD8:reinitGX__6J3DSysFv
80312C38:reinitGenMode__6J3DSysFv
803131E0:reinitIndStages__6J3DSysFv
80312C84:reinitLighting__6J3DSysFv
803132D8:reinitPixelProc__6J3DSysFv
80312ED8:reinitTevStages__6J3DSysFv
80312E34:reinitTexture__6J3DSysFv
80312D30:reinitTransform__6J3DSysFv
80255EA4:reinit__8CPaneMgrFv
802A05F4:rejectCallback__9JASDriverFPFPv_lPv
80292460:reject__14JASCallbackMgrFPFPv_lPv
8015FC44:relationalPos2__22@unnamed@d_camera_cpp@FP10fopAc_ac_cP10fopAc_ac_cP4cXyzf7cSAngle
80164E6C:relationalPos__9dCamera_cFP10fopAc_ac_cP10fopAc_ac_cP4cXyzf
80164DB8:relationalPos__9dCamera_cFP10fopAc_ac_cP4cXyz
8038BCB0:releaeScale$40570
802955E0:releaseAll__Q28JASTrack11TChannelMgrFv
802A3288:releaseChildTracks___6JAISeqFv
802A1B28:releaseChild__5JAISeFi
802A3A9C:releaseChild__6JAISeqFi
802A5E64:releaseChild__9JAIStreamFi
8029FDD4:releaseHalt__6JASDspFUl
802A45E0:releaseHandle__8JAISoundFv
802A8338:releaseIdleDynamicSeqDataBlock__14JAUSectionHeapFv
802A9188:releaseIdleDynamicSeqDataBlock__23JAUDynamicSeqDataBlocksFP14JAISeqDataUser
802A9240:releaseIdleDynamicSeqDataBlock___23JAUDynamicSeqDataBlocksFP14JAISeqDataUserUl
802A86B0:releaseSeqData__14JAUSectionHeapFv
802A1D5C:releaseSeqData__16JAISeCategoryMgrFRC16JAISeqDataRegion
802A8C1C:releaseSeqData__27JAUSeqDataMgr_SeqCollectionFv
802A2618:releaseSeqData__8JAISeMgrFRC16JAISeqDataRegion
802A3CB0:releaseSeqData__9JAISeqMgrFRC16JAISeqDataRegion
802A45C4:releaseSound__14JAISoundHandleFv
8029CF00:release__10JASChannelFUs
8029E414:release__13JASOscillatorFv
801CC690:removeAreaData__12dMenu_Fmap_cFv
802EA74C:removeConsole__17JUTConsoleManagerFP10JUTConsole
802C262C:removeEnemy__13Z2SoundObjMgrFP26JSULink<15Z2CreatureEnemy>
802D2350:removeFreeBlock__10JKRExpHeapFPQ210JKRExpHeap9CMemBlock
80331AE8:removeMatColorAnimator__16J3DMaterialTableFP11J3DAnmColor
80049058:removeModel__15dSmplMdl_draw_cFP12J3DModelDatai
802834DC:removeObject__Q37JStudio3ctb8TControlFPQ37JStudio3ctb7TObject
80286B80:removeObject__Q37JStudio3fvb8TControlFPQ37JStudio3fvb7TObject
8028B6A8:removeObject__Q37JStudio3stb8TControlFPQ37JStudio3stb7TObject
802D8450:removeResourceAll__10JKRArchiveFv
802D7570:removeResourceAll__12JKRFileCacheFv
802D936C:removeResourceAll__13JKRMemArchiveFv
802DB6FC:removeResourceAll__14JKRCompArchiveFv
802D84D8:removeResource__10JKRArchiveFPv
802D7600:removeResource__12JKRFileCacheFPv
802D67A4:removeResource__13JKRFileLoaderFPvP13JKRFileLoader
802D93BC:removeResource__13JKRMemArchiveFPv
802DB790:removeResource__14JKRCompArchiveFPv
80158D08:removeResrc__10daNpcCd2_cFii
80156C9C:removeResrc__9daNpcCd_cFii
801CC81C:removeRoomData__12dMenu_Fmap_cFP23dMenu_Fmap_stage_data_c
8004BF3C:removeRoomScene__13dPa_control_cFb
8004BFD4:removeScene__13dPa_control_cFb
8002CB30:removeSimpleModel__14dComIfG_play_cFP12J3DModelDatai
80331D1C:removeTevRegAnimator__16J3DMaterialTableFP15J3DAnmTevRegKey
80331C50:removeTexMtxAnimator__16J3DMaterialTableFP19J3DAnmTextureSRTKey
80331B94:removeTexNoAnimator__16J3DMaterialTableFP16J3DAnmTexPattern
802F4F30:removeTexture__11J2DTevBlockFUl
802EE544:removeTexture__12J2DTevBlock1FUl
802EF6B8:removeTexture__12J2DTevBlock2FUl
802F0B3C:removeTexture__12J2DTevBlock4FUl
802F1FE4:removeTexture__12J2DTevBlock8FUl
802F3464:removeTexture__13J2DTevBlock16FUl
802D2384:removeUsedBlock__10JKRExpHeapFPQ210JKRExpHeap9CMemBlock
802FFCB0:remove__10J2DPictureFP10JUTTexture
802FFB90:remove__10J2DPictureFUc
803018AC:remove__10J2DPictureFv
802DE5F8:remove__10JSUPtrListFP10JSUPtrLink
8003F754:remove__10dMapInfo_cFv
8009C8A4:remove__10dMdl_mng_cFv
8024BE2C:remove__10dMsgFlow_cFv
80031990:remove__10daMirror_cFv
80306B08:remove__12J2DPictureExFP10JUTTexture
80306908:remove__12J2DPictureExFUc
80306AA4:remove__12J2DPictureExFv
8009CB74:remove__12dEyeHL_mng_cFP8dEyeHL_c
80049210:remove__12diff_model_cFi
800392D4:remove__14dDemo_object_cFv
800431E8:remove__14dEvt_control_cFv
802A8E38:remove__16JAUSeqDataBlocksFP26JSULink<15JAUSeqDataBlock>
80046C0C:remove__16dEvent_manager_cFv
8004ABC4:remove__18dPa_modelEcallBackFv
8015072C:remove__18daNpcF_ActorMngr_cFv
80145748:remove__18daNpcT_ActorMngr_cFv
80039910:remove__7dDemo_cFv
8009BCA0:remove__7dTres_cFv
8009CA68:remove__8dEyeHL_cFv
8003FC70:remove__8dMpath_cFv
800095F8:remove__Q213mDoGph_gInf_c7bloom_cFv
80024ABC:remove__Q220dStage_roomControl_c9roomDzs_cFv
8003C8F4:remove__Q28dMpath_n18dTexObjAggregate_cFv
8044A8D4:renderMode__Q29JFWSystem11CSetUpParam
802A9AFC:render__Q28JMessage8TControlFv
8003D3C0:renderingDecoration__18dRenderingFDAmap_cFPCQ211dDrawPath_c10line_class
8003CDAC:renderingMap__15dRenderingMap_cFv
8003C94C:rendering__11dDrawPath_cFPCQ211dDrawPath_c10line_class
8003CA40:rendering__11dDrawPath_cFPCQ211dDrawPath_c10poly_class
8003CC24:rendering__11dDrawPath_cFPCQ211dDrawPath_c10room_class
8003CBBC:rendering__11dDrawPath_cFPCQ211dDrawPath_c11floor_class
8003CB00:rendering__11dDrawPath_cFPCQ211dDrawPath_c11group_class
801CF128:rendering__15dMenu_FmapMap_cFPCQ211dDrawPath_c10line_class
80028A30:rendering__15renderingAmap_cFPCQ211dDrawPath_c10line_class
80028B3C:rendering__15renderingAmap_cFPCQ211dDrawPath_c10poly_class
800289F0:rendering__15renderingAmap_cFPCQ211dDrawPath_c10room_class
802A0180:replyFinishRequest__Q26JASDsp8TChannelFv
8007393C:request__10dAttHint_cFP10fopAc_ac_ci
80073D48:request__10dAttLook_cFP10fopAc_ac_cfffsi
80073A48:request__11dAttCatch_cFP10fopAc_ac_cUcfffsi
8044AE88:request_id$2360
80029818:resCopy__6dMap_cFv
80259E50:resLoad__FP30request_of_phase_process_classP10dScnLogo_c
8025AC14:resLoad__FP30request_of_phase_process_classPc
8044B238:resPhase
8044B250:resPreLoadTime0
8044B258:resPreLoadTime1
802A30E4:reserveChildTracks___6JAISeqFi
80024954:resetArchiveBank__20dStage_roomControl_cFi
8025D2C0:resetArchiveBank__Fi
800AAA14:resetAtCollision__9daAlink_cFi
800BF518:resetBasAnime__9daAlink_cFv
802B6568:resetBattleBgmParams__8Z2SeqMgrFv
80229F5C:resetCharCountBuffer__19jmessage_tReferenceFv
80229EFC:resetCharactor__19jmessage_tReferenceFv
8023030C:resetCharactor__26jmessage_string_tReferenceFv
800D1468:resetCombo__9daAlink_cFi
8029E25C:resetCounter__6JASLfoFv
802BBF04:resetCrowdSize__7Z2SeMgrFv
80117BC8:resetDemoBck__9daAlink_cFv
800AFCF4:resetFacePriAnime__9daAlink_cFv
800AFBAC:resetFacePriBck__9daAlink_cFv
800AFC64:resetFacePriBtk__9daAlink_cFv
800AFC08:resetFacePriBtp__9daAlink_cFv
800AFCC0:resetFacePriTexture__9daAlink_cFv
80124BB4:resetFairyEffect__9daAlink_cFv
802AC870:resetFilterAll__10Z2SoundMgrFv
8021C8E8:resetFloatingMessage__13dMeter2Info_cFv
8044BA84:resetFuncRegistered
8025BE60:resetGame__9dScnPly_cFv
80108714:resetHookshotMode__9daAlink_cFv
802432E4:resetLine__14dMsgScrnHowl_cFv
8021D358:resetMeterString__13dMeter2Info_cFv
8021E81C:resetMiniGameItem__13dMeter2Info_cFb
802ADC4C:resetModY__7Z2SeMgrFv
8004AC90:resetModel__18dPa_modelEcallBackFP14JPABaseEmitter
80315544:resetMtxLoadCache__11J3DShapeMtxFv
802B10FC:resetMultiSePos__12Z2MultiSeMgrFv
80110FC0:resetOilBottleModel__9daAlink_cFv
80027C90:resetOldMulti__15dStage_roomDt_cFv
8002582C:resetOldMulti__16dStage_stageDt_cFv
802CFE10:resetProcess__10Z2AudioMgrFUlb
802CFE68:resetRecover__10Z2AudioMgrFv
80229758:resetReference__19jmessage_tReferenceFv
802A73A8:resetRegisteredBankTables__Q210JAUSection12TSectionDataFv
802A7424:resetRegisteredWaveBankTables__Q210JAUSection12TSectionDataFv
8022E940:resetRendering__28jmessage_tRenderingProcessorFv
801CCB38:resetRoomDataBit__12dMenu_Fmap_cFv
8009EB50:resetRootMtx__9daAlink_cFv
802C8E38:resetSceneInner__10Z2EnvSeMgrFv
802C8E34:resetScene__10Z2EnvSeMgrFv
80237F24:resetSelectBomBag__12dMsgObject_cFv
802A2874:resetSeqDataMgr__8JAISeMgrFv
80117CC8:resetSpecialEvent__9daAlink_cFv
802CD028:resetState__13Z2WolfHowlMgrFv
80140B14:resetStatusWindow__9daAlink_cFv
8024B71C:resetStringLocal__12dMsgString_cFP10J2DTextBox
8024B580:resetStringLocal__16dMsgStringBase_cFP10J2DTextBox
800ADB24:resetUnderAnime__9daAlink_cFQ29daAlink_c13daAlink_UNDERf
800AD75C:resetUpperAnime__9daAlink_cFQ29daAlink_c13daAlink_UPPERf
8021D134:resetWarpStatus__13dMeter2Info_cFv
800AA74C:resetWolfAtCollision__9daAlink_cFv
80138F64:resetWolfBallGrab__9daAlink_cFv
80138C50:resetWolfEnemyBiteAll__9daAlink_cFv
80229E90:resetWord__19jmessage_tReferenceFv
80228B94:reset__10COutFont_cFP10J2DTextBox
803197E4:reset__10J3DPEBlockFP10J3DPEBlock
8003F714:reset__10dMapInfo_cFv
8009C900:reset__10dMdl_mng_cFv
803197E8:reset__11J3DIndBlockFP11J3DIndBlock
803192B0:reset__11J3DMaterialFv
803197EC:reset__11J3DTevBlockFP11J3DTevBlock
80322A70:reset__12J3DTevBlock1FP11J3DTevBlock
80322B48:reset__12J3DTevBlock2FP11J3DTevBlock
80322E28:reset__12J3DTevBlock4FP11J3DTevBlock
80056538:reset__12dDlst_list_cFv
803197F4:reset__13J3DColorBlockFP13J3DColorBlock
803232C0:reset__13J3DTevBlock16FP11J3DTevBlock
80323738:reset__14J3DPEBlockFullFP10J3DPEBlock
803197F0:reset__14J3DTexGenBlockFP14J3DTexGenBlock
80042518:reset__14dEvt_control_cFPv
80042468:reset__14dEvt_control_cFv
8032354C:reset__15J3DIndBlockFullFP11J3DIndBlock
8031983C:reset__15J3DIndBlockNullFP11J3DIndBlock
80334EA8:reset__15J3DTevBlockNullFP11J3DTevBlock
8032263C:reset__15J3DTexGenBlock4FP14J3DTexGenBlock
80323650:reset__16J3DPEBlockFogOffFP10J3DPEBlock
80319570:reset__17J3DLockedMaterialFv
80006FB4:reset__17mDoAud_zelAudio_cFv
803194D8:reset__18J3DPatchedMaterialFv
803228B4:reset__18J3DTevBlockPatchedFP11J3DTevBlock
800544F0:reset__18dDlst_shadowReal_cFv
80322778:reset__19J3DTexGenBlockBasicFP14J3DTexGenBlock
803223D0:reset__20J3DColorBlockLightOnFP13J3DColorBlock
803221A4:reset__21J3DColorBlockLightOffFP13J3DColorBlock
80322520:reset__21J3DTexGenBlockPatchedFP14J3DTexGenBlock
80055768:reset__21dDlst_shadowControl_cFv
80322280:reset__22J3DColorBlockAmbientOnFP13J3DColorBlock
80039F04:reset__7dDemo_cFv
8009BCAC:reset__7dTres_cFv
800313BC:reset__7daSus_cFv
8003FBD0:reset__8dMpath_cFv
802A8A54:reset__Q23std16__bitset_base<8>FUl
80030FBC:reset__Q27daSus_c6data_cFv
800311FC:reset__Q27daSus_c6room_cFv
802A9FD0:reset__Q28JMessage10TProcessorFv
802A9A14:reset__Q28JMessage8TControlFv
8028B000:reset__Q37JStudio3stb7TObjectFPCv
8028B834:reset__Q37JStudio3stb8TControlFv
80302F94:resize__10J2DTextBoxFff
802F9494:resize__7J2DPaneFff
802D0B20:resize__7JKRHeapFPvUl
802D0AC0:resize__7JKRHeapFPvUlP7JKRHeap
802FD49C:resize__9J2DWindowFff
801F37B0:restartInit__12dMenu_save_cFv
8025FC08:restart__8dTimer_cFUc
8008FB28:restorePosEvCamera__9dCamera_cFv
80016A0C:restore__15mDoMemCd_Ctrl_cFv
8029F604:resume__15JASAudioReseterFv
80295F30:retIntr__10JASSeqCtrlFv
802986AC:ret__12JASSeqReaderFv
8044B924:retraceCount
8044B92C:retraceQueue
801F3644:retryQuestion0__12dMenu_save_cFv
801F36AC:retryQuestion1__12dMenu_save_cFv
801F3738:retryQuestion2__12dMenu_save_cFv
8000A160:retry_captue_frame__FP10view_classP15view_port_classi
800E08FC:returnBoomerang__9daAlink_cFi
800E1A68:returnCopyRod__9daAlink_cFv
800BF8BC:returnKeepItemData__9daAlink_cFv
80034DFC:revOneSwitch__13dSv_zoneBit_cFi
8003542C:revSwitch__10dSv_info_cFii
80034C14:revSwitch__12dSv_danBit_cFi
8003488C:revSwitch__12dSv_memBit_cFi
80034D78:revSwitch__13dSv_zoneBit_cFi
8014DA94:reverseDir__16daBaseNpc_path_cFv
80150C08:reverse__13daNpcF_Path_cFv
80145DEC:reverse__13daNpcT_Path_cFv
80301AF8:rewriteAlpha__10J2DPictureFv
8030312C:rewriteAlpha__10J2DTextBoxFv
80305290:rewriteAlpha__11J2DWindowExFv
80308EA8:rewriteAlpha__12J2DPictureExFv
8030ACAC:rewriteAlpha__12J2DTextBoxExFv
802FA868:rewriteAlpha__7J2DPaneFv
802FE4E8:rewriteAlpha__9J2DWindowFv
8017AE0C:rideCamera__9dCamera_cFl
800ECC08:rideGetOff__9daAlink_cFv
8038BA1C:rightOffset$19387
803A248C:ringID$5531
801FA938:ring_close_init__5dMw_cFUc
801FB75C:ring_close_proc__5dMw_cFv
801FA934:ring_move_init__5dMw_cFUc
801FB714:ring_move_proc__5dMw_cFv
801FA918:ring_open_init__5dMw_cFUc
801FB6D4:ring_open_proc__5dMw_cFv
803ACEE8:rodTopOffset$61391
8008A9B4:rollingEvCamera__9dCamera_cFv
8006F1C4:rollshift__25@unnamed@d_vibration_cpp@FUlll
8001DD1C:roofCheck__11fopAcM_rc_cFPC4cXyz
800469EC:roomFinish__16dEvent_manager_cFi
80046904:roomInit__16dEvent_manager_cFi
801CE660:roomSetteing__15renderingFmap_cFv
8044B2E0:rootHeap__9JFWSystem
8044AA00:rootPath
803EEEF0:rootlayer$3716
8044B070:rot$10956
8044B078:rot$11381
8044B080:rot$11660
8044B088:rot$12032
8044B038:rot$7951
8044B040:rot$8398
8044B048:rot$8968
8044B058:rot$9453
8044B060:rot$9899
8003EDEC:rotAngle__10dMapInfo_nFPC21dStage_FileList2_dt_cP3Vec
8027A8C4:rotTypeXYZ__FffRA3_A4_f
8027A844:rotTypeX__FffRA3_A4_f
8027A804:rotTypeY__FffRA3_A4_f
8027A884:rotTypeZ__FffRA3_A4_f
802F96A8:rotate__7J2DPaneFf
802F9678:rotate__7J2DPaneFff13J2DRotateAxisf
80369D54:round_decimal
801E44D4:ruby_init__14dMenu_Option_cFv
801E452C:ruby_move__14dMenu_Option_cFv
80072134:runDebugDisp__12dAttention_cFv
80071EC4:runDrawProc__12dAttention_cFv
80180784:runEventRecoveryTrans__9dCamera_cFv
80071E2C:runSoundProc__12dAttention_cFv
802E4344:run__12JUTExceptionFv
8029217C:run__13JASTaskThreadFv
802D6104:run__13JKRAramStreamFv
8029F21C:run__14JASAudioThreadFv
802D4678:run__7JKRAramFv
802DDC2C:run__9JKRDecompFv
802D42B0:run__9JKRThreadFv
8004360C:runningEventID__14dEvt_control_cFs
8038BBFC:rupeeCount$37407
803928A0:rupeet1_tag$5058
803928C0:rupeet2_tag$5059
8019D52C:s16_data_ratio_set__Fssf
80395138:sAdsTable__8JASTrack
80396AE0:sAffordTail__8Z2MdnPrm
80396A78:sAfford__8Z2MdnPrm
8044B280:sAllocBytes__20DynamicModuleControl
8044B61C:sAnalogMode__10JUTGamePad
8016C320:sAngleX__22@unnamed@d_camera_cpp@FR4cXyz
8017D980:sAngleY__22@unnamed@d_camera_cpp@FR4cXyz
80396A08:sApologizeTail__8Z2MdnPrm
803969A4:sApologize__8Z2MdnPrm
8044B354:sAramBase__9JASKernel
8042E41C:sAramCommandList__7JKRAram
8044B3D0:sAramHeap__16JASWaveArcLoader
8042E44C:sAramList__11JKRAramHeap
8044B508:sAramObject__7JKRAram
8042E464:sAramPieceCommandList__12JKRAramPiece
8044B548:sAramStreamObject__13JKRAramStream
8044B284:sArchive__20DynamicModuleControl
803C67F8:sAsciiTable__14JUTDirectPrint
8044B3D8:sBankDisposeListSize__10JASChannel
8042BD30:sBankDisposeList__10JASChannel
8042BCD0:sBankDisposeMsgQ__10JASChannel
8042BCF0:sBankDisposeMsg__10JASChannel
8044B398:sBlockSize__13JASAramStream
80450000:sBoringTail__8Z2MdnPrm
80396580:sBoring__8Z2MdnPrm
802740DC:sBs_ClearArea__FPvUl
802740BC:sBs_FillArea_s__FPvUls
8044B360:sBuffer
8044B380:sCallBackFunc__12JASSeqParser
8044B630:sCallbackArg__Q210JUTGamePad13C3ButtonReset
8044B62C:sCallback__Q210JUTGamePad13C3ButtonReset
803C6730:sChannelMask__Q210JUTGamePad7CRumble
8044B39C:sChannelMax__13JASAramStream
80450018:sCheerfulTail__8Z2MdnPrm
80396738:sCheerful__8Z2MdnPrm
8044AA1C:sClampMode__10JUTGamePad
803BFFC0:sCmdInfo__12JASSeqParser
8044B35C:sCommandHeap__9JASKernel
8042B7C4:sCommandListOnce__10JASPortCmd
8042B7DC:sCommandListStay__10JASPortCmd
80450020:sConfusedTail__8Z2MdnPrm
803967A4:sConfused__8Z2MdnPrm
8044ADD0:sConsole
8044B658:sConsoleBufferSize__12JUTException
8044B654:sConsoleBuffer__12JUTException
8044B65C:sConsole__12JUTException
8042E380:sCorrectDuo
8042E338:sCorrectPhrase
803C67A0:sCpuExpName__12JUTException
8044B560:sCurrentDirID__10JKRArchive
803C1920:sCurrentDir__16JASWaveArcLoader
8044B5FC:sCurrentFifo__12JUTGraphFifo
8044B4B4:sCurrentHeap__7JKRHeap
8044B6E8:sCurrentPipeline__11J3DShapeMtx
8044B6EC:sCurrentScaleFlag__11J3DShapeMtx
8044B558:sCurrentVolume__13JKRFileLoader
80395338:sCurveTableLinear__13JASOscillator
8039537C:sCurveTableSampleCell__13JASOscillator
803953C0:sCurveTableSqRoot__13JASOscillator
80395404:sCurveTableSquare__13JASOscillator
8044B430:sDSPVolume__6JASDsp
8044A8F0:sDacRate__9JASDriver
8044A9B0:sDeathMtBottom
8044A9B4:sDeathMtTop
8044B608:sDebugPrint__10JUTDbPrint
8044B5F0:sDecompObject__9JKRDecomp
8042B7F4:sDefaultBankTable__8JASTrack
8044ADC1:sDefaultDirection
8044A9F0:sDefaultFillFlag__7JKRHeap
8044B378:sDefaultParser__10JASSeqCtrl
80450048:sDesideTail__8Z2MdnPrm
80396A14:sDeside__8Z2MdnPrm
803C7A40:sDifferedRegister
8044B668:sDirectPrint__14JUTDirectPrint
8042BD98:sDmaDacBuffer__9JASDriver
8044B420:sDspChannels__13JASDSPChannel
8044B3E0:sDspDacBuffer__9JASDriver
8044B3F0:sDspDacCallback__9JASDriver
8044B3E8:sDspDacReadBuffer__9JASDriver
8044B3E4:sDspDacWriteBuffer__9JASDriver
8044B3EC:sDspStatus__9JASDriver
8042BDB8:sDspSyncCallback__9JASDriver
8042E4F4:sDvdAramAsyncList__16JKRDvdAramRipper
8042E4C4:sDvdAsyncList__12JKRDvdRipper
8042E4AC:sDvdList__10JKRDvdFile
8042E3F0:sEndMesgQueue__7JKRTask
80395150:sEnvOsc__8JASTrack
8044B714:sEnvelopeFlag__8J3DShape
8044B648:sErrorManager__12JUTException
803C05CC:sExtCmdInfo__12JASSeqParser
8044B288:sFileCache__20DynamicModuleControl
803C6978:sFontData2__14JUTDirectPrint
803C6878:sFontData__14JUTDirectPrint
8042BD80:sFreeRunLfo__6JASLfo
8042EDB0:sGDLObj__17J3DDisplayListObj
803C5E00:sGuideData
803C5DC0:sHealingSong
80450028:sHostilityTail__8Z2MdnPrm
80396810:sHostility__8Z2MdnPrm
803C5DA8:sHowlLightPrelude
803C5DB4:sHowlSoulRequiem
8044A9E0:sHowlTobikusa
803C5D90:sHowlUmakusa
803C5D9C:sHowlZeldaSong
8044AC50:sHungUpTime__7mDoMain
8044B2FC:sInitCalled__9JFWSystem
8044ACC8:sInstance__27JASGlobalInstance<7Z2SeMgr>
8044ACAC:sInstance__28JASGlobalInstance<8JAISeMgr>
8044ACC4:sInstance__28JASGlobalInstance<8Z2SeqMgr>
8044ACA8:sInstance__29JASGlobalInstance<9JAISeqMgr>
8044AC84:sInstance__31JASGlobalInstance<10Z2Audience>
8044AC7C:sInstance__31JASGlobalInstance<10Z2EnvSeMgr>
8044ACC0:sInstance__31JASGlobalInstance<10Z2SceneMgr>
8044ACA0:sInstance__31JASGlobalInstance<10Z2SoundMgr>
8044AC80:sInstance__32JASGlobalInstance<11Z2FxLineMgr>
8044AC8C:sInstance__32JASGlobalInstance<11Z2SoundInfo>
8044ACBC:sInstance__32JASGlobalInstance<11Z2StatusMgr>
8044AC9C:sInstance__33JASGlobalInstance<12JAISoundInfo>
8044ACA4:sInstance__33JASGlobalInstance<12JAIStreamMgr>
8044AC90:sInstance__33JASGlobalInstance<12JAUSoundInfo>
8044ACB0:sInstance__33JASGlobalInstance<12Z2SpeechMgr2>
8044AC98:sInstance__34JASGlobalInstance<13JAUSoundTable>
8044AC88:sInstance__34JASGlobalInstance<13Z2SoundObjMgr>
8044AC78:sInstance__34JASGlobalInstance<13Z2WolfHowlMgr>
8044ACCC:sInstance__35JASGlobalInstance<14JASAudioThread>
8044AE00:sInstance__35JASGlobalInstance<14JAUSectionHeap>
8044ACB4:sInstance__35JASGlobalInstance<14Z2SoundStarter>
8044ACB8:sInstance__36JASGlobalInstance<15JAISoundStarter>
8044AC94:sInstance__38JASGlobalInstance<17JAUSoundNameTable>
8044ACD0:sInstance__40JASGlobalInstance<19JASDefaultBankTable>
8044B708:sInterruptFlag$903
8044B728:sInterruptFlag$965
8044B6E0:sInterruptFlag__17J3DDisplayListObj
8039664C:sIrritatedTail__8Z2MdnPrm
803965EC:sIrritated__8Z2MdnPrm
80396494:sJokeTail__8Z2MdnPrm
80396430:sJoke__8Z2MdnPrm
8044B6F1:sLODFlag__11J3DShapeMtx
8044B368:sLineCount
8044B364:sLineMax
8042B124:sList__8JFWAlarm
8044B390:sLoadThread__13JASAramStream
8044B300:sManager__10JFWDisplay
8044B698:sManager__10JUTProcBar
8044B4F0:sManager__15JKRThreadSwitch
8044B6B0:sManager__17JUTConsoleManager
8044B690:sManager__6JUTXfb
8044B678:sManager__8JUTVideo
8042E6D8:sMapFileList__12JUTException
8044AA30:sMessageBuffer__12JUTException
803C62C8:sMessageBuffer__13JKRAramStream
803C6268:sMessageBuffer__7JKRAram
803C65A0:sMessageBuffer__9JKRDecomp
8042E9B0:sMessageFileLine__Q212JUTAssertion23@unnamed@JUTAssert_cpp@
8044B670:sMessageLife__Q212JUTAssertion23@unnamed@JUTAssert_cpp@
803C6760:sMessageQueue__12JUTException
803C62D8:sMessageQueue__13JKRAramStream
803C6278:sMessageQueue__7JKRAram
803C65C0:sMessageQueue__9JKRDecomp
8042E9F0:sMessageString__Q212JUTAssertion23@unnamed@JUTAssert_cpp@
80395448:sMixFuncs__9JASDriver
8044A8EC:sMixMode__9JASDriver
8042EDC0:sMtxLoadCache__11J3DShapeMtx
803C7BC0:sMtxLoadLODPipeline__21J3DShapeMtxConcatView
803C7B00:sMtxLoadPipeline__11J3DShapeMtx
803C7B60:sMtxLoadPipeline__21J3DShapeMtxConcatView
8044B6F8:sMtxPtrTbl__21J3DShapeMtxConcatView
8042B7A0:sMutex
8044B6F0:sNBTFlag__11J3DShapeMtx
803C5DCC:sNewSong1
803C5DDC:sNewSong2
803C5DEC:sNewSong3
8044AAB0:sNoUseDrawMtxPtr__12J3DMtxBuffer
80431300:sNoUseDrawMtx__12J3DMtxBuffer
8044AAB4:sNoUseNrmMtxPtr__12J3DMtxBuffer
80431330:sNoUseNrmMtx__12J3DMtxBuffer
8044B710:sOldVcdVatCmd__8J3DShape
80450008:sOrderTail__8Z2MdnPrm
80396658:sOrder__8Z2MdnPrm
80395320:sOscData__12JASVoiceBank
8044B3A8:sOscTable__12JASVoiceBank
8044B400:sOutputRate__9JASDriver
8042E6AC:sPatternList__19JUTGamePadLongPress
80395168:sPitchEnvOsc__8JASTrack
8044B650:sPostUserCallback__12JUTException
8044AC48:sPowerOnTime__7mDoMain
8044B64C:sPreUserCallback__12JUTException
8044AA20:sPressPoint__Q210JUTGamePad6CStick
80396AEC:sPrm__8Z2MdnPrm
8042B760:sProbeTable__8JASProbe
8044B394:sReadBuffer__13JASAramStream
8044AA24:sReleasePoint__Q210JUTGamePad6CStick
80396424:sReplyTail__8Z2MdnPrm
803963C0:sReply__8Z2MdnPrm
80450040:sReplybTail__8Z2MdnPrm
80396950:sReplyb__8Z2MdnPrm
8044B6B4:sReportConsole
80450010:sResentTail__8Z2MdnPrm
803966CC:sResent__8Z2MdnPrm
8044AA2C:sResetMaskPattern__Q210JUTGamePad13C3ButtonReset
8044B644:sResetOccurredPort__Q210JUTGamePad13C3ButtonReset
8044B641:sResetOccurred__Q210JUTGamePad13C3ButtonReset
8044AA28:sResetPattern__Q210JUTGamePad13C3ButtonReset
8044B640:sResetSwitchPushing__Q210JUTGamePad13C3ButtonReset
80396574:sRidiculeTail__8Z2MdnPrm
80396510:sRidicule__8Z2MdnPrm
8044B4B8:sRootHeap__7JKRHeap
8044B620:sRumbleSupported__10JUTGamePad
8044AA0C:sSZSBufferSize__12JKRDvdRipper
8044AA14:sSZSBufferSize__16JKRDvdAramRipper
8044A9F8:sSZSBufferSize__7JKRAram
80450038:sSeriousTail__8Z2MdnPrm
803968E4:sSerious__8Z2MdnPrm
80396504:sSexyTail__8Z2MdnPrm
803964A0:sSexy__8Z2MdnPrm
803C7A60:sSizeOfDiffered
803C4700:sSpotName
8044A9DC:sStickCenter
8044A9D8:sStickHigh
8044AA18:sStickMode__10JUTGamePad
8044B6C4:sStrBufInitialized
8042BEB8:sSubFrameCallback__9JASDriver
8044B404:sSubFrameCounter__9JASDriver
8044A8F4:sSubFrames__9JASDriver
8044B618:sSuppressPadReset__10JUTGamePad
8044B4B0:sSystemHeap__7JKRHeap
8044B358:sSystemHeap__9JASKernel
8042E3E4:sTaskList__7JKRTask
8042ED6C:sTexCoordScaleTable__6J3DSys
8044B700:sTexGenBlock__17J3DDifferedTexMtx
8044B6F4:sTexMtxLoadType__11J3DShapeMtx
8044B704:sTexMtxObj__17J3DDifferedTexMtx
8042E3CC:sThreadList__9JKRThread
8044B348:sThread__6JASDvd
8044B638:sThreshold__Q210JUTGamePad13C3ButtonReset
80450030:sTiredTail__8Z2MdnPrm
80396878:sTired__8Z2MdnPrm
803E7080:sTmpBuf
8044B36C:sTop
8044B4F4:sTotalCount__15JKRThreadSwitch
8044B4F8:sTotalStart__15JKRThreadSwitch
8042BC0C:sTrackList__8JASTrack
8044A9B8:sUnderWaterDepthMax
8042BFB8:sUpdateDacCallback__9JASDriver
8044B3C0:sUsedHeapSize__11JASWSParser
8044B3C8:sUsedHeapSize__12JASBNKParser
8044B680:sVideoInterval__8JUTVideo
8044B67C:sVideoLastTick__8JUTVideo
8042E494:sVolumeList__13JKRFileLoader
8044B6B8:sWarningConsole
8042E35C:sWindStoneSound
80433358:sWorkArea_MtxReg__13J3DSkinDeform
80431358:sWorkArea_WEvlpMixMtx__13J3DSkinDeform
80432358:sWorkArea_WEvlpMixWeight__13J3DSkinDeform
8044B208:s_groupID
8044B53C:s_is_decompress_mutex_initialized
803A273C:s_o_id__8dPa_name
80159754:s_sub1__FPvPv
8015A310:s_sub__FPvPv
80394B68:saCompositeOperation___Q37JStudio3fvb17@unnamed@fvb_cpp@
803974F0:saoAboutEncoding___10JUTResFont
8042B638:saoVVOSetValue___Q215JStudio_JAudio214TAdaptor_sound
8042B344:saoVVOutput_ANIMATION_FRAME___Q214JStudio_JStage14TAdaptor_actor
8042B4DC:saoVVOutput___Q214JStudio_JStage12TAdaptor_fog
8042B2E0:saoVVOutput___Q214JStudio_JStage14TAdaptor_actor
8042B414:saoVVOutput___Q214JStudio_JStage15TAdaptor_camera
8042B588:saoVVOutput_direction___Q214JStudio_JStage14TAdaptor_light
803C3DC0:sapfnParseCharacter___Q28JMessage18TResourceContainer
8044F5E0:sauVariableValue_2_DIRECTION_THETA_PHI__Q27JStudio14TAdaptor_light
8044F5D0:sauVariableValue_2_DISTANCE_NEAR_FAR__Q27JStudio15TAdaptor_camera
8044F5D8:sauVariableValue_2_RANGE_BEGIN_END__Q27JStudio12TAdaptor_fog
80394CB8:sauVariableValue_3_COLOR1_RGB__Q27JStudio17TAdaptor_particle
80394C28:sauVariableValue_3_COLOR_RGB__Q27JStudio12TAdaptor_fog
80394C44:sauVariableValue_3_COLOR_RGB__Q27JStudio14TAdaptor_light
80394C9C:sauVariableValue_3_COLOR_RGB__Q27JStudio17TAdaptor_particle
80394BF4:sauVariableValue_3_COLOR_RGB__Q27JStudio21TAdaptor_ambientLight
80394C60:sauVariableValue_3_POSITION_XYZ__Q27JStudio14TAdaptor_light
80394CD4:sauVariableValue_3_POSITION_XYZ__Q27JStudio14TAdaptor_sound
80394C10:sauVariableValue_3_POSITION_XYZ__Q27JStudio15TAdaptor_camera
80394BDC:sauVariableValue_3_ROTATION_XYZ__Q27JStudio14TAdaptor_actor
80394C84:sauVariableValue_3_ROTATION_XYZ__Q27JStudio17TAdaptor_particle
80394BE8:sauVariableValue_3_SCALING_XYZ__Q27JStudio14TAdaptor_actor
80394C90:sauVariableValue_3_SCALING_XYZ__Q27JStudio17TAdaptor_particle
80394C6C:sauVariableValue_3_TARGET_POSITION_XYZ__Q27JStudio14TAdaptor_light
80394C1C:sauVariableValue_3_TARGET_POSITION_XYZ__Q27JStudio15TAdaptor_camera
80394BD0:sauVariableValue_3_TRANSLATION_XYZ__Q27JStudio14TAdaptor_actor
80394C78:sauVariableValue_3_TRANSLATION_XYZ__Q27JStudio17TAdaptor_particle
80394CC4:sauVariableValue_4_COLOR1_RGBA__Q27JStudio17TAdaptor_particle
80394C34:sauVariableValue_4_COLOR_RGBA__Q27JStudio12TAdaptor_fog
80394C50:sauVariableValue_4_COLOR_RGBA__Q27JStudio14TAdaptor_light
80394CA8:sauVariableValue_4_COLOR_RGBA__Q27JStudio17TAdaptor_particle
80394C00:sauVariableValue_4_COLOR_RGBA__Q27JStudio21TAdaptor_ambientLight
803A13E8:saveBitLabels__16dSv_event_flag_c
8019B5B0:saveClose_init__11dGameover_cFv
8019B5B4:saveClose_proc__11dGameover_cFv
801F34CC:saveEnd__12dMenu_save_cFv
80092510:saveEvCamera__9dCamera_cFv
801F1DEC:saveGuide__12dMenu_save_cFv
801F4AF0:saveMoveDisp2__12dMenu_save_cFv
801F49F4:saveMoveDisp__12dMenu_save_cFv
8019B564:saveMove_init__11dGameover_cFv
8019B568:saveMove_proc__11dGameover_cFv
8019B520:saveOpen_init__11dGameover_cFv
8019B524:saveOpen_proc__11dGameover_cFv
80031D38:savePos__12daObjCarry_cFi4cXyz
801F1D18:saveQuestion21__12dMenu_save_cFv
801F1C50:saveQuestion2__12dMenu_save_cFv
801F1D3C:saveQuestion3__12dMenu_save_cFv
801F1DB0:saveQuestion4__12dMenu_save_cFv
801F1A70:saveQuestion__12dMenu_save_cFv
801F17F8:saveSelAnm__12dMenu_save_cFv
801F4528:saveSelectMoveAnime__12dMenu_save_cFv
801F5BB8:saveSelectOpenAnmSet__12dMenu_save_cFv
801F5970:saveSelectOpenInit__12dMenu_save_cFv
801F418C:saveSelectStart__12dMenu_save_cFv
801F402C:saveSelect__12dMenu_save_cFv
801F38A8:saveWait__12dMenu_save_cFv
801F4ED4:saveYesNoCancelMove__12dMenu_save_cFv
801F47D0:saveYesNoSelect__12dMenu_save_cFv
80016B58:save__15mDoMemCd_Ctrl_cFPvUlUl
801B4F9C:save_close_init__17dMenu_Collect2D_cFv
801B4FD8:save_close_proc__17dMenu_Collect2D_cFv
801B4EF0:save_move_init__17dMenu_Collect2D_cFv
801B4F2C:save_move_proc__17dMenu_Collect2D_cFv
801B4DD4:save_open_init__17dMenu_Collect2D_cFv
801B4E80:save_open_proc__17dMenu_Collect2D_cFv
8041E734:scale$3676
8041E74C:scale$3691
8041E764:scale$3718
8041E77C:scale$3731
80256B44:scaleAnime__8CPaneMgrFsffUc
8000CE70:scaleM__14mDoMtx_stack_cFRC4cXyz
8000CE38:scaleM__14mDoMtx_stack_cFfff
8000CE00:scaleS__14mDoMtx_stack_cFRC4cXyz
8037C9D0:scale_dat$7628
8044F68C:scale_frac$980
802BC6D4:sceneBgmStart__10Z2SceneMgrFv
802BBFA8:sceneChange__10Z2SceneMgrF10JAISoundIDUcUcUcUcUcb
80043280:sceneChange__14dEvt_control_cFi
802EBD18:scissorBounds__13J2DOrthoGraphFPQ29JGeometry8TBox2<f>PCQ29JGeometry8TBox2<f>
802EB55C:scissor__14J2DGrafContextFRCQ29JGeometry8TBox2<f>
80204EE4:screenInitButton__14dMeterButton_cFv
80205F30:screenInitText__14dMeterButton_cFv
801BB5F4:screenInit__12dMenu_Dmap_cFv
8018C8CC:screenSet3Menu__14dFile_select_cFv
801D96B8:screenSetBase__14dMenu_Insect_cFv
801DFACC:screenSetBase__14dMenu_Letter_cFv
801C5598:screenSetBase__15dMenu_Fishing_cFv
8018BF04:screenSetCopySel__14dFile_select_cFv
8018CCA8:screenSetDetail__14dFile_select_cFv
801F9418:screenSetDoIcon__13dMenu_Skill_cFv
801D9C44:screenSetDoIcon__14dMenu_Insect_cFv
801E0CDC:screenSetDoIcon__14dMenu_Letter_cFv
801C5CFC:screenSetDoIcon__15dMenu_Fishing_cFv
801D9964:screenSetExplain__14dMenu_Insect_cFv
801F9110:screenSetLetter__13dMenu_Skill_cFv
801E044C:screenSetLetter__14dMenu_Letter_cFv
801F8A80:screenSetMenu__13dMenu_Skill_cFv
801DF084:screenSetMenu__14dMenu_Letter_cFv
801E03A4:screenSetShadow__14dMenu_Letter_cFv
8018C4FC:screenSetYesNo__14dFile_select_cFv
80192548:screenSet__12dFile_info_cFv
801F0060:screenSet__12dMenu_save_cFv
80193008:screenSet__14dBrightCheck_cFv
8018ADEC:screenSet__14dFile_select_cFv
801E5C74:screenSet__14dMenu_Option_cFv
80191CCC:screenSet__15dFile_warning_cFv
801B070C:screenSet__17dMenu_Collect2D_cFv
802529AC:screenSet__7dName_cFv
801D3970:scrollAreaDraw__18dMenu_Fmap2DBack_cFv
801D1B18:scrollCalc__18dMenu_Fmap2DBack_cFf
802EA544:scroll__10JUTConsoleFi
802AFE34:seMoveVolumeAll__7Z2SeMgrFfUl
802AE94C:seStartLevel__7Z2SeMgrF10JAISoundIDPC3VecUlScffffUc
800BF204:seStartMapInfoLevel__9daAlink_cFUl
800BF1CC:seStartMapInfo__9daAlink_cFUl
800BF194:seStartOnlyReverbLevel__9daAlink_cFUl
80141730:seStartOnlyReverbLevel__9daPy_py_cFUl
800BF15C:seStartOnlyReverb__9daAlink_cFUl
8014172C:seStartOnlyReverb__9daPy_py_cFUl
800BF124:seStartSwordCut__9daAlink_cFUl
802ADDC4:seStart__7Z2SeMgrF10JAISoundIDPC3VecUlScffffUc
802AFD8C:seStopAll__7Z2SeMgrFUl
802AFCF0:seStop__7Z2SeMgrF10JAISoundIDUl
802C1DD4:searchEnemy__13Z2SoundObjMgrFv
80088C64:searchEventArgData__9dCamera_cFPc
800E7A30:searchFmChainPos__9daAlink_cFv
801CD074:searchIcon__12dMenu_Fmap_cFUciPfPf
8019A590:searchItemActor__13dShopSystem_cFv
800434D8:searchMapEventData__14dEvt_control_cFUc
80043500:searchMapEventData__14dEvt_control_cFUcl
80035DC8:searchNearPos__9dJntCol_cCFPC8cM3dGLinPC4cXyzP4cXyzi
802E4A14:searchPartialModule__12JUTExceptionFUlPUlPUlPUlPUl
800CED1C:searchPeepObj__9daAlink_cFP10fopAc_ac_cPv
801CD3F4:searchPortalStageID__12dMenu_Fmap_cFPc
802D3DFC:searchThread__9JKRThreadFP8OSThread
800569B0:searchUpdateMaterialID__10J2DAnmBaseFP9J2DScreen
8030D3C0:searchUpdateMaterialID__11J2DAnmColorFP9J2DScreen
8032CD40:searchUpdateMaterialID__11J3DAnmColorFP16J3DMaterialTable
8030EB14:searchUpdateMaterialID__15J2DAnmTevRegKeyFP9J2DScreen
8032DD18:searchUpdateMaterialID__15J3DAnmTevRegKeyFP12J3DModelData
8032DC1C:searchUpdateMaterialID__15J3DAnmTevRegKeyFP16J3DMaterialTable
8030E1AC:searchUpdateMaterialID__16J2DAnmTexPatternFP9J2DScreen
8032D538:searchUpdateMaterialID__16J3DAnmTexPatternFP12J3DModelData
8032D4A0:searchUpdateMaterialID__16J3DAnmTexPatternFP16J3DMaterialTable
8030E0FC:searchUpdateMaterialID__19J2DAnmTextureSRTKeyFP9J2DScreen
8032D670:searchUpdateMaterialID__19J3DAnmTextureSRTKeyFP12J3DModelData
8032D55C:searchUpdateMaterialID__19J3DAnmTextureSRTKeyFP16J3DMaterialTable
802F9824:searchUserInfo__7J2DPaneFUx
802FB57C:searchUserInfo__9J2DScreenFUx
80139230:searchWolfLockEnemy__9daAlink_cFP10fopAc_ac_cPv
8009C71C:search__10dMdl_mng_cFP12J3DModelDataUsP12dKy_tevstr_c
802F977C:search__7J2DPaneFUx
802FB53C:search__9J2DScreenFUx
802E4AD4:search_name_part__FPUcPUci
802A8DB4:seekFreeBlock__16JAUSeqDataBlocksFUl
802DEBE8:seekPos__18JSUFileInputStreamFl17JSUStreamSeekFrom
802DEA48:seekPos__20JSUMemoryInputStreamFl17JSUStreamSeekFrom
802DE978:seek__20JSURandomInputStreamFl17JSUStreamSeekFrom
8023B4DC:selAnimeEnd__17dMsgScrn3Select_cFv
8023AEF0:selAnimeInit__17dMsgScrn3Select_cFUcUcUcfUc
8023B1F4:selAnimeMove__17dMsgScrn3Select_cFUcUcb
801849E8:selCopyFileWakuAnm__14dFile_select_cFv
801F6B50:selFileCursorShow__12dMenu_save_cFv
8018D73C:selFileCursorShow__14dFile_select_cFv
801F1840:selFileWakuAnm__12dMenu_save_cFv
801846B0:selFileWakuAnm__14dFile_select_cFv
8023957C:selectAnimeEnd__14dMsgScrnBase_cFv
80241290:selectAnimeEnd__14dMsgScrnItem_cFv
80249A30:selectAnimeEnd__14dMsgScrnTalk_cFv
80239564:selectAnimeInit__14dMsgScrnBase_cFUcUcfUc
8024123C:selectAnimeInit__14dMsgScrnItem_cFUcUcfUc
802499C4:selectAnimeInit__14dMsgScrnTalk_cFUcUcfUc
8023955C:selectAnimeMove__14dMsgScrnBase_cFUcUcb
8024126C:selectAnimeMove__14dMsgScrnItem_cFUcUcb
802499FC:selectAnimeMove__14dMsgScrnTalk_cFUcUcb
8023C750:selectAnimeTransform__17dMsgScrn3Select_cFi
80251A28:selectCursorMove__7dName_cFv
80252880:selectCursorPosSet__7dName_cFi
801F5A34:selectDataBaseMoveAnmInitSet__12dMenu_save_cFii
80184D00:selectDataBaseMoveAnmInitSet__14dFile_select_cFii
801F5ACC:selectDataBaseMoveAnm__12dMenu_save_cFv
80184D98:selectDataBaseMoveAnm__14dFile_select_cFv
801F5C00:selectDataMoveAnmInitSet__12dMenu_save_cFii
801859E0:selectDataMoveAnmInitSet__14dFile_select_cFii
801F5CF8:selectDataMoveAnm__12dMenu_save_cFv
80185AF8:selectDataMoveAnm__14dFile_select_cFv
80186684:selectDataNameMove__14dFile_select_cFv
80186714:selectDataOpenEraseMove__14dFile_select_cFv
801F42D8:selectDataOpenMove__12dMenu_save_cFv
80186528:selectDataOpenMove__14dFile_select_cFv
80236190:selectEndProc__12dMsgObject_cFv
802298B4:selectMessage__19jmessage_tReferenceFv
802510F0:selectMojiSet__7dName_cFv
80235C30:selectProc__12dMsgObject_cFv
8023BAA0:selectProc__17dMsgScrn3Select_cFv
8023C084:selectScale__17dMsgScrn3Select_cFv
802CEBD4:selectTail__12Z2SpeechMgr2Fv
8023C308:selectTrans__17dMsgScrn3Select_cFv
802CE95C:selectUnit__12Z2SpeechMgr2Fb
801F6A4C:selectWakuAlpahAnmInit__12dMenu_save_cFUcUcUcUc
8018D628:selectWakuAlpahAnmInit__14dFile_select_cFUcUcUcUc
801F6A88:selectWakuAlpahAnm__12dMenu_save_cFUc
8018D664:selectWakuAlpahAnm__14dFile_select_cFUc
800713CC:select_attention__FP10fopAc_ac_cPv
801D9304:select_move_init__14dMenu_Insect_cFv
801D9350:select_move_move__14dMenu_Insect_cFv
80291F8C:sendCmdMsg__13JASTaskThreadFPFPv_vPCvUl
80292084:sendCmdMsg__13JASTaskThreadFPFPv_vPv
802D5A90:sendCommand__12JKRAramPieceFP12JKRAMCommand
802DDD6C:sendCommand__9JKRDecompFP16JKRDecompCommand
8029C834:sendLoadCmd__10JASWaveArcFv
802AC008:seqCallback__FP8JASTrackUs
802952CC:seqMain__8JASTrackFv
8029544C:seqMain__Q28JASTrack5TListFv
80294A74:seqTimeToDspTime__8JASTrackFf
80199CD4:seq_choose__13dShopSystem_cFP10fopAc_ac_cP10dMsgFlow_c
80199BB8:seq_decide__13dShopSystem_cFP10fopAc_ac_cP10dMsgFlow_c
80199F64:seq_decide_no__13dShopSystem_cFP10fopAc_ac_cP10dMsgFlow_c
80199DE8:seq_decide_yes__13dShopSystem_cFP10fopAc_ac_cP10dMsgFlow_c
8019A080:seq_event__13dShopSystem_cFP10fopAc_ac_cP10dMsgFlow_c
80199FE0:seq_finish__13dShopSystem_cFP10fopAc_ac_cP10dMsgFlow_c
801999D8:seq_moving__13dShopSystem_cFP10fopAc_ac_cP10dMsgFlow_c
8019955C:seq_select__13dShopSystem_cFP10fopAc_ac_cP10dMsgFlow_c
80199384:seq_select_start__13dShopSystem_cFP10fopAc_ac_cP10dMsgFlow_c
8019932C:seq_select_wait__13dShopSystem_cFP10fopAc_ac_cP10dMsgFlow_c
80199078:seq_start__13dShopSystem_cFP10fopAc_ac_cP10dMsgFlow_c
80199070:seq_wait__13dShopSystem_cFP10fopAc_ac_cP10dMsgFlow_c
8021DC7C:set1stColor__13dMeter2Info_cFUcP10J2DPicture
8021DD9C:set2ndColor__13dMeter2Info_cFUcP10J2DPicture
800D019C:set3DStatus__9daAlink_cFUcUc
801D7560:set3DStickString__17dMenu_Fmap2DTop_cFUl
8021DEBC:set3rdColor__13dMeter2Info_cFUcP10J2DPicture
8021E2BC:set4thColor__13dMeter2Info_cFUcP10J2DPicture
801F9958:setAButtonString__13dMenu_Skill_cFUs
801B8DA4:setAButtonString__14dMenu_DmapBg_cFUl
801DA378:setAButtonString__14dMenu_Insect_cFUs
801E184C:setAButtonString__14dMenu_Letter_cFUs
801E857C:setAButtonString__14dMenu_Option_cFUs
801C5E78:setAButtonString__15dMenu_Fishing_cFUs
801B5F74:setAButtonString__17dMenu_Collect2D_cFUs
801D7348:setAButtonString__17dMenu_Fmap2DTop_cFUlUc
801AF6F8:setAButtonString__19dMenu_Calibration_cFUs
80048970:setAction__17dEvLib_callback_cFP33action_class<17dEvLib_callback_c>
801ECC60:setActiveCursor__12dMenu_Ring_cFv
8023958C:setActorPos__19jmessage_tReferenceF4cXyz
800738D8:setActor__10dAttList_cFP10fopAc_ac_c
8003815C:setActor__13dDemo_actor_cFP10fopAc_ac_c
8015EC94:setActor__16daPy_actorKeep_cFv
8014CCB0:setAfterTalkMotion__8daNpcT_cFv
801BA5CC:setAllAlphaRate__14dMenu_DmapBg_cFfb
801D6CB8:setAllAlphaRate__17dMenu_Fmap2DTop_cFfb
801D53A8:setAllAlphaRate__18dMenu_Fmap2DBack_cFfb
8021B174:setAlphaAnimeMax__13dMeter2Draw_cFP13CPaneMgrAlphas
801D7970:setAlphaAnimeMax__17dMenu_Fmap2DTop_cFP13CPaneMgrAlpha
801D78CC:setAlphaAnimeMid__17dMenu_Fmap2DTop_cFP13CPaneMgrAlpha
8021B098:setAlphaAnimeMin__13dMeter2Draw_cFP13CPaneMgrAlphas
801D7838:setAlphaAnimeMin__17dMenu_Fmap2DTop_cFP13CPaneMgrAlpha
80073028:setAlphaAnm__10dAttDraw_cFUcUc
80207EC4:setAlphaButton3DAnimeMax__14dMeterButton_cFv
80207E30:setAlphaButton3DAnimeMin__14dMeterButton_cFv
80208DE0:setAlphaButton3DBAnimeMax__14dMeterButton_cFv
80208D48:setAlphaButton3DBAnimeMin__14dMeterButton_cFv
80207FB4:setAlphaButton3DVAnimeMax__14dMeterButton_cFv
80207FB0:setAlphaButton3DVAnimeMin__14dMeterButton_cFv
80219928:setAlphaButtonAAnimeMax__13dMeter2Draw_cFv
802078D0:setAlphaButtonAAnimeMax__14dMeterButton_cFv
80219844:setAlphaButtonAAnimeMin__13dMeter2Draw_cFv
80207550:setAlphaButtonAAnimeMin__14dMeterButton_cFv
802093F4:setAlphaButtonABAnimeMax__14dMeterButton_cFv
8020935C:setAlphaButtonABAnimeMin__14dMeterButton_cFv
80208C48:setAlphaButtonARAnimeMax__14dMeterButton_cFv
80208BB0:setAlphaButtonARAnimeMin__14dMeterButton_cFv
80219778:setAlphaButtonAnimeMax__13dMeter2Draw_cFv
8020DC8C:setAlphaButtonAnimeMax__15dMeterHakusha_cFv
802196EC:setAlphaButtonAnimeMin__13dMeter2Draw_cFv
8020DC28:setAlphaButtonAnimeMin__15dMeterHakusha_cFv
80219B44:setAlphaButtonBAnimeMax__13dMeter2Draw_cFv
80207A4C:setAlphaButtonBAnimeMax__14dMeterButton_cFv
802199F4:setAlphaButtonBAnimeMin__13dMeter2Draw_cFv
802079BC:setAlphaButtonBAnimeMin__14dMeterButton_cFv
802099BC:setAlphaButtonBinAnimeMax__14dMeterButton_cFv
80209924:setAlphaButtonBinAnimeMin__14dMeterButton_cFv
8020805C:setAlphaButtonCAnimeMax__14dMeterButton_cFv
80207FB8:setAlphaButtonCAnimeMin__14dMeterButton_cFv
80218E58:setAlphaButtonChange__13dMeter2Draw_cFb
80218A78:setAlphaButtonCrossAnimeMax__13dMeter2Draw_cFv
80218A08:setAlphaButtonCrossAnimeMin__13dMeter2Draw_cFv
80218BF4:setAlphaButtonCrossItemAnimeMax__13dMeter2Draw_cFv
80218B18:setAlphaButtonCrossItemAnimeMin__13dMeter2Draw_cFv
80218D94:setAlphaButtonCrossMapAnimeMax__13dMeter2Draw_cFv
80218CB8:setAlphaButtonCrossMapAnimeMin__13dMeter2Draw_cFv
80208F78:setAlphaButtonNUREAnimeMax__14dMeterButton_cFv
80208EE0:setAlphaButtonNUREAnimeMin__14dMeterButton_cFv
802087A4:setAlphaButtonNunAnimeMax__14dMeterButton_cFv
8020870C:setAlphaButtonNunAnimeMin__14dMeterButton_cFv
80209824:setAlphaButtonNunCAnimeMax__14dMeterButton_cFv
8020978C:setAlphaButtonNunCAnimeMin__14dMeterButton_cFv
8020968C:setAlphaButtonNunZAnimeMax__14dMeterButton_cFv
802095F4:setAlphaButtonNunZAnimeMin__14dMeterButton_cFv
80209B30:setAlphaButtonOAnimeMax__14dMeterButton_cFi
80209ABC:setAlphaButtonOAnimeMin__14dMeterButton_cFi
80207BC8:setAlphaButtonRAnimeMax__14dMeterButton_cFv
80207B38:setAlphaButtonRAnimeMin__14dMeterButton_cFv
802092A8:setAlphaButtonReel2AnimeMax__14dMeterButton_cFv
80209210:setAlphaButtonReel2AnimeMin__14dMeterButton_cFv
80209110:setAlphaButtonReelAnimeMax__14dMeterButton_cFv
80209078:setAlphaButtonReelAnimeMin__14dMeterButton_cFv
80208ABC:setAlphaButtonRemo2AnimeMax__14dMeterButton_cFv
80208A24:setAlphaButtonRemo2AnimeMin__14dMeterButton_cFv
80208930:setAlphaButtonRemoAnimeMax__14dMeterButton_cFv
80208898:setAlphaButtonRemoAnimeMin__14dMeterButton_cFv
80208328:setAlphaButtonSAnimeMax__14dMeterButton_cFv
80208298:setAlphaButtonSAnimeMin__14dMeterButton_cFv
80209540:setAlphaButtonTateAnimeMax__14dMeterButton_cFv
802094A8:setAlphaButtonTateAnimeMin__14dMeterButton_cFv
802084A4:setAlphaButtonXAnimeMax__14dMeterButton_cFv
80208414:setAlphaButtonXAnimeMin__14dMeterButton_cFv
80208620:setAlphaButtonYAnimeMax__14dMeterButton_cFv
80208590:setAlphaButtonYAnimeMin__14dMeterButton_cFv
80207D44:setAlphaButtonZAnimeMax__14dMeterButton_cFv
80207CB4:setAlphaButtonZAnimeMin__14dMeterButton_cFv
80319808:setAlphaComp__10J3DPEBlockFPC12J3DAlphaComp
8000E01C:setAlphaComp__10J3DPEBlockFRC12J3DAlphaComp
80323E60:setAlphaComp__14J3DPEBlockFullFPC12J3DAlphaComp
80323E44:setAlphaComp__14J3DPEBlockFullFRC12J3DAlphaComp
80323FC4:setAlphaComp__16J3DPEBlockFogOffFPC12J3DAlphaComp
80323FA8:setAlphaComp__16J3DPEBlockFogOffFRC12J3DAlphaComp
8020DB78:setAlphaHakushaAnimeMax__15dMeterHakusha_cFv
8020DAC8:setAlphaHakushaAnimeMin__15dMeterHakusha_cFv
80209C48:setAlphaIconAnimeMax__14dMeterButton_cFv
80209BD8:setAlphaIconAnimeMin__14dMeterButton_cFv
80215E2C:setAlphaKanteraAnimeMax__13dMeter2Draw_cFv
80215DB0:setAlphaKanteraAnimeMin__13dMeter2Draw_cFv
80215C88:setAlphaKanteraChange__13dMeter2Draw_cFb
802173FC:setAlphaKeyAnimeMax__13dMeter2Draw_cFv
80217378:setAlphaKeyAnimeMin__13dMeter2Draw_cFv
802171F8:setAlphaKeyChange__13dMeter2Draw_cFb
80215524:setAlphaLifeAnimeMax__13dMeter2Draw_cFv
802154C4:setAlphaLifeAnimeMin__13dMeter2Draw_cFv
802152F0:setAlphaLifeChange__13dMeter2Draw_cFb
80216658:setAlphaLightDropAnimeMax__13dMeter2Draw_cFv
80216510:setAlphaLightDropAnimeMin__13dMeter2Draw_cFv
80216474:setAlphaLightDropChange__13dMeter2Draw_cFb
80215A50:setAlphaMagicChange__13dMeter2Draw_cFb
802581A0:setAlphaMorfRate__17CPaneMgrAlphaMorfFf
80216164:setAlphaOxygenAnimeMax__13dMeter2Draw_cFv
802160E8:setAlphaOxygenAnimeMin__13dMeter2Draw_cFv
80215FC0:setAlphaOxygenChange__13dMeter2Draw_cFb
80257B48:setAlphaRate__13CPaneMgrAlphaFf
801AEB3C:setAlphaRate__15dKantera_icon_cFf
80195260:setAlphaRate__16dSelect_cursor_cFf
802274F8:setAlphaRatio__10COutFont_cFf
80217060:setAlphaRupeeAnimeMax__13dMeter2Draw_cFv
80216FA0:setAlphaRupeeAnimeMin__13dMeter2Draw_cFv
80216D54:setAlphaRupeeChange__13dMeter2Draw_cFb
803051E4:setAlpha__11J2DWindowExFUc
80308E54:setAlpha__12J2DPictureExFUc
8030AC58:setAlpha__12J2DTextBoxExFUc
80257AD0:setAlpha__13CPaneMgrAlphaFUc
80195B00:setAlpha__14dSelect_icon_cFUc
80020158:setAlpha__7J2DPaneFUc
80255E2C:setAlpha__8CPaneMgrFUc
8003A81C:setAlpha__FP12J3DModelData
8003A3F0:setAlpha__FP16J3DMaterialTable
8002A148:setAmapPaletteColor__6dMap_cFiUcUcUcUc
8000E0D4:setAmbColor__13J3DColorBlockFUl10J3DGXColor
801A4BCC:setAmbColor__13J3DColorBlockFUlPC10J3DGXColor
80325394:setAmbColor__20J3DColorBlockLightOnFUl10J3DGXColor
803253C0:setAmbColor__20J3DColorBlockLightOnFUlPC10J3DGXColor
8032551C:setAmbColor__22J3DColorBlockAmbientOnFUl10J3DGXColor
80325548:setAmbColor__22J3DColorBlockAmbientOnFUlPC10J3DGXColor
8015429C:setAngle__8daNpcF_cFs
8014A9E8:setAngle__8daNpcT_cF5csXyz
8014AA64:setAngle__8daNpcT_cFs
802FA898:setAnimationVC__7J2DPaneFP14J2DAnmVtxColor
802FBF14:setAnimationVC__9J2DScreenFP14J2DAnmVtxColor
802FA86C:setAnimationVF__7J2DPaneFP20J2DAnmVisibilityFull
802FBF10:setAnimationVF__9J2DScreenFP20J2DAnmVisibilityFull
802ECD38:setAnimation__11J2DMaterialFP11J2DAnmColor
802ECFA8:setAnimation__11J2DMaterialFP15J2DAnmTevRegKey
802ECEC8:setAnimation__11J2DMaterialFP16J2DAnmTexPattern
802ECDE8:setAnimation__11J2DMaterialFP19J2DAnmTextureSRTKey
80305AB8:setAnimation__11J2DWindowExFP10J2DAnmBase
80305498:setAnimation__11J2DWindowExFP11J2DAnmColor
80305718:setAnimation__11J2DWindowExFP14J2DAnmVtxColor
80305630:setAnimation__11J2DWindowExFP15J2DAnmTevRegKey
802583FC:setAnimation__11J2DWindowExFP15J2DAnmTransform
803055A8:setAnimation__11J2DWindowExFP16J2DAnmTexPattern
80305520:setAnimation__11J2DWindowExFP19J2DAnmTextureSRTKey
80305710:setAnimation__11J2DWindowExFP20J2DAnmVisibilityFull
80309660:setAnimation__12J2DPictureExFP10J2DAnmBase
80308F60:setAnimation__12J2DPictureExFP11J2DAnmColor
80309018:setAnimation__12J2DPictureExFP14J2DAnmVtxColor
80308FE4:setAnimation__12J2DPictureExFP15J2DAnmTevRegKey
802583DC:setAnimation__12J2DPictureExFP15J2DAnmTransform
80308FB8:setAnimation__12J2DPictureExFP16J2DAnmTexPattern
80308F8C:setAnimation__12J2DPictureExFP19J2DAnmTextureSRTKey
80309010:setAnimation__12J2DPictureExFP20J2DAnmVisibilityFull
8030AEE8:setAnimation__12J2DTextBoxExFP10J2DAnmBase
8030AD50:setAnimation__12J2DTextBoxExFP11J2DAnmColor
8030AEE4:setAnimation__12J2DTextBoxExFP14J2DAnmVtxColor
8030ADD4:setAnimation__12J2DTextBoxExFP15J2DAnmTevRegKey
802583BC:setAnimation__12J2DTextBoxExFP15J2DAnmTransform
8030ADA8:setAnimation__12J2DTextBoxExFP16J2DAnmTexPattern
8030AD7C:setAnimation__12J2DTextBoxExFP19J2DAnmTextureSRTKey
8030AE00:setAnimation__12J2DTextBoxExFP20J2DAnmVisibilityFull
801E3E20:setAnimation__14dMenu_Option_cFv
802FA390:setAnimation__7J2DPaneFP10J2DAnmBase
801263A0:setAnimation__7J2DPaneFP11J2DAnmColor
80258390:setAnimation__7J2DPaneFP14J2DAnmVtxColor
8012639C:setAnimation__7J2DPaneFP15J2DAnmTevRegKey
802FA460:setAnimation__7J2DPaneFP15J2DAnmTransform
80258398:setAnimation__7J2DPaneFP16J2DAnmTexPattern
8018BF00:setAnimation__7J2DPaneFP19J2DAnmTextureSRTKey
80258394:setAnimation__7J2DPaneFP20J2DAnmVisibilityFull
802FBEF0:setAnimation__9J2DScreenFP10J2DAnmBase
802FBBA0:setAnimation__9J2DScreenFP11J2DAnmColor
802FBE44:setAnimation__9J2DScreenFP14J2DAnmVtxColor
802FBD68:setAnimation__9J2DScreenFP15J2DAnmTevRegKey
801923EC:setAnimation__9J2DScreenFP15J2DAnmTransform
802FBCD4:setAnimation__9J2DScreenFP16J2DAnmTexPattern
802FBC34:setAnimation__9J2DScreenFP19J2DAnmTextureSRTKey
802FBE64:setAnimation__9J2DScreenFP20J2DAnmVisibilityFull
800AC3B0:setAnimeFrame__9daAlink_cFf
801416E8:setAnimeFrame__9daPy_py_cFf
8015F1B4:setAnimeHeap__14daPy_anmHeap_cFv
8033B888:setAnmCluster__19J3DAnmKeyLoader_v15FP16J3DAnmClusterKeyPC20J3DAnmClusterKeyData
8033AFE4:setAnmCluster__20J3DAnmFullLoader_v15FP17J3DAnmClusterFullPC21J3DAnmClusterFullData
8030BD0C:setAnmColor__19J2DAnmKeyLoader_v15FP14J2DAnmColorKeyPC18J3DAnmColorKeyData
8033B774:setAnmColor__19J3DAnmKeyLoader_v15FP14J3DAnmColorKeyPC18J3DAnmColorKeyData
8030C2E0:setAnmColor__20J2DAnmFullLoader_v15FP15J2DAnmColorFullPC19J3DAnmColorFullData
8033AD80:setAnmColor__20J3DAnmFullLoader_v15FP15J3DAnmColorFullPC19J3DAnmColorFullData
80011FCC:setAnmRate__15mDoExt_McaMorf2Ff
8030C4A0:setAnmTevReg__19J2DAnmKeyLoader_v15FP15J2DAnmTevRegKeyPC19J3DAnmTevRegKeyData
8033B91C:setAnmTevReg__19J3DAnmKeyLoader_v15FP15J3DAnmTevRegKeyPC19J3DAnmTevRegKeyData
8030C3D4:setAnmTexPattern__20J2DAnmFullLoader_v15FP16J2DAnmTexPatternPC24J3DAnmTexPatternFullData
8033AE74:setAnmTexPattern__20J3DAnmFullLoader_v15FP16J3DAnmTexPatternPC24J3DAnmTexPatternFullData
8030BAF8:setAnmTextureSRT__19J2DAnmKeyLoader_v15FP19J2DAnmTextureSRTKeyPC23J3DAnmTextureSRTKeyData
8033B574:setAnmTextureSRT__19J3DAnmKeyLoader_v15FP19J3DAnmTextureSRTKeyPC23J3DAnmTextureSRTKeyData
80014E90:setAnmTransform__10J3DMtxCalcFP15J3DAnmTransform
80014E8C:setAnmTransform__10J3DMtxCalcFUcP15J3DAnmTransform
8000D8E4:setAnmTransform__114J3DMtxCalcAnimation<64J3DMtxCalcAnimationAdaptorDefault<27J3DMtxCalcCalcTransformMaya>,24J3DMtxCalcJ3DSysInitMaya>FP15J3DAnmTransform
80014FC0:setAnmTransform__17J3DMtxCalcAnmBaseFP15J3DAnmTransform
8030BA34:setAnmTransform__19J2DAnmKeyLoader_v15FP18J2DAnmTransformKeyPC22J3DAnmTransformKeyData
8033B4B0:setAnmTransform__19J3DAnmKeyLoader_v15FP18J3DAnmTransformKeyPC22J3DAnmTransformKeyData
8030C224:setAnmTransform__20J2DAnmFullLoader_v15FP19J2DAnmTransformFullPC23J3DAnmTransformFullData
8033ACC4:setAnmTransform__20J3DAnmFullLoader_v15FP19J3DAnmTransformFullPC23J3DAnmTransformFullData
8030C654:setAnmVisibility__20J2DAnmFullLoader_v15FP20J2DAnmVisibilityFullPC24J3DAnmVisibilityFullData
8033AF40:setAnmVisibility__20J3DAnmFullLoader_v15FP20J3DAnmVisibilityFullPC24J3DAnmVisibilityFullData
8030BE20:setAnmVtxColor__19J2DAnmKeyLoader_v15FP17J2DAnmVtxColorKeyPC21J3DAnmVtxColorKeyData
8033BAD0:setAnmVtxColor__19J3DAnmKeyLoader_v15FP17J3DAnmVtxColorKeyPC21J3DAnmVtxColorKeyData
8030C6F8:setAnmVtxColor__20J2DAnmFullLoader_v15FP18J2DAnmVtxColorFullPC22J3DAnmVtxColorFullData
8033B078:setAnmVtxColor__20J3DAnmFullLoader_v15FP18J3DAnmVtxColorFullPC22J3DAnmVtxColorFullData
80072E18:setAnm__10dAttDraw_cFUcf
80158F4C:setAnm__10daNpcCd2_cFP18J3DAnmTransformKeyffiii
80330800:setAnm__13J3DDeformDataFP13J3DAnmCluster
8001037C:setAnm__14mDoExt_McaMorfFP15J3DAnmTransformiffffPv
80011D70:setAnm__15mDoExt_McaMorf2FP15J3DAnmTransformP15J3DAnmTransformfiffff
80010E70:setAnm__16mDoExt_McaMorfSOFP15J3DAnmTransformiffff
80156E6C:setAnm__9daNpcCd_cFP18J3DAnmTransformKeyffiii
8002490C:setArcBank__20dStage_roomControl_cFiPCc
8013FF74:setArcName__9daAlink_cFi
8025D2E8:setArchiveBank__Fi
801D7084:setAreaNameString__17dMenu_Fmap2DTop_cFUl
801CC920:setAreaNameZero__12dMenu_Fmap_cFv
801CC8F4:setAreaName__12dMenu_Fmap_cFUl
800A2748:setArmMatrix__9daAlink_cFv
800F411C:setArmReelAnime__9daAlink_cFv
80317834:setArrayAndBindPipeline__8J3DShapeCFv
80313508:setArray__15J3DVertexBufferCFv
801D7788:setArrowAlphaRatio__17dMenu_Fmap2DTop_cFUcf
801B3088:setArrowMaxNum__17dMenu_Collect2D_cFUc
80238DEC:setArrowNum__12dMsgObject_cFUc
801D5A34:setArrowPos3DOffset__18dMenu_Fmap2DBack_cFUcPCcfff
801D596C:setArrowPos3D__18dMenu_Fmap2DBack_cFUcPCcff
80036FA8:setArrowPosAndAngle__9dJntCol_cFPC4cXyzPC4cXyziP4cXyzP5csXyz
801D5C2C:setArrowPosAxis__18dMenu_Fmap2DBack_cFff
800DC8FC:setArrowShieldActor__9daAlink_cFP10fopAc_ac_ci
800DCDAC:setArrowShieldPos__9daAlink_cCFP4cXyzP5csXyzPC4cXyzPC4cXyz
80027534:setArrow__15dStage_roomDt_cFP17stage_arrow_class
80027E20:setArrow__16dStage_stageDt_cFP17stage_arrow_class
800AAAF4:setAtCollision__9daAlink_cFv
800B2EDC:setAtnList__9daAlink_cFv
801E7614:setAttenString__14dMenu_Option_cFv
800A8830:setAttentionPos__9daAlink_cFv
8015846C:setAttention__10daNpcCd2_cFi
80156414:setAttention__9daNpcCd_cFi
8014F4F0:setAttnPos__11daBaseNpc_cFv
8014E6EC:setAttnPos__18daBaseNpc_lookat_cFP4cXyz
80155C04:setAttnPos__8daNpcF_cFv
8014CC5C:setAttnPos__8daNpcT_cFv
802A2818:setAudience__8JAISeMgrFP11JAIAudience
802BF71C:setAudioCamera__10Z2AudienceFPA4_fR3VecR3Vecffbib
802A0320:setAutoMixer__Q26JASDsp8TChannelFUsUcUcUcUc
80159F18:setAvoidPoint__11PathTrace_cFv
801F9A08:setBButtonString__13dMenu_Skill_cFUs
801B8E7C:setBButtonString__14dMenu_DmapBg_cFUl
801DA428:setBButtonString__14dMenu_Insect_cFUs
801E18FC:setBButtonString__14dMenu_Letter_cFUs
801E8680:setBButtonString__14dMenu_Option_cFUs
801C5F28:setBButtonString__15dMenu_Fishing_cFUs
801B6078:setBButtonString__17dMenu_Collect2D_cFUs
801D7284:setBButtonString__17dMenu_Fmap2DTop_cFUlUc
801AF7A8:setBButtonString__19dMenu_Calibration_cFUs
800B32D0:setBStatus__9daAlink_cFUc
801B1E9C:setBackAlpha__17dMenu_Collect2D_cFv
8019BC70:setBackAlpha__24dDlst_GameOverScrnDraw_cFf
80258148:setBackupAlpha__17CPaneMgrAlphaMorfFv
80033D40:setBaitItem__17dSv_player_item_cFUc
80019520:setBallModelEffect__13fopEn_enemy_cFP12dKy_tevstr_c
800BF23C:setBasAnime__9daAlink_cFQ29daAlink_c13daAlink_UNDER
801D4B70:setBaseBackAlpha__18dMenu_Fmap2DBack_cFUc
800EECD0:setBaseBoarAnime__9daAlink_cFv
800EEB20:setBaseHorseAnimeFrame__9daAlink_cFv
8015B1DC:setBaseMtx_0__8daItem_cFv
8015B214:setBaseMtx_1__8daItem_cFv
8015B154:setBaseMtx__8daItem_cFv
802F9B94:setBasePosition__7J2DPaneF15J2DBasePosition
800EEDD0:setBaseRideAnime__9daAlink_cFv
800D002C:setBaseTRMtx__8J3DModelFPA4_f
800740FC:setBase__6dBgPlcFPv
802B65A4:setBattleBgmOff__8Z2SeqMgrFb
802B6810:setBattleDistIgnore__8Z2SeqMgrFb
802B68D8:setBattleDistState__8Z2SeqMgrFUc
802B6820:setBattleGhostMute__8Z2SeqMgrFb
802C259C:setBattleInit__13Z2SoundObjMgrFv
802B6F3C:setBattleLastHit__8Z2SeqMgrFUc
802B665C:setBattleSearched__8Z2SeqMgrFb
802B6C84:setBattleSeqState__8Z2SeqMgrFUc
801958A0:setBckAnimation__16dSelect_cursor_cFP18J2DAnmTransformKey
8014EF30:setBckAnm__11daBaseNpc_cFP15J3DAnmTransformfiiib
80152CCC:setBckAnm__8daNpcF_cFP15J3DAnmTransformfiiib
8014820C:setBckAnm__8daNpcT_cFP15J3DAnmTransformfiiib
801257C4:setBezierPos__FPC4cXyzPC4cXyzPC4cXyzPC4cXyzfP4cXyz
800B17A8:setBgCheckParam__9daAlink_cFv
80271C8C:setBg__8cM3dGTriFPC3VecPC3VecPC3VecPC8cM3dGPla
8018BEB8:setBlackWhite__10J2DPictureFQ28JUtility6TColorQ28JUtility6TColor
801922E4:setBlackWhite__10J2DTextBoxFQ28JUtility6TColorQ28JUtility6TColor
80304D10:setBlackWhite__11J2DWindowExFQ28JUtility6TColorQ28JUtility6TColor
8030891C:setBlackWhite__12J2DPictureExFQ28JUtility6TColorQ28JUtility6TColor
8030A7E8:setBlackWhite__12J2DTextBoxExFQ28JUtility6TColorQ28JUtility6TColor
802567D0:setBlackWhite__8CPaneMgrFQ28JUtility6TColorQ28JUtility6TColor
802568E0:setBlackWhite__9J2DWindowFQ28JUtility6TColorQ28JUtility6TColor
80053C6C:setBlack__10J2DPictureFQ28JUtility6TColor
80256780:setBlack__10J2DTextBoxFQ28JUtility6TColor
80304C00:setBlack__11J2DWindowExFQ28JUtility6TColor
8030880C:setBlack__12J2DPictureExFQ28JUtility6TColor
8030A6D8:setBlack__12J2DTextBoxExFQ28JUtility6TColor
802567A8:setBlack__9J2DWindowFQ28JUtility6TColor
80300F38:setBlendAlphaRatio__10J2DPictureFff
803083D0:setBlendAlphaRatio__12J2DPictureExFff
80228BDC:setBlendAnime__10COutFont_cFP10J2DPictures
800AF154:setBlendAtnBackMoveAnime__9daAlink_cFf
800AEAA8:setBlendAtnMoveAnime__9daAlink_cFf
80300F10:setBlendColorRatio__10J2DPictureFff
80308370:setBlendColorRatio__12J2DPictureExFff
80301030:setBlendKonstAlpha__10J2DPictureFv
80300F60:setBlendKonstColor__10J2DPictureFv
800ADE4C:setBlendMoveAnime__9daAlink_cFf
800202CC:setBlendRatio__10J2DPictureFff
801C4454:setBlendRatio__16dMenuMapCommon_cFUcff
80129388:setBlendWolfAtnBackMoveAnime__9daAlink_cFf
80129160:setBlendWolfAtnMoveAnime__9daAlink_cFf
80128890:setBlendWolfMoveAnime__9daAlink_cFf
8031980C:setBlend__10J3DPEBlockFPC8J3DBlend
8000E018:setBlend__10J3DPEBlockFRC8J3DBlend
80323E90:setBlend__14J3DPEBlockFullFPC8J3DBlend
80323E84:setBlend__14J3DPEBlockFullFRC8J3DBlend
80323FF4:setBlend__16J3DPEBlockFogOffFPC8J3DBlend
80323FE8:setBlend__16J3DPEBlockFogOffFRC8J3DBlend
802E17E0:setBlock__10JUTResFontFv
802DFD88:setBlock__12JUTCacheFontFv
80106724:setBoardLandAnime__9daAlink_cFv
800EF088:setBodyAngleRideReadyAnime__9daAlink_cFv
800CE8D8:setBodyAngleToCamera__9daAlink_cFv
800BB2E8:setBodyAngleXReadyAnime__9daAlink_cFi
800A8348:setBodyPartPos__9daAlink_cFv
80033910:setBombBagItemIn__17dSv_player_item_cFUcUcUcb
80033828:setBombBagItemIn__17dSv_player_item_cFUcUcb
800340B8:setBombNum__21dSv_player_item_max_cFUcUc
80033F6C:setBombNum__24dSv_player_item_record_cFUcUc
800E0668:setBoomerangCatchAnime__9daAlink_cFv
800E0594:setBoomerangReadyAnime__9daAlink_cFv
800E0520:setBoomerangReadyQuake__9daAlink_cFv
800E0E9C:setBoomerangSight__9daAlink_cFv
80123708:setBootsLightEffect__9daAlink_cFv
800FC780:setBossBodyHangPos__9daAlink_cFv
80124BF0:setBottleEffect__9daAlink_cFv
80033370:setBottleItemIn__17dSv_player_item_cFUcUc
8010E610:setBottleModel__9daAlink_cFUs
80033F8C:setBottleNum__24dSv_player_item_record_cFUcUc
800DFC60:setBowHangAnime__9daAlink_cFv
800DFB20:setBowModel__9daAlink_cFv
800DFCA8:setBowNormalAnime__9daAlink_cFv
800DEBC4:setBowOrSlingStatus__9daAlink_cFv
800DEF14:setBowReadyAnime__9daAlink_cFv
800DEFF0:setBowReloadAnime__9daAlink_cFv
800DFD10:setBowSight__9daAlink_cFv
802419F8:setBpk0Animation__14dMsgScrnItem_cFP11J2DAnmColor
80241A54:setBpk1Animation__14dMsgScrnItem_cFP11J2DAnmColor
80195420:setBpkAnimation__16dSelect_cursor_cFP11J2DAnmColor
80148404:setBpkAnm__8daNpcT_cFP11J3DAnmColorP12J3DModelDatafi
80039EEC:setBranchId__7dDemo_cFUss
80039EDC:setBranchType__7dDemo_cFUs
80152D90:setBrkAnm__8daNpcF_cFP15J3DAnmTevRegKeyP12J3DModelDatafi
801483C4:setBrkAnm__8daNpcT_cFP15J3DAnmTevRegKeyP12J3DModelDatafi
8024195C:setBtk0Animation__14dMsgScrnItem_cFP19J2DAnmTextureSRTKey
801955B0:setBtk0Animation__16dSelect_cursor_cFP19J2DAnmTextureSRTKey
80152D50:setBtkAnm__8daNpcF_cFP19J3DAnmTextureSRTKeyP12J3DModelDatafi
80148384:setBtkAnm__8daNpcT_cFP19J3DAnmTextureSRTKeyP12J3DModelDatafi
8014EFB0:setBtpAnm__11daBaseNpc_cFP16J3DAnmTexPatternP12J3DModelDatafi
80152D10:setBtpAnm__8daNpcF_cFP16J3DAnmTexPatternP12J3DModelDatafi
80148344:setBtpAnm__8daNpcT_cFP16J3DAnmTexPatternP12J3DModelDatafi
802DE9BC:setBuffer__20JSUMemoryInputStreamFPCvl
802F6AF4:setBuffer__8J2DPrintFUl
802A04CC:setBusConnect__Q26JASDsp8TChannelFUcUc
80219C74:setButtonIconAAlpha__13dMeter2Draw_cFUcUlb
8021A568:setButtonIconAlpha__13dMeter2Draw_cFiUcUlb
80219E58:setButtonIconBAlpha__13dMeter2Draw_cFUcUlb
8021A154:setButtonIconMidonaAlpha__13dMeter2Draw_cFUl
801EC214:setButtonScale__12dMenu_Ring_cFif
80238510:setButtonStatusLocal__12dMsgObject_cFv
801B8F54:setCButtonString__14dMenu_DmapBg_cFUl
8027885C:setCTev__11JPAResourceFP18JPAEmitterWorkData
801AF6D0:setCalibrationValue__19dMenu_Calibration_cFv
801965C8:setCamDataIdx2__16ShopCam_action_cFP10fopAc_ac_cP10fopAc_ac_cP10fopAc_ac_cP10fopAc_ac_cP10fopAc_ac_cP10fopAc_ac_cP10fopAc_ac_cP4cXyzP4cXyz
80196504:setCamDataIdx__16ShopCam_action_cFP10fopAc_ac_cP10fopAc_ac_cP10fopAc_ac_cP10fopAc_ac_cP4cXyzP4cXyz
802B8BC4:setCameraGroupInfo__11Z2StatusMgrFUc
802B8BC8:setCameraInWaterDepth__11Z2StatusMgrFf
802B8BA0:setCameraPolygonPos__11Z2StatusMgrFP3Vec
802BEC1C:setCameraState__13Z2AudioCameraFPA4_CfR3Vecb
802BECEC:setCameraState__13Z2AudioCameraFPA4_fR3VecR3Vecffbb
80027524:setCamera__15dStage_roomDt_cFP18stage_camera_class
80027E10:setCamera__16dStage_stageDt_cFP18stage_camera_class
80017360:setCardState__15mDoMemCd_Ctrl_cFl
800D08BC:setCargoCarry__9daAlink_cFP10fopAc_ac_c
801418CC:setCargoCarry__9daPy_py_cFP10fopAc_ac_c
800E4FE0:setCarryArmAngle__9daAlink_cFff
802A26A8:setCategoryArrangement__8JAISeMgrFRC24JAISeCategoryArrangement
80293874:setChannelMgrCount__8JASTrackFUl
80294DD0:setChannelPauseFlag__8JASTrackFb
802E6C34:setCharColor__14JUTDirectPrintFQ28JUtility6TColor
802E6C64:setCharColor__14JUTDirectPrintFUcUcUc
802E120C:setCharColor__7JUTFontFQ28JUtility6TColor
80229EB4:setCharactor__19jmessage_tReferenceFUs
80230304:setCharactor__26jmessage_string_tReferenceFUs
802B642C:setChildTrackVolume__8Z2SeqMgrFP14JAISoundHandleifUlff
800FE14C:setClimbInit__9daAlink_cFv
800FE1AC:setClimbShapeOffset__9daAlink_cFv
800FF2C4:setClimbStartNotGround__9daAlink_cFv
80140084:setClothesChange__9daAlink_cFi
80141778:setClothesChange__9daPy_py_cFi
80074088:setCode__5dBgPcFR5sBgPc
800341E8:setCollect__20dSv_player_collect_cFiUc
800ABBBC:setCollisionPos__9daAlink_cFv
8014CC58:setCollision__8daNpcT_cFv
800ABDF0:setCollision__9daAlink_cFv
8014F4EC:setCollisions__11daBaseNpc_cFv
80155C00:setCollisions__8daNpcF_cFv
803198E8:setColorChanNum__13J3DColorBlockFPCUc
8000E0E0:setColorChanNum__13J3DColorBlockFUc
80325400:setColorChanNum__20J3DColorBlockLightOnFPCUc
8032540C:setColorChanNum__20J3DColorBlockLightOnFUc
80325660:setColorChanNum__21J3DColorBlockLightOffFPCUc
8032566C:setColorChanNum__21J3DColorBlockLightOffFUc
80319914:setColorChanOffset__13J3DColorBlockFUl
803254AC:setColorChanOffset__20J3DColorBlockLightOnFUl
803256EC:setColorChanOffset__21J3DColorBlockLightOffFUl
803198EC:setColorChan__13J3DColorBlockFUlPC12J3DColorChan
8000E0D8:setColorChan__13J3DColorBlockFUlRC12J3DColorChan
8032541C:setColorChan__20J3DColorBlockLightOnFUlPC12J3DColorChan
80325430:setColorChan__20J3DColorBlockLightOnFUlRC12J3DColorChan
8032567C:setColorChan__21J3DColorBlockLightOffFUlPC12J3DColorChan
80325690:setColorChan__21J3DColorBlockLightOffFUlRC12J3DColorChan
802EB5B4:setColor__14J2DGrafContextFQ28JUtility6TColorQ28JUtility6TColorQ28JUtility6TColorQ28JUtility6TColor
801EEDA0:setCombineBomb__12dMenu_Ring_cFi
800D2134:setComboReserb__9daAlink_cFv
8010656C:setCommonBoardAnime__9daAlink_cFi
8004D988:setCommonPoly__13dPa_control_cFPUlP13cBgS_PolyInfoPC4cXyzPC4cXyzPC12dKy_tevstr_cUlUlPC5csXyzPC4cXyzSc
802D3D40:setCommon_heapSpecified__9JKRThreadFP7JKRHeapUli
802D3CCC:setCommon_mesgQueue__9JKRThreadFP7JKRHeapi
80302D0C:setConnectParent__10J2DTextBoxFb
802FA900:setConnectParent__7J2DPaneFb
802FD5C8:setContentsColor__9J2DWindowFQ28JUtility6TColorQ28JUtility6TColorQ28JUtility6TColorQ28JUtility6TColor
80141AE0:setControllActorData__8daCrod_cFv
800E15C4:setCopyRodControllAnime__9daAlink_cFv
800E1634:setCopyRodControllUpperSpeedRate__9daAlink_cFv
800E1780:setCopyRodModel__9daAlink_cFv
800E1878:setCopyRodReadyAnime__9daAlink_cFv
800E1DA4:setCopyRodSight__9daAlink_cFv
802CD59C:setCorrectData__13Z2WolfHowlMgrFScP14Z2WolfHowlData
80261E08:setCounterPos__21dDlst_TimerScrnDraw_cFff
8026151C:setCounter__21dDlst_TimerScrnDraw_cFUcUc
800F8FBC:setCrawlAutoMoveAimPos__9daAlink_cFv
800F8DF4:setCrawlMoveAngle__9daAlink_cFv
800F7D20:setCrawlMoveDirectionArrow__9daAlink_cFv
800F8D3C:setCrawlMoveHoll__9daAlink_cFv
801D740C:setCrossLRString__17dMenu_Fmap2DTop_cFUl
80305234:setCullBack__11J2DWindowExF11_GXCullMode
80305A5C:setCullBack__11J2DWindowExFb
80308E74:setCullBack__12J2DPictureExF11_GXCullMode
80309604:setCullBack__12J2DPictureExFb
8030AC78:setCullBack__12J2DTextBoxExF11_GXCullMode
8030AE88:setCullBack__12J2DTextBoxExFb
802F9B1C:setCullBack__7J2DPaneF11_GXCullMode
802FA8C4:setCullBack__7J2DPaneFb
8015B808:setCullInfo__8daItem_cFv
803198FC:setCullMode__13J3DColorBlockFPCUc
803198F8:setCullMode__13J3DColorBlockFUc
80325480:setCullMode__20J3DColorBlockLightOnFPCUc
80325478:setCullMode__20J3DColorBlockLightOnFUc
803256C0:setCullMode__21J3DColorBlockLightOffFPCUc
803256B8:setCullMode__21J3DColorBlockLightOffFUc
8029C500:setCurrentDir__16JASWaveArcLoaderFPCc
80318F4C:setCurrentMtx__11J3DMaterialFv
801956E4:setCursorAnimation__16dSelect_cursor_cFv
801F9594:setCursorPos__13dMenu_Skill_cFv
801DA260:setCursorPos__14dMenu_Insect_cFv
801E0E58:setCursorPos__14dMenu_Letter_cFv
801E7A08:setCursorPos__14dMenu_Option_cFUc
800D1E54:setCutDash__9daAlink_cFii
800D2CB0:setCutJumpSpeed__9daAlink_cFi
80123480:setCutLargeJumpLandEffect__9daAlink_cFv
80122FC4:setCutTurnEffect__9daAlink_cFv
800D1564:setCutType__9daAlink_cFUc
80124190:setCutWaterDropEffect__9daAlink_cFv
800D1578:setCylAtParam__9daAlink_cFUl11dCcG_At_SplUcUciff
801E136C:setDMYPageText__14dMenu_Letter_cFv
80027D14:setDMap__15dStage_roomDt_cFP13dStage_DMap_c
80028208:setDMap__16dStage_stageDt_cFP13dStage_DMap_c
802A0560:setDSPLevel__9JASDriverFf
8029FE34:setDSPMixerLevel__6JASDspFf
802512C8:setDakuon__7dName_cFiUc
800D74B0:setDamagePointNormal__9daAlink_cFi
800D72F4:setDamagePoint__9daAlink_cFiiii
801536A4:setDamage__8daNpcF_cFiii
8014AB1C:setDamage__8daNpcT_cFiii
800D76FC:setDashDamage__9daAlink_cFv
8015ED04:setData__16daPy_actorKeep_cFP10fopAc_ac_c
8019F4BC:setDaytime__18dScnKy_env_light_cFv
80118C2C:setDeadRideSyncPos__9daAlink_cFv
8006FEC4:setDefault__12dVibration_cFv
80329EC8:setDeformData__8J3DModelFP13J3DDeformDataUl
80118A30:setDemoBodyBck__9daAlink_cFP13dDemo_actor_cUs
8011916C:setDemoBrk__9daAlink_cFPP15J3DAnmTevRegKeyP8J3DModelUs
8011722C:setDemoData__9daAlink_cFv
801188E8:setDemoLeftHandIndex__9daAlink_cFUs
8023869C:setDemoMessageLocal__12dMsgObject_cFUl
802383C4:setDemoMessage__12dMsgObject_cFUl
80116ED4:setDemoMoveData__9daAlink_cFPUlPC4cXyz
802B8628:setDemoName__11Z2StatusMgrFPc
80118984:setDemoRide__9daAlink_cFUs
80118878:setDemoRightHandIndex__9daAlink_cFUs
802EA960:setDirectConsole__17JUTConsoleManagerFP10JUTConsole
8020E0E4:setDispPosInsideFlg_SE_On__11dMeterMap_cFv
8020E12C:setDispPosOutsideFlg_SE_On__11dMeterMap_cFv
802A04C4:setDistFilter__Q26JASDsp8TChannelFs
8031981C:setDither__10J3DPEBlockFPCUc
80319818:setDither__10J3DPEBlockFUc
80323EE8:setDither__14J3DPEBlockFullFPCUc
80323EE0:setDither__14J3DPEBlockFullFUc
8032404C:setDither__16J3DPEBlockFogOffFPCUc
80324044:setDither__16J3DPEBlockFogOffFUc
800D6E28:setDkCaught__9daAlink_cFP10fopAc_ac_c
8014181C:setDkCaught__9daPy_py_cFP10fopAc_ac_c
800B32B8:setDoStatusContinuation__9daAlink_cFUc
800B32A0:setDoStatusEmphasys__9daAlink_cFUc
801EF240:setDoStatus__12dMenu_Ring_cFUc
800B3288:setDoStatus__9daAlink_cFUc
80027D30:setDoor__15dStage_roomDt_cFP16stage_tgsc_class
80028228:setDoor__16dStage_stageDt_cFP16stage_tgsc_class
800AC770:setDoubleAnimeBlendRatio__9daAlink_cFf
801294D8:setDoubleAnimeWolf__9daAlink_cFfffQ29daAlink_c12daAlink_WANMQ29daAlink_c12daAlink_WANMif
800ACA4C:setDoubleAnime__9daAlink_cFfffQ29daAlink_c11daAlink_ANMQ29daAlink_c11daAlink_ANMif
80027D20:setDrTg__15dStage_roomDt_cFP16stage_tgsc_class
80028218:setDrTg__16dStage_stageDt_cFP16stage_tgsc_class
800FC5DC:setDragonHangPos__9daAlink_cFv
800CB000:setDrawHand__9daAlink_cFv
80051008:setEffectCenter__7dPaPo_cFPC12dKy_tevstr_cPC4cXyzUlUlPC4cXyzPC5csXyzPC4cXyzScff
800512E8:setEffectFour__8dPaPoF_cFPC12dKy_tevstr_cPC4cXyzUlUlPC4cXyzPC4cXyzPC4cXyzPC4cXyzPC4cXyzPC5csXyzPC4cXyzScff
80120808:setEffectFrontRollParam__9daAlink_cFv
8012104C:setEffectLandParam__9daAlink_cFv
80327C30:setEffectMtx__13J3DTexMtxInfoFPA4_f
80120B4C:setEffectRunParam__9daAlink_cFv
801208CC:setEffectSlipParam__9daAlink_cFv
80120DFC:setEffectSmallLandParam__9daAlink_cFv
80121050:setEffectSumouParam__9daAlink_cFv
8005115C:setEffectTwo__8dPaPoT_cFPC12dKy_tevstr_cPC4cXyzUlUlPC4cXyzPC4cXyzPC4cXyzPC5csXyzPC4cXyzScff
80050E7C:setEffect__7dPaPo_cFPUliPC12dKy_tevstr_cPC4cXyzUlUlPC4cXyzPC5csXyzScPUcPUc
801213D4:setEffect__9daAlink_cFv
80122C08:setElecDamageEffect__9daAlink_cFv
80027DA4:setElst__15dStage_roomDt_cFP13dStage_Elst_c
80028244:setElst__16dStage_stageDt_cFP13dStage_Elst_c
80120710:setEmitterColor__9daAlink_cFPUlUsPC4cXyzPC5csXyz
80120680:setEmitterPolyColor__9daAlink_cFPUlUsR13cBgS_PolyInfoPC4cXyzPC5csXyz
801205CC:setEmitter__9daAlink_cFPUlUsPC4cXyzPC5csXyz
80033A50:setEmptyBombBagItemIn__17dSv_player_item_cFUcUcb
80033A20:setEmptyBombBagItemIn__17dSv_player_item_cFUcb
80033B08:setEmptyBombBag__17dSv_player_item_cFUcUc
80033A88:setEmptyBombBag__17dSv_player_item_cFv
80033450:setEmptyBottleItemIn__17dSv_player_item_cFUc
80033514:setEmptyBottle__17dSv_player_item_cFUc
80033494:setEmptyBottle__17dSv_player_item_cFv
802E3E74:setEnabled__Q210JUTGamePad7CRumbleFUl
802AB4F8:setEncoding__Q28JMessage18TResourceContainerFUc
802AB530:setEncoding___Q28JMessage18TResourceContainerFUc
80108754:setEnemyBombHookshot__9daAlink_cFP10fopAc_ac_c
802C402C:setEnemyName__15Z2CreatureEnemyFPCc
8029CADC:setEntryNum__10JASWaveArcFl
80158DD4:setEnvTevCol__10daNpcCd2_cFv
80156D68:setEnvTevCol__9daNpcCd_cFv
8014F0EC:setEnvTevColor__11daBaseNpc_cFv
80152DD0:setEnvTevColor__8daNpcF_cFv
80148CBC:setEnvTevColor__8daNpcT_cFv
800276AC:setEnvrInfo__15dStage_roomDt_cFP21stage_envr_info_class
80027E88:setEnvrInfo__16dStage_stageDt_cFP21stage_envr_info_class
8002786C:setEnvrNumInfo__15dStage_roomDt_cFi
80027EE8:setEnvrNumInfo__16dStage_stageDt_cFi
80238050:setEquipBombInfoLocal__12dMsgObject_cFv
80238F20:setEquipBombInfo__12dMsgObject_cFv
800336BC:setEquipBottleItemEmpty__17dSv_player_item_cFUc
80033598:setEquipBottleItemIn__17dSv_player_item_cFUcUc
801B3F9C:setEquipItemFrameColorClothes__17dMenu_Collect2D_cFi
801B3CB4:setEquipItemFrameColorShield__17dMenu_Collect2D_cFi
801B3990:setEquipItemFrameColorSword__17dMenu_Collect2D_cFi
802D1014:setErrorFlag__7JKRHeapFb
802D1024:setErrorHandler__7JKRHeapFPFPvUli_v
802B8B98:setEventBit__11Z2StatusMgrFPv
80043428:setEventName__11dEvt_info_cFPc
80180728:setEventRecoveryTrans__9dCamera_cFs
800349E0:setEventReg__11dSv_event_cFUsUc
800488A4:setEvent__17dEvLib_callback_cFiii
802D8DD8:setExpandSize__10JKRArchiveFPQ210JKRArchive12SDIFileEntryUl
801AF908:setExplainString__19dMenu_Calibration_cFUs
80155C2C:setExpressionAnm__8daNpcF_cFib
80155F14:setExpressionBtp__8daNpcF_cFi
80155C3C:setExpression__8daNpcF_cFif
800A1B24:setEyeMove__9daAlink_cFP4cXyzss
802A049C:setFIR8FilterParam__Q26JASDsp8TChannelFPs
80294C8C:setFIR__8JASTrackFPCs
802E4718:setFPException__12JUTExceptionFUl
8029FFA8:setFXLine__6JASDspFUcPsPQ26JASDsp13FxlineConfig_
800AF9E0:setFaceBasicAnime__9daAlink_cFQ29daAlink_c11daAlink_ANM
800AF8D8:setFaceBasicTexture__9daAlink_cFQ29daAlink_c13daAlink_FTANM
800AF4E8:setFaceBck__9daAlink_cFUsiUs
800AF808:setFaceBtk__9daAlink_cFUsiUs
800AF654:setFaceBtp__9daAlink_cFUsiUs
8014A3D4:setFaceMotionAnm__8daNpcT_cFib
800AFB4C:setFacePriAnime__9daAlink_cFQ29daAlink_c11daAlink_ANM
800AFAE0:setFacePriTexture__9daAlink_cFQ29daAlink_c13daAlink_FTANM
80287658:setFactory__Q27JStudio8TControlFPQ27JStudio8TFactory
802B8E58:setFadeInStart__10Z2SceneMgrFUc
802B8DBC:setFadeOutStart__10Z2SceneMgrFUc
800B5BF8:setFallVoice__9daAlink_cFv
800B71A0:setFastShotTimer__9daAlink_cFv
8034EEB4:setFbbRegs
802BBDA8:setFieldBgmPlay__8Z2SeqMgrFb
80027B0C:setFileList2Info__15dStage_roomDt_cFP21dStage_FileList2_dt_c
80028078:setFileList2Info__16dStage_stageDt_cFP21dStage_FileList2_dt_c
80027B1C:setFileListInfo__15dStage_roomDt_cFP20dStage_FileList_dt_c
800280E0:setFileListInfo__16dStage_stageDt_cFP20dStage_FileList_dt_c
8029CB3C:setFileName__10JASWaveArcFPCc
802A043C:setFilterMode__Q26JASDsp8TChannelFUs
802AC77C:setFilterOff__10Z2SoundMgrFP8JAISound
8029FE78:setFilterTable__6JASDspFPsPsUl
80125174:setFirePointDamageEffect__9daAlink_cFv
802DE3C4:setFirst__10JSUPtrListFP10JSUPtrLink
800F44C8:setFishGetFace__9daAlink_cFv
801C601C:setFishParam__15dMenu_Fishing_cFiUsUc
800F4178:setFishingWaitAction__9daAlink_cFv
800977B8:setFlag__9dCamera_cFUl
8028AFA8:setFlag_operation__Q37JStudio3stb7TObjectFUci
801CF254:setFlashOn__15dMenu_FmapMap_cFiiPUci
801CB754:setFlash__12dMenu_Fmap_cFUcb
8021C7EC:setFloatingFlow__13dMeter2Info_cFUssb
8021C7B0:setFloatingMessage__13dMeter2Info_cFUssb
80027B24:setFloorInfo__15dStage_roomDt_cFP18dStage_FloorInfo_c
80028148:setFloorInfo__16dStage_stageDt_cFP18dStage_FloorInfo_c
801B940C:setFloorMessage__14dMenu_DmapBg_cFv
800E7B24:setFmChainPosFromOut__9daAlink_cFP10fopAc_ac_cP4cXyzi
8015F4C4:setFmChainPos__9daPy_py_cFP10fopAc_ac_cP4cXyzi
801CEB20:setFmapPaletteColor__15dMenu_FmapMap_cFQ215renderingFmap_c9palette_eRC8_GXColor
801CEAAC:setFmapPaletteColor__15dMenu_FmapMap_cFQ215renderingFmap_c9palette_eUcUcUcUc
80319830:setFogOffset__10J3DPEBlockFUl
80323F04:setFogOffset__14J3DPEBlockFullFUl
802CB83C:setFogWipeWidth__10Z2EnvSeMgrFf
80319804:setFog__10J3DPEBlockF6J3DFog
80319800:setFog__10J3DPEBlockFP6J3DFog
80323E18:setFog__14J3DPEBlockFullF6J3DFog
80323DF4:setFog__14J3DPEBlockFullFP6J3DFog
80192218:setFontColor__15dFile_warning_cFQ28JUtility6TColorQ28JUtility6TColor
802F4EE4:setFontNo__11J2DTevBlockFUs
802F4C70:setFontNo__12J2DTevBlock1FUs
802F49CC:setFontNo__12J2DTevBlock2FUs
802F4728:setFontNo__12J2DTevBlock4FUs
802F4488:setFontNo__12J2DTevBlock8FUs
802F41E8:setFontNo__13J2DTevBlock16FUs
802F6B60:setFontSize__8J2DPrintFv
802F4F68:setFontUndeleteFlag__11J2DTevBlockFv
802F4ECC:setFontUndeleteFlag__12J2DTevBlock1Fv
802F4C2C:setFontUndeleteFlag__12J2DTevBlock2Fv
802F4988:setFontUndeleteFlag__12J2DTevBlock4Fv
802F46E8:setFontUndeleteFlag__12J2DTevBlock8Fv
802F4448:setFontUndeleteFlag__13J2DTevBlock16Fv
80302714:setFont__10J2DTextBoxFP7JUTFont
802F4F38:setFont__11J2DTevBlockFP7JUTFont
802F4F40:setFont__11J2DTevBlockFP7ResFONT
802EE674:setFont__12J2DTevBlock1FP7JUTFont
802EE5C0:setFont__12J2DTevBlock1FP7ResFONT
802EF840:setFont__12J2DTevBlock2FP7JUTFont
802EF78C:setFont__12J2DTevBlock2FP7ResFONT
802F0CE8:setFont__12J2DTevBlock4FP7JUTFont
802F0C34:setFont__12J2DTevBlock4FP7ResFONT
802F2188:setFont__12J2DTevBlock8FP7JUTFont
802F20DC:setFont__12J2DTevBlock8FP7ResFONT
8030A1F8:setFont__12J2DTextBoxExFP7JUTFont
802F3608:setFont__13J2DTevBlock16FP7JUTFont
802F355C:setFont__13J2DTevBlock16FP7ResFONT
8012120C:setFootEffectProcType__9daAlink_cFi
80121350:setFootMark__9daAlink_cFP4cXyzUsi
800A2A14:setFootMatrix__9daAlink_cFv
80149C00:setFootPos__8daNpcT_cFv
80149DC8:setFootPrtcl__8daNpcT_cFP4cXyzff
800BBD78:setFootSpeed__9daAlink_cFv
802C1DC0:setForceBattleArea__13Z2SoundObjMgrFbUsUsUs
800E3AD4:setForceGrab__9daAlink_cFP10fopAc_ac_cii
8014170C:setForceGrab__9daPy_py_cFP10fopAc_ac_cii
800D03C4:setForcePutPos__9daAlink_cFRC4cXyz
80141714:setForcePutPos__9daPy_py_cFRC4cXyz
8015E590:setFrameCtrl__16daPy_frameCtrl_cFUcssff
800AC3CC:setFrameCtrl__9daAlink_cFP16daPy_frameCtrl_cUcssff
802D2304:setFreeBlock__10JKRExpHeapFPQ210JKRExpHeap9CMemBlockPQ210JKRExpHeap9CMemBlockPQ210JKRExpHeap9CMemBlock
80125384:setFreezeEffect__9daAlink_cFv
800C1D24:setFrontRollCrashShock__9daAlink_cFUc
800B02F4:setFrontWallType__9daAlink_cFv
802BD25C:setFxForceOff__11Z2FxLineMgrFb
802F3CDC:setGX__10J2DPEBlockFv
802E1A20:setGX__10JUTResFontFQ28JUtility6TColorQ28JUtility6TColor
802E1928:setGX__10JUTResFontFv
802ED668:setGX__11J2DIndBlockFv
802EC828:setGX__11J2DMaterialFv
802ED66C:setGX__11J2DTevBlockFv
802EE7C4:setGX__12J2DTevBlock1Fv
802EFA20:setGX__12J2DTevBlock2Fv
802F0EC8:setGX__12J2DTevBlock4Fv
802F2348:setGX__12J2DTevBlock8Fv
8027CC18:setGX__12JPABaseShapeCFP18JPAEmitterWorkData
802ED8C0:setGX__13J2DColorBlockFv
802F37C8:setGX__13J2DTevBlock16Fv
802EDA0C:setGX__14J2DTexGenBlockFv
802F3BCC:setGX__15J2DIndBlockFullFv
802ED67C:setGX__15J2DIndBlockNullFv
80014D9C:setGX__7JUTFontFQ28JUtility6TColorQ28JUtility6TColor
801181D8:setGetItemFace__9daAlink_cFUs
8011A6C0:setGetSubBgm__9daAlink_cFi
802C2488:setGhostEnemyState__13Z2SoundObjMgrFUc
800483C4:setGoal__16dEvent_manager_cFP4cXyz
800E9248:setGoatStopGameFail__9daAlink_cFP10fopAc_ac_c
801BA6C0:setGoldAnimation__14dMenu_DmapBg_cFb
801BA7B0:setGoldFrameAlphaRate__14dMenu_DmapBg_cFf
800D08E8:setGoronSideMove__9daAlink_cFP10fopAc_ac_c
801418C8:setGoronSideMove__9daPy_py_cFP10fopAc_ac_c
800E39CC:setGrabCollisionOffset__9daAlink_cFffP13cBgS_PolyInfo
80141738:setGrabCollisionOffset__9daPy_py_cFffP13cBgS_PolyInfo
800E5BEC:setGrabItemActor__9daAlink_cFP10fopAc_ac_c
800E3F88:setGrabItemPos__9daAlink_cFv
800E5430:setGrabItemThrow__9daAlink_cFv
800E3DF4:setGrabUpperAnime__9daAlink_cFf
800E4E24:setGrabUpperSpeedRate__9daAlink_cFv
802E1260:setGradColor__7JUTFontFQ28JUtility6TColorQ28JUtility6TColor
801117BC:setGrassWhistleModel__9daAlink_cFi
800F7740:setGroundFishingRodActor__9daAlink_cFv
8029AA94:setGroupCount__16JASBasicWaveBankFUlP7JKRHeap
80043724:setGtItm__14dEvt_control_cFUc
800DD14C:setGuardSe__9daAlink_cFP12dCcD_GObjInf
801F9BF8:setHIO__13dMenu_Skill_cFb
801DA4D8:setHIO__14dMenu_Insect_cFb
801E1A7C:setHIO__14dMenu_Letter_cFb
801E7F9C:setHIO__14dMenu_Option_cFb
801C61D0:setHIO__15dMenu_Fishing_cFb
801B4298:setHIO__17dMenu_Collect2D_cFb
801D7C40:setHIO__17dMenu_Fmap2DTop_cFb
801AF9C0:setHIO__19dMenu_Calibration_cFb
8025FF7C:setHIO__21dDlst_TimerScrnDraw_cFv
800A0064:setHairAngle__9daAlink_cFP4cXyzff
800AA2F4:setHandIndex__9daAlink_cFQ29daAlink_c11daAlink_ANM
800FA71C:setHangGroundY__9daAlink_cFv
800B1584:setHangWaterY__9daAlink_cFv
8009F06C:setHatAngle__9daAlink_cFv
80192A78:setHeartCnt__12dFile_info_cFP10dSv_save_c
801B3600:setHeartPiece__17dMenu_Collect2D_cFv
800E25B8:setHeavyBoots__9daAlink_cFi
802B5758:setHeightVolMod__8Z2SeqMgrFbUl
80119030:setHighModelBck__9daAlink_cFP13mDoExt_bckAnmUs
801190DC:setHighModelFaceBtk__9daAlink_cFUs
8004C218:setHitMark__13dPa_control_cFUsP10fopAc_ac_cPC4cXyzPC5csXyzPC4cXyzUl
8015959C:setHitodamaParticle__10daNpcCd2_cFv
801573B8:setHitodamaParticle__9daNpcCd_cFv
80154C24:setHitodamaPrtcl__8daNpcF_cFv
8014C07C:setHitodamaPrtcl__8daNpcT_cFv
80108AC8:setHookshotCarryOffset__9daAlink_cFUiPC4cXyz
80141750:setHookshotCarryOffset__9daPy_py_cFUiPC4cXyz
80108A74:setHookshotCatchNow__9daAlink_cFv
801098C8:setHookshotHangMoveBGCollect__9daAlink_cFv
80108B6C:setHookshotModel__9daAlink_cFv
80109C14:setHookshotPos__9daAlink_cFv
8010921C:setHookshotReadyAnime__9daAlink_cFv
801090A8:setHookshotReadyMaterial__9daAlink_cFv
801097D8:setHookshotReturnEnd__9daAlink_cFv
8010B314:setHookshotRoofWaitAnime__9daAlink_cFv
80108DEC:setHookshotSight__9daAlink_cFv
80109AE4:setHookshotTopPosFly__9daAlink_cFv
8010B394:setHookshotWallWaitAnime__9daAlink_cFv
801233F0:setHorseCutTurnEffect__9daAlink_cFv
800EF8BC:setHorseGetOff__9daAlink_cFi
800ED348:setHorseStirrup__9daAlink_cFv
800ECFD4:setHorseSwordUpAnime__9daAlink_cFv
800EEE94:setHorseSwordUp__9daAlink_cFi
800EDAB0:setHorseTurnAnime__9daAlink_cFv
800ED02C:setHorseTurnUpperAnime__9daAlink_cFi
80111854:setHorseWhistleModel__9daAlink_cFv
800EC7E8:setHorseZeldaDamage__9daAlink_cFv
8021E41C:setHotSpringTimer__13dMeter2Info_cFUc
802CA6F4:setHyrulSewerOpen__10Z2EnvSeMgrFb
802A0474:setIIRFilterParam__Q26JASDsp8TChannelFPs
802AC6B0:setIIR__10Z2SoundMgrFP8JAISoundPCs
80294CCC:setIIR__8JASTrackFPCs
800A7088:setIceSlipSpeed__9daAlink_cFv
801D2490:setIcon2DPos__18dMenu_Fmap2DBack_cFUcPCcfffUcb
801D24C8:setIcon2DPos__18dMenu_Fmap2DBack_cFUcUcPCcfffUcb
801D2174:setIcon2DPos__18dMenu_Fmap2DBack_cFUcfffUcb
801C4368:setIconInfo__16dMenuMapCommon_cFUcfffffUc
800A3D1C:setIdxMask__9daAlink_cFPUsPUs
8014DB58:setIdx__16daBaseNpc_path_cFUs
80261E34:setImagePos__21dDlst_TimerScrnDraw_cFff
802B8CF0:setInDarkness__10Z2SceneMgrFb
802F4F04:setIndTevStage__11J2DTevBlockFUl14J2DIndTevStage
8000E0A4:setIndTevStage__11J3DTevBlockFUl14J3DIndTevStage
803259F0:setIndTevStage__11J3DTevBlockFUlPC14J3DIndTevStage
802F4E1C:setIndTevStage__12J2DTevBlock1FUl14J2DIndTevStage
802F4B7C:setIndTevStage__12J2DTevBlock2FUl14J2DIndTevStage
802F48D8:setIndTevStage__12J2DTevBlock4FUl14J2DIndTevStage
802F4638:setIndTevStage__12J2DTevBlock8FUl14J2DIndTevStage
80324D4C:setIndTevStage__12J3DTevBlock1FUl14J3DIndTevStage
80324D60:setIndTevStage__12J3DTevBlock1FUlPC14J3DIndTevStage
80324B5C:setIndTevStage__12J3DTevBlock2FUl14J3DIndTevStage
80324B70:setIndTevStage__12J3DTevBlock2FUlPC14J3DIndTevStage
80324798:setIndTevStage__12J3DTevBlock4FUl14J3DIndTevStage
803247AC:setIndTevStage__12J3DTevBlock4FUlPC14J3DIndTevStage
802F4398:setIndTevStage__13J2DTevBlock16FUl14J2DIndTevStage
803243CC:setIndTevStage__13J3DTevBlock16FUl14J3DIndTevStage
803243E0:setIndTevStage__13J3DTevBlock16FUlPC14J3DIndTevStage
80324F58:setIndTevStage__18J3DTevBlockPatchedFUl14J3DIndTevStage
80324F6C:setIndTevStage__18J3DTevBlockPatchedFUlPC14J3DIndTevStage
802ED6F8:setIndTexCoordScale__11J2DIndBlockFUl19J2DIndTexCoordScale
8000E020:setIndTexCoordScale__11J3DIndBlockFUl19J3DIndTexCoordScale
803198B4:setIndTexCoordScale__11J3DIndBlockFUlPC19J3DIndTexCoordScale
802F40E8:setIndTexCoordScale__15J2DIndBlockFullFUl19J2DIndTexCoordScale
80325900:setIndTexCoordScale__15J3DIndBlockFullFUl19J3DIndTexCoordScale
80325914:setIndTexCoordScale__15J3DIndBlockFullFUlPC19J3DIndTexCoordScale
802ED6F4:setIndTexMtx__11J2DIndBlockFUl12J2DIndTexMtx
8000E060:setIndTexMtx__11J3DIndBlockFUl12J3DIndTexMtx
803198B0:setIndTexMtx__11J3DIndBlockFUlPC12J3DIndTexMtx
802F407C:setIndTexMtx__15J2DIndBlockFullFUl12J2DIndTexMtx
80325884:setIndTexMtx__15J3DIndBlockFullFUl12J3DIndTexMtx
803258B8:setIndTexMtx__15J3DIndBlockFullFUlPC12J3DIndTexMtx
802ED6F0:setIndTexOrder__11J2DIndBlockFUl14J2DIndTexOrder
803198AC:setIndTexOrder__11J3DIndBlockFUl14J3DIndTexOrder
803198A8:setIndTexOrder__11J3DIndBlockFUlPC14J3DIndTexOrder
802F404C:setIndTexOrder__15J2DIndBlockFullFUl14J2DIndTexOrder
80325848:setIndTexOrder__15J3DIndBlockFullFUl14J3DIndTexOrder
8032585C:setIndTexOrder__15J3DIndBlockFullFUlPC14J3DIndTexOrder
802ED6EC:setIndTexStageNum__11J2DIndBlockFUc
8000E0A0:setIndTexStageNum__11J3DIndBlockFUc
802F403C:setIndTexStageNum__15J2DIndBlockFullFUc
80325838:setIndTexStageNum__15J3DIndBlockFullFUc
8003A490:setIndirectTex__FP12J3DModelData
802F9C6C:setInfluencedAlpha__7J2DPaneFbb
80035C88:setInitEventBit__Fv
801F704C:setInitSaveData__12dMenu_save_cFv
8019022C:setInitSaveData__14dFile_select_cFv
8024BF80:setInitValueGroupChange__10dMsgFlow_cFiPP10fopAc_ac_c
8024BEE8:setInitValue__10dMsgFlow_cFi
80238DC4:setInsectItemNo__12dMsgObject_cFUc
8029A298:setInst__12JASBasicBankFiP7JASInst
80295F10:setIntrMask__10JASSeqCtrlFUl
80115218:setIronBallBaseAnime__9daAlink_cFv
801127A0:setIronBallBgCheckPos__9daAlink_cFv
80112EB4:setIronBallChainPos__9daAlink_cFv
80112CBC:setIronBallGroundVec__9daAlink_cFPC4cXyzP4cXyz
80112828:setIronBallModel__9daAlink_cFv
80113D90:setIronBallPos__9daAlink_cFv
80115144:setIronBallReadyAnime__9daAlink_cFv
80112730:setIronBallReturn__9daAlink_cFi
801125A0:setIronBallWaitUpperAnime__9daAlink_cFi
800B2714:setItemActionButtonStatus__9daAlink_cFUc
800BA94C:setItemAction__9daAlink_cFv
800BFA28:setItemActor__9daAlink_cFv
8002B36C:setItemBombNumCount__14dComIfG_play_cFUcs
8021DAC4:setItemColor__13dMeter2Info_cFUcP10J2DPictureP10J2DPictureP10J2DPictureP10J2DPicture
800A3CC4:setItemHeap__9daAlink_cFv
800A9488:setItemMatrix__9daAlink_cFi
800BF908:setItemModel__9daAlink_cFv
801B6304:setItemNameStringNull__17dMenu_Collect2D_cFv
801B617C:setItemNameString__17dMenu_Collect2D_cFUcUc
8021B254:setItemNum__13dMeter2Draw_cFUcUcUc
8021BEE0:setItemParamB__13dMeter2Draw_cFUc
8021B7D4:setItemParamX__13dMeter2Draw_cFUc
8021BA34:setItemParamY__13dMeter2Draw_cFUc
8021BC80:setItemParamZ__13dMeter2Draw_cFUc
801EC194:setItemScale__12dMenu_Ring_cFif
801EC26C:setItem__12dMenu_Ring_cFv
80032FB8:setItem__17dSv_player_item_cFiUc
80190634:setJ3D__16dFile_select3D_cFPCcPCcPCc
801B69F0:setJ3D__17dMenu_Collect3D_cFPCcPCcPCc
801B907C:setJButtonString__14dMenu_DmapBg_cFUl
8028D12C:setJSG_ID___Q214JStudio_JStage14TAdaptor_actorFMQ26JStage6TActorFPCvPvUl_vQ37JStudio4data15TEOperationDataPCvUl
8028D168:setJSG_SRT___Q214JStudio_JStage14TAdaptor_actorFPCQ27JStudio8TControl
8028E1EC:setJSG_position___Q214JStudio_JStage15TAdaptor_cameraFPCQ27JStudio8TControl
8028E3EC:setJSG_targetPosition___Q214JStudio_JStage15TAdaptor_cameraFPCQ27JStudio8TControl
8014E6C8:setJntPos__18daBaseNpc_lookat_cF4cXyzi
801EC5B4:setJumpItem__12dMenu_Ring_cFb
800B4908:setJumpMode__9daAlink_cFv
80110EBC:setKandelaarModel__9daAlink_cFv
80110720:setKandelaarMtx__9daAlink_cFPA4_fii
80141840:setKandelaarMtx__9daPy_py_cFPA4_fii
801EB7DC:setKanteraPos__12dMenu_Ring_cFff
802C5C14:setKanteraState__14Z2CreatureLinkFUc
8029A5CC:setKeyRegionCount__12JASBasicInstFUlP7JKRHeap
8029D104:setKeySweepTarget__10JASChannelFlUl
802382EC:setKillMessageFlagLocal__12dMsgObject_cFv
802382C0:setKillMessageFlag__12dMsgObject_cFv
800FCFBC:setLadderInit__9daAlink_cFv
800FD080:setLadderPosInit__9daAlink_cFv
800FD228:setLadderPos__9daAlink_cFi
800D74DC:setLandDamagePoint__9daAlink_cFi
800B5C6C:setLandPassiveData__9daAlink_cFv
800BDE58:setLastSceneDamage__9daAlink_cFiPUl
800BDE80:setLastSceneMode__9daAlink_cFPUl
802941EC:setLatestKey__8JASTrackFUc
80027CF4:setLbnk__15dStage_roomDt_cFP13dStage_Lbnk_c
80028190:setLbnk__16dStage_stageDt_cFP13dStage_Lbnk_c
800A2D18:setLegAngle__9daAlink_cFfP18daAlink_footData_cPsPsi
80238DD8:setLetterNameID__12dMsgObject_cFUs
802B029C:setLevObjSE__7Z2SeMgrFUlP3VecSc
8021FED8:setLifeZero__9dMeter2_cFv
80034320:setLightDropNum__16dSv_light_drop_cFUcUc
801A4D60:setLightTevColorType_MAJI__18dScnKy_env_light_cFP12J3DModelDataP12dKy_tevstr_c
801A43E0:setLightTevColorType_MAJI_sub__FP11J3DMaterialP12dKy_tevstr_ci
801A43DC:setLightTevColorType__18dScnKy_env_light_cFP12J3DModelDataP12dKy_tevstr_c
8002796C:setLightVecInfoNum__15dStage_roomDt_cFi
80027F80:setLightVecInfoNum__16dStage_stageDt_cFi
8002795C:setLightVecInfo__15dStage_roomDt_cFP30stage_pure_lightvec_info_class
80027F18:setLightVecInfo__16dStage_stageDt_cFP30stage_pure_lightvec_info_class
801A4BC8:setLight__13J3DColorBlockFUlP11J3DLightObj
801A03CC:setLight__18dScnKy_env_light_cFv
80325458:setLight__20J3DColorBlockLightOnFUlP11J3DLightObj
800C173C:setLight__9daAlink_cFv
8000A504:setLight__Fv
801A1680:setLight_actor__18dScnKy_env_light_cFP12dKy_tevstr_cP11_GXColorS10PfPf
801A12FC:setLight_bg__18dScnKy_env_light_cFP12dKy_tevstr_cP11_GXColorS10P11_GXColorS10PfPf
8019FB94:setLight_palno_get__18dScnKy_env_light_cFPUcPUcPUcPUcPUcPUcPUcPUcPfPiPiPfPUc
801237F4:setLightningSwordEffect__9daAlink_cFv
802BD068:setLineID__11Z2FxLineMgrFScbb
800332F8:setLineUpItem__17dSv_player_item_cFv
802EB6D0:setLineWidth__14J2DGrafContextFUc
802BD0B4:setLine__11Z2FxLineMgrFP14Z2FxLineConfigbb
802C578C:setLinkBootsType__14Z2CreatureLinkFl
802C56B8:setLinkGroupInfo__14Z2CreatureLinkFUc
802C56BC:setLinkHp__14Z2CreatureLinkFll
802C76C8:setLinkRiding__14Z2CreatureRideFb
802C4018:setLinkSearch__15Z2CreatureEnemyFb
802C5728:setLinkShieldType__14Z2CreatureLinkFll
801419D4:setLinkState__14Z2CreatureLinkFUc
802C56C4:setLinkSwordType__14Z2CreatureLinkFll
80144CEC:setListEnd__12daItemBase_cFv
80144CC8:setListStart__12daItemBase_cFv
80071100:setList__12dAttention_cFiP10fopAc_ac_cff7cSAngleUl
800A077C:setLookPosFromOut__9daAlink_cFP4cXyz
8015F53C:setLookPos__9daPy_py_cFP4cXyz
801533C8:setLookatMtx__8daNpcF_cFiPif
802EBCDC:setLookat__13J2DOrthoGraphFv
802EBB08:setLookat__14J2DGrafContextFv
800BB35C:setMagicArmorBrk__9daAlink_cFi
801227C8:setMagneBootsEffect__9daAlink_cFv
800E2840:setMagneBootsMtx__9daAlink_cFP13cBgS_PolyInfoi
802C5F88:setMagnetized__14Z2CreatureLinkFb
8020E168:setMapAlpha__11dMeterMap_cFUc
80027AFC:setMapEventInfo__15dStage_roomDt_cFP21dStage_MapEventInfo_c
80028068:setMapEventInfo__16dStage_stageDt_cFP21dStage_MapEventInfo_c
800275D4:setMapInfoBase__15dStage_roomDt_cFP26stage_map_info_dummy_class
80027E60:setMapInfoBase__16dStage_stageDt_cFP26stage_map_info_dummy_class
800275C4:setMapInfo__15dStage_roomDt_cFP20stage_map_info_class
80027E50:setMapInfo__16dStage_stageDt_cFP20stage_map_info_class
80029F84:setMapPaletteColorAlphaPer__6dMap_cFif
800297A8:setMapPaletteColorAlphaPer__6dMap_cFiif
80027D40:setMapPath__15dStage_roomDt_cFPv
80028238:setMapPath__16dStage_stageDt_cFPv
801BDEB8:setMapTexture__12dMenu_Dmap_cFv
8016338C:setMapToolData__9dCamera_cFv
80196878:setMasterCamCtrPos__16ShopCam_action_cFP4cXyz
8032EA40:setMatColorAnm__14J3DMaterialAnmFiP14J3DMatColorAnm
80319910:setMatColorOffset__13J3DColorBlockFUl
803254A4:setMatColorOffset__20J3DColorBlockLightOnFUl
803256E4:setMatColorOffset__21J3DColorBlockLightOffFUl
8000E0DC:setMatColor__13J3DColorBlockFUl10J3DGXColor
803198E4:setMatColor__13J3DColorBlockFUlPC10J3DGXColor
80325328:setMatColor__20J3DColorBlockLightOnFUl10J3DGXColor
80325354:setMatColor__20J3DColorBlockLightOnFUlPC10J3DGXColor
803255F4:setMatColor__21J3DColorBlockLightOffFUl10J3DGXColor
80325620:setMatColor__21J3DColorBlockLightOffFUlPC10J3DGXColor
80014738:setMat__26mDoExt_3DlineMatSortPacketFP18mDoExt_3DlineMat_c
800126C0:setMaterial__19mDoExt_3DlineMat0_cFv
800134F8:setMaterial__19mDoExt_3DlineMat1_cFv
800A2C5C:setMatrixOffset__9daAlink_cFPff
8009DCA4:setMatrixWorldAxisRot__9daAlink_cFPA4_fsssiPC4cXyz
800A8D1C:setMatrix__9daAlink_cFv
80263AF4:setMatrix__9dkWmark_cFv
8014E680:setMaxJntLmt__18daBaseNpc_lookat_cF5csXyzi
8014EECC:setMcaMorfAnm__11daBaseNpc_cFP18J3DAnmTransformKeyffiii
80152C68:setMcaMorfAnm__8daNpcF_cFP18J3DAnmTransformKeyffiii
80148250:setMcaMorfAnm__8daNpcT_cFP18J3DAnmTransformKeyffiii
802C31E4:setMdlType__17Z2CreatureCitizenFScbb
80027B34:setMemoryConfig__15dStage_roomDt_cFP21dStage_MemoryConfig_c
80028158:setMemoryConfig__16dStage_stageDt_cFP21dStage_MemoryConfig_c
80027B98:setMemoryMap__15dStage_roomDt_cFP18dStage_MemoryMap_c
80028168:setMemoryMap__16dStage_stageDt_cFP18dStage_MemoryMap_c
802A9C28:setMessageCode__Q28JMessage8TControlFUsUs
802A9E60:setMessageCode_inSequence___Q28JMessage8TControlFPCQ28JMessage10TProcessorUsUs
802E70D8:setMessageCount__12JUTAssertionFi
802A9D34:setMessageID__Q28JMessage8TControlFUlUlPb
80234784:setMessageIndexDemo__12dMsgObject_cFUlb
80234618:setMessageIndex__12dMsgObject_cFUlUlb
80124784:setMetamorphoseEffectStartLink__9daAlink_cFv
801247F4:setMetamorphoseEffect__9daAlink_cFv
800BF7D4:setMetamorphoseModel__9daAlink_cFi
8021D0C8:setMeterString__13dMeter2Info_cFl
802BF254:setMicState__9Z2SpotMicFP13Z2AudioCamerai
8015F9B4:setMidnaFaceNum__9daPy_py_cFi
8015F9A0:setMidnaMotionNum__9daPy_py_cFi
800D02BC:setMidnaMsgNum__9daAlink_cFP10fopAc_ac_cUs
80141554:setMidnaMsgNum__9daPy_py_cFP10fopAc_ac_cUs
800B4970:setMidnaMsg__9daAlink_cFv
800D0184:setMidnaTalkStatus__9daAlink_cFUc
8014E6A4:setMinJntLmt__18daBaseNpc_lookat_cF5csXyzi
8030341C:setMinSize__11J2DWindowExFv
8021E9C0:setMiniGameCount__13dMeter2Info_cFSc
8021E570:setMiniGameItem__13dMeter2Info_cFUc
8029CFC8:setMixConfig__10JASChannelFUlUs
80032A78:setMixItemIndex__21dSv_player_status_a_cFiUc
801ECEB0:setMixItem__12dMenu_Ring_cFv
801EF4E0:setMixMessage__12dMenu_Ring_cFv
802A0364:setMixerInitVolume__Q26JASDsp8TChannelFUcs
802A0384:setMixerVolume__Q26JASDsp8TChannelFUcs
8004AC00:setModel__18dPa_modelEcallBackFP14JPABaseEmitterP12J3DModelDataRC12dKy_tevstr_cUcPvUcUc
80251688:setMoji__7dName_cFi
8011BC4C:setMonkeyMoveAnime__9daAlink_cFv
8000FB7C:setMorf__13mDoExt_morf_cFf
80155C34:setMotionAnm__8daNpcF_cFif
8014A674:setMotionAnm__8daNpcT_cFifi
80155C38:setMotion__8daNpcF_cFifi
800FE8A0:setMoveBGClimbCorrect__9daAlink_cFv
800FD4E0:setMoveBGLadderCorrect__9daAlink_cFv
800A2320:setMoveSlantAngle__9daAlink_cFv
801D6F50:setMoyaAlpha__17dMenu_Fmap2DTop_cFUc
80238E00:setMsgOutputType__12dMsgObject_cFUc
80152848:setMtx2__8daNpcF_cFv
803281B8:setMtxBuffer__10J3DMtxCalcFP12J3DMtxBuffer
8014F3DC:setMtx__11daBaseNpc_cFi
801527B8:setMtx__8daNpcF_cFv
801491DC:setMtx__8daNpcT_cFv
802B0434:setMultiTriggerSE__7Z2SeMgrFUlP3VecSc
80027BFC:setMulti__15dStage_roomDt_cFP14dStage_Multi_c
80028178:setMulti__16dStage_stageDt_cFP14dStage_Multi_c
803198BC:setNBTScale__14J3DTexGenBlockF11J3DNBTScale
803198C0:setNBTScale__14J3DTexGenBlockFPC11J3DNBTScale
80325250:setNBTScale__15J3DTexGenBlock4F11J3DNBTScale
80325274:setNBTScale__15J3DTexGenBlock4FPC11J3DNBTScale
80325114:setNBTScale__19J3DTexGenBlockBasicF11J3DNBTScale
80325138:setNBTScale__19J3DTexGenBlockBasicFPC11J3DNBTScale
801ECB0C:setNameString__12dMenu_Ring_cFUl
801F9AB8:setNameString__13dMenu_Skill_cFUs
802518E0:setNameText__7dName_cFv
800A1FC8:setNeckAngle__9daAlink_cFv
80150F00:setNextIdxDst__13daNpcF_Path_cF4cXyz
80150C2C:setNextIdx__13daNpcF_Path_cFv
80145E1C:setNextIdx__13daNpcT_Path_cFi
80145D78:setNextPathInfo__13daNpcT_Path_cFScUc
8014DB10:setNextPnt__16daBaseNpc_path_cFv
80159FE4:setNextPoint__11PathTrace_cFR4cXyz
8015A11C:setNextPoint__11PathTrace_cFv
80024424:setNextStayNo__20dStage_roomControl_cFi
8011709C:setNoDrawSwordShield__9daAlink_cFiUs
80328928:setNoUseDrawMtx__12J3DMtxBufferFv
8024C134:setNodeIndex__10dMsgFlow_cFUsPP10fopAc_ac_c
8024C3B8:setNormalMsg__10dMsgFlow_cFP14mesg_flow_nodeP10fopAc_ac_c
800B395C:setNormalSpeedF__9daAlink_cFff
801AEC04:setNowGauge__15dKantera_icon_cFUsUs
80035CC8:setNowLine__9dJntCol_cFP8cM3dGLinPC4cXyzPC5csXyzP4cXyz
8023839C:setNowTalkFlowNo__12dMsgObject_cFs
8002B3A8:setNowVibration__14dComIfG_play_cFUc
801DC870:setNumber__19dMenu_ItemExplain_cFv
80046800:setObjectArchive__16dEvent_manager_cFPc
8003C4E4:setObjectRes__14dRes_control_cFPCcPvUlP7JKRHeap
800FC6EC:setOctaIealHangPos__9daAlink_cFv
800D0B58:setOctaIealWildHang__9daAlink_cFv
80141900:setOctaIealWildHang__9daPy_py_cFv
80027C60:setOldMulti__15dStage_roomDt_cFv
80026FDC:setOldMulti__16dStage_stageDt_cFv
8004F6B8:setOldPosP__22dPa_hermiteEcallBack_cFPC4cXyzPC4cXyz
800ADBB0:setOldRootQuaternion__9daAlink_cFsss
80140024:setOriginalHeap__9daAlink_cFPP10JKRExpHeapUl
802EBCA8:setOrtho__13J2DOrthoGraphFRCQ29JGeometry8TBox2<f>ff
80294C38:setOscAdsr__8JASTrackFssssUs
802A02DC:setOscInfo__Q26JASDsp8TChannelFUl
8029CF94:setOscInit__10JASChannelFUlPCQ213JASOscillator4Data
80294C08:setOscScale__8JASTrackFUlf
80294C18:setOscTable__8JASTrackFUlPCQ213JASOscillator5Point
8029A64C:setOsc__12JASBasicInstFiPCQ213JASOscillator4Data
800BB598:setOutPower__9daAlink_cFfsi
80141734:setOutPower__9daPy_py_cFfsi
802BE324:setOuterParams__9Z2AudibleFRC14JASSoundParamsRC14JASSoundParamsi
802303A4:setOutfontLength__26jmessage_string_tReferenceFif
802CFD24:setOutputMode__10Z2AudioMgrFUl
802A05A8:setOutputMode__9JASDriverFUl
8029E954:setOutputRate__9JASDriverF13JASOutputRate
80071464:setOwnerAttentionPos__12dAttention_cFv
802785D8:setPTev__11JPAResourceFv
801F983C:setPageText__13dMenu_Skill_cFv
801E11B8:setPageText__14dMenu_Letter_cFv
800275DC:setPaletteInfo__15dStage_roomDt_cFP24stage_palette_info_class
80027E68:setPaletteInfo__16dStage_stageDt_cFP24stage_palette_info_class
8002779C:setPaletteNumInfo__15dStage_roomDt_cFi
80027EC8:setPaletteNumInfo__16dStage_stageDt_cFi
802F4F48:setPalette__11J2DTevBlockFUlPC7ResTLUT
802EE6F4:setPalette__12J2DTevBlock1FUlPC7ResTLUT
802EF8C0:setPalette__12J2DTevBlock2FUlPC7ResTLUT
802F0D68:setPalette__12J2DTevBlock4FUlPC7ResTLUT
802F2204:setPalette__12J2DTevBlock8FUlPC7ResTLUT
802F3684:setPalette__13J2DTevBlock16FUlPC7ResTLUT
802C820C:setPanDir__10Z2EnvSeDirFP3Vec
802C8418:setPanParam__14Z2EnvSeAutoPanFffbbff
802265D4:setPane__10COutFont_cFP10J2DPicture
8015EA58:setParamData__9daPy_py_cFiiii
8014F03C:setParam__11daBaseNpc_cFv
80041804:setParam__14dEvt_control_cFP12dEvt_order_c
80151104:setParam__15daNpcF_Lookat_cFffffffffffffsP4cXyz
80146D24:setParam__15daNpcT_JntAnm_cFP10fopAc_ac_cP8J3DModelP4cXyziiiffffffffffP4cXyz
80195170:setParam__16dSelect_cursor_cFfffff
80147E18:setParam__19daNpcT_DmgStagger_cFP10fopAc_ac_cP10fopAc_ac_cs
80294B10:setParam__8JASTrackFUlfUl
80155C14:setParam__8daNpcF_cFv
8014CC70:setParam__8daNpcT_cFv
802ABD84:setParam__Q26Z2Calc8FNoise1fFfff
80261D9C:setParentPos__21dDlst_TimerScrnDraw_cFff
80027ACC:setPath2Info__15dStage_roomDt_cFP14dStage_dPath_c
80028038:setPath2Info__16dStage_stageDt_cFP14dStage_dPath_c
801509A8:setPathInfo__13daNpcF_Path_cFUcScUc
80145CC0:setPathInfo__13daNpcT_Path_cFUcScUc
80027A54:setPathInfo__15dStage_roomDt_cFP14dStage_dPath_c
80028018:setPathInfo__16dStage_stageDt_cFP14dStage_dPath_c
8014DA08:setPathInfo__16daBaseNpc_path_cFUcScSc
80159A84:setPath__11PathTrace_cFiiiP4cXyzb
802A03B0:setPauseFlag__Q26JASDsp8TChannelFUc
802956D0:setPauseFlag__Q28JASTrack11TChannelMgrFb
8029A8E4:setPerc__10JASDrumSetFiPQ210JASDrumSet5TPerc
8021443C:setPikariBpkAnimation__13dMeter2Draw_cFP11J2DAnmColor
802A034C:setPitch__Q26JASDsp8TChannelFUs
80192C48:setPlayTime__12dFile_info_cFP10dSv_save_c
8015F960:setPlayerDamage__9daPy_py_cFii
8002754C:setPlayerNum__15dStage_roomDt_cFUs
80027E38:setPlayerNum__16dStage_stageDt_cFUs
800B252C:setPlayerPosAndAngle__9daAlink_cFPA4_f
800B2434:setPlayerPosAndAngle__9daAlink_cFPC4cXyzPC5csXyz
800B2254:setPlayerPosAndAngle__9daAlink_cFPC4cXyzsi
8014177C:setPlayerPosAndAngle__9daPy_py_cFPA4_f
80141780:setPlayerPosAndAngle__9daPy_py_cFPC4cXyzPC5csXyz
80141784:setPlayerPosAndAngle__9daPy_py_cFPC4cXyzsi
80037C90:setPlayerRideNow__10e_wb_classFv
80037CB0:setPlayerRide__10e_wb_classFv
8015F56C:setPlayerSe__9daPy_py_cFUl
80027544:setPlayer__15dStage_roomDt_cFP17stage_actor_class
80027E30:setPlayer__16dStage_stageDt_cFP17stage_actor_class
80027734:setPlightInfo__15dStage_roomDt_cFP23stage_plight_info_class
80027EB8:setPlightInfo__16dStage_stageDt_cFP23stage_plight_info_class
800278F4:setPlightNumInfo__15dStage_roomDt_cFi
80027FE8:setPlightNumInfo__16dStage_stageDt_cFi
801C1268:setPlusNowStayFloorNo__20dMenu_StageMapCtrl_cFScUc
801C2548:setPlusZoomCenterX__20dMenu_StageMapCtrl_cFf
801C2550:setPlusZoomCenterZ__20dMenu_StageMapCtrl_cFf
80027ABC:setPnt2Info__15dStage_roomDt_cFP13dStage_dPnt_c
80028028:setPnt2Info__16dStage_stageDt_cFP13dStage_dPnt_c
800279EC:setPntInfo__15dStage_roomDt_cFP13dStage_dPnt_c
80028008:setPntInfo__16dStage_stageDt_cFP13dStage_dPnt_c
801B36CC:setPohMaxNum__17dMenu_Collect2D_cFUc
801CEB90:setPointColor__15dMenu_FmapMap_cFf
8003F810:setPointer__8dMpath_cFPQ211dDrawPath_c10room_classPScPSc
8003FA40:setPointer__8dMpath_cFScPvi
8004D6A4:setPoly__13dPa_control_cFUlUsR13cBgS_PolyInfoPC4cXyzPC12dKy_tevstr_cPC5csXyzPC4cXyziP18dPa_levelEcallBackScPC4cXyz
8004D068:setPoly__13dPa_control_cFUsR13cBgS_PolyInfoPC4cXyzPC12dKy_tevstr_cPC5csXyzPC4cXyziP18dPa_levelEcallBackScPC4cXyz
800A7390:setPolygonSpeed__9daAlink_cFv
802AD31C:setPortData__14Z2SoundStarterFP14JAISoundHandleUlUsSc
802EBC50:setPort__13J2DOrthoGraphFv
802EB050:setPort__14J2DGrafContextFv
80238DB0:setPortalMessageID__12dMsgObject_cFUs
802AD978:setPos__14Z2SoundHandlesFRCQ29JGeometry8TVec3<f>
80195B30:setPos__14dSelect_icon_cFP7J2DPaneff
801AEB60:setPos__15dKantera_icon_cFff
801C0E0C:setPos__15dMenu_DmapMap_cFiifffbf
8023CCD8:setPos__15dMsgScrnArrow_cFff
801950B4:setPos__16dSelect_cursor_cFffP7J2DPaneb
80271C0C:setPos__8cM3dGTriFPC3VecPC3VecPC3Vec
8014A954:setPos__8daNpcT_cF4cXyz
8009C40C:setPosition__7dTres_cFiUcPC3Veci
802E5F98:setPostUserCallback__12JUTExceptionFPFUsP9OSContextUlUl_v
802E5F88:setPreUserCallback__12JUTExceptionFPFUsP9OSContextUlUl_v
8029F964:setPriority__13JASDSPChannelFUc
802FABE4:setPriority__9J2DScreenFP20JSURandomInputStreamUlP10JKRArchive
802FAAE4:setPriority__9J2DScreenFPCcUlP10JKRArchive
80253EDC:setPrm__16dNpcLib_lookat_cFv
80238A9C:setProcessID__12dMsgObject_cFUi
801CB744:setProcess__12dMenu_Fmap_cFUc
8025A874:setProgressiveMode__10dScnLogo_cFUc
80027644:setPselectInfo__15dStage_roomDt_cFP24stage_pselect_info_class
80027E78:setPselectInfo__16dStage_stageDt_cFP24stage_pselect_info_class
80027804:setPselectNumInfo__15dStage_roomDt_cFi
80027ED8:setPselectNumInfo__16dStage_stageDt_cFi
8004362C:setPt1__14dEvt_control_cFPv
8004365C:setPt2__14dEvt_control_cFPv
800436F4:setPtD__14dEvt_control_cFPv
800436EC:setPtI_Id__14dEvt_control_cFUi
800436BC:setPtI__14dEvt_control_cFPv
8004368C:setPtT__14dEvt_control_cFPv
800E7F74:setPushPullKeepData__9daAlink_cFQ29dBgW_Base13PushPullLabeli
800B3270:setRStatusEmphasys__9daAlink_cFUc
800B3258:setRStatus__9daAlink_cFUc
80055C74:setReal__21dDlst_shadowControl_cFUlScP8J3DModelP4cXyzffP12dKy_tevstr_c
801D0878:setRegionTexData__18dMenu_Fmap2DBack_cFUcP7ResTIMGfffffffff
8029A914:setRelease__Q210JASDrumSet5TPercFUl
8025A8E8:setRenderMode__10dScnLogo_cFv
802E7634:setRenderMode__8JUTVideoFPC16_GXRenderModeObj
801CF4C4:setRendering__15dMenu_FmapMap_cFP23dMenu_Fmap_world_data_ciffff
802E3F18:setRepeat__Q210JUTGamePad7CButtonFUlUlUl
8003BAC4:setRes__11dRes_info_cFP10JKRArchiveP7JKRHeap
8003BAF8:setRes__11dRes_info_cFv
8003C078:setRes__14dRes_control_cFPCcP11dRes_info_ciPCcUcP7JKRHeap
802E0EB8:setResource__10JUTNameTabFPC7ResNTAB
8030B8B0:setResource__19J2DAnmKeyLoader_v15FP10J2DAnmBasePCv
8033B328:setResource__19J3DAnmKeyLoader_v15FP10J3DAnmBasePCv
8030C028:setResource__20J2DAnmFullLoader_v15FP10J2DAnmBasePCv
8033AB3C:setResource__20J3DAnmFullLoader_v15FP10J3DAnmBasePCv
8033A5D0:setResource__20J3DAnmLoaderDataBaseFP10J3DAnmBasePCv
802C6D74:setResumeAttack__14Z2CreatureLinkFb
800F459C:setRideCanoeBasePos__9daAlink_cFP10fopAc_ac_c
800EEF68:setRideSubjectAngle__9daAlink_cFs
802C5F08:setRiding__14Z2CreatureLinkFb
80033CBC:setRodTypeLevelUp__17dSv_player_item_cFv
800A8810:setRollJump__9daAlink_cFffs
80141798:setRollJump__9daPy_py_cFffs
8010064C:setRoofHangHandOnSE__9daAlink_cFP13cBgS_PolyInfo
80101674:setRoofHangSwitch__9daAlink_cFv
800A6664:setRoomInfo__9daAlink_cFv
801635F8:setRoomMapToolData__9dCamera_cFP15dCamMapToolDatall
80158E30:setRoomNo__10daNpcCd2_cFv
8014F148:setRoomNo__11daBaseNpc_cFv
80031DAC:setRoomNo__12daObjCarry_cFiSc
80152E2C:setRoomNo__8daNpcF_cFv
80148D18:setRoomNo__8daNpcT_cFv
80156DC4:setRoomNo__9daNpcCd_cFv
80034F80:setRoom__13dSv_restart_cFRC4cXyzsSc
8002755C:setRoom__15dStage_roomDt_cFP14roomRead_class
80027E48:setRoom__16dStage_stageDt_cFP14roomRead_class
80151FA0:setRotAngle__15daNpcF_Lookat_cFv
80196AB0:setRotateAnime__15dShopItemCtrl_cFi
801EC0BC:setRotate__12dMenu_Ring_cFv
801E76F8:setRubyString__14dMenu_Option_cFv
8023D2CC:setRubyString__14dMsgScrnBase_cFPc
8023AB64:setRubyString__17dMsgScrn3Select_cFPcPcPc
80037DBC:setRunRideMode__10e_wb_classFv
801248F4:setRunSplash__9daAlink_cFv
800B1764:setSandDownBgCheckWallH__9daAlink_cFv
800B1BE4:setSandShapeOffset__9daAlink_cFv
80187E04:setSaveDataForCopySel__14dFile_select_cFv
8019292C:setSaveData__12dFile_info_cFP10dSv_save_ciUc
801F6EE8:setSaveData__12dMenu_save_cFv
8018D01C:setSaveData__14dFile_select_cFv
80192BE0:setSaveDate__12dFile_info_cFP10dSv_save_c
80031D04:setSaveFlag__12daObjCarry_cFv
8021E9E8:setSaveStageName__13dMeter2Info_cFPCc
801EC968:setScale__12dMenu_Ring_cFv
8020C490:setScale__14dMeterHaihai_cFf
801AEBB4:setScale__15dKantera_icon_cFff
80195188:setScale__16dSelect_cursor_cFf
801DCC30:setScale__19dMenu_ItemExplain_cFv
802B8D20:setSceneExist__10Z2SceneMgrFb
802BD2F8:setSceneFx__11Z2FxLineMgrFl
802B8F38:setSceneName__10Z2SceneMgrFPcll
802EB2BC:setScissor__14J2DGrafContextFv
80051ADC:setScissor__14dDlst_window_cFffff
800279E4:setSclsInfo__15dStage_roomDt_cFP27stage_scls_info_dummy_class
80028000:setSclsInfo__16dStage_stageDt_cFP27stage_scls_info_dummy_class
800DBCD0:setScreamWaitAnime__9daAlink_cFv
802605DC:setScreenBase__21dDlst_TimerScrnDraw_cFv
80260A08:setScreenBoatRace__21dDlst_TimerScrnDraw_cFv
80260C54:setScreenRider__21dDlst_TimerScrnDraw_cFv
80260358:setScreen__21dDlst_TimerScrnDraw_cFlP10JKRArchive
80238F60:setSelectCancelPos__12dMsgObject_cFUc
801E7ABC:setSelectColor__14dMenu_Option_cFUcb
8023877C:setSelectCursorPosLocal__12dMsgObject_cFUc
80238D80:setSelectCursorPos__12dMsgObject_cFUc
800A4948:setSelectEquipItem__9daAlink_cFi
801EE688:setSelectItemForce__12dMenu_Ring_cFi
80032A48:setSelectItemIndex__21dSv_player_status_a_cFiUc
801EE270:setSelectItem__12dMenu_Ring_cFiUc
8024C2C4:setSelectMsg__10dMsgFlow_cFP14mesg_flow_nodeP14mesg_flow_nodeP10fopAc_ac_c
80239554:setSelectRubyString__14dMsgScrnBase_cFPcPcPc
802411F4:setSelectRubyString__14dMsgScrnItem_cFPcPcPc
80249964:setSelectRubyString__14dMsgScrnTalk_cFPcPcPc
80239558:setSelectString__14dMsgScrnBase_cFPcPcPc
802411D0:setSelectString__14dMsgScrnItem_cFPcPcPc
80249938:setSelectString__14dMsgScrnTalk_cFPcPcPc
802381E0:setSelectWordFlagLocal__12dMsgObject_cFUc
80238E58:setSelectWordFlag__12dMsgObject_cFUc
8019AADC:setSellItemMax__13dShopSystem_cFUc
802A82A0:setSeqDataArchive__14JAUSectionHeapFP10JKRArchive
802A8EE0:setSeqDataArchive__23JAUDynamicSeqDataBlocksFP10JKRArchive
802A2820:setSeqDataMgr__8JAISeMgrFP13JAISeqDataMgr
802A84E0:setSeqDataUser__14JAUSectionHeapFP14JAISeqDataUser
802A8C10:setSeqDataUser__27JAUSeqDataMgr_SeqCollectionFP14JAISeqDataUser
80293E38:setSeqData__8JASTrackFPvUl
8019A304:setSeq__13dShopSystem_cFUc
80054BD0:setShadowRealMtx__18dDlst_shadowReal_cFP4cXyzP4cXyzfffP12dKy_tevstr_c
80144DBC:setShadow__12daItemBase_cFv
800A6818:setShapeAngleOnGround__9daAlink_cFv
800B376C:setShapeAngleToAtnActor__9daAlink_cFi
801185A4:setShapeAngleToTalkActor__9daAlink_cFv
8013FFDC:setShieldArcName__9daAlink_cFv
801400B0:setShieldChange__9daAlink_cFv
800DD050:setShieldGuard__9daAlink_cFv
80140244:setShieldModel__9daAlink_cFv
802381CC:setShopWaitTimer__12dMsgObject_cFUc
80261E60:setShowType__21dDlst_TimerScrnDraw_cFUc
8015F3D0:setSightImage__18daPy_sightPacket_cFP7ResTIMG
8015F348:setSight__18daPy_sightPacket_cFv
8004D7C4:setSimpleFoot__13dPa_control_cFUlPUlR13cBgS_PolyInfoPC4cXyzPC12dKy_tevstr_ciPC5csXyzPC4cXyzP18dPa_levelEcallBackScPC4cXyz
80055FE8:setSimpleTex__21dDlst_shadowControl_cFPC7ResTIMG
8004D1B8:setSimple__13dPa_control_cFUsPC4cXyzPC12dKy_tevstr_cUcRC8_GXColorRC8_GXColorif
80055F84:setSimple__21dDlst_shadowControl_cFP4cXyzffP4cXyzsfP9_GXTexObj
800ACFE8:setSingleAnimeBaseMorf__9daAlink_cFQ29daAlink_c11daAlink_ANMf
800AD018:setSingleAnimeBaseSpeed__9daAlink_cFQ29daAlink_c11daAlink_ANMff
800ACFB8:setSingleAnimeBase__9daAlink_cFQ29daAlink_c11daAlink_ANM
800AD12C:setSingleAnimeParam__9daAlink_cFQ29daAlink_c11daAlink_ANMPC16daAlinkHIO_anm_c
801296F4:setSingleAnimeWolfBaseMorf__9daAlink_cFQ29daAlink_c12daAlink_WANMf
80129724:setSingleAnimeWolfBaseSpeed__9daAlink_cFQ29daAlink_c12daAlink_WANMff
801296C4:setSingleAnimeWolfBase__9daAlink_cFQ29daAlink_c12daAlink_WANM
80129894:setSingleAnimeWolfParam__9daAlink_cFQ29daAlink_c12daAlink_WANMPC16daAlinkHIO_anm_c
80129750:setSingleAnimeWolf__9daAlink_cFQ29daAlink_c12daAlink_WANMffsf
800AD044:setSingleAnime__9daAlink_cFQ29daAlink_c11daAlink_ANMffsf
80314A80:setSingleDisplayList__17J3DDisplayListObjFPvUl
8003FE6C:setSingleRoomSetting__16renderingDAmap_cFv
802C5F00:setSinkDepth__14Z2CreatureLinkFSc
80329F3C:setSkinDeform__8J3DModelFP13J3DSkinDeformUl
80042914:setSkipProc__14dEvt_control_cFPvPFPvi_ii
80042958:setSkipZev__14dEvt_control_cFPvPc
800DE80C:setSlingModel__9daAlink_cFv
800DD20C:setSmallGuard__9daAlink_cFP12dCcD_GObjInf
8013F958:setSmellSave__9daAlink_cFv
80238718:setSmellTypeLocal__12dMsgObject_cFUc
80238D24:setSmellType__12dMsgObject_cFUc
801B34E4:setSmellType__17dMenu_Collect2D_cFv
802CA450:setSnowPower__10Z2EnvSeMgrFSc
8019A314:setSoldOutFlag__13dShopSystem_cFv
8019A4B4:setSoldOutItemHide__13dShopSystem_cFv
8019A324:setSoldOut__13dShopSystem_cFv
8015E514:setSoldOut__14daObj_SSBase_cFv
80027AEC:setSoundInfCL__15dStage_roomDt_cFP18dStage_SoundInfo_c
80028058:setSoundInfCL__16dStage_stageDt_cFP18dStage_SoundInfo_c
80027ADC:setSoundInf__15dStage_roomDt_cFP18dStage_SoundInfo_c
80028048:setSoundInf__16dStage_stageDt_cFP18dStage_SoundInfo_c
801E75CC:setSoundMode__14dMenu_Option_cFUl
802C2AB4:setSoundStarter__10Z2CreatureFP14Z2SoundStarter
801E78C0:setSoundString__14dMenu_Option_cFv
8003468C:setSound__19dSv_player_config_cFUc
801413C8:setSpecialDemoType__11daPy_demo_cFv
800BB7A8:setSpecialGravity__9daAlink_cFffi
800B4484:setSpeedAndAngleAtn__9daAlink_cFv
800B400C:setSpeedAndAngleNormal__9daAlink_cFv
8013804C:setSpeedAndAngleSwimWolf__9daAlink_cFv
8010241C:setSpeedAndAngleSwim__9daAlink_cFv
801284C4:setSpeedAndAngleWolfAtn__9daAlink_cFv
80127F9C:setSpeedAndAngleWolf__9daAlink_cFv
8010DE9C:setSpinnerStatus__9daAlink_cFUcUc
8010DC00:setSpinnerSyncPos__9daAlink_cFv
801D1DE8:setSpotCursor__18dMenu_Fmap2DBack_cFUc
801D1108:setSpotPane__18dMenu_Fmap2DBack_cFP7ResTIMG
8002797C:setStagInfo__15dStage_roomDt_cFP21stage_stag_info_class
80027FF8:setStagInfo__16dStage_stageDt_cFP21stage_stag_info_class
801631C8:setStageMapToolData__9dCamera_cFv
8003C5BC:setStageRes__14dRes_control_cFPCcP7JKRHeap
80304950:setStage__11J2DWindowExFP11J2DTevStageQ211J2DWindowEx10stage_enum
80307B24:setStage__12J2DPictureExFP11J2DTevStageQ212J2DPictureEx10stage_enum
8030A430:setStage__12J2DTextBoxExFP11J2DTevStageQ212J2DTextBoxEx10stage_enum
800463F0:setStartDemo__18dEvent_exception_cFi
800A5554:setStartProcInit__9daAlink_cFv
8002B3B8:setStartStage__14dComIfG_play_cFP19dStage_startStage_c
802371F8:setStatusLocal__12dMsgObject_cFUs
80238B10:setStatus__12dMsgObject_cFUs
802E7C6C:setStatus__8JUTFaderFQ28JUTFader7EStatusi
800243E8:setStayNo__20dStage_roomControl_cFi
800B5C9C:setStepLandVibration__9daAlink_cFv
801AF858:setStepString__19dMenu_Calibration_cFUs
800A6B44:setStepsOffset__9daAlink_cFv
801191FC:setStickAnmData__9daAlink_cFP10J3DAnmBaseiiUsi
800B2754:setStickData__9daAlink_cFv
8004D770:setStopContinue__13dPa_control_cFUl
80302AFC:setString__10J2DTextBoxFPCce
80302BE8:setString__10J2DTextBoxFsPCce
802CE224:setString__12Z2SpeechMgr2FPCUssUcUs
80209E30:setString__14dMeterButton_cFPcUcUcUc
8023D240:setString__14dMsgScrnBase_cFPcPc
8023AAD4:setString__17dMsgScrn3Select_cFPcPcPc
800CEB2C:setSubjectMode__9daAlink_cFv
8012223C:setSumouEffect__9daAlink_cFv
800D09BC:setSumouGraspCancelCount__9daAlink_cFi
801418B4:setSumouGraspCancelCount__9daPy_py_cFi
800D0968:setSumouLoseHeadUp__9daAlink_cFv
801418BC:setSumouLoseHeadUp__9daPy_py_cFv
800EA964:setSumouPunchStatus__9daAlink_cFv
800D0954:setSumouPushBackDirection__9daAlink_cFs
801418B8:setSumouPushBackDirection__9daPy_py_cFs
800D0914:setSumouReady__9daAlink_cFP10fopAc_ac_c
80141894:setSumouReady__9daPy_py_cFP10fopAc_ac_c
8019F748:setSunpos__18dScnKy_env_light_cFv
801036D0:setSwimMoveAnime__9daAlink_cFv
8010406C:setSwimUpDownOffset__9daAlink_cFv
800AA318:setSwordAtCollision__9daAlink_cFi
800D16C0:setSwordAtParam__9daAlink_cF11dCcG_At_SplUcUciff
80122940:setSwordChargeEffect__9daAlink_cFv
800D22F4:setSwordChargeVoiceSe__9daAlink_cFv
800D233C:setSwordComboVoice__9daAlink_cFv
80124638:setSwordCutSplash__9daAlink_cFv
800D1824:setSwordHitVibration__9daAlink_cFP12dCcD_GObjInf
800D12A0:setSwordModel__9daAlink_cFv
800A9328:setSwordPos__9daAlink_cFv
8011E874:setSwordPushAnime__9daAlink_cFv
80124530:setSwordUpColorEffect__9daAlink_cFv
800D22BC:setSwordVoiceSe__9daAlink_cFUl
800ED7C4:setSyncBoarPos__9daAlink_cFv
800ED944:setSyncBoarRunPos__9daAlink_cFv
800EE684:setSyncBoar__9daAlink_cFi
800F45D4:setSyncCanoePos__9daAlink_cFv
800ED514:setSyncHorsePos__9daAlink_cFv
800EDF24:setSyncHorse__9daAlink_cFi
800EDA5C:setSyncRidePos__9daAlink_cFv
800EE950:setSyncRide__9daAlink_cFi
80239600:setTag__10dMsgUnit_cFiiPcb
80238824:setTalkActorLocal__12dMsgObject_cFP10fopAc_ac_c
80238B80:setTalkActor__12dMsgObject_cFP10fopAc_ac_c
8011868C:setTalkAnime__9daAlink_cFv
80238424:setTalkHeapLocal__12dMsgObject_cFPv
802383F4:setTalkHeap__12dMsgObject_cFPv
80238388:setTalkPartner__12dMsgObject_cFP10fopAc_ac_c
80118340:setTalkStartBack__9daAlink_cFP4cXyz
800B4A40:setTalkStatus__9daAlink_cFv
802BFD4C:setTargetVolume__10Z2AudienceFfi
80294FBC:setTempoRate__8JASTrackFf
80294F88:setTempo__8JASTrackFUs
8032EB00:setTevColorAnm__14J3DMaterialAnmFiP14J3DTevColorAnm
802ED674:setTevColor__11J2DTevBlockFUl13J2DGXColorS10
8000E0C4:setTevColor__11J3DTevBlockFUl13J3DGXColorS10
80110EB8:setTevColor__11J3DTevBlockFUlPC13J3DGXColorS10
802F4CB8:setTevColor__12J2DTevBlock1FUl13J2DGXColorS10
802F4A14:setTevColor__12J2DTevBlock2FUl13J2DGXColorS10
802F4770:setTevColor__12J2DTevBlock4FUl13J2DGXColorS10
802F44D0:setTevColor__12J2DTevBlock8FUl13J2DGXColorS10
803248EC:setTevColor__12J3DTevBlock2FUl13J3DGXColorS10
80324918:setTevColor__12J3DTevBlock2FUlPC13J3DGXColorS10
80324528:setTevColor__12J3DTevBlock4FUl13J3DGXColorS10
80324554:setTevColor__12J3DTevBlock4FUlPC13J3DGXColorS10
802F4230:setTevColor__13J2DTevBlock16FUl13J2DGXColorS10
8032415C:setTevColor__13J3DTevBlock16FUl13J3DGXColorS10
80324188:setTevColor__13J3DTevBlock16FUlPC13J3DGXColorS10
80324F94:setTevColor__18J3DTevBlockPatchedFUl13J3DGXColorS10
80324FC0:setTevColor__18J3DTevBlockPatchedFUlPC13J3DGXColorS10
802F4EF0:setTevKAlphaSel__11J2DTevBlockFUlUc
80324DF0:setTevKAlphaSel__11J3DTevBlockFUlPCUc
8000E0B4:setTevKAlphaSel__11J3DTevBlockFUlUc
803081B4:setTevKAlphaSel__12J2DPictureExFUc
802F4D50:setTevKAlphaSel__12J2DTevBlock1FUlUc
802F4AAC:setTevKAlphaSel__12J2DTevBlock2FUlUc
802F4808:setTevKAlphaSel__12J2DTevBlock4FUlUc
802F4568:setTevKAlphaSel__12J2DTevBlock8FUlUc
803249F8:setTevKAlphaSel__12J3DTevBlock2FUlPCUc
803249EC:setTevKAlphaSel__12J3DTevBlock2FUlUc
80324634:setTevKAlphaSel__12J3DTevBlock4FUlPCUc
80324628:setTevKAlphaSel__12J3DTevBlock4FUlUc
802F42C8:setTevKAlphaSel__13J2DTevBlock16FUlUc
80324268:setTevKAlphaSel__13J3DTevBlock16FUlPCUc
8032425C:setTevKAlphaSel__13J3DTevBlock16FUlUc
8032EB40:setTevKColorAnm__14J3DMaterialAnmFiP15J3DTevKColorAnm
802F4EEC:setTevKColorSel__11J2DTevBlockFUlUc
80324DEC:setTevKColorSel__11J3DTevBlockFUlPCUc
8000E0B8:setTevKColorSel__11J3DTevBlockFUlUc
8030810C:setTevKColorSel__12J2DPictureExFUc
802F4D38:setTevKColorSel__12J2DTevBlock1FUlUc
802F4A94:setTevKColorSel__12J2DTevBlock2FUlUc
802F47F0:setTevKColorSel__12J2DTevBlock4FUlUc
802F4550:setTevKColorSel__12J2DTevBlock8FUlUc
803249D0:setTevKColorSel__12J3DTevBlock2FUlPCUc
803249C4:setTevKColorSel__12J3DTevBlock2FUlUc
8032460C:setTevKColorSel__12J3DTevBlock4FUlPCUc
80324600:setTevKColorSel__12J3DTevBlock4FUlUc
802F42B0:setTevKColorSel__13J2DTevBlock16FUlUc
80324240:setTevKColorSel__13J3DTevBlock16FUlPCUc
80324234:setTevKColorSel__13J3DTevBlock16FUlUc
80325078:setTevKColorSel__18J3DTevBlockPatchedFUlPCUc
8032506C:setTevKColorSel__18J3DTevBlockPatchedFUlUc
802ED670:setTevKColor__11J2DTevBlockFUlQ28JUtility6TColor
8000E0C0:setTevKColor__11J3DTevBlockFUl10J3DGXColor
800732EC:setTevKColor__11J3DTevBlockFUlPC10J3DGXColor
80307DC4:setTevKColor__12J2DPictureExFUc
802F4CF8:setTevKColor__12J2DTevBlock1FUlQ28JUtility6TColor
802F4A54:setTevKColor__12J2DTevBlock2FUlQ28JUtility6TColor
802F47B0:setTevKColor__12J2DTevBlock4FUlQ28JUtility6TColor
802F4510:setTevKColor__12J2DTevBlock8FUlQ28JUtility6TColor
80324958:setTevKColor__12J3DTevBlock2FUl10J3DGXColor
80324984:setTevKColor__12J3DTevBlock2FUlPC10J3DGXColor
80324594:setTevKColor__12J3DTevBlock4FUl10J3DGXColor
803245C0:setTevKColor__12J3DTevBlock4FUlPC10J3DGXColor
802F4270:setTevKColor__13J2DTevBlock16FUlQ28JUtility6TColor
803241C8:setTevKColor__13J3DTevBlock16FUl10J3DGXColor
803241F4:setTevKColor__13J3DTevBlock16FUlPC10J3DGXColor
80325000:setTevKColor__18J3DTevBlockPatchedFUl10J3DGXColor
8032502C:setTevKColor__18J3DTevBlockPatchedFUlPC10J3DGXColor
80300A6C:setTevMode__10J2DPictureFv
802FE02C:setTevMode__9J2DWindowFP10JUTTextureQ28JUtility6TColorQ28JUtility6TColor
802F4EE8:setTevOrder__11J2DTevBlockFUl11J2DTevOrder
80304720:setTevOrder__11J2DWindowExFb
8000E0BC:setTevOrder__11J3DTevBlockFUl11J3DTevOrder
803259E4:setTevOrder__11J3DTevBlockFUlPC11J3DTevOrder
80307748:setTevOrder__12J2DPictureExFUcUcb
802F4C80:setTevOrder__12J2DTevBlock1FUl11J2DTevOrder
802F49DC:setTevOrder__12J2DTevBlock2FUl11J2DTevOrder
802F4738:setTevOrder__12J2DTevBlock4FUl11J2DTevOrder
802F4498:setTevOrder__12J2DTevBlock8FUl11J2DTevOrder
8030A2A8:setTevOrder__12J2DTextBoxExFb
80324C74:setTevOrder__12J3DTevBlock1FUl11J3DTevOrder
80324C88:setTevOrder__12J3DTevBlock1FUlPC11J3DTevOrder
803248B0:setTevOrder__12J3DTevBlock2FUl11J3DTevOrder
803248C4:setTevOrder__12J3DTevBlock2FUlPC11J3DTevOrder
803244EC:setTevOrder__12J3DTevBlock4FUl11J3DTevOrder
80324500:setTevOrder__12J3DTevBlock4FUlPC11J3DTevOrder
802F41F8:setTevOrder__13J2DTevBlock16FUl11J2DTevOrder
80324120:setTevOrder__13J3DTevBlock16FUl11J3DTevOrder
80324134:setTevOrder__13J3DTevBlock16FUlPC11J3DTevOrder
80324E90:setTevOrder__18J3DTevBlockPatchedFUl11J3DTevOrder
80324EA4:setTevOrder__18J3DTevBlockPatchedFUlPC11J3DTevOrder
80324E08:setTevRegOffset__11J3DTevBlockFUl
80324BA8:setTevRegOffset__12J3DTevBlock2FUl
803247E4:setTevRegOffset__12J3DTevBlock4FUl
80324418:setTevRegOffset__13J3DTevBlock16FUl
803250A4:setTevRegOffset__18J3DTevBlockPatchedFUl
8003CF40:setTevSettingIntensityTextureToCI__18dRenderingFDAmap_cCFv
8003CE78:setTevSettingNonTextureDirectColor__18dRenderingFDAmap_cCFv
802F3E44:setTevStageInfo__11J2DTevStageFRC15J2DTevStageInfo
8000E298:setTevStageInfo__11J3DTevStageFRC15J3DTevStageInfo
802F4EF4:setTevStageNum__11J2DTevBlockFUc
803259E8:setTevStageNum__11J3DTevBlockFPCUc
8000E0C8:setTevStageNum__11J3DTevBlockFUc
802F4D68:setTevStageNum__12J2DTevBlock1FUc
802F4AC4:setTevStageNum__12J2DTevBlock2FUc
802F4820:setTevStageNum__12J2DTevBlock4FUc
802F4580:setTevStageNum__12J2DTevBlock8FUc
80324CB4:setTevStageNum__12J3DTevBlock1FPCUc
80324CB0:setTevStageNum__12J3DTevBlock1FUc
80324A1C:setTevStageNum__12J3DTevBlock2FPCUc
80324A14:setTevStageNum__12J3DTevBlock2FUc
80324658:setTevStageNum__12J3DTevBlock4FPCUc
80324650:setTevStageNum__12J3DTevBlock4FUc
802F42E0:setTevStageNum__13J2DTevBlock16FUc
8032428C:setTevStageNum__13J3DTevBlock16FPCUc
80324284:setTevStageNum__13J3DTevBlock16FUc
80324E48:setTevStageNum__18J3DTevBlockPatchedFPCUc
80324E40:setTevStageNum__18J3DTevBlockPatchedFUc
802F4EF8:setTevStage__11J2DTevBlockFUl11J2DTevStage
80304824:setTevStage__11J2DWindowExFb
8000E0A8:setTevStage__11J3DTevBlockFUl11J3DTevStage
803259EC:setTevStage__11J3DTevBlockFUlPC11J3DTevStage
8030787C:setTevStage__12J2DPictureExFUcUcb
802F4D74:setTevStage__12J2DTevBlock1FUl11J2DTevStage
802F4AD4:setTevStage__12J2DTevBlock2FUl11J2DTevStage
802F4830:setTevStage__12J2DTevBlock4FUl11J2DTevStage
802F4590:setTevStage__12J2DTevBlock8FUl11J2DTevStage
8030A38C:setTevStage__12J2DTextBoxExFb
80324CC0:setTevStage__12J3DTevBlock1FUl11J3DTevStage
80324CFC:setTevStage__12J3DTevBlock1FUlPC11J3DTevStage
80324A30:setTevStage__12J3DTevBlock2FUl11J3DTevStage
80324A6C:setTevStage__12J3DTevBlock2FUlPC11J3DTevStage
8032466C:setTevStage__12J3DTevBlock4FUl11J3DTevStage
803246A8:setTevStage__12J3DTevBlock4FUlPC11J3DTevStage
802F42F0:setTevStage__13J2DTevBlock16FUl11J2DTevStage
803242A0:setTevStage__13J3DTevBlock16FUl11J3DTevStage
803242DC:setTevStage__13J3DTevBlock16FUlPC11J3DTevStage
80324ECC:setTevStage__18J3DTevBlockPatchedFUl11J3DTevStage
80324F08:setTevStage__18J3DTevBlockPatchedFUlPC11J3DTevStage
80144D64:setTevStr__12daItemBase_cFv
8015CEE0:setTevStr__8daItem_cFv
802F4EFC:setTevSwapModeInfo__11J2DTevBlockFUl18J2DTevSwapModeInfo
80324DF4:setTevSwapModeInfo__11J3DTevBlockFUl18J3DTevSwapModeInfo
80324DF8:setTevSwapModeInfo__11J3DTevBlockFUlPC18J3DTevSwapModeInfo
802F4DC4:setTevSwapModeInfo__12J2DTevBlock1FUl18J2DTevSwapModeInfo
802F4B24:setTevSwapModeInfo__12J2DTevBlock2FUl18J2DTevSwapModeInfo
802F4880:setTevSwapModeInfo__12J2DTevBlock4FUl18J2DTevSwapModeInfo
802F45E0:setTevSwapModeInfo__12J2DTevBlock8FUl18J2DTevSwapModeInfo
80324ABC:setTevSwapModeInfo__12J3DTevBlock2FUl18J3DTevSwapModeInfo
80324AF4:setTevSwapModeInfo__12J3DTevBlock2FUlPC18J3DTevSwapModeInfo
803246F8:setTevSwapModeInfo__12J3DTevBlock4FUl18J3DTevSwapModeInfo
80324730:setTevSwapModeInfo__12J3DTevBlock4FUlPC18J3DTevSwapModeInfo
802F4340:setTevSwapModeInfo__13J2DTevBlock16FUl18J2DTevSwapModeInfo
8032432C:setTevSwapModeInfo__13J3DTevBlock16FUl18J3DTevSwapModeInfo
80324364:setTevSwapModeInfo__13J3DTevBlock16FUlPC18J3DTevSwapModeInfo
802F4F00:setTevSwapModeTable__11J2DTevBlockFUl19J2DTevSwapModeTable
8000E0B0:setTevSwapModeTable__11J3DTevBlockFUl19J3DTevSwapModeTable
80324DFC:setTevSwapModeTable__11J3DTevBlockFUlPC19J3DTevSwapModeTable
802F4DFC:setTevSwapModeTable__12J2DTevBlock1FUl19J2DTevSwapModeTable
802F4B5C:setTevSwapModeTable__12J2DTevBlock2FUl19J2DTevSwapModeTable
802F48B8:setTevSwapModeTable__12J2DTevBlock4FUl19J2DTevSwapModeTable
802F4618:setTevSwapModeTable__12J2DTevBlock8FUl19J2DTevSwapModeTable
80324B2C:setTevSwapModeTable__12J3DTevBlock2FUl19J3DTevSwapModeTable
80324B3C:setTevSwapModeTable__12J3DTevBlock2FUlPC19J3DTevSwapModeTable
80324768:setTevSwapModeTable__12J3DTevBlock4FUl19J3DTevSwapModeTable
80324778:setTevSwapModeTable__12J3DTevBlock4FUlPC19J3DTevSwapModeTable
802F4378:setTevSwapModeTable__13J2DTevBlock16FUl19J2DTevSwapModeTable
8032439C:setTevSwapModeTable__13J3DTevBlock16FUl19J3DTevSwapModeTable
803243AC:setTevSwapModeTable__13J3DTevBlock16FUlPC19J3DTevSwapModeTable
803123A8:setTexCacheRegion__6J3DSysF15_GXTexCacheSize
803011E0:setTexCoord__10J2DPictureFPC10JUTTexture10J2DBinding9J2DMirrorb
80301220:setTexCoord__10J2DPictureFPQ29JGeometry8TVec2<s>PC10JUTTexture10J2DBinding9J2DMirrorb
8000E0CC:setTexCoord__14J3DTexGenBlockFUlPC11J3DTexCoord
803251EC:setTexCoord__21J3DTexGenBlockPatchedFUlPC11J3DTexCoord
803198B8:setTexGenNum__14J3DTexGenBlockFPCUl
8000E0D0:setTexGenNum__14J3DTexGenBlockFUl
803251D8:setTexGenNum__21J3DTexGenBlockPatchedFPCUl
803251D0:setTexGenNum__21J3DTexGenBlockPatchedFUl
8032EA80:setTexMtxAnm__14J3DMaterialAnmFiP12J3DTexMtxAnm
803198CC:setTexMtxOffset__14J3DTexGenBlockFUl
8032523C:setTexMtxOffset__21J3DTexGenBlockPatchedFUl
802EDB40:setTexMtx__14J2DTexGenBlockFUlR9J2DTexMtx
8003AB2C:setTexMtx__14J3DTexGenBlockFUlP9J3DTexMtx
80325214:setTexMtx__21J3DTexGenBlockPatchedFUlP9J3DTexMtx
8032EAC0:setTexNoAnm__14J3DMaterialAnmFiP11J3DTexNoAnm
8032447C:setTexNoOffset__11J3DTevBlockFUl
802ED678:setTexNo__11J2DTevBlockFUlUs
803259E0:setTexNo__11J3DTevBlockFUlPCUs
8000E0AC:setTexNo__11J3DTevBlockFUlUs
802F4C50:setTexNo__12J2DTevBlock1FUlUs
802F49AC:setTexNo__12J2DTevBlock2FUlUs
802F4708:setTexNo__12J2DTevBlock4FUlUs
802F4468:setTexNo__12J2DTevBlock8FUlUs
80324C50:setTexNo__12J3DTevBlock1FUlPCUs
80324C40:setTexNo__12J3DTevBlock1FUlUs
8032488C:setTexNo__12J3DTevBlock2FUlPCUs
8032487C:setTexNo__12J3DTevBlock2FUlUs
803244C8:setTexNo__12J3DTevBlock4FUlPCUs
803244B8:setTexNo__12J3DTevBlock4FUlUs
802F41C8:setTexNo__13J2DTevBlock16FUlUs
803240FC:setTexNo__13J3DTevBlock16FUlPCUs
803240EC:setTexNo__13J3DTevBlock16FUlUs
80324E6C:setTexNo__18J3DTevBlockPatchedFUlPCUs
80324E5C:setTexNo__18J3DTevBlockPatchedFUlUs
802CE3FC:setTextCount__12Z2SpeechMgr2Fs
801921D0:setText__15dFile_warning_cFUl
802F4F20:setTexture__11J2DTevBlockFUlP10JUTTexture
802F4F28:setTexture__11J2DTevBlockFUlPC7ResTIMG
802EE4B8:setTexture__12J2DTevBlock1FUlP10JUTTexture
802EE328:setTexture__12J2DTevBlock1FUlPC7ResTIMG
802EF608:setTexture__12J2DTevBlock2FUlP10JUTTexture
802EF3E4:setTexture__12J2DTevBlock2FUlPC7ResTIMG
802F0A8C:setTexture__12J2DTevBlock4FUlP10JUTTexture
802F0800:setTexture__12J2DTevBlock4FUlPC7ResTIMG
802F1F34:setTexture__12J2DTevBlock8FUlP10JUTTexture
802F1CA8:setTexture__12J2DTevBlock8FUlPC7ResTIMG
802F33B4:setTexture__13J2DTevBlock16FUlP10JUTTexture
802F3128:setTexture__13J2DTevBlock16FUlPC7ResTIMG
801C0D30:setTexture__15dMenu_DmapMap_cFUsUsUsUs
801CF408:setTexture__15dMenu_FmapMap_cFUsUsUsUs
800E0620:setThrowBoomerangAnime__9daAlink_cFv
800D7198:setThrowDamage__9daAlink_cFsffiii
80141788:setThrowDamage__9daPy_py_cFsffiii
802B57D8:setTimeProcVolMod__8Z2SeqMgrFbUl
80294FF0:setTimebase__8JASTrackFUs
8002CBA4:setTimerLimitTimeMs__14dComIfG_play_cFi
8002CBB4:setTimerMode__14dComIfG_play_cFi
8002CB94:setTimerNowTimeMs__14dComIfG_play_cFi
80261DC8:setTimerPos__21dDlst_TimerScrnDraw_cFff
8002CBD4:setTimerPtr__14dComIfG_play_cFP8dTimer_c
8002CBC4:setTimerType__14dComIfG_play_cFUc
8026128C:setTimer__21dDlst_TimerScrnDraw_cFi
800B3390:setTiredVoice__9daAlink_cFP16daPy_frameCtrl_c
801D6FAC:setTitleNameString__17dMenu_Fmap2DTop_cFUl
801CC8D0:setTitleName__12dMenu_Fmap_cFUl
8011870C:setTradeItemAnime__9daAlink_cFv
801187B0:setTradeItemOutHand__9daAlink_cFv
802D64D0:setTransBuffer__13JKRAramStreamFPUcUlP7JKRHeap
80027D04:setTresure__15dStage_roomDt_cFP19stage_tresure_class
800281F8:setTresure__16dStage_stageDt_cFP19stage_tresure_class
802BBF10:setTwilightGateVol__8Z2SeqMgrFf
80165150:setUSOAngle__9dCamera_cFv
802F4F64:setUndeleteFlag__11J2DTevBlockFUc
802F4EBC:setUndeleteFlag__12J2DTevBlock1FUc
802F4C1C:setUndeleteFlag__12J2DTevBlock2FUc
802F4978:setUndeleteFlag__12J2DTevBlock4FUc
802F46D8:setUndeleteFlag__12J2DTevBlock8FUc
802F4438:setUndeleteFlag__13J2DTevBlock16FUc
800AD92C:setUnderAnimeMorf__9daAlink_cFf
800ADAF0:setUnderAnimeParam__9daAlink_cFUsQ29daAlink_c13daAlink_UNDERPC16daAlinkHIO_anm_c
800AD99C:setUnderAnime__9daAlink_cFUsQ29daAlink_c13daAlink_UNDERffsf
802BD288:setUnderWaterFx__11Z2FxLineMgrFb
800AD3AC:setUpperAnimeBaseMorf__9daAlink_cFUsf
800AD3E0:setUpperAnimeBaseSpeed__9daAlink_cFUsff
800AD378:setUpperAnimeBase__9daAlink_cFUs
800AD310:setUpperAnimeMorf__9daAlink_cFf
800AD728:setUpperAnimeParam__9daAlink_cFUsQ29daAlink_c13daAlink_UPPERPC16daAlinkHIO_anm_c
800AD410:setUpperAnime__9daAlink_cFUsQ29daAlink_c13daAlink_UPPERffsf
8009E7F0:setUpperFront__9daAlink_cFv
800DD040:setUpperGuardAnime__9daAlink_cFf
8028FC30:setValue_ECHO___Q215JStudio_JAudio226@unnamed@object_sound_cpp@FP8JAISoundf
8028FB80:setValue_PAN___Q215JStudio_JAudio226@unnamed@object_sound_cpp@FP8JAISoundf
8028FBA8:setValue_PITCH___Q215JStudio_JAudio226@unnamed@object_sound_cpp@FP8JAISoundf
8028FBD0:setValue_TEMPO___Q215JStudio_JAudio226@unnamed@object_sound_cpp@FP8JAISoundf
8028FB58:setValue_VOLUME___Q215JStudio_JAudio226@unnamed@object_sound_cpp@FP8JAISoundf
80313414:setVertexData__15J3DVertexBufferFP13J3DVertexData
8034F188:setVerticalRegs
801E77DC:setVibString__14dMenu_Option_cFv
8003469C:setVibration__19dSv_player_config_cFUc
80051AC0:setViewPort__14dDlst_window_cFffffff
8025AEC8:setView__10dScnName_cFv
80166000:setView__9dCamera_cFffff
802FA5B4:setVisibileAnimation__7J2DPaneFP20J2DAnmVisibilityFull
802E70D0:setVisible__12JUTAssertionFb
80027714:setVrboxInfo__15dStage_roomDt_cFP22stage_vrbox_info_class
80027E98:setVrboxInfo__16dStage_stageDt_cFP22stage_vrbox_info_class
800278D4:setVrboxNumInfo__15dStage_roomDt_cFi
80027EF8:setVrboxNumInfo__16dStage_stageDt_cFi
80027724:setVrboxcolInfo__15dStage_roomDt_cFP25stage_vrboxcol_info_class
80027EA8:setVrboxcolInfo__16dStage_stageDt_cFP25stage_vrboxcol_info_class
800278E4:setVrboxcolNumInfo__15dStage_roomDt_cFi
80027F08:setVrboxcolNumInfo__16dStage_stageDt_cFi
802FA63C:setVtxColorAnimation__7J2DPaneFP14J2DAnmVtxColor
80032088:setWaitParm__9STControlFssssffss
8018CE10:setWakuAnm__14dFile_select_cFv
800E7F08:setWallGrabStatus__9daAlink_cFUcUc
801B3300:setWalletMaxNum__17dMenu_Collect2D_cFUs
80033C2C:setWarashibeItem__17dSv_player_item_cFUc
8021D364:setWarpInfo__13dMeter2Info_cFPCcRC4cXyzsUcUcUc
8002F128:setWarpItemData__14dComIfG_play_cFPCc4cXyzsScUcUc
80032F2C:setWarpItemData__27dSv_player_last_mark_info_cFPCcRC4cXyzsScUcUc
8003AD08:setWarpSRT__11dRes_info_cFP12J3DModelDataRC4cXyzff
800CC39C:setWaterDropColor__9daAlink_cFPC13J3DGXColorS10
8012422C:setWaterDropEffect__9daAlink_cFv
80101D2C:setWaterInAnmRate__9daAlink_cFP16daPy_frameCtrl_cf
8004C838:setWaterRipple__13dPa_control_cFPUlR13cBgS_PolyInfoPC4cXyzfPC12dKy_tevstr_cPC4cXyzSc
800B14EC:setWaterY__9daAlink_cFv
80122634:setWaterfallEffect__9daAlink_cFPC4cXyzPUl
801226A0:setWaterfallEffect__9daAlink_cFv
8029AEB4:setWaveCount__Q216JASBasicWaveBank10TWaveGroupFUlP7JKRHeap
8029AD40:setWaveInfo__16JASBasicWaveBankFPQ216JASBasicWaveBank10TWaveGroupiUsRC11JASWaveInfo
8029B2B4:setWaveInfo__17JASSimpleWaveBankFUlRC11JASWaveInfo
802A01BC:setWaveInfo__Q26JASDsp8TChannelFRC11JASWaveInfoUlUl
8029AB40:setWaveTableSize__16JASBasicWaveBankFUlP7JKRHeap
8029B210:setWaveTableSize__17JASSimpleWaveBankFUlP7JKRHeap
80014EA4:setWeight__10J3DMtxCalcFUcf
80053C44:setWhite__10J2DPictureFQ28JUtility6TColor
80186CD0:setWhite__10J2DTextBoxFQ28JUtility6TColor
80304C88:setWhite__11J2DWindowExFQ28JUtility6TColor
80308894:setWhite__12J2DPictureExFQ28JUtility6TColor
8030A760:setWhite__12J2DTextBoxExFQ28JUtility6TColor
80256758:setWhite__9J2DWindowFQ28JUtility6TColor
802CA464:setWindDirection__10Z2EnvSeMgrFP3Vec
800A7CE8:setWindSpeed__9daAlink_cFv
802BBF3C:setWindStoneVol__8Z2SeqMgrFfUl
8012CB58:setWolfAnmVoice__9daAlink_cFv
800AA824:setWolfAtCollision__9daAlink_cFv
80128FA8:setWolfAtnMoveDirection__9daAlink_cFv
80138E0C:setWolfBallModel__9daAlink_cFv
80123F1C:setWolfBarrierHitEffect__9daAlink_cFR11dBgS_LinChk
80139744:setWolfBiteDamage__9daAlink_cFP13fopEn_enemy_c
8012C358:setWolfChainPos__9daAlink_cFv
800AB8B0:setWolfCollisionPos__9daAlink_cFv
801239FC:setWolfDigEffect__9daAlink_cFv
80127D9C:setWolfDigStatus__9daAlink_cFUc
800D09A8:setWolfEnemyHangBiteAngle__9daAlink_cFs
8014183C:setWolfEnemyHangBiteAngle__9daPy_py_cFs
8013964C:setWolfEnemyHangBitePos__9daAlink_cFP13fopEn_enemy_c
80139600:setWolfEnemyThrowUpperAnime__9daAlink_cFQ29daAlink_c12daAlink_WANMf
802C5F98:setWolfEyeOpen__14Z2CreatureLinkFb
8012AD68:setWolfFootMatrix__9daAlink_cFv
80121260:setWolfFootOn__9daAlink_cFi
801354A4:setWolfHangGroundY__9daAlink_cFv
801360B0:setWolfHeadDamage__9daAlink_cFv
801306A0:setWolfHowlNotHappen__9daAlink_cFi
80131314:setWolfHowling__15daObj_Sekizoa_cFv
800A9F84:setWolfItemMatrix__9daAlink_cFv
80123DD4:setWolfJumpAttackEffect__9daAlink_cFv
8013737C:setWolfLieMoveVoice__9daAlink_cFi
80123CD8:setWolfLockAttackEffect__9daAlink_cFv
80138D04:setWolfLockDomeModel__9daAlink_cFv
80123948:setWolfRollAttackEffect__9daAlink_cFv
80131B48:setWolfRopeOffsetY__9daAlink_cFi
80131764:setWolfRopePosY__9daAlink_cFv
80136F10:setWolfScreamWaitAnime__9daAlink_cFv
80127D60:setWolfSenceStatus__9daAlink_cFUc
80123C3C:setWolfSwimEndEffect__9daAlink_cFPP14JPABaseEmitterPP14JPABaseEmitter
80127E54:setWolfTailAngle__9daAlink_cFv
8012C240:setWolfWaitSlip__9daAlink_cFv
80125570:setWoodShieldBurnEffect__9daAlink_cFv
80125674:setWoodShieldBurnOutEffect__9daAlink_cFv
801E8444:setZButtonString__14dMenu_Option_cFUs
801D715C:setZButtonString__17dMenu_Fmap2DTop_cFUlUc
80319814:setZCompLoc__10J3DPEBlockFPCUc
8000E010:setZCompLoc__10J3DPEBlockFUc
80323ECC:setZCompLoc__14J3DPEBlockFullFPCUc
80323EC4:setZCompLoc__14J3DPEBlockFullFUc
80324030:setZCompLoc__16J3DPEBlockFogOffFPCUc
80324028:setZCompLoc__16J3DPEBlockFogOffFUc
8000E014:setZMode__10J3DPEBlockF8J3DZMode
80319810:setZMode__10J3DPEBlockFPC8J3DZMode
80323EA4:setZMode__14J3DPEBlockFullF8J3DZMode
80323EB0:setZMode__14J3DPEBlockFullFPC8J3DZMode
80324008:setZMode__16J3DPEBlockFogOffF8J3DZMode
80324014:setZMode__16J3DPEBlockFogOffFPC8J3DZMode
8025DE48:setZoneNo__20dStage_roomControl_cFii
80196B64:setZoomAnime__15dShopItemCtrl_cFiP4cXyzsb
8003A348:set__11dRes_info_cFPCcPCcUcP7JKRHeap
80056794:set__12dDlst_list_cFRPP12dDlst_base_cRPP12dDlst_base_cP12dDlst_base_c
8004CA90:set__13dPa_control_cFUcUsPC4cXyzPC12dKy_tevstr_cPC5csXyzPC4cXyzUcP18dPa_levelEcallBackScPC8_GXColorPC8_GXColorPC4cXyzf
8004D4CC:set__13dPa_control_cFUlUcUsPC4cXyzPC12dKy_tevstr_cPC5csXyzPC4cXyzUcP18dPa_levelEcallBackScPC8_GXColorPC8_GXColorPC4cXyzf
80032C64:set__17dSv_horse_place_cFPCcRC4cXyzsSc
80034FA4:set__17dSv_turnRestart_cFRC4cXyzsScUl
80054288:set__18dDlst_shadowPoly_cFP10cBgD_Vtx_tUsUsUsP8cM3dGPla
80055028:set__18dDlst_shadowReal_cFUlP8J3DModelP4cXyzffP12dKy_tevstr_cff
80023E28:set__18dStage_nextStage_cFPCcScsScScUc
8004B168:set__19dPa_simpleEcallBackFPC4cXyzPC12dKy_tevstr_cUcRC8_GXColorRC8_GXColorif
8002419C:set__19dStage_startStage_cFPCcScsSc
800553EC:set__20dDlst_shadowSimple_cFP4cXyzffP4cXyzsfP9_GXTexObj
80032D1C:set__25dSv_player_return_place_cFPCcScUc
80032DE0:set__33dSv_player_field_last_stay_info_cFPCcRC4cXyzsScUc
80182DD8:set__4cXyzFfff
80271CF8:set__8cM3dGTriFPC3VecPC3VecPC3VecPC3Vec
8004A608:set__Q218dPa_modelEcallBack7model_cFP12J3DModelDataRC12dKy_tevstr_cUcPvUcUc
802A8A14:set__Q23std16__bitset_base<8>FUlb
80030F14:set__Q27daSus_c6data_cFScRC4cXyzRC4cXyzUcUcUc
8015D880:set_bound_se__8daItem_cFv
80190934:set_mtx__16dFile_select3D_cFv
801B6CF0:set_mtx__17dMenu_Collect3D_cFv
80054ACC:setkankyoShadow__FP12dKy_tevstr_cPf
80144D10:settingBeforeDraw__12daItemBase_cFv
801A3784:settingTevStruct__18dScnKy_env_light_cFiP4cXyzP12dKy_tevstr_c
801A1D24:settingTevStruct_colget_actor__18dScnKy_env_light_cFP4cXyzP12dKy_tevstr_cP11_GXColorS10P11_GXColorS10PfPf
801A1F18:settingTevStruct_colget_player__18dScnKy_env_light_cFP12dKy_tevstr_c
801A20E8:settingTevStruct_plightcol_plus__18dScnKy_env_light_cFP4cXyzP12dKy_tevstr_c11_GXColorS1011_GXColorS10Uc
802EB0E0:setup2D__14J2DGrafContextFv
80292F00:setupAramHeap__9JASKernelFUlUl
8033737C:setupBBoardInfo__14J3DModelLoaderFv
801B75A8:setupItem3D__17dMenu_Collect3D_cFPA4_f
8004ACC0:setupModel__18dPa_modelEcallBackFP14JPABaseEmitter
80292DE8:setupRootHeap__9JASKernelFP12JKRSolidHeapUl
8001528C:setup__14mDoLib_clipperFffff
8004AAA8:setup__18dPa_modelEcallBackFP14JPABaseEmitterPC4cXyzPC5csXyzSc
800496B4:setup__19dPa_followEcallBackFP14JPABaseEmitterPC4cXyzPC5csXyzSc
8004979C:setup__19dPa_light8EcallBackFP14JPABaseEmitterPC4cXyzPC5csXyzSc
800502E0:setup__21dPa_setColorEcallBackFP14JPABaseEmitterPC4cXyzPC5csXyzSc
8004FABC:setup__22dPa_hermiteEcallBack_cFP14JPABaseEmitterPC4cXyzPC5csXyzSc
80050010:setup__22dPa_selectTexEcallBackFP14JPABaseEmitterPC4cXyzPC5csXyzSc
800497B0:setup__25dPa_gen_b_light8EcallBackFP14JPABaseEmitterPC4cXyzPC5csXyzSc
800497CC:setup__25dPa_gen_d_light8EcallBackFP14JPABaseEmitterPC4cXyzPC5csXyzSc
8004A7AC:setup__Q218dPa_modelEcallBack7model_cFv
802A0980:setup_callback__FUs
80390338:sfont_name$5821
80390538:sfont_name$6110
800CBC50:shadowDraw__9daAlink_cFv
80180D70:shakeCamera__9dCamera_cFv
8044B958:shdwChangeMode
8044B960:shdwChanged
80446BE0:shdwRegs
80229F30:shiftCharCountBuffer__19jmessage_tReferenceFv
802F4F60:shiftDeleteFlag__11J2DTevBlockFUcb
802EE7B4:shiftDeleteFlag__12J2DTevBlock1FUcb
802EF998:shiftDeleteFlag__12J2DTevBlock2FUcb
802F0E40:shiftDeleteFlag__12J2DTevBlock4FUcb
802F22DC:shiftDeleteFlag__12J2DTevBlock8FUcb
802F375C:shiftDeleteFlag__13J2DTevBlock16FUcb
8030825C:shiftSetBlendRatio__12J2DPictureExFUcfbb
8038BC8C:shikoScale$40015
80195DD8:shop_cam_action__16ShopCam_action_cFv
80195C5C:shop_cam_action_init__16ShopCam_action_cFv
803B59D0:shop_cam_data_tbl
8019A090:shop_init__13dShopSystem_cFb
8044A838:shop_item_pos_data_tbl
8019A118:shop_process__13dShopSystem_cFP10fopAc_ac_cP10dMsgFlow_c
802E4760:showFloatSub__12JUTExceptionFif
802E48F0:showFloat__12JUTExceptionFP9OSContext
802E513C:showGPRMap__12JUTExceptionFP9OSContext
802E4F20:showGPR__12JUTExceptionFP9OSContext
80250250:showIcon__7dName_cFv
802E4C4C:showMainInfo__12JUTExceptionFUsP9OSContextUlUl
802E4FE0:showMapInfo_subroutine__12JUTExceptionFUlb
802E5248:showSRR0Map__12JUTExceptionFP9OSContext
802E4B4C:showStack__12JUTExceptionFP9OSContext
80037A74:show__12daItemBase_cFv
80257940:show__13CPaneMgrAlphaFv
80327D74:show__13J3DShapeTableFv
804479B8:signal_funcs
800A9280:simpleAnmPlay__9daAlink_cFP10J3DAnmBase
803284A8:simpleCalcMaterial__12J3DModelDataFUsPA4_f
80317B48:simpleDrawCache__8J3DShapeCFv
80317AC4:simpleDraw__8J3DShapeCFv
8036EA2C:sin
80433B60:sincosTable___5JMath
8036EE84:sinf
80314A08:single_To_Double__17J3DDisplayListObjFv
8038FF60:size_1$4081
8038FF90:size_unit_1$4082
801B5968:skill_close_init__17dMenu_Collect2D_cFv
801B59A4:skill_close_proc__17dMenu_Collect2D_cFv
801F8070:skill_init_calc__13dMenu_Skill_cFv
801B58BC:skill_move_init__17dMenu_Collect2D_cFv
801B58F8:skill_move_proc__17dMenu_Collect2D_cFv
801B57B0:skill_open_init__17dMenu_Collect2D_cFv
801B584C:skill_open_proc__17dMenu_Collect2D_cFv
802CDFF4:skipCorrectDemo__13Z2WolfHowlMgrFv
8011F8F0:skipPortalObjWarp__9daAlink_cFv
80141888:skipPortalObjWarp__9daPy_py_cFv
802DE78C:skip__14JSUInputStreamFl
802DE898:skip__20JSURandomInputStreamFl
800429D4:skipper__14dEvt_control_cFv
801DE2C0:slide_left_init__14dMenu_Letter_cFv
801DE344:slide_left_move__14dMenu_Letter_cFv
801DE1D8:slide_right_init__14dMenu_Letter_cFv
801DE25C:slide_right_move__14dMenu_Letter_cFv
8038B950:slingLocalPos$12042
8038F0D0:smell_tag$5891
8044D328:smokeID$53114
8038BC2C:smokeParticleScale$39646
8038BC68:smokeParticleScale$39894
8044B418:snIntCount__14JASAudioThread
8044D320:snowID$53113
80368A58:snprintf
8044B330:soOutput_none___Q27JStudio14TVariableValue
803A23D0:soecial_names$3966
8044AD34:solidHeapErrors
8042B15C:soovv_actor_PARENT_ENABLE___Q27JStudio28@unnamed@jstudio_object_cpp@
8042B178:soovv_actor_RELATION_ENABLE___Q27JStudio28@unnamed@jstudio_object_cpp@
8042B194:soovv_camera_PARENT_ENABLE___Q27JStudio28@unnamed@jstudio_object_cpp@
8042B1B0:soovv_camera_TARGET_PARENT_ENABLE___Q27JStudio28@unnamed@jstudio_object_cpp@
8042B1CC:soovv_light_ENABLE___Q27JStudio28@unnamed@jstudio_object_cpp@
8042B220:soovv_particle_ON_EXIT_NOT_END___Q27JStudio28@unnamed@jstudio_object_cpp@
8042B1E8:soovv_particle_PARENT_ENABLE___Q27JStudio28@unnamed@jstudio_object_cpp@
8042B204:soovv_particle_REPEAT___Q27JStudio28@unnamed@jstudio_object_cpp@
8042B274:soovv_sound_CONTINUOUS___Q27JStudio28@unnamed@jstudio_object_cpp@
8042B290:soovv_sound_LOCATED___Q27JStudio28@unnamed@jstudio_object_cpp@
8042B2AC:soovv_sound_ON_EXIT_NOT_END___Q27JStudio28@unnamed@jstudio_object_cpp@
8042B23C:soovv_sound_PARENT_ENABLE___Q27JStudio28@unnamed@jstudio_object_cpp@
8042B258:soovv_sound_REPEAT___Q27JStudio28@unnamed@jstudio_object_cpp@
802A2180:sortByPriority___16JAISeCategoryMgrFv
803C8D70:sortFuncTable__13J3DDrawBuffer
800716F8:sortList__12dAttention_cFv
80327E18:sortVcdVatCmd__13J3DShapeTableFv
80071DAC:sound_attention__FP10fopAc_ac_cPv
801E4A44:sound_init__14dMenu_Option_cFv
801E4A9C:sound_move__14dMenu_Option_cFv
800B269C:spActionButton__9daAlink_cFv
800B26C0:spActionTrigger__9daAlink_cFv
802CE62C:speakOneWord__12Z2SpeechMgr2Fb
80048520:specialCast_Shutter__16dEvent_manager_cFsi
80048618:specialCast__16dEvent_manager_cFPCci
80044CB8:specialProcCreate__12dEvDtStaff_cFv
80044EE4:specialProcDirector__12dEvDtStaff_cFv
80045C34:specialProcEffect__12dEvDtStaff_cFv
80044190:specialProcLight__12dEvDtStaff_cFv
80044324:specialProcMessage__12dEvDtStaff_cFv
80045878:specialProcPackage__12dEvDtStaff_cFv
80044A58:specialProcSound__12dEvDtStaff_cFv
80045AFC:specialProcTimekeeper__12dEvDtStaff_cFv
8004403C:specialProc_WaitProc__12dEvDtStaff_cFi
80043FD8:specialProc_WaitStart__12dEvDtStaff_cFi
80044080:specialProc__12dEvDtStaff_cFv
80043F70:specialStaffProc__12dEvDtEvent_cFP12dEvDtStaff_c
80426A38:specialType__22@unnamed@d_camera_cpp@
80165C54:sph_chk_callback__FP11dBgS_SphChkP10cBgD_Vtx_tiiiP8cM3dGPlaPv
802DEFA4:splice__Q27JGadget13TNodeLinkListFQ37JGadget13TNodeLinkList8iteratorRQ27JGadget13TNodeLinkListQ37JGadget13TNodeLinkList8iterator
801C94CC:spot_map_init__12dMenu_Fmap_cFv
801C95D8:spot_map_proc__12dMenu_Fmap_cFv
80368978:sprintf
8036EEF0:sqrt
8005AC30:squal_proc__Fv
8044B52C:srcAddress
80152734:srchActor__8daNpcF_cFPvPv
80148020:srchActor__8daNpcT_cFPvPv
801526A0:srchAttnActor1__8daNpcF_cFPvPv
8014B384:srchPlayerActor__8daNpcT_cFv
803BE5A4:st_aa__12JPABaseShape
803BE534:st_ao__12JPABaseShape
803BE4AC:st_bf__12JPABaseShape
803BE4A0:st_bm__12JPABaseShape
803BE514:st_c__12JPABaseShape
803BE544:st_ca__12JPABaseShape
803BE4D4:st_lo__12JPABaseShape
802AA070:stack_popCurrent__Q28JMessage10TProcessorFv
802AA038:stack_pushCurrent__Q28JMessage10TProcessorFPCc
801D4EF4:stageMapMove__18dMenu_Fmap2DBack_cFP9STControlUcb
801D3C30:stageOriginDraw__18dMenu_Fmap2DBack_cFv
801D3108:stageTextureDraw__18dMenu_Fmap2DBack_cFv
803B779C:stage_name$7318
803B77AC:stage_name$7375
8037CA10:star_col$9472
802B72F0:startBattleBgm__8Z2SeqMgrFb
802C472C:startChainSoundLevel__12Z2CreatureFMF10JAISoundIDUcfUlSc
802C4630:startChainSound__12Z2CreatureFMF10JAISoundIDUcfUlSc
80047A38:startCheckOld__16dEvent_manager_cFPCc
800460A8:startCheck__10dEvDtCut_cFv
800479F8:startCheck__16dEvent_manager_cFs
802C3084:startCollisionSE__10Z2CreatureFUlUl
802C6C20:startCollisionSE__14Z2CreatureLinkFUlUl
802C08E4:startCollisionSE__14Z2SoundObjBaseFUlUlP14Z2SoundObjBase
802C3EB0:startCollisionSE__15Z2CreatureEnemyFUlUl
80037BF4:startControl__8daItem_cFv
802C3048:startCreatureExtraSoundLevel__10Z2CreatureF10JAISoundIDUlSc
802C3E74:startCreatureExtraSoundLevel__15Z2CreatureEnemyF10JAISoundIDUlSc
802C300C:startCreatureExtraSound__10Z2CreatureF10JAISoundIDUlSc
802C3E38:startCreatureExtraSound__15Z2CreatureEnemyF10JAISoundIDUlSc
802C2D18:startCreatureSoundLevel__10Z2CreatureF10JAISoundIDUlSc
802C4E70:startCreatureSoundLevel__12Z2CreatureOIF10JAISoundIDUlSc
802C3808:startCreatureSoundLevel__15Z2CreatureEnemyF10JAISoundIDUlSc
802C2BBC:startCreatureSound__10Z2CreatureF10JAISoundIDUlSc
802C35A8:startCreatureSound__15Z2CreatureEnemyF10JAISoundIDUlSc
802C2F94:startCreatureVoiceLevel__10Z2CreatureF10JAISoundIDSc
802C496C:startCreatureVoiceLevel__13Z2CreatureGobF10JAISoundIDSc
802C3DE4:startCreatureVoiceLevel__15Z2CreatureEnemyF10JAISoundIDSc
802C2EE8:startCreatureVoice__10Z2CreatureF10JAISoundIDSc
802C3B28:startCreatureVoice__15Z2CreatureEnemyF10JAISoundIDSc
802C3374:startCreatureVoice__17Z2CreatureCitizenF10JAISoundIDSc
80037BE0:startCtrl__8daItem_cFv
802D5D68:startDMA__12JKRAramPieceFP12JKRAMCommand
8029E914:startDMA__9JASDriverFv
802C857C:startEnvSeAutoPanLevel__14Z2EnvSeAutoPanF10JAISoundIDfff
802C832C:startEnvSeDirLevel__10Z2EnvSeDirF10JAISoundIDff
802C7F50:startEnvSeLevel__11Z2EnvSeBaseF10JAISoundIDfffffUl
802C7DA4:startEnvSe__11Z2EnvSeBaseF10JAISoundIDfffffUl
802CB0E4:startEtcSe__10Z2EnvSeMgrFSc
802E7C08:startFadeIn__8JUTFaderFi
802E7C38:startFadeOut__8JUTFaderFi
802CAD2C:startFallSe__10Z2EnvSeMgrFSc
802CA304:startFarThunderSe__10Z2EnvSeMgrFP3VecSc
802C7B5C:startFireSound__15Z2SoundObjCoachFUs
802CB89C:startFogSe__10Z2EnvSeMgrFv
802CB788:startFogWipeTrigger__10Z2EnvSeMgrFP3Vec
802CDF24:startGuideMelody__13Z2WolfHowlMgrFb
802C6CB0:startHitItemSE__14Z2CreatureLinkFUlUlP14Z2SoundObjBasef
802C0714:startLevelSound__14Z2SoundObjBaseF10JAISoundIDUlSc
802A542C:startLevelSound__15JAISoundStarterF10JAISoundIDP14JAISoundHandlePCQ29JGeometry8TVec3<f>
802C0DF0:startLevelSound__16Z2SoundObjSimpleF10JAISoundIDUlSc
802C0BEC:startLevelSound__21Z2DopplerSoundObjBaseF10JAISoundIDUlSc
802C6304:startLinkSoundLevel__14Z2CreatureLinkF10JAISoundIDUlSc
802C6070:startLinkSound__14Z2CreatureLinkF10JAISoundIDUlSc
802C6B8C:startLinkSwordSound__14Z2CreatureLinkF10JAISoundIDUlSc
802C6A4C:startLinkVoiceLevel__14Z2CreatureLinkF10JAISoundIDSc
802C67BC:startLinkVoice__14Z2CreatureLinkF10JAISoundIDSc
802CCC30:startLv3WaterSe__10Z2EnvSeMgrFSc
802E3AD0:startMotor__Q210JUTGamePad7CRumbleFi
802CA190:startNearThunderSe__10Z2EnvSeMgrFSc
802E3D68:startPatternedRumble__Q210JUTGamePad7CRumbleFPvQ310JUTGamePad7CRumble7ERumbleUl
800BDDA8:startPeepChange__9daAlink_cFv
80046CB8:startProc__16dEvent_manager_cFP12dEvDtEvent_c
802C9CCC:startRainSe__10Z2EnvSeMgrFlSc
800BDF98:startRestartRoom__9daAlink_cFUliii
802CA79C:startRiverSe__10Z2EnvSeMgrFSc
80293E58:startSeq__8JASTrackFv
802C1AA0:startSoundInner__15Z2SoundObjAnimeFRCQ29JGeometry8TVec3<f>fP14Z2SoundStarterUlSc
802CFFB8:startSound__10Z2AudioMgrF10JAISoundIDP14JAISoundHandlePCQ29JGeometry8TVec3<f>
802AC328:startSound__10Z2SoundMgrF10JAISoundIDP14JAISoundHandlePCQ29JGeometry8TVec3<f>
802A607C:startSound__12JAIStreamMgrF10JAISoundIDP14JAISoundHandlePCQ29JGeometry8TVec3<f>
802C0584:startSound__14Z2SoundObjBaseF10JAISoundIDUlSc
802AD034:startSound__14Z2SoundStarterF10JAISoundIDP14JAISoundHandlePCQ29JGeometry8TVec3<f>
802AD07C:startSound__14Z2SoundStarterF10JAISoundIDP14JAISoundHandlePCQ29JGeometry8TVec3<f>UlfffffUl
802C7C5C:startSound__15Z2SoundObjCoachF10JAISoundIDUlSc
802CF494:startSound__15Z2SpeechStarterF10JAISoundIDP14JAISoundHandlePCQ29JGeometry8TVec3<f>UlfffffUl
802C0CE0:startSound__16Z2SoundObjSimpleF10JAISoundIDUlSc
802C6DC4:startSound__18Z2LinkSoundStarterF10JAISoundIDP14JAISoundHandlePCQ29JGeometry8TVec3<f>UlfffffUl
802C7720:startSound__18Z2RideSoundStarterF10JAISoundIDP14JAISoundHandlePCQ29JGeometry8TVec3<f>UlfffffUl
802C0B54:startSound__21Z2DopplerSoundObjBaseF10JAISoundIDUlSc
802A2BA8:startSound__8JAISeMgrF10JAISoundIDP14JAISoundHandlePCQ29JGeometry8TVec3<f>
802A3F88:startSound__9JAISeqMgrF10JAISoundIDP14JAISoundHandlePCQ29JGeometry8TVec3<f>
802C9564:startStaticEnvSe__10Z2EnvSeMgrFSc
802CA4A8:startStrongWindSe__10Z2EnvSeMgrFSc
802C5170:startTentacleSoundLevel__12Z2CreatureOIF10JAISoundIDUcfUlSc
802C5120:startTentacleSound__12Z2CreatureOIF10JAISoundIDUcUlSc
800328BC:startTime__11dLib_time_cFv
802A1690:startTrack___5JAISeFRC14JASSoundParams
802C79B8:startWheelSound__15Z2SoundObjCoachFf
802CDB88:startWindStoneSound__13Z2WolfHowlMgrFScP3Vec
802CD370:startWolfHowlSound__13Z2WolfHowlMgrFffbf
802A4768:start_JAISound___8JAISoundF10JAISoundIDPCQ29JGeometry8TVec3<f>P11JAIAudience
80295DB0:start__10JASSeqCtrlFPvUl
802E262C:start__10JUTDbPrintFP7JUTFontP7JKRHeap
80298A48:start__13JASAramStreamFv
8029F760:start__13JASDSPChannelFv
802E66DC:start__14JUTDirectPrintFv
8029F568:start__15JASAudioReseterFUlb
80039B6C:start__7dDemo_cFPCUcP4cXyzf
802931A4:start__8JASProbeFPCc
80293314:start__8JASProbeFlPCc
80293EEC:start__8JASTrackFv
8025F8D4:start__8dTimer_cFi
8025F9B4:start__8dTimer_cFis
802D3DD0:start__9JKRThreadFPv
8034C830:stateBusy
8034BDDC:stateCheckID
8034BF8C:stateCheckID2
8034BEF0:stateCheckID2a
8034BEBC:stateCheckID3
8034C2CC:stateCoverClosed
8034C3A0:stateCoverClosed_CMD
8034B858:stateGettingError
8034BC74:stateGoToRetry
8034C434:stateMotorStopped
8034B664:stateReadingFST
8034C548:stateReady
8034B824:stateTimeout
802D2E7C:state_compare__10JKRExpHeapCFRCQ27JKRHeap6TStateRCQ27JKRHeap6TState
802D36F4:state_compare__12JKRSolidHeapCFRCQ27JKRHeap6TStateRCQ27JKRHeap6TState
802D1224:state_compare__7JKRHeapCFRCQ27JKRHeap6TStateRCQ27JKRHeap6TState
802D123C:state_dump__7JKRHeapCFRCQ27JKRHeap6TState
802D2DD4:state_register__10JKRExpHeapCFPQ27JKRHeap6TStateUl
802D3698:state_register__12JKRSolidHeapCFPQ27JKRHeap6TStateUl
802D1220:state_register__7JKRHeapCFPQ27JKRHeap6TStateUl
8004A108:static_gen_b_light8EcallBack__FP14JPABaseEmitter
8004A224:static_gen_d_light8EcallBack__FP14JPABaseEmitter
80049FEC:static_light8EcallBack__FP14JPABaseEmitter
8042A888:static_mBounds
8042EAF0:static_mBounds__7J2DPane
8044B910:status
801409D0:statusWindowDraw__9daAlink_cFv
801408D4:statusWindowExecute__9daAlink_cFPC4cXyzs
8002442C:stayRoomCheck__FiPUci
8038F788:stay_tag$4935
80092400:stbWaitEvCamera__9dCamera_cFv
804476B8:stderr_buff
804478B8:stdin_buff
804477B8:stdout_buff
801AF044:step1_move_init__19dMenu_Calibration_cFv
801AF080:step1_move_move__19dMenu_Calibration_cFv
801AEDF0:step1_wait_init__19dMenu_Calibration_cFv
801AEF20:step1_wait_move__19dMenu_Calibration_cFv
801AF340:step2_move_init__19dMenu_Calibration_cFv
801AF37C:step2_move_move__19dMenu_Calibration_cFv
801AF148:step2_wait_init__19dMenu_Calibration_cFv
801AF1B4:step2_wait_move__19dMenu_Calibration_cFv
801AF5B4:step3_move_init__19dMenu_Calibration_cFv
801AF5F0:step3_move_move__19dMenu_Calibration_cFv
801AF448:step3_wait_init__19dMenu_Calibration_cFv
801AF4B8:step3_wait_move__19dMenu_Calibration_cFv
801540F0:step__8daNpcF_cFsiii
8014B694:step__8daNpcT_cFsiiii
800DC7D4:stickArrowIncrement__9daAlink_cFi
801EE094:stick_explain_force_init__12dMenu_Ring_cFv
801EE168:stick_explain_force_proc__12dMenu_Ring_cFv
801EE090:stick_explain_init__12dMenu_Ring_cFv
801EE098:stick_explain_proc__12dMenu_Ring_cFv
803B803C:stick_init
801EDBEC:stick_move_init__12dMenu_Ring_cFv
801EDC98:stick_move_proc__12dMenu_Ring_cFv
803B809C:stick_proc
801EDA18:stick_wait_init__12dMenu_Ring_cFv
801EDA78:stick_wait_proc__12dMenu_Ring_cFv
800718E4:stockAttention__12dAttention_cFv
8025FB5C:stock_start__8dTimer_cFs
8025FAA4:stock_start__8dTimer_cFv
8008A550:stokerEvCamera__9dCamera_cFv
802AD8E0:stopAllSounds__14Z2SoundHandlesFUl
802C2B90:stopAnime__10Z2CreatureFv
802B7644:stopBattleBgm__8Z2SeqMgrFUcUc
8029E934:stopDMA__9JASDriverFv
801207C4:stopDrawParticle__9daAlink_cFUl
800F8F40:stopHalfMoveAnime__9daAlink_cFf
802E3B28:stopMotor__Q210JUTGamePad7CRumbleFib
802C0544:stopOK__14Z2SoundObjBaseFR17Z2SoundHandlePool
802E3E14:stopPatternedRumbleAtThePeriod__Q210JUTGamePad7CRumbleFv
802E3DE4:stopPatternedRumble__Q210JUTGamePad7CRumbleFs
80235904:stopProc__12dMsgObject_cFv
80293EA8:stopSeq__8JASTrackFv
802ACC1C:stopSoundID__10Z2SoundMgrF10JAISoundID
802A64F8:stopSoundID__12JAIStreamMgrF10JAISoundID
802A22B8:stopSoundID__16JAISeCategoryMgrF10JAISoundID
802A2734:stopSoundID__8JAISeMgrF10JAISoundID
802A42CC:stopSoundID__9JAISeqMgrF10JAISoundID
8044ADFC:stopStatus__10fopAc_ac_c
802ACC8C:stopSync__10Z2SoundMgrFv
80032880:stopTime__11dLib_time_cFv
802A1654:stopTrack___5JAISeFv
802B56BC:stopWolfHowlSong__8Z2SeqMgrFv
800121E8:stopZelAnime__15mDoExt_McaMorf2Fv
80011310:stopZelAnime__16mDoExt_McaMorfSOFv
802ACD08:stop__10Z2SoundMgrFv
802A64A8:stop__12JAIStreamMgrFUl
802A6468:stop__12JAIStreamMgrFv
80298A7C:stop__13JASAramStreamFUs
8029F1F0:stop__14JASAudioThreadFv
802A2220:stop__16JAISeCategoryMgrFUl
802A2274:stop__16JAISeCategoryMgrFv
802A26E0:stop__8JAISeMgrFv
802A491C:stop__8JAISoundFUl
802A49D8:stop__8JAISoundFv
80293354:stop__8JASProbeFl
802931F4:stop__8JASProbeFv
8025FB84:stop__8dTimer_cFUc
802A427C:stop__9JAISeqMgrFUl
802A423C:stop__9JAISeqMgrFv
802E08E8:storeTIMG__10JUTTextureFPC7ResTIMGP10JUTPalette
802E091C:storeTIMG__10JUTTextureFPC7ResTIMGP10JUTPalette7_GXTlut
802E0744:storeTIMG__10JUTTextureFPC7ResTIMGUc
802E0DB8:storeTLUT__10JUTPaletteF7_GXTlut10_GXTlutFmt15JUTTransparencyUsPv
802E0D2C:storeTLUT__10JUTPaletteF7_GXTlutP7ResTLUT
80016BD4:store__15mDoMemCd_Ctrl_cFv
80181850:store__FP20camera_process_class
802D8C90:store__Q210JKRArchive8CArcNameFPCc
802D8D20:store__Q210JKRArchive8CArcNameFPCcc
8036AF58:strcat
8036ADC0:strchr
8036AE30:strcmp
8036AFC8:strcpy
8044A8C4:streamPriority__Q29JFWSystem11CSetUpParam
8036EF30:stricmp
803BD5F0:strings$4165
8036B080:strlen
8036ADF0:strncmp
8036AF84:strncpy
8036EF10:strnicmp
8036AD78:strrchr
8036B09C:strtol
8036B18C:strtoul
8044A9CC:struct_8045088C
8044A9CD:struct_8045088D
8044A9D4:struct_80450894
8044A9D5:struct_80450895
8044AFDC:struct_80450E9C
8044AFDD:struct_80450E9D
8044B3A0:struct_80451260
8044B3A1:struct_80451261
8044B448:struct_80451308
8044B449:struct_80451309
800904B8:styleEvCamera__9dCamera_cFv
802B18DC:subBgmStart__8Z2SeqMgrFUl
802B1E10:subBgmStopInner__8Z2SeqMgrFv
802B1CC4:subBgmStop__8Z2SeqMgrFv
802A06D8:subframeCallback__9JASDriverFv
80174F20:subjectCamera__9dCamera_cFl
800CEB90:subjectCancelTrigger__9daAlink_cFv
8039DC40:submethod$2214
8039DC50:submethod$2261
8039DA28:submethod$2274
8044D790:sumouArcName$4614
800EA940:sumouPunchTrigger__9daAlink_cFv
8037C968:sun_chkpnt$4155
803A3D00:sun_color$4213
803A3D0C:sun_color2$4214
800158B4:suspend__9mDoDvdThdFv
80314AA0:swapBuffer__17J3DDisplayListObjFv
8027631C:swapTexture__18JPAResourceManagerFPC7ResTIMGPCc
80300EFC:swap__10J2DPictureFRfRf
80101DA8:swimBgCheck__9daAlink_cFf
8010196C:swimDeleteItem__9daAlink_cFv
8038C06C:swimOffset$60146
80103300:swimOutAfter__9daAlink_cFi
8038BDD4:swordCutSplashScale$41758
800B942C:swordEquip__9daAlink_cFi
8038C078:swordMoveLocal0$60441
8038C084:swordMoveLocal1$60442
800B26F0:swordSwingTrigger__9daAlink_cFv
800B95B8:swordUnequip__9daAlink_cFv
8038BDC4:swordUpColor$41736
8003C470:syncAllRes__14dRes_control_cFP11dRes_info_ci
802DD2E4:syncAram__16JKRDvdAramRipperFP12JKRADCommandi
8029FE14:syncFrame__6JASDspFUlUlUl
80328594:syncJ3DSysFlags__12J3DModelDataCFv
80328568:syncJ3DSysPointers__12J3DModelDataCFv
8003C160:syncRes__14dRes_control_cFPCcP11dRes_info_ci
802DBF0C:sync__10JKRDvdFileFv
802D5C0C:sync__12JKRAramPieceFP12JKRAMCommandi
802D643C:sync__13JKRAramStreamFP20JKRAramStreamCommandi
802DDDD0:sync__9JKRDecompFP16JKRDecompCommandi
8042E1A0:sync_stack
8044A8B4:sysHeapSize__Q29JFWSystem11CSetUpParam
8044B2F4:systemConsoleManager__9JFWSystem
8044B2F8:systemConsole__9JFWSystem
8044A8D0:systemFontRes__Q29JFWSystem11CSetUpParam
8044B2F0:systemFont__9JFWSystem
8044B2E4:systemHeap__9JFWSystem
80391958:t_off$4043
80391908:t_on$4036
803BB480:t_tag$3752
803BAEF0:t_tag$3759
80393D20:t_tag$3765
80393B80:t_tag$3770
80393D38:t_tag$3773
803BB3F0:t_tag$3877
80393B98:t_tag_2$1740
8044AE44:t_type$2207
801CD640:tableArrowPosInit__12dMenu_Fmap_cFb
801CA8E8:table_demo1_init__12dMenu_Fmap_cFv
801CAA28:table_demo1_move__12dMenu_Fmap_cFv
801CAAEC:table_demo2_init__12dMenu_Fmap_cFv
801CAB30:table_demo2_move__12dMenu_Fmap_cFv
801CABFC:table_demo3_init__12dMenu_Fmap_cFv
801CAC44:table_demo3_move__12dMenu_Fmap_cFv
803C19E8:table_list
800914A8:tactEvCamera__9dCamera_cFv
8038F118:tag$5980
8038F128:tag$6100
8038F138:tag$6213
80392988:tag$7267
8038EAB0:tag_4181$2130
8038EAD0:tag_4197$2146
8038EB10:tag_4204$2153
80392998:tag_7759
80392958:tag_bigh$5757
80392978:tag_du$5758
80391D28:tag_frame$4173
80390BF8:tag_frame$4635
80391038:tag_frame$5271
80391CF0:tag_letter$4166
80390BC8:tag_letter$4628
80391D60:tag_maki$4174
80391D98:tag_makic$4175
80390C28:tag_menu0$4636
80391068:tag_menu0$5272
80390C58:tag_menu1$4637
80390C88:tag_midoku$4638
803BADE0:tag_n$4991
803937E8:tag_name$3763
80391BA0:tag_name0$4150
80390AA8:tag_name0$4612
80391BD8:tag_name1$4151
80390AD8:tag_name1$4613
80390D48:tag_pii$4829
80390D00:tag_pil$4828
80390CB8:tag_pip$4827
80391B30:tag_sub0$4148
80390A48:tag_sub0$4610
80391B68:tag_sub1$4149
80390A78:tag_sub1$4611
802B8314:taktModeMuteOff__8Z2SeqMgrFv
802B82CC:taktModeMute__8Z2SeqMgrFv
80174E64:talkBasePos__9dCamera_cFP10fopAc_ac_c
801CB6D8:talkButton__12dMenu_Fmap_cFv
80041A20:talkCheck__14dEvt_control_cFP12dEvt_order_c
80041D34:talkEnd__14dEvt_control_cFv
80174E80:talkEyePos__9dCamera_cFP10fopAc_ac_c
802B50E4:talkInBgm__8Z2SeqMgrFv
802AFF90:talkInSe__7Z2SeMgrFv
802B850C:talkIn__11Z2StatusMgrFv
802B51A4:talkOutBgm__8Z2SeqMgrFv
802B0094:talkOutSe__7Z2SeMgrFv
802B8544:talkOut__11Z2StatusMgrFv
80153DD0:talkProc__8daNpcF_cFPiiPP10fopAc_ac_c
8014BCC4:talkProc__8daNpcT_cFPiiPP10fopAc_ac_ci
802369B4:talkStartInit__12dMsgObject_cFv
80041B58:talkXyCheck__14dEvt_control_cFP12dEvt_order_c
8016E540:talktoCamera__9dCamera_cFl
800901B4:talktoEvCamera__9dCamera_cFv
8036EB04:tan
8036EE60:tanf
803CBA60:taps
8044B144:target
8044B148:targetWay
8044B440:taskreadp
8042E120:taskwork
8044B444:taskwritep
802ABD98:tau__Q26Z2Calc8FNoise1fFf
8044ABC0:tbl1$241
8044ABC4:tbl2$242
8044ABC8:tbl3$243
8044BFE4:tboxNotStayColor$4542
8044BFF4:tboxNotStayColor$4624
8037B568:tempBitLabels__20dSv_event_tmp_flag_c
80176E3C:test1Camera__9dCamera_cFl
80176E44:test2Camera__9dCamera_cFl
802A8A74:test__Q23std16__bitset_base<8>CFUl
803B6118:test_color_tbl$5127
803B60B8:test_pos_tbl$5126
8041F80C:texObj$42527
803B9934:tex_name$5199
8044B1F8:tex_name$5204
801EF878:textCentering__12dMenu_Ring_cFv
801EF670:textScaleHIO__12dMenu_Ring_cFv
80390F98:text_a_tag$3906
80390098:text_a_tag$4167
80390890:text_a_tag$4328
80391E10:text_a_tag$4365
8038F068:text_a_tag$4777
80390E50:text_a_tag$5093
80391668:text_a_tag$6286
8038F2E8:text_a_tag$7111
80390FC0:text_b_tag$3907
803900C0:text_b_tag$4168
803908B8:text_b_tag$4329
80391E38:text_b_tag$4366
8038F090:text_b_tag$4778
80390E78:text_b_tag$5094
80391690:text_b_tag$6309
8038F310:text_b_tag$7134
8038F020:text_op$4769
8038F008:text_sv$4768
80392128:text_tag$5461
802369B0:textmodeProc__12dMsgObject_cFv
80152660:tgHitCallBack__8daNpcF_cFP10fopAc_ac_cP12dCcD_GObjInfP10fopAc_ac_cP12dCcD_GObjInf
80147FF0:tgHitCallBack__8daNpcT_cFP10fopAc_ac_cP12dCcD_GObjInfP10fopAc_ac_cP12dCcD_GObjInf
8009DAD0:tgHitCallback__9daAlink_cFP10fopAc_ac_cP12dCcD_GObjInfP12dCcD_GObjInf
80275240:threadSleep__10JFWDisplayFx
800E06F0:throwBoomerang__9daAlink_cFv
800E1954:throwCopyRod__9daAlink_cFv
80295DF4:tickProc__10JASSeqCtrlFP8JASTrack
802951D0:tickProc__8JASTrackFv
8044BA78:time
80296018:timerProcess__10JASSeqCtrlFv
803CB8E4:timing
8044B97C:timingExtra
803BB260:tline_tag$4212
803BB228:tlinen_tag$4211
803BB298:tlines_tag$4213
8041EC6C:tmpRoofChk$4165
8044AD50:tmpString$3651
8044AE98:tmp_name$4456
80283A78:toFunction_outside__Q27JStudio14TFunctionValueFi
80190FC0:toItem3Dpos__16dFile_select3D_cFfffP4cXyz
801B7620:toItem3Dpos__17dMenu_Collect3D_cFfffP4cXyz
802AA114:toMessageCode_messageID__Q28JMessage10TProcessorCFUlUlPb
802AB11C:toMessageIndex_messageID__Q28JMessage9TResourceCFUlUlPb
801C8AC0:to_portal_warp_map_init__12dMenu_Fmap_cFv
801C8ACC:to_portal_warp_map_proc__12dMenu_Fmap_cFv
8036790C:tolower
80167E88:tooNearEscape__9dCamera_cFP4cXyz
80176E4C:towerCamera__9dCamera_cFl
80393D50:tr_tag$3774
80393BB0:tr_tag$3779
80125B58:traceBlur__14daAlink_blur_cFPC4cXyzPC4cXyzs
800BB7D8:transAnimeProc__9daAlink_cFP4cXyzff
8044B54C:transBuffer__13JKRAramStream
8008BED8:transEvCamera__9dCamera_cFi
8044B554:transHeap__13JKRAramStream
8000CDD4:transM__14mDoMtx_stack_cFRC4cXyz
8000CD9C:transM__14mDoMtx_stack_cFfff
8000CD64:transS__14mDoMtx_stack_cFRC4cXyz
8044B550:transSize__13JKRAramStream
8020ADB0:trans_button__14dMeterButton_cFif
80287700:transformOnGet_setOrigin_TxyzRy__Q27JStudio8TControlFRC3Vecf
80287680:transformOnSet_setOrigin_TxyzRy__Q27JStudio8TControlFRC3Vecf
8032FBD4:transformVtxPosNrm__13J3DSkinDeformFP12J3DModelData
80287798:transform_setOrigin_ctb__Q27JStudio8TControlFRCQ37JStudio3ctb7TObject
8028786C:transform_setOrigin_ctb_index__Q27JStudio8TControlFUl
8028C6C0:transform_toGlobalFromLocal__14JStudio_JStageFPA4_fRCQ37JStudio8TControl19TTransform_positionPCQ26JStage7TObjectUl
8028C628:transform_toGlobalFromLocal__14JStudio_JStageFPA4_fRCQ37JStudio8TControl39TTransform_translation_rotation_scalingPCQ26JStage7TObjectUl
8028C7FC:transform_toLocalFromGlobal__14JStudio_JStageFPA4_fRCQ37JStudio8TControl19TTransform_positionPCQ26JStage7TObjectUl
8028C758:transform_toLocalFromGlobal__14JStudio_JStageFPA4_fRCQ37JStudio8TControl39TTransform_translation_rotation_scalingPCQ26JStage7TObjectUl
8023ABF4:translate__17dMsgScrn3Select_cFff
802E3D40:triggerPatternedRumble__Q210JUTGamePad7CRumbleFUl
800722E0:triggerProc__12dAttention_cFv
800091C0:trimming__FP10view_classP15view_port_class
800923F8:turnToActorEvCamera__9dCamera_cFv
80153F40:turn__8daNpcF_cFsfi
8014B4F0:turn__8daNpcT_cFsii
80392720:tuta_0$5000
803927A0:tuta_1$5001
80392820:tuta_2$5002
8038E990:tv_btnA$3744
80391298:tv_btnA$5345
801E58FC:tv_close1_move__14dMenu_Option_cFv
801E5960:tv_close2_move__14dMenu_Option_cFv
801E585C:tv_move_move__14dMenu_Option_cFv
801E57C8:tv_open1_move__14dMenu_Option_cFv
801E5840:tv_open2_move__14dMenu_Option_cFv
803B7F00:tv_process
8038DE28:twglArcName$4616
8038DE34:twgwArcName$4617
803C6AAC:twiceBit
8014A0B0:twilight__8daNpcT_cFv
80095724:twoActor0EvCamera__9dCamera_cFv
801CE140:twoColorLineInterporation__FRC8_GXColorRC8_GXColorfR8_GXColor
801CE0DC:twoValueLineInterpolation__FUcUcf
8039C510:two_over_pi
8044F694:two_to_frac$981
80391588:tx$5451
8038E9E0:txTV$3751
803915F0:txTV$5479
8038EA30:txTVhide$3752
80391640:txTVhide$5480
8037D580:typeToTypeGroup__7dTres_c
8019D4E0:u8_data_ratio_set__FUcUcf
803747CC:udp_cc_close
803747E4:udp_cc_initialize
803747D4:udp_cc_open
803747B4:udp_cc_peek
803747A4:udp_cc_post_stop
803747AC:udp_cc_pre_continue
803747C4:udp_cc_read
803747DC:udp_cc_shutdown
803747BC:udp_cc_write
802BBDEC:unMuteSceneBgm__8Z2SeqMgrFUl
8038BA70:underOffsetY$23302
8019EA60:undwater_init__Fv
8008BEB4:uniformAcceleEvCamera__9dCamera_cFv
8008BE90:uniformBrakeEvCamera__9dCamera_cFv
8008BE6C:uniformTransEvCamera__9dCamera_cFv
8044AD48:unknownHeapErrors
802E0404:unlink__12JUTCacheFontFPQ212JUTCacheFont15TGlyphCacheInfo
80264794:unlink__24DynamicModuleControlBaseFv
802A4684:unlockIfLocked__15JAISoundStatus_Fv
80329B50:unlock__8J3DModelFv
802D6670:unmount__13JKRFileLoaderFv
80394AB0:unused$285
8029FCCC:updateAll__13JASDSPChannelFv
802C2B6C:updateAnime__10Z2CreatureFff
802C1314:updateAnime__15Z2SoundObjAnimeFff
8029DAD0:updateAutoMixer__10JASChannelFPQ26JASDsp8TChannelffff
80206510:updateButton__14dMeterButton_cFv
8029925C:updateChannel__13JASAramStreamFUlP10JASChannelPQ26JASDsp8TChannel
80295024:updateChannel__8JASTrackFP10JASChannelPQ26JASDsp8TChannel
80246CC8:updateColor__19dMsgScrnLight_HIO_cFUc
8029E6F0:updateCurrentValue__13JASOscillatorFf
80011154:updateDL__16mDoExt_McaMorfSOFv
8029D754:updateDSPChannel__10JASChannelFPQ26JASDsp8TChannel
8029EAF4:updateDSP__9JASDriverFv
802A0728:updateDacCallback__9JASDriverFv
8029E998:updateDac__9JASDriverFv
802BEB38:updateDolbyDist__19Z2Audience3DSettingFff
8029D168:updateEffectorParam__10JASChannelFPQ26JASDsp8TChannelPUsRCQ213JASOscillator12EffectParams
8023805C:updateEquipBombInfoLocal__12dMsgObject_cFv
8015E55C:updateFrame__16daPy_frameCtrl_cFv
8020C714:updateHaihai__14dMeterHaihai_cFv
8020D5DC:updateHakusha__15dMeterHakusha_cFv
8029DC08:updateMixer__10JASChannelFffffPUs
80161E80:updateMonitor__9dCamera_cFv
801617FC:updatePad__9dCamera_cFv
8029FA8C:updateProc__13JASDSPChannelFv
802949B0:updateSeq__8JASTrackFbf
802C1744:updateSoundLifeTime___15Z2SoundObjAnimeFff
80294914:updateTempo__8JASTrackFv
802071E8:updateText__14dMeterButton_cFUl
80294708:updateTimedParam__8JASTrackFv
80294778:updateTrack__8JASTrackFf
802FA75C:updateTransform__7J2DPaneFPC15J2DAnmTransform
802BE910:updateVolumeDist__19Z2Audience3DSettingFf
802850D8:update_INTERPOLATE_BSPLINE_dataMore3___Q27JStudio19TFunctionValue_listFRCQ27JStudio19TFunctionValue_listRCQ37JStudio19TFunctionValue_list11TIndexData_
80285490:update_INTERPOLATE_BSPLINE_dataMore3___Q27JStudio29TFunctionValue_list_parameterFRCQ27JStudio29TFunctionValue_list_parameterd
80285054:update_INTERPOLATE_LINEAR___Q27JStudio19TFunctionValue_listFRCQ27JStudio19TFunctionValue_listRCQ37JStudio19TFunctionValue_list11TIndexData_
80285424:update_INTERPOLATE_LINEAR___Q27JStudio29TFunctionValue_list_parameterFRCQ27JStudio29TFunctionValue_list_parameterd
80285040:update_INTERPOLATE_NONE___Q27JStudio19TFunctionValue_listFRCQ27JStudio19TFunctionValue_listRCQ37JStudio19TFunctionValue_list11TIndexData_
80285418:update_INTERPOLATE_NONE___Q27JStudio29TFunctionValue_list_parameterFRCQ27JStudio29TFunctionValue_list_parameterd
80285088:update_INTERPOLATE_PLATEAU___Q27JStudio19TFunctionValue_listFRCQ27JStudio19TFunctionValue_listRCQ37JStudio19TFunctionValue_list11TIndexData_
80285454:update_INTERPOLATE_PLATEAU___Q27JStudio29TFunctionValue_list_parameterFRCQ27JStudio29TFunctionValue_list_parameterd
802E3174:update__10JUTGamePadFv
8032AE68:update__12J3DFrameCtrlFv
8009CA88:update__12dEyeHL_mng_cFv
8029E510:update__13JASOscillatorFv
801BB2F4:update__14dMenu_DmapBg_cFv
80151AA0:update__15daNpcF_Lookat_cFP4cXyzP5csXyzPf
80016894:update__15mDoMemCd_Ctrl_cFv
80254270:update__16dNpcLib_lookat_cFv
80194C80:update__16dSelect_cursor_cFv
800541F4:update__18dDlst_effectLine_cFR4cXyzR8_GXColorUsUsUsUsffff
80012E3C:update__19mDoExt_3DlineMat0_cFiR8_GXColorP12dKy_tevstr_c
80012874:update__19mDoExt_3DlineMat0_cFifR8_GXColorUsP12dKy_tevstr_c
80013FB0:update__19mDoExt_3DlineMat1_cFiR8_GXColorP12dKy_tevstr_c
8001373C:update__19mDoExt_3DlineMat1_cFifR8_GXColorUsP12dKy_tevstr_c
801263A4:update__20daAlink_lockCursor_cFv
802FA910:update__7J2DPaneFv
80039DA4:update__7dDemo_cFv
8032A140:update__8J3DModelFv
802E36D4:update__Q210JUTGamePad6CStickFScScQ210JUTGamePad10EStickModeQ210JUTGamePad11EWhichStickUl
802E3528:update__Q210JUTGamePad7CButtonFPC9PADStatusUl
802E3BBC:update__Q210JUTGamePad7CRumbleFs
80288284:update__Q27JStudio14TVariableValueFdPQ27JStudio8TAdaptor
802A9A74:update__Q28JMessage8TControlFv
80288338:update_functionValue___Q27JStudio14TVariableValueFPQ27JStudio14TVariableValued
802882E8:update_immediate___Q27JStudio14TVariableValueFPQ27JStudio14TVariableValued
802882FC:update_time___Q27JStudio14TVariableValueFPQ27JStudio14TVariableValued
802862E8:upper_bound<Q37JStudio22TFunctionValue_hermite15TIterator_data_,d,Q23std7less<d>>__3stdFQ37JStudio22TFunctionValue_hermite15TIterator_data_Q37JStudio22TFunctionValue_hermite15TIterator_data_RCdQ23std7less<d>
80286254:upper_bound<Q37JStudio29TFunctionValue_list_parameter15TIterator_data_,d,Q23std7less<d>>__3stdFQ37JStudio29TFunctionValue_list_parameter15TIterator_data_Q37JStudio29TFunctionValue_list_parameter15TIterator_data_RCdQ23std7less<d>
800929EC:useItem0EvCamera__9dCamera_cFv
800937EC:useItem1EvCamera__9dCamera_cFv
80449968:useSerialIO
8036FFAC:usr_put_initialize
8036FFB0:usr_puts_serial
8041F91C:vec$9945
8005B660:vectle_calc__FP10DOUBLE_POSP4cXyz
8001D32C:vectle_calc__FPC10DOUBLE_POSP4cXyz
800056C0:version_check__Fv
80392DA8:vertex_color_ld$4654
80393120:vertex_color_ld$4695
80392C80:vertex_color_lu$4652
80392FF8:vertex_color_lu$4693
80392E3C:vertex_color_rd$4655
803931B4:vertex_color_rd$4696
80392D14:vertex_color_ru$4653
8039308C:vertex_color_ru$4694
801E475C:vib_init__14dMenu_Option_cFv
801E47B4:vib_move__14dMenu_Option_cFv
8032A3DC:viewCalc__8J3DModelFv
80181754:view_setup__FP20camera_process_class
8044B1E4:virtual_stage$3999
800BF0F0:voiceStartLevel__9daAlink_cFUl
800BF0BC:voiceStart__9daAlink_cFUl
80141728:voiceStart__9daPy_py_cFUl
803ACDD8:volcBomPortal$39241
80368BA0:vprintf
800620AC:vrkumo_move__Fv
80368B2C:vsnprintf
8041F0B0:vtx_tbl$4582
8041F4C4:vtx_tbl$5950
80275090:waitBlanking__10JFWDisplayFi
800159B4:waitForKick__17mDoDvdThd_param_cFv
802750E0:waitForTick__FUlUs
80234A64:waitProc__12dMsgObject_cFv
8023BA70:waitProc__17dMsgScrn3Select_cFv
802E76AC:waitRetraceIfNeed__8JUTVideoFv
802A05B8:waitSubFrame__9JASDriverFv
802E5E1C:waitTime__12JUTExceptionFl
801F8450:wait_init__13dMenu_Skill_cFv
801D8CDC:wait_init__14dMenu_Insect_cFv
801DDE8C:wait_init__14dMenu_Letter_cFv
801C552C:wait_init__15dMenu_Fishing_cFv
801B46FC:wait_init__17dMenu_Collect2D_cFv
8023EB00:wait_init__17dMsgScrnExplain_cFv
801DB88C:wait_init__19dMenu_ItemExplain_cFv
801C1838:wait_init_proc__20dMenu_StageMapCtrl_cFv
801F848C:wait_move__13dMenu_Skill_cFv
801D8D40:wait_move__14dMenu_Insect_cFv
801DDEC8:wait_move__14dMenu_Letter_cFv
801C5568:wait_move__15dMenu_Fishing_cFv
801B4890:wait_proc__17dMenu_Collect2D_cFv
8023EB04:wait_proc__17dMsgScrnExplain_cFv
801DB890:wait_proc__19dMenu_ItemExplain_cFv
801C184C:wait_proc__20dMenu_StageMapCtrl_cFv
8038F798:waku_tag$4973
800E7F50:wallGrabButton__9daAlink_cFv
800E7F2C:wallGrabTrigger__9daAlink_cFv
80258FE0:warningDispDraw__10dScnLogo_cFv
80258F6C:warningInDraw__10dScnLogo_cFv
8025913C:warningOutDraw__10dScnLogo_cFv
8021D15C:warpInProc__13dMeter2Info_cFv
8011FBF8:warpModelTexScroll__9daAlink_cFv
8021D1C8:warpOutProc__13dMeter2Info_cFv
8008E978:watchActorEvCamera__9dCamera_cFv
8038BC50:waterCenterScale$39766
8001DD84:waterCheck__11fopAcM_wt_cFPC4cXyz
8044D330:waterColor$53848
8038BCF8:waterEffScale$41085
8038BC44:waterScale$39765
8038BC74:waterScale$39895
8038BC5C:waterSmokeScale$39767
8038DFD8:wave$17181
80368410:wcstombs
80059F74:wether_move_evil__Fv
80058F18:wether_move_housi__Fv
80059580:wether_move_moya__Fv
80059E38:wether_move_mud__Fv
800593DC:wether_move_odour__Fv
80058894:wether_move_rain__Fv
80058B00:wether_move_snow__Fv
80058B8C:wether_move_star__Fv
80058318:wether_move_sun__Fv
80058290:wether_move_thunder__Fv
80059728:wether_move_vrkumo__Fv
80392BEC:white_color$4651
80392F64:white_color$4692
800568D8:wipeIn__12dDlst_list_cFf
8005681C:wipeIn__12dDlst_list_cFfR8_GXColor
8038BFF4:wlLocalEye$59879
8038C03C:wlLocalEyeFromRoot$59885
8038BFE8:wlLocalHeadCenter$59878
8038C000:wlLocalHeadTop$59880
8044B14C:wolfAngle
8012A4E4:wolfBgCheck__9daAlink_cFv
8038BEB0:wolfChainBaseOffset$45516
8038BEBC:wolfChainVec$45517
80127D78:wolfClawTrigger__9daAlink_cFv
8038BE80:wolfEffScale$42229
8012B770:wolfFootBgCheck__9daAlink_cFv
8042ADDC:wolfFootScale$localstatic3$create__9dkWmark_cFv
8015F658:wolfGrabSubjectNoDraw__9daPy_py_cFP10fopAc_ac_c
8009EFB4:wolfModelCallBack__9daAlink_cFi
80131AB8:wolfRopeSwingInc__9daAlink_cFf
80127D3C:wolfSenseTrigger__9daAlink_cFv
8012A078:wolfSideBgCheck__9daAlink_cFs
8038BC80:wolfSmokeScale$39896
8038BC38:wolfWaterCenterScale$39647
801D3244:worldGridDraw__18dMenu_Fmap2DBack_cFv
801D38A0:worldOriginDraw__18dMenu_Fmap2DBack_cFv
802DBF04:writeData__10JKRDvdFileFPCvll
80295A18:writeExport__12JASTrackPortFUlUs
802959F4:writeImport__12JASTrackPortFUlUs
80294D24:writePortSelf__8JASTrackFUlUs
80294D48:writePort__8JASTrackFUlUs
802961F4:writeReg__12JASSeqParserFP8JASTrackUlUl
802D617C:writeToAram__13JKRAramStreamFP20JKRAramStreamCommand
802D636C:write_StreamToAram_Async__13JKRAramStreamFP18JSUFileInputStreamUlUlUlPUl
80295AB4:write__16JASRegisterParamFQ216JASRegisterParam5RegIDUl
803923B0:x_tag$3952
80391818:xy_text$4015
8008842C:xyzHorizontalDistance__8dCamMathFR4cXyzR4cXyz
8008835C:xyzRotateX__8dCamMathFR4cXyz7cSAngle
800883C4:xyzRotateY__8dCamMathFR4cXyz7cSAngle
803923D8:y_tag$3953
801CD7E4:yamibossArrowPosInit__12dMenu_Fmap_cFv
801CA25C:yamiboss_demo1_init__12dMenu_Fmap_cFv
801CA368:yamiboss_demo1_move__12dMenu_Fmap_cFv
801CA3C0:yamiboss_demo2_init__12dMenu_Fmap_cFv
801CA3D0:yamiboss_demo2_move__12dMenu_Fmap_cFv
801CA480:yamiboss_demo3_init__12dMenu_Fmap_cFv
801CA484:yamiboss_demo3_move__12dMenu_Fmap_cFv
801CA4DC:yamiboss_demo4_init__12dMenu_Fmap_cFv
801CA534:yamiboss_demo4_move__12dMenu_Fmap_cFv
801CA5B8:yamiboss_demo5_init__12dMenu_Fmap_cFv
801CA5BC:yamiboss_demo5_move__12dMenu_Fmap_cFv
801F4DAC:yesNoCursorMoveAnm__12dMenu_save_cFv
80189BF4:yesNoCursorMoveAnm__14dFile_select_cFv
80189430:yesNoSelectStart__14dFile_select_cFv
801E9104:yesNoSelectStart__14dMenu_Option_cFv
801F4E1C:yesnoCancelAnmSet__12dMenu_save_cFv
80189950:yesnoCancelAnmSet__14dFile_select_cFv
801E9344:yesnoCancelAnmSet__14dMenu_Option_cFv
801F647C:yesnoCursorShow__12dMenu_save_cFv
80189178:yesnoCursorShow__14dFile_select_cFv
801E8F94:yesnoCursorShow__14dMenu_Option_cFv
801F5E3C:yesnoMenuMoveAnmInitSet__12dMenu_save_cFiiUc
80188C08:yesnoMenuMoveAnmInitSet__14dFile_select_cFii
801E89D0:yesnoMenuMoveAnmInitSet__14dMenu_Option_cFii
801F5FC0:yesnoMenuMoveAnm__12dMenu_save_cFv
80188D84:yesnoMenuMoveAnm__14dFile_select_cFv
801E8B44:yesnoMenuMoveAnm__14dMenu_Option_cFv
801F4C08:yesnoSelectAnmSet__12dMenu_save_cFUc
801897D8:yesnoSelectAnmSet__14dFile_select_cFv
801E91D4:yesnoSelectAnmSet__14dMenu_Option_cFv
801F61DC:yesnoSelectMoveAnm__12dMenu_save_cFUc
80188F1C:yesnoSelectMoveAnm__14dFile_select_cFv
801E8CE0:yesnoSelectMoveAnm__14dMenu_Option_cFv
801F4930:yesnoSelectStart__12dMenu_save_cFv
801F6D00:yesnoWakuAlpahAnmInit__12dMenu_save_cFUcUcUcUc
8018DB58:yesnoWakuAlpahAnmInit__14dFile_select_cFUcUcUcUc
801E93BC:yesnoWakuAlpahAnmInit__14dMenu_Option_cFUcUcUcUc
801F6D4C:yesnoWakuAlpahAnm__12dMenu_save_cFUc
8018DBA4:yesnoWakuAlpahAnm__14dFile_select_cFUc
801E9408:yesnoWakuAlpahAnm__14dMenu_Option_cFUc
803BB210:ylinen_tag$4210
80392388:z_tag$3951
803915D8:z_tx$5469
802CFD50:zeldaGFrameWork__10Z2AudioMgrFv
8044AD6C:zeldaHeap
8044AD3C:zeldaHeapErrors
8037B740:zero_quat$3920
8002471C:zoneCountCheck__20dStage_roomControl_cCFi
801C1E34:zoomCalcSet__20dMenu_StageMapCtrl_cFf
800882C4:zoomFovy__8dCamMathFff
801C004C:zoomIn_init_proc__12dMenu_Dmap_cFv
801C186C:zoomIn_init_proc__20dMenu_StageMapCtrl_cFv
801C0160:zoomIn_proc__12dMenu_Dmap_cFv
801C1E80:zoomIn_proc__20dMenu_StageMapCtrl_cFv
801D14EC:zoomMapCalc2__18dMenu_Fmap2DBack_cFf
801D18CC:zoomMapCalcHIO__18dMenu_Fmap2DBack_cFv
801D11BC:zoomMapCalc__18dMenu_Fmap2DBack_cFf
801C01FC:zoomOut_init_proc__12dMenu_Dmap_cFv
801C2158:zoomOut_init_proc__20dMenu_StageMapCtrl_cFv
801C02B0:zoomOut_proc__12dMenu_Dmap_cFv
801C216C:zoomOut_proc__20dMenu_StageMapCtrl_cFv
801BFF44:zoomWait_init_proc__12dMenu_Dmap_cFv
801C1FC4:zoomWait_init_proc__20dMenu_StageMapCtrl_cFv
801BFF48:zoomWait_proc__12dMenu_Dmap_cFv
801C201C:zoomWait_proc__20dMenu_StageMapCtrl_cFv
801C81F0:zoom_all_to_region_init__12dMenu_Fmap_cFv
801C82C8:zoom_all_to_region_proc__12dMenu_Fmap_cFv
801C83A0:zoom_region_to_all_init__12dMenu_Fmap_cFv
801C83F8:zoom_region_to_all_proc__12dMenu_Fmap_cFv
801C9264:zoom_region_to_spot_init__12dMenu_Fmap_cFv
801C92C4:zoom_region_to_spot_proc__12dMenu_Fmap_cFv
801C938C:zoom_spot_to_region_init__12dMenu_Fmap_cFv
801C93E8:zoom_spot_to_region_proc__12dMenu_Fmap_cFv
