80457A90:@1000
80457A94:@1001
80457A98:@1002
80457A9C:@1003
80454534:@10030
80454538:@10031
80454D70:@10039
80457AA0:@1004
80454D74:@10040
80454D78:@10041
80454D7C:@10042
80457AA8:@1008
80457A6C:@1010
80454B14:@10118
80454B18:@10119
80454B1C:@10120
80454B20:@10121
80454B24:@10122
80454B28:@10123
80454B2C:@10124
80454B30:@10125
80454B34:@10126
803C7848:@1014
803C7854:@1015
80433258:@1018
803C7860:@1019
80454D80:@10193
80454D84:@10194
8045845C:@1021
80458460:@1022
8045545C:@10253
80458470:@1027
80455DB8:@10273
80455DBC:@10274
80454B38:@10278
80454B3C:@10279
80433270:@1028
80454B40:@10280
80454B44:@10281
80454B48:@10282
80454B4C:@10283
80454B50:@10284
80454D88:@10286
803C7890:@1029
80458720:@103
803C789C:@1030
8043327C:@1033
803CFAB0:@1035
80457AB0:@1036
80457764:@1040
80457768:@1041
80454B54:@10437
80457598:@1044
80457648:@1045
8045764C:@1046
80455DC0:@10483
80455DC4:@10484
80455DC8:@10485
80455DCC:@10486
8007866C:@104@__dt__11dBgS_LinChkFv
80078684:@104@__dt__14dBgS_CamLinChkFv
800786B4:@104@__dt__14dBgS_ObjLinChkFv
800786E4:@104@__dt__15dBgS_BombLinChkFv
800786CC:@104@__dt__15dBgS_LinkLinChkFv
8007872C:@104@__dt__15dBgS_RopeLinChkFv
800786FC:@104@__dt__16dBgS_ArrowLinChkFv
80078744:@104@__dt__16dBgS_HorseLinChkFv
80078714:@104@__dt__20dBgS_BoomerangLinChkFv
8007869C:@104@__dt__21dBgS_CamLinChk_NorWtrFv
80458304:@1051
804273C0:@10516
80454D8C:@10532
8045572C:@10550
80455730:@10551
80455734:@10552
80455738:@10553
8045573C:@10554
80455740:@10555
80455744:@10556
80455748:@10557
8045574C:@10558
80455750:@10559
80458000:@1056
80455754:@10560
80455758:@10561
8045575C:@10562
80455760:@10563
80455764:@10564
80455768:@10565
8045576C:@10566
80455770:@10567
80455774:@10568
80455778:@10569
8045577C:@10570
80455780:@10571
80455784:@10572
80455788:@10573
8045578C:@10574
80455790:@10575
80455794:@10576
80455798:@10577
8045579C:@10578
804557A0:@10579
80457AB4:@1058
804557A4:@10580
804557A8:@10581
804557AC:@10582
8045453C:@10593
80454540:@10594
80454544:@10595
80454548:@10596
8045454C:@10597
80454550:@10598
80454554:@10599
80454558:@10600
8045455C:@10601
80454560:@10602
80454564:@10603
80454568:@10604
80457AC0:@1061
80457AC4:@1062
80457AC8:@1063
80457AD4:@1066
80457AD8:@1067
804575A0:@1069
8045456C:@10732
80454570:@10733
80454574:@10734
80454578:@10735
8045457C:@10736
80454580:@10737
80454584:@10738
80454588:@10739
80455460:@10745
80454B58:@10780
80454B5C:@10781
80454B60:@10782
804574B8:@1081
803C76F4:@1083
803C7700:@1084
80433148:@1087
8045458C:@10872
80454590:@10873
80433154:@1088
803C7718:@1090
803C7724:@1091
80455DD0:@10916
80455DD4:@10917
80455DD8:@10918
80455DDC:@10919
80458420:@1092
80455DE0:@10920
80455DE4:@10921
80455DE8:@10922
80455DEC:@10923
80455DF0:@10924
80455DF4:@10925
80455DF8:@10926
80455DFC:@10927
80455E00:@10928
80455E04:@10929
80455E08:@10930
80455E0C:@10931
80455E10:@10932
80457480:@1094
803C7730:@1096
803C773C:@1097
803C7748:@1098
804331AC:@1102
804331B8:@1103
80455464:@11061
80455468:@11062
80454B64:@11068
8037B94C:@11087
803D12C8:@111
80458440:@1110
80454D90:@11122
804557B0:@11167
804557B4:@11168
804557B8:@11169
80458008:@1117
804557BC:@11170
804557C0:@11171
804557C4:@11172
804557C8:@11173
804557CC:@11174
804557D0:@11175
80458010:@1118
80458018:@1119
803D12D8:@112
80458020:@1120
80457F78:@1123
803C95C4:@1124
8045546C:@11253
80458490:@1130
80454594:@11302
803D0B58:@1131
80457ADC:@1135
8039C738:@1138
803D12F8:@114
80454B68:@11415
80454B6C:@11416
80454B70:@11417
80454B74:@11418
80454B78:@11419
803A3CE8:@1142
80454B7C:@11420
80454B80:@11421
80454B84:@11422
8037B974:@11437
80454D94:@11442
80454D98:@11470
80454D9C:@11471
80454598:@11508
8045459C:@11509
80455470:@11605
80458388:@1167
80454DA0:@11673
8045838C:@1168
80458390:@1171
8039C888:@1172
804545A0:@11882
804545A4:@11883
804545A8:@11884
804545AC:@11885
804545B0:@11886
804545B4:@11887
8039DF00:@1193
804545B8:@11953
803A3CD8:@1197
804587E0:@120
8045847C:@1220
80458428:@1223
804545BC:@12252
804545C0:@12253
804545C4:@12254
804545C8:@12255
804545CC:@12256
804545D0:@12257
804545D4:@12258
804545D8:@12259
804545DC:@12260
804557D4:@12268
804557D8:@12269
804557DC:@12270
804557E0:@12271
804557E4:@12272
804557E8:@12273
804557EC:@12274
804557F0:@12275
804557F4:@12276
804557F8:@12277
804557FC:@12278
80455800:@12279
80455804:@12280
80455808:@12281
8045580C:@12282
80455810:@12283
80455814:@12284
80455818:@12285
8045581C:@12286
80455820:@12287
80455824:@12288
80455828:@12289
8045582C:@12290
80455830:@12291
80455834:@12292
80455838:@12293
8045583C:@12294
80455840:@12295
80455844:@12296
80455848:@12297
803BC07C:@12300
80454DA4:@12328
80458308:@1233
804575AC:@1246
80454DA8:@12475
803D4EB8:@1248
803A3D60:@1257
803A3D6C:@1259
80457AE0:@1267
80457AE4:@1268
80457AE8:@1269
80457AF0:@1271
80457AF4:@1272
80457AF8:@1273
8045584C:@12864
80455850:@12865
80455854:@12866
80455858:@12867
8045585C:@12868
80455860:@12869
80457570:@129
80458BA0:@1299
803D18B8:@13
80458528:@130
803C6B88:@1305
803D4F3C:@1307
803C6B94:@1308
80458828:@131
803C6BA0:@1310
80454DAC:@13119
803C6BAC:@1312
80455864:@13132
803C6BB8:@1314
803C6BC4:@1316
80458494:@1317
803C6BD0:@1318
804583FC:@1321
803C6BE8:@1323
803C6BF4:@1325
803C6C00:@1327
803C6C0C:@1329
80455868:@13314
80457AFC:@1334
80457B00:@1335
80457B04:@1336
80457B08:@1337
80454DB0:@13382
80458590:@134
80458598:@136
804574F8:@1361
804574FC:@1362
80457500:@1363
803C6C18:@1366
8045586C:@13673
80454DB4:@13699
8045859C:@137
80454DB8:@13700
80454DBC:@13701
80454DC0:@13702
80436520:@1373
80454DC4:@13794
804585A0:@138
804585A4:@139
803D18D0:@14
80455870:@14059
80455874:@14060
80455878:@14061
8045587C:@14062
80455880:@14063
804585AC:@141
8042E94C:@14159
803CBB10:@1418
804585B0:@142
80458374:@1423
804275E0:@14255
804275F8:@14259
80427610:@14263
80427628:@14267
804585B4:@143
804585B8:@144
803C6D3C:@1441
803D50A0:@1442
803D4FC0:@1443
803C6D48:@1444
803C6D54:@1446
803C6D60:@1449
802C668C:@144@__dt__14Z2CreatureLinkFv
802C6694:@144@__dt__14Z2CreatureRideFv
803C6D6C:@1451
803C6D78:@1453
803C6D84:@1455
8045830C:@1460
80458310:@1461
80454DCC:@14614
80454DD4:@14616
80454DD8:@14617
80454DDC:@14618
80454DE0:@14619
80458318:@1462
80454DE4:@14620
80454DE8:@14621
80454DEC:@14622
80454DF0:@14623
80454DF4:@14624
80454DF8:@14625
80454DFC:@14626
80454E00:@14627
80458328:@1464
80458330:@1465
80458338:@1468
804581C8:@1469
804574E8:@1470
80454E04:@14760
80454E08:@14781
80454E0C:@14782
80454E10:@14783
80454E14:@14784
80454E18:@14785
80454E1C:@14786
80454E20:@14787
80458140:@1488
80458148:@1490
80454E24:@14954
80454E28:@14955
8042E964:@14964
8042E970:@14968
80458430:@1499
803D18F8:@15
80458150:@1507
803A3940:@1508
80454E2C:@15106
80454E30:@15188
804582B0:@1534
80454E34:@15341
804582B8:@1536
803C6E90:@1546
80454E38:@15460
80455888:@15474
8045588C:@15475
80455890:@15476
80455894:@15477
80455898:@15478
8045589C:@15479
804558A0:@15480
804558A4:@15481
804558A8:@15482
804558AC:@15483
804558B0:@15484
804558B4:@15485
804558B8:@15486
804558BC:@15487
80458278:@1549
80458280:@1552
804581F8:@1561
804581FC:@1562
80458200:@1563
80458990:@157
803C6ED4:@1570
804582E0:@1576
804558C0:@15772
804558C4:@15773
80458444:@1578
80454E3C:@15808
804582D0:@1581
80005608:@159
803D32D0:@16
80454E40:@16036
80454E44:@16037
80454E48:@16038
80454E4C:@16066
80454E50:@16067
803C6EEC:@1613
804582E8:@1619
80458548:@162
80454E54:@16210
80457508:@1622
80457510:@1623
80457518:@1624
80457520:@1625
80457528:@1629
8045294C:@163
803C6F78:@1637
803A48EC:@165
804581D0:@1651
804581D8:@1655
80454E58:@16566
80454E5C:@16567
80454E60:@16568
80454E64:@16569
80454E68:@16570
80458258:@1660
80458260:@1662
803BC198:@16620
803BC1A4:@16621
803BC1B0:@16622
803BC1BC:@16623
803BC1C8:@16624
803BC1D4:@16625
803BC1E0:@16626
803BC1EC:@16627
803BC1F8:@16628
803BC204:@16629
803BC210:@16630
803BC21C:@16631
803BC228:@16632
803BC234:@16633
803BC240:@16634
803BC24C:@16635
803BC258:@16636
803BC264:@16637
803BC270:@16638
803BC27C:@16639
803BC288:@16640
803BC2A0:@16642
803BC2AC:@16643
803BC2B8:@16644
803BC2C4:@16645
803BC2D0:@16646
803BC2DC:@16647
803BC2E8:@16648
803BC2F4:@16649
80458268:@1665
803BC300:@16650
803BC30C:@16651
803BC318:@16652
803BC324:@16653
803955C0:@16654
80454E70:@16790
803C6F84:@1683
803C6F90:@1686
803C6F9C:@1688
803C6FA8:@1690
80458480:@1691
803C6FB4:@1692
803C6FC0:@1694
803C6FCC:@1696
803C6FD8:@1698
802A0670:@16@JAISound_tryDie___5JAISeFv
8001E194:@16@__dt__11dBgS_WtrChkFv
8007927C:@16@__dt__12dBgS_RoofChkFv
80078E7C:@16@__dt__14dBgS_SplGrpChkFv
8001E1AC:@16@__dt__15dBgS_ObjRoofChkFv
80144918:@16@__dt__16dBgS_LinkRoofChkFv
800776A4:@16@__dt__8dBgS_ChkFv
802A0690:@16@asSe__5JAISeFv
802A0680:@16@getChildTrack__5JAISeFi
802A06A0:@16@getChild__5JAISeFi
802A06A8:@16@getNumChild__5JAISeCFv
802A0678:@16@getTempoMgr__5JAISeFv
802A0688:@16@getTrack__5JAISeFv
802A0698:@16@releaseChild__5JAISeFi
803C6FE4:@1701
803C6FF0:@1703
803D4A90:@1710
804581E0:@1725
804558C8:@17253
804558CC:@17254
804558D0:@17255
804582C8:@1731
80454E74:@17382
80458238:@1739
804558D8:@17392
804582EC:@1748
803C7008:@1752
804558DC:@17525
80454E78:@17592
80454E7C:@17593
80458240:@1767
803C7140:@1776
803C714C:@1779
803C7158:@1781
803C7164:@1783
8045829C:@1784
803C7170:@1785
803C717C:@1787
803C7188:@1789
80458580:@179
803C7194:@1791
803C71A0:@1794
804558E0:@17948
803C71AC:@1796
804558E4:@17979
803D3508:@18
80005610:@180
803C71C4:@1800
804574EC:@1805
80454E80:@18068
804574F0:@1807
803D4854:@181
80454E84:@18176
80433488:@1819
803D47F8:@182
80433494:@1820
804334A0:@1821
804334AC:@1822
80458288:@1827
80458210:@1829
80458214:@1830
803A3900:@1849
80457618:@187
80454E88:@18706
80005628:@188
80454E8C:@18830
80454E90:@18847
80458198:@1887
803D2750:@189
80454E94:@18929
80393178:@18938
80458B98:@1897
80454E98:@18997
803D3C60:@19
804584E8:@190
804584EC:@191
80458488:@1915
80454E9C:@19240
80454EA0:@19379
80454EA4:@19380
80454EA8:@19381
80454EAC:@19382
80454EB0:@19428
80458188:@1943
8045818C:@1944
80458190:@1946
803A3A98:@1953
803A3AA4:@1954
803A3AB0:@1955
803A3AC0:@1956
80454EB4:@19580
804574A0:@1967
80458218:@1971
80458220:@1974
80457B0C:@1988
803D3C80:@20
80458634:@201
80458244:@2017
80458B90:@2018
80458248:@2021
80454EB8:@20303
8045819C:@2039
80454EBC:@20400
80454EC0:@20401
80454EC4:@20402
80458270:@2049
80454EC8:@20495
80454ECC:@20496
80433C28:@205
80454ED0:@20790
80454ED4:@20823
80454ED8:@20824
80454EDC:@20991
80454EE0:@20992
80268B54:@20@__dt__11cBgS_GndChkFv
80268D80:@20@__dt__11cBgS_LinChkFv
80077C40:@20@__dt__11dBgS_GndChkFv
80078664:@20@__dt__11dBgS_LinChkFv
80078CA0:@20@__dt__11dBgS_SphChkFv
801448E8:@20@__dt__12dBgS_ObjAcchFv
801448F8:@20@__dt__13dBgS_LinkAcchFv
80077CA0:@20@__dt__14dBgS_CamGndChkFv
8007867C:@20@__dt__14dBgS_CamLinChkFv
801829F8:@20@__dt__14dBgS_CamSphChkFv
8001E17C:@20@__dt__14dBgS_ObjGndChkFv
800786AC:@20@__dt__14dBgS_ObjLinChkFv
800786DC:@20@__dt__15dBgS_BombLinChkFv
80144900:@20@__dt__15dBgS_LinkGndChkFv
800786C4:@20@__dt__15dBgS_LinkLinChkFv
80078724:@20@__dt__15dBgS_RopeLinChkFv
800786F4:@20@__dt__16dBgS_ArrowLinChkFv
8007873C:@20@__dt__16dBgS_HorseLinChkFv
80077CB8:@20@__dt__18dBgS_CamGndChk_WtrFv
80077C88:@20@__dt__18dBgS_ObjGndChk_AllFv
80077C70:@20@__dt__18dBgS_ObjGndChk_SplFv
80077C58:@20@__dt__18dBgS_ObjGndChk_WtrFv
8007870C:@20@__dt__20dBgS_BoomerangLinChkFv
80078694:@20@__dt__21dBgS_CamLinChk_NorWtrFv
800775BC:@20@__dt__9dBgS_AcchFv
803D3C8C:@21
80454EE4:@21021
804582F0:@2110
804582F4:@2111
804585F4:@212
804582A0:@2130
80458600:@214
80458228:@2156
80454EE8:@21624
80454EEC:@21680
80454EF0:@21736
803A4944:@218
80432F98:@2184
80457390:@2193
804580A8:@2196
80457228:@2198
802A7498:@220@__dt__14JAUSectionHeapFv
802A7490:@220@getSeqData__14JAUSectionHeapF10JAISoundIDP10JAISeqData
802A7488:@220@releaseSeqData__14JAUSectionHeapFv
802A7480:@220@setSeqDataUser__14JAUSectionHeapFP14JAISeqDataUser
803A49C4:@221
80454EF4:@22146
804585C8:@222
803D4288:@223
8045708C:@2232
80457394:@2238
80457398:@2239
803D4720:@224
8045721C:@2243
80457220:@2245
804571E0:@2248
804570C4:@2249
804571E4:@2260
80454EFC:@22608
80454F00:@22609
804571E8:@2263
804570C8:@2266
804570CC:@2267
804570D0:@2268
804584F4:@227
804570E0:@2271
804570E8:@2272
80457110:@2273
804580B8:@2279
804580C0:@2281
80457094:@2282
80457098:@2284
804572E8:@2287
804572F0:@2289
80458028:@2293
804570A0:@2296
804570A4:@2297
804570A8:@2298
804529B4:@23
804584F8:@230
80456FF0:@2305
80456FF4:@2306
804580C8:@2308
804580CC:@2309
804580D0:@2310
804580DC:@2313
804580E0:@2315
80454F04:@23155
804572E0:@2318
804572E4:@2319
80005678:@232
804572F8:@2321
80457050:@2325
80457054:@2326
80457058:@2327
804576F8:@233
804572C8:@2339
80454F08:@23416
80457114:@2346
80457700:@235
80457310:@2353
80457314:@2354
80454F0C:@23542
80454F10:@23595
804571C8:@2380
804571D0:@2381
804571D8:@2382
803D3420:@239
804572CC:@2390
803D3514:@24
80005684:@240
80432F58:@2401
80432F64:@2402
80432F70:@2403
80432F7C:@2404
80432C68:@2414
80456FF8:@2431
80454F14:@24322
80454F18:@24323
804572D0:@2433
804572D4:@2434
80454F1C:@24400
80454F20:@24401
80457350:@2442
80457354:@2443
80457358:@2444
80457060:@2446
80457068:@2447
80457070:@2448
80432CA8:@2450
80432CC0:@2451
80432CD8:@2452
80432CF0:@2453
80432D08:@2454
80432D20:@2455
80432D38:@2456
80432D50:@2457
80454F24:@24589
80457318:@2459
80454F28:@24590
80454F2C:@24591
80454F30:@24592
80454F34:@24593
80454F38:@24594
80454F3C:@24595
80454F40:@24600
80454F44:@24618
804580F8:@2462
804580FC:@2463
80458100:@2464
80458104:@2465
80454F48:@24680
80458110:@2469
80458118:@2471
80457000:@2472
80457200:@2474
80457608:@248
80454F4C:@24852
8045760C:@249
80457204:@2491
80432C80:@2492
8045722C:@2497
80457230:@2498
80457610:@250
80457238:@2500
80457300:@2501
80454F50:@25059
80454F54:@25113
80457628:@253
803A39D0:@2530
803A39E8:@2531
804581E8:@2547
803A3A30:@2555
803A3A50:@2556
803A3A70:@2557
80457360:@2565
80457364:@2566
80457368:@2567
8045736C:@2568
80454F58:@25684
80457370:@2569
80457374:@2570
80457378:@2572
80457380:@2574
804580E8:@2580
804580EC:@2581
80454F5C:@25873
80454F60:@25874
80452790:@2588
80454F64:@25916
80458628:@26
800853D8:@260@__dt__8dCcD_CpsFv
800853F8:@260@__dt__8dCcD_CylFv
80085408:@260@__dt__8dCcD_SphFv
800853E8:@260@__dt__8dCcD_TriFv
80458534:@261
80432D68:@262
80457288:@2623
80454F70:@26233
80454F74:@26275
80454F78:@26276
80454F7C:@26297
80005690:@263
803C6428:@2631
80457334:@2633
80457338:@2634
8045733C:@2635
80457340:@2636
803D3454:@265
80457324:@2656
803D3C98:@266
80457208:@2671
80457210:@2672
80454F80:@26816
80454F84:@26817
80454F88:@26818
80454F8C:@26819
804582A8:@2690
8045862C:@27
80454F90:@27005
803CEF50:@2709
803A4798:@274
80457290:@2740
80457294:@2741
80454F94:@27418
80457298:@2742
80454F98:@27476
80454F9C:@27477
80458250:@2758
80457014:@2759
80457018:@2760
8045701C:@2761
80457020:@2762
80457028:@2763
80457030:@2764
80457038:@2765
80457040:@2766
803A47EC:@277
80457710:@278
80458630:@28
80454FA0:@28016
80454FA4:@28017
80454FA8:@28045
803C620C:@2828
80454FAC:@28285
80454FB0:@28286
80454FB4:@28287
803C61E0:@2829
803A4878:@283
80458360:@284
80454FB8:@28405
80458364:@285
804585D4:@289
804581EC:@2890
804581F0:@2891
800853C8:@28@__dt__9dCcD_SttsFv
804585DC:@291
800853D0:@292@__dt__8dCcD_CpsFv
800853F0:@292@__dt__8dCcD_CylFv
80085400:@292@__dt__8dCcD_SphFv
800853E0:@292@__dt__8dCcD_TriFv
80457F48:@295
80457F50:@296
80457248:@2964
80427640:@29722
80457F60:@298
8045822C:@2984
80458230:@2985
80457738:@299
8045773C:@300
80457388:@3010
804573A8:@302
803A3910:@3028
8045802C:@3034
80458030:@3035
803A3920:@3037
80454FBC:@30372
80457180:@3082
803A3A20:@3089
80454FC0:@30895
80433590:@313
804572A8:@3145
804572AC:@3146
80454FC4:@31530
804546B0:@316
80457268:@3189
8045726C:@3190
80457270:@3191
80457274:@3192
80457278:@3194
80457184:@3205
80454FC8:@32072
803A45B0:@321
803A45D0:@322
80457188:@3229
803A45D8:@323
8045718C:@3230
803C6448:@3259
804584B0:@326
804572B0:@3281
804572B4:@3282
80454FD0:@32830
80454FD4:@32831
80454FD8:@32832
80454FDC:@32833
80265854:@32@__dt__12cCcD_CpsAttrFv
8026585C:@32@__dt__12cCcD_CylAttrFv
80265864:@32@__dt__12cCcD_SphAttrFv
8026584C:@32@__dt__12cCcD_TriAttrFv
80458570:@331
80458574:@332
80458578:@334
80454FE4:@33587
8039322C:@33690
80458838:@337
80457970:@3372
80457974:@3373
8039DF20:@3380
80458848:@339
804579F0:@3395
804579F4:@3396
80458850:@340
80454FE8:@34189
80454FEC:@34190
80458870:@344
80458878:@345
803C6238:@3454
80458880:@346
804579F8:@3467
804579FC:@3468
80458888:@347
80454FF0:@34772
80454FF4:@34773
80454FF8:@34774
80454FFC:@34775
80455000:@34776
80455004:@34777
80455008:@34778
8045500C:@34779
80457E38:@3485
80457E3C:@3486
80455010:@34957
80393250:@34968
80457190:@3497
80457D18:@3501
80457D1C:@3502
80457D20:@3503
80457D24:@3504
80457D28:@3505
80457D30:@3508
804588A8:@351
80457A10:@3511
80457A14:@3512
804588B0:@352
80457E40:@3527
80457E44:@3528
80457A18:@3529
804588B8:@353
80457E48:@3530
80457A20:@3531
804588C0:@354
80457B14:@3560
80455014:@35610
80457B20:@3564
803CCAB8:@3566
80457D38:@3574
80457D3C:@3585
80457E50:@3589
80457E54:@3590
80457830:@3597
80457834:@3598
80457838:@3599
804588F8:@361
803A9FA4:@3617
803A9FB0:@3618
80458900:@362
803DDEE0:@3620
803A9FC8:@3622
80454720:@3627
80456DF8:@3631
80454B88:@3632
80453B30:@3634
80453B34:@3635
80453B38:@3638
80426618:@3639
80432678:@3640
80432C50:@3644
8042E9D0:@3648
80458918:@365
80457D40:@3654
80458920:@366
804326E8:@3660
80456B68:@3662
80457BE0:@3663
80457BE4:@3664
80457BF0:@3667
80457BF4:@3668
80457BF8:@3669
80458928:@367
80453D58:@3671
80455A08:@3673
80455A0C:@3674
80453AC8:@3676
80458930:@368
80456DFC:@3683
80456E08:@3686
80456E0C:@3687
803BD304:@3693
80457B9C:@3699
80078CA8:@36@__dt__11dBgS_SphChkFv
8001E1A4:@36@__dt__11dBgS_WtrChkFv
801448E0:@36@__dt__12dBgS_ObjAcchFv
8007928C:@36@__dt__12dBgS_RoofChkFv
801448F0:@36@__dt__13dBgS_LinkAcchFv
80182A00:@36@__dt__14dBgS_CamSphChkFv
80078E8C:@36@__dt__14dBgS_SplGrpChkFv
8001E1BC:@36@__dt__15dBgS_ObjRoofChkFv
80144928:@36@__dt__16dBgS_LinkRoofChkFv
800775B4:@36@__dt__9dBgS_AcchFv
804529C0:@37
80457BA0:@3700
80457BA4:@3701
80432718:@3702
80456EA0:@3708
80457E5C:@3712
80457E68:@3715
80455018:@37152
80457C74:@3722
80457C78:@3723
80457C88:@3725
80457C90:@3726
803DF878:@3727
803CDCA8:@3729
8045501C:@37322
80455020:@37323
80453B70:@3733
80453B74:@3734
803C4D84:@3737
803C4DD8:@3744
80455024:@37527
80455028:@37528
80457D60:@3753
80457D8C:@3764
8045502C:@37749
80454728:@3780
80456D58:@3781
80436234:@3783
80453B44:@3784
80453B4C:@3786
803D3690:@38
80457800:@380
80455030:@38059
80457804:@381
80454C00:@3811
80453D1C:@3813
80455A40:@3814
80455034:@38175
80455038:@38176
8045503C:@38177
80455390:@3833
80455040:@38624
80455B48:@3870
804555A4:@3872
804555AC:@3874
804555B0:@3875
803BD884:@3889
803D36AC:@39
804575E8:@390
80456FC0:@3908
804575EC:@391
80456B2C:@3910
80456520:@3912
80456524:@3913
80456528:@3914
804575F0:@392
80455044:@39330
80456EC8:@3938
80456EE8:@3939
80457CDC:@3948
80456D30:@3951
8045536C:@3952
80455378:@3955
80457808:@396
803B4984:@39610
803B4990:@39611
803B499C:@39612
803B49A8:@39613
803B49B4:@39614
803B49C0:@39615
804562C0:@3966
804562C4:@3967
8045780C:@397
804561A4:@3971
804561A8:@3972
80427918:@3974
80456D98:@3976
80456B88:@3978
80456B90:@3980
804560D8:@3984
803CC02C:@3988
804307E0:@3989
804547D8:@3991
803C5034:@3996
803C5040:@3997
80456CB8:@3998
80456CBC:@3999
803D36C4:@40
80456CC0:@4000
804547E0:@4001
804547E4:@4002
804547EC:@4004
804547F0:@4005
804547F4:@4006
804547F8:@4007
80454814:@4014
80456480:@4016
803A98F8:@4017
803BED7C:@4019
803A45F0:@402
803BEDA0:@4022
803BEDB8:@4024
803A4610:@403
803A4630:@404
80455048:@40561
8045504C:@40562
80455050:@40716
804583E8:@409
803D36D8:@41
804583EC:@410
8042A3D0:@4102
804584A8:@411
804541C4:@4114
80458B68:@4115
804567BC:@4117
8045507C:@41180
80456B34:@4154
80456B38:@4155
80456B3C:@4156
804571A8:@416
80456100:@4160
80456108:@4162
804567C0:@4165
80426AC0:@4166
80453C34:@4167
80456068:@4168
804571AC:@417
804550C0:@41718
803BC598:@4172
804581A0:@418
803BC640:@4186
804529C4:@42
803BC730:@4206
803BC748:@4208
803BC754:@4209
803BC760:@4210
803A48C8:@422
80456BB4:@4230
80455A2C:@4238
80456078:@4245
804555D0:@4247
804555D4:@4248
804550D8:@42493
804555DC:@4250
804571A0:@4255
804565F4:@4257
804565F8:@4258
804550DC:@42622
804550E0:@42685
804550E4:@42686
804550E8:@42687
804550EC:@42688
80456634:@4273
80456638:@4274
803C06A4:@4292
804550F0:@42933
804550F4:@42934
804529C8:@43
803C09BC:@4323
803C09E0:@4326
803C09EC:@4327
803C09F8:@4328
803C0A04:@4329
803C0A10:@4330
803C0A1C:@4331
80458350:@435
80455B94:@4350
80455B98:@4351
80455B9C:@4352
804550F8:@43529
804550FC:@43530
80455100:@43531
80454200:@4365
80454204:@4366
80454208:@4367
8045420C:@4368
80454210:@4369
80454214:@4370
80454218:@4371
80455B78:@4377
804540A0:@4378
804555F8:@4380
80455600:@4381
80456494:@4386
80456498:@4387
80456BE8:@4388
80453F30:@4391
803D36EC:@44
80458A00:@440
80455104:@44003
80455108:@44004
80453ED8:@4401
80453EE0:@4402
80453EE4:@4403
80427508:@4413
80427538:@4415
80458A10:@442
803A3B6C:@443
80458A18:@445
803B1874:@4463
803B1880:@4464
803B1898:@4466
80457FB0:@453
80457FB4:@454
803B1C10:@4540
80455114:@45401
803B1C28:@4542
803B1C34:@4543
803B1C40:@4544
803B1C4C:@4545
803B1C58:@4546
803B1C64:@4547
803B1C70:@4548
803B1C7C:@4549
803B1C88:@4550
80455118:@45501
803B1C94:@4551
803B1CA0:@4552
803B1CE8:@4558
803B1CF4:@4559
80457FB8:@456
803B1D00:@4560
803B1D30:@4564
803B1D3C:@4565
803B1D48:@4566
803B1D60:@4568
803B1D6C:@4569
803B1D78:@4570
803B1D9C:@4573
803B1DA8:@4574
803B1DB4:@4575
8045511C:@45756
803B1DC0:@4576
803B1DCC:@4577
803B1DD8:@4578
803B1DE4:@4579
803B1DF0:@4580
803B1DFC:@4581
803B1E14:@4583
803B1E20:@4584
803D31DC:@460
80455120:@46081
803D31EC:@461
803B1FB8:@4618
803B1FD0:@4620
803B2018:@4626
803B2030:@4628
803B203C:@4629
803B2048:@4630
803B2054:@4631
803B2060:@4632
803B206C:@4633
803B2078:@4634
803B2084:@4635
803B2090:@4636
803B209C:@4637
803B20A8:@4638
803B20B4:@4639
803B20C0:@4640
803B20F0:@4644
80455124:@46462
803B2120:@4648
803B212C:@4649
803B2138:@4650
803B2144:@4651
803B2150:@4652
803B215C:@4653
803B2168:@4654
803B2198:@4658
803B21A4:@4659
803B21B0:@4660
803B21BC:@4661
803D3254:@467
803B2264:@4675
803B2270:@4676
803B2288:@4678
803D3260:@468
803B22C4:@4683
803B22D0:@4684
803B22DC:@4685
803B22E8:@4686
803B22F4:@4687
803B233C:@4693
803B2354:@4695
803B2360:@4696
803B236C:@4697
803B2378:@4698
80433A9C:@470
803B2390:@4700
803B239C:@4701
803B23A8:@4702
803B23B4:@4703
803B23C0:@4704
803B23CC:@4705
80455128:@47052
803B23D8:@4706
803B23E4:@4707
803B23F0:@4708
803B23FC:@4709
803B2414:@4711
803B2420:@4712
803B242C:@4713
803B2438:@4714
803B2444:@4715
803B2450:@4716
803B245C:@4717
803B2468:@4718
803B2480:@4720
803B248C:@4721
803B2498:@4722
803D3090:@473
803D30A0:@474
8045512C:@47417
803B2594:@4743
803B25A0:@4744
803B25D0:@4748
803B25DC:@4749
803D30B0:@475
803B25E8:@4750
803B25F4:@4751
803B2600:@4752
803B260C:@4753
803B2618:@4754
803B2624:@4755
803B2630:@4756
803B263C:@4757
803B2648:@4758
803B2654:@4759
80455130:@47597
80455134:@47598
803B2660:@4760
803D30D0:@477
80455138:@47725
8045513C:@47726
803B26FC:@4773
803B3D08:@4774
803B3D14:@4775
803B3D20:@4776
803B3D2C:@4777
803B3D38:@4778
803B3D44:@4779
803D30E4:@478
803B3D50:@4780
803B3D68:@4782
803B3DBC:@4789
803D30F8:@479
803B3E10:@4796
803B3E28:@4798
803B3E34:@4799
803B3E40:@4800
803B3E4C:@4801
803B3E64:@4803
803B3E94:@4807
80455140:@48076
80455144:@48077
80455148:@48078
803B3EA0:@4808
803B3EAC:@4809
80436240:@481
803B3ED0:@4812
803B3EDC:@4813
803B3EE8:@4814
803B3EF4:@4815
803B3F00:@4816
803B3F0C:@4817
803B3F18:@4818
803B3F24:@4819
803B3F3C:@4821
803B3F48:@4822
803B3F54:@4823
803B3FA8:@4830
803B3FB4:@4831
80457E1C:@4833
80457E20:@4834
80457E24:@4835
80457E28:@4836
80457C5C:@4838
803CDAB0:@4839
804554B8:@4845
80456000:@4848
80456DA4:@4849
803D3104:@485
8045514C:@48504
80455150:@48505
80455154:@48506
80456DB4:@4853
80456DB8:@4854
80457E30:@4856
803BE4CC:@4861
803BE4E4:@4863
803BE4F0:@4864
803BE4FC:@4865
803BE544:@4866
803BE550:@4867
803BE55C:@4868
803BE568:@4869
803BE574:@4870
803BE5BC:@4871
803BE5C8:@4872
803BE5D4:@4873
803BE5E0:@4874
803BE640:@4877
803BE664:@4878
803BE694:@4880
803BE6A0:@4881
803BE6AC:@4882
803BE6DC:@4883
803BE6E8:@4884
803BE6F4:@4885
80456334:@4893
80456338:@4894
803C0438:@4901
80453E84:@4904
80457C64:@4906
80455158:@49124
80456870:@4925
80456004:@4926
80456008:@4927
80379710:@4932
8037971C:@4933
803C3264:@4936
80456128:@4939
8045515C:@49395
80455160:@49396
803C7BE0:@494
8045612C:@4940
80457C68:@4944
80457C6C:@4945
804562A4:@4948
803C7BEC:@495
804562A8:@4950
803C7BF8:@496
804546D0:@4962
80455C40:@4964
803C7C04:@497
804554C8:@4970
804554D0:@4971
804554D8:@4972
80455580:@4979
804569F0:@4986
804569F4:@4987
804569F8:@4988
804569FC:@4989
80456A00:@4990
80456A04:@4991
80456A08:@4992
80456A0C:@4993
80455164:@49938
80456A10:@4994
80456A14:@4995
80456A18:@4996
80456A1C:@4997
80455168:@49992
801C0A9C:@4@__dt__14dMenu_DmapBg_cFv
80299DA8:@4@__dt__17JASSimpleWaveBankFv
801D83D0:@4@__dt__18dMenu_Fmap2DBack_cFv
802BCAC4:@4@getAudibleSw__11Z2SoundInfoCF10JAISoundID
802BCABC:@4@getBgmSeqResourceID__11Z2SoundInfoCF10JAISoundID
803C7C28:@500
80455AEC:@5002
80455AF0:@5003
80455AF4:@5004
80455AF8:@5005
80455AFC:@5006
80455B00:@5007
803C7C34:@501
80453E88:@5013
803C7C40:@502
803C331C:@5032
803C3328:@5033
803C3334:@5034
803C3340:@5035
803C334C:@5036
803C3358:@5037
803C3370:@5039
803C337C:@5040
803C3388:@5041
803C3394:@5042
803C33A0:@5043
803C33B8:@5045
803C33C4:@5046
803C33D0:@5047
803C33DC:@5048
803C33E8:@5049
803C343C:@5056
803C3454:@5058
803C3460:@5059
803C3490:@5063
803C349C:@5064
803C34C0:@5067
803C34CC:@5068
803C34D8:@5069
803C34E4:@5070
803C34F0:@5071
803C34FC:@5072
803C3508:@5073
803C3520:@5075
803CDB30:@5076
80455C48:@5077
803F3BAC:@5078
80455B04:@5084
80457968:@5085
80453CC0:@5090
80456F40:@5094
80453E8C:@5095
8045516C:@50951
8042768C:@50952
80454244:@5096
80454248:@5097
8045424C:@5098
80454250:@5099
80454258:@5101
8045425C:@5102
80454260:@5103
80454264:@5104
80454268:@5105
80454270:@5107
80454274:@5108
80454278:@5109
80454280:@5111
80454284:@5112
80454288:@5113
8045428C:@5114
80454298:@5117
8045429C:@5118
804542A0:@5119
804542A4:@5120
804542A8:@5121
804542AC:@5122
804542B4:@5124
804542B8:@5125
804542BC:@5126
803C7CC4:@513
804542D0:@5131
804542D4:@5132
80454658:@5137
8045465C:@5138
80453F54:@5140
80455500:@5149
803C7CDC:@515
803CFF30:@5150
80454028:@5155
8045402C:@5156
80455170:@51575
803C7CE8:@516
80456A4C:@5167
803C7CF4:@517
80456A50:@5170
803C1CEC:@5172
803C7D00:@518
804540F0:@5181
804540F4:@5182
804540F8:@5183
804540FC:@5184
80454100:@5185
80454104:@5186
8045410C:@5188
803C7D0C:@519
80455C5C:@5194
80453F80:@5198
803C7D18:@520
80453EBC:@5200
80456C70:@5203
80456990:@5206
803C7D24:@521
803CC398:@5218
803CC2DC:@5219
80455174:@52234
80453CC4:@5226
80456F48:@5227
80456F4C:@5228
80456F50:@5229
803C7D3C:@523
80456F68:@5235
803C7D48:@524
803BBB24:@5242
803BBB30:@5243
803BBB3C:@5244
803BBB48:@5245
803BBB54:@5246
803BBB60:@5247
80455178:@52470
803BBB6C:@5248
8045517C:@52534
80455180:@52535
80455184:@52536
803CDB90:@5259
803C7D6C:@527
80454040:@5270
80454050:@5272
80454058:@5273
8045405C:@5274
80454060:@5275
8045600C:@5277
803C7D78:@528
803C1E24:@5285
80456010:@5288
80455188:@52882
8045518C:@52883
80455190:@52884
803C7D84:@529
80455B08:@5296
804546F8:@5299
8001E19C:@52@__dt__11dBgS_WtrChkFv
80079284:@52@__dt__12dBgS_RoofChkFv
80078E84:@52@__dt__14dBgS_SplGrpChkFv
8001E1B4:@52@__dt__15dBgS_ObjRoofChkFv
80144920:@52@__dt__16dBgS_LinkRoofChkFv
803C7D90:@530
80454700:@5300
80454708:@5301
80455194:@53012
80453C54:@5315
80453C58:@5317
803C7DA8:@532
80453DA8:@5322
80456F6C:@5325
80456F70:@5326
80456F74:@5327
803C7DC0:@534
80457A28:@5341
80457A2C:@5342
803CC794:@5350
803CC75C:@5351
803CC724:@5352
803CC6E4:@5353
803CC6A4:@5354
80455508:@5359
80454124:@5361
80454128:@5362
8045412C:@5363
80454130:@5364
80455C78:@5365
804563B0:@5366
804563B4:@5367
804563B8:@5368
804563BC:@5369
804563C0:@5370
80453F88:@5374
8045406C:@5377
80454070:@5378
80453F90:@5383
80453F94:@5384
803C7DFC:@539
803C7E08:@540
80455F10:@5402
80455F18:@5403
803C7E14:@541
804553EC:@5410
803C8420:@542
804553F0:@5422
804553F4:@5423
804561EC:@5434
80457658:@544
8045765C:@545
804553F8:@5459
80457660:@546
804553FC:@5460
8045590C:@5477
80455910:@5478
80455918:@5480
803A3E88:@55
804551B0:@55047
804551B4:@55048
80456A58:@5506
80456A5C:@5507
804551B8:@55145
804551BC:@55146
804551C0:@55147
804551C4:@55148
804551C8:@55149
804551CC:@55150
804551D0:@55151
80454138:@5524
80454140:@5525
80454148:@5526
80454150:@5527
80454154:@5528
80454158:@5529
8045415C:@5530
80456F78:@5544
80456F7C:@5545
80456F80:@5546
80456F84:@5547
80454078:@5551
8045407C:@5552
80454080:@5553
80455C7C:@5554
80455C80:@5555
80455C84:@5556
80433BF0:@556
804561F0:@5568
80458358:@557
80453BE8:@5584
804551D4:@55845
804551D8:@55846
804551DC:@55847
804551E0:@55848
804551E4:@56018
80456D68:@5608
80455F24:@5611
80455F28:@5612
80455C9C:@5618
80455920:@5619
80455924:@5620
80456740:@5628
80456744:@5629
8045674C:@5631
80456758:@5634
8045675C:@5635
80456760:@5636
804563C4:@5648
804563C8:@5649
804563D0:@5650
804563D8:@5651
80455660:@5656
80455664:@5657
80455668:@5658
8045566C:@5659
80455670:@5660
80455674:@5661
80455678:@5662
8045567C:@5663
80455400:@5667
80454660:@5668
80454668:@5670
804579C8:@5673
804579CC:@5674
804579D0:@5675
804579D4:@5676
804579D8:@5677
804579DC:@5678
804579E0:@5679
804579E4:@5680
804579E8:@5681
804563E0:@5683
80455B20:@5687
80455B24:@5688
80455B28:@5689
804531B0:@569
80455B2C:@5690
80455B34:@5692
80455B38:@5693
80455B3C:@5694
80078CB8:@56@__dt__11dBgS_SphChkFv
80182A10:@56@__dt__14dBgS_CamSphChkFv
80458AE0:@57
80453BEC:@5711
804542E0:@5716
804542E4:@5717
804542E8:@5718
804542EC:@5719
804542F0:@5720
804542F4:@5721
804542F8:@5722
804542FC:@5723
80454300:@5724
80454304:@5725
80454308:@5726
8045430C:@5727
80454310:@5728
80454314:@5729
803A478C:@573
80454318:@5730
8045431C:@5731
80454320:@5732
80454324:@5733
80454328:@5734
8045432C:@5735
80454330:@5736
80454334:@5737
80454338:@5738
8045433C:@5739
803A4794:@574
80454340:@5740
80454344:@5741
80454348:@5742
8045434C:@5743
80454350:@5744
80454354:@5745
80454358:@5746
80454360:@5748
803C1EE8:@5751
80456880:@5786
804569B8:@5791
80455404:@5794
80458B18:@58
80453BF0:@5808
80453C00:@5812
8045409C:@5838
80455CA0:@5839
80455CA4:@5840
803BDCD0:@5841
803BDCB0:@5842
804548A0:@5844
80453C04:@5845
804548A8:@5846
80458380:@585
80454168:@5855
804551F0:@58630
804551F4:@58631
803C282C:@5875
80392F34:@5908
804579EC:@5913
804569BC:@5933
80453AE8:@5939
80454C58:@5943
803C37C0:@5946
803C37FC:@5951
803C3808:@5952
803C3814:@5953
803C3820:@5954
803C382C:@5955
803C3838:@5956
803C3844:@5957
803C3850:@5958
804551F8:@59593
804551FC:@59594
80455200:@59595
803C3868:@5960
803C3874:@5961
803C388C:@5963
803C3898:@5964
803C38A4:@5965
803C38B0:@5966
803C38BC:@5967
803C38C8:@5968
803C38D4:@5969
803C38E0:@5970
803C38EC:@5971
803C38F8:@5972
803C3904:@5973
803C3910:@5974
803C391C:@5975
803C3928:@5976
803C3934:@5977
803C3940:@5978
803C394C:@5979
803C3958:@5980
803C3964:@5981
803C3970:@5982
803C397C:@5983
8037B6D4:@5987
8037B6E8:@5988
80458A20:@60
8045649C:@6000
804564A0:@6001
80456764:@6012
80456768:@6013
8045676C:@6014
80456770:@6015
80456774:@6016
80454C64:@6021
80454C68:@6022
80454C6C:@6023
80454C70:@6025
80455CA8:@6032
80455CAC:@6033
80455CB0:@6034
80455CB8:@6036
80455CBC:@6037
80455CC0:@6038
80455CC4:@6039
80455204:@60413
80455CD0:@6042
804569C0:@6051
804569C4:@6052
80453C0C:@6068
80455928:@6074
80453FA0:@6077
80453FA8:@6079
804564A4:@6086
804564A8:@6087
80455680:@6093
80454710:@6099
80077C50:@60@__dt__11dBgS_GndChkFv
80077CB0:@60@__dt__14dBgS_CamGndChkFv
8001E18C:@60@__dt__14dBgS_ObjGndChkFv
80144910:@60@__dt__15dBgS_LinkGndChkFv
80077CC8:@60@__dt__18dBgS_CamGndChk_WtrFv
80077C98:@60@__dt__18dBgS_ObjGndChk_AllFv
80077C80:@60@__dt__18dBgS_ObjGndChk_SplFv
80077C68:@60@__dt__18dBgS_ObjGndChk_WtrFv
80455208:@61025
8045520C:@61026
80455210:@61027
80455214:@61028
80455218:@61029
8045521C:@61030
80455220:@61031
80455224:@61032
80455228:@61033
8045522C:@61034
8039381C:@61047
80454C80:@6108
80454C84:@6109
80455230:@61141
80455234:@61142
803C2010:@6126
803C9610:@613
80453C14:@6174
80456888:@6175
80455688:@6177
80455690:@6178
80455698:@6179
803A43C0:@618
8045601C:@6181
80454C88:@6183
8045688C:@6210
80457448:@623
80454C8C:@6237
80454C90:@6238
80457450:@624
80457458:@625
80456348:@6256
80456D78:@6273
804575B8:@629
80456890:@6293
804575BC:@630
804563EC:@6308
804561FC:@6309
804575C0:@631
803C3BB0:@6324
80456200:@6325
8045644C:@6327
80456450:@6328
80455240:@63332
80455244:@63333
80455248:@63334
80453CC8:@6335
80453CD0:@6337
804575C8:@634
8045524C:@63482
80453FAC:@6350
80453FB0:@6351
80453C18:@6353
80454364:@6355
80454368:@6356
8045436C:@6357
80454370:@6358
80454374:@6359
80454378:@6360
8045437C:@6361
80454380:@6362
80454388:@6364
80454390:@6365
80454398:@6366
8045439C:@6367
804543A0:@6368
80456A60:@6390
80454C94:@6398
80454C98:@6399
80454C9C:@6400
80457770:@642
80457774:@643
80455250:@64357
804563F0:@6454
80455254:@64592
80455258:@64593
8045525C:@64594
80455260:@64595
80455264:@64596
80457FC8:@647
80455268:@64730
8045526C:@64731
803F3BDC:@6481
80457FD0:@649
804581A8:@650
8045634C:@6507
80456350:@6508
80457FD8:@651
80453C1C:@6517
803F3D14:@6519
804573D8:@652
80456898:@6524
804577D8:@653
80453C20:@6538
804577DC:@654
804577E0:@655
804569C8:@6564
80436320:@657
803C2128:@6587
803C20D4:@6588
80457790:@659
80457668:@661
80456D7C:@6613
803C97E8:@662
804556A4:@6629
804556A8:@6630
80455408:@6667
804548C0:@6682
804548C4:@6683
803C2228:@6719
804543A4:@6720
804543A8:@6721
804543AC:@6722
804543B0:@6723
804543B4:@6724
804543B8:@6725
804543BC:@6726
804543C0:@6727
804543C4:@6728
804543C8:@6729
804543CC:@6730
804543D0:@6731
804543D4:@6732
804543D8:@6733
804543DC:@6734
804543E0:@6735
804543E4:@6736
803C3C00:@6752
80455274:@67554
80427390:@6756
80455CD4:@6761
80455CD8:@6762
80455CDC:@6763
80455CE0:@6764
80455CE4:@6765
80455CEC:@6767
80455CF0:@6768
80455CF4:@6769
80455CF8:@6770
80455CFC:@6771
80455D00:@6772
80455D04:@6773
80455D08:@6774
8045540C:@6775
803BDD08:@6776
8045757C:@679
80456A64:@6797
80453AEC:@6819
80455278:@68266
80454CA0:@6845
80454CB0:@6847
80454CB8:@6848
80457670:@685
80456130:@6855
80458378:@687
80455934:@6872
80455938:@6873
8045593C:@6874
80455940:@6875
80455944:@6876
8045594C:@6878
80455950:@6879
80455954:@6880
80455958:@6881
8045595C:@6882
80455960:@6883
80455964:@6884
80455968:@6885
804577B0:@689
80454CC0:@6895
8045527C:@68956
80454CC4:@6896
80455410:@6904
80455414:@6905
80455418:@6906
8045541C:@6907
80455420:@6908
80455424:@6909
80457784:@692
804543E8:@6947
804543EC:@6948
804543F0:@6949
804543F8:@6950
80454400:@6951
80454404:@6952
80454408:@6953
8045440C:@6954
80454410:@6955
803A3AE8:@696
80393840:@69600
8039384C:@69683
80457798:@698
80453CD8:@6980
80453CDC:@6981
80456134:@6987
8037B378:@6991
80455280:@70084
80455D0C:@7011
80455D10:@7012
80455D14:@7013
80455D18:@7014
80455D1C:@7015
80455D20:@7016
80455D24:@7017
80455D28:@7018
80455D2C:@7019
80455D30:@7020
80455D34:@7021
80455D38:@7022
80455D3C:@7023
80455D40:@7024
80455D44:@7025
80455D48:@7026
80455284:@70267
80455D4C:@7027
803BDD30:@7029
80455428:@7089
8045542C:@7090
80455430:@7091
80457678:@711
803BC02C:@7128
80457680:@714
80436080:@715
8045596C:@7151
80436058:@716
80454CC8:@7174
804575D0:@718
80455D50:@7186
80455D54:@7187
80393858:@71887
804575D4:@719
80455288:@71910
80393864:@71911
8045528C:@71997
80455290:@71998
80455294:@71999
803C94F0:@720
80455298:@72043
80454414:@7208
80454418:@7209
80457FA8:@721
8045441C:@7210
80454420:@7211
80454424:@7212
80454428:@7213
803AB898:@7214
80455434:@7222
80458090:@724
80455438:@7242
80458094:@725
80458098:@726
8037B398:@7275
804580A0:@728
80078CB0:@72@__dt__11dBgS_SphChkFv
80182A08:@72@__dt__14dBgS_CamSphChkFv
804589D8:@73
80456138:@7300
80454CCC:@7305
804552A0:@73057
80454CD0:@7306
80454CD4:@7307
80454CD8:@7308
80458130:@732
80455F40:@7324
80455F44:@7325
80455F48:@7326
80455F4C:@7327
80455F50:@7328
80455F54:@7329
80455F58:@7330
80455F5C:@7331
80455F60:@7332
80455F64:@7333
804548D8:@7338
804548DC:@7339
804548E0:@7340
804548E4:@7341
804548E8:@7342
804548EC:@7343
804548F0:@7344
804548F4:@7345
804548F8:@7346
804548FC:@7347
8045613C:@7348
80456140:@7356
8045775C:@736
804273A8:@7364
80455D58:@7365
80455D5C:@7366
803A3AF8:@737
804552A4:@73781
804552A8:@73790
803D4394:@739
80453AF0:@7404
80453AF8:@7406
804552AC:@74138
803C6AA0:@742
80393870:@74273
804552B0:@74385
804552B4:@74386
804552B8:@74387
804552C0:@74388
804552C8:@74389
804552D0:@74390
804552D8:@74391
804552E0:@74392
804552E8:@74393
804552F0:@74394
804552F4:@74395
80455444:@7442
80454CDC:@7448
80454CE0:@7449
80454CE4:@7450
80454CE8:@7451
803BC058:@7460
80432FEC:@747
8039387C:@74748
8043077C:@7485
80430794:@7489
803D1934:@75
80433008:@750
80455F74:@7505
80455F78:@7506
80455F7C:@7507
80455F80:@7508
804569CC:@7509
803C6AC4:@751
804569D0:@7510
803C22F0:@7516
803C22B8:@7517
803C227C:@7518
803C224C:@7519
80433024:@753
803C6AD0:@754
8045442C:@7545
80454430:@7546
80454434:@7547
80454438:@7548
803AB8B8:@7549
80455448:@7550
8045544C:@7551
80433040:@756
80453CE0:@7580
8043305C:@759
804552F8:@75939
803C6AE8:@760
80455D60:@7608
80433078:@762
80433094:@765
804330B0:@768
803C6B0C:@769
80077C48:@76@__dt__11dBgS_GndChkFv
80077CA8:@76@__dt__14dBgS_CamGndChkFv
8001E184:@76@__dt__14dBgS_ObjGndChkFv
80144908:@76@__dt__15dBgS_LinkGndChkFv
80077CC0:@76@__dt__18dBgS_CamGndChk_WtrFv
80077C90:@76@__dt__18dBgS_ObjGndChk_AllFv
80077C78:@76@__dt__18dBgS_ObjGndChk_SplFv
80077C60:@76@__dt__18dBgS_ObjGndChk_WtrFv
804330CC:@771
80454CF4:@7710
804330E8:@774
8045768C:@776
803BCCC8:@7764
803BCCD4:@7765
803BCCE0:@7766
803BCCEC:@7767
803BCCF8:@7768
803BCD04:@7769
80433104:@777
803BCD10:@7770
803BCD1C:@7771
803BCD28:@7772
803BCD34:@7773
803BCD40:@7774
803BCD4C:@7775
803BCD58:@7776
803BCD64:@7777
803BCD70:@7778
803BCD7C:@7779
803C6B30:@778
803BCD88:@7780
80455304:@77808
80455308:@77809
803BCD94:@7781
8045530C:@77810
80455310:@77811
80455314:@77812
80455318:@77813
8045531C:@77814
80455320:@77815
80455324:@77816
80455328:@77817
8045532C:@77818
80455330:@77819
803BCDA0:@7782
80455334:@77820
80455338:@77821
8045533C:@77822
80455340:@77823
80455344:@77824
80455348:@77825
8045534C:@77826
80455350:@77827
80455354:@77828
80455358:@77829
803BCDAC:@7783
8045535C:@77830
80455360:@77831
803BCDB8:@7784
803BCDC4:@7785
803BCDD0:@7786
803BCDDC:@7787
803BCDE8:@7788
803BCDF4:@7789
803BCE00:@7790
803D1980:@78
80433120:@780
803BCF50:@7802
803BCF5C:@7804
803BCF68:@7806
804583D8:@781
803BCF80:@7813
804583DC:@782
803BCF8C:@7820
804583E0:@784
8045677C:@7857
803C0EE0:@7858
804581B0:@786
803BCFC0:@7870
8045443C:@7882
80454440:@7883
80454444:@7884
80454448:@7885
8045444C:@7886
80454450:@7887
80454454:@7888
80454458:@7889
803D3598:@789
8045445C:@7890
80454460:@7891
80454464:@7892
80454468:@7893
8045446C:@7894
803D1990:@79
804581B8:@791
80453B08:@7919
80453B10:@7920
80453B18:@7921
80453B20:@7922
80453B24:@7923
80453B28:@7924
804573E8:@793
804573F0:@794
80455F84:@7944
80455F8C:@7946
80455F90:@7947
80455F94:@7948
80455F98:@7949
804268F0:@7952
804268FC:@7955
80426908:@7956
80426914:@7957
80455FA0:@7963
80454D04:@7977
804573F8:@799
80457400:@800
803BCFCC:@8009
80457408:@801
804556B4:@8015
804556B8:@8016
804556BC:@8017
804556C0:@8018
804556C4:@8019
804556C8:@8020
804556CC:@8021
804556D0:@8022
804556D4:@8023
80457478:@803
803C24E8:@8041
803C24B0:@8042
803C2474:@8043
803C2444:@8044
803C23F0:@8045
803BCFD8:@8088
804556D8:@8127
80454D08:@8130
80454D0C:@8131
804556DC:@8163
80454904:@8178
80454908:@8179
8045490C:@8180
80454910:@8181
80454914:@8182
80454918:@8183
8045491C:@8184
80454920:@8185
80454924:@8186
80454928:@8187
8045492C:@8188
80454930:@8189
8043313C:@819
80454934:@8190
80454938:@8191
8045493C:@8192
80454940:@8193
80454944:@8194
80454948:@8195
8045494C:@8196
80454950:@8197
80454954:@8198
80454958:@8199
8045495C:@8200
80454960:@8201
80454964:@8202
80454968:@8203
8045496C:@8204
80454970:@8205
80454974:@8206
8045497C:@8208
80454980:@8209
80454984:@8210
8045499C:@8216
804549A0:@8217
804549A4:@8218
804549A8:@8219
80457760:@822
804549AC:@8220
804549B0:@8221
804549B4:@8222
804549B8:@8223
804549BC:@8224
804549C0:@8225
804549C4:@8226
8037B6FC:@8236
80458638:@824
80454D10:@8247
80454D14:@8248
80454D18:@8249
80458448:@830
803D27D8:@831
80454D1C:@8322
804568A0:@8359
80454488:@8361
80454D20:@8369
80454D24:@8370
8045448C:@8393
80454490:@8394
80455450:@8404
80455454:@8405
80455974:@8464
80454D28:@8472
80454D2C:@8473
80454D30:@8501
80454D34:@8502
803D2E38:@851
804556E0:@8529
804556E4:@8530
804568A8:@8548
804568AC:@8549
803D2FA8:@856
804360F4:@859
80455978:@8613
80436100:@863
804577C8:@864
80455D68:@8647
804577CC:@865
80454D38:@8676
803D0C48:@871
804549C8:@8722
804549CC:@8723
804549D0:@8724
804549D4:@8725
804549D8:@8726
804549DC:@8727
804549E0:@8728
804549E4:@8729
804549E8:@8730
804549EC:@8731
804549F0:@8732
804549F4:@8733
804549F8:@8734
804549FC:@8735
80454A00:@8736
80454A04:@8737
80454A08:@8738
80454A0C:@8739
80454A10:@8740
80454A14:@8741
80454A18:@8742
80454A1C:@8743
80454A20:@8744
80454A24:@8745
80454A30:@8748
80454A34:@8749
80454A38:@8750
80454A3C:@8751
80454A40:@8752
80454A44:@8753
803AE208:@8754
804568B0:@8774
804568B4:@8775
80454D3C:@8779
80454D40:@8780
80454D44:@8781
80454D48:@8782
80454D4C:@8783
80454D50:@8784
80454D54:@8785
80454D58:@8786
804360A0:@881
8037B714:@8840
804577A8:@887
80458498:@889
80078674:@88@__dt__11dBgS_LinChkFv
8007868C:@88@__dt__14dBgS_CamLinChkFv
800786BC:@88@__dt__14dBgS_ObjLinChkFv
800786EC:@88@__dt__15dBgS_BombLinChkFv
800786D4:@88@__dt__15dBgS_LinkLinChkFv
80078734:@88@__dt__15dBgS_RopeLinChkFv
80078704:@88@__dt__16dBgS_ArrowLinChkFv
8007874C:@88@__dt__16dBgS_HorseLinChkFv
8007871C:@88@__dt__20dBgS_BoomerangLinChkFv
800786A4:@88@__dt__21dBgS_CamLinChk_NorWtrFv
803C76D0:@890
80454494:@8917
80454498:@8918
8045449C:@8919
80458340:@892
804544A0:@8920
804544A4:@8921
804544A8:@8922
804544AC:@8923
804544B0:@8924
804544B4:@8925
804544B8:@8926
804544BC:@8927
804544C0:@8939
804544C4:@8940
80426950:@8942
8042695C:@8945
80426968:@8946
80426974:@8947
80457A80:@895
8037B72C:@8969
80455D6C:@8975
804574E4:@898
8045597C:@8983
80455980:@8984
80455988:@8985
80455990:@8986
804568B8:@8992
804568BC:@8993
804568C0:@8994
804568C4:@8995
804568C8:@8996
804568CC:@8997
804568D4:@8999
802BCACC:@8@__dt__11Z2SoundInfoFv
802BCAD4:@8@getStreamFileEntry__11Z2SoundInfoF10JAISoundID
803D3308:@9
8039C640:@900
804568D8:@9000
804568DC:@9001
804568E0:@9002
804568E4:@9003
804568E8:@9004
804568EC:@9005
804568F0:@9006
804568F4:@9007
803C1234:@9008
8039C64C:@901
8039C658:@902
804568F8:@9025
804568FC:@9026
80456900:@9027
80456904:@9028
80456908:@9029
804583F0:@903
803C1258:@9030
80396460:@9035
8045690C:@9047
80456910:@9048
80456914:@9049
80456918:@9050
8045691C:@9051
80456920:@9052
80454D60:@9054
80456924:@9089
80456930:@9092
80456934:@9093
80456938:@9094
8045693C:@9095
80456940:@9096
80456944:@9097
80456948:@9098
8045694C:@9099
80456950:@9100
80456954:@9101
80456958:@9102
8045695C:@9103
80456960:@9104
80456964:@9105
803C12A0:@9106
80454D64:@9138
8045725C:@914
803C76E8:@916
80458478:@922
80455D70:@9254
80455D74:@9255
80455D78:@9256
80455D7C:@9257
80455D80:@9258
80455D84:@9259
804333C0:@930
804333D8:@932
804333E4:@933
803CEEE0:@938
804544C8:@9384
804544CC:@9385
804544D0:@9386
804544D4:@9387
804544D8:@9388
804544DC:@9389
804544E0:@9390
804544E4:@9391
804544E8:@9392
804544EC:@9393
804544F0:@9394
80454A80:@9409
80454A88:@9411
80454A8C:@9412
80454A90:@9413
80454A94:@9414
80454A98:@9415
80454A9C:@9416
80454AA0:@9417
80454AA4:@9418
80454AA8:@9419
80454AAC:@9420
80454AB0:@9421
80454AB4:@9422
80454AB8:@9423
80454ABC:@9424
80454AC4:@9426
80454AC8:@9427
80454AFC:@9440
80454B00:@9441
8037B898:@9468
803CF7CC:@951
80457584:@952
80457588:@954
803D35DC:@956
80457A40:@963
80457A44:@964
80457A48:@965
80454D68:@9652
80457A4C:@966
80457A50:@967
80455D88:@9676
80455D8C:@9677
80457A54:@968
804576A4:@970
804576A8:@971
804576AC:@972
80455D90:@9722
80455D94:@9723
80455D98:@9724
80455D9C:@9725
80455DA0:@9726
80455DA4:@9727
80455DA8:@9728
803C9824:@974
80458418:@975
803C9804:@977
80455DAC:@9779
80455DB0:@9780
80455DB4:@9781
80455728:@9788
80454B04:@9798
80454B08:@9799
80454B0C:@9800
80454B10:@9801
8042E940:@9808
8037B8D0:@9811
8037B934:@9812
80454D6C:@9828
80454514:@9833
80454518:@9834
8045451C:@9835
80454520:@9836
80454524:@9837
80454528:@9850
8045452C:@9851
80454530:@9852
80436258:@989
80457640:@990
80457260:@991
803D0B88:@992
803D0B94:@993
80427770:@9946
803D0BB8:@996
803D0BC4:@997
80455458:@9971
80452A98:@wstringBase0
80350D64:AIGetDSPSampleRate
80350C74:AIGetStreamPlayState
80350E4C:AIGetStreamSampleRate
80350E78:AIGetStreamVolLeft
80350EA4:AIGetStreamVolRight
80350EB4:AIInit
80350AE4:AIInitDMA
80350AA0:AIRegisterDMACallback
80350C84:AISetDSPSampleRate
80350B9C:AISetStreamPlayState
80350E5C:AISetStreamVolLeft
80350E88:AISetStreamVolRight
80350B6C:AIStartDMA
80350B84:AIStopDMA
80373B54:AMC_IsStub
803514F4:ARAlloc
803513C8:ARGetDMAStatus
80351620:ARGetSize
8035155C:ARInit
80353094:ARQInit
80353104:ARQPostRequest
80351384:ARRegisterDMACallback
80351404:ARStartDMA
80433FA0:AUDIO_YIELD_BUFFER
80271ECC:Abs__7cSAngleCFv
803BC330:ActionNames$16655
80073864:ActionTarget__12dAttention_cFl
802729A8:Adjust<f>__6cAngleFfff
8044E880:AlarmForBreak
8044E858:AlarmForTimeout
8044E830:AlarmForWA
80348884:AlarmHandlerForTimeout
800166B8:AlarmHandler__FP7OSAlarmP9OSContext
80453600:AlarmQueue
804529EC:AnalogMode
803D5320:ArchiveHeapCheck
804535E8:AreWeInitialized
80453614:ArenaEnd
80453610:ArenaStart
80182E80:Arg0__11dCamParam_cFUc
80182E5C:Arg0__11dCamParam_cFv
80182E78:Arg1__11dCamParam_cFUc
80182E54:Arg1__11dCamParam_cFv
80182E6C:Arg2__11dCamParam_cFs
80182E48:Arg2__11dCamParam_cFv
80075D24:ArrowStickCallBack__4dBgSFRC13cBgS_PolyInfoP10fopAc_ac_cR4cXyz
80452BE0:AssertHeap
80453754:AutoFinishing
80452823:BATTLE_BGM_WAIT_TIME__7Z2Param
8044E8C0:BB2
80457130:BEVEL2D_OUTCODE0
80457134:BEVEL2D_OUTCODE1
80457158:BEVEL2D_OUTCODE10
8045715C:BEVEL2D_OUTCODE11
80457138:BEVEL2D_OUTCODE2
8045713C:BEVEL2D_OUTCODE3
80457140:BEVEL2D_OUTCODE4
80457144:BEVEL2D_OUTCODE5
80457148:BEVEL2D_OUTCODE6
8045714C:BEVEL2D_OUTCODE7
80457150:BEVEL2D_OUTCODE8
80457154:BEVEL2D_OUTCODE9
80457160:BEVEL3D_OUTCODE0
80457164:BEVEL3D_OUTCODE1
80457168:BEVEL3D_OUTCODE2
8045716C:BEVEL3D_OUTCODE3
80457170:BEVEL3D_OUTCODE4
80457174:BEVEL3D_OUTCODE5
80457178:BEVEL3D_OUTCODE6
8045717C:BEVEL3D_OUTCODE7
80452821:BGM_CROSS_FADEIN_TIME__7Z2Param
80452822:BGM_CROSS_FADEOUT_TIME__7Z2Param
804535CC:BI2DebugFlag
804535D0:BI2DebugFlagHolder
80457118:BPCP_OUTCODE0
8045711C:BPCP_OUTCODE1
80457128:BPCP_OUTCODE2
8045712C:BPCP_OUTCODE3
80457120:BPCP_OUTCODE4
80457124:BPCP_OUTCODE5
80182BB8:Bank__9dCamera_cFv
804536B4:BarnacleEnabled
8045382C:BarrelBits
80432D5C:BaseXYZ__4cXyz
80432D14:BaseXY__4cXyz
80432D2C:BaseXZ__4cXyz
80432CCC:BaseX__4cXyz
80432D44:BaseYZ__4cXyz
80432CE4:BaseY__4cXyz
80432CFC:BaseZ__4cXyz
800798A0:BlckConnect__4cBgWFPUsPii
80355FB4:BlockReadCallback
803560F4:BlockWriteCallback
80453924:BreakPointCB
804536F8:Breaking
80357724:CARDCheck
80357194:CARDCheckExAsync
80358EE4:CARDClose
80359288:CARDCreate
80359068:CARDCreateAsync
80358A50:CARDFormat
80354B00:CARDFreeBlocks
80354D38:CARDGetFastMode
80359F88:CARDGetSerialNo
80359CB8:CARDGetStatus
803548F8:CARDInit
80358124:CARDMount
80357F84:CARDMountAsync
80358DC8:CARDOpen
80357844:CARDProbe
8035787C:CARDProbeEx
803596FC:CARDRead
803595B8:CARDReadAsync
80359F40:CARDSetStatus
80359DCC:CARDSetStatusAsync
80358208:CARDUnmount
80359A78:CARDWrite
80359964:CARDWriteAsync
80373730:CBGetBytesAvailableForRead
804532B0:CH_BUF__6JASDsp
80453D04:CLOSE_ACCEL__7daDsh_c
80452826:CLOSE_BATTLE_TRACK_FI_TIME__7Z2Param
80452827:CLOSE_BATTLE_TRACK_FO_TIME__7Z2Param
80453D10:CLOSE_BOUND_RATIO__7daDsh_c
80453D0C:CLOSE_BOUND_SPEED__7daDsh_c
80453D08:CLOSE_SPEED__7daDsh_c
8045772C:COMP_BLOCKBYTES$332
80457724:COMP_BLOCKSAMPLES$331
803A4BC0:COPYDATE_STRING__7mDoMain
8045391C:CPGPLinked
80453910:CPUFifo
8037B5B0:CQ_patt__12dVibration_c
8037B508:CS_patt__12dVibration_c
8039C898:CUTOFF_TO_IIR_TABLE__7JASCalc
80347B50:C_MTXLightOrtho
80347A84:C_MTXLightPerspective
803478F8:C_MTXLookAt
80347E64:C_MTXOrtho
80347D94:C_MTXPerspective
803482E0:C_QUATRotAxisRad
8034836C:C_QUATSlerp
8034805C:C_VECHalfAngle
80348134:C_VECReflect
80264DC4:CalcAabBox__12cCcD_CpsAttrFv
80265168:CalcAabBox__12cCcD_CylAttrFv
802654E0:CalcAabBox__12cCcD_SphAttrFv
80264A04:CalcAabBox__12cCcD_TriAttrFv
802669B4:CalcArea__4cCcSFv
80084954:CalcAtVec__8dCcD_CpsFv
8026FC24:CalcCenter__8cM3dGAabCFP4cXyz
8007E810:CalcDiffShapeAngleY__9dBgW_BaseFs
802644A0:CalcDivideInfoOverArea__15cCcD_DivideAreaFP15cCcD_DivideInfoRC8cM3dGAab
802642D4:CalcDivideInfo__15cCcD_DivideAreaFP15cCcD_DivideInfoRC8cM3dGAabUl
80077418:CalcMovePosWork__9dBgS_AcchFv
80086884:CalcParticleAngle__4dCcSFP12dCcD_GObjInfP9cCcD_SttsP9cCcD_SttsP5csXyz
80079694:CalcPlane__4cBgWFv
80270150:CalcPos__8cM3dGLinCFP3Vecf
801750B0:CalcSubjectAngle__9dCamera_cFPsPs
801A50E8:CalcTevColor__18dScnKy_env_light_cFv
802661A0:CalcTgPlusDmg__4cCcSFP8cCcD_ObjP8cCcD_ObjP9cCcD_SttsP9cCcD_Stts
800862E0:CalcTgPlusDmg__4dCcSFP8cCcD_ObjP8cCcD_ObjP9cCcD_SttsP9cCcD_Stts
80084984:CalcTgVec__8dCcD_CpsFv
80163240:CalcTrimSize__9dCamera_cFv
8007716C:CalcWallBmdCyl__9dBgS_AcchFv
80076078:CalcWallRR__12dBgS_AcchCirFv
8007745C:CalcWallRR__9dBgS_AcchFv
8015E478:CalcZBuffer__9dInsect_cFf
80097B9C:Calc__14d2DBSplinePathFP4cXyz
80097C50:Calc__14d2DBSplinePathFPf
8007E5A4:CallArrowStickCallBack__4dBgWFP10fopAc_ac_cP10fopAc_ac_cR4cXyz
8007E80C:CallArrowStickCallBack__9dBgW_BaseFP10fopAc_ac_cP10fopAc_ac_cR4cXyz
8007E574:CallRideCallBack__4dBgWFP10fopAc_ac_cP10fopAc_ac_c
8007E808:CallRideCallBack__9dBgW_BaseFP10fopAc_ac_cP10fopAc_ac_c
80453764:CancelCallback
8045376C:CancelLastError
80453760:Canceling
8007DB34:CaptPolyGrpRp__4dBgWFR13dBgS_CaptPolyii
8007DA18:CaptPolyRp__4dBgWFR13dBgS_CaptPolyi
8007DC28:CaptPoly__4dBgWFR13dBgS_CaptPoly
8008004C:CaptPoly__8dBgWKColFR13dBgS_CaptPoly
803D3E40:CardData
8034A250:CategorizeError
801820A4:Center__9dCamera_cFv
80158174:ChairCreate__10daNpcCd2_cFf
804536A8:Chan
80161700:ChangeModeOK__9dCamera_cFl
80088704:Change__11dCamParam_cFl
80182EF8:ChargeBRatio__11dCamSetup_cFv
80182F08:ChargeLatitude__11dCamSetup_cFv
80182F00:ChargeTimer__11dCamSetup_cFv
80037CA8:CheckFieldItemCreateHeap__FP10fopAc_ac_c
80182DC4:CheckFlag2__11dCamSetup_cFUs
80182EC0:CheckFlag__11dCamParam_cFUs
80182DDC:CheckFlag__11dCamSetup_cFUs
80005728:CheckHeap1__9HeapCheckFv
8000578C:CheckHeap__FUl
80037C3C:CheckItemCreateHeap__FP10fopAc_ac_c
80088A48:CheckLatitudeRange__11dCamSetup_cFPs
800738BC:CheckObjectTarget__12dAttention_cFl
8006FF8C:CheckQuake__12dVibration_cFv
80037D54:CheckShopItemCreateHeap__FP10fopAc_ac_c
80342CD0:CheckThreadQueue
80453824:CheckingBits
800843F0:ChkAtHit__12dCcD_GObjInfFv
8008450C:ChkAtNoGuard__12dCcD_GObjInfFv
80266C08:ChkAtTgHitAfterCross__4cCcSFbbPC12cCcD_GObjInfPC12cCcD_GObjInfP9cCcD_SttsP9cCcD_SttsP10cCcD_GSttsP10cCcD_GStts
800862E4:ChkAtTgHitAfterCross__4dCcSFbbPC12cCcD_GObjInfPC12cCcD_GObjInfP9cCcD_SttsP9cCcD_SttsP10cCcD_GSttsP10cCcD_GStts
80087460:ChkAtTgMtrlHit__4dCcSFUcUc
80265D40:ChkAtTg__4cCcSFv
80268FAC:ChkBgIndex__13cBgS_PolyInfoCFv
80086EBC:ChkCamera__4dCcSFR4cXyzR4cXyzfP10fopAc_ac_cP10fopAc_ac_cP10fopAc_ac_c
80084788:ChkCoHit__12dCcD_GObjInfFv
80266030:ChkCo__4cCcSFv
80083878:ChkEffCounter__22dCcD_GAtTgCoCommonBaseFv
80077510:ChkGndThinCellingOff__9dBgS_AcchFv
80141610:ChkGroundHit__9dBgS_AcchCFv
80075200:ChkGrpInf__4dBgSFRC13cBgS_PolyInfoUl
8007B20C:ChkGrpThrough__4cBgWFiP15cBgS_GrpPassChki
8007E508:ChkGrpThrough__4dBgWFiP15cBgS_GrpPassChki
80077538:ChkLineDown__9dBgS_AcchFv
8007BA88:ChkLock__4cBgWCFv
8007E9AC:ChkLock__8dBgWKColCFv
8007A01C:ChkMemoryError__4cBgWFv
8007E800:ChkMemoryError__9dBgW_BaseFv
80074C70:ChkMoveBG_NoDABg__4dBgSFRC13cBgS_PolyInfo
80074BEC:ChkMoveBG__4dBgSFRC13cBgS_PolyInfo
8007BA94:ChkMoveBg__4cBgWCFv
8007E9B4:ChkMoveBg__8dBgWKColCFv
8007E5E4:ChkMoveFlag__4dBgWCFv
8007E9BC:ChkMoveFlag__8dBgWKColCFv
80265C2C:ChkNoHitAtTg__4cCcSFP8cCcD_ObjP8cCcD_Obj
80265F5C:ChkNoHitCo__4cCcSFP8cCcD_ObjP8cCcD_Obj
80266C00:ChkNoHitGAtTg__4cCcSFPC12cCcD_GObjInfPC12cCcD_GObjInfP10cCcD_GSttsP10cCcD_GStts
8008747C:ChkNoHitGAtTg__4dCcSFPC12cCcD_GObjInfPC12cCcD_GObjInfP10cCcD_GSttsP10cCcD_GStts
80266C10:ChkNoHitGCo__4cCcSFP8cCcD_ObjP8cCcD_Obj
80086534:ChkNoHitGCo__4dCcSFP8cCcD_ObjP8cCcD_Obj
80079034:ChkNoHorse__16dBgS_PolyPassChkFv
8007BA78:ChkNotReady__4cBgWCFv
8007E99C:ChkNotReady__8dBgWKColCFv
80075328:ChkPolyHSStick__4dBgSFRC13cBgS_PolyInfo
80074790:ChkPolySafe__4cBgSFRC13cBgS_PolyInfo
8007B1D8:ChkPolyThrough__4cBgWFiP16cBgS_PolyPassChk
8007E15C:ChkPolyThrough__4dBgWFiP16cBgS_PolyPassChk
80048920:ChkPresentEnd__16dEvent_manager_cFv
800D02DC:ChkRoofHit__9dBgS_AcchCFv
80268F7C:ChkSafe__13cBgS_PolyInfoCFPCvUi
802689DC:ChkSameActorPid__8cBgS_ChkCFUi
80268EF8:ChkSetInfo__13cBgS_PolyInfoCFv
8007B1E0:ChkShdwDrawThrough__4cBgWFiP16cBgS_PolyPassChk
8007E490:ChkShdwDrawThrough__4dBgWFiP16cBgS_PolyPassChk
80080030:ChkShdwDrawThrough__8dBgWKColFP5dBgPc
80086058:ChkShieldFrontRange__4dCcSFP8cCcD_ObjP8cCcD_ObjiPC4cXyz
80086228:ChkShield__4dCcSFP8cCcD_ObjP8cCcD_ObjP12dCcD_GObjInfP12dCcD_GObjInfPC4cXyz
80084590:ChkTgHit__12dCcD_GObjInfFv
80268FD4:ChkUsed__9cBgW_BgIdCFv
8007752C:ChkWallSort__9dBgS_AcchFv
800859DC:Chk__12dCcMassS_MngFP4cXyzPP10fopAc_ac_cP15dCcMassS_HitInf
80264168:Chk__15cCcD_DivideInfoCFRC15cCcD_DivideInfo
803736E0:CircleBufferInitialize
803734D0:CircleBufferReadBytes
803735D8:CircleBufferWriteBytes
8034ED1C:ClampCircle
803A3E50:ClampRegion
8034EBEC:ClampStick
800798EC:ClassifyPlane__4cBgWFv
8026FAF8:ClearForMinMax__8cM3dGAabFv
80268F20:ClearPi__13cBgS_PolyInfoFv
80085464:ClearPointer__15dCcMassS_HitInfFv
80085E20:Clear__12dCcMassS_MngFv
80085420:Clear__12dCcMassS_ObjFv
8008377C:ClrActorInfo__22dCcD_GAtTgCoCommonBaseFv
80265B90:ClrAtHitInf__4cCcSFv
80085268:ClrAtHit__12cCcD_GObjInfFv
8008439C:ClrAtHit__12dCcD_GObjInfFv
802657E8:ClrAt__9cCcD_SttsFv
80083A58:ClrAt__9dCcD_SttsFv
80078FF8:ClrBomb__16dBgS_PolyPassChkFv
80078FBC:ClrCam__16dBgS_PolyPassChkFv
8026475C:ClrCcMove__9cCcD_SttsFv
80265A5C:ClrCoHitInf__4cCcSFv
800852AC:ClrCoHit__12cCcD_GObjInfFv
8008473C:ClrCoHit__12dCcD_GObjInfFv
8007E7CC:ClrDBgWBase__9dBgW_BaseFv
80077500:ClrGndThinCellingOff__9dBgS_AcchFv
800D02E8:ClrGroundHit__9dBgS_AcchFv
80265668:ClrHit__10cCcD_ObjAtFv
802656E8:ClrHit__10cCcD_ObjCoFv
802656B0:ClrHit__10cCcD_ObjTgFv
800790D0:ClrIronBall__16dBgS_PolyPassChkFv
80078FD4:ClrLink__16dBgS_PolyPassChkFv
800774D4:ClrMoveBGOnly__9dBgS_AcchFv
80074A6C:ClrMoveFlag__4dBgSFv
80078FA4:ClrObj__16dBgS_PolyPassChkFv
800790B8:ClrStatue__16dBgS_PolyPassChkFv
80265AF0:ClrTgHitInf__4cCcSFv
80085288:ClrTgHit__12cCcD_GObjInfFv
8008452C:ClrTgHit__12dCcD_GObjInfFv
802657EC:ClrTg__9cCcD_SttsFv
80083A64:ClrTg__9dCcD_SttsFv
80076044:ClrWallHit__12dBgS_AcchCirFv
804529FC:CmdCalibrate
80189E20:CmdExecPaneMove0__14dFile_select_cFv
8044EB70:CmdProbeDevice
804529F8:CmdReadOrigin
80452910:ColorBlack
80452914:ColorWhite
8018A034:CommandExec__14dFile_select_cFv
803D5398:CommandHeapCheck
8044E7F0:CommandList
80345A68:CompleteTransfer
8033FBD8:Config24MB
8033FC58:Config48MB
800746A8:ConvDzb__4cBgSFPv
80083150:CopyBackVtx__6dBgWSvFv
8007ACF4:CopyOldMtx__4cBgWFv
80272218:Cos__7cDegreeCFv
80271F20:Cos__7cSAngleCFv
8015DB68:CountTimer__8daItem_cFv
80358F38:CreateCallbackFat
800787B8:CreateHeap__16dBgS_MoveBgActorFv
80156094:CreateHeap__20daNpcF_MoveBgActor_cFv
801505C8:CreateHeap__23daBaseNpc_moveBgActor_cFv
8015B5E4:CreateInit__8daItem_cFv
80144968:CreateItemHeap__12daItemBase_cFPCcsssssss
800787C0:Create__16dBgS_MoveBgActorFv
8015609C:Create__20daNpcF_MoveBgActor_cFv
801505D0:Create__23daBaseNpc_moveBgActor_cFv
80085104:CrossAtTg__12cCcD_CpsAttrCFRC12cCcD_AabAttrP4cXyz
80264B38:CrossAtTg__12cCcD_CpsAttrCFRC12cCcD_CpsAttrP4cXyz
80264B7C:CrossAtTg__12cCcD_CpsAttrCFRC12cCcD_CylAttrP4cXyz
8008510C:CrossAtTg__12cCcD_CpsAttrCFRC12cCcD_PntAttrP4cXyz
80264BC0:CrossAtTg__12cCcD_CpsAttrCFRC12cCcD_SphAttrP4cXyz
80264C04:CrossAtTg__12cCcD_CpsAttrCFRC12cCcD_TriAttrP4cXyz
80085114:CrossAtTg__12cCcD_CpsAttrCFRC14cCcD_ShapeAttrP4cXyz
80084DF8:CrossAtTg__12cCcD_CylAttrCFRC12cCcD_AabAttrP4cXyz
80264F7C:CrossAtTg__12cCcD_CylAttrCFRC12cCcD_CpsAttrP4cXyz
80264FC8:CrossAtTg__12cCcD_CylAttrCFRC12cCcD_CylAttrP4cXyz
80084E00:CrossAtTg__12cCcD_CylAttrCFRC12cCcD_PntAttrP4cXyz
8026500C:CrossAtTg__12cCcD_CylAttrCFRC12cCcD_SphAttrP4cXyz
80265050:CrossAtTg__12cCcD_CylAttrCFRC12cCcD_TriAttrP4cXyz
80084E08:CrossAtTg__12cCcD_CylAttrCFRC14cCcD_ShapeAttrP4cXyz
80084C7C:CrossAtTg__12cCcD_SphAttrCFRC12cCcD_AabAttrP4cXyz
802652EC:CrossAtTg__12cCcD_SphAttrCFRC12cCcD_CpsAttrP4cXyz
80265338:CrossAtTg__12cCcD_SphAttrCFRC12cCcD_CylAttrP4cXyz
80084C84:CrossAtTg__12cCcD_SphAttrCFRC12cCcD_PntAttrP4cXyz
8026537C:CrossAtTg__12cCcD_SphAttrCFRC12cCcD_SphAttrP4cXyz
802653C0:CrossAtTg__12cCcD_SphAttrCFRC12cCcD_TriAttrP4cXyz
80084C8C:CrossAtTg__12cCcD_SphAttrCFRC14cCcD_ShapeAttrP4cXyz
80084F74:CrossAtTg__12cCcD_TriAttrCFRC12cCcD_AabAttrP4cXyz
80264888:CrossAtTg__12cCcD_TriAttrCFRC12cCcD_CpsAttrP4cXyz
80264958:CrossAtTg__12cCcD_TriAttrCFRC12cCcD_CylAttrP4cXyz
80084F7C:CrossAtTg__12cCcD_TriAttrCFRC12cCcD_PntAttrP4cXyz
80264990:CrossAtTg__12cCcD_TriAttrCFRC12cCcD_SphAttrP4cXyz
802649CC:CrossAtTg__12cCcD_TriAttrCFRC12cCcD_TriAttrP4cXyz
80084F84:CrossAtTg__12cCcD_TriAttrCFRC14cCcD_ShapeAttrP4cXyz
802657D8:CrossAtTg__14cCcD_ShapeAttrCFRC14cCcD_ShapeAttrP4cXyz
8008514C:CrossCo__12cCcD_CpsAttrCFRC12cCcD_AabAttrPf
80264CD4:CrossCo__12cCcD_CpsAttrCFRC12cCcD_CpsAttrPf
80264D24:CrossCo__12cCcD_CpsAttrCFRC12cCcD_CylAttrPf
8008515C:CrossCo__12cCcD_CpsAttrCFRC12cCcD_PntAttrPf
80264D74:CrossCo__12cCcD_CpsAttrCFRC12cCcD_SphAttrPf
80085154:CrossCo__12cCcD_CpsAttrCFRC12cCcD_TriAttrPf
80085164:CrossCo__12cCcD_CpsAttrCFRC14cCcD_ShapeAttrPf
80084E40:CrossCo__12cCcD_CylAttrCFRC12cCcD_AabAttrPf
80265110:CrossCo__12cCcD_CylAttrCFRC12cCcD_CpsAttrPf
80265088:CrossCo__12cCcD_CylAttrCFRC12cCcD_CylAttrPf
80084E50:CrossCo__12cCcD_CylAttrCFRC12cCcD_PntAttrPf
802650CC:CrossCo__12cCcD_CylAttrCFRC12cCcD_SphAttrPf
80084E48:CrossCo__12cCcD_CylAttrCFRC12cCcD_TriAttrPf
80084E58:CrossCo__12cCcD_CylAttrCFRC14cCcD_ShapeAttrPf
80084CC4:CrossCo__12cCcD_SphAttrCFRC12cCcD_AabAttrPf
80265488:CrossCo__12cCcD_SphAttrCFRC12cCcD_CpsAttrPf
802653F8:CrossCo__12cCcD_SphAttrCFRC12cCcD_CylAttrPf
80084CD4:CrossCo__12cCcD_SphAttrCFRC12cCcD_PntAttrPf
80265444:CrossCo__12cCcD_SphAttrCFRC12cCcD_SphAttrPf
80084CCC:CrossCo__12cCcD_SphAttrCFRC12cCcD_TriAttrPf
80084CDC:CrossCo__12cCcD_SphAttrCFRC14cCcD_ShapeAttrPf
80084FCC:CrossCo__12cCcD_TriAttrCFRC12cCcD_AabAttrPf
80084FDC:CrossCo__12cCcD_TriAttrCFRC12cCcD_CpsAttrPf
80084FC4:CrossCo__12cCcD_TriAttrCFRC12cCcD_CylAttrPf
80084FE4:CrossCo__12cCcD_TriAttrCFRC12cCcD_PntAttrPf
80084FBC:CrossCo__12cCcD_TriAttrCFRC12cCcD_SphAttrPf
80084FD4:CrossCo__12cCcD_TriAttrCFRC12cCcD_TriAttrPf
80084FEC:CrossCo__12cCcD_TriAttrCFRC14cCcD_ShapeAttrPf
802657E0:CrossCo__14cCcD_ShapeAttrCFRC14cCcD_ShapeAttrPf
8026FA88:CrossY__8cM3dGAabCFPC4cXyz
800831BC:CrrPosWork__6dBgWSvFP4cXyziii
8007E0B8:CrrPos__4dBgWFRC13cBgS_PolyInfoPvbP4cXyzP5csXyzP5csXyz
80083374:CrrPos__6dBgWSvFRC13cBgS_PolyInfoPvbP4cXyzP5csXyzP5csXyz
800830BC:CrrPos__8dBgWKColFRC13cBgS_PolyInfoPvbP4cXyzP5csXyzP5csXyz
80076BDC:CrrPos__9dBgS_AcchFR4dBgS
80083928:Ct__10dCcD_GSttsFv
80085714:Ct__12dCcMassS_MngFv
80074414:Ct__4cBgSFv
80265894:Ct__4cCcSFv
80074A2C:Ct__4dBgSFv
80086004:Ct__4dCcSFv
80264704:Ct__9cCcD_SttsFv
80083A24:Ct__9dCcD_SttsFv
8044E8B4:Curr
804537FC:CurrBufAddr
8045375C:CurrCommand
8044E8E0:CurrDiskID
804537F0:CurrTiming
804537F4:CurrTvMode
80453308:DARK_SE_FILTER_ON__7Z2Param
80453309:DARK_SE_LOW_PASS_FILTER_SETTING__7Z2Param
80373B5C:DBClose
8045399C:DBGCallback
80374344:DBGEXIImm
80373FB8:DBGHandler
803741BC:DBGRead
80374298:DBGReadMailbox
80374034:DBGReadStatus
803740E0:DBGWrite
80347204:DBInit
80373F40:DBInitComm
80373EEC:DBInitInterrupts
80373B60:DBOpen
803472A0:DBPrintf
80373E50:DBQueryData
80373DC4:DBRead
804536D4:DBVerbose
80373B64:DBWrite
80453368:DBfoundBlock
80453364:DBfoundOffset
80453360:DBfoundSize
8045336C:DBnewFreeBlock
80453370:DBnewUsedBlock
8033C36C:DCEnable
8033C3AC:DCFlushRange
8033C40C:DCFlushRangeNoSync
8033C380:DCInvalidateRange
8033C3DC:DCStoreRange
8033C438:DCStoreRangeNoSync
8033C464:DCZeroRange
804527AC:DISTANCE_FX_PARAM__7Z2Param
80452798:DISTANCE_MAX__7Z2Param
8033BE78:DLInsert
8029DD68:DMACallback__14JASAudioThreadFv
8033C790:DMAErrorHandler
803F2EF0:DMC
80452C68:DMC_initialized
804527A8:DOLBY_BEHIND_DISTANCE_MAX__7Z2Param
804527A0:DOLBY_CENTER_VALUE__7Z2Param
804527A4:DOLBY_FLONT_DISTANCE_MAX__7Z2Param
8039D040:DSPADPCM_FILTER__6JASDsp
8029F8A0:DSPAddPriorTask__FP15STRUCT_DSP_TASK
8029F800:DSPAddTask
803532AC:DSPAssertInt
8029DDBC:DSPCallback__14JASAudioThreadFPv
80353270:DSPCheckMailFromDSP
80353260:DSPCheckMailToDSP
803532EC:DSPInit
803D1430:DSPInitCode
8039D080:DSPRES_FILTER__6JASDsp
80353280:DSPReadMailFromDSP
8029F2E0:DSPReleaseHalt2__FUl
8029F5E0:DSPSendCommands2__FPUlUlPFUs_v
80353298:DSPSendMailToDSP
8029F0D0:DSPSyncCallback__9JASDriverFv
8029EEBC:DSP_CreateMap2__FUl
80452788:DSP_MIXERLEVEL
804532D4:DSP_prior_task
8034C3BC:DVDCancel
8034C140:DVDCancelAsync
8034BE18:DVDCancelStreamAsync
80349B60:DVDChangeDir
8034C494:DVDCheckDisk
803497C4:DVDClose
80349F50:DVDCloseDir
8034CA70:DVDCompareDiskID
80349948:DVDConvertEntrynumToPath
80349394:DVDConvertPathToEntrynum
80349688:DVDFastOpen
8034BFE8:DVDGetCommandBlockStatus
80349A9C:DVDGetCurrentDir
8034C48C:DVDGetCurrentDiskID
8034C034:DVDGetDriveStatus
80349F5C:DVDInit
80453784:DVDInitialized
8034BED4:DVDInquiryAsync
80349158:DVDLowAudioBufferConfig
80349034:DVDLowAudioStream
803492B0:DVDLowBreak
803492C4:DVDLowClearCallback
80348F98:DVDLowInquiry
80348A84:DVDLowRead
80348DDC:DVDLowReadDiskID
803490CC:DVDLowRequestAudioStatus
80348F0C:DVDLowRequestError
803491F4:DVDLowReset
80348D1C:DVDLowSeek
80348E80:DVDLowStopMotor
80348DB0:DVDLowWaitCoverClose
803496FC:DVDOpen
80349DEC:DVDOpenDir
8034BC74:DVDReadAbsAsyncForBS
8034BB98:DVDReadAbsAsyncPrio
80349BC0:DVDReadAsyncPrio
80349EAC:DVDReadDir
8034BD44:DVDReadDiskID
80349CB0:DVDReadPrio
8034BFA4:DVDReset
8034C0F0:DVDResume
8034C0E0:DVDSetAutoInvalidation
8018A770:DataCopyWait2__14dFile_select_cFv
8018A6DC:DataCopyWait__14dFile_select_cFv
8018A208:DataEraseWait2__14dFile_select_cFv
8018A174:DataEraseWait__14dFile_select_cFv
8037ADE0:DataFileName__29@unnamed@d_event_manager_cpp@
803BC7CC:DataSelProc
80452BE4:DbPrintHeap
80453698:Debug_BBA
80005D4C:Debug_console__FUl
8033BB58:DecrementerExceptionCallback
8033BD88:DecrementerExceptionHandler
804273CC:DefaultGap$10515
80427384:DefaultGap$5851
8042739C:DefaultGap$6755
804273B4:DefaultGap$7363
80341910:DefaultSwitchThreadCallback
803D4040:DefaultTexData
8044DF50:DefaultThread
80271E30:Degree__7cSAngleCFv
80144930:DeleteBase__12daItemBase_cFPCc
800787D8:Delete__16dBgS_MoveBgActorFv
801560A4:Delete__20daNpcF_MoveBgActor_cFv
801505D8:Delete__23daBaseNpc_moveBgActor_cFv
804536AC:Dev
804529BC:DmaCommand
803579F8:DoMount
8035816C:DoUnmount
802A9DFC:Do_create__Q38JMessage18TResourceContainer10TCResourceFv
802A9E48:Do_destroy__Q38JMessage18TResourceContainer10TCResourceFPQ28JMessage9TResource
80355C90:DoneCallback
803F6E14:DoorInfo
8045366C:Down
800873DC:DrawAfter__4dCcSFv
80144DA0:DrawBase__12daItemBase_cFv
80266B30:DrawClear__4cCcSFv
80453938:DrawDone
80453934:DrawDoneCB
80072D04:Draw__12dAttention_cFv
8018276C:Draw__14dCamForcusLineFv
800787D0:Draw__16dBgS_MoveBgActorFv
801560B4:Draw__20daNpcF_MoveBgActor_cFv
801505E8:Draw__23daBaseNpc_moveBgActor_cFv
80087400:Draw__4dCcSFv
80084D20:Draw__8cCcD_ObjFRC8_GXColor
80163360:Draw__9dCamera_cFv
8044DA40:DriveBlock
8044DA20:DriveInfo
8029F3E0:DsetMixerLevel__Ff
8029F360:DsetupTable__FUlUlUlUlUl
803BC184:Dsp$13137
8029F520:DspBoot__FPFPv_v
8029F780:DspFinishWork__FUs
8029F4E0:DspHandShake__FPv
8029F6E0:DspInitWork__Fv
8029F720:DspStartWork__FUlPFUs_v
8029FD80:Dsp_Running_Check__Fv
8029FDA0:Dsp_Running_Start__Fv
8029FD00:Dsp_Update_Request__Fv
8029FC40:DsyncFrame2__FUlUlUl
8029F420:DsyncFrame2ch__FUlUlUl
8029FCA0:DsyncFrame3__FUlUlUlUlUl
8029F480:DsyncFrame4ch__FUlUlUlUlUl
80074468:Dt__4cBgSFv
80265960:Dt__4cCcSFv
80074A4C:Dt__4dBgSFv
80086038:Dt__4dCcSFv
8044E900:DummyCommandBlock
80355004:DummyLen
803E0F80:DvdErr_stack
803E0C60:DvdErr_thread
803754D0:DynamicNameTable
8045282B:ENDING_BLOW_MIN_FINISH_TIME__7Z2Param
80452828:ENDING_BLOW_VOL_DOWN_TIME__7Z2Param
8045282A:ENDING_BLOW_VOL_LOWER_RECOVER_TIME__7Z2Param
80452829:ENDING_BLOW_VOL_LOWER_TIME__7Z2Param
80453304:ENEMY_LASTHIT_MUTE_VOLUME__7Z2Param
80011668:ERROR_EXIT__15mDoExt_McaMorf2Fv
80373B30:EXI2_EnableInterrupts
80373B2C:EXI2_Init
80373B34:EXI2_Poll
80373B3C:EXI2_ReadN
80373B4C:EXI2_Reserve
80373B50:EXI2_Unreserve
80373B44:EXI2_WriteN
8034450C:EXIAttach
803441A0:EXIClearInterrupts
80344800:EXIDeselect
80344618:EXIDetach
80343E68:EXIDma
803450A4:EXIGetID
80345064:EXIGetState
80343B6C:EXIImm
80343DC8:EXIImmEx
80344CC0:EXIInit
804539AC:EXIInputFlag
80344910:EXIIntrruptHandler
80344E94:EXILock
803443D8:EXIProbe
80344458:EXIProbeEx
803446D4:EXISelect
803441E8:EXISetExiCallback
80343F54:EXISync
80344F88:EXIUnlock
80344BF0:EXTIntrruptHandler
8044E530:Ecb
801A51BC:Eflight_flush_proc__18dScnKy_env_light_cFv
80372C40:EnableEXI2Interrupts
803729AC:EnableMetroTRKInterrupts
804536B0:Enabled
80453814:EnabledBits
80088CEC:EndEventCamera__9dCamera_cFi
803A48E8:EndofProgramInstruction$162
80071DF0:EnemyDistance__12dAttention_cFP10fopAc_ac_c
8018A4E8:ErasePaneMoveOk2__14dFile_select_cFv
8018A3A0:ErasePaneMoveOk__14dFile_select_cFv
802DD9D4:Erase__Q27JGadget13TNodeLinkListFPQ27JGadget13TLinkListNode
8034C8D8:ErrorCode2Num
8018AB6C:ErrorMsgPaneMove__14dFile_select_cFv
803D3648:ErrorTable
801965B4:EventRecoverNotime__16ShopCam_action_cFv
80180C4C:EventRecoverNotime__9dCamera_cFv
800787C8:Execute__16dBgS_MoveBgActorFPPA3_A4_f
801560AC:Execute__20daNpcF_MoveBgActor_cFPPA3_A4_f
801505E0:Execute__23daBaseNpc_moveBgActor_cFPPA3_A4_f
8004752C:Experts__16dEvent_manager_cFv
8033ED10:ExternalInterruptHandler
80182070:Eye__9dCamera_cFv
80453800:FBSet
804575A8:FILTER_MODE_IIR__6JASDsp
80452824:FOUND_TRACK_FI_TIME__7Z2Param
80452825:FOUND_TRACK_FO_TIME__7Z2Param
804532B4:FX_BUF__6JASDsp
80453758:FatalErrorFlag
80453790:FatalFunc
8044EDC0:FifoObj
80259CFC:FileSelectClose__10dScnName_cFv
80259C54:FileSelectMainNormal__10dScnName_cFv
80259C10:FileSelectMain__10dScnName_cFv
80259BAC:FileSelectOpen__10dScnName_cFv
8045393C:FinishQueue
80452998:FirstRead
8045377C:FirstTimeInBootrom
80182E98:Flag__11dCamParam_cFlUs
80453628:FontDataAnsi
8045362C:FontDataSjis
80452970:FontEncode
801817A8:ForceLockOff__9dCamera_cFP10fopAc_ac_c
8018176C:ForceLockOff__9dCamera_cFUi
80181740:ForceLockOn__9dCamera_cFP10fopAc_ac_c
8027217C:Formal__7cDegreeFv
802726B0:Formal__7cSGlobeFv
80272298:Formal__7cSPolarFv
803582B4:FormatCallback
80016EE0:FormatSync__15mDoMemCd_Ctrl_cFv
80182E88:Fovy__11dCamParam_cFUc
80182E64:Fovy__11dCamParam_cFv
800794D4:FreeArea__4cBgWFv
80453724:FstStart
80453728:FstStringStart
80361DE0:GDFlushCurrToMem
80361DC8:GDInitGDLObj
80361F04:GDOverflowed
80361E0C:GDPadCurr32
80362530:GDSetArray
8036273C:GDSetArrayRaw
80361F34:GDSetVtxDescv
802CEE04:GFSetBlendModeEtc__F12_GXBlendMode14_GXBlendFactor14_GXBlendFactor10_GXLogicOpUcUcUc
802CEC54:GFSetChanAmbColor__F12_GXChannelID8_GXColor
802CEC9C:GFSetFog__F10_GXFogTypeffff8_GXColor
802CEBC8:GFSetGenMode2__FUcUcUcUc11_GXCullMode
802CEED0:GFSetTevColorS10__F11_GXTevRegID11_GXColorS10
802CEEA4:GFSetZMode__FUc10_GXCompareUc
80453914:GPFifo
8035CEC4:GXAbortFrame
8035D594:GXBegin
8035B3D8:GXCPInterruptHandler
80360D20:GXCallDisplayList
8035E428:GXClearBoundingBox
80361CF4:GXClearGPMetric
8035C3BC:GXClearVtxDesc
8035E134:GXCopyDisp
8035E29C:GXCopyTex
803D4130:GXDefaultProjData
803D4060:GXDefaultVATList
8035D124:GXDrawDone
8035D76C:GXEnableTexOffsets
803D44D8:GXEurgb60Hz480IntDf
8035D420:GXFinishInterruptHandler
8035CCFC:GXFlush
8035BCD8:GXGetCPUFifo
8035BCD0:GXGetCurrentGXThread
8035BA08:GXGetFifoBase
8035BA10:GXGetFifoSize
8035BCE0:GXGetGPFifo
8035B9B8:GXGetGPStatus
8035DB0C:GXGetNumXfbLines
80361034:GXGetProjectionv
80361378:GXGetScissor
8035EA4C:GXGetTexBufferSize
8035F088:GXGetTexObjFmt
8035F078:GXGetTexObjHeight
8035F0A8:GXGetTexObjMipMap
8035F0C0:GXGetTexObjTlut
8035F068:GXGetTexObjWidth
8035F090:GXGetTexObjWrapS
8035F09C:GXGetTexObjWrapT
803612DC:GXGetViewportv
8035DB9C:GXGetYScaleFactor
8035A4A0:GXInit
8035B50C:GXInitFifoBase
8035B5E8:GXInitFifoLimits
8035B578:GXInitFifoPtrs
8035E460:GXInitLightAttn
8035E708:GXInitLightColor
8035E6EC:GXInitLightDir
8035E60C:GXInitLightDistAttn
8035E6DC:GXInitLightPos
8035E47C:GXInitLightSpot
8035F368:GXInitTexCacheRegion
8035EC70:GXInitTexObj
8035EEBC:GXInitTexObjCI
8035EF04:GXInitTexObjLOD
8035F298:GXInitTlutObj
8035F45C:GXInitTlutRegion
8035F494:GXInvalidateTexAll
8035C99C:GXInvalidateVtxCache
8035E714:GXLoadLightObjImm
803610CC:GXLoadNrmMtxImm
8036107C:GXLoadPosMtxImm
80361150:GXLoadTexMtxImm
8035F244:GXLoadTexObj
8035F0C8:GXLoadTexObjPreLoaded
8035F2D0:GXLoadTlut
803D4460:GXMpal480IntDf
803D4424:GXNtsc480Int
803D43E8:GXNtsc480IntDf
80453920:GXOverflowSuspendInProgress
803D449C:GXPal528IntDf
8035D2EC:GXPeekZ
8035D1A4:GXPixModeSync
8035D1C8:GXPokeAlphaMode
8035D1DC:GXPokeAlphaRead
8035D1FC:GXPokeAlphaUpdate
8035D214:GXPokeBlendMode
8035D278:GXPokeColorUpdate
8035D2B4:GXPokeDither
8035D290:GXPokeDstAlpha
8035D2CC:GXPokeZMode
80360D90:GXProject
80361D04:GXReadXfRasMetric
803D420C:GXResetFuncInfo
8035B8BC:GXSaveCPUFifo
80360454:GXSetAlphaCompare
80360AA0:GXSetAlphaUpdate
8035C958:GXSetArray
80360A20:GXSetBlendMode
8035BA18:GXSetBreakPtCallback
8035B5F4:GXSetCPUFifo
8035E790:GXSetChanAmbColor
8035E99C:GXSetChanCtrl
8035E878:GXSetChanMatColor
80361400:GXSetClipMode
8035D7DC:GXSetCoPlanar
80360A74:GXSetColorUpdate
8035DAB4:GXSetCopyClamp
8035DEA0:GXSetCopyClear
8035DF18:GXSetCopyFilter
8035D7B4:GXSetCullMode
8035BC84:GXSetCurrentGXThread
8036111C:GXSetCurrentMtx
8035D92C:GXSetDispCopyDst
8035DA90:GXSetDispCopyFrame2Field
8035E120:GXSetDispCopyGamma
8035D834:GXSetDispCopySrc
8035DDD4:GXSetDispCopyYScale
80360C08:GXSetDither
8035D08C:GXSetDrawDone
8035D3DC:GXSetDrawDoneCallback
8035D310:GXSetDrawSyncCallback
80360C34:GXSetDstAlpha
80360C70:GXSetFieldMask
80360CA8:GXSetFieldMode
803606E8:GXSetFog
803608FC:GXSetFogRangeAdj
8035B71C:GXSetGPFifo
803614AC:GXSetGPMetric
8035FCD4:GXSetIndTexCoordScale
8035FB5C:GXSetIndTexMtx
8035FE18:GXSetIndTexOrder
8035D6EC:GXSetLineWidth
8035CC68:GXSetMisc
8035E960:GXSetNumChans
8035FF04:GXSetNumIndStages
803606C0:GXSetNumTevStages
8035CC2C:GXSetNumTexGens
80360B34:GXSetPixelFmt
8035D72C:GXSetPointSize
80360F04:GXSetProjection
80360FA8:GXSetProjectionv
80361300:GXSetScissor
803613C0:GXSetScissorBoxOffset
80360098:GXSetTevAlphaIn
80360144:GXSetTevAlphaOp
803601AC:GXSetTevColor
80360054:GXSetTevColorIn
803600DC:GXSetTevColorOp
8036020C:GXSetTevColorS10
8035FF28:GXSetTevDirect
8035FAF0:GXSetTevIndirect
80360330:GXSetTevKAlphaSel
80360270:GXSetTevKColor
803602D4:GXSetTevKColorSel
8035FFC8:GXSetTevOp
80360524:GXSetTevOrder
8036038C:GXSetTevSwapMode
803603D4:GXSetTevSwapModeTable
8035C9AC:GXSetTexCoordGen2
8035F504:GXSetTexCoordScaleManually
8035D960:GXSetTexCopyDst
8035D8B0:GXSetTexCopySrc
8035F4DC:GXSetTexRegionCallback
8035F4F0:GXSetTlutRegionCallback
80361294:GXSetViewport
8035C3F4:GXSetVtxAttrFmt
8035C650:GXSetVtxAttrFmtv
8035BCE8:GXSetVtxDesc
8035BF54:GXSetVtxDescv
80360B00:GXSetZCompLoc
80360ACC:GXSetZMode
80360498:GXSetZTexture
80452A60:GXTexImage0Ids
80452A68:GXTexImage1Ids
80452A70:GXTexImage2Ids
80452A78:GXTexImage3Ids
80452A50:GXTexMode0Ids
80452A58:GXTexMode1Ids
803D414C:GXTexRegionAddrTable
80452A80:GXTexTlutIds
8035D354:GXTokenInterruptHandler
80453148:G_CM3D_F_ABS_MIN
803D52F8:GameHeapCheck
800837B8:GetAc__22dCcD_GAtTgCoCommonBaseFv
80264848:GetAc__8cCcD_ObjFv
80074748:GetActorPointer__4cBgSCFi
8033DAFC:GetApploaderPosition
800844D8:GetAtHitGObj__12dCcD_GObjInfFv
80084488:GetAtHitObj__12dCcD_GObjInfFv
8007B930:GetAttackThrough__4dBgWFi
80082F70:GetAttackThrough__8dBgWKColFi
80074758:GetBgWBasePointer__4cBgSCFRC13cBgS_PolyInfo
8007B294:GetBnd__4cBgWCFv
8007EC58:GetBnd__8dBgWKColCFv
80075070:GetCamMoveBG__4dBgSFRC13cBgS_PolyInfo
8007B9AC:GetCamMoveBG__4dBgWFRC13cBgS_PolyInfo
80082F9C:GetCamMoveBG__8dBgWKColFRC13cBgS_PolyInfo
80085FE8:GetCamTopPos__12dCcMassS_MngFP3Vec
80164D70:GetCameraTypeFromCameraName__9dCamera_cFPCc
80164B50:GetCameraTypeFromMapToolID__9dCamera_cFll
80164E1C:GetCameraTypeFromToolData__9dCamera_cFP24stage_camera2_data_class
80182BA0:GetCheckObjectCount__12dAttention_cFv
80084DF0:GetCoCP__12cCcD_CylAttrCFv
80037B7C:GetCoCP__12cCcD_CylAttrFv
80084C74:GetCoCP__12cCcD_SphAttrCFv
80037B84:GetCoCP__12cCcD_SphAttrFv
80084F68:GetCoCP__14cCcD_ShapeAttrCFv
80084F5C:GetCoCP__14cCcD_ShapeAttrFv
80084820:GetCoHitObj__12dCcD_GObjInfFv
80182BFC:GetCross__11cBgS_LinChkFv
8034E730:GetCurrentDisplayPosition
80343644:GetDates
80074CC8:GetExitId__4dBgSFRC13cBgS_PolyInfo
8007B4DC:GetExitId__4dBgWFRC13cBgS_PolyInfo
80082B50:GetExitId__8dBgWKColFRC13cBgS_PolyInfo
8033E1E0:GetFontCode
8018170C:GetForceLockOnActor__9dCamera_cFv
80084D14:GetGObjInf__12cCcD_GObjInfCFv
800852D0:GetGObjInf__12cCcD_GObjInfFv
80084398:GetGObjInf__12dCcD_GObjInfFv
800852D4:GetGObjInf__8cCcD_ObjCFv
800848F8:GetGObjInf__8cCcD_ObjFv
80264694:GetGStts__9cCcD_SttsCFv
8026469C:GetGStts__9cCcD_SttsFv
80083980:GetGStts__9dCcD_SttsFv
80075020:GetGroundCode__4dBgSFRC13cBgS_PolyInfo
8007B890:GetGroundCode__4dBgWFRC13cBgS_PolyInfo
80082F14:GetGroundCode__8dBgWKColFRC13cBgS_PolyInfo
800749DC:GetGrpInf__4cBgSCFRC13cBgS_PolyInfo
8007B3E0:GetGrpInf__4cBgWCFRC13cBgS_PolyInfo
8007EC60:GetGrpInf__8dBgWKColCFRC13cBgS_PolyInfo
80077694:GetGrpPassChkInfo__8dBgS_ChkFv
80074824:GetGrpRoomId__4cBgSCFRC13cBgS_PolyInfo
8007B214:GetGrpRoomIndex__4cBgWCFRC13cBgS_PolyInfo
80082B20:GetGrpRoomIndex__8dBgWKColCFRC13cBgS_PolyInfo
800751B0:GetGrpSoundId__4dBgSFRC13cBgS_PolyInfo
8007E088:GetGrpSoundId__4dBgWFRC13cBgS_PolyInfo
8008308C:GetGrpSoundId__8dBgWKColFRC13cBgS_PolyInfo
80074D9C:GetHorseNoEntry__4dBgSFRC13cBgS_PolyInfo
8007B534:GetHorseNoEntry__4dBgWFRC13cBgS_PolyInfo
80082BB0:GetHorseNoEntry__8dBgWKColFRC13cBgS_PolyInfo
8007B90C:GetIronBallThrough__4dBgWFi
80082F44:GetIronBallThrough__8dBgWKColFi
8007B7DC:GetLinkNo__4dBgWFRC13cBgS_PolyInfo
80082E54:GetLinkNo__8dBgWKColFRC13cBgS_PolyInfo
80070974:GetLockonList__12dAttention_cFl
80074E3C:GetMagnetCode__4dBgSFRC13cBgS_PolyInfo
8007B5B8:GetMagnetCode__4dBgWFRC13cBgS_PolyInfo
80082C3C:GetMagnetCode__8dBgWKColFRC13cBgS_PolyInfo
8007B490:GetMaskPolyInf0_NoShift__4cBgWCFiUl
8007B8BC:GetMaskPolyInf1_NoShift__4cBgWCFiUl
8027056C:GetMinMaxCube__8cM3dGSphCFR4cXyzR4cXyz
80074E8C:GetMonkeyBarsCode__4dBgSFRC13cBgS_PolyInfo
8007B5E4:GetMonkeyBarsCode__4dBgWFRC13cBgS_PolyInfo
80082C6C:GetMonkeyBarsCode__8dBgWKColFRC13cBgS_PolyInfo
80182BF8:GetNP__8cM3dGPlaFv
80264E14:GetNVec__12cCcD_CpsAttrCFRC4cXyzP4cXyz
802651D0:GetNVec__12cCcD_CylAttrCFRC4cXyzP4cXyz
8026556C:GetNVec__12cCcD_SphAttrCFRC4cXyzP4cXyz
80264A9C:GetNVec__12cCcD_TriAttrCFRC4cXyzP4cXyz
8007B680:GetPolyArrowThrough__4dBgWFi
80082D20:GetPolyArrowThrough__8dBgWKColFi
80074F80:GetPolyAtt0__4dBgSFRC13cBgS_PolyInfo
8007B834:GetPolyAtt0__4dBgWFRC13cBgS_PolyInfo
80082EB4:GetPolyAtt0__8dBgWKColFRC13cBgS_PolyInfo
80074FD0:GetPolyAtt1__4dBgSFRC13cBgS_PolyInfo
8007B864:GetPolyAtt1__4dBgWFRC13cBgS_PolyInfo
80082EE4:GetPolyAtt1__8dBgWKColFRC13cBgS_PolyInfo
800752CC:GetPolyAttackThrough__4dBgSFRC13cBgS_PolyInfo
8007B710:GetPolyBombThrough__4dBgWFi
80082DD0:GetPolyBombThrough__8dBgWKColFi
8007B6C8:GetPolyBoomerangThrough__4dBgWFi
80082D78:GetPolyBoomerangThrough__8dBgWKColFi
8007B634:GetPolyCamThrough__4dBgWFi
80082CC8:GetPolyCamThrough__8dBgWKColFi
80074D18:GetPolyColor__4dBgSFRC13cBgS_PolyInfo
8007B508:GetPolyColor__4dBgWFRC13cBgS_PolyInfo
80082B80:GetPolyColor__8dBgWKColFRC13cBgS_PolyInfo
8007E058:GetPolyGrpRoomInfId__4dBgWFRC13cBgS_PolyInfo
8008305C:GetPolyGrpRoomInfId__8dBgWKColFRC13cBgS_PolyInfo
8007B6A4:GetPolyHSStick__4dBgWFi
80082D4C:GetPolyHSStick__8dBgWKColFi
8007B43C:GetPolyInf0__4cBgWCFiUlUl
8007B784:GetPolyInf1__4cBgWCFiUlUl
8007B954:GetPolyInf2__4cBgWCFiUlUl
8007B424:GetPolyInfId__4cBgWCFi
8007B65C:GetPolyLinkThrough__4dBgWFi
80082CF4:GetPolyLinkThrough__8dBgWKColFi
8007B610:GetPolyObjThrough__4dBgWFi
80082C9C:GetPolyObjThrough__8dBgWKColFi
80077690:GetPolyPassChkInfo__8dBgS_ChkFv
8007B6EC:GetPolyRopeThrough__4dBgWFi
80082DA4:GetPolyRopeThrough__8dBgWKColFi
80086490:GetRank__4dCcSFUc
80085FE0:GetResultCam__12dCcMassS_MngCFv
800750C0:GetRoomCamId__4dBgSFRC13cBgS_PolyInfo
8007B9D8:GetRoomCamId__4dBgWFRC13cBgS_PolyInfo
80082FCC:GetRoomCamId__8dBgWKColFRC13cBgS_PolyInfo
80075230:GetRoomId__4dBgSFRC13cBgS_PolyInfo
80075110:GetRoomPathId__4dBgSFRC13cBgS_PolyInfo
8007BA08:GetRoomPathId__4dBgWFRC13cBgS_PolyInfo
80082FFC:GetRoomPathId__8dBgWKColFRC13cBgS_PolyInfo
80075160:GetRoomPathPntNo__4dBgSFRC13cBgS_PolyInfo
8007BA34:GetRoomPathPntNo__4dBgWFRC13cBgS_PolyInfo
8008302C:GetRoomPathPntNo__8dBgWKColFRC13cBgS_PolyInfo
80084D18:GetShapeAttr__8cCcD_ObjCFv
80085260:GetShapeAttr__8cCcD_ObjFv
80084944:GetShapeAttr__8dCcD_CpsFv
80084A28:GetShapeAttr__8dCcD_CylFv
80084C64:GetShapeAttr__8dCcD_SphFv
800849D4:GetShapeAttr__8dCcD_TriFv
8007B734:GetShdwThrough__4dBgWFi
80082E28:GetShdwThrough__8dBgWKColFi
80074DEC:GetSpecialCode__4dBgSFRC13cBgS_PolyInfo
8007B560:GetSpecialCode__4dBgWFRC13cBgS_PolyInfo
8007B590:GetSpecialCode__4dBgWFi
80082BE0:GetSpecialCode__8dBgWKColFRC13cBgS_PolyInfo
80082C10:GetSpecialCode__8dBgWKColFi
80077314:GetSpeedY__9dBgS_AcchFv
8036FAFC:GetTRKConnected
80084678:GetTgHitGObj__12dCcD_GObjInfFv
800846AC:GetTgHitObjSe__12dCcD_GObjInfFv
80084628:GetTgHitObj__12dCcD_GObjInfFv
8019F9D8:GetTimePass__20dStage_roomControl_cFv
8007B370:GetTopUnder__4cBgWCFPfPf
80082ADC:GetTopUnder__8dBgWKColCFPfPf
8007B2AC:GetTrans__4cBgWCFP4cXyz
8007BA60:GetTriGrp__4cBgWCFi
80074874:GetTriPla__4cBgSCFRC13cBgS_PolyInfoP8cM3dGPla
8007B3A0:GetTriPla__4cBgWCFRC13cBgS_PolyInfo
8007E9C4:GetTriPla__8dBgWKColCFRC13cBgS_PolyInfo
8007E9F0:GetTriPla__8dBgWKColCFi
80074920:GetTriPnt__4cBgSCFRC13cBgS_PolyInfoP4cXyzP4cXyzP4cXyz
8007B2E4:GetTriPnt__4cBgWCFRC13cBgS_PolyInfoP4cXyzP4cXyzP4cXyz
8007EB04:GetTriPnt__8dBgWKColCFPC12KC_PrismDataP3VecP3VecP3Vec
8007EAB0:GetTriPnt__8dBgWKColCFRC13cBgS_PolyInfoP4cXyzP4cXyzP4cXyz
8007EAD4:GetTriPnt__8dBgWKColCFiP3VecP3VecP3Vec
80346B64:GetTypeCallback
80074EDC:GetUnderwaterRoofCode__4dBgSFRC13cBgS_PolyInfo
8007B760:GetUnderwaterRoofCode__4dBgWFi
80082DFC:GetUnderwaterRoofCode__8dBgWKColFi
80372FB0:GetUseSerialIO
80077330:GetWallAddY__9dBgS_AcchFR3Vec
800772A8:GetWallAllLowH_R__9dBgS_AcchFv
80077258:GetWallAllLowH__9dBgS_AcchFv
800770B4:GetWallAllR__9dBgS_AcchFv
80074F30:GetWallCode__4dBgSFRC13cBgS_PolyInfo
8007B808:GetWallCode__4dBgWFRC13cBgS_PolyInfo
80082E84:GetWallCode__8dBgWKColFRC13cBgS_PolyInfo
80264784:GetWeightF__9cCcD_SttsCFv
80265980:GetWt__4cCcSCFUc
802A9D6C:Get_groupID__Q38JMessage18TResourceContainer10TCResourceFUs
800794F4:GlobalVtx__4cBgWFv
802725B4:Globe__7cSPolarCFP7cSGlobe
80076408:GroundCheckInit__9dBgS_AcchFR4dBgS
80076480:GroundCheck__9dBgS_AcchFR4dBgS
8007AB80:GroundCrossGrpRp__4cBgWFP11cBgS_GndChkii
8007AA24:GroundCrossRp__4cBgWFP11cBgS_GndChki
800745D0:GroundCross__4cBgSFP11cBgS_GndChk
8007ACCC:GroundCross__4cBgWFP11cBgS_GndChk
8007F758:GroundCross__8dBgWKColFP11cBgS_GndChk
8007667C:GroundRoofProc__9dBgS_AcchFR4dBgS
801A8790:GxFogSet_Sub__FP8_GXColor
801A8840:GxFog_set__Fv
801A89F8:GxXFog_set__Fv
8036FCC4:HandleCloseFileSupportRequest
8036FDAC:HandleOpenFileSupportRequest
8036FBB4:HandlePositionFileSupportRequest
803D1BE8:HankakuToCode
80452C88:HeapAdjustEntry__6fopAcM
80452C89:HeapAdjustUnk__6fopAcM
80453608:HeapArray
803A4BD4:HeapCheckTable
80453118:Heap__3cMl
80037A30:HitSeStart__5daObjFPC4cXyziPC12dCcD_GObjInfUl
80453680:HoldDown
80453678:HoldUp
8044EAD8:HorVer
80452BFC:HostIOHeap
803D5370:HostioHeapCheck
803745DC:Hu_IsStub
8033C4D4:ICEnable
8033C4C4:ICFlashInvalidate
8033C490:ICInvalidateRange
804536A0:IDSerialPort1
80453744:IDShouldBe
801F211C:IPLSelect2Disp__12dMenu_save_cFv
801F1FB0:IPLSelectDisp1__12dMenu_save_cFv
801F2018:IPLSelectDisp2__12dMenu_save_cFv
8044E268:IdleContext
8044DC38:IdleThread
803D358C:ImmCommand
803CF880:IndMtx
80355C20:InitCallback
80372390:InitMetroTRK
80372CD8:InitMetroTRKCommTable
80372428:InitMetroTRK_BBA
80097D8C:Init__10dPathCurveFP5dPath
80074224:Init__11cBgS_ChkElmFv
80079254:Init__12dBgS_RoofChkFv
80070034:Init__12dVibration_cFv
800979A8:Init__14d2DBSplinePathFll
80078E3C:Init__14dBgS_SplGrpChkFv
801826D4:Init__14dCamForcusLineFv
802646A4:Init__9cCcD_SttsFiiPvUi
800762FC:Init__9dBgS_AcchFv
80083990:Init__9dCcD_SttsFiiP10fopAc_ac_c
80372AB0:InitializeProgramEndTrap
8034579C:InitializeUART
80453810:Initialized
8044E7B0:InputBuffer
8044E7A0:InputBufferValid
8044E7D0:InputBufferVcount
8033AD24:InquiryCallback
8015E284:Insect_GetDemoMain__9dInsect_cFv
80110854:Insect_Release__9dInsect_cFv
8033B708:InsertAlarm
802DD9A8:Insert__Q27JGadget13TNodeLinkListFQ37JGadget13TNodeLinkList8iteratorPQ27JGadget13TLinkListNode
802DDC8C:Insert_raw__Q27JGadget38TVector<Pv,Q27JGadget14TAllocator<Pv>>FPPvUl
80453638:InterruptHandlerTable
803D26F8:InterruptPrioTable
80271EE8:Inv__7cSAngleCFv
8027297C:Invert__7cSGlobeFv
80357778:IsCard
800787E0:IsDelete__16dBgS_MoveBgActorFv
801560BC:IsDelete__20daNpcF_MoveBgActor_cFv
801505F0:IsDelete__23daBaseNpc_moveBgActor_cFv
80452CDC:IsInitOfLayerList$2308
804537A8:IsInitialized
80451248:IsTRKConnected
802F8B00:J2DCast_F32_to_S16__7J2DPaneFfUc
802EA9E8:J2DDrawFrame__FRCQ29JGeometry8TBox2<f>Q28JUtility6TColorUc
802EA99C:J2DDrawFrame__FffffQ28JUtility6TColorUc
802EA798:J2DDrawLine__FffffQ28JUtility6TColori
802EA90C:J2DFillBox__FRCQ29JGeometry8TBox2<f>Q28JUtility6TColor
802EA8C4:J2DFillBox__FffffQ28JUtility6TColor
8030D7B0:J2DGetKeyFrameInterpolation<f>__FfP18J3DAnmKeyTableBasePf
8030D57C:J2DGetKeyFrameInterpolation<s>__FfP18J3DAnmKeyTableBasePs
802F50F0:J2DPrint_print_alpha_va
803D5348:J2dHeapCheck
80312470:J3DCalcBBoardMtx__FPA4_f
80327E48:J3DCalcViewBaseMtx__FPA4_fRC3VecRA3_A4_CfPA4_f
80312560:J3DCalcYBBoardMtx__FPA4_f
800545A8:J3DDrawBuffer__create__FUl
803109CC:J3DFifoLoadNrmMtxImm3x3__FPA3_fUl
80310960:J3DFifoLoadNrmMtxImm__FPA4_fUl
80310AD0:J3DFifoLoadNrmMtxToTexMtx3x3__FPA3_fUl
80310A38:J3DFifoLoadNrmMtxToTexMtx__FPA4_fUl
803108E0:J3DFifoLoadPosMtxImm__FPA4_fUl
80310B68:J3DFifoLoadTexCached__F11_GXTexMapIDUl15_GXTexCacheSizeUl15_GXTexCacheSize
8032579C:J3DGDLoadPostTexMtxImm__FPA4_fUl
8032521C:J3DGDLoadTexMtxImm__FPA4_fUl13_GXTexMtxType
8030F678:J3DGDLoadTlut__FPvUl11_GXTlutSize
80310794:J3DGDSetFogRangeAdj__FUcUsP14_GXFogAdjTable
80310430:J3DGDSetFog__F10_GXFogTypeffff8_GXColor
8030E010:J3DGDSetGenMode_3Param__FUcUcUc
8030DE98:J3DGDSetGenMode__FUcUcUcUc11_GXCullMode
8030FC10:J3DGDSetIndTexCoordScale__F16_GXIndTexStageID14_GXIndTexScale14_GXIndTexScale14_GXIndTexScale14_GXIndTexScale
8030F930:J3DGDSetIndTexMtx__F14_GXIndTexMtxIDPA3_fSc
8030FD08:J3DGDSetIndTexOrder__FUl13_GXTexCoordID11_GXTexMapID13_GXTexCoordID11_GXTexMapID13_GXTexCoordID11_GXTexMapID13_GXTexCoordID11_GXTexMapID
8030E164:J3DGDSetLightAttn__F10_GXLightIDffffff
8030E45C:J3DGDSetLightColor__F10_GXLightID8_GXColor
8030E738:J3DGDSetLightDir__F10_GXLightIDfff
8030E56C:J3DGDSetLightPos__F10_GXLightIDfff
803101FC:J3DGDSetTevColorS10__F11_GXTevRegID11_GXColorS10
80310094:J3DGDSetTevKColor__F14_GXTevKColorID8_GXColor
8030FF08:J3DGDSetTevOrder__F13_GXTevStageID13_GXTexCoordID11_GXTexMapID12_GXChannelID13_GXTexCoordID11_GXTexMapID12_GXChannelID
8030EE64:J3DGDSetTexCoordGen__F13_GXTexGenType12_GXTexGenSrc
8030F034:J3DGDSetTexCoordScale2__F13_GXTexCoordIDUsUcUcUsUcUc
8030F3D4:J3DGDSetTexImgAttr__F11_GXTexMapIDUsUs9_GXTexFmt
8030F50C:J3DGDSetTexImgPtrRaw__F11_GXTexMapIDUl
8030F47C:J3DGDSetTexImgPtr__F11_GXTexMapIDPv
8030F238:J3DGDSetTexLookupMode__F11_GXTexMapID14_GXTexWrapMode14_GXTexWrapMode12_GXTexFilter12_GXTexFilterfffUcUc13_GXAnisotropy
8030F5E0:J3DGDSetTexTlut__F11_GXTexMapIDUl10_GXTlutFmt
8030E904:J3DGDSetVtxAttrFmtv__F9_GXVtxFmtPC17_GXVtxAttrFmtListb
804528DC:J3DGDTexImage0Ids
804528E4:J3DGDTexImage3Ids
804528CC:J3DGDTexMode0Ids
804528D4:J3DGDTexMode1Ids
804528EC:J3DGDTexTlutIds
80312438:J3DGQRSetup7__FUlUlUlUl
8032C8D4:J3DGetKeyFrameInterpolation<f>__FfP18J3DAnmKeyTableBasePf
8032C6A0:J3DGetKeyFrameInterpolation<s>__FfP18J3DAnmKeyTableBasePs
80312AE4:J3DGetTextureMtxMayaOld__FRC17J3DTextureSRTInfoPA4_f
80312A34:J3DGetTextureMtxMaya__FRC17J3DTextureSRTInfoPA4_f
80312980:J3DGetTextureMtxOld__FRC17J3DTextureSRTInfoRC3VecPA4_f
803128CC:J3DGetTextureMtx__FRC17J3DTextureSRTInfoRC3VecPA4_f
80312764:J3DGetTranslateRotateMtx__FRC16J3DTransformInfoPA4_f
80312824:J3DGetTranslateRotateMtx__FsssfffPA4_f
80315CB0:J3DLoadArrayBasePtr__F7_GXAttrPv
80315C98:J3DLoadCPCmd__FUcUl
80312C4C:J3DMtxProjConcat__FPA4_fPA4_fPA4_f
8031269C:J3DPSCalcInverseTranspose__FPA4_fPA3_f
80312D70:J3DPSMtxArrayConcat__FPA4_fPA4_fPA4_fUl
8032D5BC:J3DPSWeightMTXMultVecSR__FPA4_ffP3VecP3Vec
8032D504:J3DPSWeightMTXMultVec__FPA4_ffP3VecP3Vec
80312BF8:J3DScaleNrmMtx33__FPA3_fRC3Vec
80312B94:J3DScaleNrmMtx__FPA4_fRC3Vec
804528FC:J3DTexImage1Ids
80452904:J3DTexImage2Ids
80452938:J3DUnit01
802A02CC:JAISeCategoryMgr_calc___5JAISeFv
802A0104:JAISeCategoryMgr_mixOut___5JAISeFbRC14JASSoundParams16JAISoundActivity
802A0A88:JAISeMgr_acceptsNewSe___16JAISeCategoryMgrCFUl
802A07C4:JAISeMgr_calc___16JAISeCategoryMgrFv
802A0930:JAISeMgr_freeDeadSe___16JAISeCategoryMgrFv
802A0D18:JAISeMgr_mixOut___16JAISeCategoryMgrFRC18JAISoundParamsMove16JAISoundActivity
802A0450:JAISeMgr_startID___5JAISeF10JAISoundIDPCQ29JGeometry8TVec3<f>P11JAIAudience
802A1E8C:JAISeqMgr_calc___6JAISeqFv
802A22FC:JAISeqMgr_mixOut___6JAISeqFRC14JASSoundParams16JAISoundActivity
802A1964:JAISeqMgr_startID___6JAISeqF10JAISoundIDPCQ29JGeometry8TVec3<f>P11JAIAudienceii
802A03C8:JAISound_tryDie___5JAISeFv
802A20BC:JAISound_tryDie___6JAISeqFv
802A45FC:JAISound_tryDie___9JAIStreamFv
802A468C:JAIStreamMgr_calc___9JAIStreamFv
802A42E4:JAIStreamMgr_mixOut___9JAIStreamFRC14JASSoundParams16JAISoundActivity
802A3F9C:JAIStreamMgr_startID___9JAIStreamF10JAISoundIDlPCQ29JGeometry8TVec3<f>P11JAIAudiencei
802A3ED4:JAIStream_JASAramStreamCallback___FUlP13JASAramStreamPv
804531D8:JASDram
80291D64:JASReport__FPCce
802A186C:JASTrack_isFreeOrStopped__20@unnamed@JAISeq_cpp@FP8JASTrack
80452784:JAS_SYSTEM_OUTPUT_MODE__9JASDriver
802A79F4:JAUDynamicSeqDataBlocks_receiveLoaded___FUlUl
802A6D24:JAUNewSectionHeap__FP12JKRSolidHeapb
802A6D9C:JAUNewSectionHeap__Fb
802741A8:JFWDrawDoneAlarm__Fv
80274284:JFWGXAbortAlarmHandler__FP7OSAlarmP9OSContext
80273BD0:JFWThreadAlarmHandler__FP7OSAlarmP9OSContext
802D3630:JKRDecompressFromAramToMainRam__FUlPvUlUlUlPUl
802DBDE8:JKRDecompressFromDVDToAram__FP10JKRDvdFileUlUlUlUlUlPUl
802DAFE4:JKRDecompressFromDVD__FP10JKRDvdFilePvUlUlUlUlPUl
802CF940:JKRDefaultMemoryErrorRoutine__FPvUli
8033A678:JMAEulerToQuat__FsssP10Quaternion
80182C30:JMAFastSqrt__Ff
8033A830:JMAFastVECNormalize__FPC3VecP3Vec
8033A884:JMAMTXApplyScale__FPA4_CfPA4_ffff
8033A738:JMAQuatLerp__FPC10QuaternionPC10QuaternionfP10Quaternion
8033A85C:JMAVECScaleAdd__FPC3VecPC3VecP3Vecf
8027BA10:JPACalcAlphaAnm__FP18JPAEmitterWorkDataP15JPABaseParticle
8027BA98:JPACalcAlphaFlickAnm__FP18JPAEmitterWorkDataP15JPABaseParticle
8027BDDC:JPACalcChildAlphaOut__FP18JPAEmitterWorkDataP15JPABaseParticle
8027BE08:JPACalcChildScaleOut__FP18JPAEmitterWorkDataP15JPABaseParticle
80278108:JPACalcClrIdxMerge__FP18JPAEmitterWorkData
80278114:JPACalcClrIdxMerge__FP18JPAEmitterWorkDataP15JPABaseParticle
80277FBC:JPACalcClrIdxNormal__FP18JPAEmitterWorkData
80277FE8:JPACalcClrIdxNormal__FP18JPAEmitterWorkDataP15JPABaseParticle
80278184:JPACalcClrIdxRandom__FP18JPAEmitterWorkData
80278190:JPACalcClrIdxRandom__FP18JPAEmitterWorkDataP15JPABaseParticle
80278010:JPACalcClrIdxRepeat__FP18JPAEmitterWorkData
80278040:JPACalcClrIdxRepeat__FP18JPAEmitterWorkDataP15JPABaseParticle
8027807C:JPACalcClrIdxReverse__FP18JPAEmitterWorkData
802780BC:JPACalcClrIdxReverse__FP18JPAEmitterWorkDataP15JPABaseParticle
802782BC:JPACalcColorCopy__FP18JPAEmitterWorkDataP15JPABaseParticle
80278240:JPACalcEnv__FP18JPAEmitterWorkData
80278280:JPACalcEnv__FP18JPAEmitterWorkDataP15JPABaseParticle
80281784:JPACalcKeyAnmValue__FfUsPCf
802781C4:JPACalcPrm__FP18JPAEmitterWorkData
80278204:JPACalcPrm__FP18JPAEmitterWorkDataP15JPABaseParticle
8027B814:JPACalcScaleAnmNormal__FP18JPAEmitterWorkDataP15JPABaseParticle
8027B820:JPACalcScaleAnmRepeatX__FP18JPAEmitterWorkDataP15JPABaseParticle
8027B884:JPACalcScaleAnmRepeatY__FP18JPAEmitterWorkDataP15JPABaseParticle
8027B8E8:JPACalcScaleAnmReverseX__FP18JPAEmitterWorkDataP15JPABaseParticle
8027B97C:JPACalcScaleAnmReverseY__FP18JPAEmitterWorkDataP15JPABaseParticle
8027B808:JPACalcScaleCopy__FP18JPAEmitterWorkDataP15JPABaseParticle
8027B718:JPACalcScaleX__FP18JPAEmitterWorkDataP15JPABaseParticle
8027B790:JPACalcScaleY__FP18JPAEmitterWorkDataP15JPABaseParticle
80278978:JPACalcTexIdxMerge__FP18JPAEmitterWorkData
80278994:JPACalcTexIdxMerge__FP18JPAEmitterWorkDataP15JPABaseParticle
802787DC:JPACalcTexIdxNormal__FP18JPAEmitterWorkData
80278818:JPACalcTexIdxNormal__FP18JPAEmitterWorkDataP15JPABaseParticle
80278A0C:JPACalcTexIdxRandom__FP18JPAEmitterWorkData
80278A28:JPACalcTexIdxRandom__FP18JPAEmitterWorkDataP15JPABaseParticle
80278850:JPACalcTexIdxRepeat__FP18JPAEmitterWorkData
80278888:JPACalcTexIdxRepeat__FP18JPAEmitterWorkDataP15JPABaseParticle
802788CC:JPACalcTexIdxReverse__FP18JPAEmitterWorkData
8027891C:JPACalcTexIdxReverse__FP18JPAEmitterWorkDataP15JPABaseParticle
80278C88:JPADrawBillboard__FP18JPAEmitterWorkDataP15JPABaseParticle
80279BA8:JPADrawDBillboard__FP18JPAEmitterWorkDataP15JPABaseParticle
802793F8:JPADrawDirection__FP18JPAEmitterWorkDataP15JPABaseParticle
8027B1D8:JPADrawEmitterCallBackB__FP18JPAEmitterWorkData
80279FB0:JPADrawLine__FP18JPAEmitterWorkDataP15JPABaseParticle
8027B214:JPADrawParticleCallBack__FP18JPAEmitterWorkDataP15JPABaseParticle
80279F10:JPADrawPoint__FP18JPAEmitterWorkDataP15JPABaseParticle
80278D70:JPADrawRotBillboard__FP18JPAEmitterWorkDataP15JPABaseParticle
80279794:JPADrawRotDirection__FP18JPAEmitterWorkDataP15JPABaseParticle
80278F84:JPADrawRotYBillboard__FP18JPAEmitterWorkDataP15JPABaseParticle
80279DC8:JPADrawRotation__FP18JPAEmitterWorkDataP15JPABaseParticle
8027A76C:JPADrawStripeX__FP18JPAEmitterWorkData
8027A174:JPADrawStripe__FP18JPAEmitterWorkData
80278E88:JPADrawYBillboard__FP18JPAEmitterWorkDataP15JPABaseParticle
802783AC:JPAGenCalcTexCrdMtxAnm__FP18JPAEmitterWorkData
8027833C:JPAGenTexCrdMtxAnm__FP18JPAEmitterWorkData
80278304:JPAGenTexCrdMtxIdt__FP18JPAEmitterWorkData
80278374:JPAGenTexCrdMtxPrj__FP18JPAEmitterWorkData
80281388:JPAGetDirMtx__FRCQ29JGeometry8TVec3<f>PA4_f
80281534:JPAGetXYZRotateMtx__FsssPA4_f
802814C0:JPAGetYZRotateMtx__FssPA4_f
80278558:JPALoadCalcTexCrdMtxAnm__FP18JPAEmitterWorkDataP15JPABaseParticle
8027BE40:JPALoadExTex__FP18JPAEmitterWorkData
80278A64:JPALoadPosMtxCam__FP18JPAEmitterWorkData
80278740:JPALoadTexAnm__FP18JPAEmitterWorkData
80278790:JPALoadTexAnm__FP18JPAEmitterWorkDataP15JPABaseParticle
802786EC:JPALoadTex__FP18JPAEmitterWorkData
80277E24:JPARegistAlphaEnv__FP18JPAEmitterWorkDataP15JPABaseParticle
80277BB0:JPARegistAlpha__FP18JPAEmitterWorkDataP15JPABaseParticle
8027BCBC:JPARegistChildPrmEnv__FP18JPAEmitterWorkData
80277A2C:JPARegistEnv__FP18JPAEmitterWorkData
80277F38:JPARegistEnv__FP18JPAEmitterWorkDataP15JPABaseParticle
80277D10:JPARegistPrmAlphaEnv__FP18JPAEmitterWorkDataP15JPABaseParticle
80277C60:JPARegistPrmAlpha__FP18JPAEmitterWorkDataP15JPABaseParticle
80277AB0:JPARegistPrmEnv__FP18JPAEmitterWorkData
80277990:JPARegistPrm__FP18JPAEmitterWorkData
802778CC:JPASetLineWidth__FP18JPAEmitterWorkData
8027794C:JPASetLineWidth__FP18JPAEmitterWorkDataP15JPABaseParticle
80277890:JPASetPointSize__FP18JPAEmitterWorkData
80277908:JPASetPointSize__FP18JPAEmitterWorkDataP15JPABaseParticle
80281608:JPASetRMtxSTVecfromMtx__FPA4_CfPA4_fPQ29JGeometry8TVec3<f>PQ29JGeometry8TVec3<f>
802815E0:JPASetRMtxTVecfromMtx__FPA4_CfPA4_fPQ29JGeometry8TVec3<f>
8027C13C:JPAVolumeCircle__FP18JPAEmitterWorkData
8027C2E8:JPAVolumeCube__FP18JPAEmitterWorkData
8027C67C:JPAVolumeCylinder__FP18JPAEmitterWorkData
8027C020:JPAVolumeLine__FP18JPAEmitterWorkData
8027BF44:JPAVolumePoint__FP18JPAEmitterWorkData
8027C3F0:JPAVolumeSphere__FP18JPAEmitterWorkData
8027C7F8:JPAVolumeTorus__FP18JPAEmitterWorkData
80452C64:JPTracePCB4
80281D00:JSGCreateObject__Q26JStage7TSystemFPCcQ26JStage8TEObjectUl
80281D08:JSGDestroyObject__Q26JStage7TSystemFPQ26JStage7TObject
80281980:JSGFGetType__Q26JStage13TAmbientLightCFv
80281AE0:JSGFGetType__Q26JStage4TFogCFv
802818A8:JSGFGetType__Q26JStage6TActorCFv
80281B88:JSGFGetType__Q26JStage6TLightCFv
80281A00:JSGFGetType__Q26JStage7TCameraCFv
80281CF0:JSGFGetType__Q26JStage7TSystemCFv
8003A18C:JSGFindNodeID__13dDemo_actor_cCFPCc
80281C4C:JSGFindNodeID__Q26JStage7TObjectCFPCc
80039658:JSGFindObject__14dDemo_system_cCFPPQ26JStage7TObjectPCcQ26JStage8TEObject
80281CF8:JSGFindObject__Q26JStage7TSystemCFPPQ26JStage7TObjectPCcQ26JStage8TEObject
80281BBC:JSGGetAngleAttenuation__Q26JStage6TLightCFPfP9_GXSpotFn
8003A1F8:JSGGetAnimationFrameMax__13dDemo_actor_cCFv
802818EC:JSGGetAnimationFrameMax__Q26JStage6TActorCFv
802818E0:JSGGetAnimationFrame__Q26JStage6TActorCFv
802818F4:JSGGetAnimationTransition__Q26JStage6TActorCFv
802818D4:JSGGetAnimation__Q26JStage6TActorCFv
80281988:JSGGetColor__Q26JStage13TAmbientLightCFv
80281B10:JSGGetColor__Q26JStage4TFogCFv
80281B9C:JSGGetColor__Q26JStage6TLightCFv
80281C34:JSGGetData__Q26JStage7TObjectCFUlPvUl
80281BCC:JSGGetDirection__Q26JStage6TLightCFP3Vec
80281BB4:JSGGetDistanceAttenuation__Q26JStage6TLightCFPfPfP13_GXDistAttnFn
80281B00:JSGGetEndZ__Q26JStage4TFogCFv
80281C28:JSGGetFlag__Q26JStage7TObjectCFv
80281AE8:JSGGetFogFunction__Q26JStage4TFogCFv
80281B90:JSGGetLightType__Q26JStage6TLightCFv
80281C1C:JSGGetName__Q26JStage7TObjectCFv
8003A1B8:JSGGetNodeTransformation__13dDemo_actor_cCFUlPA4_f
80281C54:JSGGetNodeTransformation__Q26JStage7TObjectCFUlPA4_f
80281C40:JSGGetParent__Q26JStage7TObjectCFPPQ26JStage7TObjectPUl
80281BC4:JSGGetPosition__Q26JStage6TLightCFP3Vec
80038CCC:JSGGetProjectionAspect__14dDemo_camera_cCFv
80281A3C:JSGGetProjectionAspect__Q26JStage7TCameraCFv
80038C3C:JSGGetProjectionFar__14dDemo_camera_cCFv
80281A20:JSGGetProjectionFar__Q26JStage7TCameraCFv
80281A48:JSGGetProjectionField__Q26JStage7TCameraCFPf
80038C84:JSGGetProjectionFovy__14dDemo_camera_cCFv
80281A30:JSGGetProjectionFovy__Q26JStage7TCameraCFv
80038BF4:JSGGetProjectionNear__14dDemo_camera_cCFv
80281A14:JSGGetProjectionNear__Q26JStage7TCameraCFv
80281A08:JSGGetProjectionType__Q26JStage7TCameraCFv
8003A240:JSGGetRotation__13dDemo_actor_cCFP3Vec
802818C0:JSGGetRotation__Q26JStage6TActorCFP3Vec
8003A224:JSGGetScaling__13dDemo_actor_cCFP3Vec
802818B8:JSGGetScaling__Q26JStage6TActorCFP3Vec
802818C8:JSGGetShape__Q26JStage6TActorCFv
80281AF4:JSGGetStartZ__Q26JStage4TFogCFv
80281D0C:JSGGetSystemData__Q26JStage7TSystemFUl
8003A200:JSGGetTextureAnimationFrameMax__13dDemo_actor_cCFv
80281918:JSGGetTextureAnimationFrameMax__Q26JStage6TActorCFv
8028190C:JSGGetTextureAnimationFrame__Q26JStage6TActorCFv
80281900:JSGGetTextureAnimation__Q26JStage6TActorCFv
8003A208:JSGGetTranslation__13dDemo_actor_cCFP3Vec
802818B0:JSGGetTranslation__Q26JStage6TActorCFP3Vec
80038D14:JSGGetViewPosition__14dDemo_camera_cCFP3Vec
80281A5C:JSGGetViewPosition__Q26JStage7TCameraCFP3Vec
80038EB4:JSGGetViewRoll__14dDemo_camera_cCFv
80281A74:JSGGetViewRoll__Q26JStage7TCameraCFv
80038E28:JSGGetViewTargetPosition__14dDemo_camera_cCFP3Vec
80281A6C:JSGGetViewTargetPosition__Q26JStage7TCameraCFP3Vec
80281A50:JSGGetViewType__Q26JStage7TCameraCFv
80038D9C:JSGGetViewUpVector__14dDemo_camera_cCFP3Vec
80281A64:JSGGetViewUpVector__Q26JStage7TCameraCFP3Vec
80038FD8:JSGSetAngleAttenuation__13dDemo_light_cFf9_GXSpotFn
80281BC0:JSGSetAngleAttenuation__Q26JStage6TLightFf9_GXSpotFn
80038B70:JSGSetAnimationFrame__13dDemo_actor_cFf
802818E8:JSGSetAnimationFrame__Q26JStage6TActorFf
80038B84:JSGSetAnimationTransition__13dDemo_actor_cFf
802818FC:JSGSetAnimationTransition__Q26JStage6TActorFf
80038B50:JSGSetAnimation__13dDemo_actor_cFUl
802818DC:JSGSetAnimation__Q26JStage6TActorFUl
80039054:JSGSetColor__11dDemo_fog_cF8_GXColor
80038F8C:JSGSetColor__13dDemo_light_cF8_GXColor
80038F20:JSGSetColor__15dDemo_ambient_cF8_GXColor
8028199C:JSGSetColor__Q26JStage13TAmbientLightF8_GXColor
80281B24:JSGSetColor__Q26JStage4TFogF8_GXColor
80281BB0:JSGSetColor__Q26JStage6TLightF8_GXColor
8003891C:JSGSetData__13dDemo_actor_cFUlPCvUl
80281C3C:JSGSetData__Q26JStage7TObjectFUlPCvUl
80038FF0:JSGSetDirection__13dDemo_light_cFRC3Vec
80281BD0:JSGSetDirection__Q26JStage6TLightFRC3Vec
80038FBC:JSGSetDistanceAttenuation__13dDemo_light_cFff13_GXDistAttnFn
80281BB8:JSGSetDistanceAttenuation__Q26JStage6TLightFff13_GXDistAttnFn
80039040:JSGSetEndZ__11dDemo_fog_cFf
80281B0C:JSGSetEndZ__Q26JStage4TFogFf
80281C30:JSGSetFlag__Q26JStage7TObjectFUl
80039018:JSGSetFogFunction__11dDemo_fog_cF10_GXFogType
80281AF0:JSGSetFogFunction__Q26JStage4TFogF10_GXFogType
80038F50:JSGSetLightType__13dDemo_light_cFQ26JStage7TELight
80281B98:JSGSetLightType__Q26JStage6TLightFQ26JStage7TELight
80281C44:JSGSetParent__Q26JStage7TObjectFPQ26JStage7TObjectUl
80038F64:JSGSetPosition__13dDemo_light_cFRC3Vec
80281BC8:JSGSetPosition__Q26JStage6TLightFRC3Vec
80038D00:JSGSetProjectionAspect__14dDemo_camera_cFf
80281A44:JSGSetProjectionAspect__Q26JStage7TCameraFf
80038C70:JSGSetProjectionFar__14dDemo_camera_cFf
80281A2C:JSGSetProjectionFar__Q26JStage7TCameraFf
80281A4C:JSGSetProjectionField__Q26JStage7TCameraFPCf
80038CB8:JSGSetProjectionFovy__14dDemo_camera_cFf
80281A38:JSGSetProjectionFovy__Q26JStage7TCameraFf
80038C28:JSGSetProjectionNear__14dDemo_camera_cFf
80281A1C:JSGSetProjectionNear__Q26JStage7TCameraFf
80281A10:JSGSetProjectionType__Q26JStage7TCameraFQ26JStage18TECameraProjection
80281C48:JSGSetRelation__Q26JStage7TObjectFbPQ26JStage7TObjectUl
80038AD8:JSGSetRotation__13dDemo_actor_cFRC3Vec
802818C4:JSGSetRotation__Q26JStage6TActorFRC3Vec
80038AB0:JSGSetScaling__13dDemo_actor_cFRC3Vec
802818BC:JSGSetScaling__Q26JStage6TActorFRC3Vec
80038B3C:JSGSetShape__13dDemo_actor_cFUl
802818D0:JSGSetShape__Q26JStage6TActorFUl
8003902C:JSGSetStartZ__11dDemo_fog_cFf
80281AFC:JSGSetStartZ__Q26JStage4TFogFf
80281D14:JSGSetSystemData__Q26JStage7TSystemFUlUl
80038BAC:JSGSetTextureAnimationFrame__13dDemo_actor_cFf
80281914:JSGSetTextureAnimationFrame__Q26JStage6TActorFf
80038B98:JSGSetTextureAnimation__13dDemo_actor_cFUl
80281908:JSGSetTextureAnimation__Q26JStage6TActorFUl
80038A50:JSGSetTranslation__13dDemo_actor_cFRC3Vec
802818B4:JSGSetTranslation__Q26JStage6TActorFRC3Vec
80038D74:JSGSetViewPosition__14dDemo_camera_cFRC3Vec
80281A60:JSGSetViewPosition__Q26JStage7TCameraFRC3Vec
80038F0C:JSGSetViewRoll__14dDemo_camera_cFf
80281A7C:JSGSetViewRoll__Q26JStage7TCameraFf
80038E8C:JSGSetViewTargetPosition__14dDemo_camera_cFRC3Vec
80281A70:JSGSetViewTargetPosition__Q26JStage7TCameraFRC3Vec
80281A58:JSGSetViewType__Q26JStage7TCameraFQ26JStage12TECameraView
80038E00:JSGSetViewUpVector__14dDemo_camera_cFRC3Vec
80281A68:JSGSetViewUpVector__Q26JStage7TCameraFRC3Vec
80281C24:JSGUpdate__Q26JStage7TObjectFv
80335474:JSUConvertOffsetToPtr<10J3DCluster>__FPCvPCv
80333A84:JSUConvertOffsetToPtr<10J3DFogInfo>__FPCvPCv
802F4FE8:JSUConvertOffsetToPtr<11_GXColorS10>__FPCvPCv
802F5090:JSUConvertOffsetToPtr<11_GXCullMode>__FPCvPCv
802F4F70:JSUConvertOffsetToPtr<12J2DBlendInfo>__FPCvPCv
80333A54:JSUConvertOffsetToPtr<12J3DBlendInfo>__FPCvPCv
80333B44:JSUConvertOffsetToPtr<12J3DLightInfo>__FPCvPCv
80333A3C:JSUConvertOffsetToPtr<12J3DZModeInfo>__FPCvPCv
802F5018:JSUConvertOffsetToPtr<13J2DTexMtxInfo>__FPCvPCv
8033545C:JSUConvertOffsetToPtr<13J3DClusterKey>__FPCvPCv
80333AFC:JSUConvertOffsetToPtr<13J3DTexMtxInfo>__FPCvPCv
802F50A8:JSUConvertOffsetToPtr<14J2DIndInitData>__FPCvPCv
80333B74:JSUConvertOffsetToPtr<14J3DIndInitData>__FPCvPCv
80338928:JSUConvertOffsetToPtr<14_GXVtxDescList>__FPCvUl
802F5000:JSUConvertOffsetToPtr<15J2DTevOrderInfo>__FPCvPCv
802F4FD0:JSUConvertOffsetToPtr<15J2DTevStageInfo>__FPCvPCv
802F5030:JSUConvertOffsetToPtr<15J2DTexCoordInfo>__FPCvPCv
80333A24:JSUConvertOffsetToPtr<15J3DNBTScaleInfo>__FPCvPCv
803339F4:JSUConvertOffsetToPtr<15J3DPatchingInfo>__FPCvPCv
80333AE4:JSUConvertOffsetToPtr<15J3DTevOrderInfo>__FPCvPCv
80333ACC:JSUConvertOffsetToPtr<15J3DTevStageInfo>__FPCvPCv
80333B2C:JSUConvertOffsetToPtr<15J3DTexCoordInfo>__FPCvPCv
802F4F88:JSUConvertOffsetToPtr<16J2DAlphaCompInfo>__FPCvPCv
802F5048:JSUConvertOffsetToPtr<16J2DColorChanInfo>__FPCvPCv
80333A6C:JSUConvertOffsetToPtr<16J3DAlphaCompInfo>__FPCvPCv
80335444:JSUConvertOffsetToPtr<16J3DClusterVertex>__FPCvPCv
80333B5C:JSUConvertOffsetToPtr<16J3DColorChanInfo>__FPCvPCv
80338138:JSUConvertOffsetToPtr<16J3DJointInitData>__FPCvUl
80337564:JSUConvertOffsetToPtr<16J3DShapeInitData>__FPCvUl
80333B14:JSUConvertOffsetToPtr<16J3DTexCoord2Info>__FPCvPCv
803339DC:JSUConvertOffsetToPtr<17J3DCurrentMtxInfo>__FPCvPCv
8033754C:JSUConvertOffsetToPtr<17J3DModelHierarchy>__FPCvPCv
80337534:JSUConvertOffsetToPtr<17_GXVtxAttrFmtList>__FPCvPCv
802F4FB8:JSUConvertOffsetToPtr<18J2DTevSwapModeInfo>__FPCvPCv
8030B288:JSUConvertOffsetToPtr<18J3DAnmCRegKeyTable>__FPCvPCv
8030B270:JSUConvertOffsetToPtr<18J3DAnmKRegKeyTable>__FPCvPCv
80333A0C:JSUConvertOffsetToPtr<18J3DDisplayListInit>__FPCvPCv
80333AB4:JSUConvertOffsetToPtr<18J3DTevSwapModeInfo>__FPCvPCv
802F50D8:JSUConvertOffsetToPtr<19J2DMaterialInitData>__FPCvPCv
8030B300:JSUConvertOffsetToPtr<19J3DAnmColorKeyTable>__FPCvPCv
80333B8C:JSUConvertOffsetToPtr<19J3DMaterialInitData>__FPCvPCv
803388F8:JSUConvertOffsetToPtr<19J3DShapeMtxInitData>__FPCvUl
8030B2B8:JSUConvertOffsetToPtr<20J3DAnmColorFullTable>__FPCvPCv
803388E0:JSUConvertOffsetToPtr<20J3DShapeDrawInitData>__FPCvUl
8033A648:JSUConvertOffsetToPtr<21J3DAnmClusterKeyTable>__FPCvPCv
8033A660:JSUConvertOffsetToPtr<22J3DAnmClusterFullTable>__FPCvPCv
802F4FA0:JSUConvertOffsetToPtr<23J2DTevSwapModeTableInfo>__FPCvPCv
8030B378:JSUConvertOffsetToPtr<23J3DAnmTransformKeyTable>__FPCvPCv
8030B2E8:JSUConvertOffsetToPtr<23J3DAnmVtxColorIndexData>__FPCvPCv
80334F18:JSUConvertOffsetToPtr<23J3DMaterialInitData_v21>__FPCvPCv
80333A9C:JSUConvertOffsetToPtr<23J3DTevSwapModeTableInfo>__FPCvPCv
8030B2D0:JSUConvertOffsetToPtr<24J3DAnmTransformFullTable>__FPCvPCv
8030B2A0:JSUConvertOffsetToPtr<25J3DAnmTexPatternFullTable>__FPCvPCv
8030B258:JSUConvertOffsetToPtr<25J3DAnmVisibilityFullTable>__FPCvPCv
8030B318:JSUConvertOffsetToPtr<3Vec>__FPCvPCv
8030B330:JSUConvertOffsetToPtr<7ResNTAB>__FPCvPCv
803374EC:JSUConvertOffsetToPtr<7ResTIMG>__FPCvPCv
802F5078:JSUConvertOffsetToPtr<8_GXColor>__FPCvPCv
80337504:JSUConvertOffsetToPtr<A3_A4_f>__FPCvPCv
8029A320:JSUConvertOffsetToPtr<Q211JASWSParser10TCtrlGroup>__FPCvUl
8029A308:JSUConvertOffsetToPtr<Q211JASWSParser10TCtrlScene>__FPCvUl
8029A2C0:JSUConvertOffsetToPtr<Q211JASWSParser12TWaveArchive>__FPCvUl
8029A2D8:JSUConvertOffsetToPtr<Q211JASWSParser16TWaveArchiveBank>__FPCvUl
8029A2F0:JSUConvertOffsetToPtr<Q211JASWSParser5TCtrl>__FPCvUl
8029A2A8:JSUConvertOffsetToPtr<Q211JASWSParser5TWave>__FPCvUl
8029A290:JSUConvertOffsetToPtr<Q211JASWSParser9TCtrlWave>__FPCvUl
8029AE00:JSUConvertOffsetToPtr<Q213JASOscillator5Point>__FPCvUl
8029AE18:JSUConvertOffsetToPtr<Q312JASBNKParser4Ver04TOsc>__FPCvUl
8029AE30:JSUConvertOffsetToPtr<Q312JASBNKParser4Ver05TInst>__FPCvUl
8029ADB8:JSUConvertOffsetToPtr<Q312JASBNKParser4Ver05TPerc>__FPCvUl
8029ADA0:JSUConvertOffsetToPtr<Q312JASBNKParser4Ver05TPmap>__FPCvUl
8029ADD0:JSUConvertOffsetToPtr<Q312JASBNKParser4Ver05TVmap>__FPCvUl
8029ADE8:JSUConvertOffsetToPtr<Q312JASBNKParser4Ver07TKeymap>__FPCvUl
802F5060:JSUConvertOffsetToPtr<Uc>__FPCvPCv
80338910:JSUConvertOffsetToPtr<Uc>__FPCvUl
802F50C0:JSUConvertOffsetToPtr<Us>__FPCvPCv
8033757C:JSUConvertOffsetToPtr<Us>__FPCvUl
8030B360:JSUConvertOffsetToPtr<f>__FPCvPCv
8030B348:JSUConvertOffsetToPtr<s>__FPCvPCv
8033751C:JSUConvertOffsetToPtr<v>__FPCvPCv
802E8D30:JUTConsole_print_f_va_
802E9328:JUTGetReportConsole
802E9338:JUTGetWarningConsole
802E9448:JUTReportConsole
802E93C8:JUTReportConsole_f
802E9340:JUTReportConsole_f_va
802E1330:JUTReport__FiiPCce
802E1400:JUTReport__FiiiPCce
8039F700:JUTResFONT_Ascfont_fix12
802E9320:JUTSetReportConsole
802E9330:JUTSetWarningConsole
802E94FC:JUTWarningConsole
802E947C:JUTWarningConsole_f
80452FF4:JumpCushion$9801
803405FC:KillThreads
8006FF30:Kill__12dVibration_cFv
8033C6F8:L2GlobalInvalidate
8033C5EC:LCDisable
8033C5B4:LCEnable
8033C6E4:LCQueueWait
8033C614:LCStoreBlocks
8033C638:LCStoreData
8000614C:LOAD_COPYDATE__FPv
80007CD0:LRlockCheck__8mDoCPd_cFP27interface_of_controller_pad
80453718:LastCommandWasRead
80453770:LastError
804536DC:LastLength
80453708:LastReadFinished
80453710:LastReadIssued
804536E8:LastResetEnd
8045300C:LatMax$14967
80453008:LatMin$14963
803D3FC0:LatencyTable
80452FFC:LatitudeLimitMax$9807
803D3018:LeapYearDays
8007A65C:LineCheckGrpRp__4cBgWFP11cBgS_LinChkii
8007A4D0:LineCheckRp__4cBgWFP11cBgS_LinChki
8007A788:LineCheck__4cBgWFP11cBgS_LinChk
8007EF64:LineCheck__8dBgWKColFP11cBgS_LinChk
80076754:LineCheck__9dBgS_AcchFR4dBgS
800744E4:LineCross__4cBgSFP11cBgS_LinChk
8033F030:Link
800188F4:Link__7cDylPhsFP30request_of_phase_process_classs
80016A64:LoadSync__15mDoMemCd_Ctrl_cFPvUlUl
8016E630:LockEdge__12dAttention_cFv
8007370C:LockonReleaseDistanse__12dAttention_cFv
800737FC:LockonTargetPId__12dAttention_cFl
8007366C:LockonTarget__12dAttention_cFl
80073914:LockonTruth__12dAttention_cFv
80452780:MAX_MIXERLEVEL__9JASDriver
8045279C:MAX_VOLUME_DISTANCE__7Z2Param
8033FAA8:MEMIntrruptHandler
80453300:MIN_DISTANCE_VOLUME__7Z2Param
8037B560:MQ_patt__12dVibration_c
8037B4B0:MS_patt__12dVibration_c
80453998:MTRCallback
80373FF8:MWCallback
80373AF8:MWEnterCriticalSection
80373AD4:MWExitCriticalSection
80373B28:MWInitializeCriticalSection
80373A84:MWTRACE
80453CE8:M_dir_base__Q212daObjMovebox5Act_c
803C504C:MainProc
80079B98:MakeBlckBnd__4cBgWFiP4cXyzP4cXyz
80079B10:MakeBlckMinMax__4cBgWFiP4cXyzP4cXyz
80079ABC:MakeBlckTransMinMax__4cBgWFP4cXyzP4cXyz
80079DF4:MakeNodeTreeGrpRp__4cBgWFi
80079D0C:MakeNodeTreeRp__4cBgWFi
80079F20:MakeNodeTree__4cBgWFv
804529F4:MakeStatus
8008743C:MassClear__4dCcSFv
8007E130:MatrixCrrPos__4dBgWFRC13cBgS_PolyInfoPvbP4cXyzP5csXyzP5csXyz
80083708:MatrixCrrPos__6dBgWSvFRC13cBgS_PolyInfoPvbP4cXyzP5csXyzP5csXyz
800830C4:MatrixCrrPos__8dBgWKColFRC13cBgS_PolyInfoPvbP4cXyzP5csXyzP5csXyz
8045372C:MaxEntryNum
8018E6D8:MemCardCheckMain__14dFile_select_cFv
803BCE0C:MemCardCheckProc
8018F3D8:MemCardErrMsgWaitFormatSel2__14dFile_select_cFv
8018F334:MemCardErrMsgWaitFormatSel__14dFile_select_cFv
8018EB48:MemCardErrMsgWaitKey__14dFile_select_cFv
8018EF8C:MemCardErrMsgWaitNoSaveSel__14dFile_select_cFv
8018FE04:MemCardErrYesNoCursorMoveAnm__14dFile_select_cFv
8018F580:MemCardFormatCheck__14dFile_select_cFv
8018F28C:MemCardFormatNoSelDisp__14dFile_select_cFv
8018F510:MemCardFormatWait__14dFile_select_cFv
8018F434:MemCardFormatYesSel2Disp__14dFile_select_cFv
8018F208:MemCardFormatYesSelDisp__14dFile_select_cFv
8018F4B0:MemCardFormat__14dFile_select_cFv
8018EC9C:MemCardGotoIPLSelectDisp__14dFile_select_cFv
8018ED1C:MemCardGotoIPLSelect__14dFile_select_cFv
8018EDD8:MemCardGotoIPL__14dFile_select_cFv
8018E9D0:MemCardLoadWait__14dFile_select_cFv
8018F85C:MemCardMakeGameFileCheck__14dFile_select_cFv
8018F694:MemCardMakeGameFileSelDisp__14dFile_select_cFv
8018F60C:MemCardMakeGameFileSel__14dFile_select_cFv
8018F7EC:MemCardMakeGameFileWait__14dFile_select_cFv
8018F78C:MemCardMakeGameFile__14dFile_select_cFv
8018FB80:MemCardMsgWindowClose__14dFile_select_cFv
8018F8E8:MemCardMsgWindowInitOpen__14dFile_select_cFv
8018FAE4:MemCardMsgWindowOpen__14dFile_select_cFv
8018EBE0:MemCardNoFileSpaceDisp__14dFile_select_cFv
8018EEC8:MemCardNoSaveSelDisp__14dFile_select_cFv
80190414:MemCardSaveDataClear__14dFile_select_cFv
803E1BC0:MemCardStack
8018E710:MemCardStatCheck__14dFile_select_cFv
803E2BC0:MemCardThread
803E2EE0:MemCardWorkArea0
803C0104:MenuSaveProc
803BC570:MenuSelEndFrameTbl
803BC564:MenuSelStartFrameTbl
802507E0:MenuSelectAnm2__7dName_cFv
8025093C:MenuSelectAnm3__7dName_cFv
802506CC:MenuSelectAnmInit__7dName_cFv
80250720:MenuSelectAnm__7dName_cFv
80250354:MenuSelect__7dName_cFv
8042736C:MidnaAdditionVec__25@unnamed@d_ev_camera_cpp@
80163F5C:ModeFix__9dCamera_cFl
80263F4C:ModuleConstructorsX
80263F90:ModuleDestructorsX
80263E8C:ModuleEpilog
80263E88:ModuleProlog
80263E90:ModuleUnresolved
8024F974:MojiSelectAnm2__7dName_cFv
8024F9F8:MojiSelectAnm3__7dName_cFv
8024F844:MojiSelectAnmInit__7dName_cFv
8024F8F0:MojiSelectAnm__7dName_cFv
8024F55C:MojiSelect__7dName_cFv
80453780:MotorState
80266C18:MoveAfterCheck__4cCcSFv
800873D8:MoveAfterCheck__4dCcSFv
800787F8:MoveBGCreateHeap__16dBgS_MoveBgActorFv
8014F724:MoveBGCreateHeap__23daBaseNpc_moveBgActor_cFv
800788EC:MoveBGCreate__16dBgS_MoveBgActorFPCciPFP4dBgWPvRC13cBgS_PolyInfobP4cXyzP5csXyzP5csXyz_vUlPA3_A4_f
8014F818:MoveBGCreate__23daBaseNpc_moveBgActor_cFPCciPFP4dBgWPvRC13cBgS_PolyInfobP4cXyzP5csXyzP5csXyz_vUl
80078A0C:MoveBGDelete__16dBgS_MoveBgActorFv
8014F908:MoveBGDelete__23daBaseNpc_moveBgActor_cFv
80078A80:MoveBGExecute__16dBgS_MoveBgActorFv
8014F97C:MoveBGExecute__23daBaseNpc_moveBgActor_cFv
800758A4:MoveBgCrrPos__4dBgSFRC13cBgS_PolyInfobP4cXyzP5csXyzP5csXyzbb
80075A8C:MoveBgMatrixCrrPos__4dBgSFRC13cBgS_PolyInfobP4cXyzP5csXyzP5csXyz
800759B0:MoveBgTransPos__4dBgSFRC13cBgS_PolyInfobP4cXyzP5csXyzP5csXyz
80084A84:MoveCAt__8dCcD_CylFR4cXyz
80084BF4:MoveCAt__8dCcD_SphFR4cXyz
80084AF4:MoveCTg__8dCcD_CylFR4cXyz
80083960:Move__10dCcD_GSttsFv
8007AD40:Move__4cBgWFv
80266ACC:Move__4cCcSFv
80074AD8:Move__4dBgSFv
8007BAF0:Move__4dBgWFv
800873E0:Move__4dCcSFv
80271C4C:MtxInit__Fv
80271CEC:MtxPosition__FP4cXyzP4cXyz
80271D58:MtxPull__Fv
80271D1C:MtxPush__Fv
80271CA4:MtxScale__FfffUc
80271C5C:MtxTrans__FfffUc
8045306C:MyClass__12dMenu_Fmap_c
802519F4:NameStrSet__7dName_cFv
801A8E5C:NewAmbColGet__FP11_GXColorS10
804537F8:NextBufAddr
8045371C:NextCommandNumber
80271E98:Norm__7cSAngleCFv
80272930:Norm__7cSGlobeCFv
80162F44:NotRun__9dCamera_cFv
80157F0C:NpcCreate__10daNpcCd2_cFi
80156268:NpcCreate__9daNpcCd_cFi
803CF840:NullTexData
8045360C:NumHeaps
80453774:NumInternalRetry
80453CF4:OPEN_ACCEL__7daDsh_c
80453D00:OPEN_BOUND_RATIO__7daDsh_c
80453CFC:OPEN_BOUND_SPEED__7daDsh_c
80453CF0:OPEN_SIZE__7daDsh_c
80453CF8:OPEN_SPEED__7daDsh_c
8033C0AC:OSAllocFromArenaLo
80006814:OSAttention
8039CE54:OSC_ENV
8039CE7C:OSC_ENV$261
8039CE48:OSC_RELEASE_TABLE
8039CE70:OSC_RELEASE_TABLE$260
8033BA3C:OSCancelAlarm
803423C4:OSCancelThread
80342D6C:OSCheckActiveThreads
8033CE00:OSClearContext
803434BC:OSClearStack
8033B6F8:OSCreateAlarm
8033C020:OSCreateHeap
803420F8:OSCreateThread
8033B5B4:OSDefaultExceptionHandler
80342580:OSDetachThread
8033E4F4:OSDisableInterrupts
80341B30:OSDisableScheduler
8033CEE0:OSDumpContext
8033E508:OSEnableInterrupts
80341B70:OSEnableScheduler
8033B240:OSExceptionInit
804535EC:OSExceptionTable
8033B518:OSExceptionVector
803422E0:OSExitThread
8033D254:OSFillFPUContext
8033BF24:OSFreeToHeap
8033C08C:OSGetArenaHi
8033C094:OSGetArenaLo
8033ACFC:OSGetConsoleType
8033CC94:OSGetCurrentContext
80341AF0:OSGetCurrentThread
80341520:OSGetEuRgb60Mode
8033E354:OSGetFontEncode
80341764:OSGetGbsMode
803414B4:OSGetLanguage
803409D8:OSGetResetButtonState
803408AC:OSGetResetCode
80340C70:OSGetResetSwitchState
8034044C:OSGetSaveRegion
80341390:OSGetSoundMode
8033CDF8:OSGetStackPointer
80342CC8:OSGetThreadPriority
80343580:OSGetTick
80343568:OSGetTime
80341634:OSGetWirelessID
8033AD60:OSInit
8033B6A0:OSInitAlarm
8033BFB0:OSInitAlloc
80340110:OSInitCond
8033CE24:OSInitContext
8033F794:OSInitMessageQueue
8033FE08:OSInitMutex
80341AE0:OSInitThreadQueue
80341AFC:OSIsThreadTerminated
8033F998:OSJamMessage
8033F310:OSLink
8033F334:OSLinkFixed
8033CD20:OSLoadContext
8033FE40:OSLockMutex
8033ED60:OSNotifyLink
8033ED64:OSNotifyUnlink
80006E7C:OSPanic
8033FB14:OSProtectRange
8033F8BC:OSReceiveMessage
80340460:OSRegisterResetFunction
8033B674:OSRegisterVersion
80006ABC:OSReport
80006894:OSReportDisable
800068A0:OSReportEnable
800068B8:OSReportForceEnableOff
800068AC:OSReportForceEnableOn
800068C4:OSReportInit__Fv
80006C0C:OSReport_Error
80006B3C:OSReport_FatalError
80006DCC:OSReport_System
80006CEC:OSReport_Warning
803406AC:OSResetSystem
8033E51C:OSRestoreInterrupts
80342620:OSResumeThread
8033CCA0:OSSaveContext
8033CC30:OSSaveFPUContext
8033F7F4:OSSendMessage
8033B958:OSSetAlarm
8033C09C:OSSetArenaHi
8033C0A4:OSSetArenaLo
8033CC38:OSSetCurrentContext
8033BFA0:OSSetCurrentHeap
8033D380:OSSetErrorHandler
80341590:OSSetEuRgb60Mode
803417D4:OSSetGbsMode
8033B9C0:OSSetPeriodicAlarm
80340440:OSSetSaveRegion
80341410:OSSetSoundMode
8033ED68:OSSetStringTable
80341914:OSSetSwitchThreadCallback
80342C08:OSSetThreadPriority
803416B8:OSSetWirelessID
80340204:OSSignalCond
80342A18:OSSleepThread
803428A8:OSSuspendThread
8033D188:OSSwitchFPUContext
80006798:OSSwitchFiberEx__FUlUlUlUlUlUl
803437E0:OSTicksToCalendarTime
80340054:OSTryLockMutex
8033F5A8:OSUnlink
8033FF1C:OSUnlockMutex
800067F4:OSVAttention__FPCcP16__va_list_struct
80006A9C:OSVReport
80340130:OSWaitCond
80342B04:OSWakeupThread
803420BC:OSYieldThread
80158134:ObjCreate__10daNpcCd2_cFi
801563F4:ObjCreate__9daNpcCd_cFi
8007E5D4:OffMoveFlag__4dBgWFv
8007EC9C:OffMoveFlag__8dBgWKColFv
801827F0:Off__14dCamForcusLineFv
8007751C:OnWallSort__9dBgS_AcchFv
804526F8:OptYnSelEndFrameTbl
804526F0:OptYnSelStartFrameTbl
8044EB40:Origin
8036FB0C:OutputData
8034EEC4:PADClamp
8034EFD8:PADClampCircle
8034FFD0:PADControlMotor
8034FB80:PADInit
8034F288:PADOriginCallback
8034F34C:PADOriginUpdateCallback
8034F418:PADProbeCallback
8034FCD0:PADRead
8034FA6C:PADRecalibrate
8034F81C:PADReceiveCheckCallback
8034F95C:PADReset
80350840:PADSetAnalogMode
803509D0:PADSetSamplingCallback
80350088:PADSetSpec
8034F4F0:PADTypeAndStatusCallback
803A4228:PIo2
8033ABA4:PPCDisableSpeculation
8033AB00:PPCHalt
8033AB44:PPCMffpscr
8033AAD0:PPCMfhid0
8033AB8C:PPCMfhid2
8033AAE0:PPCMfl2cr
8033AAC0:PPCMfmsr
8033AAF0:PPCMtdec
8033AB64:PPCMtfpscr
8033AAD8:PPCMthid0
8033AB94:PPCMthid2
8033AAE8:PPCMtl2cr
8033AB14:PPCMtmmcr0
8033AB1C:PPCMtmmcr1
8033AAC8:PPCMtmsr
8033AB24:PPCMtpmc1
8033AB2C:PPCMtpmc2
8033AB34:PPCMtpmc3
8033AB3C:PPCMtpmc4
8033AB9C:PPCMtwpar
8033ABCC:PPCSetFpNonIEEEMode
8033AAF8:PPCSync
80347350:PSMTXConcat
8034731C:PSMTXCopy
803472F0:PSMTXIdentity
8034741C:PSMTXInverse
80347BD8:PSMTXMultVec
80347C2C:PSMTXMultVecArray
80347D0C:PSMTXMultVecArraySR
80347CB8:PSMTXMultVecSR
80347854:PSMTXQuat
803476E4:PSMTXRotAxisRad
80347514:PSMTXRotRad
80347584:PSMTXRotTrig
803477D4:PSMTXScale
803477FC:PSMTXScaleApply
80347754:PSMTXTrans
80347788:PSMTXTransApply
803CF898:PSMulUnit01
80348284:PSQUATMultiply
80347EFC:PSVECAdd
80348020:PSVECCrossProduct
80348230:PSVECDistance
80348000:PSVECDotProduct
80347FBC:PSVECMag
80347F60:PSVECNormalize
80347F44:PSVECScale
80348208:PSVECSquareDistance
80347FA4:PSVECSquareMag
80347F20:PSVECSubtract
8033D880:PackArgs
8044E5F0:Packet
80453630:ParseString
8033E3B8:ParseStringS
804558D4:PatternLengthMax__Q29dCamera_c23@class$3669d_camera_cpp
8045374C:PauseFlag
80070068:Pause__12dVibration_cFv
80453750:PausingFlag
80453828:PendingBits
80088AB8:PlayerHideDist__11dCamSetup_cFv
80264734:PlusCcMove__9cCcD_SttsFfff
80264770:PlusDmg__9cCcD_SttsFi
8026FC68:PlusR__8cM3dGAabFf
802728F4:Polar__7cSGlobeCFP7cSPolar
804537C4:PositionCallback
804537C0:PostCB
804537BC:PreCB
80268D40:PreCalc__11cBgS_LinChkFv
80268B44:PreCheck__11cBgS_GndChkFv
8039BFA8:PreLoadInfoT
800857C0:Prepare__12dCcMassS_MngFv
80453620:Prepared
8044E8A8:Prev
80141CD8:PrmAbstract<Q312daObjMovebox5Act_c5Prm_e>__5daObjFPC10fopAc_ac_cQ312daObjMovebox5Act_c5Prm_eQ312daObjMovebox5Act_c5Prm_e
80345454:ProbeBarnacle
8008698C:ProcAtTgHitmark__4dCcSFbbP8cCcD_ObjP8cCcD_ObjP12dCcD_GObjInfP12dCcD_GObjInfP9cCcD_SttsP9cCcD_SttsP10dCcD_GSttsP10dCcD_GSttsP4cXyzb
80075D9C:PushPullCallBack__4dBgSFRC13cBgS_PolyInfoP10fopAc_ac_csQ29dBgW_Base13PushPullLabel
801616D0:QuickStart__9dCamera_cFv
8044E790:RDSTHandler
80182C70:R__7cSGlobeCFv
80182C58:R__7cSGlobeFf
802721E0:Radian__7cDegreeCFv
80271E64:Radian__7cSAngleCFv
803488F4:Read
80354EC0:ReadArrayUnlock
80359488:ReadCallback
8033DA44:ReadDisc
803707FC:ReadFPSCR
8033FCD8:RealMode
8045381C:RecalibrateBits
804539A4:RecvDataLeng
8015AFD8:Reflect__FP4cXyzRC13cBgS_PolyInfof
80074240:Regist2__11cBgS_ChkElmFP9dBgW_BaseUiPv
80074274:Regist__4cBgSFP9dBgW_BaseUiPv
80074B38:Regist__4dBgSFP9dBgW_BaseP10fopAc_ac_c
80268FC0:Regist__9cBgW_BgIdFi
80074258:Release__11cBgS_ChkElmFv
80074380:Release__4cBgSFP9dBgW_Base
80268FC8:Release__9cBgW_BgIdFv
8033ED74:Relocate
80070128:Remove__12dVibration_cFv
802DD9F8:Remove__Q27JGadget13TNodeLinkListFPQ27JGadget13TLinkListNode
80453690:Reschedule
80372B68:ReserveEXI2Port
8034058C:Reset
8044E930:ResetAlarm
80084448:ResetAtHit__12dCcD_GObjInfFv
801813C4:ResetBlure__9dCamera_cFv
80453668:ResetCallback
800847E0:ResetCoHit__12dCcD_GObjInfFv
804536E4:ResetCoverCallback
80453658:ResetFunctionQueue
804536F0:ResetOccurred
80453778:ResetRequired
800845E8:ResetTgHit__12dCcD_GObjInfFv
8019660C:Reset__16ShopCam_action_cFv
80180E24:Reset__9dCamera_cF4cXyz4cXyz
80180DAC:Reset__9dCamera_cF4cXyz4cXyzfs
80180E74:Reset__9dCamera_cFv
80453818:ResettingBits
804529E4:ResettingChan
80453768:ResumeFromHere
80353FA4:Retry
80075CB4:RideCallBack__4dBgSFRC13cBgS_PolyInfoP10fopAc_ac_c
8007D460:RoofChkGrpRp__4dBgWFP12dBgS_RoofChkii
8007D338:RoofChkRp__4dBgWFP12dBgS_RoofChki
800755CC:RoofChk__4dBgSFP12dBgS_RoofChk
8007D5A0:RoofChk__4dBgWFP12dBgS_RoofChk
80081F48:RoofChk__8dBgWKColFP12dBgS_RoofChk
803D5280:RootHeapCheck
80144E3C:RotateYBase__12daItemBase_cFv
8033DA08:Run
8044DB38:RunQueue
80453688:RunQueueBits
8045368C:RunQueueHint
80072A54:Run__12dAttention_cFv
8006F398:Run__12dVibration_cFv
801624C0:Run__9dCamera_cFv
8007D988:RwgCaptPoly__4dBgWFiR13dBgS_CaptPoly
8007A7B0:RwgGroundCheckCommon__4cBgWFfUsP11cBgS_GndChk
8007A8A4:RwgGroundCheckGnd__4cBgWFUsP11cBgS_GndChk
8007A954:RwgGroundCheckWall__4cBgWFUsP11cBgS_GndChk
8007A330:RwgLineCheck__4cBgWFUsP11cBgS_LinChk
8007D20C:RwgRoofChk__4dBgWFUsP12dBgS_RoofChk
8007AF20:RwgShdwDraw__4cBgWFiP13cBgS_ShdwDraw
8007DC50:RwgSphChk__4dBgWFUsP11dBgS_SphChkPv
8007D5C8:RwgSplGrpChk__4dBgWFUsP14dBgS_SplGrpChk
8007C5DC:RwgWallCorrectSort__4dBgWFP9dBgS_AcchUs
8007BB70:RwgWallCorrect__4dBgWFP9dBgS_AcchUs
80452820:SCENE_CHANGE_BGM_FADEOUT_TIME__7Z2Param
803C9890:SEND_TABLE__6JASDsp
80345A0C:SIBusy
80346768:SIDisablePolling
803466CC:SIEnablePolling
803460A8:SIEnablePollingInterrupt
803468A8:SIGetResponse
803467D4:SIGetResponseRaw
803465C0:SIGetStatus
80346DFC:SIGetType
80346FC0:SIGetTypeAsync
80346300:SIInit
80345D64:SIInterruptHandler
80345A2C:SIIsChanBusy
803471E0:SIRefreshSamplingRate
80346140:SIRegisterPollingHandler
8034663C:SISetCommand
803470FC:SISetSamplingRate
80346660:SISetXY
803469F8:SITransfer
80346650:SITransferCommands
8034620C:SIUnregisterPollingHandler
804527B0:SONIC_SPEED__7Z2Param
803500E8:SPEC0_MakeStatus
8035025C:SPEC1_MakeStatus
803503D0:SPEC2_MakeStatus
80457A68:STRM_CH_SHIFT__20JAUStdSoundTableType
8045330A:SYSTEM_SE_USE_DARK_SE_SETTING__7Z2Param
80452ED0:S_fubuki_ratio$8948
80453028:S_fuwan_sin$5904
804307A0:S_old_camctr$7488
80430788:S_old_cameye$7484
80452EA8:S_parcent_bak$4131
80452EAE:S_rot_work1$7554
80452EB2:S_rot_work2$7557
803AB774:S_xfog_table_data
80453830:SamplingCallback
80350970:SamplingHandler
804536C8:SamplingRate
80453654:SaveEnd
80453650:SaveStart
80016C94:SaveSync__15mDoMemCd_Ctrl_cFv
801750B8:SaveZoomRatio__9dCamera_cFv
80196564:Save__16ShopCam_action_cFv
8044DAE0:Scb
80088750:SearchStyle__11dCamParam_cFUl
803D3FA0:SectorSizeTable
80348A04:SeekTwiceBeforeRead
803C45CC:SelProc
800715B8:SelectAttention__12dAttention_cFP10fopAc_ac_c
80341E64:SelectThread
80452AB0:SendCount
804539A0:SendMailData
80046F94:Sequencer__16dEvent_manager_cFv
80268CD0:Set2__11cBgS_LinChkFPC4cXyzPC4cXyzUi
80268F6C:SetActorInfo__13cBgS_PolyInfoFiPvUi
802641A8:SetArea__15cCcD_DivideAreaFRC8cM3dGAab
80078FE0:SetArrow__16dBgS_PolyPassChkFv
802661C8:SetAtTgCommonHitInf__4cCcSFP8cCcD_ObjP8cCcD_ObjP4cXyz
80266BFC:SetAtTgGObjInf__4cCcSFbbP8cCcD_ObjP8cCcD_ObjP12cCcD_GObjInfP12cCcD_GObjInfP9cCcD_SttsP9cCcD_SttsP10cCcD_GSttsP10cCcD_GSttsP4cXyz
80086BF0:SetAtTgGObjInf__4dCcSFbbP8cCcD_ObjP8cCcD_ObjP12cCcD_GObjInfP12cCcD_GObjInfP9cCcD_SttsP9cCcD_SttsP10cCcD_GSttsP10cCcD_GSttsP4cXyz
80085760:SetAttr__12dCcMassS_MngFffUcUc
801A53C4:SetBaseLight__18dScnKy_env_light_cFv
80181484:SetBlureActor__9dCamera_cFP10fopAc_ac_c
80181414:SetBlureAlpha__9dCamera_cFf
8018142C:SetBlurePosition__9dCamera_cFfff
8018141C:SetBlureScale__9dCamera_cFfff
80078FEC:SetBomb__16dBgS_PolyPassChkFv
80079004:SetBoomerang__16dBgS_PolyPassChkFv
8026FFDC:SetC__8cM3dGCylFRC4cXyz
80270448:SetC__8cM3dGSphFRC4cXyz
80268E6C:SetCallback__13cBgS_ShdwDrawFPFP13cBgS_ShdwDrawP10cBgD_Vtx_tiiiP8cM3dGPla_i
80085F9C:SetCam__12dCcMassS_MngFRC8cM3dGCps
80078FB0:SetCam__16dBgS_PolyPassChkFv
802663E4:SetCoCommonHitInf__4cCcSFP8cCcD_ObjP4cXyzP8cCcD_ObjP4cXyzf
80266BF4:SetCoGCorrectProc__4cCcSFP8cCcD_ObjP8cCcD_Obj
80266BF8:SetCoGObjInf__4cCcSFbbP12cCcD_GObjInfP12cCcD_GObjInfP9cCcD_SttsP9cCcD_SttsP10cCcD_GSttsP10cCcD_GStts
80086370:SetCoGObjInf__4dCcSFbbP12cCcD_GObjInfP12cCcD_GObjInfP9cCcD_SttsP9cCcD_SttsP10cCcD_GSttsP10cCcD_GStts
8026FE80:SetCps__8cM3dGCpsFRC8cM3dGCps
80083848:SetEffCounterTimer__22dCcD_GAtTgCoCommonBaseFv
80341C54:SetEffectivePriority
802701C0:SetEnd__8cM3dGLinFRC4cXyz
80343A78:SetExiInterruptMask
802689B8:SetExtChk__8cBgS_ChkFR8cBgS_Chk
800774F0:SetGndThinCellingOff__9dBgS_AcchFv
80077244:SetGroundUpY__9dBgS_AcchFf
80265694:SetGrp__10cCcD_ObjTgFUl
8026FFF8:SetH__8cM3dGCylFf
800837A8:SetHitApid__22dCcD_GAtTgCoCommonBaseFUi
8026563C:SetHit__10cCcD_ObjAtFP8cCcD_Obj
802656D8:SetHit__10cCcD_ObjCoFP8cCcD_Obj
802656C8:SetHit__10cCcD_ObjTgFP8cCcD_Obj
80079028:SetHorse__16dBgS_PolyPassChkFv
80265700:SetIGrp__10cCcD_ObjCoFUl
8033E5E4:SetInterruptMask
800790C4:SetIronBall__16dBgS_PolyPassChkFv
80078FC8:SetLink__16dBgS_PolyPassChkFv
8026FBE4:SetMax__8cM3dGAabFRC4cXyz
8026FB1C:SetMinMax__8cM3dGAabFRC4cXyz
8026FB60:SetMinMax__8cM3dGAabFRC8cM3dGAab
8026FBA4:SetMin__8cM3dGAabFRC4cXyz
800774B8:SetMoveBGOnly__9dBgS_AcchFv
800773A8:SetNowActorInfo__9dBgS_AcchFiPvUi
80078F98:SetObj__16dBgS_PolyPassChkFv
80074BE4:SetOldShapeAngleY__9dBgW_BaseFs
80078F3C:SetPassChkInfo__16dBgS_PolyPassChkFR16dBgS_PolyPassChk
80268FA4:SetPolyIndex__13cBgS_PolyInfoFi
80268F48:SetPolyInfo__13cBgS_PolyInfoFRC13cBgS_PolyInfo
80266550:SetPosCorrect__4cCcSFP8cCcD_ObjP4cXyzP8cCcD_ObjP4cXyzf
8008653C:SetPosCorrect__4dCcSFP8cCcD_ObjP4cXyzP8cCcD_ObjP4cXyzf
80268B0C:SetPos__11cBgS_GndChkFPC3Vec
80268B28:SetPos__11cBgS_GndChkFPC4cXyz
800B1678:SetPos__12dBgS_RoofChkFRC4cXyz
80270000:SetR__8cM3dGCylFf
80270508:SetR__8cM3dGSphFf
80079010:SetRope__16dBgS_PolyPassChkFv
8027011C:SetStartEnd__8cM3dGLinFRC3VecRC3Vec
802700E8:SetStartEnd__8cM3dGLinFRC4cXyzRC4cXyz
800790AC:SetStatue__16dBgS_PolyPassChkFv
8036FAF0:SetTRKConnected
80163764:SetTagData__9dCamera_cFP10fopAc_ac_clUsUc
80024E58:SetTimePass__20dStage_roomControl_cFi
80079798:SetTri__4cBgWFv
80163218:SetTrimSize__9dCamera_cFl
80163234:SetTrimTypeForce__9dCamera_cFl
8007901C:SetUnderwaterRoof__16dBgS_PolyPassChkFv
80372FC0:SetUseSerialIO
8026571C:SetVsGrp__10cCcD_ObjCoFUl
800795B4:SetVtx__4cBgWFv
800770F0:SetWallCir__9dBgS_AcchFv
800760B0:SetWallHDirect__12dBgS_AcchCirFf
800773B8:SetWallPolyIndex__9dBgS_AcchFii
80076070:SetWallR__12dBgS_AcchCirFf
80076088:SetWall__12dBgS_AcchCirFff
8026564C:Set__10cCcD_ObjAtFRC13cCcD_SrcObjAt
80265680:Set__10cCcD_ObjTgFRC13cCcD_SrcObjTg
80077E94:Set__11dBgS_LinChkFPC4cXyzPC4cXyzPC10fopAc_ac_c
80083A74:Set__11dCcD_GObjAtFRC14dCcD_SrcGObjAt
80083AD0:Set__11dCcD_GObjTgFRC14dCcD_SrcGObjTg
80084870:Set__12dCcD_GObjInfFRC15dCcD_SrcGObjInf
80085EC8:Set__12dCcMassS_MngFP8cCcD_ObjUc
80085410:Set__12dCcMassS_ObjFP8cCcD_ObjUcPFP10fopAc_ac_cP4cXyzUl_v
80268E48:Set__13cBgS_ShdwDrawFR4cXyzR4cXyz
802647C4:Set__14cCcD_ObjHitInfFRC17cCcD_SrcObjHitInf
80078CC0:Set__14dBgS_SplGrpChkFR4cXyzf
80264158:Set__15cCcD_DivideInfoFUlUlUl
801600C4:Set__15dCamMapToolDataFllP10fopAc_ac_cUsUc
80083834:Set__22dCcD_GAtTgCoCommonBaseFRC25dCcD_SrcGAtTgCoCommonBase
8007A068:Set__4cBgWFP6cBgD_tUlPA3_A4_f
802659A8:Set__4cCcSFP8cCcD_Obj
800830C8:Set__6dBgWSvFP6cBgD_tUl
8026481C:Set__8cCcD_ObjFRC11cCcD_SrcObj
8026FA54:Set__8cM3dGAabFPC4cXyzPC4cXyz
8026FD74:Set__8cM3dGCirFffff
8026FE00:Set__8cM3dGCpsFRC4cXyzRC4cXyzf
8026FE3C:Set__8cM3dGCpsFRC9cM3dGCpsS
8026FF80:Set__8cM3dGCylFRC4cXyzff
8026FF14:Set__8cM3dGCylFRC9cM3dGCylS
80270424:Set__8cM3dGPlaFPC8cM3dGPla
80270464:Set__8cM3dGSphFRC4cXyzf
802704A8:Set__8cM3dGSphFRC9cM3dGSphS
80084900:Set__8dCcD_CpsFRC11dCcD_SrcCps
800849E4:Set__8dCcD_CylFRC11dCcD_SrcCyl
80084B64:Set__8dCcD_SphFRC11dCcD_SrcSph
800849B4:Set__8dCcD_TriFRC11dCcD_SrcTri
800763B8:Set__9dBgS_AcchFP10fopAc_ac_ciP12dBgS_AcchCir
80076378:Set__9dBgS_AcchFP4cXyzP4cXyzP10fopAc_ac_ciP12dBgS_AcchCirP4cXyzP5csXyzP5csXyz
80180CB4:Set__9dCamera_cF4cXyz4cXyz
80180CEC:Set__9dCamera_cF4cXyz4cXyzfs
80180D4C:Set__9dCamera_cF4cXyz4cXyzsf
802702C4:SetupNP0__8cM3dGPlaFRC3VecRC3Vec
8027032C:SetupNP__8cM3dGPlaFRC3VecRC3Vec
8007B0F0:ShdwDrawGrpRp__4cBgWFP13cBgS_ShdwDrawi
8007AFD4:ShdwDrawRp__4cBgWFP13cBgS_ShdwDrawi
80074970:ShdwDraw__4cBgSFP13cBgS_ShdwDraw
8007B1B4:ShdwDraw__4cBgWFP13cBgS_ShdwDraw
8007FAD4:ShdwDraw__8dBgWKColFP13cBgS_ShdwDraw
8008858C:Shift__9dCstick_cFUl
803D319C:Si
802721F0:Sin__7cDegreeCFv
80271EF8:Sin__7cSAngleCFv
804535A4:SizeOfJ3DColorBlockAmbientOnLoad
804535A0:SizeOfJ3DColorBlockLightOffLoad
80452924:SizeOfLoadAmbColors
80452928:SizeOfLoadColorChans
80452920:SizeOfLoadMatColors
801A517C:Sndpos__18dScnKy_env_light_cFv
804529F0:Spec
8007DF10:SphChkGrpRp__4dBgWFP11dBgS_SphChkPvii
8007DDA0:SphChkRp__4dBgWFP11dBgS_SphChkPvi
800757B8:SphChk__4dBgSFP11dBgS_SphChkPv
8007E030:SphChk__4dBgWFP11dBgS_SphChkPv
8008261C:SphChk__8dBgWKColFP11dBgS_SphChkPv
8007D820:SplGrpChkGrpRp__4dBgWFP14dBgS_SplGrpChkii
8007D6F4:SplGrpChkRp__4dBgWFP14dBgS_SplGrpChki
80075694:SplGrpChk__4dBgSFP14dBgS_SplGrpChk
8007D960:SplGrpChk__4dBgWFP14dBgS_SplGrpChk
800822B4:SplGrpChk__8dBgWKColFP14dBgS_SplGrpChk
80097C98:Spot__14d2DBSplinePathFPff
80452FE0:Stage__22@unnamed@d_camera_cpp@
8018137C:StartBlure__9dCamera_cFiP10fopAc_ac_cff
80084A38:StartCAt__8dCcD_CylFR4cXyz
80084BA8:StartCAt__8dCcD_SphFR4cXyz
80088BAC:StartEventCamera__9dCamera_cFiie
8006FD3C:StartQuake__12dVibration_cFPCUcii4cXyz
8006FC40:StartQuake__12dVibration_cFii4cXyz
8018120C:StartShake__9dCamera_cFlPUcl4cXyz
8006FB54:StartShock__12dVibration_cFii4cXyz
801616B8:Start__9dCamera_cFv
801616F4:Stay__9dCamera_cFv
80097A34:Step__14d2DBSplinePathFv
80042CEC:Step__14dEvt_control_cFv
804536D8:StopAtNextInt
8006FEC4:StopQuake__12dVibration_cFi
80181364:StopShake__9dCamera_cFv
801616DC:Stop__9dCamera_cFv
80083854:SubtractEffCounter__22dCcD_GAtTgCoCommonBaseFv
80452978:SwitchThreadCallback
80452C40:SyncWidthSound__9mDoDvdThd
8034188C:SystemCallVector
803D52A8:SystemHeapCheck
803A4268:T
803449D8:TCIntrruptHandler
803D4788:TEVAOpTableST0
803D479C:TEVAOpTableST1
803D4760:TEVCOpTableST0
803D4774:TEVCOpTableST1
80372000:TRKAccessFile
803702D0:TRKAcquireMutex
8036E3A8:TRKAppendBuffer
8036E220:TRKAppendBuffer1_ui64
8036E0BC:TRKAppendBuffer_ui32
8036E1B8:TRKAppendBuffer_ui8
80372010:TRKCloseFile
8036DA6C:TRKConstructEvent
8036DA48:TRKDestructEvent
8036E9CC:TRKDispatchMessage
8036FA8C:TRKDoConnect
8036EEB4:TRKDoContinue
8036FA14:TRKDoDisconnect
803702E0:TRKDoNotifyStopped
8036F964:TRKDoOverride
8036F710:TRKDoReadMemory
8036F1F4:TRKDoReadRegisters
8036F9BC:TRKDoReset
8036EB44:TRKDoSetOption
8036EC94:TRKDoStep
8036EBEC:TRKDoStop
8036F954:TRKDoSupportMask
8036F95C:TRKDoVersions
8036F4D4:TRKDoWriteMemory
8036EF64:TRKDoWriteRegisters
80372F44:TRKEXICallBack
80370648:TRKExceptionHandler
8036E520:TRKGetBuffer
8036E54C:TRKGetFreeBuffer
8036E7A4:TRKGetInput
8036DB64:TRKGetNextEvent
8036EB3C:TRKInitializeDispatcher
8036DC18:TRKInitializeEventQueue
80372C88:TRKInitializeIntDrivenUART
8036E614:TRKInitializeMessageBuffers
803702D8:TRKInitializeMutex
8036DCBC:TRKInitializeNub
8036E690:TRKInitializeSerialHandler
803727DC:TRKInitializeTarget
803704B4:TRKInterruptHandler
803707A8:TRKInterruptHandlerEnableInterrupts
80372A24:TRKLoadContext
8036DE08:TRKMessageSend
8036D950:TRKNubMainLoop
8036DC70:TRKNubWelcome
80372008:TRKOpenFile
80372C10:TRKPollUART
80372018:TRKPositionFile
8036DA84:TRKPostEvent
80370F64:TRKPostInterruptEvent
8036E754:TRKProcessInput
8036E31C:TRKReadBuffer
8036DFD4:TRKReadBuffer1_ui64
8036DE4C:TRKReadBuffer_ui32
8036DF3C:TRKReadBuffer_ui8
80372BD4:TRKReadUARTN
8036E4BC:TRKReleaseBuffer
803702C8:TRKReleaseMutex
8036FEC8:TRKRequestSend
8036E47C:TRKResetBuffer
803721D8:TRKRestoreExtended1Block
80372020:TRKSaveExtended1Block
8036E44C:TRKSetBufferPosition
803700A8:TRKSuppAccessFile
803706E4:TRKSwapAndGo
80370844:TRKTargetAccessARAM
80371AC4:TRKTargetAccessDefault
80371448:TRKTargetAccessExtended1
80371010:TRKTargetAccessExtended2
803715B8:TRKTargetAccessFP
80371C04:TRKTargetAccessMemory
80370CC4:TRKTargetAddExceptionInfo
80370D48:TRKTargetAddStopInfo
80372F7C:TRKTargetContinue
80370B50:TRKTargetGetPC
80370DD4:TRKTargetInterrupt
80371BB8:TRKTargetReadInstruction
80370908:TRKTargetSetInputPendingPtr
80370930:TRKTargetSetStopped
80370C18:TRKTargetSingleStep
80370B60:TRKTargetStepOutOfRange
80370918:TRKTargetStop
80370940:TRKTargetStopped
80370950:TRKTargetSupportRequest
80372954:TRKTargetTranslate
8036DC98:TRKTerminateNub
8036E688:TRKTerminateSerialHandler
8036E804:TRKTestForPacket
80372AAC:TRKUARTInterruptHandler
80371D50:TRKValidMemory32
80372B98:TRKWriteUARTN
803D5208:TRK_ISR_OFFSETS
804517E0:TRK_Use_BBA
803726A8:TRK__read_aram
803724BC:TRK__write_aram
80372B08:TRK_board_display
803703B0:TRK_fill_mem
80370378:TRK_flush_cache
803729CC:TRK_main
804517D8:TRK_mainError
800035C0:TRK_memcpy
80003590:TRK_memset
80370478:TRK_ppc_memcpy
80451250:TRK_saved_exceptionID
804517BC:TRKvalue128_temp
80456EF0:T_JOINT_dylKeyTbl
80452720:T_JOINT_resName
80272240:Tan__7cDegreeCFv
803A9C90:TelopData
800166E4:ThdInit__15mDoMemCd_Ctrl_cFv
80182E40:ThrowCtrAdjust__11dCamSetup_cFv
80182E30:ThrowCushion__11dCamSetup_cFv
80182E28:ThrowTimer__11dCamSetup_cFv
80182E38:ThrowVAngle__11dCamSetup_cFv
80353F00:TimeoutHandler
800787F0:ToBack__16dBgS_MoveBgActorFv
801560CC:ToBack__20daNpcF_MoveBgActor_cFv
80150600:ToBack__23daBaseNpc_moveBgActor_cFv
80187BC4:ToCopyPaneMove__14dFile_select_cFv
80187CE8:ToErasePaneMove__14dFile_select_cFv
800787E8:ToFore__16dBgS_MoveBgActorFv
801560C4:ToFore__20daNpcF_MoveBgActor_cFv
801505F8:ToFore__23daBaseNpc_moveBgActor_cFv
801874D0:ToNameMove2__14dFile_select_cFv
80187428:ToNameMove__14dFile_select_cFv
80453930:TokenCB
8026FAE4:TopPlaneYUnder__8cM3dGAabCFf
80083430:TransPosWork__6dBgWSvFP4cXyziii
8007E0F4:TransPos__4dBgWFRC13cBgS_PolyInfoPvbP4cXyzP5csXyzP5csXyz
8008364C:TransPos__6dBgWSvFRC13cBgS_PolyInfoPvbP4cXyzP5csXyzP5csXyz
800830C0:TransPos__8dBgWKColFRC13cBgS_PolyInfoPvbP4cXyzP5csXyzP5csXyz
8044E750:TypeCallback
8044E710:TypeTime
80268440:U_GetAtanTable__Fff
80182E90:U__7cSGlobeCFv
8008E9C4:U__7cSGlobeFRC7cSAngle
801631E0:U__9dCamera_cFv
8026FAD0:UnderPlaneYUnder__8cM3dGAabCFf
8033F370:Undo
80018938:Unlink__7cDylPhsFP30request_of_phase_process_classs
80340FFC:UnlockSram
80354244:UnlockedCallback
8034507C:UnlockedHandler
80372B38:UnreserveEXI2Port
80341BB0:UnsetRun
8018202C:Up__9dCamera_cFv
80359AC0:UpdateIconOffsets
8034F0E4:UpdateOrigin
8034DCF8:VIConfigure
8034E500:VIFlush
8034E6A4:VIGetCurrentFrameBuffer
8034E870:VIGetCurrentLine
8034E7D4:VIGetNextField
8034E69C:VIGetNextFrameBuffer
8034E728:VIGetRetraceCount
8034E908:VIGetTvFormat
8034D380:VIInit
8034E6AC:VISetBlack
8034E630:VISetNextFrameBuffer
8034D090:VISetPostRetraceCallback
8034D04C:VISetPreRetraceCallback
8034D830:VIWaitForRetrace
804527B4:VOL_BGM_DEFAULT__7Z2Param
804527FC:VOL_BGM_PAUSING__7Z2Param
804527D8:VOL_BGM_TALKING__7Z2Param
804527D4:VOL_SE_ATMOSPHERE_DEFAULT__7Z2Param
8045281C:VOL_SE_ATMOSPHERE_PAUSING__7Z2Param
804527F8:VOL_SE_ATMOSPHERE_TALKING__7Z2Param
804527CC:VOL_SE_CHAR_MOVE_DEFAULT__7Z2Param
80452814:VOL_SE_CHAR_MOVE_PAUSING__7Z2Param
804527F0:VOL_SE_CHAR_MOVE_TALKING__7Z2Param
804527C8:VOL_SE_CHAR_VOICE_DEFAULT__7Z2Param
80452810:VOL_SE_CHAR_VOICE_PAUSING__7Z2Param
804527EC:VOL_SE_CHAR_VOICE_TALKING__7Z2Param
804527C4:VOL_SE_LINK_FOOTNOTE_DEFAULT__7Z2Param
8045280C:VOL_SE_LINK_FOOTNOTE_PAUSING__7Z2Param
804527E8:VOL_SE_LINK_FOOTNOTE_TALKING__7Z2Param
804527C0:VOL_SE_LINK_MOTION_DEFAULT__7Z2Param
80452808:VOL_SE_LINK_MOTION_PAUSING__7Z2Param
804527E4:VOL_SE_LINK_MOTION_TALKING__7Z2Param
804527BC:VOL_SE_LINK_VOICE_DEFAULT__7Z2Param
80452804:VOL_SE_LINK_VOICE_PAUSING__7Z2Param
804527E0:VOL_SE_LINK_VOICE_TALKING__7Z2Param
804527D0:VOL_SE_OBJECT_DEFAULT__7Z2Param
80452818:VOL_SE_OBJECT_PAUSING__7Z2Param
804527F4:VOL_SE_OBJECT_TALKING__7Z2Param
804527B8:VOL_SE_SYSTEM_DEFAULT__7Z2Param
80452800:VOL_SE_SYSTEM_PAUSING__7Z2Param
804527DC:VOL_SE_SYSTEM_TALKING__7Z2Param
80182C14:V__7cSGlobeCFv
8008FB88:V__7cSGlobeFRC7cSAngle
801631C4:V__9dCamera_cFv
80182EDC:Val__11dCamParam_cFli
802721BC:Val__7cDegreeFf
8016C4D8:Val__7cSAngleCFv
80271DF8:Val__7cSAngleFRC7cSAngle
80271E0C:Val__7cSAngleFf
80271E04:Val__7cSAngleFs
80272870:Val__7cSGlobeFRC4cXyz
8027276C:Val__7cSGlobeFRC7cSGlobe
80272808:Val__7cSGlobeFfRC7cSAngleRC7cSAngle
802727A4:Val__7cSGlobeFfss
802723BC:Val__7cSPolarFRC4cXyz
80272358:Val__7cSPolarFfss
80356C44:VerifyDir
80356E84:VerifyFAT
803569C0:VerifyID
80182DF4:WaitRollSpeed__11dCamSetup_cFv
80182DFC:WaitRollTimer__11dCamSetup_cFv
8024F558:Wait__7dName_cFv
80453820:WaitingBits
804536F4:WaitingCoverClose
8044E958:WaitingQueue
8007C938:WallCorrectGrpRpSort__4dBgWFP9dBgS_Acchii
8007C490:WallCorrectGrpRp__4dBgWFP9dBgS_Acchii
8007C844:WallCorrectRpSort__4dBgWFP9dBgS_Acchi
8007C364:WallCorrectRp__4dBgWFP9dBgS_Acchi
800754A4:WallCorrectSort__4dBgSFP9dBgS_Acch
8007CA40:WallCorrectSort__4dBgWFP9dBgS_Acch
80080460:WallCorrectSort__8dBgWKColFP9dBgS_Acch
8007537C:WallCorrect__4dBgSFP9dBgS_Acch
8007C5B4:WallCorrect__4dBgWFP9dBgS_Acch
800812D0:WallCorrect__8dBgWKColFP9dBgS_Acch
80427354:WolfAdditionVec__25@unnamed@d_ev_camera_cpp@
80453700:WorkAroundSeekLocation
804536FC:WorkAroundType
80370820:WriteFPSCR
80340CF0:WriteSram
80340C90:WriteSramCallback
8034580C:WriteUARTN
804529E8:XPatchBits
803D3270:XYNTSC
803D32A0:XYPAL
8000CE88:XYZrotM__14mDoMtx_stack_cFRC5csXyz
8000CE50:XYZrotS__14mDoMtx_stack_cFRC5csXyz
8044E730:XferTime
800321A4:Xinit__9STControlFv
802728B4:Xyz__7cSGlobeCFv
802724EC:Xyz__7cSPolarCFv
803D2FE8:YearDays
80189C30:YesNoCancelMove__14dFile_select_cFv
801F3550:YesNoSelect__12dMenu_save_cFv
801894A8:YesNoSelect__14dFile_select_cFv
800321D4:Yinit__9STControlFv
802C3CE4:Z2_B_zan_modPitch__FP17Z2SoundHandlePoolUl
802C3C9C:Z2_E_mm_modPitch__FP17Z2SoundHandlePoolUl
802C3C54:Z2_E_ms_modVol__FP17Z2SoundHandlePoolUl
802C3BE0:Z2_E_sw_modPitch__FP17Z2SoundHandlePoolUl
8000CEF8:ZXYrotM__14mDoMtx_stack_cFRC5csXyz
8000CEC0:ZXYrotS__14mDoMtx_stack_cFRC5csXyz
803D52D0:ZeldaHeapCheck
803D1D68:Zenkaku2Code
803A4050:Zero
804535D8:ZeroF
804535E0:ZeroPS
803A8F20:ZeroQuat
80432CB4:Zero__4cXyz
80453128:Zero__5csXyz
80453150:_0__7cSAngle
80453000:_120$14158
80453004:_120$14614
8045315C:_180__7cSAngle
80453154:_1__7cSAngle
80453160:_270__7cSAngle
80453158:_90__7cSAngle
80343A58:_ExitProcess
804517E4:_MetroTRK_Has_Framing
80351148:__AICallbackStackSwitch
8035109C:__AIDHandler
80453854:__AID_Active
80453844:__AID_Callback
80351020:__AISHandler
80453840:__AIS_Callback
80452A00:__AIVersion
803511A0:__AI_SRC_INIT
80453850:__AI_init_flag
80350D78:__AI_set_stream_sample_rate
803516D0:__ARChecksize
803516A0:__ARClearInterrupt
803516C0:__ARGetInterruptStatus
80351628:__ARHandler
80352FC4:__ARQCallbackHack
804538B8:__ARQCallbackHi
804538BC:__ARQCallbackLo
804538C0:__ARQChunkSize
80352FC8:__ARQInterruptServiceRoutine
804538B0:__ARQRequestPendingHi
804538B4:__ARQRequestPendingLo
804538A0:__ARQRequestQueueHi
804538A8:__ARQRequestQueueLo
804538A4:__ARQRequestTailHi
804538AC:__ARQRequestTailLo
80352EC4:__ARQServiceQueueLo
80452A10:__ARQVersion
804538C4:__ARQ_init_flag
80452A08:__ARVersion
80453898:__AR_BlockLength
80453880:__AR_Callback
8045388C:__AR_ExpansionSize
80453894:__AR_FreeBlocks
80453888:__AR_InternalSize
80453884:__AR_Size
80453890:__AR_StackPointer
8045389C:__AR_init_flag
80358B0C:__CARDAccess
803563E8:__CARDAllocBlock
8044EB80:__CARDBlock
80356810:__CARDCheckSum
80353E54:__CARDClearStatus
80358AA4:__CARDCompareFileName
80353860:__CARDDefaultApiCallback
8044EDA0:__CARDDiskNone
80353BB4:__CARDEnableInterrupt
804538E0:__CARDEncode
803547E8:__CARDEraseSector
80353970:__CARDExiHandler
80353898:__CARDExtHandler
804538E2:__CARDFastMode
803583F8:__CARDFormatRegionAsync
803549E4:__CARDGetControlBlock
803565AC:__CARDGetDirBlock
80356244:__CARDGetFatBlock
803549A4:__CARDGetFontEncode
80358CD4:__CARDIsReadable
80358BA0:__CARDIsWritable
80357E4C:__CARDMountCallback
80452A32:__CARDPermMask
80354A9C:__CARDPutControlBlock
80356090:__CARDRead
80354578:__CARDReadSegment
80353C74:__CARDReadStatus
80353D64:__CARDReadVendorID
803592D0:__CARDSeek
803549AC:__CARDSetDiskID
80354354:__CARDStart
80354C50:__CARDSync
80353864:__CARDSyncCallback
80353A88:__CARDTxHandler
803550C8:__CARDUnlock
80353B30:__CARDUnlockedHandler
8035674C:__CARDUpdateDir
80356500:__CARDUpdateFatBlock
80452A30:__CARDVendorID
80357108:__CARDVerify
80452A20:__CARDVersion
803561DC:__CARDWrite
803546AC:__CARDWritePage
80453848:__CallbackStack
80144960:__CreateHeap__12daItemBase_cFv
80347274:__DBExceptionDestination
8034722C:__DBExceptionDestinationAux
804536D0:__DBInterface
80347284:__DBIsExceptionMarked
8033B570:__DBVECTOR
8029F920:__DSPHandler
80452A18:__DSPVersion
803535A0:__DSP_boot_task
804538DC:__DSP_curr_task
803533B0:__DSP_debug_printf
80353400:__DSP_exec_task
804538D8:__DSP_first_task
804538C8:__DSP_init_flag
8035372C:__DSP_insert_task
804538D4:__DSP_last_task
803537CC:__DSP_remove_task
804538D0:__DSP_tmp_task
8034C820:__DVDCheckWaitingQueue
8034C6E0:__DVDClearWaitingQueue
8034C878:__DVDDequeueWaitingQueue
8034935C:__DVDFSInit
803484E0:__DVDInitWA
80348520:__DVDInterruptHandler
80453734:__DVDLongFileNameFlag
803492E0:__DVDLowSetWAType
80349324:__DVDLowTestAlarm
8034C780:__DVDPopWaitingQueue
8034C58C:__DVDPrepareResetAsync
8034CB68:__DVDPrintFatalMessage
8034C718:__DVDPushWaitingQueue
8034C9F4:__DVDStoreErrorCode
8034C6A8:__DVDTestAlarm
80453738:__DVDThreadQueue
804529A8:__DVDVersion
80344264:__EXIProbe
80452980:__EXIVersion
80367800:__FileWrite
80453948:__GDCurrentDL
8035CD58:__GXAbort
8035C298:__GXCalculateVLim
8035BB84:__GXCleanGPFifo
80453918:__GXCurrentThread
80458558:__GXData
8035A04C:__GXDefaultTexRegionCallback
8035A148:__GXDefaultTlutRegionCallback
8035BA5C:__GXFifoInit
8035BAF0:__GXFifoLink
8035BACC:__GXFifoReadDisable
8035BAA8:__GXFifoReadEnable
8035FFA4:__GXFlushTextureState
8035AAA0:__GXInitGX
8035A2FC:__GXInitRevisionBits
80453928:__GXOverflowCount
8035D4A0:__GXPEInit
8035B8F0:__GXSaveCPUFifoAux
8035D664:__GXSendFlushPrim
8035D514:__GXSetDirtyState
8035D810:__GXSetGenMode
8035FF74:__GXSetIndirectMask
80361428:__GXSetMatrixIndex
8035F620:__GXSetSUTexRegs
8035F79C:__GXSetTmemConfig
8035C8D0:__GXSetVAT
8035C1DC:__GXSetVCD
80361204:__GXSetViewport
8035A16C:__GXShutdown
8035FF70:__GXUpdateBPMask
80452A38:__GXVersion
8035BB24:__GXWriteFifoIntEnable
8035BB54:__GXWriteFifoIntReset
8035EBA8:__GetImageTileCount
8033C4E8:__LCEnable
80312430:__MTGQR7__FUl
80453618:__OSArenaHi
80452958:__OSArenaLo
8033E044:__OSBootDol
8033DBC0:__OSBootDolSimple
8033C8F0:__OSCacheInit
803404E4:__OSCallResetFunctions
80340324:__OSCheckDeadLock
80340224:__OSCheckMutex
8034035C:__OSCheckMutexes
8033D20C:__OSContextInit
80452950:__OSCurrHeap
8033B4C0:__OSDBINTSTART
8033B4C0:__OSDBIntegrator
8033B4E8:__OSDBJUMPEND
8033B4E4:__OSDBJUMPSTART
8033B4E4:__OSDBJump
8033E9CC:__OSDispatchInterrupt
80340664:__OSDoHotReset
8033B5B0:__OSEVEnd
8033B580:__OSEVSetNumber
8033B518:__OSEVStart
803455E0:__OSEnableBarnacle
8044DA90:__OSErrorTable
803D134C:__OSExceptionLocations
8033ABD4:__OSFPRInit
80452960:__OSFpscrEnableBits
8033B660:__OSGetDIConfig
80341C18:__OSGetEffectivePriority
8033B504:__OSGetExceptionHandler
8033DABC:__OSGetExecParams
8033E55C:__OSGetInterruptHandler
80343588:__OSGetSystemTime
804535F0:__OSInIPL
8033C0D8:__OSInitAudioSystem
8033FCF0:__OSInitMemoryProtection
80340E08:__OSInitSram
803418AC:__OSInitSystemCall
8033E570:__OSInterruptInit
804535D4:__OSIsGcam
80453640:__OSLastInterrupt
8045363C:__OSLastInterruptSrr0
80453648:__OSLastInterruptTime
8033C9E4:__OSLoadFPUContext
80340F44:__OSLockSram
80340FA0:__OSLockSramEx
8033E8BC:__OSMaskInterrupts
8033F77C:__OSModuleInit
8033B60C:__OSPSInit
80341E14:__OSPromoteThread
803403D0:__OSReboot
8044DA70:__OSRebootParams
80452B59:__OSReport_Error_disable
80452B60:__OSReport_MonopolyThread
80452B5B:__OSReport_System_disable
80452B5A:__OSReport_Warning_disable
80452B58:__OSReport_disable
80452B5C:__OSReport_enable
8034208C:__OSReschedule
803408E4:__OSResetSWInterruptHandler
8033CB08:__OSSaveFPUContext
8033B4E8:__OSSetExceptionHandler
8033E540:__OSSetInterruptHandler
804535F8:__OSStartTime
8033C294:__OSStopAudioSystem
80341380:__OSSyncSram
803418A8:__OSSystemCallVectorEnd
8034188C:__OSSystemCallVectorStart
80341988:__OSThreadInit
803435EC:__OSTimeToSystemTime
8033D598:__OSUnhandledException
8033FFE4:__OSUnlockAllMutex
80341338:__OSUnlockSram
8034135C:__OSUnlockSramEx
8033E944:__OSUnmaskInterrupts
80452940:__OSVersion
8045384C:__OldStack
80350A24:__PADDisableRecalibration
804536C0:__PADFixBits
80453838:__PADSpec
804529E0:__PADVersion
80347634:__PSMTXRotAxisRadInternal
8033E4F4:__RAS_OSDisableInterrupts_begin
8033E500:__RAS_OSDisableInterrupts_end
803463B4:__SITransfer
80452988:__SIVersion
8035F580:__SetSURegs
803695BC:__StringRead
80367794:__StringWrite
80372828:__TRK_copy_vectors
80370468:__TRK_get_MSR
80005518:__TRK_reset
80370470:__TRK_set_MSR
80372FCC:__TRK_write_console
8034E970:__VIDisplayPositionToXY
8034EB8C:__VIGetCurrentPosition
8034D17C:__VIInit
8034CDD8:__VIRetraceHandler
804529D0:__VIVersion
80453958:__aborting
8008EA00:__ami__4cXyzFRC3Vec
80271FE8:__ami__7cSAngleFRC7cSAngle
802720B4:__amu__7cSAngleFf
8008EA34:__apl__4cXyzFRC3Vec
8026825C:__apl__5csXyzFR5csXyz
80271FD4:__apl__7cSAngleFRC7cSAngle
80272054:__apl__7cSAngleFs
80031F98:__arraydtor$3839
80031F54:__arraydtor$4479
800283D0:__arraydtor$5375
80326600:__as__10J3DFogInfoFRC10J3DFogInfo
802BA888:__as__10JAISoundIDFRC10JAISoundID
803264C4:__as__12J3DLightInfoFRC12J3DLightInfo
80326518:__as__13J3DTexMtxInfoFRC13J3DTexMtxInfo
8032667C:__as__15J3DNBTScaleInfoFRC15J3DNBTScaleInfo
803265DC:__as__16J3DIndTexMtxInfoFRC16J3DIndTexMtxInfo
80097908:__as__4cXyzFRC4cXyz
80182EB4:__as__7cSAngleFRC7cSAngle
8008E8A4:__as__7cSGlobeFRC7cSGlobe
8045395C:__atexit_curr_func
8044F400:__atexit_funcs
80366298:__begin_critical_region
80003100:__check_pad3
8028D920:__cl__Q214JStudio_JStage77TVariableValueOutput_object_<Q214JStudio_JStage12TAdaptor_fog,Q26JStage4TFog>CFfPQ27JStudio8TAdaptor
8028C3E0:__cl__Q214JStudio_JStage81TVariableValueOutput_object_<Q214JStudio_JStage14TAdaptor_actor,Q26JStage6TActor>CFfPQ27JStudio8TAdaptor
8028D344:__cl__Q214JStudio_JStage83TVariableValueOutput_object_<Q214JStudio_JStage15TAdaptor_camera,Q26JStage7TCamera>CFfPQ27JStudio8TAdaptor
8028BE64:__cl__Q314JStudio_JStage14TAdaptor_actor26TVVOutput_ANIMATION_FRAME_CFfPQ27JStudio8TAdaptor
8028E04C:__cl__Q314JStudio_JStage14TAdaptor_light20TVVOutput_direction_CFfPQ27JStudio8TAdaptor
8028ECCC:__cl__Q315JStudio_JAudio214TAdaptor_sound13TVVOSetValue_CFfPQ27JStudio8TAdaptor
80286DCC:__cl__Q37JStudio14TVariableValue13TOutput_none_CFfPQ27JStudio8TAdaptor
8028972C:__cl__Q37JStudio28@unnamed@jstudio_object_cpp@54TOutputVariableValue_BOOL_<Q27JStudio14TAdaptor_actor>CFfPQ27JStudio8TAdaptor
80289674:__cl__Q37JStudio28@unnamed@jstudio_object_cpp@54TOutputVariableValue_BOOL_<Q27JStudio14TAdaptor_light>CFfPQ27JStudio8TAdaptor
802895BC:__cl__Q37JStudio28@unnamed@jstudio_object_cpp@54TOutputVariableValue_BOOL_<Q27JStudio14TAdaptor_sound>CFfPQ27JStudio8TAdaptor
802896D0:__cl__Q37JStudio28@unnamed@jstudio_object_cpp@55TOutputVariableValue_BOOL_<Q27JStudio15TAdaptor_camera>CFfPQ27JStudio8TAdaptor
80289618:__cl__Q37JStudio28@unnamed@jstudio_object_cpp@57TOutputVariableValue_BOOL_<Q27JStudio17TAdaptor_particle>CFfPQ27JStudio8TAdaptor
80363EAC:__close_all
80369FCC:__close_console
80453964:__console_exit
803A3E70:__constants
80362B90:__construct_array
80362D44:__construct_new_array
80362A6C:__copy
80367240:__copy_longs_aligned
80367198:__copy_longs_rev_aligned
8036702C:__copy_longs_rev_unaligned
803670D8:__copy_longs_unaligned
804538EC:__cpReg
8019F6CC:__ct__10BOSS_LIGHTFv
80225F58:__ct__10COutFont_cFUc
80057168:__ct__10EF_MUD_EFFFv
802FCF18:__ct__10J2DPictureFP7J2DPaneP20JSURandomInputStreamP10JKRArchive
802FCFD4:__ct__10J2DPictureFP7J2DPaneP20JSURandomInputStreamP11J2DMaterial
802FD508:__ct__10J2DPictureFPC7ResTIMG
802FD600:__ct__10J2DPictureFUxRCQ29JGeometry8TBox2<f>PC7ResTIMGPC7ResTLUT
802FCE50:__ct__10J2DPictureFv
803004D8:__ct__10J2DTextBoxFP7J2DPaneP20JSURandomInputStreamP10JKRArchive
8030055C:__ct__10J2DTextBoxFP7J2DPaneP20JSURandomInputStreamUlP11J2DMaterial
803009C4:__ct__10J2DTextBoxFUxRCQ29JGeometry8TBox2<f>PC7ResFONTPCcs18J2DTextBoxHBinding18J2DTextBoxVBinding
80300460:__ct__10J2DTextBoxFv
8000E4EC:__ct__10J3DGXColorFv
802BA75C:__ct__10JAISoundIDFRC10JAISoundID
802BA960:__ct__10JAISoundIDFUl
8029B600:__ct__10JASChannelFPFUlP10JASChannelPQ26JASDsp8TChannelPv_vPv
802990EC:__ct__10JASDrumSetFv
802946BC:__ct__10JASSeqCtrlFv
8029AF3C:__ct__10JASWaveArcFv
802A5E60:__ct__10JAUSectionFP14JAUSectionHeapUll
80272EF8:__ct__10JFWDisplayFP7JKRHeapQ26JUTXfb10EXfbNumberb
802D7094:__ct__10JKRArchiveFlQ210JKRArchive10EMountMode
802DA3F8:__ct__10JKRDvdFileFPCc
802DA4A0:__ct__10JKRDvdFileFl
802DA384:__ct__10JKRDvdFileFv
802CFE30:__ct__10JKRExpHeapFPvUlP7JKRHeapb
8027E5D4:__ct__10JPATextureFPCUc
802DCBFC:__ct__10JSUPtrLinkFPv
802DCC74:__ct__10JSUPtrListFb
802E826C:__ct__10JUTConsoleFUiUib
802E0F48:__ct__10JUTDbPrintFP7JUTFontP7JKRHeap
802E14DC:__ct__10JUTGamePadFQ210JUTGamePad8EPadPort
802DF7E0:__ct__10JUTNameTabFPC7ResNTAB
802DF7A0:__ct__10JUTNameTabFv
802E6688:__ct__10JUTProcBarFv
802DFD94:__ct__10JUTResFontFPC7ResFONTP7JKRHeap
802DFD48:__ct__10JUTResFontFv
80057084:__ct__10VRKUMO_EFFFv
802BDF30:__ct__10Z2AudienceFv
802CE048:__ct__10Z2AudioMgrFv
802C11C8:__ct__10Z2CreatureFv
802C6A9C:__ct__10Z2EnvSeDirFP3Vec
802C6F1C:__ct__10Z2EnvSeMgrFv
802B7640:__ct__10Z2SceneMgrFv
802AAC80:__ct__10Z2SoundMgrFv
80030898:__ct__10dAttDraw_cFv
800305B4:__ct__10dAttList_cFv
80083890:__ct__10dCcD_GSttsFv
80053B30:__ct__10dDlst_2D_cFP7ResTIMGssssUc
8019B238:__ct__10dGov_HIO_cFv
80256B2C:__ct__10dLog_HIO_cFv
8024A5A4:__ct__10dMsgFlow_cFv
80239314:__ct__10dMsgUnit_cFv
801FA0F0:__ct__10dMw_DHIO_cFv
80253418:__ct__10dOvlpFd2_cFv
80253EC4:__ct__10dOvlpFd3_cFv
80030E1C:__ct__10dSv_zone_cFv
80018C0C:__ct__10fopAc_ac_cFv
800571D8:__ct__11EF_EVIL_EFFFv
802EAFAC:__ct__11J2DMaterialFv
802F2970:__ct__11J2DTevOrderFv
802F4F10:__ct__11J2DTevStageFRC15J2DTevStageInfo
802F2740:__ct__11J2DTevStageFv
802EC060:__ct__11J2DTexCoordFv
80301A94:__ct__11J2DWindowExFP7J2DPaneP20JSURandomInputStreamUlP11J2DMaterial
8032B628:__ct__11J3DAnmColorFv
8032F19C:__ct__11J3DDeformerFP13J3DDeformData
80018CB4:__ct__11J3DLightObjFv
80337450:__ct__11J3DMaterialFv
8000E0F4:__ct__11J3DTevOrderFv
8003ABFC:__ct__11J3DTevStageFRC15J3DTevStageInfo
8000E1E4:__ct__11J3DTevStageFv
8000E418:__ct__11J3DTexCoordFv
8003B370:__ct__11J3DTexNoAnmFv
802D3C44:__ct__11JKRAramHeapFUlUl
802D227C:__ct__11JKRDisposerFv
8027E530:__ct__11JPAKeyBlockFPCUc
80274E10:__ct__11JPAResourceFv
802C669C:__ct__11Z2EnvSeBaseFP3Vec
802BB5DC:__ct__11Z2FxLineMgrFv
802B6D1C:__ct__11Z2StatusMgrFv
80030DE0:__ct__11cBgS_ChkElmFv
80268A1C:__ct__11cBgS_GndChkFv
80268B5C:__ct__11cBgS_LinChkFv
8007A314:__ct__11cBgW_GrpElmFv
800792F4:__ct__11cBgW_RwgElmFv
80079884:__ct__11cBgW_TriElmFv
80070168:__ct__11dAttParam_cFl
800776AC:__ct__11dBgS_GndChkFv
80077D98:__ct__11dBgS_LinChkFv
80078B44:__ct__11dBgS_SphChkFv
80079294:__ct__11dBgS_WtrChkFv
80088594:__ct__11dCamBGChk_cFv
80088620:__ct__11dCamParam_cFl
80088798:__ct__11dCamSetup_cFv
80046810:__ct__11dEvDtBase_cFv
80043520:__ct__11dEvt_info_cFv
8020DC0C:__ct__11dMeterMap_cFP9J2DScreen
8003A390:__ct__11dRes_info_cFv
8014E8D4:__ct__11daBaseNpc_cFv
800189EC:__ct__11fapGm_HIO_cFv
800570F8:__ct__12EF_ODOUR_EFFFv
802EC080:__ct__12J2DColorChanFv
802EC120:__ct__12J2DIndTexMtxFv
803044EC:__ct__12J2DPictureExFP7J2DPaneP20JSURandomInputStreamUlP11J2DMaterial
802EC68C:__ct__12J2DTevBlock1Fv
802ED3B8:__ct__12J2DTevBlock2Fv
802EE6BC:__ct__12J2DTevBlock4Fv
802EFB64:__ct__12J2DTevBlock8Fv
80307FE4:__ct__12J2DTextBoxExFP7J2DPaneP20JSURandomInputStreamUlP11J2DMaterial
8000E430:__ct__12J3DColorChanFv
8000E0A4:__ct__12J3DIndTexMtxFv
80326818:__ct__12J3DJointTreeFv
80313748:__ct__12J3DMatPacketFv
80326BA0:__ct__12J3DModelDataFv
803158BC:__ct__12J3DShapeDrawFPCUcUl
8032D4E4:__ct__12J3DSkinNListFv
8003B3D0:__ct__12J3DTexMtxAnmFv
802A3B34:__ct__12JAISoundInfoFb
802A4968:__ct__12JAIStreamMgrFb
80298B78:__ct__12JASBasicBankFv
80298E14:__ct__12JASBasicInstFv
802DBD1C:__ct__12JKRADCommandFv
802D47EC:__ct__12JKRAMCommandFv
802D4104:__ct__12JKRAramBlockFUlUlUlUcb
802D5438:__ct__12JKRArcFinderFP10JKRArchivell
802D5570:__ct__12JKRDvdFinderFPCc
802D58B4:__ct__12JKRFileCacheFPCcPCc
802D1930:__ct__12JKRSolidHeapFPvUlP7JKRHeapb
8027B4DC:__ct__12JPABaseShapeFPCUcP7JKRHeap
802DDF88:__ct__12JUTCacheFontFPC7ResFONTUlP7JKRHeap
802E2B5C:__ct__12JUTExceptionFP14JUTDirectPrint
802DF958:__ct__12JUTGraphFifoFUl
802C2D54:__ct__12Z2CreatureFMFv
802C3378:__ct__12Z2CreatureOIFv
802AF904:__ct__12Z2MultiSeMgrFv
802AC510:__ct__12Z2MultiSeObjFv
802CCA60:__ct__12Z2SpeechMgr2Fv
800702C8:__ct__12dAttention_cFP10fopAc_ac_cUl
80075FDC:__ct__12dBgS_AcchCirFv
80079124:__ct__12dBgS_RoofChkFv
80083B58:__ct__12dCcD_GObjInfFv
80085480:__ct__12dCcMassS_MngFv
800856F8:__ct__12dCcMassS_ObjFv
80052C30:__ct__12dDlst_2DT2_cFv
80056220:__ct__12dDlst_list_cFv
80041704:__ct__12dEvt_order_cFv
80192640:__ct__12dFile_info_cFP10JKRArchiveUc
801BB6F0:__ct__12dMenu_Dmap_cFP10JKRExpHeapP9STControlP10CSTControlUcUc
801C69A8:__ct__12dMenu_Fmap_cFP10JKRExpHeapP9STControlP10CSTControlUcUcUcffUc
801E93DC:__ct__12dMenu_Ring_cFP10JKRExpHeapP9STControlP10CSTControlUc
801EF964:__ct__12dMenu_save_cFv
8024A344:__ct__12dMsgString_cFUc
8024A2C4:__ct__12dMsgString_cFv
80030E58:__ct__12dSv_memory_cFv
80140D94:__ct__12daAlinkHIO_cFv
80048E90:__ct__12diff_model_cFv
80225E7C:__ct__13COutFontSet_cFv
80255E84:__ct__13CPaneMgrAlphaFP9J2DScreenUxUcP10JKRExpHeap
80255E74:__ct__13CPaneMgrAlphaFv
8019F70C:__ct__13DUNGEON_LIGHTFv
802F2990:__ct__13J2DGXColorS10Fv
802EA4D0:__ct__13J2DOrthoGraphFffffff
802EA470:__ct__13J2DOrthoGraphFv
802F0FE4:__ct__13J2DTevBlock16Fv
8032EFF8:__ct__13J3DDeformDataFv
80313578:__ct__13J3DDrawPacketFv
8000E414:__ct__13J3DGXColorS10Fv
8032D76C:__ct__13J3DSkinDeformFv
80311CF8:__ct__13J3DVertexDataFv
802971A8:__ct__13JASAramStreamFv
8029E0F4:__ct__13JASDSPChannelFv
8029CC94:__ct__13JASOscillatorFv
802904C4:__ct__13JASTaskThreadFiiUl
802D49B8:__ct__13JKRAramStreamFl
802D20C4:__ct__13JKRAssertHeapFPvUlP7JKRHeapb
802D89F0:__ct__13JKRDvdArchiveFlQ210JKRArchive15EMountDirection
802D4EF0:__ct__13JKRFileLoaderFv
802D786C:__ct__13JKRMemArchiveFPvUl15JKRMemBreakFlag
802D77B8:__ct__13JKRMemArchiveFlQ210JKRArchive15EMountDirection
8027BE38:__ct__13JPAChildShapeFPCUc
8027BF3C:__ct__13JPAExTexShapeFPCUc
8027BB88:__ct__13JPAExtraShapeFPCUc
8027DE88:__ct__13JPAFieldBlockFPCUcP7JKRHeap
802E95F8:__ct__13JUTDirectFileFv
802E4ECC:__ct__13JUTExternalFBFP16_GXRenderModeObj8_GXGammaPvUl
802BD558:__ct__13Z2AudioCameraFv
802C0720:__ct__13Z2SoundObjMgrFv
802CB8C0:__ct__13Z2WolfHowlMgrFv
80268E74:__ct__13cBgS_PolyInfoFv
80268D88:__ct__13cBgS_ShdwDrawFv
8007934C:__ct__13cBgW_NodeTreeFv
800302EC:__ct__13dComIfG_inf_cFv
80038150:__ct__13dDemo_actor_cFv
801F74E8:__ct__13dMenu_Skill_cFP10JKRExpHeapP9STControlP10CSTControl
8020FD78:__ct__13dMeter2Draw_cFP10JKRExpHeap
8021C0A0:__ct__13dMeter2Info_cFv
8004BBFC:__ct__13dPa_control_cFv
80030E28:__ct__13dSv_memory2_cFv
8015780C:__ct__13daNpcCd_HIO_cFv
80030AD4:__ct__13mDoExt_bckAnmFv
80030A8C:__ct__13mDoExt_bpkAnmFv
80030A44:__ct__13mDoExt_brkAnmFv
800309FC:__ct__13mDoExt_btkAnmFv
8000F904:__ct__13mDoExt_morf_cFv
802E9908:__ct__14J2DGrafContextFffff
802F26A0:__ct__14J2DIndTevStageFv
802EC178:__ct__14J2DIndTexOrderFv
8032B900:__ct__14J3DAnmColorKeyFv
8032B09C:__ct__14J3DAnmVtxColorFv
803123E0:__ct__14J3DDrawMtxDataFv
8000E100:__ct__14J3DIndTevStageFv
8000E0DC:__ct__14J3DIndTexOrderFv
8003B424:__ct__14J3DMatColorAnmFv
8033548C:__ct__14J3DModelLoaderFv
80313920:__ct__14J3DShapePacketFv
8003B310:__ct__14J3DTevColorAnmFv
802A58C4:__ct__14JAISoundHandleFv
8029DADC:__ct__14JASAudioThreadFiiUl
802A6DE0:__ct__14JAUSectionHeapFP12JKRSolidHeapbl
802D7EC0:__ct__14JKRAramArchiveFlQ210JKRArchive15EMountDirection
802D95D4:__ct__14JKRCompArchiveFlQ210JKRArchive15EMountDirection
8027F44C:__ct__14JPABaseEmitterFv
802E4FE8:__ct__14JUTDirectPrintFv
802C413C:__ct__14Z2CreatureLinkFv
802C5DFC:__ct__14Z2CreatureRideFv
802C6CCC:__ct__14Z2EnvSeAutoPanFv
802ABE7C:__ct__14Z2SoundHandlesFv
802BECF0:__ct__14Z2SoundObjBaseFv
802AB994:__ct__14Z2SoundStarterFb
80077ED4:__ct__14dBgS_CamLinChkFv
8007808C:__ct__14dBgS_ObjLinChkFv
80078CE0:__ct__14dBgS_SplGrpChkFv
80193168:__ct__14dBrightCheck_cFP10JKRArchive
80039084:__ct__14dDemo_object_cFv
80030574:__ct__14dDlst_window_cFv
800416B0:__ct__14dEvt_control_cFv
80183878:__ct__14dFile_select_cFP10JKRArchive
801B8178:__ct__14dMenu_DmapBg_cFP10JKRExpHeapP9STControl
801D83D8:__ct__14dMenu_Insect_cFP10JKRExpHeapP9STControlP10CSTControlUc
801DD084:__ct__14dMenu_Letter_cFP10JKRExpHeapP9STControlP10CSTControl
801E21D4:__ct__14dMenu_Option_cFP10JKRArchiveP9STControl
802015EC:__ct__14dMeterButton_cFv
8020B150:__ct__14dMeterHaihai_cFUc
8020F024:__ct__14dMeterString_cFi
8023C780:__ct__14dMsgScrnBase_cFv
8023CC6C:__ct__14dMsgScrnBoss_cFv
80241010:__ct__14dMsgScrnHowl_cFv
8023EE40:__ct__14dMsgScrnItem_cFUcUcP10JKRExpHeap
80247694:__ct__14dMsgScrnTalk_cFUcUcP10JKRExpHeap
80248FF8:__ct__14dMsgScrnTree_cFP7JUTFontP10JKRExpHeap
8015A6E4:__ct__14daNpcCd2_HIO_cFv
8015E604:__ct__14daObj_SSBase_cFv
8015EF1C:__ct__14daPy_anmHeap_cFUl
8000FC00:__ct__14mDoExt_McaMorfFP12J3DModelDataP25mDoExt_McaMorfCallBack1_cP25mDoExt_McaMorfCallBack2_cP15J3DAnmTransformifiiiPvUlUl
8032B73C:__ct__15J3DAnmColorFullFv
8032BC18:__ct__15J3DAnmTevRegKeyFv
80329C40:__ct__15J3DAnmTransformFsPfPsPf
80337F78:__ct__15J3DJointFactoryFRC13J3DJointBlock
80338150:__ct__15J3DShapeFactoryFRC13J3DShapeBlock
8003B2BC:__ct__15J3DTevKColorAnmFv
802A3D6C:__ct__15JAISoundStarterFb
8029DEB4:__ct__15JASAudioReseterFv
802A76F4:__ct__15JAUSeqDataBlockFv
802D279C:__ct__15JKRThreadSwitchFP7JKRHeap
8019F750:__ct__15LIGHT_INFLUENCEFv
8019F74C:__ct__15WIND_INF_ENTITYFv
802C1D64:__ct__15Z2CreatureEnemyFv
802BF994:__ct__15Z2SoundObjAnimeFv
802BF938:__ct__15Z2SoundObjArrowFv
802C62B8:__ct__15Z2SoundObjCoachFv
802CDDB8:__ct__15Z2SpeechStarterFv
80070288:__ct__15dAttDrawParam_cFv
80078234:__ct__15dBgS_BombLinChkFv
80077CD0:__ct__15dBgS_GrpPassChkFv
80078160:__ct__15dBgS_LinkLinChkFv
800784BC:__ct__15dBgS_RopeLinChkFv
80191DB8:__ct__15dFile_warning_cFP10JKRArchiveUc
801AEB90:__ct__15dKantera_icon_cFv
801B7B18:__ct__15dMenu_Collect_cFP10JKRExpHeapP9STControlP10CSTControl
801C4FAC:__ct__15dMenu_Fishing_cFP10JKRExpHeapP9STControlP10CSTControl
801CEEE8:__ct__15dMenu_FmapMap_cFv
8020C5E4:__ct__15dMeterHakusha_cFPv
8023C058:__ct__15dMsgScrnArrow_cFv
80245FD8:__ct__15dMsgScrnLight_cFUcUc
80246A70:__ct__15dMsgScrnPlace_cFv
802471D8:__ct__15dMsgScrnStaff_cFUc
80196B6C:__ct__15dShopItemCtrl_cFv
80048DE4:__ct__15dSmplMdl_draw_cFv
80012670:__ct__15mDoExt_3Dline_cFv
800112FC:__ct__15mDoExt_McaMorf2FP12J3DModelDataP25mDoExt_McaMorfCallBack1_cP25mDoExt_McaMorfCallBack2_cP15J3DAnmTransformP15J3DAnmTransformifiiP10Z2CreatureUlUl
800166E0:__ct__15mDoMemCd_Ctrl_cFv
8002AF14:__ct__15renderingAmap_cFv
801C0774:__ct__15renderingDmap_cFv
8032BCD8:__ct__16J3DAnmTexPatternFv
803303D0:__ct__16J3DMaterialTableFv
802A1794:__ct__16JAISeCategoryMgrFv
802992F8:__ct__16JASBasicWaveBankFv
80294444:__ct__16JASRegisterParamFv
802A74A0:__ct__16JAUSeqCollectionFv
802DCB70:__ct__16JKRDecompCommandFv
8027C918:__ct__16JPADynamicsBlockFPCUc
802BCC74:__ct__16Z2AudibleChannelFv
802AA834:__ct__16Z2AudioArcLoaderFP10JAUSection
802C29E8:__ct__16Z2CreatureSumomoFv
802BF644:__ct__16Z2SoundObjSimpleFv
80078308:__ct__16dBgS_ArrowLinChkFv
80078590:__ct__16dBgS_HorseLinChkFv
80078754:__ct__16dBgS_MoveBgActorFv
80078E94:__ct__16dBgS_PolyPassChkFv
800467B8:__ct__16dEvent_manager_cFv
801904FC:__ct__16dFile_select3D_cFv
801C2970:__ct__16dMenuMapCommon_cFv
801FF87C:__ct__16dMeter_drawHIO_cFv
8020098C:__ct__16dMeter_fmapHIO_cFv
801FE5F4:__ct__16dMeter_menuHIO_cFv
80200470:__ct__16dMeter_ringHIO_cFv
80233320:__ct__16dMsgObject_HIO_cFv
80244BFC:__ct__16dMsgScrnJimaku_cFUcP10JKRExpHeap
802454DC:__ct__16dMsgScrnKanban_cFP10JKRExpHeap
80249A58:__ct__16dMsgStringBase_cFv
80251D9C:__ct__16dNpcLib_lookat_cFv
8004B190:__ct__16dPa_simpleData_cFv
80194478:__ct__16dSelect_cursor_cFUcfP10JKRArchive
8014DBA4:__ct__16daBaseNpc_path_cFv
801412F8:__ct__16daPy_actorKeep_cFv
80140F8C:__ct__16daPy_frameCtrl_cFv
80010784:__ct__16mDoExt_McaMorfSOFP12J3DModelDataP25mDoExt_McaMorfCallBack1_cP25mDoExt_McaMorfCallBack2_cP15J3DAnmTransformifiiP10Z2CreatureUlUl
802566F0:__ct__17CPaneMgrAlphaMorfFP9J2DScreenUxUcP10JKRExpHeap
8032B2E0:__ct__17J3DAnmVtxColorKeyFv
80291648:__ct__17JASGenericMemPoolFv
80299A94:__ct__17JASSimpleWaveBankFv
802A5540:__ct__17JAUAudioArcLoaderFP10JAUSection
8027EAA0:__ct__17JPAEmitterManagerFUlUlP7JKRHeapUcUc
8027E6A0:__ct__17JPAResourceLoaderFPCUcP18JPAResourceManager
802E8FCC:__ct__17JUTConsoleManagerFv
802C1A10:__ct__17Z2CreatureCitizenFv
80056474:__ct__17dDlst_shadowTri_cFv
801AFFA0:__ct__17dMenu_Collect2D_cFP10JKRExpHeapP9STControlP10CSTControl
801B66AC:__ct__17dMenu_Collect3D_cFP10JKRExpHeapP17dMenu_Collect2D_cP10CSTControl
801D5E94:__ct__17dMenu_Fmap2DTop_cFP10JKRExpHeapP9STControl
80239758:__ct__17dMsgScrn3Select_cFv
8023D32C:__ct__17dMsgScrnExplain_cFP9STControlUcbUc
80157ABC:__ct__17daNpcCd_HIO_Jnt_cFv
80229E40:__ct__17jmessage_tControlFv
800158F8:__ct__17mDoDvdThd_param_cFv
802F38D0:__ct__18J2DMaterialFactoryFRC16J2DMaterialBlock
8032B10C:__ct__18J3DAnmVtxColorFullFv
80330DEC:__ct__18J3DMaterialFactoryFRC16J3DMaterialBlock
80331034:__ct__18J3DMaterialFactoryFRC18J3DMaterialDLBlock
802A8220:__ct__18JAUStreamFileTableFv
802A5B3C:__ct__18JAU_JAIInitializerFv
802A58D0:__ct__18JAU_JASInitializerFv
80274C10:__ct__18JPAResourceManagerFPCvP7JKRHeap
802DD438:__ct__18JSUFileInputStreamFP7JKRFile
802C56E8:__ct__18Z2LinkSoundStarterFv
802C6034:__ct__18Z2RideSoundStarterFP14Z2CreatureRide
802C2B10:__ct__18Z2SoundObjBeeGroupFv
80077B30:__ct__18dBgS_CamGndChk_WtrFv
800778E0:__ct__18dBgS_ObjGndChk_SplFv
800777A8:__ct__18dBgS_ObjGndChk_WtrFv
80056400:__ct__18dDlst_shadowReal_cFv
801CF830:__ct__18dMenu_Fmap2DBack_cFv
80200F98:__ct__18dMeter_cursorHIO_cFv
8019F540:__ct__18dScnKy_env_light_cFv
800CFF00:__ct__18daAlink_footData_cFv
8014DA10:__ct__18daBaseNpc_acMngr_cFv
8015A994:__ct__18daNpcCd2_HIO_Jnt_cFv
8019F658:__ct__19GB_MAPLE_COL_CHANGEFv
8030A090:__ct__19J2DAnmKeyLoader_v15Fv
802EC0CC:__ct__19J2DIndTexCoordScaleFv
802F2734:__ct__19J2DTevSwapModeTableFv
803392E0:__ct__19J3DAnmKeyLoader_v15Fv
8032AC5C:__ct__19J3DAnmTextureSRTKeyFv
8000E098:__ct__19J3DIndTexCoordScaleFv
8000E0E8:__ct__19J3DTevSwapModeTableFv
802BD048:__ct__19Z2Audience3DSettingFv
8002F3BC:__ct__19dComIfG_resLoader_cFv
801DAA18:__ct__19dMenu_ItemExplain_cFP10JKRExpHeapP10JKRArchiveP9STControlb
80200778:__ct__19dMeter_mapIconHIO_cFv
80245E00:__ct__19dMsgScrnLight_HIO_cFv
800496B0:__ct__19dPa_followEcallBackFUcUc
8004AF24:__ct__19dPa_simpleEcallBackFv
8019443C:__ct__19dSelect_cursorHIO_cFv
80028444:__ct__19dStage_roomStatus_cFv
80157A64:__ct__19daNpcCd_HIO_Child_cFv
80228F58:__ct__19jmessage_tReferenceFv
80015B28:__ct__19mDoDvdThd_command_cFv
80141038:__ct__19mDoExt_AnmRatioPackFv
8000E608:__ct__19mDoExt_invJntPacketFv
80263460:__ct__20DynamicModuleControlFPCc
8030AAE8:__ct__20J2DAnmFullLoader_v15Fv
80339268:__ct__20J3DAnmFullLoader_v15Fv
80334FCC:__ct__20J3DClusterLoader_v15Fv
802D4E88:__ct__20JKRAramStreamCommandFv
800783E8:__ct__20dBgS_BoomerangLinChkFv
800564BC:__ct__20dDlst_shadowSimple_cFv
802330A0:__ct__20dMsgObject_HowlHIO_cFv
80015BCC:__ct__20mDoDvdThd_callback_cFPFPv_PvPv
802BF3A0:__ct__21Z2DopplerSoundObjBaseFv
80077FA8:__ct__21dBgS_CamLinChk_NorWtrFv
8025E938:__ct__21dDlst_TimerScrnDraw_cFv
801FEC54:__ct__21dMeter_drawSkillHIO_cFv
8015AA14:__ct__21daNpcCd2_HIO_MChild_cFv
8015A93C:__ct__21daNpcCd2_HIO_WChild_cFv
800162EC:__ct__21mDoDvdThd_toMainRam_cFUc
80028560:__ct__21stage_tgsc_data_classFv
80333BA4:__ct__22J3DMaterialFactory_v21FRC20J3DMaterialBlock_v21
802A5044:__ct__22JAUAudioArcInterpreterFv
801FEBA0:__ct__22dMeter_drawInsectHIO_cFv
801FE890:__ct__22dMeter_drawLetterHIO_cFv
801FE7B0:__ct__22dMeter_drawOptionHIO_cFv
8025A268:__ct__22dScnPly_env_debugHIO_cFv
8025A240:__ct__22dScnPly_env_otherHIO_cFv
8025CF3C:__ct__22dSvBit_childOtherHIO_cFv
802A7858:__ct__23JAUDynamicSeqDataBlocksFv
801FE60C:__ct__23dMeter_drawCollectHIO_cFv
801FE9F4:__ct__23dMeter_drawFishingHIO_cFv
8025CCA8:__ct__23dSvBit_childItZoneHIO_cFv
8025CAB0:__ct__23dSvBit_childSwZoneHIO_cFv
8014F6C0:__ct__23daBaseNpc_moveBgActor_cFv
80263084:__ct__24DynamicModuleControlBaseFv
8019BB98:__ct__24dDlst_GameOverScrnDraw_cFP10JKRArchive
801FF2B4:__ct__24dMeter_drawMiniGameHIO_cFv
80230028:__ct__24jmessage_string_tControlFv
80015D58:__ct__24mDoDvdThd_mountArchive_cFUc
8027F31C:__ct__25JSUList<14JPABaseEmitter>Fv
80030570:__ct__25dComIfG_camera_info_classFv
801FEDB4:__ct__25dMeter_drawEmpButtonHIO_cFv
801FF5E0:__ct__25dMeter_drawLightDropHIO_cFv
8025CE04:__ct__25dSvBit_childDarknessHIO_cFv
8001611C:__ct__25mDoDvdThd_mountXArchive_cFUcQ210JKRArchive10EMountMode
8027F388:__ct__26JPANode<15JPABaseParticle>Fv
8025CC0C:__ct__26dSvBit_childItDungeonHIO_cFv
8025CD08:__ct__26dSvBit_childItOneZoneHIO_cFv
8025CA14:__ct__26dSvBit_childSwDungeonHIO_cFv
8025CB10:__ct__26dSvBit_childSwOneZoneHIO_cFv
8025CEA0:__ct__26dSvBit_childTransformHIO_cFv
8003EDC0:__ct__26fmpTresTypeGroupDataList_cFv
8022FD8C:__ct__26jmessage_string_tReferenceFv
80229E7C:__ct__26jmessage_tMeasureProcessorFPC19jmessage_tReference
800562F8:__ct__26mDoExt_3DlineMatSortPacketFv
802A757C:__ct__27JAUSeqDataMgr_SeqCollectionFv
801FEC18:__ct__27dMeter_drawCalibrationHIO_cFv
8022BA24:__ct__27jmessage_tSequenceProcessorFPC19jmessage_tReferenceP17jmessage_tControl
8022D17C:__ct__28jmessage_tRenderingProcessorFPC19jmessage_tReference
8025CB70:__ct__29dSvBit_childItPerfectionHIO_cFv
8025C978:__ct__29dSvBit_childSwPerfectionHIO_cFv
8025CD68:__ct__29dSvBit_childTbPerfectionHIO_cFv
80230064:__ct__33jmessage_string_tMeasureProcessorFPC26jmessage_string_tReference
80230F44:__ct__34jmessage_string_tSequenceProcessorFPC26jmessage_string_tReferenceP24jmessage_string_tControl
80231104:__ct__35jmessage_string_tRenderingProcessorFPC26jmessage_string_tReference
800793C4:__ct__4cBgWFv
8026586C:__ct__4cCcSFv
80097924:__ct__4cXyzFRC4cXyz
80141B68:__ct__4cXyzFfff
80012590:__ct__4cXyzFv
8007BAA0:__ct__4dBgWFv
8029FE3C:__ct__5JAISeFP8JAISeMgrP27JAISoundStrategyMgr<5JAISe>Ul
802681F4:__ct__5csXyzFsss
80112E8C:__ct__5csXyzFv
80310BE8:__ct__6J3DSysFv
802A188C:__ct__6JAISeqFP9JAISeqMgrP28JAISoundStrategyMgr<6JAISeq>
8029CB14:__ct__6JASLfoFv
802E6060:__ct__6JUTXfbFPC16_GXRenderModeObjP7JKRHeapQ26JUTXfb10EXfbNumber
800741A4:__ct__6dBgPlcFv
8002991C:__ct__6dMap_cFiiii
8009CA60:__ct__6dMdl_cFv
802F6D9C:__ct__7J2DPaneFP7J2DPaneP20JSURandomInputStreamUc
802F6B40:__ct__7J2DPaneFP7J2DPanebUxRCQ29JGeometry8TBox2<f>
802F6C88:__ct__7J2DPaneFUxRCQ29JGeometry8TBox2<f>
802F69F8:__ct__7J2DPaneFv
80290F40:__ct__7JASHeapFP11JASDisposer
802D2E40:__ct__7JKRAramFUlUll
802CEF38:__ct__7JKRHeapFPvUlP7JKRHeapb
802DFAF8:__ct__7JUTFontFv
802AC44C:__ct__7Z2SeMgrFv
8027214C:__ct__7cDegreeFf
80271D68:__ct__7cSAngleFRC7cSAngle
80271DC8:__ct__7cSAngleFf
80271D98:__ct__7cSAngleFs
80182C54:__ct__7cSAngleFv
80272680:__ct__7cSGlobeFRC4cXyz
802725F0:__ct__7cSGlobeFRC7cSGlobe
80272650:__ct__7cSGlobeFfRC7cSAngleRC7cSAngle
80272620:__ct__7cSGlobeFfss
8016E62C:__ct__7cSGlobeFv
80272268:__ct__7cSPolarFRC4cXyz
8024EAAC:__ct__7dName_cFP7J2DPane
8025440C:__ct__8CPaneMgrFP9J2DScreenUxUcP10JKRExpHeap
802543B8:__ct__8CPaneMgrFv
802F5194:__ct__8J2DPrintFP7JUTFontffQ28JUtility6TColorQ28JUtility6TColorQ28JUtility6TColorQ28JUtility6TColor
8032FF70:__ct__8J3DJointFv
802A0E74:__ct__8JAISeMgrFb
802A30F8:__ct__8JAISoundFv
80292028:__ct__8JASTrackFv
802E6330:__ct__8JUTFaderFiiiiQ28JUtility6TColor
802E5AF4:__ct__8JUTVideoFPC16_GXRenderModeObj
80056E3C:__ct__8RAIN_EFFFv
80056EC4:__ct__8SNOW_EFFFv
80056F34:__ct__8STAR_EFFFv
802AFCA0:__ct__8Z2SeqMgrFv
8026894C:__ct__8cBgS_ChkFv
8026FCB4:__ct__8cM3dGCirFv
8026FD88:__ct__8cM3dGCpsFv
8026FEA8:__ct__8cM3dGCylFPC4cXyzff
802700A8:__ct__8cM3dGLinFRC4cXyzRC4cXyz
802701DC:__ct__8cM3dGPlaFPC4cXyzf
801413FC:__ct__8cM3dGPlaFv
800775CC:__ct__8dBgS_ChkFv
8007E824:__ct__8dBgWKColFv
801411AC:__ct__8dCcD_CpsFv
8014122C:__ct__8dCcD_CylFv
801938E8:__ct__8dScope_cFUc
80056FA4:__ct__9CLOUD_EFFFv
80057014:__ct__9HOUSI_EFFFv
802F9298:__ct__9J2DScreenFv
802FA974:__ct__9J2DWindowFP7J2DPaneP20JSURandomInputStreamP10JKRArchive
802FAA10:__ct__9J2DWindowFP7J2DPaneP20JSURandomInputStreamP11J2DMaterial
802FA87C:__ct__9J2DWindowFv
802A2714:__ct__9JAISeqMgrFb
802A3F04:__ct__9JAIStreamFP12JAIStreamMgrP31JAISoundStrategyMgr<9JAIStream>
802DC4E0:__ct__9JKRDecompFl
802D2410:__ct__9JKRThreadFP7JKRHeapUlii
802D24B8:__ct__9JKRThreadFP8OSThreadi
802D2368:__ct__9JKRThreadFUlii
800320EC:__ct__9STControlFssssffss
802BCB94:__ct__9Z2AudibleFRCQ29JGeometry8TVec3<f>PCQ29JGeometry8TVec3<f>Ulb
802BDB28:__ct__9Z2SpotMicFv
800761D0:__ct__9dBgS_AcchFv
8007E6D8:__ct__9dBgW_BaseFv
80160298:__ct__9dCamera_cFP12camera_class
80088564:__ct__9dCstick_cFv
80183804:__ct__9dFs_HIO_cFv
8015E21C:__ct__9dInsect_cFv
80035DBC:__ct__9dJntCol_cFv
801C68BC:__ct__9dMf_HIO_cFv
801EF918:__ct__9dMs_HIO_cFv
801F9DC0:__ct__9dMw_HIO_cFv
8024EA84:__ct__9dNm_HIO_cFv
80195C84:__ct__9dSi_HIO_cFv
8025953C:__ct__9dSn_HIO_cFv
800CF58C:__ct__9daAlink_cFv
802992C4:__ct__Q210JASDrumSet5TPercFv
802A5CE8:__ct__Q210JAUSection12TSectionDataFv
802E2AA8:__ct__Q210JUTGamePad6CStickFv
802E2AD8:__ct__Q210JUTGamePad7CButtonFv
802E8140:__ct__Q210JUTProcBar5CTimeFv
802EB59C:__ct__Q211J2DMaterial21J2DMaterialAnmPointerFv
802990D4:__ct__Q212JASBasicInst7TKeymapFv
802D646C:__ct__Q212JKRFileCache11CCacheBlockFUlUlPCv
8004B7B8:__ct__Q213dPa_control_c7level_cFv
8029F1A0:__ct__Q214JASCallbackMgr9TCallbackFv
802A6BF4:__ct__Q214JAUSectionHeap16TSectionHeapDataFv
8028D374:__ct__Q214JStudio_JStage12TAdaptor_fogFPCQ26JStage7TSystemPQ26JStage4TFog
8028B3F0:__ct__Q214JStudio_JStage14TAdaptor_actorFPCQ26JStage7TSystemPQ26JStage6TActor
8028D950:__ct__Q214JStudio_JStage14TAdaptor_lightFPCQ26JStage7TSystemPQ26JStage6TLight
8028C6A0:__ct__Q214JStudio_JStage15TAdaptor_cameraFPCQ26JStage7TSystemPQ26JStage7TCamera
8028C410:__ct__Q214JStudio_JStage21TAdaptor_ambientLightFPCQ26JStage7TSystemPQ26JStage13TAmbientLight
8028E628:__ct__Q215JStudio_JAudio214TAdaptor_soundFPQ215JStudio_JAudio213TCreateObject
8030D92C:__ct__Q216J2DAnmTexPattern27J2DAnmTexPatternTIMGPointerFv
802997C0:__ct__Q216JASBasicWaveBank10TWaveGroupFv
80299A18:__ct__Q216JASBasicWaveBank11TWaveHandleFv
80299A4C:__ct__Q216JASBasicWaveBank14TGroupWaveInfoFv
80201334:__ct__Q216dMeter_fmapHIO_c13MapBlinkAnimeFv
80299D5C:__ct__Q217JASSimpleWaveBank11TWaveHandleFv
8028F40C:__ct__Q217JStudio_JParticle17TAdaptor_particleFPQ217JStudio_JParticle13TCreateObject
8004FCC0:__ct__Q218dPa_modelEcallBack7model_cFv
802A745C:__ct__Q23std16__bitset_base<8>Fv
8033AAB0:__ct__Q23std9pair<f,f>Fv
8033A8E4:__ct__Q25JMath13TRandom_fast_FUl
802DDAD0:__ct__Q27JGadget20TVector_pointer_voidFRCQ27JGadget14TAllocator<Pv>
80287FDC:__ct__Q27JStudio11TObject_fogFRCQ47JStudio3stb4data20TParse_TBlock_objectPQ27JStudio12TAdaptor_fog
80287710:__ct__Q27JStudio13TObject_actorFRCQ47JStudio3stb4data20TParse_TBlock_objectPQ27JStudio14TAdaptor_actor
80288168:__ct__Q27JStudio13TObject_lightFRCQ47JStudio3stb4data20TParse_TBlock_objectPQ27JStudio14TAdaptor_light
8028899C:__ct__Q27JStudio13TObject_soundFRCQ47JStudio3stb4data20TParse_TBlock_objectPQ27JStudio14TAdaptor_sound
80282490:__ct__Q27JStudio14TFunctionValueFv
80287C7C:__ct__Q27JStudio14TObject_cameraFRCQ47JStudio3stb4data20TParse_TBlock_objectPQ27JStudio15TAdaptor_camera
8028C368:__ct__Q27JStudio14TVariableValueFv
80288440:__ct__Q27JStudio15TObject_messageFRCQ47JStudio3stb4data20TParse_TBlock_objectPQ27JStudio16TAdaptor_message
8028856C:__ct__Q27JStudio16TObject_particleFRCQ47JStudio3stb4data20TParse_TBlock_objectPQ27JStudio17TAdaptor_particle
802834BC:__ct__Q27JStudio19TFunctionValue_listFv
80287AFC:__ct__Q27JStudio20TObject_ambientLightFRCQ47JStudio3stb4data20TParse_TBlock_objectPQ27JStudio21TAdaptor_ambientLight
802840C4:__ct__Q27JStudio22TFunctionValue_hermiteFv
8028316C:__ct__Q27JStudio23TFunctionValue_constantFv
80282B5C:__ct__Q27JStudio24TFunctionValue_compositeFv
802831EC:__ct__Q27JStudio25TFunctionValue_transitionFv
80282B18:__ct__Q27JStudio29TFunctionValueAttribute_rangeFv
80283B34:__ct__Q27JStudio29TFunctionValue_list_parameterFv
8028646C:__ct__Q27JStudio6TParseFPQ27JStudio8TControl
80287664:__ct__Q27JStudio7TObjectFRCQ47JStudio3stb4data20TParse_TBlock_objectPQ27JStudio8TAdaptor
80285F14:__ct__Q27JStudio8TControlFv
8003200C:__ct__Q27daSus_c6data_cFv
80031F8C:__ct__Q27daSus_c6room_cFv
802940C8:__ct__Q28JASTrack10MoveParam_Fv
80293EDC:__ct__Q28JASTrack11TChannelMgrFP8JASTrack
802A9E6C:__ct__Q28JMessage18TResourceContainerFv
802A9174:__ct__Q28JMessage18TSequenceProcessorFPCQ28JMessage10TReferencePQ28JMessage8TControl
802A9884:__ct__Q28JMessage19TRenderingProcessorFPCQ28JMessage10TReference
802A9F30:__ct__Q28JMessage6TParseFPQ28JMessage18TResourceContainer
802A8348:__ct__Q28JMessage8TControlFv
80193BB8:__ct__Q28JUtility6TColorFv
80300004:__ct__Q29JGeometry8TVec2<s>Fv
80182B28:__ct__Q29dCamera_c10dCamInfo_cFv
8016050C:__ct__Q29dCamera_c23@class$3665d_camera_cppFv
8009797C:__ct__Q29dCamera_c26@class$3517d_ev_camera_cppFv
800CFE84:__ct__Q29daAlink_c14firePointEff_cFv
8004FD2C:__ct__Q313dPa_control_c7level_c9emitter_cFv
80281D60:__ct__Q37JStudio3ctb14TObject_TxyzRyFRCQ47JStudio3ctb4data13TParse_TBlock
8028215C:__ct__Q37JStudio3ctb6TParseFPQ37JStudio3ctb8TControl
80281DC4:__ct__Q37JStudio3ctb8TControlFv
80285260:__ct__Q37JStudio3fvb12TObject_listFRCQ47JStudio3fvb4data13TParse_TBlock
802853B0:__ct__Q37JStudio3fvb15TObject_hermiteFRCQ47JStudio3fvb4data13TParse_TBlock
80285138:__ct__Q37JStudio3fvb16TObject_constantFRCQ47JStudio3fvb4data13TParse_TBlock
80285054:__ct__Q37JStudio3fvb17TObject_compositeFRCQ47JStudio3fvb4data13TParse_TBlock
802851C8:__ct__Q37JStudio3fvb18TObject_transitionFRCQ47JStudio3fvb4data13TParse_TBlock
80285300:__ct__Q37JStudio3fvb22TObject_list_parameterFRCQ47JStudio3fvb4data13TParse_TBlock
802858DC:__ct__Q37JStudio3fvb6TParseFPQ37JStudio3fvb8TControl
80285468:__ct__Q37JStudio3fvb8TControlFv
80289E68:__ct__Q37JStudio3stb15TObject_controlFPCvUl
8028A440:__ct__Q37JStudio3stb6TParseFPQ37JStudio3stb8TControl
802898C0:__ct__Q37JStudio3stb7TObjectFRCQ47JStudio3stb4data20TParse_TBlock_object
80289878:__ct__Q37JStudio3stb7TObjectFUlPCvUl
80289EB4:__ct__Q37JStudio3stb8TControlFv
802A9CC0:__ct__Q38JMessage18TResourceContainer10TCResourceFv
803D4BB8:__ctype_map
803635A0:__cvt_dbl_usll
80362EDC:__cvt_fp2unsigned
803634EC:__cvt_sll_flt
80140FD8:__defctor__14daPy_anmHeap_cFv
802A585C:__defctor__7JASHeapFv
80362B18:__destroy_arr
80362A0C:__destroy_global_chain
803747C0:__destroy_global_chain_reference
80362A9C:__destroy_new_array
80363154:__div2i
80363068:__div2u
802CFB3C:__dl__FPv
802CFB60:__dla__FPv
8019F690:__dt__10BOSS_LIGHTFv
80226024:__dt__10COutFont_cFv
8005712C:__dt__10EF_MUD_EFFFv
80053DC4:__dt__10J2DAnmBaseFv
802FDDF0:__dt__10J2DPictureFv
80300FE0:__dt__10J2DTextBoxFv
8003C864:__dt__10J3DAnmBaseFv
8000D8FC:__dt__10J3DMtxCalcFv
803180B4:__dt__10J3DPEBlockFv
803374A4:__dt__10J3DTextureFv
8029FDAC:__dt__10JAIAudibleFv
8029B718:__dt__10JASChannelFv
80299114:__dt__10JASDrumSetFv
8029AFB4:__dt__10JASWaveArcFv
802A7268:__dt__10JAUSectionFv
80272F60:__dt__10JFWDisplayFv
802D7134:__dt__10JKRArchiveFv
802DA548:__dt__10JKRDvdFileFv
802CFEC0:__dt__10JKRExpHeapFv
8027E63C:__dt__10JPATextureFv
80255E10:__dt__10JSUIosBaseFv
802DCC14:__dt__10JSUPtrLinkFv
802DCCAC:__dt__10JSUPtrListFv
802E835C:__dt__10JUTConsoleFv
802E15B0:__dt__10JUTGamePadFv
80191340:__dt__10JUTNameTabFv
802E679C:__dt__10JUTProcBarFv
802DFE00:__dt__10JUTResFontFv
802DF034:__dt__10JUTTextureFv
80057048:__dt__10VRKUMO_EFFFv
802BDFFC:__dt__10Z2AudienceFv
800073C8:__dt__10Z2AudioMgrFv
802C1220:__dt__10Z2CreatureFv
802C6B1C:__dt__10Z2EnvSeDirFv
802C7340:__dt__10Z2EnvSeMgrFv
800838E0:__dt__10cCcD_GSttsFv
80084170:__dt__10cCcD_ObjAtFv
800840B8:__dt__10cCcD_ObjCoFv
80084114:__dt__10cCcD_ObjTgFv
800305F4:__dt__10dAttDraw_cFv
80030578:__dt__10dAttList_cFv
8008536C:__dt__10dCcD_GSttsFv
8019C2C4:__dt__10dGov_HIO_cFv
8025930C:__dt__10dLog_HIO_cFv
8024A5EC:__dt__10dMsgFlow_cFv
80239324:__dt__10dMsgUnit_cFv
801FA15C:__dt__10dMw_DHIO_cFv
80257D28:__dt__10dScnLogo_cFv
80259AA4:__dt__10dScnName_cFv
80018D34:__dt__10fopAc_ac_cFv
80014F7C:__dt__114J3DMtxCalcAnimation<64J3DMtxCalcAnimationAdaptorDefault<27J3DMtxCalcCalcTransformMaya>,24J3DMtxCalcJ3DSysInitMaya>Fv
8005719C:__dt__11EF_EVIL_EFFFv
80184508:__dt__11J2DAnmColorFv
802EBF3C:__dt__11J2DIndBlockFv
802EB0CC:__dt__11J2DMaterialFv
802EBF84:__dt__11J2DTevBlockFv
80301F44:__dt__11J2DWindowExFv
8032CAAC:__dt__11J3DAnmColorFv
8031806C:__dt__11J3DIndBlockFv
80333994:__dt__11J3DMaterialFv
80315598:__dt__11J3DShapeMtxFv
80318024:__dt__11J3DTevBlockFv
8003B328:__dt__11J3DTexNoAnmFv
80015544:__dt__11J3DUClipperFv
8029FDF4:__dt__11JAIAudienceFv
8029B5B8:__dt__11JASDisposerFv
80299988:__dt__11JASWaveBankFv
802D3D14:__dt__11JKRAramHeapFv
802D22E4:__dt__11JKRDisposerFv
8027E478:__dt__11JPAFieldAirFv
802C66AC:__dt__11Z2EnvSeBaseFv
802BC9E0:__dt__11Z2SoundInfoFv
8002FFA0:__dt__11cBgS_ChkElmFv
80268A94:__dt__11cBgS_GndChkFv
80268BBC:__dt__11cBgS_LinChkFv
8007A2B4:__dt__11cBgW_GrpElmFv
80079304:__dt__11cBgW_RwgElmFv
80079828:__dt__11cBgW_TriElmFv
80070240:__dt__11dAttParam_cFv
80077720:__dt__11dBgS_GndChkFv
80077E0C:__dt__11dBgS_LinChkFv
80078BF0:__dt__11dBgS_SphChkFv
8001DFD8:__dt__11dBgS_WtrChkFv
800886BC:__dt__11dCamParam_cFv
800889E8:__dt__11dCamSetup_cFv
80083D74:__dt__11dCcD_GObjAtFv
80083CBC:__dt__11dCcD_GObjCoFv
80083D18:__dt__11dCcD_GObjTgFv
80039538:__dt__11dDemo_fog_cFv
8002ADE4:__dt__11dDrawPath_cFv
80030238:__dt__11dEvDtBase_cFv
80018CEC:__dt__11dEvt_info_cFv
8020DC54:__dt__11dMeterMap_cFv
8019432C:__dt__11dMeterSub_cFv
8003A3B0:__dt__11dRes_info_cFv
8014EAA8:__dt__11daBaseNpc_cFv
80262D24:__dt__11dkWpillar_cFv
80018B88:__dt__11fapGm_HIO_cFv
800570BC:__dt__12EF_ODOUR_EFFFv
8030B210:__dt__12J2DAnmLoaderFv
802EC0E4:__dt__12J2DIndTexMtxFv
8030473C:__dt__12J2DPictureExFv
802EC798:__dt__12J2DTevBlock1Fv
802ED4C8:__dt__12J2DTevBlock2Fv
802EE7E4:__dt__12J2DTevBlock4Fv
802EFC8C:__dt__12J2DTevBlock8Fv
8030831C:__dt__12J2DTextBoxExFv
8033A600:__dt__12J3DAnmLoaderFv
8000F98C:__dt__12J3DFrameCtrlFv
8000E018:__dt__12J3DIndTexMtxFv
80326B24:__dt__12J3DJointTreeFv
803137A4:__dt__12J3DMatPacketFv
80326F7C:__dt__12J3DModelDataFv
803291B4:__dt__12J3DMtxBufferFv
80315900:__dt__12J3DShapeDrawFv
803236F4:__dt__12J3DTevBlock1Fv
80323514:__dt__12J3DTevBlock2Fv
80323150:__dt__12J3DTevBlock4Fv
8003B394:__dt__12J3DTexMtxAnmFv
802A3B50:__dt__12JAISoundInfoFv
80298D0C:__dt__12JASBasicBankFv
80298E7C:__dt__12JASBasicInstFv
80294AAC:__dt__12JASSeqParserFv
80298DAC:__dt__12JASVoiceBankFv
802DBD5C:__dt__12JKRADCommandFv
802D485C:__dt__12JKRAMCommandFv
802D4178:__dt__12JKRAramBlockFv
802D5758:__dt__12JKRArcFinderFv
802D55F4:__dt__12JKRDvdFinderFv
802D5A70:__dt__12JKRFileCacheFv
802D198C:__dt__12JKRSolidHeapFv
8027E1AC:__dt__12JPAFieldBaseFv
8027E250:__dt__12JPAFieldDragFv
8027E1F4:__dt__12JPAFieldSpinFv
802DE008:__dt__12JUTCacheFontFv
802E4EEC:__dt__12JUTExceptionFv
802DFA34:__dt__12JUTGraphFifoFv
802AF934:__dt__12Z2MultiSeMgrFv
80007888:__dt__12Z2MultiSeObjFv
80085580:__dt__12cCcD_CpsAttrFv
80085610:__dt__12cCcD_CylAttrFv
80083E18:__dt__12cCcD_GObjInfFv
8008734C:__dt__12cCcD_SphAttrFv
80265738:__dt__12cCcD_TriAttrFv
800708A4:__dt__12dAttention_cFv
80077544:__dt__12dBgS_AcchCirFv
800D0E78:__dt__12dBgS_ObjAcchFv
800791C0:__dt__12dBgS_RoofChkFv
80084214:__dt__12dCcD_GObjInfFv
80030B1C:__dt__12dCcMassS_MngFv
8003019C:__dt__12dCcMassS_ObjFv
800565BC:__dt__12dDlst_list_cFv
800301FC:__dt__12dEvt_order_cFv
801926AC:__dt__12dFile_info_cFv
801BD04C:__dt__12dMenu_Dmap_cFv
801C6D8C:__dt__12dMenu_Fmap_cFv
801EA9CC:__dt__12dMenu_Ring_cFv
8019C56C:__dt__12dMenu_save_cFv
8024A3CC:__dt__12dMsgString_cFv
8025D4FC:__dt__12dSvBit_HIO_cFv
80140E1C:__dt__12daAlinkHIO_cFv
80225EB8:__dt__13COutFontSet_cFv
80255EF4:__dt__13CPaneMgrAlphaFv
8019F6D0:__dt__13DUNGEON_LIGHTFv
802EBEF4:__dt__13J2DColorBlockFv
8000B118:__dt__13J2DOrthoGraphFv
802F110C:__dt__13J2DTevBlock16Fv
8032CEB8:__dt__13J3DAnmClusterFv
80317F38:__dt__13J3DColorBlockFv
80325E08:__dt__13J3DDrawBufferFv
803135B0:__dt__13J3DDrawPacketFv
80324134:__dt__13J3DPEBlockOpaFv
80324064:__dt__13J3DPEBlockXluFv
80326F34:__dt__13J3DShapeTableFv
8032EFB0:__dt__13J3DSkinDeformFv
80322D84:__dt__13J3DTevBlock16Fv
802A25BC:__dt__13JAISeqDataMgrFv
80290524:__dt__13JASTaskThreadFv
802999D0:__dt__13JASWaveHandleFv
802D4A08:__dt__13JKRAramStreamFv
802D2100:__dt__13JKRAssertHeapFv
802D8A98:__dt__13JKRDvdArchiveFv
802D5710:__dt__13JKRFileFinderFv
802D4F48:__dt__13JKRFileLoaderFv
802D7924:__dt__13JKRMemArchiveFv
802E961C:__dt__13JUTDirectFileFv
80268EB0:__dt__13cBgS_PolyInfoFv
80268DD0:__dt__13cBgS_ShdwDrawFv
80079368:__dt__13cBgW_NodeTreeFv
8014113C:__dt__13dBgS_LinkAcchFv
8002FE1C:__dt__13dComIfG_inf_cFv
800381C8:__dt__13dDemo_actor_cFv
80039598:__dt__13dDemo_light_cFv
801F760C:__dt__13dMenu_Skill_cFv
802105BC:__dt__13dMeter2Draw_cFv
8021C0E4:__dt__13dMeter2Info_cFv
8019773C:__dt__13dShopSystem_cFv
80157B70:__dt__13daNpcCd_HIO_cFv
80030748:__dt__13mDoExt_bckAnmFv
8003079C:__dt__13mDoExt_bpkAnmFv
800307F0:__dt__13mDoExt_brkAnmFv
80030844:__dt__13mDoExt_btkAnmFv
8000FA9C:__dt__13mDoExt_morf_cFv
8023A284:__dt__14J2DAnmColorKeyFv
8030B158:__dt__14J2DAnmVtxColorFv
802EA3D4:__dt__14J2DGrafContextFv
802EC420:__dt__14J2DTexGenBlockFv
8032CC2C:__dt__14J3DAnmColorKeyFv
8032CA50:__dt__14J3DAnmVtxColorFv
803123F4:__dt__14J3DDrawMtxDataFv
8003B3E8:__dt__14J3DMatColorAnmFv
800A4A2C:__dt__14J3DMaterialAnmFv
80337250:__dt__14J3DModelLoaderFv
80322870:__dt__14J3DPEBlockFullFv
803337B0:__dt__14J3DPEBlockNullFv
80313974:__dt__14J3DShapePacketFv
8003B2D4:__dt__14J3DTevColorAnmFv
80317FDC:__dt__14J3DTexGenBlockFv
802A2574:__dt__14JAISeqDataUserFv
80007838:__dt__14JAISoundHandleFv
8029DE28:__dt__14JASAudioThreadFv
802A7078:__dt__14JAUSectionHeapFv
802D7F68:__dt__14JKRAramArchiveFv
802D967C:__dt__14JKRCompArchiveFv
8027F3EC:__dt__14JPABaseEmitterFv
8027E41C:__dt__14JPAFieldMagnetFv
8027E3C0:__dt__14JPAFieldNewtonFv
8027E2AC:__dt__14JPAFieldRandomFv
8027E364:__dt__14JPAFieldVortexFv
802DD03C:__dt__14JSUInputStreamFv
80054B9C:__dt__14ShdwDrawPoly_cFv
802C4300:__dt__14Z2CreatureLinkFv
802C5F14:__dt__14Z2CreatureRideFv
802C6D28:__dt__14Z2EnvSeAutoPanFv
802ABEB4:__dt__14Z2SoundHandlesFv
802BED48:__dt__14Z2SoundObjBaseFv
802ABDF0:__dt__14Z2SoundStarterFv
80083FF8:__dt__14cCcD_ObjHitInfFv
8008569C:__dt__14cCcD_ShapeAttrFv
80182AE0:__dt__14d2DBSplinePathFv
80077AB8:__dt__14dBgS_CamGndChkFv
80077F30:__dt__14dBgS_CamLinChkFv
80166080:__dt__14dBgS_CamSphChkFv
8001E0C8:__dt__14dBgS_ObjGndChkFv
800780E8:__dt__14dBgS_ObjLinChkFv
80078DA8:__dt__14dBgS_SplGrpChkFv
801931F0:__dt__14dBrightCheck_cFv
8002FE90:__dt__14dComIfG_play_cFv
8003A12C:__dt__14dDemo_camera_cFv
800390A0:__dt__14dDemo_object_cFv
80039BDC:__dt__14dDemo_system_cFv
80251BE4:__dt__14dDlst_NameIN_cFv
80030274:__dt__14dDlst_window_cFv
80183968:__dt__14dFile_select_cFv
801BA314:__dt__14dMenu_DmapBg_cFv
801D85B8:__dt__14dMenu_Insect_cFv
801DD1F8:__dt__14dMenu_Letter_cFv
801E22D8:__dt__14dMenu_Option_cFv
80201634:__dt__14dMeterButton_cFv
8020B1B4:__dt__14dMeterHaihai_cFv
8020F0B8:__dt__14dMeterString_cFv
8023C7C8:__dt__14dMsgScrnBase_cFv
8023CFCC:__dt__14dMsgScrnBoss_cFv
80241E28:__dt__14dMsgScrnHowl_cFv
8023FBC0:__dt__14dMsgScrnItem_cFv
80248134:__dt__14dMsgScrnTalk_cFv
802495B8:__dt__14dMsgScrnTree_cFv
8003C0E0:__dt__14dRes_control_cFv
800CFF64:__dt__14daAlink_blur_cFv
8015AA6C:__dt__14daNpcCd2_HIO_cFv
8015E65C:__dt__14daObj_SSBase_cFv
8015EF5C:__dt__14daPy_anmHeap_cFv
8000FCC4:__dt__14mDoExt_McaMorfFv
80157B28:__dt__14mDoHIO_entry_cFv
8000D024:__dt__14mDoMtx_stack_cFv
8030DAF8:__dt__15J2DAnmColorFullFv
801843F8:__dt__15J2DAnmTevRegKeyFv
8018457C:__dt__15J2DAnmTransformFv
802F2A7C:__dt__15J2DIndBlockFullFv
802EBFF0:__dt__15J2DIndBlockNullFv
8032CCB8:__dt__15J3DAnmColorFullFv
8032CB9C:__dt__15J3DAnmTevRegKeyFv
8003BA6C:__dt__15J3DAnmTransformFv
803242A0:__dt__15J3DIndBlockFullFv
803181B0:__dt__15J3DIndBlockNullFv
80333844:__dt__15J3DTevBlockNullFv
8003B280:__dt__15J3DTevKColorAnmFv
80323C04:__dt__15J3DTexGenBlock4Fv
80311E30:__dt__15J3DVertexBufferFv
802A3D88:__dt__15JAISoundStarterFv
8029DEFC:__dt__15JASAudioReseterFv
802D2C4C:__dt__15JKRThreadSwitchFv
8027E4D4:__dt__15JPAFieldGravityFv
800CFE88:__dt__15LIGHT_INFLUENCEFv
8019F710:__dt__15WIND_INF_ENTITYFv
802CCAEC:__dt__15Z2SpeechStarterFv
80077D50:__dt__15cBgS_GrpPassChkFv
80030E88:__dt__15cCcD_DivideAreaFv
80030F74:__dt__15cCcD_DivideInfoFv
800740F4:__dt__15dAttDrawParam_cFv
80078290:__dt__15dBgS_BombLinChkFv
80077CF4:__dt__15dBgS_GrpPassChkFv
801410C4:__dt__15dBgS_LinkGndChkFv
800781BC:__dt__15dBgS_LinkLinChkFv
8001E050:__dt__15dBgS_ObjRoofChkFv
80078518:__dt__15dBgS_RopeLinChkFv
800395F8:__dt__15dDemo_ambient_cFv
80191568:__dt__15dDlst_FileSel_cFv
80191E24:__dt__15dFile_warning_cFv
801AEBCC:__dt__15dKantera_icon_cFv
801B7BB4:__dt__15dMenu_Collect_cFv
801C0704:__dt__15dMenu_DmapMap_cFv
801C4FF0:__dt__15dMenu_Fishing_cFv
801CEFFC:__dt__15dMenu_FmapMap_cFv
8020C648:__dt__15dMeterHakusha_cFv
8023C31C:__dt__15dMsgScrnArrow_cFv
802461A4:__dt__15dMsgScrnLight_cFv
80246E68:__dt__15dMsgScrnPlace_cFv
8024747C:__dt__15dMsgScrnStaff_cFv
80253914:__dt__15dOvlpFd2_dlst_cFv
80254370:__dt__15dOvlpFd3_dlst_cFv
8002AD1C:__dt__15dRenderingMap_cFv
80196BB0:__dt__15dShopItemCtrl_cFv
80048EB0:__dt__15dSmplMdl_draw_cFv
800D0000:__dt__15daAlink_sight_cFv
801560DC:__dt__15daNpcF_MatAnm_cFv
8014D35C:__dt__15daNpcT_JntAnm_cFv
8014D458:__dt__15daNpcT_MatAnm_cFv
800113B0:__dt__15mDoExt_McaMorf2Fv
8002AE58:__dt__15renderingAmap_cFv
801C05D8:__dt__15renderingDmap_cFv
801CF794:__dt__15renderingFmap_cFv
8030D990:__dt__16J2DAnmTexPatternFv
8032CE44:__dt__16J3DAnmClusterKeyFv
8032CB20:__dt__16J3DAnmTexPatternFv
803353FC:__dt__16J3DClusterLoaderFv
80330404:__dt__16J3DMaterialTableFv
803229C4:__dt__16J3DPEBlockFogOffFv
803154B0:__dt__16J3DShapeMtxMultiFv
800078DC:__dt__16JAISeCategoryMgrFv
802A4920:__dt__16JAIStreamAramMgrFv
802A48D8:__dt__16JAIStreamDataMgrFv
80299358:__dt__16JASBasicWaveBankFv
802DCBC0:__dt__16JKRDecompCommandFv
802AA958:__dt__16Z2AudioArcLoaderFv
8015BC48:__dt__16Z2SoundObjSimpleFv
800790DC:__dt__16cBgS_PolyPassChkFv
80078370:__dt__16dBgS_ArrowLinChkFv
800785EC:__dt__16dBgS_HorseLinChkFv
8014104C:__dt__16dBgS_LinkRoofChkFv
80078EE0:__dt__16dBgS_PolyPassChkFv
8003A0CC:__dt__16dDemo_particle_cFv
80193120:__dt__16dDlst_FileInfo_cFv
801925D8:__dt__16dDlst_FileWarn_cFv
801F6E08:__dt__16dDlst_MenuSave_cFv
8019058C:__dt__16dFile_select3D_cFv
801C2A0C:__dt__16dMenuMapCommon_cFv
802013EC:__dt__16dMeter_drawHIO_cFv
80200E90:__dt__16dMeter_fmapHIO_cFv
80201500:__dt__16dMeter_menuHIO_cFv
802013A4:__dt__16dMeter_ringHIO_cFv
8023925C:__dt__16dMsgObject_HIO_cFv
80245118:__dt__16dMsgScrnJimaku_cFv
802459F0:__dt__16dMsgScrnKanban_cFv
80249BCC:__dt__16dMsgStringBase_cFv
80252B1C:__dt__16dNpcLib_lookat_cFv
8004B154:__dt__16dPa_simpleData_cFv
80194C44:__dt__16dSelect_cursor_cFv
80140DE0:__dt__16daAlinkHIO_cut_cFv
800D0D98:__dt__16daAlink_matAnm_cFv
80150608:__dt__16daBaseNpc_path_cFv
8014CDB8:__dt__16daNpcT_Hermite_cFv
80140F30:__dt__16daPy_frameCtrl_cFv
8001083C:__dt__16mDoExt_McaMorfSOFv
8002B1F8:__dt__16renderingDAmap_cFv
80256734:__dt__17CPaneMgrAlphaMorfFv
8030DA20:__dt__17J2DAnmVtxColorKeyFv
8032CF24:__dt__17J3DAnmClusterFullFv
8032CD50:__dt__17J3DAnmVtxColorKeyFv
80333938:__dt__17J3DColorBlockNullFv
8000D8A0:__dt__17J3DMtxCalcAnmBaseFv
803240CC:__dt__17J3DPEBlockTexEdgeFv
80291660:__dt__17JASGenericMemPoolFv
80299AF4:__dt__17JASSimpleWaveBankFv
802A57FC:__dt__17JAUAudioArcLoaderFv
802D2CFC:__dt__17JSUList<7JKRTask>Fv
802C1A6C:__dt__17Z2CreatureCitizenFv
80191388:__dt__17dDlst_FileSel3m_cFv
80191478:__dt__17dDlst_FileSelCp_cFv
801914F0:__dt__17dDlst_FileSelDt_cFv
80191400:__dt__17dDlst_FileSelYn_cFv
800563A0:__dt__17dDlst_shadowTri_cFv
801B008C:__dt__17dMenu_Collect2D_cFv
801B6790:__dt__17dMenu_Collect3D_cFv
801D69C4:__dt__17dMenu_Fmap2DTop_cFv
80239F70:__dt__17dMsgScrn3Select_cFv
8023DBDC:__dt__17dMsgScrnExplain_cFv
8004FFFC:__dt__17dPa_wbPcallBack_cFv
8005005C:__dt__17dPa_windPcallBackFv
8025A094:__dt__17dScnName_camera_cFv
8025BB04:__dt__17dScnPly_env_HIO_cFv
8025BB78:__dt__17dScnPly_reg_HIO_cFv
80140DA4:__dt__17daAlinkHIO_wolf_cFv
80157A1C:__dt__17daNpcCd_HIO_Jnt_cFv
80039C3C:__dt__17jmessage_tControlFv
80007368:__dt__17mDoAud_zelAudio_cFv
80195C18:__dt__18J2DAnmTransformKeyFv
8030DA8C:__dt__18J2DAnmVtxColorFullFv
8003BA00:__dt__18J3DAnmTransformKeyFv
8032CDC4:__dt__18J3DAnmVtxColorFullFv
803371F4:__dt__18J3DModelLoader_v21Fv
80337198:__dt__18J3DModelLoader_v26Fv
80323A10:__dt__18J3DTevBlockPatchedFv
803338D0:__dt__18J3DTexGenBlockNullFv
802A0A34:__dt__18JASMemPool<5JAISe>Fv
8027F4A4:__dt__18JPAEmitterCallBackFv
8027E308:__dt__18JPAFieldConvectionFv
802DBBD8:__dt__18JSUFileInputStreamFv
80274524:__dt__18JSUList<8JFWAlarm>Fv
802C4264:__dt__18Z2LinkSoundStarterFv
802C5E78:__dt__18Z2RideSoundStarterFv
800841CC:__dt__18cCcD_ObjCommonBaseFv
80077BC8:__dt__18dBgS_CamGndChk_WtrFv
80077A18:__dt__18dBgS_ObjGndChk_AllFv
80077978:__dt__18dBgS_ObjGndChk_SplFv
80077840:__dt__18dBgS_ObjGndChk_WtrFv
80056328:__dt__18dDlst_shadowReal_cFv
80057E38:__dt__18dKankyo_mud_PacketFv
80058258:__dt__18dKankyo_sun_PacketFv
801CFFA0:__dt__18dMenu_Fmap2DBack_cFv
8020135C:__dt__18dMeter_cursorHIO_cFv
8004FC48:__dt__18dPa_levelEcallBackFv
800504A8:__dt__18dPa_modelEcallBackFv
80050168:__dt__18dPa_modelPcallBackFv
8002ACA0:__dt__18dRenderingFDAmap_cFv
801ADE14:__dt__18dScnKy_env_light_cFv
800CFEC4:__dt__18daAlink_footData_cFv
80150730:__dt__18daBaseNpc_acMngr_cFv
801504F8:__dt__18daBaseNpc_lookat_cFv
80150650:__dt__18daBaseNpc_matAnm_cFv
8015A8F4:__dt__18daNpcCd2_HIO_Jnt_cFv
8015604C:__dt__18daNpcF_ActorMngr_cFv
8014D314:__dt__18daNpcT_ActorMngr_cFv
80140EE8:__dt__18daPy_sightPacket_cFv
80157ACC:__dt__18fOpAcm_HIO_entry_cFv
8003C8B4:__dt__18mDoExt_transAnmBasFv
8000CFE8:__dt__18mDoMtx_quatStack_cFv
8030A0AC:__dt__19J2DAnmKeyLoader_v15Fv
80184480:__dt__19J2DAnmTextureSRTKeyFv
8030DBAC:__dt__19J2DAnmTransformFullFv
802EC090:__dt__19J2DIndTexCoordScaleFv
803392FC:__dt__19J3DAnmKeyLoader_v15Fv
8032CF98:__dt__19J3DAnmTextureSRTKeyFv
8032D0AC:__dt__19J3DAnmTransformFullFv
8000DFD8:__dt__19J3DIndTexCoordScaleFv
8000FA40:__dt__19J3DMtxCalcNoAnmBaseFv
80323AC8:__dt__19J3DTexGenBlockBasicFv
802942B4:__dt__19JASDefaultBankTableFv
802A28F4:__dt__19JASMemPool<6JAISeq>Fv
8027FDA4:__dt__19JPAParticleCallBackFv
802D2D50:__dt__19JSUList<9JKRThread>Fv
8002F3D0:__dt__19dComIfG_resLoader_cFv
801938A0:__dt__19dDlst_BrightCheck_cFv
801AEF74:__dt__19dDlst_KanteraIcon_cFv
80057DB4:__dt__19dKankyo_evil_PacketFv
80058150:__dt__19dKankyo_rain_PacketFv
800580CC:__dt__19dKankyo_snow_PacketFv
80058048:__dt__19dKankyo_star_PacketFv
801AEFBC:__dt__19dMenu_Calibration_cFv
801BD39C:__dt__19dMenu_DmapMapCtrl_cFv
801DB2B4:__dt__19dMenu_ItemExplain_cFv
802012EC:__dt__19dMeter_mapIconHIO_cFv
802469EC:__dt__19dMsgScrnLight_HIO_cFv
80050330:__dt__19dPa_followEcallBackFv
8004FF9C:__dt__19dPa_fsenthPcallBackFv
8005028C:__dt__19dPa_light8EcallBackFv
8004FF3C:__dt__19dPa_light8PcallBackFv
8004FD38:__dt__19dPa_simpleEcallBackFv
80195BD0:__dt__19dSelect_cursorHIO_cFv
800284C0:__dt__19dStage_KeepDoorInfoFv
80028408:__dt__19dStage_roomStatus_cFv
801579AC:__dt__19daNpcCd_HIO_Child_cFv
80229108:__dt__19jmessage_tReferenceFv
800158B0:__dt__19mDoDvdThd_command_cFv
80140FFC:__dt__19mDoExt_AnmRatioPackFv
8000E5AC:__dt__19mDoExt_invJntPacketFv
8002B15C:__dt__19renderingPlusDoor_cFv
8001898C:__dt__20DynamicModuleControlFv
8030AB04:__dt__20J2DAnmFullLoader_v15Fv
8030B1B4:__dt__20J2DAnmVisibilityFullFv
80339284:__dt__20J3DAnmFullLoader_v15Fv
8033A59C:__dt__20J3DAnmVisibilityFullFv
80334FE8:__dt__20J3DClusterLoader_v15Fv
80323E18:__dt__20J3DColorBlockLightOnFv
80255D40:__dt__20JSUMemoryInputStreamFv
80255DB0:__dt__20JSURandomInputStreamFv
80078444:__dt__20dBgS_BoomerangLinChkFv
801FE5AC:__dt__20dDlst_MENU_CAPTURE_cFv
80057F40:__dt__20dKankyo_cloud_PacketFv
80057FC4:__dt__20dKankyo_housi_PacketFv
80057EBC:__dt__20dKankyo_odour_PacketFv
801B8110:__dt__20dMenu_Collect2DTop_cFv
801C0684:__dt__20dMenu_StageMapCtrl_cFv
80239214:__dt__20dMsgObject_HowlHIO_cFv
800D0074:__dt__20daAlink_lockCursor_cFv
80155D60:__dt__20daNpcF_MoveBgActor_cFv
80015B6C:__dt__20mDoDvdThd_callback_cFv
80317EDC:__dt__21J3DColorBlockLightOffFv
80315530:__dt__21J3DShapeMtxConcatViewFv
80317F80:__dt__21J3DTexGenBlockPatchedFv
802DA944:__dt__21JSUList<10JKRDvdFile>Fv
802E2B08:__dt__21JSUList<10JUTGamePad>Fv
802BF3FC:__dt__21Z2DopplerSoundObjBaseFv
80078014:__dt__21dBgS_CamLinChk_NorWtrFv
80262194:__dt__21dDlst_TimerScrnDraw_cFv
8005833C:__dt__21dKankyo_vrkumo_PacketFv
802010F4:__dt__21dMeter_drawSkillHIO_cFv
80050414:__dt__21dPa_setColorEcallBackFv
8025BBC0:__dt__21dScnPly_preLoad_HIO_cFv
8025D6D4:__dt__21dSvBit_childItemHIO_cFv
8015A9A4:__dt__21daNpcCd2_HIO_MChild_cFv
8015A884:__dt__21daNpcCd2_HIO_WChild_cFv
80016410:__dt__21mDoDvdThd_toMainRam_cFv
80028524:__dt__21stage_tgsc_data_classFv
80323EEC:__dt__22J3DColorBlockAmbientOnFv
802A4C68:__dt__22JASMemPool<9JAIStream>Fv
802BE088:__dt__22JASMemPool<9Z2Audible>Fv
802A5060:__dt__22JAUAudioArcInterpreterFv
80083DD0:__dt__22dCcD_GAtTgCoCommonBaseFv
800581D4:__dt__22dKankyo_sunlenz_PacketFv
80201184:__dt__22dMeter_drawInsectHIO_cFv
80201214:__dt__22dMeter_drawLetterHIO_cFv
8020125C:__dt__22dMeter_drawOptionHIO_cFv
8004FDF8:__dt__22dPa_hermiteEcallBack_cFv
800500BC:__dt__22dPa_selectTexEcallBackFv
8025B9C4:__dt__22dScnPly_env_debugHIO_cFv
8025BA0C:__dt__22dScnPly_env_otherHIO_cFv
8025D09C:__dt__22dSvBit_childOtherHIO_cFv
8014D2CC:__dt__22daNpcT_MotionSeqMngr_cFv
8003ECA0:__dt__22fmpTresTypeGroupData_cFv
802DC42C:__dt__23JSUList<12JKRADCommand>Fv
802D3BF0:__dt__23JSUList<12JKRAMCommand>Fv
802D40B0:__dt__23JSUList<12JKRAramBlock>Fv
802DB620:__dt__23JSUList<12JKRDMCommand>Fv
801F6E50:__dt__23dDlst_MenuSaveExplain_cFv
802012A4:__dt__23dMeter_drawCollectHIO_cFv
802011CC:__dt__23dMeter_drawFishingHIO_cFv
8025D204:__dt__23dSvBit_childItZoneHIO_cFv
8025D324:__dt__23dSvBit_childSwZoneHIO_cFv
8025D770:__dt__23dSvBit_childSwitchHIO_cFv
801561BC:__dt__23daBaseNpc_moveBgActor_cFv
80262FCC:__dt__24DynamicModuleControlBaseFv
802CE5F8:__dt__24JAUStreamAramMgrBase_<1>Fv
800183D0:__dt__24JPTraceParticleCallBack4Fv
802D53E4:__dt__24JSUList<13JKRFileLoader>Fv
8019BE54:__dt__24dDlst_GameOverScrnDraw_cFv
8019C524:__dt__24dDlst_Gameover_CAPTURE_cFv
802010AC:__dt__24dMeter_drawMiniGameHIO_cFv
80232E90:__dt__24jmessage_string_tControlFv
80015CF8:__dt__24mDoDvdThd_mountArchive_cFv
8027F398:__dt__25JSUList<14JPABaseEmitter>Fv
800302B0:__dt__25dComIfG_camera_info_classFv
80201064:__dt__25dMeter_drawEmpButtonHIO_cFv
8020101C:__dt__25dMeter_drawLightDropHIO_cFv
800501E8:__dt__25dPa_gen_b_light8EcallBackFv
8004FEDC:__dt__25dPa_gen_b_light8PcallBackFv
8005052C:__dt__25dPa_gen_d_light8EcallBackFv
8004FE7C:__dt__25dPa_gen_d_light8PcallBackFv
8025D12C:__dt__25dSvBit_childDarknessHIO_cFv
8025D674:__dt__25dSvBit_childTreasureHIO_cFv
800160BC:__dt__25mDoDvdThd_mountXArchive_cFv
80014EF0:__dt__25mDoExt_MtxCalcAnmBlendTblFv
8031541C:__dt__26J3DShapeMtxMultiConcatViewFv
802CE968:__dt__26JAUStreamStaticAramMgr_<1>Fv
8027F34C:__dt__26JPANode<15JPABaseParticle>Fv
80362C8C:__dt__26__partial_array_destructorFv
8025D24C:__dt__26dSvBit_childItDungeonHIO_cFv
8025D1BC:__dt__26dSvBit_childItOneZoneHIO_cFv
8025D36C:__dt__26dSvBit_childSwDungeonHIO_cFv
8025D2DC:__dt__26dSvBit_childSwOneZoneHIO_cFv
8025D0E4:__dt__26dSvBit_childTransformHIO_cFv
8003EC40:__dt__26fmpTresTypeGroupDataList_cFv
8022FE18:__dt__26jmessage_string_tReferenceFv
8022BAC0:__dt__26jmessage_tMeasureProcessorFv
80014DD4:__dt__26mDoExt_3DlineMatSortPacketFv
8032D028:__dt__27J3DAnmTransformFullWithLerpFv
803153A4:__dt__27J3DShapeMtxBBoardConcatViewFv
802A2068:__dt__27JASMemPool<13JAISoundChild>Fv
802A7694:__dt__27JAUSeqDataMgr_SeqCollectionFv
8020113C:__dt__27dMeter_drawCalibrationHIO_cFv
80232F50:__dt__27jmessage_tSequenceProcessorFv
80315320:__dt__28J3DShapeMtxYBBoardConcatViewFv
8002AD88:__dt__28dDrawPathWithNormalPattern_cFv
8004FD98:__dt__28dPa_particleTracePcallBack_cFv
80232EF0:__dt__28jmessage_tRenderingProcessorFv
80014E64:__dt__28mDoExt_MtxCalcAnmBlendTblOldFv
8002B0B0:__dt__28renderingPlusDoorAndCursor_cFv
800CFF04:__dt__29dAlink_bottleWaterPcallBack_cFv
8025D294:__dt__29dSvBit_childItPerfectionHIO_cFv
8025D3B4:__dt__29dSvBit_childSwPerfectionHIO_cFv
8025D174:__dt__29dSvBit_childTbPerfectionHIO_cFv
802E2A54:__dt__30JSUList<19JUTGamePadLongPress>Fv
802AC000:__dt__31JASMemPool<17Z2SoundHandlePool>Fv
802A82E8:__dt__32JAUStreamDataMgr_StreamFileTableFv
80230F98:__dt__33jmessage_string_tMeasureProcessorFv
80232E0C:__dt__34jmessage_string_tSequenceProcessorFv
802940E0:__dt__35JASMemPool_MultiThreaded<8JASTrack>Fv
80232DAC:__dt__35jmessage_string_tRenderingProcessorFv
802986DC:__dt__38JASMemPool_MultiThreaded<10JASChannel>Fv
802E4F94:__dt__39JSUList<Q212JUTException12JUTExMapFile>Fv
80030D74:__dt__4cBgSFv
8007946C:__dt__4cBgWFv
80030C84:__dt__4cCcSFv
80009184:__dt__4cXyzFv
80030CF8:__dt__4dBgSFv
8007E678:__dt__4dBgWFv
8002FFE8:__dt__4dCcSFv
80294134:__dt__50JASMemPool_MultiThreaded<Q28JASTrack11TChannelMgr>Fv
80018C78:__dt__5csXyzFv
8001E140:__dt__5l_HIOFv
802E6108:__dt__6JUTXfbFv
800741B0:__dt__6dBgPlcFv
8008370C:__dt__6dBgWSvFv
8002AFC8:__dt__6dMap_cFv
8009C938:__dt__6dMdl_cFv
8000F9D4:__dt__73J3DMtxCalcNoAnm<27J3DMtxCalcCalcTransformMaya,24J3DMtxCalcJ3DSysInitMaya>Fv
80337394:__dt__75J3DMtxCalcNoAnm<28J3DMtxCalcCalcTransformBasic,25J3DMtxCalcJ3DSysInitBasic>Fv
802F738C:__dt__7J2DPaneFv
80298CC4:__dt__7JASBankFv
80291954:__dt__7JASHeapFv
8029908C:__dt__7JASInstFv
802D2F4C:__dt__7JKRAramFv
802D8990:__dt__7JKRFileFv
802CF064:__dt__7JKRHeapFv
80014900:__dt__7JUTFontFv
80088410:__dt__7cDegreeFv
800305B8:__dt__7cSAngleFv
800717AC:__dt__7cSGlobeFv
8024EB0C:__dt__7dName_cFv
803372B8:__dt__83J3DMtxCalcNoAnm<32J3DMtxCalcCalcTransformSoftimage,29J3DMtxCalcJ3DSysInitSoftimage>Fv
802544A0:__dt__8CPaneMgrFv
802F5220:__dt__8J2DPrintFv
80329150:__dt__8J3DModelFv
802A16FC:__dt__8JAISeMgrFv
8029211C:__dt__8JASTrackFv
802E6640:__dt__8JUTFaderFv
802E5BE8:__dt__8JUTVideoFv
80056E00:__dt__8RAIN_EFFFv
80056E88:__dt__8SNOW_EFFFv
80056EF8:__dt__8STAR_EFFFv
80268970:__dt__8cBgS_ChkFv
80083F10:__dt__8cCcD_ObjFv
8026FCD0:__dt__8cM2dGCirFv
80030F2C:__dt__8cM3dGAabFv
8026FD18:__dt__8cM3dGCirFv
8026FDA4:__dt__8cM3dGCpsFv
80030EE4:__dt__8cM3dGCylFv
80036B8C:__dt__8cM3dGLinFv
8001DC38:__dt__8cM3dGPlaFv
80036BD4:__dt__8cM3dGSphFv
8007A474:__dt__8cM3dGTriFv
80077618:__dt__8dBgS_ChkFv
8007E87C:__dt__8dBgWKColFv
8008519C:__dt__8dCcD_CpsFv
80084E90:__dt__8dCcD_CylFv
80084D24:__dt__8dCcD_SphFv
80085024:__dt__8dCcD_TriFv
80140E8C:__dt__8dEyeHL_cFv
80193BC4:__dt__8dScope_cFv
80155E00:__dt__8daNpcF_cFv
8014CF2C:__dt__8daNpcT_cFv
80056F68:__dt__9CLOUD_EFFFv
80056FD8:__dt__9HOUSI_EFFFv
802F9340:__dt__9J2DScreenFv
802FB680:__dt__9J2DWindowFv
8000E634:__dt__9J3DPacketFv
802A2EF0:__dt__9JAISeqMgrFv
802DC530:__dt__9JKRDecompFv
802D2558:__dt__9JKRThreadFv
802BE310:__dt__9Z2AudibleFv
8007E728:__dt__9cBgW_BgIdFv
801412B0:__dt__9cCcD_SttsFv
800760C4:__dt__9dBgS_AcchFv
8007E770:__dt__9dBgW_BaseFv
80160510:__dt__9dCamera_cFv
800852DC:__dt__9dCcD_SttsFv
80088AE0:__dt__9dCstick_cFv
801915EC:__dt__9dFs_HIO_cFv
801CDCF0:__dt__9dMf_HIO_cFv
801F6E98:__dt__9dMs_HIO_cFv
801FA1A4:__dt__9dMw_HIO_cFv
80251C2C:__dt__9dNm_HIO_cFv
80195E74:__dt__9dSi_HIO_cFv
8025A0DC:__dt__9dSn_HIO_cFv
800CD9B8:__dt__9daAlink_cFv
80262440:__dt__9dkWmark_cFv
80291FD0:__dt__Q210JASPortCmd9TPortHeadFv
80299050:__dt__Q212JASBasicInst7TKeymapFv
8028D410:__dt__Q214JStudio_JStage12TAdaptor_fogFv
8028A900:__dt__Q214JStudio_JStage13TCreateObjectFv
8028B4B4:__dt__Q214JStudio_JStage14TAdaptor_actorFv
8028D9F4:__dt__Q214JStudio_JStage14TAdaptor_lightFv
8028C760:__dt__Q214JStudio_JStage15TAdaptor_cameraFv
8028C4AC:__dt__Q214JStudio_JStage21TAdaptor_ambientLightFv
8028D8C0:__dt__Q214JStudio_JStage77TVariableValueOutput_object_<Q214JStudio_JStage12TAdaptor_fog,Q26JStage4TFog>Fv
8028C380:__dt__Q214JStudio_JStage81TVariableValueOutput_object_<Q214JStudio_JStage14TAdaptor_actor,Q26JStage6TActor>Fv
8028D2E4:__dt__Q214JStudio_JStage83TVariableValueOutput_object_<Q214JStudio_JStage15TAdaptor_camera,Q26JStage7TCamera>Fv
80167DC8:__dt__Q214cCcD_ShapeAttr5ShapeFv
8028E350:__dt__Q215JStudio_JAudio213TCreateObjectFv
8028E6F4:__dt__Q215JStudio_JAudio214TAdaptor_soundFv
8030D93C:__dt__Q216J2DAnmTexPattern27J2DAnmTexPatternTIMGPointerFv
8029980C:__dt__Q216JASBasicWaveBank10TWaveGroupFv
802993E4:__dt__Q216JASBasicWaveBank11TWaveHandleFv
80299B84:__dt__Q217JASSimpleWaveBank11TWaveHandleFv
8028F1A0:__dt__Q217JStudio_JParticle13TCreateObjectFv
8028F560:__dt__Q217JStudio_JParticle17TAdaptor_particleFv
8004ACB8:__dt__Q218dPa_modelEcallBack7model_cFv
80037F14:__dt__Q220@unnamed@d_demo_cpp@24jstudio_tAdaptor_messageFv
80037FA4:__dt__Q220@unnamed@d_demo_cpp@29jstudio_tCreateObject_messageFv
802A7374:__dt__Q228@unnamed@JAUSectionHeap_cpp@14TStreamDataMgrFv
80281920:__dt__Q26JStage13TAmbientLightFv
80281A80:__dt__Q26JStage4TFogFv
80281848:__dt__Q26JStage6TActorFv
80281B28:__dt__Q26JStage6TLightFv
802819A0:__dt__Q26JStage7TCameraFv
80281BD4:__dt__Q26JStage7TObjectFv
80281C90:__dt__Q26JStage7TSystemFv
802DD81C:__dt__Q27JGadget13TNodeLinkListFv
802DDAFC:__dt__Q27JGadget20TVector_pointer_voidFv
80288E84:__dt__Q27JStudio11TObject_fogFv
80287F7C:__dt__Q27JStudio12TAdaptor_fogFv
80286288:__dt__Q27JStudio13TCreateObjectFv
80288FA4:__dt__Q27JStudio13TObject_actorFv
80288E24:__dt__Q27JStudio13TObject_lightFv
80288D04:__dt__Q27JStudio13TObject_soundFv
802876B0:__dt__Q27JStudio14TAdaptor_actorFv
80288108:__dt__Q27JStudio14TAdaptor_lightFv
8028893C:__dt__Q27JStudio14TAdaptor_soundFv
802824A0:__dt__Q27JStudio14TFunctionValueFv
80288EE4:__dt__Q27JStudio14TObject_cameraFv
80287C1C:__dt__Q27JStudio15TAdaptor_cameraFv
80288DC4:__dt__Q27JStudio15TObject_messageFv
802883E0:__dt__Q27JStudio16TAdaptor_messageFv
80288D64:__dt__Q27JStudio16TObject_particleFv
8028850C:__dt__Q27JStudio17TAdaptor_particleFv
80284A84:__dt__Q27JStudio19TFunctionValue_listFv
80288F44:__dt__Q27JStudio20TObject_ambientLightFv
80287A9C:__dt__Q27JStudio21TAdaptor_ambientLightFv
802849C4:__dt__Q27JStudio22TFunctionValue_hermiteFv
80284B44:__dt__Q27JStudio23TFunctionValue_constantFv
80284BA4:__dt__Q27JStudio24TFunctionValue_compositeFv
80284AE4:__dt__Q27JStudio25TFunctionValue_transitionFv
80284A24:__dt__Q27JStudio29TFunctionValue_list_parameterFv
802864A8:__dt__Q27JStudio6TParseFv
802874B0:__dt__Q27JStudio7TObjectFv
80286DD0:__dt__Q27JStudio8TAdaptorFv
80285FAC:__dt__Q27JStudio8TControlFv
802862D0:__dt__Q27JStudio8TFactoryFv
80031FD0:__dt__Q27daSus_c6data_cFv
8029425C:__dt__Q28JASTrack5TListFv
802A8948:__dt__Q28JMessage10TProcessorFv
802A88F8:__dt__Q28JMessage10TReferenceFv
802A91B8:__dt__Q28JMessage18TSequenceProcessorFv
802A98C0:__dt__Q28JMessage19TRenderingProcessorFv
802A9F58:__dt__Q28JMessage6TParseFv
802A838C:__dt__Q28JMessage8TControlFv
8003D870:__dt__Q28dMpath_n18dTexObjAggregate_cFv
80182B2C:__dt__Q29dCamera_c10dCamInfo_cFv
801604D0:__dt__Q29dCamera_c23@class$3665d_camera_cppFv
80097940:__dt__Q29dCamera_c26@class$3517d_ev_camera_cppFv
800CFE48:__dt__Q29daAlink_c14firePointEff_cFv
800D0EE8:__dt__Q29daAlink_c14hsChainShape_cFv
8028BF38:__dt__Q314JStudio_JStage14TAdaptor_actor26TVVOutput_ANIMATION_FRAME_Fv
8028E058:__dt__Q314JStudio_JStage14TAdaptor_light20TVVOutput_direction_Fv
8028EE94:__dt__Q315JStudio_JAudio214TAdaptor_sound13TVVOSetValue_Fv
8028F500:__dt__Q317JStudio_JParticle17TAdaptor_particle21TJPACallback_emitter_Fv
802DD6C8:__dt__Q37JGadget6binary19TParse_header_blockFv
80286D6C:__dt__Q37JStudio14TVariableValue13TOutput_none_Fv
80286C0C:__dt__Q37JStudio14TVariableValue7TOutputFv
8028955C:__dt__Q37JStudio28@unnamed@jstudio_object_cpp@54TOutputVariableValue_BOOL_<Q27JStudio14TAdaptor_actor>Fv
8028949C:__dt__Q37JStudio28@unnamed@jstudio_object_cpp@54TOutputVariableValue_BOOL_<Q27JStudio14TAdaptor_light>Fv
802893DC:__dt__Q37JStudio28@unnamed@jstudio_object_cpp@54TOutputVariableValue_BOOL_<Q27JStudio14TAdaptor_sound>Fv
802894FC:__dt__Q37JStudio28@unnamed@jstudio_object_cpp@55TOutputVariableValue_BOOL_<Q27JStudio15TAdaptor_camera>Fv
8028943C:__dt__Q37JStudio28@unnamed@jstudio_object_cpp@57TOutputVariableValue_BOOL_<Q27JStudio17TAdaptor_particle>Fv
80282354:__dt__Q37JStudio3ctb14TObject_TxyzRyFv
8028217C:__dt__Q37JStudio3ctb6TParseFv
80281D18:__dt__Q37JStudio3ctb7TObjectFv
80281DF4:__dt__Q37JStudio3ctb8TControlFv
80282074:__dt__Q37JStudio3ctb8TFactoryFv
80285BEC:__dt__Q37JStudio3fvb12TObject_listFv
80285AE4:__dt__Q37JStudio3fvb15TObject_hermiteFv
80285CF4:__dt__Q37JStudio3fvb16TObject_constantFv
80285D78:__dt__Q37JStudio3fvb17TObject_compositeFv
80285C70:__dt__Q37JStudio3fvb18TObject_transitionFv
80285B68:__dt__Q37JStudio3fvb22TObject_list_parameterFv
802858FC:__dt__Q37JStudio3fvb6TParseFv
80284D80:__dt__Q37JStudio3fvb7TObjectFv
80285498:__dt__Q37JStudio3fvb8TControlFv
80285718:__dt__Q37JStudio3fvb8TFactoryFv
80289F34:__dt__Q37JStudio3stb15TObject_controlFv
8028A460:__dt__Q37JStudio3stb6TParseFv
80289930:__dt__Q37JStudio3stb7TObjectFv
80289F94:__dt__Q37JStudio3stb8TControlFv
8028A3B4:__dt__Q37JStudio3stb8TFactoryFv
802A9CF8:__dt__Q38JMessage18TResourceContainer10TCResourceFv
80267A18:__dv__4cXyzCFf
80366294:__end_critical_region
80267E2C:__eq__4cXyzCFRC3Vec
803D4950:__files
80003488:__fill_mem
8036366C:__fini_cpp_exceptions
803747C4:__fini_cpp_exceptions_reference
80452AAC:__float_epsilon
80452AA4:__float_huge
80452AA8:__float_max
80452AA0:__float_nan
80363E3C:__flush_all
80365F10:__flush_buffer
80003424:__flush_cache
8034CC70:__fstLoad
803662C4:__fwrite
8000314C:__get_debug_bba
80453950:__global_destructor_chain
80182C98:__gt__7cSAngleCFRC7cSAngle
8036A0A4:__ieee754_acos
8036A2E0:__ieee754_asin
8036A518:__ieee754_atan2
8036A7A8:__ieee754_exp
8036A9CC:__ieee754_fmod
8036AD08:__ieee754_pow
8036B538:__ieee754_rem_pio2
8036D5D0:__ieee754_sqrt
80453254:__init__memPool___46JASPoolAllocObject_MultiThreaded<10JASChannel>
80343A04:__init_cpp
803636A0:__init_cpp_exceptions
80374600:__init_cpp_exceptions_reference
80003340:__init_data
80003400:__init_hardware
800032B0:__init_registers
803439E4:__init_user
8036B8D8:__kernel_cos
8036B9CC:__kernel_rem_pio2
8036C820:__kernel_sin
8036C8C0:__kernel_tan
8036629C:__kill_critical_regions
803D4CB8:__lower_map
80182C78:__lt__7cSAngleCFRC7cSAngle
804538F4:__memReg
80366F08:__memrchr
80267934:__mi__4cXyzCFRC3Vec
80268290:__mi__5csXyzFR5csXyz
80271FA4:__mi__7cSAngleCFRC7cSAngle
80272028:__mi__7cSAngleCFs
80271F48:__mi__7cSAngleCFv
80272120:__mi__FsRC7cSAngle
802679D0:__ml__4cXyzCFRC3Vec
80267984:__ml__4cXyzCFf
802682E8:__ml__5csXyzFf
80272064:__ml__7cSAngleCFf
80363370:__mod2i
8036328C:__mod2u
8036664C:__msl_strnicmp
80267E6C:__ne__4cXyzCFRC3Vec
80363F54:__num2dec
803640F8:__num2dec_internal
802CFA4C:__nw__FUl
802CFA98:__nw__FUlP7JKRHeapi
802CFA74:__nw__FUli
802CFAC4:__nwa__FUl
802CFB10:__nwa__FUlP7JKRHeapi
802CFAEC:__nwa__FUli
80182E20:__ops__7cSAngleCFv
804538F0:__peReg
80367858:__pformatter
804538E8:__piReg
802678E4:__pl__4cXyzCFRC3Vec
80268204:__pl__5csXyzFR5csXyz
80271F74:__pl__7cSAngleCFRC7cSAngle
80271FFC:__pl__7cSAngleCFs
802720F4:__pl__FsRC7cSAngle
803639F8:__pool_free
80365FD4:__prep_buffer
80362E78:__ptmf_cmpr
803A3E60:__ptmf_null
80362EB4:__ptmf_scall
80362E48:__ptmf_test
803660DC:__put_char
80373088:__read_console
80363710:__register_fragment
80362A54:__register_global_object
80362F84:__restore_fpr
8036301C:__restore_gpr
80362F38:__save_fpr
80362FD0:__save_gpr
80003140:__set_debug_bba
8036347C:__shl2i
803634C4:__shr2i
803634A0:__shr2u
802F927C:__sinit_J2DPane_cpp
803263F0:__sinit_J3DDrawBuffer_cpp
8032436C:__sinit_J3DMatBlock_cpp
803155EC:__sinit_J3DShapeMtx_cpp
80311CD0:__sinit_J3DSys_cpp
8029AE48:__sinit_JASBNKParser_cpp
80291F6C:__sinit_JASCmdStack_cpp
8029F120:__sinit_JASDriverIF_cpp
80291914:__sinit_JASHeapCtrl_cpp
8029CC6C:__sinit_JASLfo_cpp
80294A6C:__sinit_JASSeqCtrl_cpp
80296750:__sinit_JASSeqParser_cpp
80294188:__sinit_JASTrack_cpp
802744DC:__sinit_JFWDisplay_cpp
802D406C:__sinit_JKRAramHeap_cpp
802D4904:__sinit_JKRAramPiece_cpp
802D3BAC:__sinit_JKRAram_cpp
802DC3E8:__sinit_JKRDvdAramRipper_cpp
802DA900:__sinit_JKRDvdFile_cpp
802DB5DC:__sinit_JKRDvdRipper_cpp
802D53A0:__sinit_JKRFileLoader_cpp
802D2C94:__sinit_JKRThread_cpp
8033A8EC:__sinit_JMATrigonometric_cpp
802E4F4C:__sinit_JUTException_cpp
802E2960:__sinit_JUTGamePad_cpp
802BECDC:__sinit_Z2Audience_cpp
802C3E40:__sinit_Z2Creature_cpp
802C0FEC:__sinit_Z2SoundObjMgr_cpp
802CC97C:__sinit_Z2WolfHowlMgr_cpp
802729D4:__sinit_c_angle_cpp
802657F8:__sinit_c_cc_d_cpp
80018430:__sinit_c_damagereaction_cpp
8026FA3C:__sinit_c_m3d_cpp
8026838C:__sinit_c_sxyz_cpp
80268090:__sinit_c_xyz_cpp
80141D10:__sinit_d_a_alink_cpp
8015AB18:__sinit_d_a_npc_cd2_cpp
80157C1C:__sinit_d_a_npc_cd_cpp
8014D5E4:__sinit_d_a_npc_cpp
8015E0DC:__sinit_d_a_obj_item_cpp
8007413C:__sinit_d_attention_cpp
80193860:__sinit_d_bright_check_cpp
80182808:__sinit_d_camera_cpp
8002FDC0:__sinit_d_com_inf_game_cpp
80031E6C:__sinit_d_com_static_cpp
80056AE4:__sinit_d_drawlist_cpp
800977CC:__sinit_d_ev_camera_cpp
80048D08:__sinit_d_event_lib_cpp
801930E0:__sinit_d_file_sel_info_cpp
80192598:__sinit_d_file_sel_warning_cpp
80191634:__sinit_d_file_select_cpp
8019C320:__sinit_d_gameover_cpp
801ADEFC:__sinit_d_kankyo_cpp
8003D814:__sinit_d_map_path_cpp
80041590:__sinit_d_map_path_dmap_cpp
801AFE6C:__sinit_d_menu_calibration_cpp
801B7D6C:__sinit_d_menu_collect_cpp
801C081C:__sinit_d_menu_dmap_cpp
801C289C:__sinit_d_menu_dmap_map_cpp
801C6880:__sinit_d_menu_fishing_cpp
801CDD38:__sinit_d_menu_fmap_cpp
801DA914:__sinit_d_menu_insect_cpp
801DCF50:__sinit_d_menu_item_explain_cpp
801E2040:__sinit_d_menu_letter_cpp
801E9150:__sinit_d_menu_option_cpp
801EF844:__sinit_d_menu_ring_cpp
801F6EE0:__sinit_d_menu_save_cpp
801F9CEC:__sinit_d_menu_skill_cpp
801FA1EC:__sinit_d_menu_window_HIO_cpp
801FDBEC:__sinit_d_menu_window_cpp
8021EC9C:__sinit_d_meter2_info_cpp
80201548:__sinit_d_meter_HIO_cpp
8024E170:__sinit_d_msg_flow_cpp
802391D8:__sinit_d_msg_object_cpp
8023BFB8:__sinit_d_msg_scrn_3select_cpp
8023ED0C:__sinit_d_msg_scrn_explain_cpp
80244AF8:__sinit_d_msg_scrn_howl_cpp
80246A34:__sinit_d_msg_scrn_light_cpp
80239720:__sinit_d_msg_unit_cpp
80251C74:__sinit_d_name_cpp
80255E58:__sinit_d_pane_class_cpp
80051744:__sinit_d_particle_copoly_cpp
800505B0:__sinit_d_particle_cpp
80259370:__sinit_d_s_logo_cpp
8025A124:__sinit_d_s_name_cpp
8025BA54:__sinit_d_s_play_cpp
8025D3FC:__sinit_d_save_HIO_cpp
80194398:__sinit_d_scope_cpp
80195EBC:__sinit_d_select_icon_cpp
8019AE08:__sinit_d_shop_system_cpp
800282F4:__sinit_d_stage_cpp
80018BD0:__sinit_f_ap_game_cpp
8001DEBC:__sinit_f_op_actor_mng_cpp
80289004:__sinit_jstudio-object_cpp
80017424:__sinit_m_Do_MemCard_cpp
80007318:__sinit_m_Do_audio_cpp
80016528:__sinit_m_Do_dvd_thread_cpp
8000B1D0:__sinit_m_Do_graphic_cpp
800154F8:__sinit_m_Do_lib_cpp
800065E0:__sinit_m_Do_main_cpp
8000CF6C:__sinit_m_Do_mtx_cpp
8028BF98:__sinit_object-actor_cpp
8028CF80:__sinit_object-camera_cpp
8028D6A4:__sinit_object-fog_cpp
8028E0B8:__sinit_object-light_cpp
8028EEF4:__sinit_object-sound_cpp
80003154:__start
803672FC:__stdio_atexit
80453960:__stdio_exit
80369BCC:__strtoul
80363744:__sys_free
80365C30:__timesdec
803644AC:__two_exp
8039CC98:__two_to_x$982
803636DC:__unregister_fragment
803D4DB8:__upper_map
80362944:__va_arg
803C1AA4:__vt__10COutFont_c
803A8F30:__vt__10CSTControl
803AAAE4:__vt__10J2DAnmBase
803CF178:__vt__10J2DPicture
803CF2C8:__vt__10J2DTextBox
803A9918:__vt__10J3DAnmBase
803A5148:__vt__10J3DMtxCalc
803CFCC0:__vt__10J3DPEBlock
803D1188:__vt__10J3DTexture
803CB7C0:__vt__10JAIAudible
803C96B0:__vt__10JASDrumSet
803C97C0:__vt__10JASWaveArc
803CBAC4:__vt__10JAUSection
803C6040:__vt__10JFWDisplay
803CE228:__vt__10JKRArchive
803CE3D8:__vt__10JKRDvdFile
803CDF70:__vt__10JKRExpHeap
803C6538:__vt__10JPATexture
803C4D20:__vt__10JSUIosBase
803CE948:__vt__10JUTConsole
803CE5B0:__vt__10JUTGamePad
803BD0BC:__vt__10JUTNameTab
803CE540:__vt__10JUTResFont
803CCC38:__vt__10Z2Audience
803CDED8:__vt__10Z2AudioMgr
803CD860:__vt__10Z2Creature
803CBD10:__vt__10Z2SoundMgr
803ADFFC:__vt__10cCcD_GStts
803ADFA0:__vt__10cCcD_ObjAt
803ADF88:__vt__10cCcD_ObjCo
803ADF94:__vt__10cCcD_ObjTg
803ADFF0:__vt__10dCcD_GStts
803AAB00:__vt__10dDlst_2D_c
803BDA70:__vt__10dGov_HIO_c
803C4FC0:__vt__10dLog_HIO_c
803C3C20:__vt__10dMsgFlow_c
803C28D0:__vt__10dMsgUnit_c
803C05C0:__vt__10dMw_DHIO_c
803A50F0:__vt__114J3DMtxCalcAnimation<64J3DMtxCalcAnimationAdaptorDefault<27J3DMtxCalcCalcTransformMaya>,24J3DMtxCalcJ3DSysInitMaya>
803CF748:__vt__11J2DAnmColor
803CE9E0:__vt__11J2DIndBlock
803CEA18:__vt__11J2DMaterial
803CEE14:__vt__11J2DTevBlock
803CF388:__vt__11J2DWindowEx
803D0D38:__vt__11J3DAnmColor
803CFD88:__vt__11J3DIndBlock
803CFC90:__vt__11J3DMaterial
803CFBE4:__vt__11J3DShapeMtx
803D08F8:__vt__11J3DTevBlock
803A9964:__vt__11J3DTexNoAnm
803A5178:__vt__11J3DUClipper
803CB7D8:__vt__11JAIAudience
803C7B20:__vt__11JASBankList
803C97D8:__vt__11JASDisposer
803C9720:__vt__11JASWaveBank
803CE108:__vt__11JKRAramHeap
803CE090:__vt__11JKRDisposer
803C650C:__vt__11JPAFieldAir
803CCBE8:__vt__11Z2SoundInfo
803AD310:__vt__11cBgS_ChkElm
803C5F48:__vt__11cBgS_GndChk
803C5F60:__vt__11cBgS_LinChk
803AD870:__vt__11cBgW_GrpElm
803AD998:__vt__11cBgW_RwgElm
803AD87C:__vt__11cBgW_TriElm
803AB940:__vt__11dAttParam_c
803AD458:__vt__11dBgS_GndChk
803AD650:__vt__11dBgS_LinChk
803AD6A8:__vt__11dBgS_SphChk
803A54DC:__vt__11dBgS_WtrChk
803AE1EC:__vt__11dCamParam_c
803AE1E0:__vt__11dCamSetup_c
803ADF24:__vt__11dCcD_GObjAt
803ADF0C:__vt__11dCcD_GObjCo
803ADF18:__vt__11dCcD_GObjTg
803A9674:__vt__11dDemo_fog_c
803AAB24:__vt__11dDlst_2DM_c
803AAB48:__vt__11dDlst_2DT_c
803AAB18:__vt__11dDlst_2Dm_c
803AAAF4:__vt__11dDlst_blo_c
803A99D8:__vt__11dDrawPath_c
803A52B0:__vt__11dEvt_info_c
803C0FD8:__vt__11dMeterMap_c
803BD3B4:__vt__11dMeterSub_c
803A8A74:__vt__11dStage_dt_c
803B568C:__vt__11daBaseNpc_c
803A5280:__vt__11fapGm_HIO_c
803CF690:__vt__12J2DAnmLoader
803CF458:__vt__12J2DPictureEx
803CED58:__vt__12J2DTevBlock1
803CEC9C:__vt__12J2DTevBlock2
803CEBE0:__vt__12J2DTevBlock4
803CEB24:__vt__12J2DTevBlock8
803CF5A8:__vt__12J2DTextBoxEx
803D1200:__vt__12J3DAnmLoader
803A5034:__vt__12J3DFrameCtrl
803D0C94:__vt__12J3DJointTree
803CF8F4:__vt__12J3DMatPacket
803D0CB4:__vt__12J3DModelData
803D0CE4:__vt__12J3DMtxBuffer
803CFC08:__vt__12J3DShapeDraw
803D031C:__vt__12J3DTevBlock1
803D0240:__vt__12J3DTevBlock2
803D0164:__vt__12J3DTevBlock4
803CB940:__vt__12JAISoundInfo
803C9648:__vt__12JASBasicBank
803C9688:__vt__12JASBasicInst
803C95F0:__vt__12JASSeqParser
803C9670:__vt__12JASVoiceBank
803CBAA8:__vt__12JAUBankTable
803A4C2C:__vt__12JAUSoundInfo
803CE118:__vt__12JKRAramBlock
803CE1B8:__vt__12JKRArcFinder
803CE1A8:__vt__12JKRDvdFinder
803CE1D8:__vt__12JKRFileCache
803CDFD0:__vt__12JKRSolidHeap
803C646C:__vt__12JPAFieldBase
803C6494:__vt__12JPAFieldDrag
803C6480:__vt__12JPAFieldSpin
803CE4E0:__vt__12JUTCacheFont
803CE644:__vt__12JUTException
803CE530:__vt__12JUTGraphFifo
803CD780:__vt__12Z2CreatureFM
803CD720:__vt__12Z2CreatureOI
803C55C0:__vt__12cCcD_CpsAttr
803C555C:__vt__12cCcD_CylAttr
803ADF3C:__vt__12cCcD_GObjInf
803C54F8:__vt__12cCcD_SphAttr
803C5624:__vt__12cCcD_TriAttr
803AD344:__vt__12dBgS_AcchCir
803B52A8:__vt__12dBgS_ObjAcch
803AD730:__vt__12dBgS_RoofChk
803ADEE0:__vt__12dCcD_GObjInf
803A8F10:__vt__12dCcMassS_Mng
803A8ED4:__vt__12dCcMassS_Obj
803AAB0C:__vt__12dDlst_2DMt_c
803AAB3C:__vt__12dDlst_2DT2_c
803A8C68:__vt__12dDlst_base_c
803BD278:__vt__12dFile_info_c
803BE7F0:__vt__12dMenu_Dmap_c
803BF344:__vt__12dMenu_Fmap_c
803BFC3C:__vt__12dMenu_Ring_c
803BDA58:__vt__12dMenu_save_c
803C3178:__vt__12dMsgString_c
803C536C:__vt__12dSvBit_HIO_c
803B4EFC:__vt__12daAlinkHIO_c
803B52F0:__vt__12daItemBase_c
803C1AC8:__vt__13COutFontSet_c
803C4D50:__vt__13CPaneMgrAlpha
803CEA24:__vt__13J2DColorBlock
803CE980:__vt__13J2DOrthoGraph
803CEA68:__vt__13J2DTevBlock16
803D0D9C:__vt__13J3DAnmCluster
803CFE40:__vt__13J3DColorBlock
803CF908:__vt__13J3DDrawPacket
803D0830:__vt__13J3DPEBlockOpa
803D0738:__vt__13J3DPEBlockXlu
803D0CA8:__vt__13J3DShapeTable
803D0E10:__vt__13J3DSkinDeform
803D0088:__vt__13J3DTevBlock16
803CB8C8:__vt__13JAISeqDataMgr
803C7AF8:__vt__13JASTaskThread
803C96F4:__vt__13JASWaveHandle
803CE158:__vt__13JKRAramStream
803CE030:__vt__13JKRAssertHeap
803CE338:__vt__13JKRDvdArchive
803CE1C8:__vt__13JKRFileFinder
803CE168:__vt__13JKRFileLoader
803CE278:__vt__13JKRMemArchive
803CD750:__vt__13Z2CreatureGob
803C5F88:__vt__13cBgS_PolyInfo
803C5F78:__vt__13cBgS_ShdwDraw
803AD98C:__vt__13cBgW_NodeTree
803B4C08:__vt__13dBgS_LinkAcch
803A9814:__vt__13dDemo_actor_c
803A96D0:__vt__13dDemo_light_c
803AAB6C:__vt__13dDlst_2DTri_c
803C05A0:__vt__13dMenu_Skill_c
803C1430:__vt__13dMeter2Draw_c
803C16FC:__vt__13dMeter2Info_c
803BD75C:__vt__13dShopSystem_c
803B7E7C:__vt__13daNpcCd_HIO_c
803A5008:__vt__13mDoExt_morf_c
803CF720:__vt__14J2DAnmColorKey
803CF6B4:__vt__14J2DAnmVtxColor
803CE958:__vt__14J2DGrafContext
803CEED0:__vt__14J2DTexGenBlock
803D0D10:__vt__14J3DAnmColorKey
803D0D74:__vt__14J3DAnmVtxColor
803D0E00:__vt__14J3DMaterialAnm
803D1194:__vt__14J3DModelLoader
803CFF90:__vt__14J3DPEBlockFull
803D0E30:__vt__14J3DPEBlockNull
803CF8E0:__vt__14J3DShapePacket
803CFDD4:__vt__14J3DTexGenBlock
803CB8E0:__vt__14JAISeqDataUser
803C9880:__vt__14JASAudioThread
803CBA60:__vt__14JAUSectionHeap
803CE2E8:__vt__14JKRAramArchive
803CE388:__vt__14JKRCompArchive
803C64F8:__vt__14JPAFieldMagnet
803C64E4:__vt__14JPAFieldNewton
803C64A8:__vt__14JPAFieldRandom
803C64D0:__vt__14JPAFieldVortex
803CE474:__vt__14JSUInputStream
803AAACC:__vt__14ShdwDrawPoly_c
803CD920:__vt__14Z2CreatureLink
803CD8C4:__vt__14Z2CreatureRide
803CCCF0:__vt__14Z2SoundObjBase
803CBD20:__vt__14Z2SoundStarter
803ADFB8:__vt__14cCcD_ObjHitInf
803C5688:__vt__14cCcD_ShapeAttr
803BC4CC:__vt__14d2DBSplinePath
803AD398:__vt__14dBgS_CamGndChk
803AD620:__vt__14dBgS_CamLinChk
803BC478:__vt__14dBgS_CamSphChk
803A550C:__vt__14dBgS_ObjGndChk
803AD5C0:__vt__14dBgS_ObjLinChk
803AD6E8:__vt__14dBgS_SplGrpChk
803BD2DC:__vt__14dBrightCheck_c
803A9780:__vt__14dDemo_camera_c
803A9624:__vt__14dDemo_system_c
803AAB60:__vt__14dDlst_2DQuad_c
803C4A60:__vt__14dDlst_NameIN_c
803BD0C8:__vt__14dFile_select_c
803BE818:__vt__14dMenu_DmapBg_c
803BF58C:__vt__14dMenu_Insect_c
803BF86C:__vt__14dMenu_Letter_c
803BFB34:__vt__14dMenu_Option_c
803C0F38:__vt__14dMeterButton_c
803C0F48:__vt__14dMeterHaihai_c
803C0FE8:__vt__14dMeterString_c
803C2A38:__vt__14dMsgScrnBase_c
803C2AC8:__vt__14dMsgScrnBoss_c
803C2E70:__vt__14dMsgScrnHowl_c
803C2C58:__vt__14dMsgScrnItem_c
803C30A8:__vt__14dMsgScrnTalk_c
803C3100:__vt__14dMsgScrnTree_c
803B5280:__vt__14daAlink_blur_c
803BBA58:__vt__14daNpcCd2_HIO_c
803BBD68:__vt__14daObj_SSBase_c
803A4FDC:__vt__14mDoExt_McaMorf
803B7E94:__vt__14mDoHIO_entry_c
803CF734:__vt__15J2DAnmColorFull
803CF6C8:__vt__15J2DAnmTevRegKey
803BD098:__vt__15J2DAnmTransform
803CEA30:__vt__15J2DIndBlockFull
803CE9A8:__vt__15J2DIndBlockNull
803D0D24:__vt__15J3DAnmColorFull
803D0D00:__vt__15J3DAnmTevRegKey
803A9928:__vt__15J3DAnmTransform
803D08AC:__vt__15J3DIndBlockFull
803CFD3C:__vt__15J3DIndBlockNull
803D0EAC:__vt__15J3DTevBlockNull
803D0540:__vt__15J3DTexGenBlock4
803CB968:__vt__15JAISoundStarter
803CE0A0:__vt__15JKRThreadSwitch
803C6520:__vt__15JPAFieldGravity
803CD800:__vt__15Z2CreatureEnemy
803CCC70:__vt__15Z2SoundObjAnime
803CCC90:__vt__15Z2SoundObjArrow
803CD890:__vt__15Z2SoundObjCoach
803CDEC4:__vt__15Z2SpeechStarter
803AD494:__vt__15cBgS_GrpPassChk
803A8EE0:__vt__15cCcD_DivideArea
803A8F04:__vt__15cCcD_DivideInfo
803AB934:__vt__15dAttDrawParam_c
803AD560:__vt__15dBgS_BombLinChk
803AD488:__vt__15dBgS_GrpPassChk
803B4BD8:__vt__15dBgS_LinkGndChk
803AD590:__vt__15dBgS_LinkLinChk
803A54AC:__vt__15dBgS_ObjRoofChk
803AD4D0:__vt__15dBgS_RopeLinChk
803A973C:__vt__15dDemo_ambient_c
803AAB54:__vt__15dDlst_2DPoint_c
803BD088:__vt__15dDlst_FileSel_c
803BD160:__vt__15dFile_warning_c
803BDF08:__vt__15dKantera_icon_c
803BE43C:__vt__15dMenu_Collect_c
803BE7C0:__vt__15dMenu_DmapMap_c
803BED54:__vt__15dMenu_Fishing_c
803BF360:__vt__15dMenu_FmapMap_c
803C0F98:__vt__15dMeterHakusha_c
803C29D8:__vt__15dMsgScrnArrow_c
803C2F78:__vt__15dMsgScrnLight_c
803C2FC8:__vt__15dMsgScrnPlace_c
803C3050:__vt__15dMsgScrnStaff_c
803C4C84:__vt__15dOvlpFd2_dlst_c
803C4D04:__vt__15dOvlpFd3_dlst_c
803A8CB4:__vt__15dRenderingMap_c
803BD568:__vt__15dShopItemCtrl_c
803A9FD8:__vt__15dSmplMdl_draw_c
803A878C:__vt__15dStage_roomDt_c
803B5260:__vt__15daAlink_sight_c
803B5600:__vt__15daNpcF_MatAnm_c
803B5834:__vt__15daNpcT_JntAnm_c
803B584C:__vt__15daNpcT_MatAnm_c
803A4F64:__vt__15mDoExt_McaMorf2
803A4FBC:__vt__15mDoExt_zelAnime
803A8DD4:__vt__15renderingAmap_c
803BEB48:__vt__15renderingDmap_c
803BF3C8:__vt__15renderingFmap_c
803CF6D8:__vt__16J2DAnmTexPattern
803D0D88:__vt__16J3DAnmClusterKey
803D0CF0:__vt__16J3DAnmTexPattern
803D1098:__vt__16J3DClusterLoader
803D0E20:__vt__16J3DMaterialTable
803D000C:__vt__16J3DPEBlockFogOff
803CFB9C:__vt__16J3DShapeMtxMulti
803CB864:__vt__16JAISeCategoryMgr
803CB9A8:__vt__16JAIStreamAramMgr
803CB9BC:__vt__16JAIStreamDataMgr
803C9708:__vt__16JASBasicWaveBank
803CBA94:__vt__16JAUBankTableLink
803CBC70:__vt__16Z2AudioArcLoader
803CD7D0:__vt__16Z2CreatureSumomo
803CCCB0:__vt__16Z2SoundObjSimple
803AD724:__vt__16cBgS_PolyPassChk
803AD530:__vt__16dBgS_ArrowLinChk
803AD4A0:__vt__16dBgS_HorseLinChk
803B4BA8:__vt__16dBgS_LinkRoofChk
803AD680:__vt__16dBgS_MoveBgActor
803AD718:__vt__16dBgS_PolyPassChk
803A95F0:__vt__16dDemo_particle_c
803BD268:__vt__16dDlst_FileInfo_c
803BD12C:__vt__16dDlst_FileWarn_c
803C0444:__vt__16dDlst_MenuSave_c
803C4D14:__vt__16dDlst_snapShot_c
803BD03C:__vt__16dFile_select3D_c
803BED0C:__vt__16dMenuMapCommon_c
803C0DF8:__vt__16dMeter_drawHIO_c
803C0DD4:__vt__16dMeter_fmapHIO_c
803C0E7C:__vt__16dMeter_menuHIO_c
803C0DEC:__vt__16dMeter_ringHIO_c
803C28B8:__vt__16dMsgObject_HIO_c
803C2EC8:__vt__16dMsgScrnJimaku_c
803C2F20:__vt__16dMsgScrnKanban_c
803C3158:__vt__16dMsgStringBase_c
803C4AB0:__vt__16dNpcLib_lookat_c
803BD46C:__vt__16dSelect_cursor_c
803A8900:__vt__16dStage_stageDt_c
803B5244:__vt__16daAlink_matAnm_c
803B5730:__vt__16daBaseNpc_path_c
803B5840:__vt__16daNpcT_Hermite_c
803B4B00:__vt__16daPy_frameCtrl_c
803A4F90:__vt__16mDoExt_McaMorfSO
803A9BC0:__vt__16renderingDAmap_c
803C4D40:__vt__17CPaneMgrAlphaMorf
803CF6F8:__vt__17J2DAnmVtxColorKey
803D0DB0:__vt__17J3DAnmClusterFull
803D0D4C:__vt__17J3DAnmVtxColorKey
803D0FF4:__vt__17J3DColorBlockNull
803CFC30:__vt__17J3DLockedMaterial
803A511C:__vt__17J3DMtxCalcAnmBase
803D07B4:__vt__17J3DPEBlockTexEdge
803C7B14:__vt__17JASBankTable<256>
803C974C:__vt__17JASSimpleWaveBank
803CBA18:__vt__17JAUAudioArcLoader
803CD830:__vt__17Z2CreatureCitizen
803BD048:__vt__17dDlst_FileSel3m_c
803BD068:__vt__17dDlst_FileSelCp_c
803BD078:__vt__17dDlst_FileSelDt_c
803BD058:__vt__17dDlst_FileSelYn_c
803BE4A4:__vt__17dMenu_Collect2D_c
803BE470:__vt__17dMenu_Collect3D_c
803BF430:__vt__17dMenu_Fmap2DTop_c
803C29C8:__vt__17dMsgScrn3Select_c
803C2C4C:__vt__17dMsgScrnExplain_c
803AA0F4:__vt__17dPa_wbPcallBack_c
803AA114:__vt__17dPa_windPcallBack
803C50F8:__vt__17dScnName_camera_c
803C51F4:__vt__17dScnPly_env_HIO_c
803C5200:__vt__17dScnPly_reg_HIO_c
803B7E64:__vt__17daNpcCd_HIO_Jnt_c
803A9608:__vt__17jmessage_tControl
803A4C20:__vt__17mDoAud_zelAudio_c
803CF75C:__vt__18J2DAnmTransformKey
803CF70C:__vt__18J2DAnmVtxColorFull
803A9950:__vt__18J3DAnmTransformKey
803D0D60:__vt__18J3DAnmVtxColorFull
803D10A8:__vt__18J3DModelLoader_v21
803D10EC:__vt__18J3DModelLoader_v26
803CFC60:__vt__18J3DPatchedMaterial
803D03F8:__vt__18J3DTevBlockPatched
803D0F88:__vt__18J3DTexGenBlockNull
803AA258:__vt__18JPAEmitterCallBack
803C64BC:__vt__18JPAFieldConvection
803CE4B8:__vt__18JSUFileInputStream
803CD90C:__vt__18Z2LinkSoundStarter
803CD8B0:__vt__18Z2RideSoundStarter
803CD7B0:__vt__18Z2SoundObjBeeGroup
803ADFAC:__vt__18cCcD_ObjCommonBase
803AD368:__vt__18dBgS_CamGndChk_Wtr
803AD3C8:__vt__18dBgS_ObjGndChk_All
803AD3F8:__vt__18dBgS_ObjGndChk_Spl
803AD428:__vt__18dBgS_ObjGndChk_Wtr
803AAAD8:__vt__18dDlst_effectLine_c
803AAAAC:__vt__18dDlst_shadowPoly_c
803AB7B4:__vt__18dKankyo_mud_Packet
803AB868:__vt__18dKankyo_sun_Packet
803BF440:__vt__18dMenu_Fmap2DBack_c
803C0DC8:__vt__18dMeter_cursorHIO_c
803AA234:__vt__18dPa_levelEcallBack
803AA168:__vt__18dPa_modelEcallBack
803AA18C:__vt__18dPa_modelPcallBack
803A9970:__vt__18dRenderingFDAmap_c
803BDE1C:__vt__18dScnKy_env_light_c
803B574C:__vt__18daBaseNpc_acMngr_c
803B56F4:__vt__18daBaseNpc_lookat_c
803B573C:__vt__18daBaseNpc_matAnm_c
803BBA40:__vt__18daNpcCd2_HIO_Jnt_c
803B5544:__vt__18daNpcF_ActorMngr_c
803B5828:__vt__18daNpcT_ActorMngr_c
803BBE2C:__vt__18daPy_sightPacket_c
803B7E88:__vt__18fOpAcm_HIO_entry_c
803A993C:__vt__18mDoExt_transAnmBas
803CF67C:__vt__19J2DAnmKeyLoader_v15
803CF6E8:__vt__19J2DAnmTextureSRTKey
803CF774:__vt__19J2DAnmTransformFull
803D11D8:__vt__19J3DAnmKeyLoader_v15
803D0DC4:__vt__19J3DAnmTextureSRTKey
803D0DE8:__vt__19J3DAnmTransformFull
803A506C:__vt__19J3DMtxCalcNoAnmBase
803D04D4:__vt__19J3DTexGenBlockBasic
803C7B08:__vt__19JASDefaultBankTable
803A525C:__vt__19JPAParticleCallBack
803AB928:__vt__19dAttDraw_CallBack_c
803BD2CC:__vt__19dDlst_BrightCheck_c
803BDEF8:__vt__19dDlst_KanteraIcon_c
803AB7A0:__vt__19dKankyo_evil_Packet
803AB840:__vt__19dKankyo_rain_Packet
803AB82C:__vt__19dKankyo_snow_Packet
803AB818:__vt__19dKankyo_star_Packet
803A9A54:__vt__19dMenuFmapIconDisp_c
803BE044:__vt__19dMenu_Calibration_c
803BEA54:__vt__19dMenu_DmapMapCtrl_c
803BF6D4:__vt__19dMenu_ItemExplain_c
803C0DE0:__vt__19dMeter_mapIconHIO_c
803C2F84:__vt__19dMsgScrnLight_HIO_c
803AA20C:__vt__19dPa_followEcallBack
803AA0E0:__vt__19dPa_fsenthPcallBack
803AA1E8:__vt__19dPa_light8EcallBack
803AA0CC:__vt__19dPa_light8PcallBack
803AA128:__vt__19dPa_simpleEcallBack
803BD488:__vt__19dSelect_cursorHIO_c
803B7E70:__vt__19daNpcCd_HIO_Child_c
803C27B4:__vt__19jmessage_tReference
803A51C8:__vt__19mDoDvdThd_command_c
803A4F3C:__vt__19mDoExt_3DlineMat0_c
803A4F28:__vt__19mDoExt_3DlineMat1_c
803A4F50:__vt__19mDoExt_invJntPacket
803A9A60:__vt__19renderingPlusDoor_c
803C5478:__vt__20DynamicModuleControl
803CF668:__vt__20J2DAnmFullLoader_v15
803CF6A4:__vt__20J2DAnmVisibilityFull
803D11EC:__vt__20J3DAnmFullLoader_v15
803D1214:__vt__20J3DAnmVisibilityFull
803D1088:__vt__20J3DClusterLoader_v15
803D0618:__vt__20J3DColorBlockLightOn
803CE490:__vt__20JSUMemoryInputStream
803CE450:__vt__20JSURandomInputStream
803AD500:__vt__20dBgS_BoomerangLinChk
803C0DB4:__vt__20dDlst_MENU_CAPTURE_c
803AB804:__vt__20dKankyo_cloud_Packet
803AB7F0:__vt__20dKankyo_housi_Packet
803AB7C8:__vt__20dKankyo_odour_Packet
803BE448:__vt__20dMenu_Collect2DTop_c
803BE7CC:__vt__20dMenu_StageMapCtrl_c
803C28C4:__vt__20dMsgObject_HowlHIO_c
803B5270:__vt__20daAlink_lockCursor_c
803B5550:__vt__20daNpcF_MoveBgActor_c
803BE054:__vt__20dummy_abstract_class
803A51B8:__vt__20mDoDvdThd_callback_c
803D09D4:__vt__21J3DColorBlockLightOff
803CFBBC:__vt__21J3DShapeMtxConcatView
803D05AC:__vt__21J3DTexGenBlockPatched
803CCCD0:__vt__21Z2DopplerSoundObjBase
803AD5F0:__vt__21dBgS_CamLinChk_NorWtr
803C53D8:__vt__21dDlst_TimerScrnDraw_c
803AB7DC:__vt__21dKankyo_vrkumo_Packet
803C0E28:__vt__21dMeter_drawSkillHIO_c
803AA274:__vt__21dPa_setColorEcallBack
803C520C:__vt__21dScnPly_preLoad_HIO_c
803C5354:__vt__21dSvBit_childItemHIO_c
803BBA34:__vt__21daNpcCd2_HIO_MChild_c
803BBA4C:__vt__21daNpcCd2_HIO_WChild_c
803A5188:__vt__21mDoDvdThd_toMainRam_c
803D06A8:__vt__22J3DColorBlockAmbientOn
803CB9D0:__vt__22JAUAudioArcInterpreter
803ADF30:__vt__22dCcD_GAtTgCoCommonBase
803AAABC:__vt__22dDlst_shadowRealPoly_c
803AB854:__vt__22dKankyo_sunlenz_Packet
803C0E40:__vt__22dMeter_drawInsectHIO_c
803C0E58:__vt__22dMeter_drawLetterHIO_c
803C0E64:__vt__22dMeter_drawOptionHIO_c
803AA080:__vt__22dPa_hermiteEcallBack_c
803AA144:__vt__22dPa_selectTexEcallBack
803C51DC:__vt__22dScnPly_env_debugHIO_c
803C51E8:__vt__22dScnPly_env_otherHIO_c
803C52B8:__vt__22dSvBit_childOtherHIO_c
803B581C:__vt__22daNpcT_MotionSeqMngr_c
803C0454:__vt__23dDlst_MenuSaveExplain_c
803C0E70:__vt__23dMeter_drawCollectHIO_c
803C0E4C:__vt__23dMeter_drawFishingHIO_c
803C52F4:__vt__23dSvBit_childItZoneHIO_c
803C5324:__vt__23dSvBit_childSwZoneHIO_c
803C5360:__vt__23dSvBit_childSwitchHIO_c
803B5628:__vt__23daBaseNpc_moveBgActor_c
803C54AC:__vt__24DynamicModuleControlBase
803CDEF8:__vt__24JAUStreamAramMgrBase_<1>
803A5248:__vt__24JPTraceParticleCallBack4
803BDA48:__vt__24dDlst_GameOverScrnDraw_c
803BDA88:__vt__24dDlst_Gameover_CAPTURE_c
803C0E10:__vt__24dMeter_drawMiniGameHIO_c
803C26C0:__vt__24jmessage_string_tControl
803A51A8:__vt__24mDoDvdThd_mountArchive_c
803C0E1C:__vt__25dMeter_drawEmpButtonHIO_c
803C0E04:__vt__25dMeter_drawLightDropHIO_c
803AA1C4:__vt__25dPa_gen_b_light8EcallBack
803AA0B8:__vt__25dPa_gen_b_light8PcallBack
803AA1A0:__vt__25dPa_gen_d_light8EcallBack
803AA0A4:__vt__25dPa_gen_d_light8PcallBack
803C52D0:__vt__25dSvBit_childDarknessHIO_c
803C5348:__vt__25dSvBit_childTreasureHIO_c
803A5198:__vt__25mDoDvdThd_mountXArchive_c
803A8EC8:__vt__25mDoExt_McaMorfCallBack1_c
803A50C4:__vt__25mDoExt_MtxCalcAnmBlendTbl
803CFB74:__vt__26J3DShapeMtxMultiConcatView
803CDEE4:__vt__26JAUStreamStaticAramMgr_<1>
803C5300:__vt__26dSvBit_childItDungeonHIO_c
803C52E8:__vt__26dSvBit_childItOneZoneHIO_c
803C5330:__vt__26dSvBit_childSwDungeonHIO_c
803C5318:__vt__26dSvBit_childSwOneZoneHIO_c
803C52C4:__vt__26dSvBit_childTransformHIO_c
803C26CC:__vt__26jmessage_string_tReference
803C2774:__vt__26jmessage_tMeasureProcessor
803A4F14:__vt__26mDoExt_3DlineMatSortPacket
803D0DD4:__vt__27J3DAnmTransformFullWithLerp
803CFB4C:__vt__27J3DShapeMtxBBoardConcatView
803CBAD8:__vt__27JAUSeqDataMgr_SeqCollection
803C0E34:__vt__27dMeter_drawCalibrationHIO_c
803C271C:__vt__27jmessage_tSequenceProcessor
803CFB24:__vt__28J3DShapeMtxYBBoardConcatView
803A8C74:__vt__28dDrawPathWithNormalPattern_c
803AA06C:__vt__28dPa_particleTracePcallBack_c
803C26DC:__vt__28jmessage_tRenderingProcessor
803A5098:__vt__28mDoExt_MtxCalcAnmBlendTblOld
803A9B04:__vt__28renderingPlusDoorAndCursor_c
803B5294:__vt__29dAlink_bottleWaterPcallBack_c
803C530C:__vt__29dSvBit_childItPerfectionHIO_c
803C533C:__vt__29dSvBit_childSwPerfectionHIO_c
803C52DC:__vt__29dSvBit_childTbPerfectionHIO_c
803CBAF0:__vt__32JAUStreamDataMgr_StreamFileTable
803C2680:__vt__33jmessage_string_tMeasureProcessor
803C2628:__vt__34jmessage_string_tSequenceProcessor
803C25E8:__vt__35jmessage_string_tRenderingProcessor
803AD2FC:__vt__4cBgS
803AD888:__vt__4cBgW
803C5700:__vt__4cCcS
803AD2E8:__vt__4dBgS
803AD760:__vt__4dBgW
803AE0C4:__vt__4dCcS
803CB7F8:__vt__5JAISe
803CB894:__vt__6JAISeq
803ADB98:__vt__6dBgWSv
803A8D10:__vt__6dMap_c
803B1658:__vt__6dMdl_c
803A5040:__vt__73J3DMtxCalcNoAnm<27J3DMtxCalcCalcTransformMaya,24J3DMtxCalcJ3DSysInitMaya>
803D115C:__vt__75J3DMtxCalcNoAnm<28J3DMtxCalcCalcTransformBasic,25J3DMtxCalcJ3DSysInitBasic>
803CEF70:__vt__7J2DPane
803C965C:__vt__7JASBank
803C969C:__vt__7JASInst
803CE0F8:__vt__7JKRAram
803CE2C8:__vt__7JKRFile
803CDF10:__vt__7JKRHeap
803A4ED0:__vt__7JUTFont
803C4A8C:__vt__7dName_c
803D1130:__vt__83J3DMtxCalcNoAnm<32J3DMtxCalcCalcTransformSoftimage,29J3DMtxCalcJ3DSysInitSoftimage>
803C4D2C:__vt__8CPaneMgr
803CEF40:__vt__8J2DPrint
803D0CC0:__vt__8J3DModel
803CFC18:__vt__8J3DShape
803CB850:__vt__8JAISeMgr
803CB910:__vt__8JAISound
803CE930:__vt__8JUTFader
803CE920:__vt__8JUTVideo
803C5F38:__vt__8cBgS_Chk
803ADF68:__vt__8cCcD_Obj
803C5FA4:__vt__8cM2dGCir
803A8EF8:__vt__8cM3dGAab
803C5F98:__vt__8cM3dGCir
803C5FB0:__vt__8cM3dGCps
803A8EEC:__vt__8cM3dGCyl
803A95D8:__vt__8cM3dGLin
803A54A0:__vt__8cM3dGPla
803A95E4:__vt__8cM3dGSph
803AD864:__vt__8cM3dGTri
803AD350:__vt__8dBgS_Chk
803ADAA8:__vt__8dBgWKCol
803ADE50:__vt__8dCcD_Cps
803ADD30:__vt__8dCcD_Cyl
803ADCA0:__vt__8dCcD_Sph
803ADDC0:__vt__8dCcD_Tri
803B4B60:__vt__8dEyeHL_c
803BD394:__vt__8dScope_c
803BBC84:__vt__8daItem_c
803B55B8:__vt__8daNpcF_c
803B5758:__vt__8daNpcT_c
803CF008:__vt__9J2DScreen
803CF0A8:__vt__9J2DWindow
803CF91C:__vt__9J3DPacket
803CB8F8:__vt__9JAISeqMgr
803CB978:__vt__9JAIStream
803CE440:__vt__9JKRDecomp
803CE0B4:__vt__9JKRThread
803A8F40:__vt__9STControl
803CCC58:__vt__9Z2Audible
803ADA98:__vt__9cBgW_BgId
803C56E0:__vt__9cCcD_Stts
803AD320:__vt__9dBgS_Acch
803AD9A8:__vt__9dBgW_Base
803ADFC4:__vt__9dCcD_Stts
803AE1F8:__vt__9dCstick_c
803BD0E0:__vt__9dFs_HIO_c
803BBD58:__vt__9dInsect_c
803BF350:__vt__9dMf_HIO_c
803C04AC:__vt__9dMs_HIO_c
803C05CC:__vt__9dMw_HIO_c
803C4AA4:__vt__9dNm_HIO_c
803BD498:__vt__9dSi_HIO_c
803C5104:__vt__9dSn_HIO_c
803B4F98:__vt__9daAlink_c
803B4C50:__vt__9daPy_py_c
803C7970:__vt__Q214JStudio_JStage12TAdaptor_fog
803C76C0:__vt__Q214JStudio_JStage13TCreateObject
803C7764:__vt__Q214JStudio_JStage14TAdaptor_actor
803C79E0:__vt__Q214JStudio_JStage14TAdaptor_light
803C78A8:__vt__Q214JStudio_JStage15TAdaptor_camera
803C7828:__vt__Q214JStudio_JStage21TAdaptor_ambientLight
803C79B0:__vt__Q214JStudio_JStage77TVariableValueOutput_object_<Q214JStudio_JStage12TAdaptor_fog,Q26JStage4TFog>
803C7804:__vt__Q214JStudio_JStage81TVariableValueOutput_object_<Q214JStudio_JStage14TAdaptor_actor,Q26JStage6TActor>
803C7920:__vt__Q214JStudio_JStage83TVariableValueOutput_object_<Q214JStudio_JStage15TAdaptor_camera,Q26JStage7TCamera>
803C7A08:__vt__Q215JStudio_JAudio213TCreateObject
803C7A28:__vt__Q215JStudio_JAudio214TAdaptor_sound
803C96DC:__vt__Q216JASBasicWaveBank10TWaveGroup
803C96C8:__vt__Q216JASBasicWaveBank11TWaveHandle
803C9738:__vt__Q217JASSimpleWaveBank11TWaveHandle
803C7A78:__vt__Q217JStudio_JParticle13TCreateObject
803C7AAC:__vt__Q217JStudio_JParticle17TAdaptor_particle
803A98D4:__vt__Q220@unnamed@d_demo_cpp@24jstudio_tAdaptor_message
803A98C4:__vt__Q220@unnamed@d_demo_cpp@29jstudio_tCreateObject_message
803CBAB4:__vt__Q228@unnamed@JAUSectionHeap_cpp@14TStreamDataMgr
803C65D8:__vt__Q26JStage13TAmbientLight
803C66B8:__vt__Q26JStage4TFog
803C6548:__vt__Q26JStage6TActor
803C6718:__vt__Q26JStage6TLight
803C6620:__vt__Q26JStage7TCamera
803C6788:__vt__Q26JStage7TObject
803C67C8:__vt__Q26JStage7TSystem
803CBC5C:__vt__Q27JGadget42TLinkList_factory<Q28JMessage9TResource,0>
803C7444:__vt__Q27JStudio11TObject_fog
803C7464:__vt__Q27JStudio12TAdaptor_fog
803A9614:__vt__Q27JStudio13TCreateObject
803C7520:__vt__Q27JStudio13TObject_actor
803C73FC:__vt__Q27JStudio13TObject_light
803C72DC:__vt__Q27JStudio13TObject_sound
803C7540:__vt__Q27JStudio14TAdaptor_actor
803C741C:__vt__Q27JStudio14TAdaptor_light
803C72FC:__vt__Q27JStudio14TAdaptor_sound
803C6940:__vt__Q27JStudio14TFunctionValue
803C7484:__vt__Q27JStudio14TObject_camera
803C74A4:__vt__Q27JStudio15TAdaptor_camera
803C73B8:__vt__Q27JStudio15TObject_message
803A98A0:__vt__Q27JStudio16TAdaptor_message
803C734C:__vt__Q27JStudio16TObject_particle
803C736C:__vt__Q27JStudio17TAdaptor_particle
803C68C0:__vt__Q27JStudio19TFunctionValue_list
803C74E0:__vt__Q27JStudio20TObject_ambientLight
803C7500:__vt__Q27JStudio21TAdaptor_ambientLight
803C6880:__vt__Q27JStudio22TFunctionValue_hermite
803C6900:__vt__Q27JStudio23TFunctionValue_constant
803C6920:__vt__Q27JStudio24TFunctionValue_composite
803C68E0:__vt__Q27JStudio25TFunctionValue_transition
803C68A0:__vt__Q27JStudio29TFunctionValue_list_parameter
803C6A60:__vt__Q27JStudio6TParse
803C7590:__vt__Q27JStudio7TObject
803C75B0:__vt__Q27JStudio8TAdaptor
803C6A94:__vt__Q27JStudio8TControl
803C6A80:__vt__Q27JStudio8TFactory
803CBBCC:__vt__Q28JMessage10TProcessor
803CBC0C:__vt__Q28JMessage10TReference
803CBB74:__vt__Q28JMessage18TSequenceProcessor
803CBB34:__vt__Q28JMessage19TRenderingProcessor
803CBC34:__vt__Q28JMessage6TParse
803CBB00:__vt__Q28JMessage8TControl
803B52CC:__vt__Q29daAlink_c14hsChainShape_c
803C7754:__vt__Q314JStudio_JStage14TAdaptor_actor26TVVOutput_ANIMATION_FRAME_
803C79D0:__vt__Q314JStudio_JStage14TAdaptor_light20TVVOutput_direction_
803C7A18:__vt__Q315JStudio_JAudio214TAdaptor_sound13TVVOSetValue_
803C7A90:__vt__Q317JStudio_JParticle17TAdaptor_particle21TJPACallback_emitter_
803C682C:__vt__Q37JGadget6binary19TParse_header_block
803C75D0:__vt__Q37JStudio14TVariableValue13TOutput_none_
803C75E0:__vt__Q37JStudio14TVariableValue7TOutput
803C7630:__vt__Q37JStudio28@unnamed@jstudio_object_cpp@54TOutputVariableValue_BOOL_<Q27JStudio14TAdaptor_actor>
803C7610:__vt__Q37JStudio28@unnamed@jstudio_object_cpp@54TOutputVariableValue_BOOL_<Q27JStudio14TAdaptor_light>
803C75F0:__vt__Q37JStudio28@unnamed@jstudio_object_cpp@54TOutputVariableValue_BOOL_<Q27JStudio14TAdaptor_sound>
803C7620:__vt__Q37JStudio28@unnamed@jstudio_object_cpp@55TOutputVariableValue_BOOL_<Q27JStudio15TAdaptor_camera>
803C7600:__vt__Q37JStudio28@unnamed@jstudio_object_cpp@57TOutputVariableValue_BOOL_<Q27JStudio17TAdaptor_particle>
803C6860:__vt__Q37JStudio3ctb14TObject_TxyzRy
803C6818:__vt__Q37JStudio3ctb6TParse
803C6870:__vt__Q37JStudio3ctb7TObject
803C6854:__vt__Q37JStudio3ctb8TControl
803C6840:__vt__Q37JStudio3ctb8TFactory
803C6A10:__vt__Q37JStudio3fvb12TObject_list
803C69F0:__vt__Q37JStudio3fvb15TObject_hermite
803C6A30:__vt__Q37JStudio3fvb16TObject_constant
803C6A40:__vt__Q37JStudio3fvb17TObject_composite
803C6A20:__vt__Q37JStudio3fvb18TObject_transition
803C6A00:__vt__Q37JStudio3fvb22TObject_list_parameter
803C69BC:__vt__Q37JStudio3fvb6TParse
803C6A50:__vt__Q37JStudio3fvb7TObject
803C69E4:__vt__Q37JStudio3fvb8TControl
803C69D0:__vt__Q37JStudio3fvb8TFactory
803C7680:__vt__Q37JStudio3stb15TObject_control
803C7640:__vt__Q37JStudio3stb6TParse
803C76A0:__vt__Q37JStudio3stb7TObject
803C7674:__vt__Q37JStudio3stb8TControl
803C7660:__vt__Q37JStudio3stb8TFactory
803CBC48:__vt__Q38JMessage18TResourceContainer10TCResource
80369FD4:__write_console
800055C8:_bss_init_info
801F0DD4:_close__12dMenu_save_cFv
801F7EE0:_close__13dMenu_Skill_cFv
801D8DF0:_close__14dMenu_Insect_cFv
801DDF5C:_close__14dMenu_Letter_cFv
801E40A4:_close__14dMenu_Option_cFv
801C5734:_close__15dMenu_Fishing_cFv
8019B29C:_create__11dGameover_cFv
8020DCB0:_create__11dMeterMap_cFP9J2DScreen
80194374:_create__11dMeterSub_cFv
801BDA18:_create__12dMenu_Dmap_cFv
801C7028:_create__12dMenu_Fmap_cFv
801EAE40:_create__12dMenu_Ring_cFv
801EFA70:_create__12dMenu_save_cFv
80233838:_create__12dMsgObject_cFP9msg_class
801F7900:_create__13dMenu_Skill_cFv
801845D8:_create__14dFile_select_cFv
801D891C:_create__14dMenu_Insect_cFv
801DD630:_create__14dMenu_Letter_cFv
801E2320:_create__14dMenu_Option_cFv
80201690:_create__14dMeterButton_cFv
8020B230:_create__14dMeterHaihai_cFv
8020F134:_create__14dMeterString_cFv
801B7C64:_create__15dMenu_Collect_cFv
801C0F30:_create__15dMenu_DmapMap_cFUsUsUsUsPv
801C52A4:_create__15dMenu_Fishing_cFv
801CF0AC:_create__15dMenu_FmapMap_cFUsUsUsUsPv
8020C6C4:_create__15dMeterHakusha_cFv
801905E8:_create__16dFile_select3D_cFUcUc
801B00FC:_create__17dMenu_Collect2D_cFv
801B6800:_create__17dMenu_Collect3D_cFv
801C2574:_create__20dMenu_StageMapCtrl_cFUsUsUsUsPv
801C25B4:_create__20dMenu_StageMapCtrl_cFUsUsUsUsScPv
801FD404:_create__5dMw_cFv
8024ECD0:_create__7dName_cFv
8025D80C:_create__8dTimer_cFv
8021ECD8:_create__9dMeter2_cFv
80374600:_ctors
8015B9E0:_daItem_create__8daItem_cFv
8015BFF4:_daItem_delete__8daItem_cFv
8015BF90:_daItem_draw__8daItem_cFv
8015BCA8:_daItem_execute__8daItem_cFv
8019692C:_debugSetCamera__16ShopCam_action_cFv
8019BABC:_delete__11dGameover_cFv
8020DF14:_delete__11dMeterMap_cFv
8019437C:_delete__11dMeterSub_cFv
801C7768:_delete__12dMenu_Fmap_cFv
801EAEAC:_delete__12dMenu_Ring_cFv
801F0DEC:_delete__12dMenu_save_cFv
8023409C:_delete__12dMsgObject_cFv
801E2EE0:_delete__14dMenu_Option_cFv
80202D60:_delete__14dMeterButton_cFv
8020C070:_delete__14dMeterHaihai_cFv
8020F760:_delete__14dMeterString_cFv
801B7C9C:_delete__15dMenu_Collect_cFv
801C0F5C:_delete__15dMenu_DmapMap_cFv
801CF100:_delete__15dMenu_FmapMap_cFv
8020CD80:_delete__15dMeterHakusha_cFv
801906A8:_delete__16dFile_select3D_cFv
801B0358:_delete__17dMenu_Collect2D_cFv
801B68EC:_delete__17dMenu_Collect3D_cFv
801C2770:_delete__20dMenu_StageMapCtrl_cFv
801FD940:_delete__5dMw_cFv
8025E1BC:_delete__8dTimer_cFv
8021F760:_delete__9dMeter2_cFv
801F6CC0:_draw2__12dMenu_save_cFv
8019BA1C:_draw__11dGameover_cFv
8020E1E0:_draw__11dMeterMap_cFv
80192FB8:_draw__12dFile_info_cFv
801BEA38:_draw__12dMenu_Dmap_cFv
801C7914:_draw__12dMenu_Fmap_cFv
801EAF8C:_draw__12dMenu_Ring_cFv
801F6C7C:_draw__12dMenu_save_cFv
80233F70:_draw__12dMsgObject_cFv
801F7A74:_draw__13dMenu_Skill_cFv
801937EC:_draw__14dBrightCheck_cFv
8018DF44:_draw__14dFile_select_cFv
801D8A24:_draw__14dMenu_Insect_cFv
801DD7D0:_draw__14dMenu_Letter_cFv
801E3990:_draw__14dMenu_Option_cFv
8019239C:_draw__15dFile_warning_cFv
801C53A4:_draw__15dMenu_Fishing_cFv
801B5FC8:_draw__17dMenu_Collect2D_cFv
801AF084:_draw__19dMenu_Calibration_cFv
801FD714:_draw__5dMw_cFv
8002ABFC:_draw__6dMap_cFv
80251050:_draw__7dName_cFv
8025E13C:_draw__8dTimer_cFv
8021F634:_draw__9dMeter2_cFv
803747C0:_dtors
8000569C:_eti_init_info
8019B54C:_execute__11dGameover_cFv
80194388:_execute__11dMeterSub_cFUl
80233B44:_execute__12dMsgObject_cFv
802016C8:_execute__14dMeterButton_cFUlbbbbbbbbbbbbbbbbbbbbbb
8020B3B8:_execute__14dMeterHaihai_cFUl
8020F414:_execute__14dMeterString_cFUl
8020CACC:_execute__15dMeterHakusha_cFUl
801D6D08:_execute__17dMenu_Fmap2DTop_cFv
801FD59C:_execute__5dMw_cFv
80193DE8:_execute__8dScope_cFUl
8025DD04:_execute__8dTimer_cFv
8021F3EC:_execute__9dMeter2_cFv
80366A50:_fseek
802BAB98:_load1stWaveInner_1__10Z2SceneMgrFv
802BADC8:_load1stWaveInner_2__10Z2SceneMgrFv
8020DFA8:_move__11dMeterMap_cFUl
801BDFFC:_move__12dMenu_Dmap_cFv
801C776C:_move__12dMenu_Fmap_cFv
801EAEB0:_move__12dMenu_Ring_cFv
801F130C:_move__12dMenu_save_cFv
801F79DC:_move__13dMenu_Skill_cFv
80193728:_move__14dBrightCheck_cFv
80184708:_move__14dFile_select_cFv
801D898C:_move__14dMenu_Insect_cFv
801DD738:_move__14dMenu_Letter_cFv
801E36CC:_move__14dMenu_Option_cFv
80192124:_move__15dFile_warning_cFv
801B7CD4:_move__15dMenu_Collect_cFv
801C530C:_move__15dMenu_Fishing_cFv
801906F0:_move__16dFile_select3D_cFv
801B5F2C:_move__17dMenu_Collect2D_cFv
801B6920:_move__17dMenu_Collect3D_cFUcUc
801AF004:_move__19dMenu_Calibration_cFv
8002A3D4:_move__6dMap_cFffif
8024F140:_move__7dName_cFv
801F0C70:_open__12dMenu_save_cFv
801F7D04:_open__13dMenu_Skill_cFv
801D8C10:_open__14dMenu_Insect_cFv
801DDD38:_open__14dMenu_Letter_cFv
801E3E5C:_open__14dMenu_Option_cFv
801C55A8:_open__15dMenu_Fishing_cFv
80029AC4:_remove__6dMap_cFv
80362F84:_restfpr_14
80362F88:_restfpr_15
80362F8C:_restfpr_16
80362F90:_restfpr_17
80362F94:_restfpr_18
80362F98:_restfpr_19
80362F9C:_restfpr_20
80362FA0:_restfpr_21
80362FA4:_restfpr_22
80362FA8:_restfpr_23
80362FAC:_restfpr_24
80362FB0:_restfpr_25
80362FB4:_restfpr_26
80362FB8:_restfpr_27
80362FBC:_restfpr_28
80362FC0:_restfpr_29
80362FC4:_restfpr_30
80362FC8:_restfpr_31
8036301C:_restgpr_14
80363020:_restgpr_15
80363024:_restgpr_16
80363028:_restgpr_17
8036302C:_restgpr_18
80363030:_restgpr_19
80363034:_restgpr_20
80363038:_restgpr_21
8036303C:_restgpr_22
80363040:_restgpr_23
80363044:_restgpr_24
80363048:_restgpr_25
8036304C:_restgpr_26
80363050:_restgpr_27
80363054:_restgpr_28
80363058:_restgpr_29
8036305C:_restgpr_30
80363060:_restgpr_31
80005544:_rom_copy_info
80362F38:_savefpr_14
80362F3C:_savefpr_15
80362F40:_savefpr_16
80362F44:_savefpr_17
80362F48:_savefpr_18
80362F4C:_savefpr_19
80362F50:_savefpr_20
80362F54:_savefpr_21
80362F58:_savefpr_22
80362F5C:_savefpr_23
80362F60:_savefpr_24
80362F64:_savefpr_25
80362F68:_savefpr_26
80362F6C:_savefpr_27
80362F70:_savefpr_28
80362F74:_savefpr_29
80362F78:_savefpr_30
80362F7C:_savefpr_31
80362FD0:_savegpr_14
80362FD4:_savegpr_15
80362FD8:_savegpr_16
80362FDC:_savegpr_17
80362FE0:_savegpr_18
80362FE4:_savegpr_19
80362FE8:_savegpr_20
80362FEC:_savegpr_21
80362FF0:_savegpr_22
80362FF4:_savegpr_23
80362FF8:_savegpr_24
80362FFC:_savegpr_25
80363000:_savegpr_26
80363004:_savegpr_27
80363008:_savegpr_28
8036300C:_savegpr_29
80363010:_savegpr_30
80363014:_savegpr_31
8045274C:aPiecePriority__Q29JFWSystem11CSetUpParam
803A4310:aT
8042A448:a_eyeOfsTbl$4079
8042E730:a_eyeOfsTbl$4289
803947C4:a_jntNumTbl$4463
80395308:a_jntNumTbl$4692
803B5AC4:a_jntTbl_M$3905
803B82E4:a_jntTbl_M$3910
803B6DC4:a_jntTbl_W$3907
803B9EA4:a_jntTbl_W$3912
803B69C4:a_prmTbl_M$3906
803B9AA4:a_prmTbl_M$3911
803B7AE4:a_prmTbl_W$3908
803BB59C:a_prmTbl_W$3913
80399A58:a_tag$3949
8039465C:a_transScaleTbl$3984
80395194:a_transScaleTbl$3998
803638EC:abort
80365F00:abs
8008E8C0:abs__4cXyzCFv
800CE674:acceptSubjectModeChange__9daAlink_cFv
802A324C:acceptsNewAudible__8JAISoundCFv
8036D510:acos
8036D860:acosf
80452624:act_type_num__12dAttention_c
803AB8E4:act_type_tbl__12dAttention_c
80251FBC:action__16dNpcLib_lookat_cF4cXyz4cXyzP10fopAc_ac_cPA4_fi
8014CE2C:action__8daNpcT_cFv
803A9F88:action_table$5100
8028B848:adaptor_do_ANIMATION_MODE__Q214JStudio_JStage14TAdaptor_actorFQ37JStudio4data15TEOperationDataPCvUl
8028B7F0:adaptor_do_ANIMATION__Q214JStudio_JStage14TAdaptor_actorFQ37JStudio4data15TEOperationDataPCvUl
8028EA88:adaptor_do_BEGIN_FADE_IN__Q215JStudio_JAudio214TAdaptor_soundFQ37JStudio4data15TEOperationDataPCvUl
8028F8B0:adaptor_do_BEGIN_FADE_IN__Q217JStudio_JParticle17TAdaptor_particleFQ37JStudio4data15TEOperationDataPCvUl
8028EA54:adaptor_do_BEGIN__Q215JStudio_JAudio214TAdaptor_soundFQ37JStudio4data15TEOperationDataPCvUl
8028F87C:adaptor_do_BEGIN__Q217JStudio_JParticle17TAdaptor_particleFQ37JStudio4data15TEOperationDataPCvUl
8028EC6C:adaptor_do_CONTINUOUS__Q215JStudio_JAudio214TAdaptor_soundFQ37JStudio4data15TEOperationDataPCvUl
8028E028:adaptor_do_ENABLE__Q214JStudio_JStage14TAdaptor_lightFQ37JStudio4data15TEOperationDataPCvUl
8028EB00:adaptor_do_END_FADE_OUT__Q215JStudio_JAudio214TAdaptor_soundFQ37JStudio4data15TEOperationDataPCvUl
8028F924:adaptor_do_END_FADE_OUT__Q217JStudio_JParticle17TAdaptor_particleFQ37JStudio4data15TEOperationDataPCvUl
8028EAD0:adaptor_do_END__Q215JStudio_JAudio214TAdaptor_soundFQ37JStudio4data15TEOperationDataPCvUl
8028F8F8:adaptor_do_END__Q217JStudio_JParticle17TAdaptor_particleFQ37JStudio4data15TEOperationDataPCvUl
8028DFB0:adaptor_do_FACULTY__Q214JStudio_JStage14TAdaptor_lightFQ37JStudio4data15TEOperationDataPCvUl
8028EC88:adaptor_do_LOCATED__Q215JStudio_JAudio214TAdaptor_soundFQ37JStudio4data15TEOperationDataPCvUl
80037F74:adaptor_do_MESSAGE__Q220@unnamed@d_demo_cpp@24jstudio_tAdaptor_messageFQ37JStudio4data15TEOperationDataPCvUl
8028ECB0:adaptor_do_ON_EXIT_NOT_END__Q215JStudio_JAudio214TAdaptor_soundFQ37JStudio4data15TEOperationDataPCvUl
8028FAA4:adaptor_do_ON_EXIT_NOT_END__Q217JStudio_JParticle17TAdaptor_particleFQ37JStudio4data15TEOperationDataPCvUl
8028B968:adaptor_do_PARENT_ENABLE__Q214JStudio_JStage14TAdaptor_actorFQ37JStudio4data15TEOperationDataPCvUl
8028CA70:adaptor_do_PARENT_ENABLE__Q214JStudio_JStage15TAdaptor_cameraFQ37JStudio4data15TEOperationDataPCvUl
8028EC34:adaptor_do_PARENT_ENABLE__Q215JStudio_JAudio214TAdaptor_soundFQ37JStudio4data15TEOperationDataPCvUl
8028FA58:adaptor_do_PARENT_ENABLE__Q217JStudio_JParticle17TAdaptor_particleFQ37JStudio4data15TEOperationDataPCvUl
8028B9F0:adaptor_do_PARENT_FUNCTION__Q214JStudio_JStage14TAdaptor_actorFQ37JStudio4data15TEOperationDataPCvUl
8028CAEC:adaptor_do_PARENT_FUNCTION__Q214JStudio_JStage15TAdaptor_cameraFQ37JStudio4data15TEOperationDataPCvUl
8028FA74:adaptor_do_PARENT_FUNCTION__Q217JStudio_JParticle17TAdaptor_particleFQ37JStudio4data15TEOperationDataPCvUl
8028B90C:adaptor_do_PARENT_NODE__Q214JStudio_JStage14TAdaptor_actorFQ37JStudio4data15TEOperationDataPCvUl
8028CA14:adaptor_do_PARENT_NODE__Q214JStudio_JStage15TAdaptor_cameraFQ37JStudio4data15TEOperationDataPCvUl
8028EBB4:adaptor_do_PARENT_NODE__Q215JStudio_JAudio214TAdaptor_soundFQ37JStudio4data15TEOperationDataPCvUl
8028F9D8:adaptor_do_PARENT_NODE__Q217JStudio_JParticle17TAdaptor_particleFQ37JStudio4data15TEOperationDataPCvUl
8028B8C8:adaptor_do_PARENT__Q214JStudio_JStage14TAdaptor_actorFQ37JStudio4data15TEOperationDataPCvUl
8028C9D0:adaptor_do_PARENT__Q214JStudio_JStage15TAdaptor_cameraFQ37JStudio4data15TEOperationDataPCvUl
8028EB48:adaptor_do_PARENT__Q215JStudio_JAudio214TAdaptor_soundFQ37JStudio4data15TEOperationDataPCvUl
8028F96C:adaptor_do_PARENT__Q217JStudio_JParticle17TAdaptor_particleFQ37JStudio4data15TEOperationDataPCvUl
8028F868:adaptor_do_PARTICLE__Q217JStudio_JParticle17TAdaptor_particleFQ37JStudio4data15TEOperationDataPCvUl
8028BAA4:adaptor_do_RELATION_ENABLE__Q214JStudio_JStage14TAdaptor_actorFQ37JStudio4data15TEOperationDataPCvUl
8028BA48:adaptor_do_RELATION_NODE__Q214JStudio_JStage14TAdaptor_actorFQ37JStudio4data15TEOperationDataPCvUl
8028BA04:adaptor_do_RELATION__Q214JStudio_JStage14TAdaptor_actorFQ37JStudio4data15TEOperationDataPCvUl
8028EC50:adaptor_do_REPEAT__Q215JStudio_JAudio214TAdaptor_soundFQ37JStudio4data15TEOperationDataPCvUl
8028FA88:adaptor_do_REPEAT__Q217JStudio_JParticle17TAdaptor_particleFQ37JStudio4data15TEOperationDataPCvUl
8028B798:adaptor_do_SHAPE__Q214JStudio_JStage14TAdaptor_actorFQ37JStudio4data15TEOperationDataPCvUl
8028EA20:adaptor_do_SOUND__Q215JStudio_JAudio214TAdaptor_soundFQ37JStudio4data15TEOperationDataPCvUl
8028CBA0:adaptor_do_TARGET_PARENT_ENABLE__Q214JStudio_JStage15TAdaptor_cameraFQ37JStudio4data15TEOperationDataPCvUl
8028CB44:adaptor_do_TARGET_PARENT_NODE__Q214JStudio_JStage15TAdaptor_cameraFQ37JStudio4data15TEOperationDataPCvUl
8028CB00:adaptor_do_TARGET_PARENT__Q214JStudio_JStage15TAdaptor_cameraFQ37JStudio4data15TEOperationDataPCvUl
8028B8B4:adaptor_do_TEXTURE_ANIMATION_MODE__Q214JStudio_JStage14TAdaptor_actorFQ37JStudio4data15TEOperationDataPCvUl
8028B85C:adaptor_do_TEXTURE_ANIMATION__Q214JStudio_JStage14TAdaptor_actorFQ37JStudio4data15TEOperationDataPCvUl
8028D4CC:adaptor_do_begin__Q214JStudio_JStage12TAdaptor_fogFv
8028B5B4:adaptor_do_begin__Q214JStudio_JStage14TAdaptor_actorFv
8028DAB0:adaptor_do_begin__Q214JStudio_JStage14TAdaptor_lightFv
8028C81C:adaptor_do_begin__Q214JStudio_JStage15TAdaptor_cameraFv
8028C524:adaptor_do_begin__Q214JStudio_JStage21TAdaptor_ambientLightFv
80286E1C:adaptor_do_begin__Q27JStudio8TAdaptorFv
8028D680:adaptor_do_data__Q214JStudio_JStage12TAdaptor_fogFPCvUlPCvUl
8028B774:adaptor_do_data__Q214JStudio_JStage14TAdaptor_actorFPCvUlPCvUl
8028DF8C:adaptor_do_data__Q214JStudio_JStage14TAdaptor_lightFPCvUlPCvUl
8028C9AC:adaptor_do_data__Q214JStudio_JStage15TAdaptor_cameraFPCvUlPCvUl
8028C67C:adaptor_do_data__Q214JStudio_JStage21TAdaptor_ambientLightFPCvUlPCvUl
80286E28:adaptor_do_data__Q27JStudio8TAdaptorFPCvUlPCvUl
8028D5B4:adaptor_do_end__Q214JStudio_JStage12TAdaptor_fogFv
8028B6D8:adaptor_do_end__Q214JStudio_JStage14TAdaptor_actorFv
8028DD68:adaptor_do_end__Q214JStudio_JStage14TAdaptor_lightFv
8028C8F8:adaptor_do_end__Q214JStudio_JStage15TAdaptor_cameraFv
8028C5B0:adaptor_do_end__Q214JStudio_JStage21TAdaptor_ambientLightFv
8028E874:adaptor_do_end__Q215JStudio_JAudio214TAdaptor_soundFv
8028F77C:adaptor_do_end__Q217JStudio_JParticle17TAdaptor_particleFv
80286E20:adaptor_do_end__Q27JStudio8TAdaptorFv
8028D484:adaptor_do_prepare__Q214JStudio_JStage12TAdaptor_fogFv
8028B528:adaptor_do_prepare__Q214JStudio_JStage14TAdaptor_actorFv
8028DA68:adaptor_do_prepare__Q214JStudio_JStage14TAdaptor_lightFv
8028C7D4:adaptor_do_prepare__Q214JStudio_JStage15TAdaptor_cameraFv
8028C520:adaptor_do_prepare__Q214JStudio_JStage21TAdaptor_ambientLightFv
8028E7A4:adaptor_do_prepare__Q215JStudio_JAudio214TAdaptor_soundFv
8028F650:adaptor_do_prepare__Q217JStudio_JParticle17TAdaptor_particleFv
80286E18:adaptor_do_prepare__Q27JStudio8TAdaptorFv
8028D608:adaptor_do_update__Q214JStudio_JStage12TAdaptor_fogFUl
8028B72C:adaptor_do_update__Q214JStudio_JStage14TAdaptor_actorFUl
8028DDBC:adaptor_do_update__Q214JStudio_JStage14TAdaptor_lightFUl
8028C94C:adaptor_do_update__Q214JStudio_JStage15TAdaptor_cameraFUl
8028C604:adaptor_do_update__Q214JStudio_JStage21TAdaptor_ambientLightFUl
8028E878:adaptor_do_update__Q215JStudio_JAudio214TAdaptor_soundFUl
8028F780:adaptor_do_update__Q217JStudio_JParticle17TAdaptor_particleFUl
80286E24:adaptor_do_update__Q27JStudio8TAdaptorFUl
8028718C:adaptor_getVariableValue_GXColor__Q27JStudio8TAdaptorCFP8_GXColorPCUl
80287074:adaptor_getVariableValue_Vec__Q27JStudio8TAdaptorCFP3VecPCUl
8028B350:adaptor_object_ENABLE___Q214JStudio_JStage16TAdaptor_object_FQ37JStudio4data15TEOperationDataPCvUl
8028B270:adaptor_object_data___Q214JStudio_JStage16TAdaptor_object_FPCvUlPCvUl
8028B30C:adaptor_object_findJSGObjectNode___Q214JStudio_JStage16TAdaptor_object_FPCQ26JStage7TObjectPCc
8028B2BC:adaptor_object_findJSGObject___Q214JStudio_JStage16TAdaptor_object_FPCc
80287448:adaptor_setVariableValue_FVR_INDEX___Q27JStudio8TAdaptorFPQ27JStudio8TAdaptorPQ27JStudio8TControlUlPCvUl
802873DC:adaptor_setVariableValue_FVR_NAME___Q27JStudio8TAdaptorFPQ27JStudio8TAdaptorPQ27JStudio8TControlUlPCvUl
802870AC:adaptor_setVariableValue_GXColor__Q27JStudio8TAdaptorFPCUlRC8_GXColor
80287384:adaptor_setVariableValue_IMMEDIATE___Q27JStudio8TAdaptorFPQ27JStudio8TAdaptorPQ27JStudio8TControlUlPCvUl
802873B0:adaptor_setVariableValue_TIME___Q27JStudio8TAdaptorFPQ27JStudio8TAdaptorPQ27JStudio8TControlUlPCvUl
8028736C:adaptor_setVariableValue_VOID___Q27JStudio8TAdaptorFPQ27JStudio8TAdaptorPQ27JStudio8TControlUlPCvUl
80287004:adaptor_setVariableValue_Vec__Q27JStudio8TAdaptorFPCUlRC3Vec
80286E2C:adaptor_setVariableValue__Q27JStudio8TAdaptorFPQ27JStudio8TControlUlQ37JStudio4data15TEOperationDataPCvUl
80286FC0:adaptor_setVariableValue_immediate__Q27JStudio8TAdaptorFPCQ37JStudio8TAdaptor27TSetVariableValue_immediate
80286ECC:adaptor_setVariableValue_n__Q27JStudio8TAdaptorFPQ27JStudio8TControlPCUlUlQ37JStudio4data15TEOperationDataPCvUl
802872D8:adaptor_updateVariableValue__Q27JStudio8TAdaptorFPQ27JStudio8TControlUl
80195588:addAlpha__16dSelect_cursor_cFv
8009BA70:addBombCount__FUcUc
80034044:addBottleNum__24dSv_player_item_record_cFUcs
80229BDC:addCharactor__19jmessage_tReferenceFUs
8022FEFC:addCharactor__26jmessage_string_tReferenceFUs
80313558:addChildPacket__9J3DPacketFP9J3DPacket
80244620:addCountGuide__14dMsgScrnHowl_cFs
802445FC:addCount__14dMsgScrnHowl_cFs
8009BDE4:addData__7dTres_cFPQ27dTres_c10list_classSc
800345A4:addFishCount__18dSv_fishing_info_cFUc
801BABCC:addGoldFrameAlphaRate__14dMenu_DmapBg_cFv
8022FF38:addLineLength__26jmessage_string_tReferenceFif
800490A0:addModel__15dSmplMdl_draw_cFP12J3DModelDataiUc
8005604C:addReal__21dDlst_shadowControl_cFUlP8J3DModel
8031301C:addResTIMG__10J3DTextureFUsPC7ResTIMG
80237C64:addSelectBomBag__12dMsgObject_cFUc
80313804:addShapePacket__12J3DMatPacketFP14J3DShapePacket
8002CB98:addSimpleModel__14dComIfG_play_cFP12J3DModelDataiUc
8004BB70:addTable__Q213dPa_control_c7level_cFPQ313dPa_control_c7level_c9emitter_c
80315774:addTexMtxIndexInDL__12J3DShapeDrawFUlUlUl
803159B8:addTexMtxIndexInDL__8J3DShapeF7_GXAttrUl
80315ABC:addTexMtxIndexInVcd__8J3DShapeF7_GXAttr
8003D8C0:addTypeGroupData__26fmpTresTypeGroupDataList_cFUcPCQ27dTres_c6data_s
8003A970:addWarpMaterial__FP12J3DModelData
80055304:add__18dDlst_shadowReal_cFP8J3DModel
802F7DB4:add__7J2DPaneFff
80024BEC:add__Q220dStage_roomControl_c9roomDzs_cFUcUc
80031238:add__Q27daSus_c6room_cFPQ27daSus_c6data_c
80426920:add_table$7951
80426980:add_table$8941
80015998:addition__17mDoDvdThd_param_cFP19mDoDvdThd_command_c
802E7B3C:addrToXPos__FPvi
801AE20C:adjustHeap__10dThunder_cFv
802E6AC4:adjustMeterLength__10JUTProcBarFUlPfffPi
801517E0:adjustMoveDisAngle__15daNpcF_Lookat_cFRssss
8014F598:adjustShapeAngle__11daBaseNpc_cFv
80155DC8:adjustShapeAngle__8daNpcF_cFv
802D19F4:adjustSize__12JKRSolidHeapFv
8004642C:advanceCutLocal__11dEvDtBase_cFP12dEvDtStaff_c
800463BC:advanceCut__11dEvDtBase_cFP12dEvDtEvent_c
800442A0:advanceCut__12dEvDtStaff_cFi
80028A78:afterDrawPath__15renderingAmap_cFv
801C0F10:afterDrawPath__15renderingDmap_cFv
801CF82C:afterDrawPath__15renderingFmap_cFv
80040648:afterDrawPath__19renderingPlusDoor_cFv
8004042C:afterDrawPath__28renderingPlusDoorAndCursor_cFv
80041A94:afterFlagProc__14dEvt_control_cFP12dEvt_order_c
8014CE54:afterJntAnm__8daNpcT_cFi
8014CE24:afterMoved__8daNpcT_cFv
8014CEAC:afterSetFaceMotionAnm__8daNpcT_cFiifi
8014CEEC:afterSetMotionAnm__8daNpcT_cFiifi
802BFB68:ageSounds___15Z2SoundObjAnimeFv
80397F50:ageha_tag$4250
80398878:al0_n$5218
803988A8:al1_n$5219
803988D8:al2_n$5220
80398908:al3_n$5221
802DD170:align__20JSURandomInputStreamFl
800AD37C:allAnimePlay__9daAlink_cFv
8014F434:allAnmPlay__11daBaseNpc_cFv
8004BA18:allForceOnEventMove__Q213dPa_control_c7level_cFv
80046DCC:allOffObjectCallBack__FP10fopAc_ac_cPv
800B9A48:allUnequip__9daAlink_cFi
801C7DE8:all_map_init__12dMenu_Fmap_cFv
801C7EF0:all_map_proc__12dMenu_Fmap_cFv
801D2088:allmap_move2__18dMenu_Fmap2DBack_cFP9STControl
802DE450:allocArea__12JUTCacheFontFPvUlP7JKRHeap
802DE604:allocArray__12JUTCacheFontFP7JKRHeap
802D1674:allocBack__Q210JKRExpHeap9CMemBlockFUlUcUcUcUc
80325D70:allocBuffer__13J3DDrawBufferFUl
80290650:allocCallStack__13JASTaskThreadFPFPv_vPCvUl
802907EC:allocCallStack__13JASTaskThreadFPFPv_vPv
8029E2BC:allocForce__13JASDSPChannelFUcPFUlPQ26JASDsp8TChannelPv_lPv
802D1630:allocFore__Q210JKRExpHeap9CMemBlockFUlUcUcUcUc
802D0290:allocFromHead__10JKRExpHeapFUl
802D0034:allocFromHead__10JKRExpHeapFUli
802D3E34:allocFromHead__11JKRAramHeapFUl
802D1B58:allocFromHead__12JKRSolidHeapFUli
802D04D4:allocFromTail__10JKRExpHeapFUl
802D0374:allocFromTail__10JKRExpHeapFUli
802D3EBC:allocFromTail__11JKRAramHeapFUl
802D1C20:allocFromTail__12JKRSolidHeapFUli
802D4234:allocHead__12JKRAramBlockFUlUcP11JKRAramHeap
802D42D0:allocTail__12JKRAramBlockFUlUcP11JKRAramHeap
802911F4:allocTail__7JASHeapFP7JASHeapUl
8031232C:allocTransformedVtxNrmArray__15J3DVertexBufferFv
80312278:allocTransformedVtxPosArray__15J3DVertexBufferFv
803386D8:allocVcdVatCmdBuffer__15J3DShapeFactoryFUl
802D3DBC:alloc__11JKRAramHeapFUlQ211JKRAramHeap10EAllocMode
8029E24C:alloc__13JASDSPChannelFUcPFUlPQ26JASDsp8TChannelPv_lPv
80291748:alloc__17JASGenericMemPoolFUl
8029101C:alloc__7JASHeapFP7JASHeapUl
802CF2D4:alloc__7JKRHeapFUli
802CF274:alloc__7JKRHeapFUliP7JKRHeap
80229C9C:allsetCharCountBuffer__19jmessage_tReferenceFv
80204224:alphaAnimeButton3DB__14dMeterButton_cFUlb
80203984:alphaAnimeButton3D__14dMeterButton_cFUlb
8020462C:alphaAnimeButtonAB__14dMeterButton_cFUlb
8020411C:alphaAnimeButtonAR__14dMeterButton_cFUlb
80203588:alphaAnimeButtonA__14dMeterButton_cFUlb
80203660:alphaAnimeButtonB__14dMeterButton_cFUlb
802049BC:alphaAnimeButtonBin__14dMeterButton_cFUlb
80203A7C:alphaAnimeButtonC__14dMeterButton_cFUlb
80225784:alphaAnimeButtonCross__9dMeter2_cFv
8020432C:alphaAnimeButtonNURE__14dMeterButton_cFUlb
802048E4:alphaAnimeButtonNunC__14dMeterButton_cFUlb
8020480C:alphaAnimeButtonNunZ__14dMeterButton_cFUlb
80203DE0:alphaAnimeButtonNun__14dMeterButton_cFUlb
8020376C:alphaAnimeButtonR__14dMeterButton_cFUlb
8020453C:alphaAnimeButtonReel2__14dMeterButton_cFUlb
80204434:alphaAnimeButtonReel__14dMeterButton_cFUlb
80204008:alphaAnimeButtonRemo2__14dMeterButton_cFUlb
80203EF4:alphaAnimeButtonRemo__14dMeterButton_cFUlb
80203B3C:alphaAnimeButtonS__14dMeterButton_cFUlb
8020471C:alphaAnimeButtonTate__14dMeterButton_cFUlb
80203BB8:alphaAnimeButtonX__14dMeterButton_cFUlb
80203CCC:alphaAnimeButtonY__14dMeterButton_cFUlb
80203870:alphaAnimeButtonZ__14dMeterButton_cFUlb
802253B8:alphaAnimeButton__9dMeter2_cFv
8020C164:alphaAnimeHaihai__14dMeterHaihai_cFUl
8020CF1C:alphaAnimeHakusha__15dMeterHakusha_cFUl
80224CC8:alphaAnimeKantera__9dMeter2_cFv
80225234:alphaAnimeKey__9dMeter2_cFv
80224BA8:alphaAnimeLife__9dMeter2_cFv
80225030:alphaAnimeLightDrop__9dMeter2_cFv
802563EC:alphaAnimeLoop__13CPaneMgrAlphaFsUcUcUc
80224E70:alphaAnimeOxygen__9dMeter2_cFv
80225084:alphaAnimeRupee__9dMeter2_cFv
80256300:alphaAnime__13CPaneMgrAlphaFsUcUcUc
80073134:alphaAnm__10dAttDraw_cFv
803BD228:amariheartTex$3880
80452634:ang_table$4418
803AB91C:ang_table2$4419
801450E8:animEntry__12daItemBase_cFv
80145248:animPlay__12daItemBase_cFffffff
80304170:animationPane__11J2DWindowExFPC15J2DAnmTransform
80307A70:animationPane__12J2DPictureExFPC15J2DAnmTransform
8030976C:animationPane__12J2DTextBoxExFPC15J2DAnmTransform
802F9028:animationPane__7J2DPaneFPC15J2DAnmTransform
801B1E94:animationSet__17dMenu_Collect2D_cFv
802F8E80:animationTransform__7J2DPaneFPC15J2DAnmTransform
802F8DCC:animationTransform__7J2DPaneFv
80159034:animation__10daNpcCd2_cFi
802EBA78:animation__11J2DMaterialFv
80195C94:animation__14dSelect_icon_cFv
802FA490:animation__9J2DScreenFv
80156FC8:animation__9daNpcCd_cFv
80190D50:animeEntry__16dFile_select3D_cFv
801B7208:animeEntry__17dMenu_Collect3D_cFv
80456F38:animeFrame$5017
80190C20:animePlay__16dFile_select3D_cFv
801B70C8:animePlay__17dMenu_Collect3D_cFv
800AD334:animePlay__9daAlink_cFP15J3DAnmTransformP16daPy_frameCtrl_c
80260974:anime__21dDlst_TimerScrnDraw_cFv
803931D8:anmIdx$19945
80433500:aoData$1265
80433450:aoData$1517
800390F0:appendActor__14dDemo_object_cFP10fopAc_ac_c
802A5880:appendBankTable__22JAUBankTableDictionaryFP23JSULink<12JAUBankTable>
802F746C:appendChild__7J2DPaneFP7J2DPane
8032FF3C:appendChild__8J3DJointFP8J3DJoint
802E9040:appendConsole__17JUTConsoleManagerFP10JUTConsole
80286360:appendCreateObject__Q27JStudio8TFactoryFPQ27JStudio13TCreateObject
802A798C:appendDynamicSeqDataBlock__23JAUDynamicSeqDataBlocksFP15JAUSeqDataBlock
800392E8:appendLight__14dDemo_object_cFv
802E490C:appendMapFile__12JUTExceptionFPCc
80281E60:appendObject__Q37JStudio3ctb8TControlFPQ37JStudio3ctb7TObject
80285504:appendObject__Q37JStudio3fvb8TControlFPQ37JStudio3fvb7TObject
8028A028:appendObject__Q37JStudio3stb8TControlFPQ37JStudio3stb7TObject
802D0BCC:appendUsedList__10JKRExpHeapFPQ210JKRExpHeap9CMemBlock
80300008:append__10J2DPictureFP10JUTTexturef
80300038:append__10J2DPictureFPC7ResTIMGP10JUTPalettef
801BDF98:append__10J2DPictureFPC7ResTIMGf
803000F0:append__10J2DPictureFPCcP10JUTPalettef
800203E0:append__10J2DPictureFPCcf
802DCD4C:append__10JSUPtrListFP10JSUPtrLink
80304CEC:append__12J2DPictureExFP10JUTTexturef
80304C5C:append__12J2DPictureExFPC7ResTIMGP10JUTPalettef
80307CD4:append__12J2DPictureExFPC7ResTIMGf
80304CA4:append__12J2DPictureExFPCcP10JUTPalettef
80307D04:append__12J2DPictureExFPCcf
802A77D8:append__16JAUSeqDataBlocksFP26JSULink<15JAUSeqDataBlock>
80293D90:append__Q28JASTrack5TListFP8JASTrack
80453624:apploaderPosition$69
8045273C:aramAudioBufSize__Q29JFWSystem11CSetUpParam
80452740:aramGraphBufSize__Q29JFWSystem11CSetUpParam
802D33B4:aramToMainRam__7JKRAramFUlPUcUl15JKRExpandSwitchUlP7JKRHeapiPUl
80452C28:aram_cache_size
80452D5C:arcName$4309
803BBD80:arcName$4622
8043265C:arcName$6106
80452BF4:archiveHeap
80452BC4:archiveHeapErrors
80397A88:area_name$5814
803936C0:arm1Vec$56040
803936CC:arm2Vec$56041
804551E8:armJointTable$56027
801CD724:arrowPosInit__12dMenu_Fmap_cFv
802392D8:arwAnimeInit__14dMsgScrnBase_cFv
802405D4:arwAnimeInit__14dMsgScrnItem_cFv
80248794:arwAnimeInit__14dMsgScrnTalk_cFv
8023C4D8:arwAnimeInit__15dMsgScrnArrow_cFv
802392D4:arwAnimeMove__14dMsgScrnBase_cFv
802405F8:arwAnimeMove__14dMsgScrnItem_cFv
802487B8:arwAnimeMove__14dMsgScrnTalk_cFv
8023C534:arwAnimeMove__15dMsgScrnArrow_cFv
802A0664:asSe__5JAISeFv
802A33D8:asSe__8JAISoundFv
802A2568:asSeq__6JAISeqFv
802A33E0:asSeq__8JAISoundFv
802A33E8:asStream__8JAISoundFv
802A48CC:asStream__9JAIStreamFv
8036D530:asin
8044CA00:asinAcosTable___5JMath
802927F4:assignExtBuffer__8JASTrackFUlP14JASSoundParams
802E19BC:assign__10JUTGamePadFv
80397C68:ast_c$5856
80397DA8:ast_c$6233
80087B88:at_power_check__FP11dCcU_AtInfo
800876C4:at_power_get__FP11dCcU_AtInfo
8036CAD4:atan
8036D550:atan2
80267F28:atan2sX_Z__4cXyzCFv
80267F50:atan2sY_XZ__4cXyzCFv
8044B9E0:atanTable___5JMath
803A42D0:atanhi
803A42F0:atanlo
80392F7C:atnFinishType$6979
80392F40:atnNormalType1$6976
80392F54:atnNormalType2$6977
80392F68:atnNormalType3$6978
803C5730:atntable
802A2FBC:attachHandle__8JAISoundFP14JAISoundHandle
802DF3B0:attachPalette__10JUTTextureFP10JUTPalette
80016F6C:attach__15mDoMemCd_Ctrl_cFv
801E4230:atten_init__14dMenu_Option_cFv
801E4288:atten_move__14dMenu_Option_cFv
8009784C:attentionPos__9dCamera_cFP10fopAc_ac_c
8014F1B0:attnSttsOn__11daBaseNpc_cFii
80452630:attn_opt_hold
8043359C:audioAramHeap__9JASKernel
80433F40:audio_task
800BD908:autoGroundHit__9daAlink_cFv
804529AC:autoInvalidation
80455110:bFootJoint$44786
80097DA4:bSpline2__10dPathCurveFf
8009557C:bSplineEvCamera__9dCamera_cFv
80399A80:b_tag$3950
804525B8:backColor$3972
8018ACD0:backDatSelPaneMove__14dFile_select_cFv
8018AF44:backDatSelWait2__14dFile_select_cFv
8018AE48:backDatSelWait__14dFile_select_cFv
800C590C:backJumpSpeedDec__9daAlink_cFv
80187A30:backNameInputMove0__14dFile_select_cFv
80187B14:backNameInputMove__14dFile_select_cFv
801F1D0C:backSaveQuestion2__12dMenu_save_cFv
801F1C6C:backSaveQuestionInitSet__12dMenu_save_cFv
801F1CA0:backSaveQuestion__12dMenu_save_cFv
80187D50:backSelectMove__14dFile_select_cFv
80250A10:backSpace__7dName_cFv
802E6930:bar_subroutine__10JUTProcBarFiiiiiiiQ28JUtility6TColorQ28JUtility6TColor
801921E0:baseMoveAnm__15dFile_warning_cFv
802792F0:basePlaneTypeXY__FPA4_fff
8027933C:basePlaneTypeXZ__FPA4_fff
80279388:basePlaneTypeX__FPA4_fff
801B9434:baseScreenInit__14dMenu_DmapBg_cFv
80399C60:base_tag$4933
800CC4A4:basicModelDraw__9daAlink_cFP8J3DModel
802B59D0:battleBgmFramework__8Z2SeqMgrFv
8045379C:bb2
8044E978:bb2Buf
80399740:bboxPosX$3881
80399758:bboxPosY$3882
80399728:bboxScale$3880
803BD3FC:bck_name$3685
803BE3FC:bck_name$7583
803BE41C:bck_name$7687
803BCFE4:bck_name$8688
803BD004:bck_name$8791
80290154:bcopy__7JASCalcFPCvPvUl
80290118:bcopyfast__7JASCalcFPCvPvUl
802CF238:becomeCurrentHeap__7JKRHeapFv
802D6838:becomeCurrent__10JKRArchiveFPCc
802D5B44:becomeCurrent__12JKRFileCacheFPCc
802CF228:becomeSystemHeap__7JKRHeapFv
80028A08:beforeDrawPath__15renderingAmap_cFv
801C283C:beforeDrawPath__15renderingDmap_cFv
801CF828:beforeDrawPath__15renderingFmap_cFv
8004158C:beforeDrawPath__19renderingPlusDoor_cFv
80041A64:beforeFlagProc__14dEvt_control_cFP12dEvt_order_c
8014CE28:beforeMove__8daNpcT_cFv
800435FC:beforeProc__11dEvt_info_cFv
8019AF40:beforeSelectSeqAction__13dShopSystem_cFP10dMsgFlow_ci
8019AF38:beforeStartSeqAction__13dShopSystem_cFP10dMsgFlow_ci
802A5790:beginBNKList__17JAUAudioArcLoaderFUlUl
80313444:beginDL__17J3DDisplayListObjFv
80313824:beginDiff__12J3DMatPacketFv
802A6AAC:beginNewBankTable__10JAUSectionFUlUl
8028FF08:beginParticle_fadeIn___Q217JStudio_JParticle17TAdaptor_particleFv
803134F4:beginPatch__17J3DDisplayListObjFv
80273598:beginRender__10JFWDisplayFv
80007F90:beginRender__13mDoGph_gInf_cFv
8028EDA4:beginSound_fadeIn___Q215JStudio_JAudio214TAdaptor_soundFv
802A2D58:beginStartSeq___9JAISeqMgrFv
8015EA88:bgCheckAfterOffset__20daPy_boomerangMove_cFPC4cXyz
80452F8C:bgWaitFlg$58404
8015D940:bg_check__8daItem_cFv
8039335C:bgmLabel$37391
802B6C88:bgmNowBattle__8Z2SeqMgrFf
802B6C84:bgmSetSwordUsing__8Z2SeqMgrFl
802AFE10:bgmStart__8Z2SeqMgrFUlUll
802B0208:bgmStop__8Z2SeqMgrFUll
802B0BEC:bgmStreamCheckReady__8Z2SeqMgrFv
802B0C18:bgmStreamPlay__8Z2SeqMgrFv
802B0994:bgmStreamPrepare__8Z2SeqMgrFUl
802B0CDC:bgmStreamStop__8Z2SeqMgrFUl
8019EAAC:bgparts_activelight_init__Fv
80354D54:bitrev
804526E8:black$4166
8039A278:black_color$4634
8039A5F0:black_color$4675
8037BFC0:black_tex
801C4784:blinkMove__16dMenuMapCommon_cFs
803BD3EC:blo_name$3684
8044E9B8:block$18
8018148C:blureCamera__9dCamera_cFv
80259988:bmg_data_set__10dScnName_cFv
803C1008:bmg_filename$3954
800EF568:boarForceGetOff__9daAlink_cFv
8039313C:boarLocalLeft$17681
80393148:boarLocalRight$17682
80393184:boarRideOffset$19147
80105D64:boardCommon__9daAlink_cFi
80393798:boardLocalEyeFromRoot$59879
803B4A74:bodyBrkName$69118
801F14B8:bookIconAnm__12dMenu_save_cFv
80184AAC:bookIconAnm__14dFile_select_cFv
80453748:bootInfo
80453660:bootThisDol
8029E758:boot__6JASDspFPFPv_v
80453C98:borderColor0$3975
80456194:borderColor0$4169
80453C9C:borderColor1$3976
80456198:borderColor1$4170
80396EC8:boss_tag$4934
8010E698:bottleModelCallBack__9daAlink_cFv
80393214:bottleTop$32160
80393828:bottleTopPos$61387
80453858:bound_32KHz
80453860:bound_48KHz
803A4060:bp
803BD40C:bpk_name$3686
800388D8:branchFile__FPCc
8024B3F8:branchNodeProc__10dMsgFlow_cFP10fopAc_ac_cPP10fopAc_ac_c
80039E7C:branch__7dDemo_cFv
803BD2B4:brightChackProc
80259DB0:brightCheckOpen__10dScnName_cFv
80259DE4:brightCheck__10dScnName_cFv
803BE40C:brk_name$7584
803BE42C:brk_name$7688
803BCFF4:brk_name$8689
803BD014:brk_name$8792
8009700C:bspTransEvCamera__9dCamera_cFv
803BD42C:btk2_name$3688
801B1F38:btkAnimeLoop0__17dMenu_Collect2D_cFP19J2DAnmTextureSRTKey
801D70BC:btkAnimeLoop__17dMenu_Fmap2DTop_cFP19J2DAnmTextureSRTKeyf
801D4CA4:btkAnimeLoop__18dMenu_Fmap2DBack_cFf
8014F34C:btkCtrl__11daBaseNpc_cFv
803BD41C:btk_name$3687
80425F70:buf$7371
80453878:buffer
803DF440:buffer__14mDoMtx_stack_c
8003E010:buildFmapRegionData__24dMenu_Fmap_region_data_cFi
8003DA5C:buildFmapRoomData__22dMenu_Fmap_room_data_cFiiffff
8003DB08:buildFmapStageData__23dMenu_Fmap_stage_data_cFiff
8003E17C:buildFmapWorldData__23dMenu_Fmap_world_data_cFv
8003D998:buildTresTypeGroup__22dMenu_Fmap_room_data_cFiii
80166970:bumpCheck__9dCamera_cFUl
801B8C64:buttonIconScreenInit__14dMenu_DmapBg_cFv
802E7BA4:byteToXLen__Fii
80290280:bzero__7JASCalcFPvUl
80290254:bzerofast__7JASCalcFPvUl
803CF820:c2r$1302
803D47B0:c2r$334
803CE5E0:c3bcnt
802640AC:cAPICPad_ANY_BUTTON__FUl
8026408C:cAPICPad_recalibrate__Fv
80264128:cAPIGph_AfterOfDraw__Fv
802640F8:cAPIGph_BeforeOfDraw__Fv
802640C8:cAPIGph_Painter__Fv
8045284E:cBeginHowlTime
80268FE4:cBgW_CheckBGround__Ff
80268FFC:cBgW_CheckBRoof__Ff
80269010:cBgW_CheckBWall__Ff
80018484:cCc_Init__Fv
80266C1C:cCt_Counter__Fi
80018350:cDmrNowMidnaTalk__Fv
80452C5F:cDmr_FishingWether
80452C58:cDmr_SkipInfo
80452C70:cDyl_DVD
80018840:cDyl_InitAsyncIsDone__Fv
8001880C:cDyl_InitAsync__Fv
80018730:cDyl_InitCallback__FPv
80452C6C:cDyl_Initialized
800185EC:cDyl_IsLinked__Fs
80018668:cDyl_LinkASync__Fs
80018624:cDyl_Unlink__Fs
804577F8:cEqualCSlope__6Z2Calc
804577FC:cEqualPSlope__6Z2Calc
80270880:cLib_addCalc0__FPfff
8027083C:cLib_addCalc2__FPffff
80271408:cLib_addCalcAngleS2__FPssss
80271340:cLib_addCalcAngleS__FPsssss
80270F78:cLib_addCalcPos2__FP4cXyzRC4cXyzff
80271150:cLib_addCalcPosXZ2__FP4cXyzRC4cXyzff
80270BF4:cLib_addCalcPosXZ__FP4cXyzRC4cXyzfff
802708B8:cLib_addCalcPos__FP4cXyzRC4cXyzfff
801A22E8:cLib_addCalcU8__FPUcUcss
8027077C:cLib_addCalc__FPfffff
802538F8:cLib_calcTimer<Sc>__FPSc
80141CF4:cLib_calcTimer<Uc>__FPUc
80259354:cLib_calcTimer<Us>__FPUs
8014D554:cLib_calcTimer<i>__FPi
8024E154:cLib_calcTimer<l>__FPl
8014D538:cLib_calcTimer<s>__FPs
80271990:cLib_chaseAngleS__FPsss
80271540:cLib_chaseF__FPfff
80271790:cLib_chasePosXZ__FP4cXyzRC4cXyzf
802715AC:cLib_chasePos__FP4cXyzRC4cXyzf
802714D0:cLib_chaseS__FPsss
8027145C:cLib_chaseUC__FPUcUcUc
80271C24:cLib_distanceAngleS__Fss
8014D570:cLib_getRndValue<i>__Fii
8027073C:cLib_memCpy__FPvPCvUl
8027075C:cLib_memSet__FPviUl
80271BC0:cLib_offsetPos__FP4cXyzPC4cXyzsPC4cXyz
80271A74:cLib_targetAngleX__FPC4cXyzPC4cXyz
80271A04:cLib_targetAngleY__FPC3VecPC3Vec
80271A3C:cLib_targetAngleY__FRC3VecRC3Vec
80266E98:cLsIt_Judge__FP15node_list_classPFP10node_classPv_PvPv
80266E60:cLsIt_Method__FP15node_list_classPFP10node_classPv_iPv
80266CFC:cLs_Addition__FP15node_list_classP10node_class
80266E40:cLs_Create__FP15node_list_class
80266DF8:cLs_GetFirst__FP15node_list_class
80266C64:cLs_Init__FP15node_list_class
80266D70:cLs_Insert__FP15node_list_classiP10node_class
80266C78:cLs_SingleCut__FP10node_class
80269060:cM2d_CrossCirLin__FR8cM2dGCirffffPfPf
8026F4F0:cM3d_2PlaneCrossLine__FRC8cM3dGPlaRC8cM3dGPlaP8cM3dGLin
8026F938:cM3d_2PlaneLinePosNearPos__FRC8cM3dGPlaRC8cM3dGPlaPC3VecP3Vec
8026F6A0:cM3d_3PlaneCrossPos__FRC8cM3dGPlaRC8cM3dGPlaRC8cM3dGPlaP3Vec
8026971C:cM3d_CalcPla__FPC3VecPC3VecPC3VecP3VecPf
8026CC5C:cM3d_CalcSphVsTriCrossPoint__FPC8cM3dGSphPC8cM3dGTriP3Vec
8026F2FC:cM3d_CalcVecAngle__FRC3VecPsPs
8026F370:cM3d_CalcVecZAngle__FRC3VecP5csXyz
80269A5C:cM3d_Check_LinLin__FPC8cM3dGLinPC8cM3dGLinPfPf
8026F9BC:cM3d_CrawVec__FRC3VecRC3VecP3Vec
80269CD4:cM3d_CrossInfLineVsInfPlane_proc__FffPC3VecPC3VecP3Vec
8026AF60:cM3d_CrossX_LinTri_proc__FPC8cM3dGTriPC3Vec
8026ADBC:cM3d_CrossX_Tri__FPC8cM3dGTriPC3Vec
8026AC18:cM3d_CrossX_Tri__FPC8cM3dGTriPC3Vecf
8026B288:cM3d_CrossY_LinTri_proc__FPC8cM3dGTriPC3Vec
8026B5B8:cM3d_CrossY_Tri_Front__FRC3VecRC3VecRC3VecPC3Vec
8026B0E4:cM3d_CrossY_Tri__FPC8cM3dGTriPC3Vec
8026B8E8:cM3d_CrossY_Tri__FPC8cM3dGTriPC3VecPC10cM3d_RangePf
8026B6C0:cM3d_CrossY_Tri__FPC8cM3dGTriPC3VecPf
8026B744:cM3d_CrossY_Tri__FPC8cM3dGTriPC3Vecf
8026B40C:cM3d_CrossY_Tri__FRC3VecRC3VecRC3VecRC8cM3dGPlaPC3Vec
8026BD20:cM3d_CrossZ_LinTri_proc__FPC8cM3dGTriPC3Vec
8026BB7C:cM3d_CrossZ_Tri__FPC8cM3dGTriPC3Vec
8026B9D8:cM3d_CrossZ_Tri__FPC8cM3dGTriPC3Vecf
802697E8:cM3d_Cross_AabAab__FPC8cM3dGAabPC8cM3dGAab
8026990C:cM3d_Cross_AabCyl__FPC8cM3dGAabPC8cM3dGCyl
802699B4:cM3d_Cross_AabSph__FPC8cM3dGAabPC8cM3dGSph
8026DF14:cM3d_Cross_CpsCps__FRC8cM3dGCpsRC8cM3dGCpsP3Vec
8026E1D4:cM3d_Cross_CpsCyl__FRC8cM3dGCpsRC8cM3dGCylP3Vec
8026E8E0:cM3d_Cross_CpsSph_CrossPos__FRC8cM3dGCpsRC8cM3dGSphRC3VecP3Vec
8026EA3C:cM3d_Cross_CpsSph__FRC8cM3dGCpsRC8cM3dGSphP3Vec
8026EF2C:cM3d_Cross_CpsTri__FRC8cM3dGCps8cM3dGTriP3Vec
8026D1B4:cM3d_Cross_CylCyl__FPC8cM3dGCylPC8cM3dGCylP3Vec
8026D02C:cM3d_Cross_CylCyl__FPC8cM3dGCylPC8cM3dGCylPf
8026D744:cM3d_Cross_CylLin__FPC8cM3dGCylPC8cM3dGLinP3VecP3Vec
8026DE44:cM3d_Cross_CylPntPnt__FPC8cM3dGCylPC3VecPC3VecP3VecP3Vec
8026DEB0:cM3d_Cross_CylPnt__FPC8cM3dGCylPC3Vec
8026C848:cM3d_Cross_CylSph__FPC8cM3dGCylPC8cM3dGSphP3VecPf
8026C6A4:cM3d_Cross_CylSph__FPC8cM3dGCylPC8cM3dGSphPf
8026D3D0:cM3d_Cross_CylTri__FPC8cM3dGCylPC8cM3dGTriP3Vec
80269D34:cM3d_Cross_LinPla__FPC8cM3dGLinPC8cM3dGPlaP3Vecbb
8026C2E8:cM3d_Cross_LinSph_CrossPos__FRC8cM3dGSphRC8cM3dGLinP3VecP3Vec
8026C080:cM3d_Cross_LinSph__FPC8cM3dGLinPC8cM3dGSphP3Vec
8026BF7C:cM3d_Cross_LinTri_Easy__FPC8cM3dGTriPC3Vec
8026BEA4:cM3d_Cross_LinTri__FPC8cM3dGLinPC8cM3dGTriP3Vecbb
80269E50:cM3d_Cross_MinMaxBoxLine__FPC3VecPC3VecPC3VecPC3Vec
8026C038:cM3d_Cross_SphPnt__FPC8cM3dGSphPC3Vec
8026CB88:cM3d_Cross_SphSph__FPC8cM3dGSphPC8cM3dGSphP3Vec
8026CA7C:cM3d_Cross_SphSph__FPC8cM3dGSphPC8cM3dGSphPf
8026CAFC:cM3d_Cross_SphSph__FPC8cM3dGSphPC8cM3dGSphPfPf
8026CD04:cM3d_Cross_SphTri__FPC8cM3dGSphPC8cM3dGTriP3Vec
8026EC2C:cM3d_Cross_TriTri__FRC8cM3dGTriRC8cM3dGTriP3Vec
80269360:cM3d_InDivPos1__FPC3VecPC3VecfP3Vec
802693B0:cM3d_InDivPos2__FPC3VecPC3VecfP3Vec
8026AB64:cM3d_InclusionCheckPosIn3PosBox2d__Ffffffffff
8026AA2C:cM3d_InclusionCheckPosIn3PosBox3d__FPC3VecPC3VecPC3VecPC3Vecf
8026942C:cM3d_Len2dSqPntAndSegLine__FffffffPfPfPf
80269414:cM3d_Len2dSq__Fffff
80269510:cM3d_Len3dSqPntAndSegLine__FPC8cM3dGLinPC3VecP3VecPf
8026F4C4:cM3d_PlaneCrossLineProcWork__FfffffffPfPf
80269614:cM3d_SignedLenPlaAndPos__FPC8cM3dGPlaPC3Vec
80269694:cM3d_VectorProduct2d__Fffffff
802696B4:cM3d_VectorProduct__FPC4cXyzPC4cXyzPC4cXyzP4cXyz
8026F780:cM3d_lineVsPosSuisenCross__FPC8cM3dGLinPC3VecP3Vec
8026F85C:cM3d_lineVsPosSuisenCross__FRC3VecRC3VecRC3VecP3Vec
80268614:cM_atan2f__Fff
80268474:cM_atan2s__Fff
802687D4:cM_initRnd2__Fiii
8026865C:cM_initRnd__Fiii
802683E4:cM_rad2s__Ff
802687E4:cM_rnd2__Fv
802688CC:cM_rndF2__Ff
80268904:cM_rndFX2__Ff
8026878C:cM_rndFX__Ff
80268754:cM_rndF__Ff
8026866C:cM_rnd__Fv
800D01CC:cMtx_multVec__FPA4_CfPC3VecP3Vec
802671B4:cNdIt_Judge__FP10node_classPFP10node_classPv_PvPv
80267124:cNdIt_Method__FP10node_classPFP10node_classPv_iPv
80267010:cNd_Addition__FP10node_classP10node_class
802670D8:cNd_ClearObject__FP10node_class
80267110:cNd_Create__FP10node_classPv
80266FF0:cNd_Cut__FP10node_class
80266F0C:cNd_First__FP10node_class
802670FC:cNd_ForcedClear__FP10node_class
80267044:cNd_Insert__FP10node_classP10node_class
80266ED0:cNd_Join__FP10node_classP10node_class
80266F3C:cNd_Last__FP10node_class
80266EDC:cNd_LengthOf__FP10node_class
80266F6C:cNd_Order__FP10node_classi
802670B0:cNd_SetObject__FP10node_classPv
80266FBC:cNd_SingleCut__FP10node_class
80453318:cNearFarRatio
80267468:cPhs_Compleate__FP30request_of_phase_process_class
802674D8:cPhs_Do__FP30request_of_phase_process_classPv
802675AC:cPhs_Handler__FP30request_of_phase_process_classPPFPv_iPv
80267478:cPhs_Next__FP30request_of_phase_process_class
80267424:cPhs_Reset__FP30request_of_phase_process_class
80267430:cPhs_Set__FP30request_of_phase_process_classPPFPv_i
80267440:cPhs_UnCompleate__FP30request_of_phase_process_class
80452844:cPitchCenter
80452840:cPitchDown
80452848:cPitchUp
80452850:cR_FlatWidth
80267630:cReq_Command__FP18request_base_classUc
80267650:cReq_Create__FP18request_base_classUc
80267600:cReq_Done__FP18request_base_class
802675D4:cReq_Is_Done__FP18request_base_class
8039D6A0:cResetFilterTable
802678B0:cTgIt_JudgeFilter__FP16create_tag_classP12judge_filter
8026787C:cTgIt_MethodCall__FP16create_tag_classP13method_filter
802676CC:cTg_AdditionToTree__FP21node_lists_tree_classiP16create_tag_class
802677E4:cTg_Addition__FP15node_list_classP16create_tag_class
80267834:cTg_Create__FP16create_tag_classPv
8026776C:cTg_GetFirst__FP15node_list_class
8026771C:cTg_InsertToTree__FP21node_lists_tree_classiP16create_tag_classi
80267680:cTg_IsUse__FP16create_tag_class
8026768C:cTg_SingleCutFromTree__FP16create_tag_class
802677A4:cTg_SingleCut__FP16create_tag_class
802673B4:cTrIt_Judge__FP21node_lists_tree_classPFP10node_classPv_PvPv
80267340:cTrIt_Method__FP21node_lists_tree_classPFP10node_classPv_iPv
80267260:cTr_Addition__FP21node_lists_tree_classiP10node_class
802672E8:cTr_Create__FP21node_lists_tree_classP15node_list_classi
802672A4:cTr_Insert__FP21node_lists_tree_classiP10node_classi
80267240:cTr_SingleCut__FP10node_class
80396DB8:c_tag$4155
80396E18:c_tag$4229
80398F88:c_text$4022
80398FD8:c_text1$4029
8004C21C:calc2D__13dPa_control_cFv
8004C1A8:calc3D__13dPa_control_cFv
8027CBEC:calcAffect__12JPAFieldBaseFP13JPAFieldBlockP15JPABaseParticle
801D0F30:calcAllMapPos2DFirst__18dMenu_Fmap2DBack_cFffPfPf
801D1014:calcAllMapPos2D__18dMenu_Fmap2DBack_cFPCcffPfPf
801D0FDC:calcAllMapPos2D__18dMenu_Fmap2DBack_cFffPfPf
801D10C4:calcAllMapPos2D__18dMenu_Fmap2DBack_cFffPfPffff
801D1240:calcAllMapPosWorld__18dMenu_Fmap2DBack_cFffPfPf
801D0D8C:calcAllMapPos__18dMenu_Fmap2DBack_cFv
801D0EBC:calcAllMapScaleRate__18dMenu_Fmap2DBack_cFv
8032E67C:calcAnmInvJointMtx__13J3DSkinDeformFP12J3DMtxBuffer
803289D4:calcAnmMtx__8J3DModelFv
80327CF0:calcBBoardMtx__12J3DMtxBufferFv
803290B8:calcBBoardMtx__8J3DModelFv
801D4BEC:calcBackAlpha__18dMenu_Fmap2DBack_cFb
801D3F7C:calcBlink__18dMenu_Fmap2DBack_cFv
80328FB4:calcBumpMtx__8J3DModelFv
8027411C:calcCombinationRatio__10JFWDisplayFv
803178C8:calcCurrentMtx__11J3DMaterialFv
801BB6BC:calcCursor__14dMenu_DmapBg_cFv
802BEA44:calcDeltaPriority___10Z2AudienceCFfib
80317854:calcDiffTexMtx__11J3DMaterialFPA4_Cf
80328658:calcDiffTexMtx__8J3DModelFv
803139D4:calcDifferedBufferSize__14J3DShapePacketFUl
801EF438:calcDistance__12dMenu_Ring_cFffff
8022917C:calcDistance__19jmessage_tReferenceFv
803278CC:calcDrawMtx__12J3DMtxBufferFUlRC3VecRA3_A4_Cf
801D5D88:calcDrawPriority__18dMenu_Fmap2DBack_cFv
8029B9A8:calcEffect__10JASChannelFPCQ210JASChannel9PanVector
8027FCB0:calcEmitterGlobalPosition__14JPABaseEmitterCFPQ29JGeometry8TVec3<f>
8027CD18:calcFadeAffect__12JPAFieldBaseCFP13JPAFieldBlockf
80008330:calcFade__13mDoGph_gInf_cFv
80277484:calcField__11JPAResourceFP18JPAEmitterWorkDataP15JPABaseParticle
8003FDD4:calcFloorNoForObjectByMapPathRend__16renderingDAmap_cCFfi
8003F53C:calcFloorNo__10dMapInfo_cFfbi
802BEB00:calcFxMix___10Z2AudienceCFfi
802440F4:calcGuide__14dMsgScrnHowl_cFv
800A0204:calcHairAngle__9daAlink_cFPs
80147E44:calcJntRad__15daNpcT_JntAnm_cFfff
802DF928:calcKeyCode__10JUTNameTabCFPCc
80277500:calcKey__11JPAResourceFP18JPAEmitterWorkData
80337898:calcLoadBinaryDisplayListSize__14J3DModelLoaderFPCvUl
803377A0:calcLoadMaterialTableSize__14J3DModelLoaderFPCv
803375D4:calcLoadSize__14J3DModelLoaderFPCvUl
80243EDC:calcMain__14dMsgScrnHowl_cFv
80029E20:calcMapCenterXZ__6dMap_cFiPfPf
80029EC4:calcMapCmPerTexel__6dMap_cFiPf
803284EC:calcMaterial__8J3DModelFv
8004C264:calcMenu__13dPa_control_cFv
802BDD5C:calcMicDist__9Z2SpotMicFP9Z2Audible
802BDDE4:calcMicPriority__9Z2SpotMicFf
802BDE3C:calcMicVolume__9Z2SpotMicFfif
8027004C:calcMinMax__8cM3dGCylFP4cXyzP4cXyz
80151D74:calcMoveDisAngle__15daNpcF_Lookat_cFiP4cXyzP5csXyz4cXyzii
80053CF0:calcMtx__7J2DPaneFv
802FA820:calcMtx__9J2DScreenFv
803149F0:calcNBTScale__11J3DShapeMtxFRC3VecPA3_A3_fPA3_A3_f
80314CEC:calcNBTScale__16J3DShapeMtxMultiFRC3VecPA3_A3_fPA3_A3_f
80315BA8:calcNBTScale__8J3DShapeFRC3VecPA3_A3_fPA3_A3_f
802AA7A0:calcNoise1f__Q26Z2Calc8FNoise1fFv
8003F6A0:calcNowStayFloorNo__10dMapInfo_cFfb
80327B3C:calcNrmMtx__12J3DMtxBufferFv
8032E3C4:calcNrmMtx__13J3DSkinDeformFP12J3DMtxBuffer
80328F90:calcNrmMtx__8J3DModelFv
802BE504:calcOffMicSound__10Z2AudienceFf
801D2F8C:calcOffset__18dMenu_Fmap2DBack_cFUcPCcPfPf
8029B9C0:calcPan__10JASChannelFPCQ210JASChannel9PanVector
802C6B9C:calcPan__10Z2EnvSeDirFf
802C6D98:calcPan__14Z2EnvSeAutoPanFv
8025A200:calcPauseTimer__9dScnPly_cFv
802BEAB0:calcPitchDoppler___10Z2AudienceCFRCQ29JGeometry8TVec3<f>RCQ29JGeometry8TVec3<f>RCQ29JGeometry8TVec3<f>f
802447F0:calcPitchLevel__14dMsgScrnHowl_cFv
802CBAD4:calcPitchMod__13Z2WolfHowlMgrFff
802BEB48:calcPitch___10Z2AudienceCFP16Z2AudibleChannelPC9Z2AudiblePC13Z2AudioCamera
803338AC:calcPostTexMtxWithoutViewMtx__18J3DTexGenBlockNullFPA4_Cf
8032261C:calcPostTexMtxWithoutViewMtx__21J3DTexGenBlockPatchedFPA4_Cf
803338A8:calcPostTexMtx__18J3DTexGenBlockNullFPA4_Cf
803224D8:calcPostTexMtx__21J3DTexGenBlockPatchedFPA4_Cf
80324A0C:calcPostTexMtx__9J3DTexMtxFPA4_Cf
802BE3B8:calcPriority__10Z2AudienceFP10JAIAudible
802BE944:calcRelPosDolby__10Z2AudienceFRC3Veci
802BE844:calcRelPosPan__10Z2AudienceFRC3Veci
802BE75C:calcRelPosVolume__10Z2AudienceFRC3Vecfi
801D2C7C:calcRenderingPos__18dMenu_Fmap2DBack_cFv
801D2CF8:calcRenderingScale__18dMenu_Fmap2DBack_cFv
80316F00:calcSizeColorBlock__11J3DMaterialFUl
80337BA0:calcSizeDraw__14J3DModelLoaderFPC12J3DDrawBlock
80337B90:calcSizeEnvelope__14J3DModelLoaderFPC16J3DEnvelopeBlock
80316FC4:calcSizeIndBlock__11J3DMaterialFi
80337AD8:calcSizeInformation__14J3DModelLoaderFPC17J3DModelInfoBlockUl
80337B64:calcSizeJoint__14J3DModelLoaderFPC13J3DJointBlock
80332B00:calcSizeLockedMaterial__18J3DMaterialFactoryCFP11J3DMaterialiUl
80337EA0:calcSizeMaterialDL__14J3DModelLoaderFPC18J3DMaterialDLBlockUl
803372B0:calcSizeMaterialTable__14J3DModelLoaderFPC16J3DMaterialBlockUl
80337D60:calcSizeMaterialTable__18J3DModelLoader_v26FPC16J3DMaterialBlockUl
803372A8:calcSizeMaterial__14J3DModelLoaderFPC16J3DMaterialBlockUl
80337BB4:calcSizeMaterial__18J3DModelLoader_v26FPC16J3DMaterialBlockUl
803328FC:calcSizeNormalMaterial__18J3DMaterialFactoryCFP11J3DMaterialiUl
80316FD8:calcSizePEBlock__11J3DMaterialFUlUl
80337E10:calcSizePatchedMaterial__14J3DModelLoaderFPC16J3DMaterialBlockUl
80332A30:calcSizePatchedMaterial__18J3DMaterialFactoryCFP11J3DMaterialiUl
803387E8:calcSizeShapeMtx__15J3DShapeFactoryCFUlii
80337CA0:calcSizeShape__14J3DModelLoaderFPC13J3DShapeBlockUl
80316F7C:calcSizeTevBlock__11J3DMaterialFi
80316F50:calcSizeTexGenBlock__11J3DMaterialFUl
80337DF0:calcSizeTextureTable__14J3DModelLoaderFPC15J3DTextureBlock
80337D44:calcSizeTexture__14J3DModelLoaderFPC15J3DTextureBlock
803387D8:calcSizeVcdVatCmdBuffer__15J3DShapeFactoryFUl
80338744:calcSize__15J3DShapeFactoryFiUl
8033287C:calcSize__18J3DMaterialFactoryCFP11J3DMaterialQ218J3DMaterialFactory12MaterialTypeiUl
8032D6E4:calcSkin_VtxNrmF32__12J3DSkinNListFPA4_fPvPv
8032D65C:calcSkin_VtxPosF32__12J3DSkinNListFPA4_fPvPv
8014BA14:calcSpeedAndAngle__8daNpcT_cF4cXyziss
801EBB84:calcStickAngle__12dMenu_Ring_cFP9STControlUc
8022D0B4:calcStringLength__27jmessage_tSequenceProcessorFv
802635C0:calcSum2__FPCUsUl
80324720:calcTexMtx__9J3DTexMtxFPA4_Cf
8030B8FC:calcTransform__18J2DAnmTransformKeyCFfUsP16J3DTransformInfo
8032A834:calcTransform__18J3DAnmTransformKeyCFfUsP16J3DTransformInfo
8030C7F0:calcTransform__19J2DAnmTextureSRTKeyCFfUsP17J3DTextureSRTInfo
8032AD14:calcTransform__19J3DAnmTextureSRTKeyCFfUsP17J3DTextureSRTInfo
8032FDBC:calcTransform__27J3DMtxCalcCalcTransformMayaFRC16J3DTransformInfo
8032FB30:calcTransform__28J3DMtxCalcCalcTransformBasicFRC16J3DTransformInfo
8032FC50:calcTransform__32J3DMtxCalcCalcTransformSoftimageFRC16J3DTransformInfo
8027458C:calcViewFrustum__11J3DUClipperFv
801912E0:calcViewMtx__16dFile_select3D_cFPA4_f
801B79A4:calcViewMtx__17dMenu_Collect3D_cFPA4_f
802BDBE8:calcVolumeFactor__9Z2SpotMicFi
802CB9EC:calcVolumeMod__13Z2WolfHowlMgrFf
802BE9DC:calcVolume___10Z2AudienceCFfi
80243F40:calcWave__14dMsgScrnHowl_cFv
803276D4:calcWeightEnvelopeMtx__12J3DMtxBufferFv
80328A58:calcWeightEnvelopeMtx__8J3DModelFv
80070FC0:calcWeight__12dAttention_cFiP10fopAc_ac_cfssPUl
80056A30:calcWipe__12dDlst_list_cFv
803338A4:calcWithoutViewMtx__18J3DTexGenBlockNullFPA4_Cf
80322384:calcWithoutViewMtx__21J3DTexGenBlockPatchedFPA4_Cf
80277640:calcWorkData_c__11JPAResourceFP18JPAEmitterWorkData
8027780C:calcWorkData_d__11JPAResourceFP18JPAEmitterWorkData
8027F1F4:calcYBBCam__17JPAEmitterManagerFv
801C1D6C:calcZoomCenter__19dMenu_DmapMapCtrl_cFPfPf
802A34B8:calc_JAISound___8JAISoundFv
802AAFB0:calc__10Z2SoundMgrFv
80015060:calc__114J3DMtxCalcAnimation<64J3DMtxCalcAnimationAdaptorDefault<27J3DMtxCalcCalcTransformMaya>,24J3DMtxCalcJ3DSysInitMaya>Fv
803177DC:calc__11J3DMaterialFPA4_Cf
8003C95C:calc__11J3DTexNoAnmCFPUs
8027CFB8:calc__11JPAFieldAirFP18JPAEmitterWorkDataP13JPAFieldBlockP15JPABaseParticle
8027E540:calc__11JPAKeyBlockFf
802763E8:calc__11JPAResourceFP18JPAEmitterWorkDataP14JPABaseEmitter
80326AAC:calc__12J3DJointTreeFP12J3DMtxBufferRC3VecRA3_A4_Cf
802A4CBC:calc__12JAIStreamMgrFv
8027DBE4:calc__12JPAFieldDragFP18JPAEmitterWorkDataP13JPAFieldBlockP15JPABaseParticle
8027DDA8:calc__12JPAFieldSpinFP18JPAEmitterWorkDataP13JPAFieldBlockP15JPABaseParticle
802A397C:calc__13JAISoundChildFv
8032D1C4:calc__14J3DMaterialAnmCFP11J3DMaterial
8027D09C:calc__14JPAFieldMagnetFP18JPAEmitterWorkDataP13JPAFieldBlockP15JPABaseParticle
8027D1E0:calc__14JPAFieldNewtonFP18JPAEmitterWorkDataP13JPAFieldBlockP15JPABaseParticle
8027DACC:calc__14JPAFieldRandomFP18JPAEmitterWorkDataP13JPAFieldBlockP15JPABaseParticle
8027D474:calc__14JPAFieldVortexFP18JPAEmitterWorkDataP13JPAFieldBlockP15JPABaseParticle
80010028:calc__14mDoExt_McaMorfFv
8032EF80:calc__15J3DVtxColorCalcFP8J3DModel
8029E000:calc__15JASAudioReseterFv
8027CE54:calc__15JPAFieldGravityFP18JPAEmitterWorkDataP13JPAFieldBlockP15JPABaseParticle
802BCADC:calc__15Z2AudibleAbsPosFRCQ29JGeometry8TVec3<f>
8015155C:calc__15daNpcF_Lookat_cFP10fopAc_ac_cPA4_fPP5csXyziii
80150968:calc__15daNpcF_MatAnm_cCFP11J3DMaterial
80147A64:calc__15daNpcT_JntAnm_cFf
80145994:calc__15daNpcT_MatAnm_cCFP11J3DMaterial
800116A8:calc__15mDoExt_McaMorf2Fv
8009DB18:calc__16daAlink_matAnm_cCFP11J3DMaterial
80010B1C:calc__16mDoExt_McaMorfSOFv
80317ED0:calc__17J3DLockedMaterialFPA4_Cf
8027EDA0:calc__17JPAEmitterManagerFUc
803338A0:calc__18J3DTexGenBlockNullFPA4_Cf
8027D894:calc__18JPAFieldConvectionFP18JPAEmitterWorkDataP13JPAFieldBlockP15JPABaseParticle
8014DDC0:calc__18daBaseNpc_lookat_cFP10fopAc_ac_cPA4_fs
8014DA90:calc__18daBaseNpc_matAnm_cCFP11J3DMaterial
80148048:calc__19daNpcT_DmgStagger_cFi
803221C0:calc__21J3DTexGenBlockPatchedFPA4_Cf
8000F220:calc__25mDoExt_MtxCalcAnmBlendTblFv
8000F464:calc__28mDoExt_MtxCalcAnmBlendTblOldFv
80015038:calc__73J3DMtxCalcNoAnm<27J3DMtxCalcCalcTransformMaya,24J3DMtxCalcJ3DSysInitMaya>Fv
80337428:calc__75J3DMtxCalcNoAnm<28J3DMtxCalcCalcTransformBasic,25J3DMtxCalcJ3DSysInitBasic>Fv
8033736C:calc__83J3DMtxCalcNoAnm<32J3DMtxCalcCalcTransformSoftimage,29J3DMtxCalcJ3DSysInitSoftimage>Fv
80328AF0:calc__8J3DModelFv
802A1374:calc__8JAISeMgrFv
802EAAC4:calc__9J2DTexMtxFv
80324700:calc__9J3DTexMtxFPA4_Cf
802A2A90:calc__9JAISeqMgrFv
802BCC98:calc__9Z2AudibleFv
80277408:calc_c__11JPAResourceFP18JPAEmitterWorkDataP15JPABaseParticle
80281060:calc_c__15JPABaseParticleFP18JPAEmitterWorkData
80452728:calc_mtx
8027738C:calc_p__11JPAResourceFP18JPAEmitterWorkDataP15JPABaseParticle
80280DD0:calc_p__15JPABaseParticleFP18JPAEmitterWorkData
801E56F8:calibration_close1_move__14dMenu_Option_cFv
801E573C:calibration_close2_move__14dMenu_Option_cFv
801E56A4:calibration_move_move__14dMenu_Option_cFv
801E5644:calibration_open1_move__14dMenu_Option_cFv
801E5688:calibration_open2_move__14dMenu_Option_cFv
803BFAC8:calibration_process
802CF374:callAllDisposer__7JKRHeapFv
802DB874:callCommand_Async__16JKRDvdAramRipperFP12JKRADCommand
80313418:callDL__17J3DDisplayListObjCFv
80273060:callDirectDraw__Fv
80296F8C:call__12JASSeqReaderFUl
80290EC4:callback__14JASCallbackMgrFv
8029E0D4:callback__15JASAudioReseterFPv
802D28E4:callback__15JKRThreadSwitchFP8OSThreadP8OSThread
80263594:callback__20DynamicModuleControlFPv
80453908:calledOnce
803BD518:cam_seira_evnt_after
803BD4E0:cam_seira_evnt_before
803BD4A8:cam_seira_shop
80182660:camera_create__FP12camera_class
80182690:camera_delete__FP20camera_process_class
8018217C:camera_draw__FP20camera_process_class
801820D8:camera_execute__FP20camera_process_class
803C5140:camparamarc$4608
802812C8:canCreateChild__15JPABaseParticleFP18JPAEmitterWorkData
8015FAF0:cancelBoomerangLockActor__9daPy_py_cFP10fopAc_ac_c
800E03D8:cancelBoomerangLock__9daAlink_cFP10fopAc_ac_c
800DEF94:cancelBowMoveRideNotAtn__9daAlink_cFv
800DF028:cancelBowMove__9daAlink_cFv
80141968:cancelChangeTextureAnime__9daPy_py_cFv
800D2D94:cancelCutCharge__9daAlink_cFv
800D0D14:cancelDragonHangBackJump__9daAlink_cFv
80141ABC:cancelDragonHangBackJump__9daPy_py_cFv
800D0A08:cancelDungeonWarpReadyNeck__9daAlink_cFv
8014196C:cancelDungeonWarpReadyNeck__9daPy_py_cFv
8015F6C4:cancelFmChainGrab__9daPy_py_cFv
800E93D0:cancelGoronThrowEvent__9daAlink_cFv
80141A70:cancelGoronThrowEvent__9daPy_py_cFv
80108A34:cancelHookshotCarry__9daAlink_cFv
80109170:cancelHookshotMove__9daAlink_cFv
801090F8:cancelHookshotShot__9daAlink_cFv
800B739C:cancelItemUseQuake__9daAlink_cFi
800ABD34:cancelLockAt__9daAlink_cFv
800E2FD0:cancelMagneBootsOn__9daAlink_cFv
800D0CFC:cancelOctaIealHang__9daAlink_cFv
80141AB8:cancelOctaIealHang__9daPy_py_cFv
80048478:cancelStaff__16dEvent_manager_cFPCc
800EAADC:cancelSumouMode__9daAlink_cFv
800B73F8:cancelUpperItemReadyAnime__9daAlink_cFi
80139378:cancelWolfLock__9daAlink_cFP10fopAc_ac_c
801418B4:cancelWolfLock__9daPy_py_cFP10fopAc_ac_c
802974CC:cancel__13JASAramStreamFv
803B496C:cannonPortal$39242
800F49E4:canoeCommon__9daAlink_cFv
803937B0:canoeLocalEyeFromRoot$59881
801F23F8:cardFormatNoSelDisp__12dMenu_save_cFv
801F2514:cardFormatYesSel2Disp__12dMenu_save_cFv
801F2370:cardFormatYesSelDisp__12dMenu_save_cFv
80035B34:card_to_memory__10dSv_info_cFPci
80041DC0:catchCheck__14dEvt_control_cFP12dEvt_order_c
8034CB98:cb
8034C468:cbForCancelSync
80349C80:cbForReadAsync
80349DC8:cbForReadSync
8034B540:cbForStateBusy
8034A994:cbForStateCheckID1
8034AA90:cbForStateCheckID2
8034A8F4:cbForStateCheckID2a
8034AB68:cbForStateCheckID3
8034ADA0:cbForStateCoverClosed
8034A148:cbForStateError
8034A304:cbForStateGettingError
8034A66C:cbForStateGoToRetry
8034AE2C:cbForStateMotorStopped
8034A0C8:cbForStateReadingFST
8034A568:cbForUnrecoveredError
8034A5C4:cbForUnrecoveredErrorRetry
80293D6C:cbSeqMain__Q28JASTrack5TListFPv
80015A44:cb__FPv
80087D34:cc_at_check__FP10fopAc_ac_cP11dCcU_AtInfo
80087504:cc_pl_cut_bit_get__Fv
8036CCEC:ceil
802288CC:change1ByteTo2Bytes__Fi
801F91EC:changeActiveColor__13dMenu_Skill_cFv
801E0E74:changeActiveColor__14dMenu_Letter_cFv
8014CEF8:changeAnm__8daNpcT_cFPiPi
800DEDD4:changeArrowType__9daAlink_cFv
801E79DC:changeBarColor__14dMenu_Option_cFb
8000D944:changeBckOnly__13mDoExt_bckAnmFP15J3DAnmTransform
8014CEB8:changeBck__8daNpcT_cFPiPi
802B0D8C:changeBgmStatus__8Z2SeqMgrFl
8009EB28:changeBlendRate__9daAlink_cFi
800ED6C4:changeBoarRunRide__9daAlink_cFv
8014CEF4:changeBtk__8daNpcT_cFPiPi
8014CEB4:changeBtp__8daNpcT_cFPiPi
800FE644:changeClimbMoveProc__9daAlink_cFi
801B313C:changeClothe__17dMenu_Collect2D_cFv
80228890:changeCodeToChar__FUs
8012694C:changeCommon__9daAlink_cFv
800F8054:changeCrawlAutoMoveProc__9daAlink_cFP4cXyz
800D1294:changeCutFast__9daAlink_cFv
800D1BD4:changeCutReverseProc__9daAlink_cFQ29daAlink_c11daAlink_ANM
800FC774:changeDragonActor__9daAlink_cFP10fopAc_ac_c
80141ACC:changeDragonActor__9daPy_py_cFP10fopAc_ac_c
80037BB4:changeDraw__12daItemBase_cFv
80153B60:changeEvent__8daNpcF_cFPcPcUsUs
8032E178:changeFastSkinDL__13J3DSkinDeformFP12J3DModelData
802B3888:changeFishingBgm__8Z2SeqMgrFl
80237310:changeFlowGroupLocal__12dMsgObject_cFl
802386BC:changeFlowGroup__12dMsgObject_cFl
802E1004:changeFont__10JUTDbPrintFP7JUTFont
802E536C:changeFrameBuffer__14JUTDirectPrintFPvUsUs
80259ED4:changeGameScene__10dScnName_cFv
802CF5B0:changeGroupID__7JKRHeapFUc
802D30DC:changeGroupIdIfNeed__7JKRAramFPUci
8023738C:changeGroupLocal__12dMsgObject_cFs
80238744:changeGroup__12dMsgObject_cFs
800FA998:changeHangEndProc__9daAlink_cFv
800FA544:changeHangMoveProc__9daAlink_cFi
80108A70:changeHookshotDrawModel__9daAlink_cFv
800C0290:changeItemBck__9daAlink_cFUsf
800C0988:changeItemTriggerKeepProc__9daAlink_cFUci
80228AFC:changeKataToHira__Fi
800FD4B8:changeLadderMoveProc__9daAlink_cFi
80127148:changeLink__9daAlink_cFi
804537D0:changeMode
8014075C:changeModelDataDirectWolf__9daAlink_cFi
80140544:changeModelDataDirect__9daAlink_cFi
8025FC24:changeNumberTexture__21dDlst_TimerScrnDraw_cFP7J2DPanei
801E10F8:changePageLight__14dMenu_Letter_cFv
8023B50C:changeProc__17dMsgScrn3Select_cFv
801B2F58:changeShield__17dMenu_Collect2D_cFv
802B2BF4:changeSubBgmStatus__8Z2SeqMgrFl
801B2CCC:changeSword__17dMenu_Collect2D_cFv
801E80B8:changeTVCheck__14dMenu_Option_cFv
80141964:changeTextureAnime__9daPy_py_cFUsUsi
8021A72C:changeTextureItemB__13dMeter2Draw_cFUc
8021A9E0:changeTextureItemXY__13dMeter2Draw_cFiUc
80214A90:changeTextureLife__13dMeter2Draw_cFibUc
802FE674:changeTexture__10J2DPictureFPC7ResTIMGUc
802FE7BC:changeTexture__10J2DPictureFPC7ResTIMGUcP10JUTPalette
802FE764:changeTexture__10J2DPictureFPCcUc
802FE8C8:changeTexture__10J2DPictureFPCcUcP10JUTPalette
80306D94:changeTexture__12J2DPictureExFPC7ResTIMGUc
80306F34:changeTexture__12J2DPictureExFPC7ResTIMGUcP10JUTPalette
80306EDC:changeTexture__12J2DPictureExFPCcUc
80307098:changeTexture__12J2DPictureExFPCcUcP10JUTPalette
802F71F8:changeUseTrans__7J2DPaneFP7J2DPane
800C2018:changeWarpMaterial__9daAlink_cFQ29daAlink_c21daAlink_WARP_MAT_MODE
8021E020:changeWater__13dMeter2Info_cFUc
8012AED8:changeWolfBlendRate__9daAlink_cFi
801356D4:changeWolfHangEndProc__9daAlink_cFv
80126B34:changeWolf__9daAlink_cFv
80317C70:change__11J3DMaterialFv
80042384:change__14dEvt_control_cFv
80317ED8:change__17J3DLockedMaterialFv
80317E40:change__18J3DPatchedMaterialFv
801E4B70:change_init__14dMenu_Option_cFv
801E4BAC:change_move__14dMenu_Option_cFv
804537D8:changed
80297BF0:channelCallback__13JASAramStreamFUlP10JASChannelPQ26JASDsp8TChannelPv
80297B74:channelProcCallback__13JASAramStreamFPv
802982AC:channelProc__13JASAramStreamFv
80298458:channelStart__13JASAramStreamFv
80292BF8:channelStart__8JASTrackFPQ28JASTrack11TChannelMgrUlUlUl
80298670:channelStop__13JASAramStreamFUs
80293AA4:channelUpdateCallback__8JASTrackFUlP10JASChannelPQ26JASDsp8TChannelPv
803CE5A0:channel_mask
803C1AD8:char_table$3795
804526A0:charspace$7237
80071BC8:chaseAttention__12dAttention_cFv
80168950:chaseCamera__9dCamera_cFl
802BAE9C:check1stDynamicWave__10Z2SceneMgrFv
80223E88:check2DContents__9dMeter2_cFv
800D0414:checkAcceptDungeonWarpAlink__9daAlink_cFi
80141A58:checkAcceptDungeonWarpAlink__9daPy_py_cFi
80101AF0:checkAcceptUseItemInWater__9daAlink_cCFUs
8011F864:checkAcceptWarp__9daAlink_cFv
800A0A74:checkActorPosAngle__9daAlink_cFP10fopAc_ac_cPP4cXyz
8015E6D8:checkAnmEnd__16daPy_frameCtrl_cFv
8003195C:checkArea__13daTagStream_cFPC4cXyz
800DEB9C:checkArrowChargeEnd__9daAlink_cCFv
8014198C:checkArrowChargeEnd__9daPy_py_cCFv
800D1B2C:checkAtShieldHit__9daAlink_cFR12dCcD_GObjInf
800ADE5C:checkAtnLeftAnime__9daAlink_cFv
800ADEF8:checkAtnRightAnime__9daAlink_cFv
800B34BC:checkAtnWaitAnime__9daAlink_cFv
800D0158:checkAttentionLock__9daAlink_cFv
800A09E4:checkAttentionPosAngle__9daAlink_cFP4cXyz
800B370C:checkAttentionState__9daAlink_cFv
800B6288:checkAutoJumpAction__9daAlink_cFv
800D05FC:checkAutoJump__9daAlink_cCFv
80141778:checkAutoJump__9daPy_py_cCFv
800195A4:checkBallModelDraw__13fopEn_enemy_cFv
8029CAC0:checkBankDispose__10JASChannelCFv
802C0F20:checkBattleFinish__13Z2SoundObjMgrFv
800D0CA0:checkBeeChildDrink__9daAlink_cCFv
80141A40:checkBeeChildDrink__9daPy_py_cCFv
800FF0CC:checkBgClimbMove__9daAlink_cFi
800FED9C:checkBgCorrectClimbMove__9daAlink_cFP4cXyzP4cXyz
802B4CAC:checkBgmIDPlaying__8Z2SeqMgrFUl
800CF4C0:checkBoarRide__9daAlink_cCFv
80097998:checkBoarRide__9daPy_py_cCFv
800D0924:checkBoarRun__9daAlink_cCFv
80141880:checkBoarRun__9daPy_py_cCFv
801416F4:checkBoarSingleBattle__9daPy_py_cCFv
800A4DD4:checkBoarStart__9daAlink_cFv
80105D1C:checkBoardRestart__9daAlink_cFv
800CF468:checkBoardRide__9daAlink_cCFv
80097988:checkBoardRide__9daPy_py_cCFv
80106824:checkBoardSwordTriggerAction__9daAlink_cFv
800CE934:checkBodyAngleX__9daAlink_cFs
80033C94:checkBombBag__17dSv_player_item_cFUc
8015EC54:checkBombItem__9daPy_py_cFi
800E064C:checkBoomerangAnime__9daAlink_cCFv
800E04C4:checkBoomerangCarry__9daAlink_cFP10fopAc_ac_c
800E0F98:checkBoomerangCatchAction__9daAlink_cFv
800E0450:checkBoomerangChargeEnd__9daAlink_cFv
8015FAD4:checkBoomerangChargeTime__9daPy_py_cFv
8015FAA8:checkBoomerangCharge__9daPy_py_cFv
800E01EC:checkBoomerangLockAccept__9daAlink_cFv
800E06B8:checkBoomerangThrowAnime__9daAlink_cCFv
800E2728:checkBootsMoveAnime__9daAlink_cFi
800BB664:checkBootsOrArmorHeavy__9daAlink_cCFv
80141AF8:checkBootsOrArmorHeavy__9daPy_py_cCFv
800E03AC:checkBossBabaRoom__9daAlink_cFv
80108BF4:checkBossOctaIealRoom__9daAlink_cFv
800C04D4:checkBossRoom__9daAlink_cFv
800D0844:checkBottleDrinkEnd__9daAlink_cCFv
80141838:checkBottleDrinkEnd__9daPy_py_cCFv
8015EC94:checkBottleItem__9daPy_py_cFi
800D0700:checkBottleSwingMode__9daAlink_cCFv
801417C0:checkBottleSwingMode__9daPy_py_cCFv
80033788:checkBottle__17dSv_player_item_cFUc
800DE98C:checkBowAndSlingItem__9daAlink_cFi
800DEBF4:checkBowAnime__9daAlink_cCFv
800DEA90:checkBowCameraArrowPosP__9daAlink_cFPsPs
800DFDD4:checkBowGrabLeftHand__9daAlink_cCFv
8015ED9C:checkBowItem__9daPy_py_cFi
800DEBC4:checkBowReadyAnime__9daAlink_cCFv
80141830:checkBubbleFly__9daPy_py_cCFv
80072228:checkButton__12dAttention_cFv
801FD1AC:checkCStickTrigger__5dMw_cFv
802E28FC:checkCallback__19JUTGamePadLongPressFiUl
80182A48:checkCameraLargeDamage__9daAlink_cCFv
800D0C50:checkCanoeFishingGetLeft__9daAlink_cCFv
80141A30:checkCanoeFishingGetLeft__9daPy_py_cCFv
800D0C78:checkCanoeFishingGetRight__9daAlink_cCFv
80141A38:checkCanoeFishingGetRight__9daPy_py_cCFv
800F4144:checkCanoeFishingRodGrabOrPut__9daAlink_cCFv
800F4214:checkCanoeJumpRide__9daAlink_cFv
800F40C4:checkCanoePaddleGrab__9daAlink_cCFP10fopAc_ac_c
800F3F04:checkCanoeRideTandem__9daAlink_cFv
800CF47C:checkCanoeRide__9daAlink_cCFv
80097980:checkCanoeRide__9daPy_py_cCFv
800A4E4C:checkCanoeStart__9daAlink_cFv
8015F8A4:checkCarryStartLightBallA__9daPy_py_cFv
8015F93C:checkCarryStartLightBallB__9daPy_py_cFv
800C0884:checkCastleTownUseItem__9daAlink_cFUs
800C0564:checkCastleTown__9daAlink_cFv
800D72AC:checkCaughtEscapeCutTurn__9daAlink_cFv
800E7DDC:checkChainBlockPushPull__9daAlink_cFv
801417A8:checkChainBlockPushPull__9daPy_py_cFv
800E7BA0:checkChainEmphasys__9daAlink_cFv
8014CE8C:checkChangeEvt__8daNpcT_cFv
8014CE4C:checkChangeJoint__8daNpcT_cFi
8022883C:checkCharInfoCharactor__Fi
80108AD4:checkChaseHookshot__9daAlink_cFv
800FE264:checkClimbCode__9daAlink_cFR13cBgS_PolyInfo
800FEF5C:checkClimbGround__9daAlink_cFP4cXyzf
800FE8F4:checkClimbMoveSideProc__9daAlink_cFi
800FE7AC:checkClimbMoveUpDownProc__9daAlink_cFi
800D08E4:checkClimbMove__9daAlink_cCFv
80141870:checkClimbMove__9daPy_py_cCFv
800FEE7C:checkClimbRoof__9daAlink_cFf
800C05AC:checkCloudSea__9daAlink_cFv
800BE478:checkCoachGuardGame__9daAlink_cFv
80182A20:checkCokkoGlide__9daAlink_cCFv
801EE900:checkCombineBomb__12dMenu_Ring_cFi
800D1660:checkComboCnt__9daAlink_cFv
800D08BC:checkComboCutTurn__9daAlink_cCFv
80141868:checkComboCutTurn__9daPy_py_cCFv
800D2394:checkComboReserb__9daAlink_cFv
80141594:checkCommandCatch__11dEvt_info_cFv
8014165C:checkCommandDoor__11dEvt_info_cFv
802DCAF8:checkCompressed__9JKRDecompFPUc
801978C8:checkController__13dShopSystem_cFUcP10dMsgFlow_c
800E173C:checkCopyRodAnime__9daAlink_cCFv
800D0C3C:checkCopyRodEquip__9daAlink_cCFv
80141B40:checkCopyRodEquip__9daPy_py_cCFv
80182CD0:checkCopyRodThrowAfter__9daPy_py_cCFv
800E1668:checkCopyRodTopUse__9daAlink_cFv
80141B38:checkCopyRodTopUse__9daPy_py_cFv
8015D57C:checkCountTimer__8daItem_cFv
800ECA20:checkCowGame__9daAlink_cFv
800F8D0C:checkCrawlInHoll__9daAlink_cFP4cXyzP4cXyzP4cXyzi
800F890C:checkCrawlSideWall__9daAlink_cFP4cXyzP4cXyzP4cXyzP4cXyzPsPs
8014A268:checkCullDraw__8daNpcT_cFv
800D25CC:checkCutAction__9daAlink_cFv
800D2E60:checkCutAtnActorChange__9daAlink_cFv
800D2A9C:checkCutBackState__9daAlink_cFv
800D296C:checkCutCancelNextMode__9daAlink_cFi
800D0880:checkCutCharge__9daAlink_cCFv
80141848:checkCutCharge__9daPy_py_cCFv
800D10D8:checkCutDashAnime__9daAlink_cCFv
800D1108:checkCutDashEnemyHit__9daAlink_cFR12dCcD_GObjInf
800D12EC:checkCutFastReady__9daAlink_cFv
800D1238:checkCutFinishJumpUp__9daAlink_cFv
80182A94:checkCutHeadProc__9daAlink_cCFv
800D2B00:checkCutHeadState__9daAlink_cFv
800D09B0:checkCutJumpCancelTurn__9daAlink_cCFv
80088264:checkCutJumpCancelTurn__9daPy_py_cCFv
800B6BD8:checkCutJumpInFly__9daAlink_cFv
800D0BD4:checkCutJumpMode__9daAlink_cCFv
80141B48:checkCutJumpMode__9daPy_py_cCFv
800D71EC:checkCutLandDamage__9daAlink_cFv
800D0894:checkCutLargeJumpCharge__9daAlink_cCFv
80141858:checkCutLargeJumpCharge__9daPy_py_cCFv
800D2CC8:checkCutLargeTurnState__9daAlink_cCFv
800D1B84:checkCutReverseAt__9daAlink_cFP12dCcD_GObjInf
800D03EC:checkCutTurnCharge__9daAlink_cCFv
800D2890:checkCutTurnCharge__9daAlink_cFv
80141850:checkCutTurnCharge__9daPy_py_cCFv
800D2574:checkCutTurnInputTrigger__9daAlink_cFv
800D15F0:checkCutTurnInput__9daAlink_cCFv
800D15B8:checkCutTypeNoBlur__9daAlink_cCFv
800D7E4C:checkDamageAction__9daAlink_cFv
800A7C68:checkDashAnime__9daAlink_cCFv
802B7534:checkDayTime__11Z2StatusMgrFv
80118F88:checkDeadAction__9daAlink_cFi
80118EA4:checkDeadHP__9daAlink_cFv
801160CC:checkDemoAction__9daAlink_cFv
8011706C:checkDemoMoveMode__9daAlink_cCFUl
80040840:checkDispDoorS__19renderingPlusDoor_cFiif
80073968:checkDistance__12dAttention_cFP4cXyzsP4cXyzffff
800D29F0:checkDoCutAction__9daAlink_cFv
8029DFF8:checkDone__15JASAudioReseterCFv
800D2BE0:checkDownAttackState__9daAlink_cFv
80037E98:checkDownDamage__10e_wb_classFv
80032648:checkDownTrigger__9STControlFv
800D0D44:checkDragonHangRide__9daAlink_cCFv
80141AC4:checkDragonHangRide__9daPy_py_cCFv
801CD274:checkDrawPortalIcon__12dMenu_Fmap_cFii
8015ECE4:checkDrinkBottleItem__9daPy_py_cFi
8015EE34:checkDungeonWarpItem__9daPy_py_cFi
800C051C:checkDungeon__9daAlink_cFv
800D06C4:checkElecDamage__9daAlink_cCFv
801417B0:checkElecDamage__9daPy_py_cCFv
800D7CA4:checkElecReturnDamage__9daAlink_cFR12dCcD_GObjInfPP10fopAc_ac_c
800D06D8:checkEmptyBottleSwing__9daAlink_cCFv
801417B8:checkEmptyBottleSwing__9daPy_py_cCFv
80033894:checkEmptyBottle__17dSv_player_item_cFv
8014F3D4:checkEndAnm__11daBaseNpc_cFP12J3DFrameCtrl
8014F354:checkEndAnm__11daBaseNpc_cFf
80148FDC:checkEndAnm__8daNpcT_cFP12J3DFrameCtrlf
80148F1C:checkEndAnm__8daNpcT_cFf
80182FA8:checkEndMessage__12daTagMwait_cFv
801189C0:checkEndMessage__9daAlink_cFUl
80141700:checkEndResetFlg0__9daPy_py_cCFQ29daPy_py_c11daPy_ERFLG0
8014154C:checkEndResetFlg1__9daPy_py_cCFQ29daPy_py_c11daPy_ERFLG1
8014139C:checkEndResetFlg2__9daPy_py_cCFQ29daPy_py_c11daPy_ERFLG2
80145C30:checkEndSequence__22daNpcT_MotionSeqMngr_cFv
800DC754:checkEnemyGroup__9daAlink_cFP10fopAc_ac_c
800B954C:checkEquipAnime__9daAlink_cCFv
801414BC:checkEquipHeavyBoots__9daPy_py_cCFv
8024AAC8:checkEventRender__10dMsgFlow_cFPiPiPiPi
80115E2C:checkEventRun__9daAlink_cCFv
801EE4EC:checkExplainForce__12dMenu_Ring_cFv
80294428:checkExport__12JASTrackPortCFUl
800D09A8:checkFastShotTime__9daAlink_cFv
8014199C:checkFastShotTime__9daPy_py_cFv
800B99F8:checkFastUnequip__9daAlink_cFv
80159A24:checkFearSituation__10daNpcCd2_cFv
800C0490:checkField__9daAlink_cFv
80118CDC:checkFinalBattle__9daAlink_cFv
801419AC:checkFireMaterial__9daPy_py_cCFv
802BB3C0:checkFirstWaves__10Z2SceneMgrFv
800F3F64:checkFishingRodAndLureItem__9daAlink_cCFv
800F4058:checkFishingRodGrab__9daAlink_cCFP10fopAc_ac_c
8015EC2C:checkFishingRodItem__9daPy_py_cFi
80032074:checkFlowerBombWait__7dBomb_cFP10fopAc_ac_c
8011837C:checkFlyAtnWait__9daAlink_cFv
800D022C:checkFmChainGrabAnime__9daAlink_cCFv
80141888:checkFmChainPut__9daPy_py_cCFv
80162294:checkForceLockTarget__9dCamera_cFv
80141C10:checkForceNormalColor__9daMidna_cCFv
800D22C0:checkForceSwordSwing__9daAlink_cFv
80141C1C:checkForceTiredColor__9daMidna_cCFv
800E1614:checkForestOldCentury__9daAlink_cFv
800D05D4:checkFrontRoll__9daAlink_cCFv
8001E1D0:checkFrontRoll__9daPy_py_cCFv
800B6C3C:checkFrontWallTypeAction__9daAlink_cFv
800E84BC:checkGoatCatchActor__9daAlink_cFP10fopAc_ac_c
800D0750:checkGoatThrowAfter__9daAlink_cCFv
801417D8:checkGoatThrowAfter__9daPy_py_cCFv
800D0728:checkGoatThrow__9daAlink_cCFv
801417D0:checkGoatThrow__9daPy_py_cCFv
800D07E0:checkGoronRideWait__9daAlink_cCFv
80141808:checkGoronRideWait__9daPy_py_cCFv
800A248C:checkGoronRide__9daAlink_cFv
80182C1C:checkGoronSideMove__9daPy_py_cCFv
800E3EA8:checkGrabAnimeAndThrow__9daAlink_cCFv
800E3E78:checkGrabAnime__9daAlink_cCFv
800E3F00:checkGrabCarryActor__9daAlink_cFv
800E3F78:checkGrabHeavyActor__9daAlink_cFv
800E3AF8:checkGrabLineCheck__9daAlink_cFv
800E535C:checkGrabNotThrow__9daAlink_cFv
800E412C:checkGrabRooster__9daAlink_cFv
800E3FA0:checkGrabSideActor__9daAlink_cFv
800E3F28:checkGrabSlowMoveActor__9daAlink_cFv
801184E0:checkGrabTalkActor__9daAlink_cFP10fopAc_ac_c
800E3E28:checkGrabThrowAnime__9daAlink_cCFv
800D0910:checkGrassWhistle__9daAlink_cCFv
80141878:checkGrassWhistle__9daPy_py_cCFv
801681F8:checkGroundInfo__9dCamera_cFv
800BA15C:checkGroundSpecialMode__9daAlink_cFv
800C0320:checkGroupItem__9daAlink_cCFii
800DD170:checkGuardAccept__9daAlink_cFv
800DC884:checkGuardActionChange__9daAlink_cFv
800D0674:checkGuardBreakMode__9daAlink_cCFv
80141790:checkGuardBreakMode__9daPy_py_cCFv
800FA7D4:checkHangFootWall__9daAlink_cFv
800FAA68:checkHangStartSideWall__9daAlink_cFs
800D0714:checkHawkWait__9daAlink_cCFv
801417C8:checkHawkWait__9daPy_py_cCFv
800BB6C4:checkHeavyStateOn__9daAlink_cFii
8015EDC4:checkHookshotItem__9daPy_py_cFi
80109248:checkHookshotReadyMaterialOffMode__9daAlink_cCFv
8010880C:checkHookshotReturnMode__9daAlink_cCFv
80141AA0:checkHookshotReturnMode__9daPy_py_cCFv
80108AAC:checkHookshotRoofLv7Boss__9daAlink_cFv
80108874:checkHookshotShootReturnMode__9daAlink_cCFv
80141AA8:checkHookshotShootReturnMode__9daPy_py_cCFv
801089BC:checkHookshotStickBG__9daAlink_cFR13cBgS_PolyInfo
80108C24:checkHookshotWait__9daAlink_cCFv
800EC9E8:checkHorseDashAccept__9daAlink_cFv
80141890:checkHorseElecDamage__9daPy_py_cCFv
800EF8BC:checkHorseGetOffAndSetDoStatus__9daAlink_cFv
800EF3A4:checkHorseGetOffDirection__9daAlink_cFv
800EF2F4:checkHorseGetOffWallCheck__9daAlink_cFP4cXyzP4cXyzs
800EF7A4:checkHorseGetOff__9daAlink_cFv
800ED110:checkHorseLieAnime__9daAlink_cCFv
800ED280:checkHorseNoUpperAnime__9daAlink_cCFv
800ECF9C:checkHorseNotDamageReaction__9daAlink_cCFv
800ED3FC:checkHorseNotGrab__9daAlink_cCFv
800ECFF8:checkHorseReinLeftOnly__9daAlink_cCFv
800D0938:checkHorseRideNotReady__9daAlink_cCFv
80141984:checkHorseRideNotReady__9daPy_py_cCFv
800CF490:checkHorseRide__9daAlink_cCFv
8001E1D8:checkHorseRide__9daPy_py_cCFv
800EE098:checkHorseServiceWaitAnime__9daAlink_cFv
800EDF78:checkHorseSpecialProc__9daAlink_cFv
800A5700:checkHorseStart__9daAlink_cFUli
800D03B4:checkHorseStart__9daAlink_cFv
80141B20:checkHorseStart__9daPy_py_cFv
800ED168:checkHorseSubjectivity__9daAlink_cCFv
800EF03C:checkHorseSwordUpSpped__9daAlink_cFv
800ECFD0:checkHorseWaitLashAnime__9daAlink_cCFv
800EC978:checkHorseZeldaBowMode__9daAlink_cFv
800D7DF4:checkHugeAttack__9daAlink_cCFi
800D7974:checkIcePolygonDamage__9daAlink_cFP13cBgS_PolyInfo
8029440C:checkImport__12JASTrackPortCFUl
800E72CC:checkInsectActorName__9daAlink_cFP10fopAc_ac_c
800320C4:checkInsectBombMove__7dBomb_cFP10fopAc_ac_c
800337FC:checkInsectBottle__17dSv_player_item_cFv
80294978:checkIntr__10JASSeqCtrlFv
801152F0:checkIronBallAnime__9daAlink_cCFv
80112834:checkIronBallDelete__9daAlink_cFv
80112730:checkIronBallGroundStop__9daAlink_cCFv
80141920:checkIronBallGroundStop__9daPy_py_cCFv
80113EAC:checkIronBallReturnChange__9daAlink_cFv
80112708:checkIronBallReturn__9daAlink_cCFv
80141918:checkIronBallReturn__9daPy_py_cCFv
80112680:checkIronBallThrowMode__9daAlink_cCFv
801126C0:checkIronBallThrowReturnMode__9daAlink_cCFv
800B7134:checkItemActionInitStart__9daAlink_cFv
800B8B94:checkItemAction__9daAlink_cFv
800B74F0:checkItemActorPointer__9daAlink_cFv
800B7734:checkItemButtonChange__9daAlink_cFv
800B729C:checkItemChangeAutoAction__9daAlink_cFv
800B9B58:checkItemChangeFromButton__9daAlink_cFv
800CB804:checkItemDraw__9daAlink_cFv
800B9504:checkItemEquipAnime__9daAlink_cCFv
80098010:checkItemGet__FUci
800C0414:checkItemSetButton__9daAlink_cFi
800D0BA4:checkItemSwordEquip__9daAlink_cCFv
80141B08:checkItemSwordEquip__9daPy_py_cCFv
80182F54:checkJump__9daHorse_cCFv
80110E78:checkKandelaarEquipAnime__9daAlink_cCFv
80110AC0:checkKandelaarSwing__9daAlink_cCFi
801419B4:checkKandelaarSwing__9daPy_py_cCFi
800FD7F0:checkLadderFall__9daAlink_cFv
800B5ED8:checkLandAction__9daAlink_cFi
8010BA58:checkLandHookshotHang__9daAlink_cFv
800D7E20:checkLargeAttack__9daAlink_cCFi
8019ADB8:checkLeftTrigger__13dShopSystem_cFP9STControl
801E3D68:checkLeftTrigger__14dMenu_Option_cFv
800324D4:checkLeftTrigger__9STControlFv
8011E5E4:checkLetterItem__9daAlink_cFi
800D1014:checkLightSwordMtrl__9daAlink_cFv
802CC18C:checkLine__13Z2WolfHowlMgrFv
800C0658:checkLv2DungeonRoomSpecial__9daAlink_cFv
800B21C4:checkLv2MiddleBossBgRide__9daAlink_cFs
800D0688:checkLv3Slide__9daAlink_cCFv
80141798:checkLv3Slide__9daPy_py_cCFv
8010DD08:checkLv4BossRoom__9daAlink_cFv
800E14EC:checkLv6BossRoom__9daAlink_cFv
80108990:checkLv7BossRoom__9daAlink_cFv
8011F04C:checkLv7DungeonShop__9daAlink_cFv
800BB614:checkMagicArmorHeavy__9daAlink_cCFv
800D79D4:checkMagicArmorNoDamage__9daAlink_cFv
800C0008:checkMagicArmorWearAbility__9daAlink_cCFv
80031C9C:checkMagneA__12daTagMagne_cFv
80031CF0:checkMagneB__12daTagMagne_cFv
800E3194:checkMagneBootsFly__9daAlink_cFv
801416D8:checkMagneBootsOn__9daPy_py_cCFv
80031D44:checkMagneC__12daTagMagne_cFv
80031BF8:checkMagnetCode__12daTagMagne_cFR13cBgS_PolyInfo
8015F5A4:checkMasterSwordEquip__9daPy_py_cFv
801FD398:checkMemSize__5dMw_cFv
800D0BF8:checkMetamorphose__9daAlink_cCFv
80141AE8:checkMetamorphose__9daPy_py_cCFv
800D6FD0:checkMiddleBossGoronRoom__9daAlink_cFv
801373AC:checkMidnaDisappearMode__9daAlink_cCFv
801340FC:checkMidnaLockJumpPoint__9daAlink_cCFv
800978E4:checkMidnaRide__9daPy_py_cCFv
80141C28:checkMidnaTired__9daMidna_cFv
80129B64:checkMidnaUseAbility__9daAlink_cCFv
800D0398:checkModeFlg__9daAlink_cCFUl
800B9224:checkMoveDoAction__9daAlink_cFv
8020E720:checkMoveStatus__11dMeterMap_cFv
800C0CA8:checkNewItemChange__9daAlink_cFUc
80106798:checkNextActionBoard__9daAlink_cFv
800E0DF0:checkNextActionBoomerang__9daAlink_cFv
800DFA20:checkNextActionBow__9daAlink_cFv
800F4B30:checkNextActionCanoe__9daAlink_cFv
800E1E50:checkNextActionCopyRod__9daAlink_cFv
800B9F38:checkNextActionFromButton__9daAlink_cFv
800BB114:checkNextActionFromCrouch__9daAlink_cFi
800E537C:checkNextActionGrab__9daAlink_cFv
801097D4:checkNextActionHookshot__9daAlink_cFv
800EF65C:checkNextActionHorse__9daAlink_cFv
80115604:checkNextActionIronBall__9daAlink_cFv
80100AF8:checkNextActionRoofHang__9daAlink_cFv
80102BD4:checkNextActionSwim__9daAlink_cFv
801374C0:checkNextActionWolfFromLie__9daAlink_cFv
80129D50:checkNextActionWolf__9daAlink_cFi
800BA2DC:checkNextAction__9daAlink_cFi
8010B92C:checkNextHookPoint__9daAlink_cFv
80182F84:checkNoAttention__12daTagMhint_cCFv
80182F70:checkNoAttention__12daTagMstop_cCFv
800AA7F4:checkNoCollisionCorret__9daAlink_cFv
800978D8:checkNoDraw__9daMidna_cCFv
800D0A58:checkNoEquipItem__9daAlink_cCFv
801419A4:checkNoEquipItem__9daPy_py_cCFv
800D7138:checkNoLandDamageSlidePolygon__9daAlink_cFv
8014161C:checkNoResetFlg0__9daPy_py_cCFQ29daPy_py_c9daPy_FLG0
801416CC:checkNoResetFlg2__9daPy_py_cCFQ29daPy_py_c9daPy_FLG2
801413E0:checkNoResetFlg3__9daPy_py_cCFQ29daPy_py_c9daPy_FLG3
800CE4A0:checkNoSubjectModeCamera__9daAlink_cFv
800B9460:checkNoUpperAnime__9daAlink_cCFv
800B8580:checkNormalAction__9daAlink_cFv
80037EC4:checkNormalRideMode__10e_wb_classCFv
800C083C:checkNotAutoJumpStage__9daAlink_cFv
800C07A0:checkNotBattleStage__9daAlink_cFv
800F8BEC:checkNotCrawlStand__9daAlink_cFP4cXyz
800F8C5C:checkNotCrawlStand__9daAlink_cFP4cXyzP4cXyz
800C07E8:checkNotHeavyBootsStage__9daAlink_cFv
800B1D74:checkNotItemSinkLimit__9daAlink_cFv
800B1D34:checkNotJumpSinkLimit__9daAlink_cFv
80293020:checkNoteStop__8JASTrackCFUl
8015F630:checkNowWolfEyeUp__9daPy_py_cFv
8015A5F0:checkObstacleSub__11PathTrace_cFP10fopAc_ac_c
8015A57C:checkObstacle__11PathTrace_cFP10fopAc_ac_c
800D0CD4:checkOctaIealHang__9daAlink_cCFv
80141AB0:checkOctaIealHang__9daPy_py_cCFv
80108B8C:checkOctaIealSpecialCollect__9daAlink_cFv
8010E790:checkOilBottleItemNotGet__9daAlink_cFUs
8015ED4C:checkOilBottleItem__9daPy_py_cFi
802D3048:checkOkAddress__7JKRAramFPUcUlP12JKRAramBlockUl
800B94DC:checkOneHandItemEquipAnime__9daAlink_cCFv
8015ED74:checkOpenBottleItem__9daPy_py_cFi
8024A7E0:checkOpenDoor__10dMsgFlow_cFP10fopAc_ac_cPi
804529B0:checkOptionalCommand
80101D50:checkOxygenTimer__9daAlink_cFv
8032922C:checkPass__12J3DFrameCtrlFf
80159FCC:checkPathEnd__11PathTrace_cF4cXyzf
800D05C0:checkPlayerFly__9daAlink_cCFv
800775C4:checkPlayerFly__9daPy_py_cCFv
8015D5D8:checkPlayerGet__8daItem_cFv
800DD110:checkPlayerGuardAndAttack__9daAlink_cCFv
800DD078:checkPlayerGuard__9daAlink_cCFv
80141770:checkPlayerGuard__9daPy_py_cCFv
800CF550:checkPlayerNoDraw__9daAlink_cFv
801418D8:checkPlayerNoDraw__9daPy_py_cFv
801D7C58:checkPlayerWarpAccept__17dMenu_Fmap2DTop_cFv
80141930:checkPointSubWindowMode__9daPy_py_cCFv
80159E20:checkPoint__11PathTrace_cF4cXyzf
800D7A2C:checkPolyDamage__9daAlink_cFv
80101EC4:checkPossibleWaterInMode__9daAlink_cCFv
800D0B54:checkPriActorOwn__9daAlink_cCFPC10fopAc_ac_c
801419E4:checkPriActorOwn__9daPy_py_cCFPC10fopAc_ac_c
80256C20:checkProgSelect__10dScnLogo_cFv
800E8354:checkPullBehindWall__9daAlink_cFv
800E82B0:checkPushPullTurnBlock__9daAlink_cFv
800B921C:checkRAction__9daAlink_cFv
800B8B3C:checkReadyItem__9daAlink_cFv
800ECB04:checkReinRideBgCheck__9daAlink_cFv
800D02F8:checkReinRide__9daAlink_cCFv
8014CE44:checkRemoveJoint__8daNpcT_cFi
800B4988:checkRequestTalkActor__9daAlink_cFP10dAttList_cP10fopAc_ac_c
802E1A6C:checkResetCallback__10JUTGamePadFx
80141604:checkResetFlg0__9daPy_py_cCFQ29daPy_py_c10daPy_RFLG0
802E1DA4:checkResetSwitch__10JUTGamePadFv
800B35F0:checkRestHPAnime__9daAlink_cFv
80118D40:checkRestartDead__9daAlink_cFii
800BE5F0:checkRestartRoom__9daAlink_cFv
800D00BC:checkRideOn__9daAlink_cCFv
80182CE4:checkRide__9daPy_py_cCFv
8019ADDC:checkRightTrigger__13dShopSystem_cFP9STControl
801E3D8C:checkRightTrigger__14dMenu_Option_cFv
80032550:checkRightTrigger__9STControlFv
800D07CC:checkRollJump__9daAlink_cCFv
80141800:checkRollJump__9daPy_py_cCFv
80100874:checkRoofHangMovePos__9daAlink_cFv
800BE4CC:checkRoofRestart__9daAlink_cFv
80024590:checkRoomDisp__20dStage_roomControl_cCFi
800C05F4:checkRoomOnly__9daAlink_cFv
8015F86C:checkRoomRestartStart__9daPy_py_cFv
800C06C0:checkRoomSpecial__9daAlink_cFv
800C072C:checkRoom__9daAlink_cFv
801418E0:checkRopeTag__9daPy_py_cFv
800BED04:checkSceneChange__9daAlink_cFi
800B49C0:checkServiceWaitMode__9daAlink_cFv
800E7AA0:checkSetChainPullAnime__9daAlink_cFs
800C0370:checkSetItemTrigger__9daAlink_cFi
80115F14:checkSetNpcTks__9daAlink_cFP4cXyzii
80141950:checkSetNpcTks__9daPy_py_cFP4cXyzii
800DC7E8:checkShieldAttackEmphasys__9daAlink_cFv
800CB748:checkShieldDraw__9daAlink_cFv
8014141C:checkShieldGet__9daPy_py_cFv
8019AD7C:checkShopOpen__13dShopSystem_cFv
800B9354:checkSideRollAction__9daAlink_cFi
800D0620:checkSideStep__9daAlink_cCFv
80141780:checkSideStep__9daPy_py_cCFv
800BF70C:checkSightLine__9daAlink_cFfP4cXyz
802F9634:checkSignature__9J2DScreenFP20JSURandomInputStream
800D09E0:checkSingleBoarBattleSecondBowReady__9daAlink_cCFv
80141928:checkSingleBoarBattleSecondBowReady__9daPy_py_cCFv
800D0BC0:checkSinkDead__9daAlink_cCFv
80141B18:checkSinkDead__9daPy_py_cCFv
800B6178:checkSlideAction__9daAlink_cFv
800B23F8:checkSlope__9daAlink_cCFv
800D0254:checkSmallUpperGuardAnime__9daAlink_cCFv
80105CC8:checkSnowCodePolygon__9daAlink_cFR13cBgS_PolyInfo
80105CA4:checkSnowCode__9daAlink_cCFv
800D0344:checkSpecialDemoMode__9daAlink_cCFv
800DC7B0:checkSpecialNpc__9daAlink_cFP10fopAc_ac_c
8010DCA4:checkSpinnerPathMove__9daAlink_cFv
80141A0C:checkSpinnerPathMove__9daPy_py_cFv
8015FA20:checkSpinnerReflectEffect__9daPy_py_cFv
800CF4D4:checkSpinnerRide__9daAlink_cCFv
80097990:checkSpinnerRide__9daPy_py_cCFv
8010DD34:checkSpinnerTriggerAttack__9daAlink_cFv
80141A14:checkSpinnerTriggerAttack__9daPy_py_cFv
801CB834:checkStRoomData__12dMenu_Fmap_cFv
8009DC6C:checkStageName__9daAlink_cFPCc
802618A8:checkStartAnimeEnd__21dDlst_TimerScrnDraw_cFv
8004895C:checkStartDemo__16dEvent_manager_cFv
8003203C:checkStateCarry__7dBomb_cFv
8021FA74:checkStatus__9dMeter2_cFv
80223A98:checkSubContents__9dMeter2_cFv
800CE834:checkSubjectAction__9daAlink_cFv
800CEDE4:checkSubjectEnd__9daAlink_cFi
800EAA50:checkSumouVsActor__9daAlink_cFv
800D0488:checkSumouWithstand__9daAlink_cCFv
80141A68:checkSumouWithstand__9daPy_py_cCFv
80102D28:checkSwimAction__9daAlink_cFi
801040EC:checkSwimButtonAccept__9daAlink_cFv
80104130:checkSwimButtonMove__9daAlink_cFv
801035A4:checkSwimFall__9daAlink_cFv
801041F4:checkSwimNeckUpDown__9daAlink_cCFv
801035D8:checkSwimOutAction__9daAlink_cFv
80103264:checkSwimUpAction__9daAlink_cFv
800CB68C:checkSwordDraw__9daAlink_cFv
800D10A4:checkSwordEquipAnime__9daAlink_cCFv
801415E4:checkSwordGet__9daPy_py_cFv
800B759C:checkSwordTwirlAction__9daAlink_cFv
800B95D8:checkSwordTwirlAnime__9daAlink_cCFv
80182BEC:checkThrowDamage__9daPy_py_cCFv
8015EDE4:checkTradeItem__9daPy_py_cFi
8009BF58:checkTreasureBox__7dTres_cFPQ27dTres_c6data_s
8011A908:checkTreasureRupeeReturn__9daAlink_cCFi
80141A4C:checkTreasureRupeeReturn__9daPy_py_cCFi
8023ECE4:checkTriggerA__17dMsgScrnExplain_cFv
8023ECF8:checkTriggerB__17dMsgScrnExplain_cFv
80032244:checkTrigger__9STControlFv
80182F28:checkTurnStandCamera__9daHorse_cCFv
80128A18:checkUnderMove0BckNoArcWolf__9daAlink_cCFQ29daAlink_c12daAlink_WANM
800AC764:checkUnderMove0BckNoArc__9daAlink_cCFQ29daAlink_c11daAlink_ANM
800AC7C0:checkUnderMove1BckNoArc__9daAlink_cCFQ29daAlink_c11daAlink_ANM
80104114:checkUpSwimButtonAccept__9daAlink_cFv
800325CC:checkUpTrigger__9STControlFv
800E59B8:checkUpperGrabItemThrow__9daAlink_cFf
800DCFFC:checkUpperGuardAnime__9daAlink_cCFv
800E0D64:checkUpperItemActionBoomerangFly__9daAlink_cFv
800E0CA8:checkUpperItemActionBoomerang__9daAlink_cFv
800DF9A4:checkUpperItemActionBowFly__9daAlink_cFv
800DF2C8:checkUpperItemActionBow__9daAlink_cFv
800E1DC0:checkUpperItemActionCopyRodFly__9daAlink_cFv
800E1CE8:checkUpperItemActionCopyRod__9daAlink_cFv
800B76C0:checkUpperItemActionFly__9daAlink_cFv
80109490:checkUpperItemActionHookshot__9daAlink_cFv
80115460:checkUpperItemActionIronBall__9daAlink_cFv
800B77F8:checkUpperItemAction__9daAlink_cFv
800BB18C:checkUpperReadyThrowAnime__9daAlink_cCFv
80110A88:checkUseKandelaar__9daAlink_cFi
801419D4:checkUseKandelaar__9daPy_py_cFi
80274CA8:checkUserIndexDuplication__18JPAResourceManagerCFUs
800346F8:checkVibration__19dSv_player_config_cCFv
800B5AF8:checkWaitAction__9daAlink_cFv
80037DAC:checkWait__10e_wb_classFv
801D7E1C:checkWarpAcceptCannon__17dMenu_Fmap2DTop_cFv
801D7D78:checkWarpAcceptRegion4__17dMenu_Fmap2DTop_cFv
801D7CCC:checkWarpAcceptRegion__17dMenu_Fmap2DTop_cFi
8011FBF8:checkWarpStart__9daAlink_cFv
8003209C:checkWaterBomb__7dBomb_cFP10fopAc_ac_c
80110998:checkWaterInKandelaarOffset__9daAlink_cFf
801109C8:checkWaterInKandelaar__9daAlink_cFf
80050DF4:checkWaterIn__7dPaPo_cFP4cXyzPC4cXyzPC12dKy_tevstr_cUlScff
800B1694:checkWaterPolygonUnder__9daAlink_cFv
800B95A4:checkWindDashAnime__9daAlink_cCFv
800A7BF8:checkWindSpeedOnAngleAnime__9daAlink_cCFi
800A7B5C:checkWindSpeedOnAngle__9daAlink_cCFv
800A7CC8:checkWindWallRate__9daAlink_cFRC4cXyz
8012C514:checkWolfAtnDoCharge__9daAlink_cFv
80129118:checkWolfAtnMoveBack__9daAlink_cFs
801289A4:checkWolfAtnWait__9daAlink_cFv
801395B0:checkWolfAttackAction__9daAlink_cFv
8012A434:checkWolfAttackReverse__9daAlink_cFi
8012A53C:checkWolfBarrierHitReverse__9daAlink_cFv
8012A628:checkWolfBarrierWallHit__9daAlink_cFR13cBgS_PolyInfo
800D07F4:checkWolfChain__9daAlink_cCFv
80141810:checkWolfChain__9daPy_py_cCFv
801394F0:checkWolfComboCnt__9daAlink_cFv
800D05E8:checkWolfDash__9daAlink_cCFv
8001E1C8:checkWolfDash__9daPy_py_cCFv
800D086C:checkWolfDig__9daAlink_cCFv
80141840:checkWolfDig__9daPy_py_cCFv
800D0C20:checkWolfDownAttackPullOut__9daAlink_cCFv
80141AF0:checkWolfDownAttackPullOut__9daPy_py_cCFv
800D0B68:checkWolfEnemyBiteAllOwn__9daAlink_cCFPC10fopAc_ac_c
801419F4:checkWolfEnemyBiteAllOwn__9daPy_py_cCFPC10fopAc_ac_c
80138E50:checkWolfEnemyThrowAction__9daAlink_cFv
800D031C:checkWolfEnemyThrowAnime__9daAlink_cCFv
80129C8C:checkWolfGroundSpecialMode__9daAlink_cFv
800D06B0:checkWolfHowlDemoMode__9daAlink_cCFv
801417A0:checkWolfHowlDemoMode__9daPy_py_cCFv
800D0CB0:checkWolfHowlSuccessAnime__9daAlink_cCFv
80141B30:checkWolfHowlSuccessAnime__9daPy_py_cCFv
800D081C:checkWolfJumpAttack__9daAlink_cCFv
80141820:checkWolfJumpAttack__9daPy_py_cCFv
80129A88:checkWolfLandAction__9daAlink_cFi
80137604:checkWolfLieCode__9daAlink_cFv
80137408:checkWolfLieContinue__9daAlink_cFi
801399B0:checkWolfLockAttackChargeState__9daAlink_cFv
80139254:checkWolfLockData__9daAlink_cFv
80139328:checkWolfLock__9daAlink_cCFP10fopAc_ac_c
801418AC:checkWolfLock__9daPy_py_cCFP10fopAc_ac_c
800D0830:checkWolfRSit__9daAlink_cCFv
80141828:checkWolfRSit__9daPy_py_cCFv
800D07B8:checkWolfRopeHang__9daAlink_cCFv
801417F8:checkWolfRopeHang__9daPy_py_cCFv
8013165C:checkWolfRopeHit__9daAlink_cCFP12dCcD_GObjInfPC4cXyzi
80131834:checkWolfRopeJumpHang__9daAlink_cFv
80131614:checkWolfRope__9daAlink_cFv
801417F0:checkWolfRope__9daPy_py_cFv
80127F74:checkWolfShapeReverse__9daAlink_cCFv
80127FD0:checkWolfSideStep__9daAlink_cCFv
8012812C:checkWolfSlowDash__9daAlink_cFv
800D07A4:checkWolfTagLockJumpLand__9daAlink_cCFv
801417E8:checkWolfTagLockJumpLand__9daPy_py_cCFv
800D077C:checkWolfTagLockJump__9daAlink_cCFv
801417E0:checkWolfTagLockJump__9daPy_py_cCFv
800D0650:checkWolfTriggerJump__9daAlink_cCFv
80141788:checkWolfTriggerJump__9daPy_py_cCFv
80129BB4:checkWolfUseAbility__9daAlink_cFv
8012C1B4:checkWolfWaitSlipPolygon__9daAlink_cFv
800D0808:checkWolfWait__9daAlink_cCFv
80141818:checkWolfWait__9daPy_py_cCFv
801415D8:checkWolf__9daPy_py_cCFv
800DCC38:checkWoodShieldEquipNotIronBall__9daAlink_cCFv
8015F5D0:checkWoodShieldEquip__9daPy_py_cFv
8015D61C:checkYogan__8daItem_cFv
800B3B10:checkZeroSpeedF__9daAlink_cCFv
801041A0:checkZoraSwimMove__9daAlink_cFv
800BFFBC:checkZoraWearAbility__9daAlink_cCFv
80101A9C:checkZoraWearMaskDraw__9daAlink_cFv
802D0F90:check__10JKRExpHeapFv
802D1E6C:check__12JKRSolidHeapFv
802D2214:check__13JKRAssertHeapFv
8003157C:check__7daSus_cFP10fopAc_ac_c
800314DC:check__7daSus_cFScRC4cXyz
80031170:check__Q27daSus_c6data_cFP10fopAc_ac_c
800310E0:check__Q27daSus_c6data_cFRC4cXyz
80070DD0:check_distace__FP4cXyzsP4cXyzffff
80070BF0:check_event_condition__FUlUs
80070C5C:check_flontofplayer__FUlss
8009B8F4:check_itemno__Fi
802D6578:check_mount_already__10JKRArchiveFlP7JKRHeap
8016C53C:check_owner_action1__22@unnamed@d_camera_cpp@FUlUl
8016C574:check_owner_action__22@unnamed@d_camera_cpp@FUlUl
80017288:checkspace__15mDoMemCd_Ctrl_cFv
80256920:childPaneBackupAlpha__17CPaneMgrAlphaMorfFP7J2DPane
802564E8:childPaneCount__13CPaneMgrAlphaFP7J2DPane
80256554:childPaneGetAlpha__13CPaneMgrAlphaFP7J2DPane
80254AA0:childPaneGetSize__8CPaneMgrFP7J2DPane
802569B0:childPaneSetAlphaMorf__17CPaneMgrAlphaMorfFP7J2DPanef
802565E4:childPaneSetAlpha__13CPaneMgrAlphaFP7J2DPaneUc
80254BBC:childPaneSetSize__8CPaneMgrFP7J2DPaneff
80153C84:chkActorInArea__8daNpcF_cFP10fopAc_ac_c4cXyz4cXyzs
80153DE8:chkActorInAttnArea__8daNpcF_cFP10fopAc_ac_cP10fopAc_ac_ci
8015493C:chkActorInSight2__8daNpcF_cFP10fopAc_ac_cfs
80153BFC:chkActorInSight__8daNpcF_cFP10fopAc_ac_cf
8014ADDC:chkActorInSight__8daNpcT_cFP10fopAc_ac_cfs
80070BA0:chkAttMask__12dAttention_cFUlUl
800870EC:chkCameraPoint__4dCcSFRC4cXyzPQ214cCcD_ShapeAttr5ShapeP10fopAc_ac_cP10fopAc_ac_c
80037C24:chkDead__12daItemBase_cFv
80037BFC:chkDraw__12daItemBase_cFv
801530D0:chkEndAnm__8daNpcF_cFP12J3DFrameCtrlf
80153030:chkEndAnm__8daNpcF_cFf
8014B028:chkFindActor__8daNpcT_cFP10fopAc_ac_cis
80154BEC:chkFindPlayer2__8daNpcF_cFis
8014B2D4:chkFindWolf__8daNpcT_cFsiiffffi
80145350:chkFlag__12daItemBase_cFi
80182B8C:chkFlag__9dCamera_cFUl
8003EDD0:chkGetCompass__10dMapInfo_nFv
8003EE08:chkGetMap__10dMapInfo_nFv
80146394:chkPassed1__13daNpcT_Path_cF4cXyzi
801466E4:chkPassed2__13daNpcT_Path_cF4cXyzP4cXyzii
80150C88:chkPassedDst__13daNpcF_Path_cF4cXyz
80150C30:chkPassed__13daNpcF_Path_cF4cXyz
8014DC70:chkPnt__16daBaseNpc_path_cF4cXyz
80154B00:chkPointInArea__8daNpcF_cF4cXyz4cXyz4cXyzs
80154A40:chkPointInArea__8daNpcF_cF4cXyz4cXyzfffs
8014AFAC:chkPointInArea__8daNpcT_cF4cXyz4cXyz4cXyzs
8014AEFC:chkPointInArea__8daNpcT_cF4cXyz4cXyzfffs
8007ECF4:chkPolyThrough__8dBgWKColCFP5dBgPcP16cBgS_PolyPassChkP15cBgS_GrpPassChkR4cXyz
80031DB8:chkSaveFlag__12daObjCarry_cFv
80031E34:chkSttsFlag__12daObjCarry_cFiUc
8014B230:chkWolfAction__8daNpcT_cFv
8014CEA4:chkXYItems__8daNpcT_cFv
8045262C:chk_type_num__12dAttention_c
80452628:chk_type_tbl__12dAttention_c
803C4EF8:choice$4682
80197A60:chooseItem3__13dShopSystem_cFUc
801984A8:chooseItem4__13dShopSystem_cFUc
80198028:chooseItem5__13dShopSystem_cFUc
8039356C:chuchuLocalOffset$41952
80393578:chuchuScale$41953
801EF400:clacEllipseFunction__12dMenu_Ring_cFfff
801EF464:clacEllipsePlotAverage__12dMenu_Ring_cFiff
8029049C:clamp<s,l>__7JASCalcFl
8029F1B0:clamp__14JASSoundParamsFv
802F93A8:clean__9J2DScreenFv
8004AE58:cleanupModel__18dPa_modelEcallBackFP14JPABaseEmitter
8004C184:cleanup__13dPa_control_cFv
8004FCBC:cleanup__18dPa_levelEcallBackFv
800503B4:cleanup__19dPa_followEcallBackFv
8004B938:cleanup__Q213dPa_control_c7level_cFv
8004A9BC:cleanup__Q218dPa_modelEcallBack7model_cFv
8004B6DC:cleanup__Q313dPa_control_c7level_c9emitter_cFv
803A5724:clear$2359
802F8E04:clearAnmTransform__7J2DPaneFv
80053CD0:clearAnmTransform__9J2DScreenFv
80452618:clearColor$5435
80123124:clearCutTurnEffectID__9daAlink_cFv
8015EF08:clearData__16daPy_actorKeep_cFv
80273D58:clearEfb__10JFWDisplayF8_GXColor
80273D9C:clearEfb__10JFWDisplayFiiii8_GXColor
80273D2C:clearEfb__10JFWDisplayFv
80273CB8:clearEfb_init__10JFWDisplayFv
80125034:clearFirePointDamageEffect__9daAlink_cFi
802E1E24:clearForReset__10JUTGamePadFv
80051554:clearFourAllID__8dPaPoF_cFv
8005126C:clearID__7dPaPo_cFPUlPUc
801C4694:clearIconInfo__16dMenuMapCommon_cFv
802E6014:clearIndex__6JUTXfbFv
8002B43C:clearItemBombNumCount__14dComIfG_play_cFUc
802BDBA8:clearMicState__9Z2SpotMicFi
8022FFBC:clearOutfontLength__26jmessage_string_tReferenceFi
8027F154:clearResourceManager__17JPAEmitterManagerFUc
80034E28:clearRoomItem__13dSv_zoneBit_cFv
80034E1C:clearRoomSwitch__13dSv_zoneBit_cFv
800426E4:clearSkipSystem__14dEvt_control_cFv
800513C4:clearTwoAllID__8dPaPoT_cFv
801257C8:clearWoodShieldBurnEffect__9daAlink_cFv
802E83EC:clear__10JUTConsoleFv
802E16D0:clear__10JUTGamePadFv
802E6860:clear__10JUTProcBarFv
80326B88:clear__12J3DModelDataFv
803303A8:clear__16J3DMaterialTableFv
802E201C:clear__Q210JUTGamePad6CStickFv
802E1E50:clear__Q210JUTGamePad7CButtonFv
802E23D8:clear__Q210JUTGamePad7CRumbleFP10JUTGamePad
802E23B4:clear__Q210JUTGamePad7CRumbleFv
800415B8:clear_tmpflag_for_message__21@unnamed@d_event_cpp@Fv
803C6000:clear_z_TX
80432FB0:clear_z_tobj
802746FC:clip__11J3DUClipperCFPA4_Cf3Vecf
80274844:clip__11J3DUClipperCFPA4_CfP3VecP3Vec
802F8064:clip__7J2DPaneFRCQ29JGeometry8TBox2<f>
80260D98:closeAnime__21dDlst_TimerScrnDraw_cFv
802929B8:closeChild__8JASTrackFUl
80192318:closeInit__15dFile_warning_cFv
80046ED0:closeProc__16dEvent_manager_cFP12dEvDtEvent_c
8023B7EC:closeProc__17dMsgScrn3Select_cFv
801F1EBC:closeSelect2__12dMenu_save_cFv
801F1DFC:closeSelect__12dMenu_save_cFv
802DA738:close__10JKRDvdFileFv
802928C8:close__8JASTrackFv
8023EAE0:close_init__17dMsgScrnExplain_cFv
801DC5A8:close_init__19dMenu_ItemExplain_cFv
801942A8:close_init__8dScope_cFv
8023EAEC:close_proc__17dMsgScrnExplain_cFv
801DC5B4:close_proc__19dMenu_ItemExplain_cFv
801942AC:close_proc__8dScope_cFv
80144958:clothCreate__12daItemBase_cFv
80061568:cloud_shadow_move__Fv
80182B78:clrFlag__9dCamera_cFUl
802948F0:clrIntrMask__10JASSeqCtrlFUl
8014A530:clrParam__8daNpcT_cFv
801521EC:clrRotAngle__15daNpcF_Lookat_cFv
80031DA0:clrSaveFlag__12daObjCarry_cFv
80452868:cm2hw$539
804528C8:cm2hw$552
802959B4:cmdBankPrg__12JASSeqParserFP8JASTrackPUl
802959D0:cmdBank__12JASSeqParserFP8JASTrackPUl
8029571C:cmdBusConnect__12JASSeqParserFP8JASTrackPUl
80295048:cmdCallF__12JASSeqParserFP8JASTrackPUl
802951CC:cmdCallTable__12JASSeqParserFP8JASTrackPUl
8029501C:cmdCall__12JASSeqParserFP8JASTrackPUl
80295570:cmdCheckPortExport__12JASSeqParserFP8JASTrackPUl
80295524:cmdCheckPortImport__12JASSeqParserFP8JASTrackPUl
802954AC:cmdChildReadPort__12JASSeqParserFP8JASTrackPUl
802953F8:cmdChildWritePort__12JASSeqParserFP8JASTrackPUl
80294FF0:cmdCloseTrack__12JASSeqParserFP8JASTrackPUl
802957B4:cmdClrI__12JASSeqParserFP8JASTrackPUl
80295788:cmdDisInterrupt__12JASSeqParserFP8JASTrackPUl
80295E88:cmdDump__12JASSeqParserFP8JASTrackPUl
8029563C:cmdEnvScaleSet__12JASSeqParserFP8JASTrackPUl
8029568C:cmdEnvSet__12JASSeqParserFP8JASTrackPUl
802958E4:cmdFIRSet__12JASSeqParserFP8JASTrackPUl
802958D4:cmdFinish__12JASSeqParserFP8JASTrackPUl
8044E7E0:cmdFixDevice$327
80295970:cmdIIRCutOff__12JASSeqParserFP8JASTrackPUl
8029591C:cmdIIRSet__12JASSeqParserFP8JASTrackPUl
80295820:cmdIntTimer__12JASSeqParserFP8JASTrackPUl
80295140:cmdJmpF__12JASSeqParserFP8JASTrackPUl
80295198:cmdJmpTable__12JASSeqParserFP8JASTrackPUl
80295128:cmdJmp__12JASSeqParserFP8JASTrackPUl
80295248:cmdLoopE__12JASSeqParserFP8JASTrackPUl
8029521C:cmdLoopS__12JASSeqParserFP8JASTrackPUl
802958DC:cmdNop__12JASSeqParserFP8JASTrackPUl
802952F4:cmdNoteOff__12JASSeqParserFP8JASTrackPUl
802952B4:cmdNoteOn__12JASSeqParserFP8JASTrackPUl
80295270:cmdNote__12JASSeqParserFP8JASTrackPUl
80294F88:cmdOpenTrack__12JASSeqParserFP8JASTrackPUl
80295B2C:cmdParamEI__12JASSeqParserFP8JASTrackPUl
80295AB0:cmdParamE__12JASSeqParserFP8JASTrackPUl
80295A54:cmdParamII__12JASSeqParserFP8JASTrackPUl
802959F8:cmdParamI__12JASSeqParserFP8JASTrackPUl
80295444:cmdParentReadPort__12JASSeqParserFP8JASTrackPUl
802953BC:cmdParentWritePort__12JASSeqParserFP8JASTrackPUl
802959E4:cmdPrg__12JASSeqParserFP8JASTrackPUl
8029606C:cmdPrintf__12JASSeqParserFP8JASTrackPUl
80295328:cmdReadPort__12JASSeqParserFP8JASTrackPUl
80295D10:cmdRegLoad__12JASSeqParserFP8JASTrackPUl
80295DB4:cmdRegTblLoad__12JASSeqParserFP8JASTrackPUl
80295D40:cmdRegUni__12JASSeqParserFP8JASTrackPUl
80295BA8:cmdReg__12JASSeqParserFP8JASTrackPUl
802950D4:cmdRetF__12JASSeqParserFP8JASTrackPUl
802957E4:cmdRetI__12JASSeqParserFP8JASTrackPUl
8029509C:cmdRet__12JASSeqParserFP8JASTrackPUl
8029574C:cmdSetIntTable__12JASSeqParserFP8JASTrackPUl
8029575C:cmdSetInterrupt__12JASSeqParserFP8JASTrackPUl
80295604:cmdSetLastNote__12JASSeqParserFP8JASTrackPUl
802956C8:cmdSimpleADSR__12JASSeqParserFP8JASTrackPUl
8029583C:cmdSyncCPU__12JASSeqParserFP8JASTrackPUl
802958A4:cmdTempo__12JASSeqParserFP8JASTrackPUl
804536BC:cmdTypeAndStatus$372
804536B8:cmdTypeAndStatus$78
802955F4:cmdWaitByte__12JASSeqParserFP8JASTrackPUl
802955BC:cmdWait__12JASSeqParserFP8JASTrackPUl
80295388:cmdWritePort__12JASSeqParserFP8JASTrackPUl
80453524:cnt$2330
8045352C:cntUser$2379
801C1380:cnvPosTo2Dpos__20dMenu_StageMapCtrl_cCFffPfPf
8009DD70:coHitCallback__9daAlink_cFP10fopAc_ac_cP12dCcD_GObjInf
8037B3D8:col_dat$7609
801FA730:collect_close_init__5dMw_cFUc
801FB464:collect_close_proc__5dMw_cFv
801FAA5C:collect_fishing_close_init__5dMw_cFUc
801FBCC4:collect_fishing_close_proc__5dMw_cFv
801FAA58:collect_fishing_move_init__5dMw_cFUc
801FBC70:collect_fishing_move_proc__5dMw_cFv
801FA9FC:collect_fishing_open_init__5dMw_cFUc
801FBBE0:collect_fishing_open_proc__5dMw_cFv
801FABD0:collect_insect_close_init__5dMw_cFUc
801FBEC4:collect_insect_close_proc__5dMw_cFv
801FABCC:collect_insect_move_init__5dMw_cFUc
801FBE70:collect_insect_move_proc__5dMw_cFv
801FAB6C:collect_insect_open_init__5dMw_cFUc
801FBDE0:collect_insect_open_proc__5dMw_cFv
801FA9A4:collect_letter_close_init__5dMw_cFUc
801FBBC4:collect_letter_close_proc__5dMw_cFv
801FA9A0:collect_letter_move_init__5dMw_cFUc
801FBB70:collect_letter_move_proc__5dMw_cFv
801FA944:collect_letter_open_init__5dMw_cFUc
801FBAE0:collect_letter_open_proc__5dMw_cFv
801FA594:collect_move_init__5dMw_cFUc
801FB3D4:collect_move_proc__5dMw_cFv
801FA508:collect_open_init__5dMw_cFUc
801FB37C:collect_open_proc__5dMw_cFv
801FA924:collect_option_close_init__5dMw_cFUc
801FBAC4:collect_option_close_proc__5dMw_cFv
801FA920:collect_option_move_init__5dMw_cFUc
801FBA70:collect_option_move_proc__5dMw_cFv
801FA8CC:collect_option_open_init__5dMw_cFUc
801FBA00:collect_option_open_proc__5dMw_cFv
801FA8AC:collect_save_close_init__5dMw_cFUc
801FB99C:collect_save_close_proc__5dMw_cFv
801FA8A8:collect_save_move_init__5dMw_cFUc
801FB940:collect_save_move_proc__5dMw_cFv
801FA854:collect_save_open_init__5dMw_cFUc
801FB8E0:collect_save_open_proc__5dMw_cFv
801FAB14:collect_skill_close_init__5dMw_cFUc
801FBDC4:collect_skill_close_proc__5dMw_cFv
801FAB10:collect_skill_move_init__5dMw_cFUc
801FBD70:collect_skill_move_proc__5dMw_cFv
801FAAB4:collect_skill_open_init__5dMw_cFUc
801FBCE0:collect_skill_open_proc__5dMw_cFv
80255344:colorAnime__8CPaneMgrFsQ28JUtility6TColorQ28JUtility6TColorQ28JUtility6TColorQ28JUtility6TColorUc
8039ADC8:colorTable$3861
8039ADEC:colorTable$3877
80379D88:colorTable$3993
80176A04:colosseumCamera__9dCamera_cFl
8029F27C:combine__14JASSoundParamsFRC14JASSoundParamsRC14JASSoundParams
80452BF0:commandHeap
80452BC0:commandHeapErrors
8001706C:command_attach__15mDoMemCd_Ctrl_cFv
80016E0C:command_format__15mDoMemCd_Ctrl_cFv
8010ECD0:commonBottleDrink__9daAlink_cFi
800BA8AC:commonChangeItem__9daAlink_cFv
800BA2A8:commonCheckNextAction__9daAlink_cFi
80041AD8:commonCheck__14dEvt_control_cFP12dEvt_order_cUsUs
800D23DC:commonCutAction__9daAlink_cFv
800AC960:commonDoubleAnime__9daAlink_cFP15J3DAnmTransformP15J3DAnmTransformP15J3DAnmTransformP15J3DAnmTransformfffi
80120740:commonFallInit__9daAlink_cFi
80120680:commonGrabPutInit__9daAlink_cFv
8010BB78:commonHookshotRoofWait__9daAlink_cFv
8010BC78:commonHookshotWallWait__9daAlink_cFv
800ECC48:commonInitForceRideRein__9daAlink_cFv
801111EC:commonKandelaarPourInit__9daAlink_cFv
801112C4:commonKandelaarPour__9daAlink_cFi
8012070C:commonLargeDamageUpInit__9daAlink_cFiiss
800A23A4:commonLineCheck__9daAlink_cFP4cXyzP4cXyz
800E26BC:commonMagneLineCheck__9daAlink_cFP4cXyzP4cXyz
8010685C:commonProcBoardInit__9daAlink_cFQ29daAlink_c12daAlink_PROC
800C2FB0:commonProcInitNotSameProc__9daAlink_cFQ29daAlink_c12daAlink_PROC
800C2178:commonProcInit__9daAlink_cFQ29daAlink_c12daAlink_PROC
8010097C:commonRoofHangProc__9daAlink_cFv
800ACF4C:commonSingleAnime__9daAlink_cFP15J3DAnmTransformP15J3DAnmTransformffs
8012064C:commonWaitTurnInit__9daAlink_cFv
802E6028:common_init__6JUTXfbFi
80165EEC:compWallMargin__9dCamera_cFP4cXyzP4cXyzf
80282E94:composite_add__Q27JStudio24TFunctionValue_compositeFRCQ27JGadget44TVector_pointer<PQ27JStudio14TFunctionValue>RCQ37JStudio24TFunctionValue_composite5TDatad
80283084:composite_divide__Q27JStudio24TFunctionValue_compositeFRCQ27JGadget44TVector_pointer<PQ27JStudio14TFunctionValue>RCQ37JStudio24TFunctionValue_composite5TDatad
80282CC8:composite_index__Q27JStudio24TFunctionValue_compositeFRCQ27JGadget44TVector_pointer<PQ27JStudio14TFunctionValue>RCQ37JStudio24TFunctionValue_composite5TDatad
80283000:composite_multiply__Q27JStudio24TFunctionValue_compositeFRCQ27JGadget44TVector_pointer<PQ27JStudio14TFunctionValue>RCQ37JStudio24TFunctionValue_composite5TDatad
80282E2C:composite_parameter__Q27JStudio24TFunctionValue_compositeFRCQ27JGadget44TVector_pointer<PQ27JStudio14TFunctionValue>RCQ37JStudio24TFunctionValue_composite5TDatad
80282C5C:composite_raw__Q27JStudio24TFunctionValue_compositeFRCQ27JGadget44TVector_pointer<PQ27JStudio14TFunctionValue>RCQ37JStudio24TFunctionValue_composite5TDatad
80282F18:composite_subtract__Q27JStudio24TFunctionValue_compositeFRCQ27JGadget44TVector_pointer<PQ27JStudio14TFunctionValue>RCQ37JStudio24TFunctionValue_composite5TDatad
8004329C:compulsory__14dEvt_control_cFPvPCcUs
800E2648:concatMagneBootInvMtx__9daAlink_cFv
800E2608:concatMagneBootMtx__9daAlink_cFv
80294AF4:conditionCheck__12JASSeqParserFP8JASTrackQ212JASSeqParser15BranchCondition
801E51DC:confirm_close_init__14dMenu_Option_cFv
801E5274:confirm_close_move__14dMenu_Option_cFv
801E4FA8:confirm_move_init__14dMenu_Option_cFv
801E4FE4:confirm_move_move__14dMenu_Option_cFv
801E4DF8:confirm_open_init__14dMenu_Option_cFv
801E4ED4:confirm_open_move__14dMenu_Option_cFv
801E515C:confirm_select_init__14dMenu_Option_cFv
801E5160:confirm_select_move__14dMenu_Option_cFv
80292BAC:connectBus__8JASTrackFii
8029298C:connectChild__8JASTrackFUlP8JASTrack
8039D580:connect_table$463
80452ADC:console_position_x$3776
80452AE4:console_position_y$3779
80452AEC:console_scroll$3782
80396D18:cont_at$4145
80396DC8:cont_at$4196
80397BC8:cont_at$5842
80396D40:cont_bt$4146
80396DF0:cont_bt$4211
80397B78:cont_bt$5835
80397B28:cont_zt$5828
80436568:context$2230
802355A8:continueProc__12dMsgObject_cFv
802E63DC:control__8JUTFaderFv
800739FC:convPId__10dAttHint_cFUi
80073DD4:convPId__10dAttLook_cFUi
80073ABC:convPId__11dAttCatch_cFUi
8004341C:convPId__14dEvt_control_cFUi
802D6424:convStrLower__12JKRFileCacheCFPc
802BE72C:convertAbsToRel__10Z2AudienceFR3VecP3Veci
802BDA7C:convertAbsToRel__13Z2AudioCameraCFR3VecP3Vec
802BD9EC:convertAbsToRel__13Z2AudioCameraFP9Z2Audiblei
802E0EC4:convertSjis__10JUTResFontCFiPUs
80007B7C:convert__8mDoCPd_cFP27interface_of_controller_padP10JUTGamePad
80125AA8:copyBlur__14daAlink_blur_cFPC4cXyzPC4cXyzPC4cXyz
80184C54:copyBookIconAnm__14dFile_select_cFv
801E14B0:copyDMYMenu__14dMenu_Letter_cFv
80188440:copyDataToSelectCansel__14dFile_select_cFv
80188538:copyDataToSelectMoveAnmSet__14dFile_select_cFv
801886DC:copyDataToSelectMoveAnm__14dFile_select_cFv
80188228:copyDataToSelectStart__14dFile_select_cFv
801880E0:copyDataToSelect__14dFile_select_cFv
803120D0:copyLocalVtxArray__15J3DVertexBufferFUl
80311FB0:copyLocalVtxNrmArray__15J3DVertexBufferFUl
80311E90:copyLocalVtxPosArray__15J3DVertexBufferFUl
802CF918:copyMemory__7JKRHeapFPvPvUl
8002A10C:copyPalette__6dMap_cFiif
800297F4:copyPalette__6dMap_cFv
8018AA74:copyPaneMoveOk2__14dFile_select_cFv
8018A904:copyPaneMoveOk__14dFile_select_cFv
80393810:copyRodTop$60447
80187DF4:copySelMoveAnmInitSet__14dFile_select_cFii
80188A40:copySelectWakuAlpahAnmInit__14dFile_select_cFUcUcUcUc
80188A84:copySelectWakuAlpahAnm__14dFile_select_cFUc
80188BA0:copyToSelBack__14dFile_select_cFv
80188D60:copyToSelPaneMove__14dFile_select_cFv
80273374:copyXfb_triple__10JFWDisplayFv
80317B68:copy__11J3DMaterialFP11J3DMaterial
8036CE30:copysign
80396210:corner_tag$3707
8003EE90:correctionOriginPos__10dMapInfo_nFScP3Vec
8036CE58:cos
8036D83C:cosf
802E0048:countBlock__10JUTResFontFv
80315C28:countBumpMtxNum__8J3DShapeCFv
8031811C:countDLSize__10J3DPEBlockFv
80318114:countDLSize__11J3DIndBlockFv
80317090:countDLSize__11J3DMaterialFv
8031810C:countDLSize__11J3DTevBlockFv
803189BC:countDLSize__12J3DTevBlock1Fv
803189C4:countDLSize__12J3DTevBlock2Fv
803189CC:countDLSize__12J3DTevBlock4Fv
80318104:countDLSize__13J3DColorBlockFv
803189E4:countDLSize__13J3DPEBlockOpaFv
803189F4:countDLSize__13J3DPEBlockXluFv
803189D4:countDLSize__13J3DTevBlock16Fv
80318A04:countDLSize__14J3DPEBlockFullFv
803180FC:countDLSize__14J3DTexGenBlockFv
803189DC:countDLSize__15J3DIndBlockFullFv
803189A4:countDLSize__15J3DTexGenBlock4Fv
803189FC:countDLSize__16J3DPEBlockFogOffFv
803189EC:countDLSize__17J3DPEBlockTexEdgeFv
803189B4:countDLSize__18J3DTevBlockPatchedFv
803189AC:countDLSize__19J3DTexGenBlockBasicFv
80318994:countDLSize__20J3DColorBlockLightOnFv
80318984:countDLSize__21J3DColorBlockLightOffFv
8031899C:countDLSize__21J3DTexGenBlockPatchedFv
8031898C:countDLSize__22J3DColorBlockAmbientOnFv
802D6F50:countFile__10JKRArchiveCFPCc
802D60A0:countFile__12JKRFileCacheCFPCc
80337594:countMaterialNum__14J3DModelLoaderFPCv
802D6F0C:countResource__10JKRArchiveCFv
802F3A94:countStages__18J2DMaterialFactoryCFi
8033113C:countStages__18J3DMaterialFactoryCFi
80333DE0:countStages__22J3DMaterialFactory_v21CFi
80331104:countTexGens__18J3DMaterialFactoryCFi
80333DA8:countTexGens__22J3DMaterialFactory_v21CFi
803310BC:countUniqueMaterials__18J3DMaterialFactoryFv
80333D84:countUniqueMaterials__22J3DMaterialFactory_v21Fv
80005848:countUsed__FP10JKRExpHeap
80315724:countVertex__12J3DShapeDrawFUl
80397740:count_1$4094
80397770:count_unit_1$4095
800F87CC:crawlBgCheck__9daAlink_cFP4cXyzP4cXyzi
803937D4:crawlOffset$60141
804525A8:crear$2224
803A56E0:crear$2239
8003926C:createAmbient__14dDemo_object_cFv
80327164:createAnmMtx__12J3DMtxBufferFP12J3DModelData
8001FB14:createAppend__FP10fopAc_ac_cP4cXyzPUlPUlUi
80019BC4:createAppend__FUsUlPC4cXyziPC5csXyzPC4cXyzScUi
8001F760:createAppend__FiP4cXyzP4cXyz
8029A338:createBank__12JASBNKParserFPCvP7JKRHeap
8029A358:createBasicBank__12JASBNKParserFPCvP7JKRHeap
8029A83C:createBasicBank__Q212JASBNKParser4Ver0FPCvP7JKRHeap
8029A43C:createBasicBank__Q212JASBNKParser4Ver1FPCvP7JKRHeap
80299E34:createBasicWaveBank__11JASWSParserFPCvP7JKRHeap
80327464:createBumpMtxArray__12J3DMtxBufferFP12J3DModelDataUl
800391DC:createCamera__14dDemo_object_cFv
8027F960:createChild__14JPABaseEmitterFP15JPABaseParticle
803165A0:createColorBlock__11J3DMaterialFUl
8004BCA8:createCommon__13dPa_control_cFPCv
802E4DEC:createConsole__12JUTExceptionFPvUl
803272B8:createDoubleDrawMtx__12J3DMtxBufferFP12J3DModelDataUl
8004B194:createEmitter__19dPa_simpleEcallBackFP17JPAEmitterManager
801B9338:createExplain__14dMenu_DmapBg_cFv
801D7904:createExplain__17dMenu_Fmap2DTop_cFP10JKRExpHeapP9STControl
802E4808:createFB__12JUTExceptionFv
80039388:createFog__14dDemo_object_cFv
80260FE4:createGetIn__21dDlst_TimerScrnDraw_cF4cXyz
802621DC:createGetIn__8dTimer_cF4cXyz
801AE1B0:createHeap__10dThunder_cFv
8015F00C:createHeap__14daPy_anmHeap_cFQ214daPy_anmHeap_c16daAlinkHEAP_TYPE
800A4274:createHeap__9daAlink_cFv
802EB3C4:createIndBlock__11J2DMaterialFib
80316C78:createIndBlock__11J3DMaterialFi
803325D4:createLockedMaterial__18J3DMaterialFactoryCFP11J3DMaterialiUl
80272FDC:createManager__10JFWDisplayFPC16_GXRenderModeObjP7JKRHeapQ26JUTXfb10EXfbNumberb
802D2814:createManager__15JKRThreadSwitchFP7JKRHeap
802E8FF4:createManager__17JUTConsoleManagerFP7JKRHeap
802E61B8:createManager__6JUTXfbFP7JKRHeapQ26JUTXfb10EXfbNumber
802E5A54:createManager__8JUTVideoFPC16_GXRenderModeObj
80190DB4:createMaskModel__16dFile_select3D_cFv
801B726C:createMaskModel__17dMenu_Collect3D_cFv
803281CC:createMatPacket__8J3DModelFP12J3DModelDataUl
802FA17C:createMaterial__9J2DScreenFP20JSURandomInputStreamUlP10JKRArchive
800248EC:createMemoryBlock__20dStage_roomControl_cFiUl
80190F74:createMirrorModel__16dFile_select3D_cFv
801B741C:createMirrorModel__17dMenu_Collect3D_cFv
80331240:createNormalMaterial__18J3DMaterialFactoryCFP11J3DMaterialiUl
80115E5C:createNpcTks__9daAlink_cFP4cXyziUl
8028E424:createObject_JAI_SOUND___Q215JStudio_JAudio213TCreateObjectFRCQ47JStudio3stb4data20TParse_TBlock_objectPQ215JStudio_JAudio213TCreateObject
8028F308:createObject_JPA_PARTICLE___Q217JStudio_JParticle13TCreateObjectFRCQ47JStudio3stb4data20TParse_TBlock_objectPQ217JStudio_JParticle13TCreateObject
8028AEF4:createObject_JSG_<Q214JStudio_JStage12TAdaptor_fog,Q26JStage4TFog>__Q214JStudio_JStage21@unnamed@control_cpp@FRCQ47JStudio3stb4data20TParse_TBlock_objectPQ26JStage7TObjectPCQ26JStage7TSystem
8028AAE4:createObject_JSG_<Q214JStudio_JStage14TAdaptor_actor,Q26JStage6TActor>__Q214JStudio_JStage21@unnamed@control_cpp@FRCQ47JStudio3stb4data20TParse_TBlock_objectPQ26JStage7TObjectPCQ26JStage7TSystem
8028ADF0:createObject_JSG_<Q214JStudio_JStage14TAdaptor_light,Q26JStage6TLight>__Q214JStudio_JStage21@unnamed@control_cpp@FRCQ47JStudio3stb4data20TParse_TBlock_objectPQ26JStage7TObjectPCQ26JStage7TSystem
8028ABE8:createObject_JSG_<Q214JStudio_JStage15TAdaptor_camera,Q26JStage7TCamera>__Q214JStudio_JStage21@unnamed@control_cpp@FRCQ47JStudio3stb4data20TParse_TBlock_objectPQ26JStage7TObjectPCQ26JStage7TSystem
8028ACEC:createObject_JSG_<Q214JStudio_JStage21TAdaptor_ambientLight,Q26JStage13TAmbientLight>__Q214JStudio_JStage21@unnamed@control_cpp@FRCQ47JStudio3stb4data20TParse_TBlock_objectPQ26JStage7TObjectPCQ26JStage7TSystem
80316D60:createPEBlock__11J3DMaterialFUlUl
8022616C:createPane__10COutFont_cFv
802FA7E8:createPane__9J2DScreenFRC18J2DScrnBlockHeaderP20JSURandomInputStreamP7J2DPaneUl
802F9998:createPane__9J2DScreenFRC18J2DScrnBlockHeaderP20JSURandomInputStreamP7J2DPaneUlP10JKRArchive
8027F840:createParticle__14JPABaseEmitterFv
8002CA80:createParticle__14dComIfG_play_cFv
80331B84:createPatchedMaterial__18J3DMaterialFactoryCFP11J3DMaterialiUl
8004BE0C:createRoomScene__13dPa_control_cFv
80024508:createRoomScene__Fi
802CFBB4:createRoot__10JKRExpHeapFib
8004BFE0:createScene__13dPa_control_cFPCv
80328100:createShapePacket__8J3DModelFP12J3DModelData
8019A490:createShopItem__13dShopSystem_cFi
8027ECBC:createSimpleEmitterID__17JPAEmitterManagerFRCQ29JGeometry8TVec3<f>UsUcUcP18JPAEmitterCallBackP19JPAParticleCallBack
8002CAC4:createSimpleModel__14dComIfG_play_cFv
8029A064:createSimpleWaveBank__11JASWSParserFPCvP7JKRHeap
80261374:createStart__21dDlst_TimerScrnDraw_cFUs
8020F868:createString__14dMeterString_cFi
802EB210:createTevBlock__11J2DMaterialFib
80316904:createTevBlock__11J3DMaterialFi
803167A0:createTexGenBlock__11J3DMaterialFUl
803307C0:createTexMtxForAnimator__16J3DMaterialTableFP19J3DAnmTextureSRTKey
80290D04:createThread__6JASDvdFliUl
8001FBF8:createTimerAppend__FiUlUcUcffffUi
80007D9C:createTimg__FUsUsUl
80299DD8:createWaveBank__11JASWSParserFPCvP7JKRHeap
803271F0:createWeightEnvelopeMtx__12J3DMtxBufferFP12J3DModelData
8009BD08:createWork__7dTres_cFv
8003F918:createWork__8dMpath_cFv
800352D4:createZone__10dSv_info_cFi
802CFD00:create__10JKRExpHeapFPvUlP7JKRHeapb
802CFC2C:create__10JKRExpHeapFUlP7JKRHeapb
802E81E4:create__10JUTConsoleFUiPvUl
802E8154:create__10JUTConsoleFUiUiP7JKRHeap
802E67E0:create__10JUTProcBarFv
8003F864:create__10dMapInfo_cFv
8009C8DC:create__10dMdl_mng_cFv
802586A0:create__10dScnLogo_cFv
80259650:create__10dScnName_cFv
801AE6B0:create__10dThunder_cFv
80262954:create__11dkWpillar_cFv
80327058:create__12J3DMtxBufferFP12J3DModelDataUl
802D1824:create__12JKRSolidHeapFUlP7JKRHeapb
802E575C:create__12JUTAssertionFv
802E2C40:create__12JUTExceptionFP14JUTDirectPrint
8004921C:create__12diff_model_cFP12J3DModelDataiUc
802D4948:create__13JKRAramStreamFl
802D2168:create__13JKRAssertHeapFP7JKRHeap
80007E44:create__13mDoGph_gInf_cFv
8029DB4C:create__14JASAudioThreadFl
8000FD48:create__14mDoExt_McaMorfFP12J3DModelDataP25mDoExt_McaMorfCallBack1_cP25mDoExt_McaMorfCallBack2_cP15J3DAnmTransformifiiiPvUlUl
80337FD0:create__15J3DJointFactoryFi
80338200:create__15J3DShapeFactoryFiUlP14_GXVtxDescList
8012685C:create__15daAlink_sight_cFv
80011418:create__15mDoExt_McaMorf2FP12J3DModelDataP25mDoExt_McaMorfCallBack1_cP25mDoExt_McaMorfCallBack2_cP15J3DAnmTransformP15J3DAnmTransformifiiP10Z2CreatureUlUl
8027C9E8:create__16JPADynamicsBlockFP18JPAEmitterWorkData
80046840:create__16dEvent_manager_cFv
800108A4:create__16mDoExt_McaMorfSOFP12J3DModelDataP25mDoExt_McaMorfCallBack1_cP25mDoExt_McaMorfCallBack2_cP15J3DAnmTransformifiiP10Z2CreatureUlUl
802F3B1C:create__18J2DMaterialFactoryCFP11J2DMaterialiUlP15J2DResReferenceP15J2DResReferenceP10JKRArchive
803311C4:create__18J3DMaterialFactoryCFP11J3DMaterialQ218J3DMaterialFactory12MaterialTypeiUl
8004AC4C:create__18dPa_modelEcallBackFUc
8004B0C8:create__19dPa_simpleEcallBackFP17JPAEmitterManagerUsUc
80126120:create__20daAlink_lockCursor_cFv
80015C28:create__20mDoDvdThd_callback_cFPFPv_PvPv
80016348:create__21mDoDvdThd_toMainRam_cFPCcUcP7JKRHeap
8000E4F0:create__21mDoExt_invisibleModelFP8J3DModelUc
80333E68:create__22J3DMaterialFactory_v21CFP11J3DMaterialiUl
8003E158:create__23dMenu_Fmap_world_data_cFP24dMenu_Fmap_region_data_c
80015DC8:create__24mDoDvdThd_mountArchive_cFPCcUcP7JKRHeap
80016194:create__25mDoDvdThd_mountXArchive_cFPCcUcQ210JKRArchive10EMountModeP7JKRHeap
8009C780:create__6dMdl_cFP12J3DModelDataUsP12dKy_tevstr_c
802D2DA4:create__7JKRAramFUlUllll
800397A8:create__7dDemo_cFv
8009BD48:create__7dTres_cFv
8007E934:create__8dBgWKColFPvPv
8003FCA0:create__8dMpath_cFv
80007954:create__8mDoCPd_cFv
802DC480:create__9JKRDecompFl
800A5ED4:create__9daAlink_cFv
8001580C:create__9mDoDvdThdFl
80009544:create__Q213mDoGph_gInf_c7bloom_cFv
8028A960:create__Q214JStudio_JStage13TCreateObjectFPPQ27JStudio7TObjectRCQ47JStudio3stb4data20TParse_TBlock_object
8028E3B0:create__Q215JStudio_JAudio213TCreateObjectFPPQ27JStudio7TObjectRCQ47JStudio3stb4data20TParse_TBlock_object
8028F200:create__Q217JStudio_JParticle13TCreateObjectFPPQ27JStudio7TObjectRCQ47JStudio3stb4data20TParse_TBlock_object
80038004:create__Q220@unnamed@d_demo_cpp@29jstudio_tCreateObject_messageFPPQ27JStudio7TObjectRCQ47JStudio3stb4data20TParse_TBlock_object
80024ADC:create__Q220dStage_roomControl_c9roomDzs_cFUc
802863AC:create__Q27JStudio8TFactoryFRCQ47JStudio3stb4data20TParse_TBlock_object
8003C98C:create__Q28dMpath_n18dTexObjAggregate_cFv
802820BC:create__Q37JStudio3ctb8TFactoryFRCQ47JStudio3ctb4data13TParse_TBlock
80285760:create__Q37JStudio3fvb8TFactoryFRCQ47JStudio3fvb4data13TParse_TBlock
8028A3FC:create__Q37JStudio3stb8TFactoryFRCQ47JStudio3stb4data20TParse_TBlock_object
80432C8C:cross$2491
80270208:crossInfLin__8cM3dGPlaCFRC4cXyzRC4cXyzR4cXyz
8027002C:cross__8cM3dGCylCFPC8cM3dGCylP4cXyz
80270008:cross__8cM3dGCylCFPC8cM3dGSphP4cXyz
8027053C:cross__8cM3dGSphCFPC8cM3dGCylP4cXyz
80270510:cross__8cM3dGSphCFPC8cM3dGSphP4cXyz
802705B0:cross__8cM3dGTriCFPC8cM3dGCylP3Vec
803937E0:crouchOffset$60142
80268C48:ct__11cBgS_LinChkFv
8002CC8C:ct__13dComIfG_inf_cFv
8002B284:ct__14dComIfG_play_cFv
802647B0:ct__18cCcD_ObjCommonBaseFv
80083790:ct__22dCcD_GAtTgCoCommonBaseFv
80264810:ct__8cCcD_ObjFv
80272E40:ctor_subroutine__10JFWDisplayFb
80155DE4:ctrlBtk__8daNpcF_cFv
801492E0:ctrlBtk__8daNpcT_cFv
80149458:ctrlFaceMotion__8daNpcT_cFv
80149728:ctrlJoint__8daNpcT_cFP8J3DJointP8J3DModel
8014950C:ctrlMotion__8daNpcT_cFv
80153924:ctrlMsgAnm__8daNpcF_cFRiRiP10fopAc_ac_ci
801495C4:ctrlMsgAnm__8daNpcT_cFPiPiP10fopAc_ac_ci
8020E334:ctrlShowMap__11dMeterMap_cFv
8014CE20:ctrlSubFaceMotion__8daNpcT_cFi
80397A48:cur_tag$3868
80397A68:cur_tag$4092
80453730:currentDirectory
80180718:currentEvCamera__9dCamera_cFv
801E7FDC:cursorAnime__14dMenu_Option_cFf
8024F494:cursorAnm__7dName_cFv
801DA250:cursorMove__14dMenu_Insect_cFv
801B2204:cursorMove__17dMenu_Collect2D_cFv
801B2A44:cursorPosSet__17dMenu_Collect2D_cFv
800482AC:cutEnd__16dEvent_manager_cFi
803931A8:cutParamTable$19765
80393008:cutParamTable$7312
80393058:cutParamTable$7455
804550C4:cutSplashName$41756
8004BBA4:cutTable__Q213dPa_control_c7level_cFPQ313dPa_control_c7level_c9emitter_c
800159F0:cut__17mDoDvdThd_param_cFP19mDoDvdThd_command_c
80182F34:d2s__6cAngleFf
80075EAC:dBgS_CheckBGroundPoly__FRC13cBgS_PolyInfo
80075F1C:dBgS_CheckBRoofPoly__FRC13cBgS_PolyInfo
80075E3C:dBgS_CheckBWallPoly__FRC13cBgS_PolyInfo
80075F8C:dBgS_GetNY__FRC13cBgS_PolyInfo
80075BD4:dBgS_MoveBGProc_RotY__FP4dBgWPvRC13cBgS_PolyInfobP4cXyzP5csXyzP5csXyz
80075C74:dBgS_MoveBGProc_Trans__FP4dBgWPvRC13cBgS_PolyInfobP4cXyzP5csXyzP5csXyz
80075C08:dBgS_MoveBGProc_TypicalRotY__FP4dBgWPvRC13cBgS_PolyInfobP4cXyzP5csXyzP5csXyz
80075B54:dBgS_MoveBGProc_Typical__FP4dBgWPvRC13cBgS_PolyInfobP4cXyzP5csXyzP5csXyz
8007E5F0:dBgW_NewSet__FP6cBgD_tUlPA3_A4_f
801817FC:dCam_getAngleX__FP12camera_class
801817D8:dCam_getAngleY__FP12camera_class
8018184C:dCam_getBody__Fv
8018183C:dCam_getCamera__Fv
80181820:dCam_getControledAngleY__FP12camera_class
800848CC:dCcD_GetGObjInf__FP8cCcD_Obj
80182C04:dComIfG_Bgsp__Fv
8002F7D4:dComIfG_TimerDeleteCheck__Fi
8002F844:dComIfG_TimerDeleteRequest__Fi
8002F758:dComIfG_TimerEnd__Fii
8002F6E0:dComIfG_TimerReStart__Fi
8002F5D4:dComIfG_TimerStart__Fis
8002F668:dComIfG_TimerStop__Fi
8002CCFC:dComIfG_changeOpeningScene__FP11scene_classs
8002ECFC:dComIfG_getNowCalcRegion__Fv
8002F520:dComIfG_getOldStageRes__FPCc
8002F564:dComIfG_getRoomArcName__Fi
8002F4DC:dComIfG_getStageRes__FPCc
8002EA7C:dComIfG_getTrigA__FUl
8002B49C:dComIfG_get_timelayer__FPi
80408140:dComIfG_mTimerInfo
8002D0B0:dComIfG_resDelete__FP30request_of_phase_process_classPCc
8002CF64:dComIfG_resLoad__FP30request_of_phase_process_classPCc
8002D068:dComIfG_resLoad__FP30request_of_phase_process_classPCcP7JKRHeap
8002CDEC:dComIfG_resetToOpening__FP11scene_class
8002E9B8:dComIfGd_setShadow__FUlScP8J3DModelP4cXyzffffR13cBgS_PolyInfoP12dKy_tevstr_csfP9_GXTexObj
8002D15C:dComIfGd_setSimpleShadow__FP4cXyzffR13cBgS_PolyInfosfP9_GXTexObj
8002FB7C:dComIfGp_SelectWarpPt_get__Fv
8002FB54:dComIfGp_SelectWarpPt_set__FUc
8002FB68:dComIfGp_TargetWarpPt_get__Fv
8002FB40:dComIfGp_TargetWarpPt_set__FUc
8002FB90:dComIfGp_TransportWarp_check__Fv
8002E8E4:dComIfGp_addSelectItemNum__Fis
800D00D0:dComIfGp_att_getCatghTarget__Fv
8002EA98:dComIfGp_calcNowRegion__Fv
8002E3F0:dComIfGp_checkEmptySubHeap2D__Fv
8002B350:dComIfGp_checkItemGet__FUci
8002E150:dComIfGp_checkMapShow__Fv
80141514:dComIfGp_checkPlayerStatus0__FiUl
80141530:dComIfGp_checkPlayerStatus1__FiUl
8002E2D4:dComIfGp_createSubExpHeap2D__Fv
8002E384:dComIfGp_destroySubExpHeap2D__Fv
80141644:dComIfGp_event_chkEventFlag__FUs
801416B0:dComIfGp_event_runCheck__Fv
80182C60:dComIfGp_evmng_cameraPlay__Fv
80141670:dComIfGp_evmng_getMyStaffId__FPCcP10fopAc_ac_ci
800D0268:dComIfGp_evmng_startCheck__FPCc
80182BA8:dComIfGp_getAttention__Fv
80141B58:dComIfGp_getDoStatus__Fv
80141558:dComIfGp_getEventManager__Fv
80141504:dComIfGp_getEvent__Fv
801416E4:dComIfGp_getHorseActor__Fv
8002D254:dComIfGp_getMapTrans__FiPfPfPs
8002EF08:dComIfGp_getNowLevel__Fv
80141628:dComIfGp_getPlayerCameraID__Fi
800D0148:dComIfGp_getRStatus__Fv
8002D114:dComIfGp_getReverb__Fi
8002D354:dComIfGp_getRoomArrow__Fi
8002D304:dComIfGp_getRoomCamera__Fi
8002E730:dComIfGp_getSelectItemMaxNum__Fi
8002E668:dComIfGp_getSelectItemNum__Fi
8002DFC4:dComIfGp_getSelectItem__Fi
801414AC:dComIfGp_getStage__Fv
8002E478:dComIfGp_getSubHeap2D__Fi
8002EE88:dComIfGp_isLightDropMapVisible__Fv
8002E120:dComIfGp_mapHide__Fv
8002E0F0:dComIfGp_mapShow__Fv
8002E230:dComIfGp_offHeapLockFlag__Fi
8002F5A8:dComIfGp_ret_wp_set__FSc
8009249C:dComIfGp_saveCameraPosition__FiP4cXyzP4cXyzfs
8002E430:dComIfGp_searchUseSubHeap2D__Fi
801413A8:dComIfGp_setBottleStatus__FUcUc
8002E188:dComIfGp_setHeapLockFlag__FUc
800D01B0:dComIfGp_setItemLifeCount__FfUc
80141BAC:dComIfGp_setItemRupeeCount__Fl
8002D5FC:dComIfGp_setNextStage__FPCcsScSc
8002D3A4:dComIfGp_setNextStage__FPCcsScScfUliScsii
8002E7BC:dComIfGp_setSelectItemNum__Fis
8002DE9C:dComIfGp_setSelectItem__Fi
8002F5C0:dComIfGp_world_dark_get__Fv
8002F5AC:dComIfGp_world_dark_set__FUc
8002D9B8:dComIfGs_BossLife_public_Get__Fv
8002D9A4:dComIfGs_BossLife_public_Set__FSc
8002FB2C:dComIfGs_Grass_hide_Set__FSc
8002FAAC:dComIfGs_PolyDamageOff_Check__Fv
8002FA98:dComIfGs_PolyDamageOff_Set__FSc
8002F8B8:dComIfGs_Wolf_Change_Check__Fv
8002E4D0:dComIfGs_checkGetInsectNum__Fv
8002E574:dComIfGs_checkGetItem__FUc
8002EA1C:dComIfGs_gameStart__Fv
8002E660:dComIfGs_getBottleMax__Fv
800D0138:dComIfGs_getLife__Fv
8002DD50:dComIfGs_getMaxLifeGauge__Fv
8002DE70:dComIfGs_getMixItemIndex__Fi
80141B9C:dComIfGs_getRupee__Fv
8002DDE4:dComIfGs_getSelectMixItemNoArrowIndex__Fi
802BA79C:dComIfGs_getStartPoint__Fv
8002F398:dComIfGs_getWarpMarkFlag__Fv
8002F374:dComIfGs_getWarpPlayerAngleY__Fv
8002F364:dComIfGs_getWarpPlayerPos__Fv
8002F384:dComIfGs_getWarpRoomNo__Fv
8002F354:dComIfGs_getWarpStageName__Fv
8002D920:dComIfGs_isDungeonItemWarp__Fi
801415A8:dComIfGs_isEventBit__FUs
80141470:dComIfGs_isItemFirstBit__FUc
8002DCE4:dComIfGs_isOneZoneItem__Fii
8002DC0C:dComIfGs_isOneZoneSwitch__Fii
802BA894:dComIfGs_isSaveSwitch__Fi
8002D7E8:dComIfGs_isStageSwitch__Fii
8002D640:dComIfGs_isStageTbox__Fii
80182AB0:dComIfGs_isTmpBit__FUs
8002FD40:dComIfGs_isVisitedRoom__Fi
8002DC78:dComIfGs_isZoneItem__Fii
8002DAD8:dComIfGs_isZoneSwitch__Fii
8002DBA8:dComIfGs_offOneZoneSwitch__Fii
8002D75C:dComIfGs_offStageSwitch__Fii
8002FCE4:dComIfGs_offVisitedRoom__Fi
8002DA74:dComIfGs_offZoneSwitch__Fii
8002DB44:dComIfGs_onOneZoneSwitch__Fii
8002D878:dComIfGs_onStageBossEnemy__Fi
8002D6D0:dComIfGs_onStageSwitch__Fii
8002FC28:dComIfGs_onVisitedRoom__Fi
8002D9F4:dComIfGs_onZoneSwitch__Fii
8002D9E0:dComIfGs_sense_type_change_Get__Fv
8002D9CC:dComIfGs_sense_type_change_Set__FSc
8002F0E8:dComIfGs_setKeyNum__FiUc
8002F2F4:dComIfGs_setLastWarpMarkItemData__FPCc4cXyzsScUcUc
8002DDB0:dComIfGs_setMixItemIndex__FiUc
8002EF58:dComIfGs_setSelectEquipClothes__FUc
8002F03C:dComIfGs_setSelectEquipShield__FUc
8002EF68:dComIfGs_setSelectEquipSword__FUc
8002DD6C:dComIfGs_setSelectItemIndex__FiUc
8002F244:dComIfGs_setWarpItemData__FPCc4cXyzsScUcUc
8002F188:dComIfGs_setWarpItemData__FiPCc4cXyzsScUcUc
8002F3B8:dComIfGs_setWarpMarkFlag__FUc
8002FAC0:dComIfGs_shake_kandelaar__Fv
8002FAD8:dComIfGs_shake_kandelaar_check__Fv
8002FD9C:dComIfGs_staffroll_next_go__Fv
8002FDB0:dComIfGs_staffroll_next_go_check__Fv
8002FAFC:dComIfGs_wolfeye_effect_check__Fv
8002FBC8:dComLbG_PhaseHandler__FP30request_of_phase_process_classPPFPv_iPv
800385C0:dDemo_getJaiPointer__FPCcUliPUs
80038648:dDemo_setDemoData__FP10fopAc_ac_cUcP14mDoExt_McaMorfPCciPUsUlSc
801837DC:dEnvSe_Create__FP8dEnvSe_c
801837D4:dEnvSe_Delete__FP8dEnvSe_c
80182FE0:dEnvSe_Draw__FP8dEnvSe_c
801837AC:dEnvSe_Execute__FP8dEnvSe_c
801837CC:dEnvSe_IsDelete__FP8dEnvSe_c
80182FE8:dEnvSe_getNearPathPos__FP4cXyzP4cXyzP5dPath
80043B44:dEvDt_Next_Stage__Fii
80042718:dEv_defaultSkipProc__FPvi
800428A8:dEv_defaultSkipStb__FPvi
8004274C:dEv_defaultSkipZev__FPvi
80042A0C:dEv_noFinishSkipProc__FPvi
80048878:dEv_talkman_get_action__Fi
80047EDC:dEvmng_strcmp__FPCcPc
8019C1FC:dGameover_Create__FP9msg_class
8019C1DC:dGameover_Delete__FP11dGameover_c
8019C194:dGameover_Draw__FP11dGameover_c
8019C1B4:dGameover_Execute__FP11dGameover_c
8019C1D4:dGameover_IsDelete__FP11dGameover_c
801ADF58:dKankyo_DayProc__Fv
80026940:dKankyo_create__Fv
80062C0C:dKr_cullVtx_Set__Fv
801A9FB8:dKy_BossLight_set__FP4cXyzP8_GXColorfUc
801AA8BC:dKy_BossSpotLight_set__FP4cXyzfffP8_GXColorfUcUc
801A5E74:dKy_Create__FPv
801A5E2C:dKy_Delete__FP17sub_kankyo__class
801A5DC4:dKy_Draw__FP17sub_kankyo__class
801A5DF0:dKy_Execute__FP17sub_kankyo__class
801AC814:dKy_F_SP121Check__FPCciPUci
8019DFA4:dKy_FiveSenses_fullthrottle_dark__Fv
8019DB24:dKy_FiveSenses_fullthrottle_dark_static1__Fv
8019D6A4:dKy_GXInitLightDistAttn__FP12J3DLightInfoffUc
8019D51C:dKy_GXInitLightSpot__FP12J3DLightInfofUc
801A8950:dKy_GfFog_tevstr_set__FP12dKy_tevstr_c
801A6338:dKy_GlobalLight_set__Fv
801A7838:dKy_Global_amb_set__FP12dKy_tevstr_c
801A8884:dKy_GxFog_set__Fv
801A88A8:dKy_GxFog_tevstr_set__FP12dKy_tevstr_c
801AC4E4:dKy_Indoor_check__Fv
801A5E24:dKy_IsDelete__FP17sub_kankyo__class
801A83C0:dKy_Itemgetcol_chg_on__Fv
801AC480:dKy_Outdoor_check__Fv
801A9E3C:dKy_ParticleColor_get_actor__FP4cXyzP12dKy_tevstr_cP8_GXColorP8_GXColorP8_GXColorP8_GXColorf
801A9078:dKy_ParticleColor_get_base__FP4cXyzP12dKy_tevstr_cP8_GXColorP8_GXColorP8_GXColorP8_GXColorf
801A9F14:dKy_ParticleColor_get_bg__FP4cXyzP12dKy_tevstr_cP8_GXColorP8_GXColorP8_GXColorP8_GXColorf
801A86DC:dKy_SordFlush_set__F4cXyzi
801A86CC:dKy_Sound_get__Fv
801A83E8:dKy_Sound_init__Fv
801A8418:dKy_Sound_set__F4cXyziUii
801AC3C0:dKy_SunMoon_Light_Check__Fv
801AC398:dKy_TeachWind_existence_chk__Fv
801AB274:dKy_WaterIn_Light_set__Fv
801AAEB4:dKy_WolfEyeLight_set__FP4cXyzfffP8_GXColorfUcUc
8019C5E0:dKy_WolfPowerup_AmbCol__FP11_GXColorS10
8019CD64:dKy_WolfPowerup_BgAmbCol__FP11_GXColorS10
8019CF34:dKy_WolfPowerup_FogNearFar__FPfPf
801A7D20:dKy_actor_addcol_amb_set__Fsssf
801A80E0:dKy_actor_addcol_set__Fsssf
801A8040:dKy_addcol_fog_set__Fsssf
801A7E60:dKy_bg1_addcol_amb_set__Fsssf
801A7F00:dKy_bg2_addcol_amb_set__Fsssf
801A7FA0:dKy_bg3_addcol_amb_set__Fsssf
801ACF7C:dKy_bg_MAxx_proc__FPv
801A7DC0:dKy_bg_addcol_amb_set__Fsssf
801A7D04:dKy_bgparts_activelight_cut__Fi
801A7C98:dKy_bgparts_activelight_set__FP15LIGHT_INFLUENCEi
801A0598:dKy_calc_color_set__FP11_GXColorS10P15color_RGB_classP15color_RGB_classP15color_RGB_classP15color_RGB_classff11_GXColorS10f
801AB4D8:dKy_camera_water_in_status_check__Fv
801AB4C8:dKy_camera_water_in_status_set__FUc
801A8A3C:dKy_change_colpat__FUc
8019F4BC:dKy_clear_game_init__Fv
801A4E68:dKy_cloudshadow_scroll__FP12J3DModelDataP12dKy_tevstr_ci
801A8A64:dKy_custom_colset__FUcUcf
801A7AC0:dKy_dalkmist_inf_cut__FP18DALKMIST_INFLUENCE
801A7A6C:dKy_dalkmist_inf_set__FP18DALKMIST_INFLUENCE
801ACAC8:dKy_darkworld_Area_set__FPCci
801AC7D4:dKy_darkworld_check__Fv
801ACA38:dKy_darkworld_spot_check__FPCci
801AC964:dKy_darkworld_stage_check__FPCci
8019FD10:dKy_daynight_check__Fv
801AC540:dKy_depth_dist_set__FPv
8019E394:dKy_eflight_influence_id__F4cXyzi
801A7C58:dKy_efplight_cut__FP15LIGHT_INFLUENCE
801A7BD4:dKy_efplight_set__FP15LIGHT_INFLUENCE
801A8328:dKy_fog_startendz_set__Ffff
8019FD4C:dKy_getDarktime_hour__Fv
8019FD88:dKy_getDarktime_minute__Fv
8019FE14:dKy_getDarktime_week__Fv
801A8D90:dKy_get_dayofweek__Fv
8019DB04:dKy_get_parcent__Ffff
8019FC68:dKy_getdaytime_hour__Fv
8019FC94:dKy_getdaytime_minute__Fv
801A8E20:dKy_instant_rainchg__Fv
801A8DC0:dKy_instant_timechg__Ff
801A8D30:dKy_itudemo_se__Fv
8019E688:dKy_light_influence_col__FP8_GXColorf
8019E65C:dKy_light_influence_col__Fi
8019E7C8:dKy_light_influence_distance__F4cXyzi
8019DFC4:dKy_light_influence_id__F4cXyzi
801A7930:dKy_light_influence_pos__Fi
8019E778:dKy_light_influence_power__Fi
8019E7A0:dKy_light_influence_yuragi__Fi
8019EE28:dKy_light_size_get__FPCc
8019D3F8:dKy_lightdir_set__FffP3Vec
801A644C:dKy_lightswitch_check__FP30stage_pure_lightvec_info_classc
801A7990:dKy_mock_light_every_set__FP15LIGHT_INFLUENCE
801A6FA4:dKy_move_room_ratio__FP12dKy_tevstr_cPSc
801ACB70:dKy_murky_set__FP11J3DMaterial
801A7B84:dKy_plight_cut__FP15LIGHT_INFLUENCE
801A796C:dKy_plight_near_pos__Fv
801A7AF4:dKy_plight_priority_set__FP15LIGHT_INFLUENCE
801A79E8:dKy_plight_set__FP15LIGHT_INFLUENCE
801AB7F4:dKy_pol_argument_get__FPC13cBgS_PolyInfo
801AC100:dKy_pol_eff2_alpha_get__FPC13cBgS_PolyInfo
801ABCFC:dKy_pol_eff2_env_get__FPC13cBgS_PolyInfoP8_GXColor
801ABB94:dKy_pol_eff2_prim_get__FPC13cBgS_PolyInfoP8_GXColor
801AC23C:dKy_pol_eff2_ratio_get__FPC13cBgS_PolyInfo
801ABE68:dKy_pol_eff_alpha_get__FPC13cBgS_PolyInfo
801ABA28:dKy_pol_eff_env_get__FPC13cBgS_PolyInfoP8_GXColor
801AB8C0:dKy_pol_eff_prim_get__FPC13cBgS_PolyInfoP8_GXColor
801ABFA4:dKy_pol_eff_ratio_get__FPC13cBgS_PolyInfo
801AB600:dKy_pol_efftype2_get__FPC13cBgS_PolyInfo
801AB4E8:dKy_pol_efftype_get__FPC13cBgS_PolyInfo
801AB718:dKy_pol_sound_get__FPC13cBgS_PolyInfo
8019D0B4:dKy_pos2_get_angle__FP4cXyzP4cXyzPsPs
801A8C8C:dKy_rain_check__Fv
8019C5FC:dKy_sense_pat_get__Fv
801A6314:dKy_setLight__Fv
801A7818:dKy_setLight_again__Fv
801A60AC:dKy_setLight_init__Fv
801A8AAC:dKy_setLight_mine__FP12dKy_tevstr_c
801A6E78:dKy_setLight_nowroom__Fc
801A70F4:dKy_setLight_nowroom_actor__FP12dKy_tevstr_c
801A64D0:dKy_setLight_nowroom_common__Fcf
801A6EB0:dKy_setLight_nowroom_grass__Fcf
801A8CAC:dKy_set_actcol_ratio__Ff
801A8C9C:dKy_set_allcol_ratio__Ff
801A8CBC:dKy_set_bgcol_ratio__Ff
8005B960:dKy_set_eyevect_calc2__FP12camera_classP3Vecff
8005B8B0:dKy_set_eyevect_calc__FP12camera_classP3Vecff
801A8CCC:dKy_set_fogcol_ratio__Ff
801A8DB0:dKy_set_nexttime__Ff
801A8CDC:dKy_set_vrboxcol_ratio__Ff
801A8D20:dKy_set_vrboxkumocol_ratio__Ff
801A8D10:dKy_set_vrboxsoracol_ratio__Ff
801ACF64:dKy_shadow_mode_check__FUc
801ACF4C:dKy_shadow_mode_reset__FUc
801ACF34:dKy_shadow_mode_set__FUc
801A8B44:dKy_tevstr_init__FP12dKy_tevstr_cScUc
8019D23C:dKy_twi_wolflight_set__Fi
801AAFA8:dKy_twilight_camelight_set__Fv
801A5984:dKy_undwater_filter_draw__Fv
801A8218:dKy_vrbox_addcol_kasumi_set__Fsssf
801A82B8:dKy_vrbox_addcol_set__Fsssf
801A8178:dKy_vrbox_addcol_sky0_set__Fsssf
801AC538:dKy_withwarp_capture_check__Fv
80056BC4:dKyd_BloomInf_tbl_getp__Fi
80056BA0:dKyd_darkworld_tbl_getp__Fv
80056B24:dKyd_dmenvr_getp__Fv
80056B0C:dKyd_dmpalet_getp__Fv
80056B18:dKyd_dmpselect_getp__Fv
80056B30:dKyd_dmvrbox_getp__Fv
80056BAC:dKyd_light_size_tbl_getp__Fv
80056BB8:dKyd_light_tw_size_tbl_getp__Fv
80056B94:dKyd_maple_col_getp__Fv
80056B48:dKyd_schejule_boss_getp__Fv
80056B3C:dKyd_schejule_getp__Fv
80056B54:dKyd_xfog_table_set__FUc
801AE18C:dKyeff2_Create__FP12kankyo_class
801AE168:dKyeff2_Delete__FP9dKyeff2_c
801AE0F8:dKyeff2_Draw__FP9dKyeff2_c
801AE140:dKyeff2_Execute__FP9dKyeff2_c
801AE160:dKyeff2_IsDelete__FP9dKyeff2_c
801AE058:dKyeff_Create__FP12kankyo_class
801AE034:dKyeff_Delete__FP8dKyeff_c
801ADF90:dKyeff_Draw__FP8dKyeff_c
801AE00C:dKyeff_Execute__FP8dKyeff_c
801AE02C:dKyeff_IsDelete__FP8dKyeff_c
8006666C:dKyr_drawHousi__FPA4_fPPUc
8006457C:dKyr_drawLenzflare__FPA4_fP4cXyzR8_GXColorPPUc
8006575C:dKyr_drawRain__FPA4_fPPUc
80066178:dKyr_drawSibuki__FPA4_fPPUc
800675B8:dKyr_drawSnow__FPA4_fPPUc
8006870C:dKyr_drawStar__FPA4_fPPUc
800637A0:dKyr_drawSun__FPA4_fP4cXyzR8_GXColorPPUc
80062C7C:dKyr_draw_rev_moon__FPA4_fPPUc
8006DBAC:dKyr_evil_draw2__FPA4_fPPUc
8006E7E0:dKyr_evil_draw__FPA4_fPPUc
8006DA44:dKyr_evil_init__Fv
8006DB34:dKyr_evil_move__Fv
8005B890:dKyr_get_vectle_calc__FP4cXyzP4cXyzP4cXyz
8005EA28:dKyr_housi_move__Fv
8005BB78:dKyr_lenzflare_move__Fv
8005C008:dKyr_moon_arrival_check__Fv
8006D14C:dKyr_mud_draw__FPA4_fPPUc
8006C8C0:dKyr_mud_init__Fv
8006C98C:dKyr_mud_move__Fv
8006E578:dKyr_near_bosslight_check__F4cXyz
8006BF3C:dKyr_odour_draw__FPA4_fPPUc
8006BA14:dKyr_odour_init__Fv
8006BA54:dKyr_odour_move__Fv
8005CD8C:dKyr_rain_init__Fv
8005D2BC:dKyr_rain_move__Fv
8005BB54:dKyr_set_btitex__FP9_GXTexObjP7ResTIMG
8005BA5C:dKyr_set_btitex_common__FP9_GXTexObjP7ResTIMG11_GXTexMapID
8006BA0C:dKyr_shstar_init__Fv
8006BA10:dKyr_shstar_move__Fv
8005FD0C:dKyr_snow_init__Fv
8005FE78:dKyr_snow_move__Fv
80061454:dKyr_star_init__Fv
8006153C:dKyr_star_move__Fv
8005C038:dKyr_sun_move__Fv
8006B2C0:dKyr_thunder_init__Fv
8006B2D8:dKyr_thunder_move__Fv
80057448:dKyw_Cloud_Draw__Fv
800573F4:dKyw_Housi_Draw__Fv
80057544:dKyw_Odour_Draw__Fv
800572F8:dKyw_Rain_Draw__Fv
8005734C:dKyw_Snow_Draw__Fv
800573A0:dKyw_Star_Draw__Fv
8005723C:dKyw_Sun_Draw__Fv
800572A4:dKyw_Sunlenz_Draw__Fv
8005749C:dKyw_Vrkumo_Draw__Fv
8005B73C:dKyw_custom_windpower__Ff
80057418:dKyw_drawCloud__Fi
800573C4:dKyw_drawHousi__Fi
800572C8:dKyw_drawRain__Fi
8005731C:dKyw_drawSnow__Fi
80057370:dKyw_drawStar__Fi
8005720C:dKyw_drawSun__Fi
80057260:dKyw_drawSunlenz__Fi
8005746C:dKyw_drawVrkumo__Fi
800575EC:dKyw_evil_Draw__Fv
800575BC:dKyw_evil_packet__Fi
8005B74C:dKyw_evt_wind_set__Fss
8005B768:dKyw_evt_wind_set_go__Fv
8005B428:dKyw_get_AllWind_vec__FP4cXyzP4cXyzPf
8005B660:dKyw_get_AllWind_vecpow__FP4cXyz
8005AC20:dKyw_get_wind_pow__Fv
8005AC10:dKyw_get_wind_vec__Fv
8005AC30:dKyw_get_wind_vecpow__Fv
80057598:dKyw_mud_Draw__Fv
80057568:dKyw_mud_packet__Fi
80057514:dKyw_odour_packet__Fi
8005AC94:dKyw_plight_collision_set__FP4cXyzssfffff
8005B390:dKyw_pntlight_collision_get_info__FP4cXyzP4cXyzPf
8005AF58:dKyw_pntlight_set__FP14WIND_INFLUENCE
8005AF88:dKyw_pntwind_cut__FP14WIND_INFLUENCE
8005B36C:dKyw_pntwind_get_info__FP4cXyzP4cXyzPf
8005B3B4:dKyw_pntwind_get_vecpow__FP4cXyz
8005AE74:dKyw_pntwind_init__Fv
8005AF2C:dKyw_pntwind_set__FP14WIND_INFLUENCE
8005B77C:dKyw_rain_set__Fi
80056C28:dKyw_setDrawPacketListIndScreen__FP9J3DPacketi
80056C78:dKyw_setDrawPacketListSky__FP9J3DPacketi
80056D08:dKyw_setDrawPacketListXluBg__FP9J3DPacketi
80056BD8:dKyw_setDrawPacketList__FP9J3DPacketi
800574F0:dKyw_shstar_Draw__Fv
800574C0:dKyw_shstar_packet__Fi
800582DC:dKyw_wether_delete2__Fv
80057B34:dKyw_wether_delete__Fv
8005A434:dKyw_wether_draw2__Fv
8005A2A4:dKyw_wether_draw__Fv
80057B1C:dKyw_wether_init2__Fv
80057610:dKyw_wether_init__Fv
80058428:dKyw_wether_move__Fv
8005A284:dKyw_wether_move_draw2__Fv
8005A1E8:dKyw_wether_move_draw__Fv
8005A470:dKyw_wether_proc__Fv
8005A6AC:dKyw_wind_init__Fv
8005A6F0:dKyw_wind_set__Fv
800326FC:dLib_checkActorInRectangle__FP10fopAc_ac_cP10fopAc_ac_cPC4cXyzPC4cXyz
800326C4:dLib_getEventSwitchNo__Fi
800327E0:dLib_getExpandSizeFromAramArchive__FP14JKRAramArchivePCc
801C68F0:dMenuFmap_getStartStageName__FPv
8021EA18:dMeter2Info_getNewLetterNum__Fv
8021E578:dMeter2Info_getNowLifeGauge__Fv
8021E58C:dMeter2Info_getNumberTextureName__Fi
8021E5CC:dMeter2Info_getPixel__FffffffPC7ResTIMG
8021E5A0:dMeter2Info_getPlusTextureName__Fv
8021E9A8:dMeter2Info_getRecieveLetterNum__Fv
8021E924:dMeter2Info_is2DActiveTouchArea__Fv
8021E94C:dMeter2Info_isItemOpenCheck__Fv
8021E92C:dMeter2Info_isMapOpenCheck__Fv
80141B78:dMeter2Info_offUseButton__Fi
8021EBA0:dMeter2Info_recieveLetter__Fv
8021EC98:dMeter2Info_set2DVibrationM__Fv
8021EC94:dMeter2Info_set2DVibration__Fv
8021E774:dMeter2Info_setCloth__FUcb
80141BC4:dMeter2Info_setFloatingMessage__FUssb
8021EAC8:dMeter2Info_setNewLetterSender__Fv
8021E898:dMeter2Info_setShield__FUcb
8021E7F4:dMeter2Info_setSword__FUcb
80225DCC:dMeter2_Create__FP9msg_class
80225DAC:dMeter2_Delete__FP9dMeter2_c
80225D64:dMeter2_Draw__FP9dMeter2_c
80225D84:dMeter2_Execute__FP9dMeter2_c
80225DA4:dMeter2_IsDelete__FP9dMeter2_c
803986A8:dMo_soundMode
80238600:dMsgObject_Create__FP9msg_class
802385E0:dMsgObject_Delete__FP12dMsgObject_c
80238598:dMsgObject_Draw__FP12dMsgObject_c
802385B8:dMsgObject_Execute__FP12dMsgObject_c
802385D8:dMsgObject_IsDelete__FP12dMsgObject_c
80239078:dMsgObject_addFundRaising__Fs
8023915C:dMsgObject_addOffering__Fs
80238F14:dMsgObject_addTotalPayment__Fs
80238DB0:dMsgObject_addTotalPrice__Fs
80238FA8:dMsgObject_getFundRaising__Fv
80232FF0:dMsgObject_getGroupID__Fv
802390F4:dMsgObject_getOffering__Fv
80238E44:dMsgObject_getTotalPayment__Fv
80238CE0:dMsgObject_getTotalPrice__Fv
80232FF8:dMsgObject_searchSSItem__FPvPv
80239010:dMsgObject_setFundRaising__FUs
80238EAC:dMsgObject_setTotalPayment__FUs
80238D48:dMsgObject_setTotalPrice__FUs
801FA300:dMw_A_TRIGGER__Fv
801FA314:dMw_B_TRIGGER__Fv
801FDB84:dMw_Create__FP9msg_class
801FA25C:dMw_DOWN_TRIGGER__Fv
801FDB4C:dMw_Delete__FP5dMw_c
801FDB04:dMw_Draw__FP5dMw_c
801FDB24:dMw_Execute__FP5dMw_c
801FDB44:dMw_IsDelete__FP5dMw_c
801FA270:dMw_LEFT_TRIGGER__Fv
801FA2B8:dMw_RIGHT_TRIGGER__Fv
801FA33C:dMw_START_TRIGGER__Fv
801FA248:dMw_UP_TRIGGER__Fv
801FA328:dMw_Z_TRIGGER__Fv
801FC044:dMw_capture_create__5dMw_cFv
801FC0D8:dMw_capture_delete__5dMw_cFv
801FC2BC:dMw_collect_create__5dMw_cFv
801FC354:dMw_collect_delete__5dMw_cFb
801FC614:dMw_dmap_create__5dMw_cFv
801FC730:dMw_dmap_delete__5dMw_cFb
801FD13C:dMw_fade_in__5dMw_cFv
801FD0CC:dMw_fade_out__5dMw_cFv
801FCBC8:dMw_fishing_create__5dMw_cFv
801FCC68:dMw_fishing_delete__5dMw_cFv
801FC3C0:dMw_fmap_create__5dMw_cFv
801FC528:dMw_fmap_delete__5dMw_cFb
801FCE58:dMw_insect_create__5dMw_cFUc
801FCF08:dMw_insect_delete__5dMw_cFv
801FCFD0:dMw_isButtonBit__5dMw_cFUc
801FA3D8:dMw_isMenuRing__Fv
801FCFE8:dMw_isPush_S_Button__5dMw_cFv
801FCA80:dMw_letter_create__5dMw_cFv
801FCB20:dMw_letter_delete__5dMw_cFv
801FCFC0:dMw_offButtonBit__5dMw_cFUc
801FA3B4:dMw_offMenuRing__Fv
801FA370:dMw_offPauseWindow__Fv
801FCFB0:dMw_onButtonBit__5dMw_cFUc
801FA390:dMw_onMenuRing__Fv
801FA350:dMw_onPauseWindow__Fv
801FC92C:dMw_option_create__5dMw_cFv
801FC9D0:dMw_option_delete__5dMw_cFv
801FC158:dMw_ring_create__5dMw_cFUc
801FC224:dMw_ring_delete__5dMw_cFv
801FC7E4:dMw_save_create__5dMw_cFv
801FC894:dMw_save_delete__5dMw_cFv
801FCD10:dMw_skill_create__5dMw_cFv
801FCDB0:dMw_skill_delete__5dMw_cFv
802538CC:dOvlpFd2_Create__FPv
802538C4:dOvlpFd2_Delete__FP10dOvlpFd2_c
80253794:dOvlpFd2_Draw__FP10dOvlpFd2_c
80253890:dOvlpFd2_Execute__FP10dOvlpFd2_c
802538BC:dOvlpFd2_IsDelete__FP10dOvlpFd2_c
80254344:dOvlpFd3_Create__FPv
8025433C:dOvlpFd3_Delete__FP10dOvlpFd3_c
80254234:dOvlpFd3_Draw__FP10dOvlpFd3_c
80254308:dOvlpFd3_Execute__FP10dOvlpFd3_c
80254334:dOvlpFd3_IsDelete__FP10dOvlpFd3_c
80252EF0:dOvlpFd_Create__FPv
80252EE8:dOvlpFd_Delete__FP14overlap1_class
80252C04:dOvlpFd_Draw__FP14overlap1_class
80252EB4:dOvlpFd_Execute__FP14overlap1_class
80252D88:dOvlpFd_FadeIn__FP14overlap1_class
80252C7C:dOvlpFd_FadeOut__FP14overlap1_class
80252EE0:dOvlpFd_IsDelete__FP14overlap1_class
80252D50:dOvlpFd_Wait__FP14overlap1_class
804530A0:dOvlpFd_execute_f
80252C0C:dOvlpFd_startFadeIn__Fi
80049550:dPa_cleanupGX__Fv
80049918:dPa_group_id_change__FPUlPUc
8004D3A8:dPa_kankyocolor_set__FfP14JPABaseEmitterPC12dKy_tevstr_cUlPC4cXyzPC8_GXColorPC8_GXColor
8004A4DC:dPa_setWindPower__FP15JPABaseParticle
80255C0C:dPaneClass_setPriority__FPPvP7JKRHeapP9J2DScreenPCcUlP10JKRArchive
80255BB4:dPaneClass_showNullPane__FP7J2DPane
80255B70:dPaneClass_showNullPane__FP9J2DScreen
800519C8:dPath_GetNextRoomPath__FPC5dPathi
800518E0:dPath_GetPnt__FPC5dPathi
80051A8C:dPath_GetPolyRoomPathVec__FRC13cBgS_PolyInfoP4cXyzPi
8005191C:dPath_GetRoomPath__Fii
80259140:dScnLogo_Create__FP11scene_class
802591C8:dScnLogo_Delete__FP10dScnLogo_c
802591A4:dScnLogo_Draw__FP10dScnLogo_c
80259164:dScnLogo_Execute__FP10dScnLogo_c
802591F0:dScnLogo_IsDelete__FP10dScnLogo_c
8025A058:dScnName_Create__FP11scene_class
8025A00C:dScnName_Delete__FP10dScnName_c
80259F9C:dScnName_Draw__FP10dScnName_c
80259FBC:dScnName_Execute__FP10dScnName_c
80259FDC:dScnName_IsDelete__FP10dScnName_c
80008424:dScnPly_BeforeOfPaint__Fv
8025B994:dScnPly_Create__FP11scene_class
8025A6AC:dScnPly_Delete__FP9dScnPly_c
8025A2AC:dScnPly_Draw__FP9dScnPly_c
8025A5B8:dScnPly_Execute__FP9dScnPly_c
8025A67C:dScnPly_IsDelete__F9dScnPly_c
8025C948:dScnRoom_Create__FP11scene_class
8025C53C:dScnRoom_Delete__FP19room_of_scene_class
8025BC1C:dScnRoom_Draw__FP19room_of_scene_class
8025C364:dScnRoom_Execute__FP19room_of_scene_class
8025C474:dScnRoom_IsDelete__FP19room_of_scene_class
804526B0:dShopSystem_cameraActor
80453024:dShopSystem_camera_count
803BD584:dShopSystem_itemActor
804526A8:dShopSystem_itemNo
8045301C:dShopSystem_item_count
801974C8:dShopSystem_searchCameraActor__FPvPv
801972F0:dShopSystem_searchItemActor__FPvPv
80453018:dShopSystem_sellItemMax
80048D84:dSmplMdl_modelUpdateDL__FP8J3DModel
80026DE0:dStage_Create__Fv
80026EA0:dStage_Delete__Fv
80023F9C:dStage_GetKeepDoorInfo__Fv
80024104:dStage_GetRoomKeepDoorInfo__Fv
80023FF8:dStage_KeepDoorInfoInit__FP11dStage_dt_c
8002402C:dStage_KeepDoorInfoProc__FP11dStage_dt_cP16stage_tgsc_class
800253B0:dStage_RoomCameraInit__FP11dStage_dt_cPviPv
80027090:dStage_RoomCheck__FP11cBgS_GndChk
80024120:dStage_RoomKeepDoorInfoProc__FP11dStage_dt_cP16stage_tgsc_class
8002421C:dStage_RoomKeepDoorInit__FP11dStage_dt_cPviPv
80023F3C:dStage_SetErrorRoom__Fv
80023F6C:dStage_SetErrorStage__Fv
80025914:dStage_actorCommonLayerInit__FP11dStage_dt_cPviPv
80024FA4:dStage_actorCreate__FP22stage_actor_data_classP16fopAcM_prm_class
80025AE0:dStage_actorInit__FP11dStage_dt_cPviPv
80025BCC:dStage_actorInit_always__FP11dStage_dt_cPviPv
800253E4:dStage_arrowInit__FP11dStage_dt_cPviPv
80025040:dStage_cameraCreate__FP24stage_camera2_data_classii
80025360:dStage_cameraInit__FP11dStage_dt_cPviPv
80027398:dStage_changeScene4Event__FiScibfUlsi
800271A4:dStage_changeSceneExitId__FR13cBgS_PolyInfofUlScs
80027218:dStage_changeScene__FifUlScsi
800267D8:dStage_dmapInfoInit__FP11dStage_dt_cPviPv
80025D84:dStage_doorInfoInit__FP11dStage_dt_cPviPv
8002615C:dStage_dt_c_decode__FPvP11dStage_dt_cP9FuncTablei
80026D34:dStage_dt_c_fieldMapLoader__FPvP11dStage_dt_c
80026404:dStage_dt_c_offsetToPtr__FPv
80026C64:dStage_dt_c_roomLoader__FPvP11dStage_dt_ci
80026CDC:dStage_dt_c_roomReLoader__FPvP11dStage_dt_ci
800269E8:dStage_dt_c_stageInitLoader__FPvP11dStage_dt_c
80026C00:dStage_dt_c_stageLoader__FPvP11dStage_dt_c
800268EC:dStage_elstInfoInit__FP11dStage_dt_cPviPv
800255A8:dStage_envrInfoInit__FP11dStage_dt_cPviPv
80025614:dStage_fieldMapFiliInfo2Init__FP11dStage_dt_cPviPv
800264A8:dStage_fieldMapMapPathInit__FP11dStage_dt_cPviPv
800263F4:dStage_fieldMapTresureInit__FP11dStage_dt_cPviPv
800255DC:dStage_filiInfo2Init__FP11dStage_dt_cPviPv
80025634:dStage_filiInfoInit__FP11dStage_dt_cPviPv
8002628C:dStage_floorInfoInit__FP11dStage_dt_cPviPv
80024F84:dStage_getName2__FsSc
80024ED8:dStage_getName__FsSc
80026D84:dStage_infoCreate__Fv
80024110:dStage_initRoomKeepDoorInfo__Fv
80023FA8:dStage_isBossStage__FP11dStage_dt_c
800267B4:dStage_layerTresureInit__FP11dStage_dt_cPviPv
80026718:dStage_lbnkInfoInit__FP11dStage_dt_cPviPv
80025754:dStage_lgtvInfoInit__FP11dStage_dt_cPviPv
80026258:dStage_mapEventInfoInit__FP11dStage_dt_cPviPv
80026478:dStage_mapPathInitCommonLayer__FP11dStage_dt_cPviPv
80026448:dStage_mapPathInit__FP11dStage_dt_cPviPv
80026340:dStage_mecoInfoInit__FP11dStage_dt_cPviPv
800262C0:dStage_memaInfoInit__FP11dStage_dt_cPviPv
80026684:dStage_multInfoInit__FP11dStage_dt_cPviPv
80025540:dStage_paletteInfoInit__FP11dStage_dt_cPviPv
80025F4C:dStage_pathInfoInit__FP11dStage_dt_cPviPv
800250BC:dStage_playerInit__FP11dStage_dt_cPviPv
800256F0:dStage_plightInfoInit__FP11dStage_dt_cPviPv
80025F18:dStage_ppntInfoInit__FP11dStage_dt_cPviPv
80025574:dStage_pselectInfoInit__FP11dStage_dt_cPviPv
80027558:dStage_restartRoom__FUlUli
80026884:dStage_roomDrtgInfoInit__FP11dStage_dt_cPviPv
80024DB8:dStage_roomInit__Fi
80025E50:dStage_roomReadInit__FP11dStage_dt_cPviPv
80025EE8:dStage_roomRead_dt_c_GetReverbStage__FR14roomRead_classi
8002674C:dStage_roomTresureInit__FP11dStage_dt_cPviPv
80026020:dStage_rpatInfoInit__FP11dStage_dt_cPviPv
80025FEC:dStage_rppnInfoInit__FP11dStage_dt_cPviPv
800258E0:dStage_sclsInfoInit__FP11dStage_dt_cPviPv
80024E68:dStage_searchName__FPCc
80026128:dStage_setLayerTagName__FP9FuncTableii
800260F4:dStage_soundInfoInitCL__FP11dStage_dt_cPviPv
800260C0:dStage_soundInfoInit__FP11dStage_dt_cPviPv
80026224:dStage_stEventInfoInit__FP11dStage_dt_cPviPv
800257EC:dStage_stagInfoInit__FP11dStage_dt_cPviPv
800257E0:dStage_stagInfo_GetParticleNo__FP21stage_stag_info_classi
801414A0:dStage_stagInfo_GetSaveTbl__FP21stage_stag_info_class
8002680C:dStage_stageDrtgInfoInit__FP11dStage_dt_cPviPv
800263C4:dStage_stageKeepTresureInit__FP11dStage_dt_cPviPv
80025A00:dStage_tgscCommonLayerInit__FP11dStage_dt_cPviPv
80025CA4:dStage_tgscInfoInit__FP11dStage_dt_cPviPv
80025688:dStage_vrboxInfoInit__FP11dStage_dt_cPviPv
800256BC:dStage_vrboxcolInfoInit__FP11dStage_dt_cPviPv
800329C0:dSv_item_rename__FUc
801AE654:dThunder_Create__FP12kankyo_class
801AE5D4:dThunder_Delete__FP10dThunder_c
801AE258:dThunder_Draw__FP10dThunder_c
801AE3F4:dThunder_Execute__FP10dThunder_c
801AE5CC:dThunder_IsDelete__FP10dThunder_c
80261D6C:dTimer_Create__FP9msg_class
80261D4C:dTimer_Delete__FP8dTimer_c
80261D04:dTimer_Draw__FP8dTimer_c
80261D24:dTimer_Execute__FP8dTimer_c
80261D44:dTimer_IsDelete__FP8dTimer_c
80261F00:dTimer_createGetIn2D__Fl4cXyz
80261F88:dTimer_createStart2D__FlUs
80261E34:dTimer_createStockTimer__Fv
80261D8C:dTimer_createTimer__FlUlUcUcffff
80262044:dTimer_getRestTimeMs__Fv
802620EC:dTimer_hide__Fv
80262140:dTimer_isReadyFlag__Fv
80261FF0:dTimer_isStart__Fv
80262098:dTimer_show__Fv
8019C21C:d_GameOver_Create__FUc
8019C260:d_GameOver_Delete__FRUi
8005E9E0:d_krain_cut_turn_check__Fv
800A6818:daAlink_Create__FP10fopAc_ac_c
800CE414:daAlink_Delete__FP9daAlink_c
800CD998:daAlink_Draw__FP9daAlink_c
800CB1B4:daAlink_Execute__FP9daAlink_c
8010E738:daAlink_bottleModelCallBack__FP8J3DJointi
80119670:daAlink_c_getDemoIDData__FP13dDemo_actor_cPiPiPiPUsPiPi
800E3A3C:daAlink_checkLightBallA__FP10fopAc_ac_c
800E3A64:daAlink_checkLightBallB__FP10fopAc_ac_c
8009DAC4:daAlink_coHitCallback__FP10fopAc_ac_cP12dCcD_GObjInfP10fopAc_ac_cP12dCcD_GObjInf
800A4AFC:daAlink_createHeap__FP10fopAc_ac_c
80182A84:daAlink_getAlinkActorClass__Fv
8009F144:daAlink_headModelCallBack__FP8J3DJointi
801087A8:daAlink_hookshotAtHitCallBack__FP10fopAc_ac_cP12dCcD_GObjInfP10fopAc_ac_cP12dCcD_GObjInf
80110DF8:daAlink_kandelaarModelCallBack__FP8J3DJointi
8009EE34:daAlink_modelCallBack__FP8J3DJointi
800EC930:daAlink_searchBoar__FP10fopAc_ac_cPv
800B7F58:daAlink_searchBouDoor__FP10fopAc_ac_cPv
800F3EE4:daAlink_searchCanoe__FP10fopAc_ac_cPv
800EC964:daAlink_searchCoach__FP10fopAc_ac_cPv
8013DD64:daAlink_searchEnemyCargo__FP10fopAc_ac_cPv
801352B0:daAlink_searchGiantTalk__FP10fopAc_ac_cPv
8013525C:daAlink_searchGiant__FP10fopAc_ac_cPv
800E93BC:daAlink_searchGoat__FP10fopAc_ac_cPv
80130778:daAlink_searchGoldWolf__FP10fopAc_ac_cPv
8011197C:daAlink_searchHawk__FP10fopAc_ac_cPv
80105C90:daAlink_searchIceLeaf__FP10fopAc_ac_cPv
800B8190:daAlink_searchKolin__FP10fopAc_ac_cPv
800E3A8C:daAlink_searchLightBall__FP10fopAc_ac_cPv
800D0F44:daAlink_searchNightStalker__FP10fopAc_ac_cPv
800CEF54:daAlink_searchPeepObj__FP10fopAc_ac_cPv
8011F7E0:daAlink_searchPortal__FP10fopAc_ac_cPv
80110860:daAlink_searchTagKandelaar__FP10fopAc_ac_cPv
80110874:daAlink_searchTagKtOnFire__FP10fopAc_ac_cPv
80111958:daAlink_searchWhistle__FP10fopAc_ac_cPv
8013078C:daAlink_searchWolfHowl__FP10fopAc_ac_cPv
801394B4:daAlink_searchWolfLockEnemy__FP10fopAc_ac_cPv
8009DA98:daAlink_tgHitCallback__FP10fopAc_ac_cP12dCcD_GObjInfP10fopAc_ac_cP12dCcD_GObjInf
8009F1FC:daAlink_wolfModelCallBack__FP8J3DJointi
8014FA28:daBaseNpc_PntVsLineSegmentLengthSquare2D__FffffffPfPfPf
8014D744:daBaseNpc_addIdx__FiiPUsi
8014FD34:daBaseNpc_chkPnt__F4cXyzP4dPntUsUsii
8014D82C:daBaseNpc_decIdx__FiPUsii
8015043C:daBaseNpc_getGroundAngle__FP13cBgS_PolyInfos
8014D7D0:daBaseNpc_incIdx__FiPUsii
8014FAD0:daBaseNpc_putNurbs__FP4dPntiiP4dPnti
8014D790:daBaseNpc_subIdx__FiiPUsi
8015E0BC:daItem_Create__FP10fopAc_ac_c
8015E09C:daItem_Delete__FP8daItem_c
8015E05C:daItem_Draw__FP8daItem_c
8015E07C:daItem_Execute__FP8daItem_c
80031B20:daMP_c_Get_MovieRestFrame__6daMP_cFv
80031B4C:daMP_c_Set_PercentMovieVolume__6daMP_cFf
80031BCC:daMP_c_THPPlayerPause__6daMP_cFv
80031B78:daMP_c_THPPlayerPlay__6daMP_cFv
801458B0:daNocrm_Delete__FP9daNocrm_c
803B5338:daNocrm_METHODS
801457B4:daNocrm_create__FP9daNocrm_c
801458D8:daNocrm_draw__FP9daNocrm_c
801458B8:daNocrm_execute__FP9daNocrm_c
8014D888:daNpcBase_BBasis__FiiiPi
80150778:daNpcF_addIdx__FiiRUsi
80155A60:daNpcF_chkDoBtnEqSpeak__FP10fopAc_ac_c
80155840:daNpcF_chkEvtBit__FUl
80155068:daNpcF_chkPassed__F4cXyzP4dPntUsUsii
80155B74:daNpcF_chkPointInArea__F4cXyz4cXyz4cXyzs
801558C0:daNpcF_chkTmpBit__FUl
80155CF4:daNpcF_clearMessageTmpBit__Fv
80150860:daNpcF_decIdx__FiRUsii
80155CE0:daNpcF_getDistTableIdx__Fii
80155778:daNpcF_getGroundAngle__FP13cBgS_PolyInfos
80155980:daNpcF_getPlayerInfoFromPlayerList__FiiR4cXyzR5csXyz
80150804:daNpcF_incIdx__FiRUsii
80155940:daNpcF_offTmpBit__FUl
80155880:daNpcF_onEvtBit__FUl
80155900:daNpcF_onTmpBit__FUl
80154FB4:daNpcF_pntVsLineSegmentLengthSquare2D__FffffffPfPfPf
80155060:daNpcF_putNurbs__FP4dPntiiP4dPnti
801507B8:daNpcF_subIdx__FiiRUsi
800316F0:daNpcKakashi_chkSwdTutorialStage__Fv
800318E0:daNpcKakashi_clrSuccessCount__Fv
8003184C:daNpcKakashi_getSuccessCount__Fv
800317C0:daNpcKakashi_getSwdTutorialResult__Fv
80031788:daNpcKakashi_getSwdTutorialStep__Fv
80031884:daNpcKakashi_incSuccessCount__Fv
800317FC:daNpcKakashi_setSwdTutorialResult__Fb
80031750:daNpcKakashi_setSwdTutorialStep__FUc
800316B4:daNpcMsg_setEvtNum__FUc
80145C44:daNpcT_addIdx__FiiRUsi
8014C40C:daNpcT_chkActorInScreen__FP10fopAc_ac_cfffffffi
8014C7EC:daNpcT_chkDoBtnIsSpeak__FP10fopAc_ac_c
8014CCB8:daNpcT_chkEvtBit__FUl
80146B98:daNpcT_chkPassed__F4cXyzP4dPntUsUsiiP4cXyzPiPi
8014C590:daNpcT_chkPointInArea__F4cXyz4cXyz4cXyzsi
8014CD78:daNpcT_chkTmpBit__FUl
80145D2C:daNpcT_decIdx__FiRUsii
8014CC24:daNpcT_getDistTableIdx__Fii
8014C70C:daNpcT_getPlayerInfoFromPlayerList__FiiP4cXyzP5csXyz
80145CD0:daNpcT_incIdx__FiRUsii
8014C90C:daNpcT_judgeRace__FP5dPathPP10fopAc_ac_cP16daNpcT_pntData_ciPi
8014CC78:daNpcT_offEvtBit__FUl
8014CD38:daNpcT_offTmpBit__FUl
8014CC38:daNpcT_onEvtBit__FUl
8014CCF8:daNpcT_onTmpBit__FUl
80145C84:daNpcT_subIdx__FiiRUsi
8015FB88:daPy_addCalcShort__FPsssss
80453280:dacCallbackFunc__9JASDriver
80453290:dacp$239
800D7414:damageMagnification__9daAlink_cFii
800D7D24:damageTimerCount__9daAlink_cFv
8019E960:darkmist_init__Fv
800080F4:darwFilter__F8_GXColor
8037AAC0:data$3644
80452F10:data$3831
80184E08:dataCopyEffAnm__14dFile_select_cFv
80184D50:dataDelEffAnm__14dFile_select_cFv
801F6A7C:dataSave__12dMenu_save_cFv
801904C4:dataSave__14dFile_select_cFv
801F3F40:dataSelectAnmSet__12dMenu_save_cFv
80185E38:dataSelectAnmSet__14dFile_select_cFv
80185044:dataSelectInAnmSet__14dFile_select_cFv
8018524C:dataSelectIn__14dFile_select_cFv
8018543C:dataSelectInit__14dFile_select_cFv
80185FEC:dataSelectMoveAnime__14dFile_select_cFv
80185714:dataSelectStart__14dFile_select_cFv
801855D0:dataSelect__14dFile_select_cFv
803936A0:dataTabl$51470
801F2B04:dataWrite__12dMenu_save_cFv
804525F6:data_80450636
80452640:data_80450680
80452768:data_804507A8
8045282C:data_8045086C
80452B75:data_80450BB5
80452BA8:data_80450BE8
80452C59:data_80450C99
80452C5A:data_80450C9A
80452C5B:data_80450C9B
80452C5C:data_80450C9C
80452C5D:data_80450C9D
80452C5E:data_80450C9E
80452C60:data_80450CA0
80452E48:data_80450E88
80453020:data_80451060
8045323C:data_80451274$0
804532BC:data_804512F4$264
80453320:data_80451358
80453321:data_80451359
80453348:data_80451380
80453420:data_80451458
8045346C:data_804514A4
80453480:data_804514B8
8045350C:data_80451544
80453554:data_8045158C
8028416C:data_set__Q27JStudio22TFunctionValue_hermiteFPCfUlUl
80283BD8:data_set__Q27JStudio29TFunctionValue_list_parameterFPCfUl
802525E8:dbView__16dNpcLib_lookat_cFv
8014F6B8:dbgDraw__11daBaseNpc_cFv
80373414:ddh_cc_close
80373448:ddh_cc_initialize
8037318C:ddh_cc_initinterrupts
8037341C:ddh_cc_open
803731B0:ddh_cc_peek
80373220:ddh_cc_post_stop
80373244:ddh_cc_pre_continue
80373328:ddh_cc_read
80373440:ddh_cc_shutdown
80373268:ddh_cc_write
80037C14:dead__12daItemBase_cFv
80363A50:deallocate_from_fixed_pools
80363BA8:deallocate_from_var_pools
80005AD8:debugDisplay__Fv
801C4A1C:debugIcon__16dMenuMapCommon_cFv
80453174:debugPrint__9JFWSystem
800061C8:debug__Fv
80195624:decAlpha__16dSelect_cursor_cFv
8021C4B4:decFloatingMessageTimer__13dMeter2Info_cFv
801BACA4:decGoldFrameAlphaRate__14dMenu_DmapBg_cFv
8021DFA4:decHotSpringTimer__13dMeter2Info_cFv
8015A4A0:decIndex__11PathTrace_cFi
8021C4FC:decMsgKeyWaitTimer__13dMeter2Info_cFv
8000F880:decOldFrameMorfCounter__22mDoExt_MtxCalcOldFrameFv
800AA8C0:decSwordBlur__9daAlink_cFv
8014CE00:decTmr__8daNpcT_cFv
8029963C:decWaveTable__16JASBasicWaveBankFPCQ216JASBasicWaveBank10TWaveGroup
800B4D88:decideCommonDoStatus__9daAlink_cFv
800F8B04:decideCrawlDoStatus__9daAlink_cFv
80138404:decideDoStatusSwimWolf__9daAlink_cFv
800B5490:decideDoStatus__9daAlink_cFv
80229E00:decideOutFontRupeeColor__19jmessage_tReferenceFi
801CC574:decodeFieldMapData__12dMenu_Fmap_cFv
801CC7B0:decodePortalData__12dMenu_Fmap_cFv
802DC858:decodeSZP__9JKRDecompFPUcPUcUlUl
802DCA14:decodeSZS__9JKRDecompFPUcPUcUlUl
802DC7DC:decode__9JKRDecompFPUcPUcUlUl
80452748:decompPriority__Q29JFWSystem11CSetUpParam
802DBF60:decompSZS_subroutine__FPUcUl
802AC760:decrCrowdSize__7Z2SeMgrFv
80087644:def_se_set__FP10Z2CreatureP8cCcD_ObjUlP10fopAc_ac_c
80349F58:defaultOptionalCommandChecker
803B4920:defaultPortal$39238
8015FCE8:defaultRadius__22@unnamed@d_camera_cpp@FffPf
80166100:defaultTriming__9dCamera_cFv
8032E81C:deformFastVtxNrm_F32__13J3DSkinDeformCFP15J3DVertexBufferP12J3DMtxBuffer
8032E6F4:deformFastVtxPos_F32__13J3DSkinDeformCFP15J3DVertexBufferP12J3DMtxBuffer
8032EBB8:deformVtxNrm_F32__13J3DSkinDeformCFP15J3DVertexBuffer
8032ECBC:deformVtxNrm_S16__13J3DSkinDeformCFP15J3DVertexBuffer
8032E950:deformVtxPos_F32__13J3DSkinDeformCFP15J3DVertexBufferP12J3DMtxBuffer
8032EA74:deformVtxPos_S16__13J3DSkinDeformCFP15J3DVertexBufferP12J3DMtxBuffer
8032F40C:deform_VtxNrmF32__11J3DDeformerFP15J3DVertexBufferP10J3DClusterP13J3DClusterKeyPf
8032F2A4:deform_VtxPosF32__11J3DDeformerFP15J3DVertexBufferP10J3DClusterP13J3DClusterKeyPf
8032F1BC:deform__11J3DDeformerFP15J3DVertexBufferUs
8032F8B4:deform__11J3DDeformerFP15J3DVertexBufferUsPf
8032F098:deform__13J3DDeformDataFP15J3DVertexBuffer
8032F074:deform__13J3DDeformDataFP8J3DModel
8032EE64:deform__13J3DSkinDeformFP15J3DVertexBufferP12J3DMtxBuffer
8032EDDC:deform__13J3DSkinDeformFP8J3DModel
802E6178:delXfb__6JUTXfbFi
8027FA60:deleteAllParticle__14JPABaseEmitterFv
8003BAC8:deleteArchiveRes__11dRes_info_cFv
800DECF0:deleteArrow__9daAlink_cFv
802BE2D4:deleteAudible__10Z2AudienceFP10JAIAudible
8025E324:deleteCheck__8dTimer_cFv
802C0F3C:deleteEnemyAll__13Z2SoundObjMgrFv
800C14E8:deleteEquipItem__9daAlink_cFii
801B93BC:deleteExplain__14dMenu_DmapBg_cFv
801D7984:deleteExplain__17dMenu_Fmap2DTop_cFv
802ABF20:deleteHandlesPool__14Z2SoundHandlesFv
8015D68C:deleteItem__8daItem_cFv
8025BF50:deleteJugge__FPvPv
802C454C:deleteKantera__14Z2CreatureLinkFv
802DE09C:deleteMemBlocks_CacheFont__12JUTCacheFontFv
802DFE8C:deleteMemBlocks_ResFont__10JUTResFontFv
802C12E8:deleteObject__10Z2CreatureFv
802C2DB0:deleteObject__12Z2CreatureFMFv
802C33EC:deleteObject__12Z2CreatureOIFv
8019A7BC:deleteObject__13dShopSystem_cFv
802C43F8:deleteObject__14Z2CreatureLinkFv
802C5FEC:deleteObject__14Z2CreatureRideFv
802BEDF8:deleteObject__14Z2SoundObjBaseFv
802C1DC4:deleteObject__15Z2CreatureEnemyFv
802C2AA0:deleteObject__16Z2CreatureSumomoFv
802C1B04:deleteObject__17Z2CreatureCitizenFv
80236470:deleteProc__12dMsgObject_cFv
8025E7E0:deleteRequest__8dTimer_cFv
8003C2C4:deleteRes__14dRes_control_cFPCcP11dRes_info_ci
801486B8:deleteRes__8daNpcT_cFPCScPPCc
80031AC8:deleteRoomFlower__9daGrass_cFi
80031A70:deleteRoomGrass__9daGrass_cFi
8025FA5C:deleteScreen__21dDlst_TimerScrnDraw_cFv
8002CB18:deleteSimpleModel__14dComIfG_play_cFv
801D13B8:deleteSpotPane__18dMenu_Fmap2DBack_cFv
802CEA08:deleteStreamAram__26JAUStreamStaticAramMgr_<1>FUl
8019BA14:deleteWait_init__11dGameover_cFv
8019BA18:deleteWait_proc__11dGameover_cFv
80236EC0:delete_screen__12dMsgObject_cFb
80041F0C:demoCheck__14dEvt_control_cFP12dEvt_order_c
80042048:demoEnd__14dEvt_control_cFv
8019B6D0:demoFadeIn_init__11dGameover_cFv
8019B6DC:demoFadeIn_proc__11dGameover_cFv
8019B730:demoFadeOut_init__11dGameover_cFv
8019B73C:demoFadeOut_proc__11dGameover_cFv
800469B8:demoInit__16dEvent_manager_cFv
80237354:demoMessageGroupLocal__12dMsgObject_cFv
802386EC:demoMessageGroup__12dMsgObject_cFv
803A4BF4:desc1$3717
803A4C08:desc2$3718
802E6224:destroyManager__6JUTXfbFv
802E5AAC:destroyManager__8JUTVideoFv
80024950:destroyMemoryBlock__20dStage_roomControl_cFv
80281EDC:destroyObject__Q37JStudio3ctb8TControlFPQ37JStudio3ctb7TObject
80285580:destroyObject__Q37JStudio3fvb8TControlFPQ37JStudio3fvb7TObject
8028A0B0:destroyObject__Q37JStudio3stb8TControlFPQ37JStudio3stb7TObject
80281F2C:destroyObject_all__Q37JStudio3ctb8TControlFv
802855D0:destroyObject_all__Q37JStudio3fvb8TControlFv
8028A100:destroyObject_all__Q37JStudio3stb8TControlFv
80015590:destroyVideo__Fv
802E6828:destroy__10JUTProcBarFv
802CF248:destroy__7JKRHeapFv
80282120:destroy__Q37JStudio3ctb8TFactoryFPQ37JStudio3ctb7TObject
802858A0:destroy__Q37JStudio3fvb8TFactoryFPQ37JStudio3fvb7TObject
8028A404:destroy__Q37JStudio3stb8TFactoryFPQ37JStudio3stb7TObject
802D6E9C:detachResource__10JKRArchiveFPv
802D5FF8:detachResource__12JKRFileCacheFPv
802D51A0:detachResource__13JKRFileLoaderFPvP13JKRFileLoader
800170C4:detach__15mDoMemCd_Ctrl_cFv
802DE90C:determineBlankPage__12JUTCacheFontFv
8000B68C:developKeyCheck__FUlUl
80452540:developmentMode__7mDoMain
802742FC:diagnoseGpHang__Fv
802A33F0:die_JAISound___8JAISoundFv
802A4520:die_JAIStream___9JAIStreamFv
802A1F80:die___6JAISeqFv
80318238:diffAmbColor__13J3DColorBlockFv
8031AFDC:diffAmbColor__20J3DColorBlockLightOnFv
80318160:diffBlend__10J3DPEBlockFv
803207B8:diffBlend__14J3DPEBlockFullFv
8031FED8:diffBlend__16J3DPEBlockFogOffFv
80318240:diffColorChan__13J3DColorBlockFv
8031B2D4:diffColorChan__20J3DColorBlockLightOnFv
8031AB30:diffColorChan__21J3DColorBlockLightOffFv
8031815C:diffFog__10J3DPEBlockFv
80320740:diffFog__14J3DPEBlockFullFv
80318244:diffLightObj__13J3DColorBlockFUl
8031B6E0:diffLightObj__20J3DColorBlockLightOnFUl
8031823C:diffMatColor__13J3DColorBlockFv
8031B158:diffMatColor__20J3DColorBlockLightOnFv
8031A9B4:diffMatColor__21J3DColorBlockLightOffFv
80322738:diffTevReg__11J3DTevBlockFv
8031DFF4:diffTevReg__12J3DTevBlock1Fv
8031E234:diffTevReg__12J3DTevBlock2Fv
8031E5BC:diffTevReg__12J3DTevBlock4Fv
8031E978:diffTevReg__13J3DTevBlock16Fv
8031DE28:diffTevReg__18J3DTevBlockPatchedFv
8032273C:diffTevStageIndirect__11J3DTevBlockFv
8031E0E8:diffTevStageIndirect__12J3DTevBlock1Fv
8031E3E4:diffTevStageIndirect__12J3DTevBlock2Fv
8031E76C:diffTevStageIndirect__12J3DTevBlock4Fv
8031EB28:diffTevStageIndirect__13J3DTevBlock16Fv
8031DD78:diffTevStageIndirect__18J3DTevBlockPatchedFv
80322740:diffTevStage__11J3DTevBlockFv
8031DFF8:diffTevStage__12J3DTevBlock1Fv
8031E2D0:diffTevStage__12J3DTevBlock2Fv
8031E658:diffTevStage__12J3DTevBlock4Fv
8031EA14:diffTevStage__13J3DTevBlock16Fv
8031DC64:diffTevStage__18J3DTevBlockPatchedFv
80322744:diffTexCoordScale__11J3DTevBlockFv
8031E168:diffTexCoordScale__12J3DTevBlock1Fv
8031E494:diffTexCoordScale__12J3DTevBlock2Fv
8031E81C:diffTexCoordScale__12J3DTevBlock4Fv
8031EBD8:diffTexCoordScale__13J3DTevBlock16Fv
8031DEC4:diffTexCoordScale__18J3DTevBlockPatchedFv
803338C0:diffTexGen__18J3DTexGenBlockNullFv
8031BB30:diffTexGen__21J3DTexGenBlockPatchedFv
803338BC:diffTexMtx__18J3DTexGenBlockNullFv
8031BAD0:diffTexMtx__21J3DTexGenBlockPatchedFv
80322748:diffTexNo__11J3DTevBlockFv
8031DFBC:diffTexNo__12J3DTevBlock1Fv
8031E1D0:diffTexNo__12J3DTevBlock2Fv
8031E558:diffTexNo__12J3DTevBlock4Fv
8031E914:diffTexNo__13J3DTevBlock16Fv
8031DC00:diffTexNo__18J3DTevBlockPatchedFv
80318144:diff__10J3DPEBlockFUl
803175D8:diff__11J3DMaterialFUl
8031DB44:diff__11J3DTevBlockFUl
80318140:diff__13J3DColorBlockFUl
80320AA0:diff__14J3DPEBlockFullFUl
8031F128:diff__15J3DIndBlockFullFUl
80318198:diff__15J3DIndBlockNullFUl
803228CC:diff__16J3DPEBlockFogOffFUl
80317ECC:diff__17J3DLockedMaterialFUl
803338B8:diff__18J3DTexGenBlockNullFUl
8031AF3C:diff__20J3DColorBlockLightOnFUl
8031A94C:diff__21J3DColorBlockLightOffFUl
8031BA68:diff__21J3DTexGenBlockPatchedFUl
803287A0:diff__8J3DModelFv
80096100:digHoleEvCamera__9dCamera_cFv
80279120:dirTypeEmtrDir__FPC18JPAEmitterWorkDataPC15JPABaseParticlePQ29JGeometry8TVec3<f>
802790EC:dirTypePosInv__FPC18JPAEmitterWorkDataPC15JPABaseParticlePQ29JGeometry8TVec3<f>
802790D0:dirTypePos__FPC18JPAEmitterWorkDataPC15JPABaseParticlePQ29JGeometry8TVec3<f>
8027913C:dirTypePrevPtcl__FPC18JPAEmitterWorkDataPC15JPABaseParticlePQ29JGeometry8TVec3<f>
802790B4:dirTypeVel__FPC18JPAEmitterWorkDataPC15JPABaseParticlePQ29JGeometry8TVec3<f>
80097868:directionOf__9dCamera_cFP10fopAc_ac_c
800181CC:dispConsoleToTerminal__Fv
80018078:dispDateInfo__Fv
8019B5F8:dispFadeOut_init__11dGameover_cFv
8019B640:dispFadeOut_proc__11dGameover_cFv
80018034:dispGameInfo__Fv
80017ED8:dispHeapInfo__Fv
8019B664:dispWait_init__11dGameover_cFv
8019B6AC:dispWait_proc__11dGameover_cFv
801F0C1C:displayInit__12dMenu_save_cFv
8018D15C:displayInit__14dFile_select_cFv
8025188C:displayInit__7dName_cFv
804537CC:displayOffsetH
804537CE:displayOffsetV
802A5F60:dispose__10JAUSectionFv
802BEE70:dispose__14Z2SoundObjBaseFv
802CF8A0:dispose__7JKRHeapFPvPv
802CF878:dispose__7JKRHeapFPvUl
802CF8C0:dispose__7JKRHeapFv
802CF7E4:dispose_subroutine__7JKRHeapFUlUl
803AB950:dist_table__12dAttention_c
80070D70:distace_angle_adjust__Ffsf
80070D24:distace_weight__Ffsf
80365EA8:div
8026221C:dkWmark_Create__FP12kankyo_class
8026249C:dkWmark_Delete__FP9dkWmark_c
80262818:dkWmark_Draw__FP9dkWmark_c
80262764:dkWmark_Execute__FP9dkWmark_c
80262D04:dkWpillar_Create__FP12kankyo_class
80262DEC:dkWpillar_Delete__FP11dkWpillar_c
80262FAC:dkWpillar_Draw__FP11dkWpillar_c
80262EA8:dkWpillar_Execute__FP11dkWpillar_c
80453444:dmaBuf
802DC380:dmaBufferFlush__FUl
8045344C:dmaCurrent
80453448:dmaEnd
801FA850:dmap_close_init__5dMw_cFUc
801FB8A0:dmap_close_proc__5dMw_cFv
801FA84C:dmap_move_init__5dMw_cFUc
801FB6C8:dmap_move_proc__5dMw_cFv
801FA828:dmap_open_init__5dMw_cFUc
801FB670:dmap_open_proc__5dMw_cFv
802F60E8:doCtrlCode__8J2DPrintFi
802E8448:doDraw__10JUTConsoleCFQ210JUTConsole12EConsoleType
802F6210:doEscapeCode__8J2DPrintFPPCUcUc
8024A97C:doFlow__10dMsgFlow_cFP10fopAc_ac_cPP10fopAc_ac_ci
80452725:doPreLoad
802CFF28:do_alloc__10JKRExpHeapFUli
802D1AB0:do_alloc__12JKRSolidHeapFUli
802D223C:do_alloc__13JKRAssertHeapFUli
8022F1DC:do_arrow2__28jmessage_tRenderingProcessorFv
80229F18:do_begin__26jmessage_tMeasureProcessorFPCvPCc
8022BB24:do_begin__27jmessage_tSequenceProcessorFPCvPCc
8022D298:do_begin__28jmessage_tRenderingProcessorFPCvPCc
802300B0:do_begin__33jmessage_string_tMeasureProcessorFPCvPCc
80230FFC:do_begin__34jmessage_string_tSequenceProcessorFPCvPCc
802311DC:do_begin__35jmessage_string_tRenderingProcessorFPCvPCc
8028759C:do_begin__Q27JStudio7TObjectFv
802A8DC4:do_begin__Q28JMessage10TProcessorFPCvPCc
80289C18:do_begin__Q37JStudio3stb7TObjectFv
802A95D0:do_begin___Q28JMessage18TSequenceProcessorFPCvPCc
802A99A4:do_begin___Q28JMessage19TRenderingProcessorFPCvPCc
802A95A0:do_branch__Q28JMessage18TSequenceProcessorFPCvPCc
802A9598:do_branch_queryResult__Q28JMessage18TSequenceProcessorFv
802A9594:do_branch_query__Q28JMessage18TSequenceProcessorFUl
802D0728:do_changeGroupID__10JKRExpHeapFUc
802D222C:do_changeGroupID__13JKRAssertHeapFUc
802CFBA4:do_changeGroupID__7JKRHeapFUc
8022A290:do_character__26jmessage_tMeasureProcessorFi
8022C4AC:do_character__27jmessage_tSequenceProcessorFi
8022D56C:do_character__28jmessage_tRenderingProcessorFi
802300F4:do_character__33jmessage_string_tMeasureProcessorFi
802310C4:do_character__34jmessage_string_tSequenceProcessorFi
80231284:do_character__35jmessage_string_tRenderingProcessorFi
802A8DCC:do_character__Q28JMessage10TProcessorFi
8022EC98:do_color__28jmessage_tRenderingProcessorFUc
80232B20:do_color__35jmessage_string_tRenderingProcessorFUc
8028762C:do_data__Q27JStudio7TObjectFPCvUlPCvUl
80289C28:do_data__Q37JStudio3stb7TObjectFPCvUlPCvUl
802CFDAC:do_destroy__10JKRExpHeapFv
802D18D0:do_destroy__12JKRSolidHeapFv
802D21D8:do_destroy__13JKRAssertHeapFv
8022A108:do_end__26jmessage_tMeasureProcessorFv
8022BF08:do_end__27jmessage_tSequenceProcessorFv
8022D4A4:do_end__28jmessage_tRenderingProcessorFv
802300E0:do_end__33jmessage_string_tMeasureProcessorFv
802310B8:do_end__34jmessage_string_tSequenceProcessorFv
80231224:do_end__35jmessage_string_tRenderingProcessorFv
802875D4:do_end__Q27JStudio7TObjectFv
802A8DC8:do_end__Q28JMessage10TProcessorFv
80289C1C:do_end__Q37JStudio3stb7TObjectFv
802A95D4:do_end___Q28JMessage18TSequenceProcessorFv
802A99A8:do_end___Q28JMessage19TRenderingProcessorFv
802D0724:do_fillFreeArea__10JKRExpHeapFv
802D1E00:do_fillFreeArea__12JKRSolidHeapFv
802D2250:do_fillFreeArea__13JKRAssertHeapFv
802D0620:do_freeAll__10JKRExpHeapFv
802D1D14:do_freeAll__12JKRSolidHeapFv
802D2248:do_freeAll__13JKRAssertHeapFv
802D069C:do_freeTail__10JKRExpHeapFv
802D1D74:do_freeTail__12JKRSolidHeapFv
802D224C:do_freeTail__13JKRAssertHeapFv
802D05AC:do_free__10JKRExpHeapFPv
802D1CE4:do_free__12JKRSolidHeapFPv
802D2244:do_free__13JKRAssertHeapFPv
802D181C:do_getCurrentGroupId__10JKRExpHeapFv
802D2234:do_getCurrentGroupId__13JKRAssertHeapFv
802CFBAC:do_getCurrentGroupId__7JKRHeapFv
802D09A4:do_getFreeSize__10JKRExpHeapFv
802D2094:do_getFreeSize__12JKRSolidHeapFv
802D2264:do_getFreeSize__13JKRAssertHeapFv
802D0A10:do_getMaxFreeBlock__10JKRExpHeapFv
802D209C:do_getMaxFreeBlock__12JKRSolidHeapFv
802D226C:do_getMaxFreeBlock__13JKRAssertHeapFv
802D0924:do_getSize__10JKRExpHeapFPv
802D1E38:do_getSize__12JKRSolidHeapFPv
802D225C:do_getSize__13JKRAssertHeapFPv
802D0A84:do_getTotalFreeSize__10JKRExpHeapFv
802D20A4:do_getTotalFreeSize__12JKRSolidHeapFv
802D2274:do_getTotalFreeSize__13JKRAssertHeapFv
8022E7E4:do_heightcenter__28jmessage_tRenderingProcessorFv
802324A4:do_heightcenter__35jmessage_string_tRenderingProcessorFv
8022C048:do_isReady__27jmessage_tSequenceProcessorFv
802310BC:do_isReady__34jmessage_string_tSequenceProcessorFv
802A9580:do_isReady__Q28JMessage18TSequenceProcessorFv
8022D0B0:do_jump__27jmessage_tSequenceProcessorFPCvPCc
80231100:do_jump__34jmessage_string_tSequenceProcessorFPCvPCc
802A9590:do_jump__Q28JMessage18TSequenceProcessorFPCvPCc
8022CDC8:do_jump_isReady__27jmessage_tSequenceProcessorFv
802310F8:do_jump_isReady__34jmessage_string_tSequenceProcessorFv
802A9588:do_jump_isReady__Q28JMessage18TSequenceProcessorFv
8022EE2C:do_linedown__28jmessage_tRenderingProcessorFs
80232C44:do_linedown__35jmessage_string_tRenderingProcessorFs
80263A5C:do_link__20DynamicModuleControlFv
80263FD4:do_link__24DynamicModuleControlBaseFv
802635E8:do_load__20DynamicModuleControlFv
80263FDC:do_load__24DynamicModuleControlBaseFv
802638FC:do_load_async__20DynamicModuleControlFv
80263FF4:do_load_async__24DynamicModuleControlBaseFv
8022B920:do_name1__26jmessage_tMeasureProcessorFv
8022CDD0:do_name1__27jmessage_tSequenceProcessorFv
8022FA08:do_name1__28jmessage_tRenderingProcessorFv
8022FA0C:do_numset__28jmessage_tRenderingProcessorFs
80232C98:do_numset__35jmessage_string_tRenderingProcessorFs
8022EFB0:do_outfont__28jmessage_tRenderingProcessorFUcUl
80232880:do_outfont__35jmessage_string_tRenderingProcessorFUc
8022B8B8:do_pageType__26jmessage_tMeasureProcessorFi
80288018:do_paragraph__Q27JStudio11TObject_fogFUlPCvUl
8028774C:do_paragraph__Q27JStudio13TObject_actorFUlPCvUl
802881A4:do_paragraph__Q27JStudio13TObject_lightFUlPCvUl
802889D8:do_paragraph__Q27JStudio13TObject_soundFUlPCvUl
80287CB8:do_paragraph__Q27JStudio14TObject_cameraFUlPCvUl
8028847C:do_paragraph__Q27JStudio15TObject_messageFUlPCvUl
802885A8:do_paragraph__Q27JStudio16TObject_particleFUlPCvUl
80287B38:do_paragraph__Q27JStudio20TObject_ambientLightFUlPCvUl
80289C20:do_paragraph__Q37JStudio3stb7TObjectFUlPCvUl
802A8E84:do_resetStatus___Q28JMessage10TProcessorFPCc
802A95A4:do_resetStatus___Q28JMessage18TSequenceProcessorFPCc
8022BB20:do_reset__27jmessage_tSequenceProcessorFv
8022D294:do_reset__28jmessage_tRenderingProcessorFv
80230FF8:do_reset__34jmessage_string_tSequenceProcessorFv
80231198:do_reset__35jmessage_string_tRenderingProcessorFv
802A8DC0:do_reset__Q28JMessage10TProcessorFv
802D0778:do_resize__10JKRExpHeapFPvUl
802D1E04:do_resize__12JKRSolidHeapFPvUl
802D2254:do_resize__13JKRAssertHeapFPvUl
8022B924:do_rubyset__26jmessage_tMeasureProcessorFPCvUl
8022CEF0:do_rubyset__27jmessage_tSequenceProcessorFPCvUl
8022F614:do_rubyset__28jmessage_tRenderingProcessorFPCvUl
80230EC8:do_rubyset__33jmessage_string_tMeasureProcessorFPCvUl
80232664:do_rubyset__35jmessage_string_tRenderingProcessorFPCvUl
8022F850:do_rubystrcat__28jmessage_tRenderingProcessorFPcPcff
80232814:do_rubystrcat__35jmessage_string_tRenderingProcessorFPc
8022B57C:do_scale__26jmessage_tMeasureProcessorFf
8022ED2C:do_scale__28jmessage_tRenderingProcessorFf
80232BB4:do_scale__35jmessage_string_tRenderingProcessorFf
802A8DD8:do_select_begin__Q28JMessage10TProcessorFUl
802A8DDC:do_select_end__Q28JMessage10TProcessorFv
802A8DE0:do_select_separate__Q28JMessage10TProcessorFv
8022E72C:do_selwidthcenter__28jmessage_tRenderingProcessorFi
802A8E88:do_setBegin_isReady___Q28JMessage10TProcessorCFv
802A95C0:do_setBegin_isReady___Q28JMessage18TSequenceProcessorCFv
8022B658:do_space__26jmessage_tMeasureProcessorFUl
8022CDD4:do_space__27jmessage_tSequenceProcessorFUl
8022F3CC:do_strcat__28jmessage_tRenderingProcessorFPcbbb
802325F8:do_strcat__35jmessage_string_tRenderingProcessorFPc
8022A6BC:do_tag__26jmessage_tMeasureProcessorFUlPCvUl
8022C66C:do_tag__27jmessage_tSequenceProcessorFUlPCvUl
8022DC18:do_tag__28jmessage_tRenderingProcessorFUlPCvUl
802302BC:do_tag__33jmessage_string_tMeasureProcessorFUlPCvUl
802310C8:do_tag__34jmessage_string_tSequenceProcessorFUlPCvUl
8023164C:do_tag__35jmessage_string_tRenderingProcessorFUlPCvUl
802A8DD0:do_tag__Q28JMessage10TProcessorFUlPCvUl
802A8E90:do_tag___Q28JMessage10TProcessorFUlPCvUl
802A95E0:do_tag___Q28JMessage18TSequenceProcessorFUlPCvUl
802A99AC:do_tag___Q28JMessage19TRenderingProcessorFUlPCvUl
8022EE8C:do_transY__28jmessage_tRenderingProcessorFsb
80263D28:do_unlink__20DynamicModuleControlFv
80263FEC:do_unlink__24DynamicModuleControlBaseFv
802639C4:do_unload__20DynamicModuleControlFv
80263FE4:do_unload__24DynamicModuleControlBaseFv
8028760C:do_wait__Q27JStudio7TObjectFUl
80289C24:do_wait__Q37JStudio3stb7TObjectFUl
8022E648:do_widthcenter__28jmessage_tRenderingProcessorFv
80232324:do_widthcenter__35jmessage_string_tRenderingProcessorFv
802A8940:do_word__Q28JMessage10TReferenceCFUl
802579C0:dolbyInDraw__10dScnLogo_cFv
80257AC8:dolbyOutDraw2__10dScnLogo_cFv
80257A44:dolbyOutDraw__10dScnLogo_cFv
802D4744:doneDMA__12JKRAramPieceFUl
802DA8C4:doneProcess__10JKRDvdFileFlP11DVDFileInfo
80042144:doorCheck__14dEvt_control_cFP12dEvt_order_c
802392F4:dotAnimeInit__14dMsgScrnBase_cFv
8024061C:dotAnimeInit__14dMsgScrnItem_cFv
802487DC:dotAnimeInit__14dMsgScrnTalk_cFv
8023C668:dotAnimeInit__15dMsgScrnArrow_cFv
802392F0:dotAnimeMove__14dMsgScrnBase_cFv
80240640:dotAnimeMove__14dMsgScrnItem_cFv
80248800:dotAnimeMove__14dMsgScrnTalk_cFv
8023C6B4:dotAnimeMove__15dMsgScrnArrow_cFv
80368814:double2hex
803A4070:dp_h
803A4080:dp_l
801E8370:dpdMenuMove__14dMenu_Option_cFv
801EF748:dpdMove__12dMenu_Ring_cFv
8019AE00:dpdMove__13dShopSystem_cFv
801BA30C:dpdMove__14dMenu_DmapBg_cFScScScPUcUc
801DA5C0:dpdMove__14dMenu_Insect_cFv
80455618:drArcName$4618
800504A0:drawAfter__18JPAEmitterCallBackFP14JPABaseEmitter
80050144:drawAfter__18dPa_modelEcallBackFP14JPABaseEmitter
80050310:drawAfter__19dPa_light8EcallBackFP14JPABaseEmitter
8005026C:drawAfter__25dPa_gen_b_light8EcallBackFP14JPABaseEmitter
800501C8:drawAfter__25dPa_gen_d_light8EcallBackFP14JPABaseEmitter
8028FED0:drawAfter__Q317JStudio_JParticle17TAdaptor_particle21TJPACallback_emitter_FP14JPABaseEmitter
8003D1DC:drawBack__18dRenderingFDAmap_cCFv
80019748:drawBallModel__13fopEn_enemy_cFP12dKy_tevstr_c
801CD0A0:drawBatsumarkIcon__12dMenu_Fmap_cFv
80217BC8:drawButton3D__13dMeter2Draw_cFUc
80217070:drawButtonA__13dMeter2Draw_cFUcfffffbb
802173A8:drawButtonB__13dMeter2Draw_cFUcbfffffb
80217CD4:drawButtonBin__13dMeter2Draw_cFUc
80217C18:drawButtonC__13dMeter2Draw_cFUcb
80218518:drawButtonCross__13dMeter2Draw_cFff
80217910:drawButtonR__13dMeter2Draw_cFUcUcbb
80217C84:drawButtonS__13dMeter2Draw_cFUc
80217D78:drawButtonXY__13dMeter2Draw_cFiUcUcbb
802179B0:drawButtonZ__13dMeter2Draw_cFUc
80276CB0:drawC__11JPAResourceFP18JPAEmitterWorkData
8009D61C:drawCapture__FUc
802E511C:drawChar__14JUTDirectPrintFiii
802E05C4:drawChar_scale__10JUTResFontFffffib
8006963C:drawCloudShadow__FPA4_fPPUc
801CD134:drawCoachIcon__12dMenu_Fmap_cFv
80246780:drawCommon__15dMsgScrnLight_cFfffff
802FC668:drawContentsTexture__9J2DWindowFffff
80302794:drawContents__11J2DWindowExFRCQ29JGeometry8TBox2<f>
802FC138:drawContents__9J2DWindowFRCQ29JGeometry8TBox2<f>
80198AD0:drawCursor__13dShopSystem_cFv
801BB6C0:drawCursor__14dMenu_DmapBg_cFv
800413F0:drawCursor__28renderingPlusDoorAndCursor_cFRC3Vecsif
80155DDC:drawDbgInfo__8daNpcF_cFv
8014CE3C:drawDbgInfo__8daNpcT_cFv
801D5910:drawDebugRegionArea__18dMenu_Fmap2DBack_cFv
801D564C:drawDebugStageArea__18dMenu_Fmap2DBack_cFv
801CD6B4:drawDebugStage__12dMenu_Fmap_cFv
80008630:drawDepth2__FP10view_classP15view_port_classi
802E9250:drawDirect__17JUTConsoleManagerCFb
802E5EBC:drawDoneCallback__8JUTVideoFv
802E5E88:drawDoneStart__8JUTVideoFv
800406A4:drawDoor1__19renderingPlusDoor_cFv
800406E8:drawDoor2__19renderingPlusDoor_cFv
8004072C:drawDoorCommon__19renderingPlusDoor_cFPC21stage_tgsc_data_classib
80243C60:drawEffect__14dMsgScrnHowl_cFv
801CD4D4:drawEnterIcon__12dMenu_Fmap_cFv
80313DBC:drawFast__14J3DShapePacketFv
8031624C:drawFast__8J3DShapeCFv
80049CF0:drawFirst__FP14JPABaseEmitter
80049D50:drawFirst_l8__FP14JPABaseEmitter
801BD610:drawFloorScreenBack__12dMenu_Dmap_cFP9J2DScreenffP13J2DOrthoGraph
801BD77C:drawFloorScreenTop__12dMenu_Dmap_cFP9J2DScreenffP13J2DOrthoGraph
8024A574:drawFontLocal__12dMsgString_cFP10J2DTextBoxUcffffUlUc
8024A250:drawFontLocal__16dMsgStringBase_cFP10J2DTextBoxUcffffUlUc
80227010:drawFont__10COutFont_cFP10J2DTextBoxUcffffUlUc
80225F34:drawFont__13COutFontSet_cFP10J2DTextBoxUcffffUlUc
80302B74:drawFrameTexture__11J2DWindowExFffffUsUsUsUsP11J2DMaterialb
802FC5C8:drawFrameTexture__9J2DWindowFP10JUTTextureffbbb
802FC434:drawFrameTexture__9J2DWindowFP10JUTTextureffffUsUsUsUsb
802EA168:drawFrame__14J2DGrafContextFRCQ29JGeometry8TBox2<f>
802FE9FC:drawFullSet__10J2DPictureFffffPA3_A4_f
80304980:drawFullSet__12J2DPictureExFffffPA3_A4_f
803D0C30:drawFuncTable__13J3DDrawBuffer
8014CE38:drawGhost__8daNpcT_cFv
801CD10C:drawGoldWolfIcon__12dMenu_Fmap_cFv
80243688:drawGuide2__14dMsgScrnHowl_cFv
80242E4C:drawGuide__14dMsgScrnHowl_cFv
8020BE48:drawHaihaiBottom__14dMeterHaihai_cFff
8020BC74:drawHaihaiLeft__14dMeterHaihai_cFff
8020BD10:drawHaihaiRight__14dMeterHaihai_cFff
8020BDAC:drawHaihaiTop__14dMeterHaihai_cFff
801E3B90:drawHaihai__14dMenu_Option_cFv
8020B7DC:drawHaihai__14dMeterHaihai_cFUc
8020BAD8:drawHaihai__14dMeterHaihai_cFUcffff
80326300:drawHead__13J3DDrawBufferCFv
802E7DA0:drawHeapBar__10JUTProcBarFv
80041338:drawIconSingle__28renderingPlusDoorAndCursor_cFRC3Vecff
801CD3D0:drawIcon__12dMenu_Fmap_cFUci
801CCDCC:drawIcon__12dMenu_Fmap_cFfb
801C3B3C:drawIcon__16dMenuMapCommon_cFffff
80310EBC:drawInit__6J3DSysFv
801ED260:drawItem2__12dMenu_Ring_cFv
8000A58C:drawItem3D__Fv
8021B18C:drawItemNum__13dMeter2Draw_cFUcf
801ECDD8:drawItem__12dMenu_Ring_cFv
801A5934:drawKankyo__18dScnKy_env_light_cFv
8021B23C:drawKanteraMeter__13dMeter2Draw_cFUcf
80215178:drawKanteraScreen__13dMeter2Draw_cFUc
8021576C:drawKantera__13dMeter2Draw_cFllff
801DBA08:drawKantera__19dMenu_ItemExplain_cFv
80216D04:drawKey__13dMeter2Draw_cFs
80214CB8:drawLife__13dMeter2Draw_cFssff
801CD05C:drawLightDropIcon__12dMenu_Fmap_cFv
80215DDC:drawLightDrop__13dMeter2Draw_cFUcUcffffUc
80215554:drawMagic__13dMeter2Draw_cFssff
8004AE1C:drawModel__18dPa_modelEcallBackFP14JPABaseEmitterPA4_f
80040968:drawNormalDoorS__19renderingPlusDoor_cFPC21stage_tgsc_data_classiib
80159308:drawNpc__10daNpcCd2_cFv
80157180:drawNpc__9daNpcCd_cFv
801EE90C:drawNumber__12dMenu_Ring_cFiiff
801591FC:drawObj__10daNpcCd2_cFiP8J3DModelf
80157098:drawObj__9daNpcCd_cFiP8J3DModelf
80056804:drawOpaDrawList__12dDlst_list_cFP13J3DDrawBuffer
8005687C:drawOpaListItem3d__12dDlst_list_cFv
8014CE34:drawOtherMdl__8daNpcT_cFv
8014F6B4:drawOtherMdls__11daBaseNpc_cFv
80155DD8:drawOtherMdls__8daNpcF_cFv
8024A488:drawOutFontLocal__12dMsgString_cFP10J2DTextBoxf
8024A2C0:drawOutFontLocal__16dMsgStringBase_cFP10J2DTextBoxf
8023C9D0:drawOutFont__14dMsgScrnBase_cFfff
802FED88:drawOut__10J2DPictureFRCQ29JGeometry8TBox2<f>RCQ29JGeometry8TBox2<f>
80300388:drawOut__10J2DPictureFffffff
80300324:drawOut__10J2DPictureFffffffff
80305CF0:drawOut__12J2DPictureExFRCQ29JGeometry8TBox2<f>RCQ29JGeometry8TBox2<f>
80305B88:drawOut__12J2DPictureExFffffff
80307ED0:drawOut__12J2DPictureExFffffffff
80215AA4:drawOxygen__13dMeter2Draw_cFllff
80276974:drawP__11JPAResourceFP18JPAEmitterWorkData
8003CDF4:drawPath__11dDrawPath_cFv
80028AB8:drawPath__15renderingAmap_cFv
802148F0:drawPikariHakusha__13dMeter2Draw_cFffffQ28JUtility6TColorQ28JUtility6TColorQ28JUtility6TColorQ28JUtility6TColor
802142B4:drawPikari__13dMeter2Draw_cFP8CPaneMgrPffQ28JUtility6TColorQ28JUtility6TColorQ28JUtility6TColorQ28JUtility6TColorfUc
802143A0:drawPikari__13dMeter2Draw_cFffPffQ28JUtility6TColorQ28JUtility6TColorQ28JUtility6TColorQ28JUtility6TColorfUc
8020F9B0:drawPikari__14dMeterString_cFv
80261954:drawPikari__21dDlst_TimerScrnDraw_cFi
801CD15C:drawPlayEnterIcon__12dMenu_Fmap_cFv
801CD518:drawPortalIcon__12dMenu_Fmap_cFv
802E6C3C:drawProcessBar__10JUTProcBarFv
802165F0:drawRupee__13dMeter2Draw_cFs
80049F70:drawSecond_b_light8__FP14JPABaseEmitter
80049D74:drawSecond_light8__FP14JPABaseEmitter
801EDF5C:drawSelectItem__12dMenu_Ring_cFv
802FE928:drawSelf__10J2DPictureFff
802FE990:drawSelf__10J2DPictureFffPA3_A4_f
803016E8:drawSelf__10J2DTextBoxFff
80301750:drawSelf__10J2DTextBoxFffPA3_A4_f
8030202C:drawSelf__11J2DWindowExFffPA3_A4_f
803048B4:drawSelf__12J2DPictureExFffPA3_A4_f
803083AC:drawSelf__12J2DTextBoxExFffPA3_A4_f
8023C9A4:drawSelf__14dMsgScrnBase_cFv
8023D23C:drawSelf__14dMsgScrnBoss_cFv
802422D4:drawSelf__14dMsgScrnHowl_cFv
802401C8:drawSelf__14dMsgScrnItem_cFv
802484F0:drawSelf__14dMsgScrnTalk_cFv
801923D8:drawSelf__15dFile_warning_cFv
802470E8:drawSelf__15dMsgScrnPlace_cFv
8024760C:drawSelf__15dMsgScrnStaff_cFv
802453D8:drawSelf__16dMsgScrnJimaku_cFv
802F9278:drawSelf__7J2DPaneFff
802F91C8:drawSelf__7J2DPaneFffPA3_A4_f
802F9F20:drawSelf__9J2DScreenFffPA3_A4_f
802FBFD8:drawSelf__9J2DWindowFff
802FC040:drawSelf__9J2DWindowFffPA3_A4_f
80159178:drawShadow__10daNpcCd2_cFf
8002CB6C:drawSimpleModel__14dComIfG_play_cFv
801CD0C8:drawSnowmanIcon__12dMenu_Fmap_cFv
802E1240:drawString__10JUTDbPrintFiiiPCUc
802E54D8:drawString__14JUTDirectPrintFUsUsPc
802E5508:drawString_f__14JUTDirectPrintFUsUsPCce
802DFC28:drawString_size_scale__7JUTFontFffffPCcUlb
80326378:drawTail__13J3DDrawBufferCFv
802FF180:drawTexCoord__10J2DPictureFffffssssssssPA3_A4_f
803049DC:drawTexCoord__12J2DPictureExFffffssssssssPA3_A4_f
801B61A0:drawTop__17dMenu_Collect2D_cFv
80040FB4:drawTreasureAfterPlayer__28renderingPlusDoorAndCursor_cFv
80040C30:drawTreasure__28renderingPlusDoorAndCursor_cFv
8006A1C0:drawVrkumo__FPA4_fR8_GXColorPPUc
8024283C:drawWave__14dMsgScrnHowl_cFv
80056840:drawXluDrawList__12dDlst_list_cFP13J3DDrawBuffer
800568A0:drawXluListItem3d__12dDlst_list_cFv
80227074:draw__10COutFont_cFP10J2DTextBoxfff
80300248:draw__10J2DPictureFffUcbbb
803002E0:draw__10J2DPictureFffbbb
802FEA70:draw__10J2DPictureFffffbbb
803010E8:draw__10J2DTextBoxFff
80301290:draw__10J2DTextBoxFfff18J2DTextBoxHBinding
802E6C08:draw__10JUTProcBarFv
800733E0:draw__10dAttDraw_cFR4cXyzPA4_f
80053BCC:draw__10dDlst_2D_cFv
80256C80:draw__10dScnLogo_cFv
80259A38:draw__10dScnName_cFv
80302DC8:draw__11J2DWindowExFRCQ29JGeometry8TBox2<f>
80302F64:draw__11J2DWindowExFRCQ29JGeometry8TBox2<f>RCQ29JGeometry8TBox2<f>
80304368:draw__11J2DWindowExFffff
80276894:draw__11JPAResourceFP18JPAEmitterWorkDataP14JPABaseEmitter
80052D88:draw__11dDlst_2DM_cFv
800520C8:draw__11dDlst_2DT_cFv
8005325C:draw__11dDlst_2Dm_cFv
80053C94:draw__11dDlst_blo_cFv
8020E22C:draw__11dMeterMap_cFv
80194384:draw__11dMeterSub_cFv
8014EE5C:draw__11daBaseNpc_cFf
80262EC8:draw__11dkWpillar_cFv
8030557C:draw__12J2DPictureExFffUcbbb
80307E8C:draw__12J2DPictureExFffbbb
80305690:draw__12J2DPictureExFffffbbb
803086AC:draw__12J2DTextBoxExFff
803088F0:draw__12J2DTextBoxExFfff18J2DTextBoxHBinding
8031389C:draw__12J3DMatPacketFv
803158D4:draw__12J3DShapeDrawCFv
8005377C:draw__12dDlst_2DMt_cFv
80052484:draw__12dDlst_2DT2_cFv
8002AC94:draw__12dDlst_base_cFv
800568F4:draw__12dDlst_list_cFPP12dDlst_base_cPP12dDlst_base_c
801EF824:draw__12dMenu_Ring_cFv
800493A0:draw__12diff_model_cFv
803262AC:draw__13J3DDrawBufferCFv
80313724:draw__13J3DDrawPacketFv
80051C20:draw__13dDlst_2DTri_cFv
801F9CCC:draw__13dMenu_Skill_cFv
802117E0:draw__13dMeter2Draw_cFv
8004C2B8:draw__13dPa_control_cFP11JPADrawInfoUc
80313D24:draw__14J3DShapePacketFv
80051E20:draw__14dDlst_2DQuad_cFv
80251B1C:draw__14dDlst_NameIN_cFv
8009D3A0:draw__14dDvdErrorMsg_cFl
801BAD68:draw__14dMenu_DmapBg_cFv
801DA8F4:draw__14dMenu_Insect_cFv
801E2020:draw__14dMenu_Letter_cFv
801E9130:draw__14dMenu_Option_cFv
80202504:draw__14dMeterButton_cFv
8020B404:draw__14dMeterHaihai_cFv
8020F474:draw__14dMeterString_cFv
8023C918:draw__14dMsgScrnBase_cFv
80249914:draw__14dMsgScrnTree_cFv
80125E00:draw__14daAlink_blur_cFv
802D2C1C:draw__15JKRThreadSwitchFP14JKRThreadName_
802D2A74:draw__15JKRThreadSwitchFP14JKRThreadName_P10JUTConsole
80051F8C:draw__15dDlst_2DPoint_cFv
8018E0C8:draw__15dDlst_FileSel_cFv
801B7D18:draw__15dMenu_Collect_cFv
801C6860:draw__15dMenu_Fishing_cFv
801CF158:draw__15dMenu_FmapMap_cFv
8020CB14:draw__15dMeterHakusha_cFv
8023C464:draw__15dMsgScrnArrow_cFv
802462A8:draw__15dMsgScrnLight_cFPffffffUc
80246634:draw__15dMsgScrnLight_cFPfffffffQ28JUtility6TColorQ28JUtility6TColor
80252F04:draw__15dOvlpFd2_dlst_cFv
802539B0:draw__15dOvlpFd3_dlst_cFv
80048F3C:draw__15dSmplMdl_draw_cFv
801268CC:draw__15daAlink_sight_cFv
80028578:draw__15renderingAmap_cFv
80192FF4:draw__16dDlst_FileInfo_cFv
80192560:draw__16dDlst_FileWarn_cFv
801F6DD0:draw__16dDlst_MenuSave_cFv
8025395C:draw__16dDlst_snapShot_cFv
801907B4:draw__16dFile_select3D_cFv
80245CBC:draw__16dMsgScrnKanban_cFv
80194E88:draw__16dSelect_cursor_cFv
8003FF48:draw__16renderingDAmap_cFv
8027EE28:draw__17JPAEmitterManagerFPC11JPADrawInfoUc
802E9184:draw__17JUTConsoleManagerCFv
8018E304:draw__17dDlst_FileSel3m_cFv
8018E208:draw__17dDlst_FileSelCp_cFv
8018E100:draw__17dDlst_FileSelDt_cFv
8018E2CC:draw__17dDlst_FileSelYn_cFv
801B8158:draw__17dMenu_Collect2D_cFv
801B6BC4:draw__17dMenu_Collect3D_cFv
801D6F5C:draw__17dMenu_Fmap2DTop_cFv
8023A478:draw__17dMsgScrn3Select_cFff
8023DFBC:draw__17dMsgScrnExplain_cFP13J2DOrthoGraph
8005049C:draw__18JPAEmitterCallBackFP14JPABaseEmitter
80053FCC:draw__18dDlst_effectLine_cFv
800544E4:draw__18dDlst_shadowPoly_cFv
80054704:draw__18dDlst_shadowReal_cFv
8005716C:draw__18dKankyo_mud_PacketFv
80056D90:draw__18dKankyo_sun_PacketFv
801D01F8:draw__18dMenu_Fmap2DBack_cFv
8004AB64:draw__18dPa_modelEcallBackFP14JPABaseEmitter
8004A590:draw__18dPa_modelPcallBackFP14JPABaseEmitterP15JPABaseParticle
8015F3AC:draw__18daPy_sightPacket_cFv
80018480:draw__19JPAParticleCallBackFP14JPABaseEmitterP15JPABaseParticle
80193828:draw__19dDlst_BrightCheck_cFv
801AEF10:draw__19dDlst_KanteraIcon_cFv
800571DC:draw__19dKankyo_evil_PacketFv
80056E40:draw__19dKankyo_rain_PacketFv
80056EC8:draw__19dKankyo_snow_PacketFv
80056F38:draw__19dKankyo_star_PacketFv
801AFE4C:draw__19dMenu_Calibration_cFv
801C2500:draw__19dMenu_DmapMapCtrl_cFv
801DB7D8:draw__19dMenu_ItemExplain_cFP13J2DOrthoGraph
800497E0:draw__19dPa_followEcallBackFP14JPABaseEmitter
8004DE3C:draw__19dPa_fsenthPcallBackFP14JPABaseEmitterP15JPABaseParticle
8004A470:draw__19dPa_light8EcallBackFP14JPABaseEmitter
8004DE4C:draw__19dPa_light8PcallBackFP14JPABaseEmitterP15JPABaseParticle
8004B0C4:draw__19dPa_simpleEcallBackFP14JPABaseEmitter
80012728:draw__19mDoExt_3DlineMat0_cFv
80013584:draw__19mDoExt_3DlineMat1_cFv
800121D4:draw__19mDoExt_invJntPacketFv
801FE290:draw__20dDlst_MENU_CAPTURE_cFv
8005533C:draw__20dDlst_shadowSimple_cFv
80056FA8:draw__20dKankyo_cloud_PacketFv
80057018:draw__20dKankyo_housi_PacketFv
800570FC:draw__20dKankyo_odour_PacketFv
801B79FC:draw__20dMenu_Collect2DTop_cFv
80126630:draw__20daAlink_lockCursor_cFv
80261490:draw__21dDlst_TimerScrnDraw_cFv
80055B44:draw__21dDlst_shadowControl_cFPA4_f
80057088:draw__21dKankyo_vrkumo_PacketFv
800503E0:draw__21dPa_setColorEcallBackFP14JPABaseEmitter
80056DC8:draw__22dKankyo_sunlenz_PacketFv
8004AEF4:draw__22dPa_selectTexEcallBackFP14JPABaseEmitter
801F6DA0:draw__23dDlst_MenuSaveExplain_cFv
8001834C:draw__24JPTraceParticleCallBack4FP14JPABaseEmitterP15JPABaseParticle
8019BF4C:draw__24dDlst_GameOverScrnDraw_cFv
8019AF50:draw__24dDlst_Gameover_CAPTURE_cFv
8004A494:draw__25dPa_gen_b_light8EcallBackFP14JPABaseEmitter
8004E7D8:draw__25dPa_gen_b_light8PcallBackFP14JPABaseEmitterP15JPABaseParticle
8004A4B8:draw__25dPa_gen_d_light8EcallBackFP14JPABaseEmitter
8004EE74:draw__25dPa_gen_d_light8PcallBackFP14JPABaseEmitterP15JPABaseParticle
80014750:draw__26mDoExt_3DlineMatSortPacketFv
8009C62C:draw__6dMdl_cFv
802F75E0:draw__7J2DPaneFffPC14J2DGrafContextbb
803163E0:draw__8J3DShapeCFv
802E64DC:draw__8JUTFaderFv
80193EC0:draw__8dScope_cFv
801524B8:draw__8daNpcF_cFiifP11_GXColorS10i
80148A78:draw__8daNpcT_cFiifP11_GXColorS10fiii
802F9CD4:draw__9J2DScreenFffPC14J2DGrafContext
802FB728:draw__9J2DWindowFRCQ29JGeometry8TBox2<f>
802FBCD0:draw__9J2DWindowFRCQ29JGeometry8TBox2<f>RCQ29JGeometry8TBox2<f>
802FCDA0:draw__9J2DWindowFffff
80313E44:draw__9J3DPacketFv
800CCA08:draw__9daAlink_cFv
80009650:draw__Q213mDoGph_gInf_c7bloom_cFv
8004AA0C:draw__Q218dPa_modelEcallBack7model_cFPA4_f
80107B0C:draw__Q29daAlink_c14hsChainShape_cFv
8028FE98:draw__Q317JStudio_JParticle17TAdaptor_particle21TJPACallback_emitter_FP14JPABaseEmitter
803020CC:draw_private__11J2DWindowExFRCQ29JGeometry8TBox2<f>RCQ29JGeometry8TBox2<f>
802FB85C:draw_private__9J2DWindowFRCQ29JGeometry8TBox2<f>RCQ29JGeometry8TBox2<f>
802731AC:drawendXfb_single__10JFWDisplayFv
8029E140:drop__13JASDSPChannelFv
8029BD78:dspUpdateCallback__10JASChannelFUlPQ26JASDsp8TChannelPv
80427658:dummy$36763
804265E8:dummy$4203
802E5EB0:dummyNoDrawWait__8JUTVideoFv
803BDDEC:dummy_padding_data_0x354
80263A0C:dump2__20DynamicModuleControlFv
80263FFC:dump2__24DynamicModuleControlBaseFv
802E8D7C:dumpToTerminal__10JUTConsoleFUi
802D11B8:dump__10JKRExpHeapFv
802D4018:dump__11JKRAramHeapFv
8003BF68:dump__11dRes_info_cFP11dRes_info_ci
802D1EFC:dump__12JKRSolidHeapFv
802D221C:dump__13JKRAssertHeapFv
8003C768:dump__14dRes_control_cFv
80263270:dump__24DynamicModuleControlBaseFv
8003BE5C:dump_long__11dRes_info_cFP11dRes_info_ci
802D13CC:dump_sort__10JKRExpHeapFv
802D2224:dump_sort__13JKRAssertHeapFv
800065D8:dump_sort__7JKRHeapFv
8011F9E4:dungeonReturnWarp__9daAlink_cFv
8019EACC:dungeonlight_init__Fv
80258C44:dvdDataLoad__10dScnLogo_cFv
80297B94:dvdErrorCheck__13JASAramStreamFPv
80257AE0:dvdWaitDraw__10dScnLogo_cFv
804530C8:dylPhase
804530D0:dylPreLoadTime1
803C5FC0:e_mtx
804550B8:effDataTable$41650
804550A8:effID$41443
80393584:effJoint$42070
803933A0:effName$39419
80455054:effName$40765
80393538:effName$41208
80455088:effName$41286
80455090:effName$41312
804550CC:effName$42224
804550D0:effName$42309
804550D4:effName$42340
8045505C:effName0$40950
80455064:effName1$40951
803934CC:effNameLarge$41096
80455070:effNameLight$41091
8045506C:effNameNormal$41086
80455078:effNameWater$41101
80393594:effOffset$42071
803935F4:effScale$42225
80037168:eff_break_tsubo__5daObjFP10fopAc_ac_c4cXyzi
803A9FF4:effectIDTable$5499
8029B9EC:effectOsc__10JASChannelFUlPQ213JASOscillator12EffectParams
8003A04C:emitter_create__16dDemo_particle_cFUl
8028F274:emitter_create__Q217JStudio_JParticle13TCreateObjectFUl
8028F2E4:emitter_destroy__Q217JStudio_JParticle13TCreateObjectFP14JPABaseEmitter
8021F9B0:emphasisButtonDelete__9dMeter2_cFv
804537C8:encoderType
802A57B4:endBNKList__17JAUAudioArcLoaderFv
80047C0C:endCheckOld__16dEvent_manager_cFPCc
80047BA8:endCheck__16dEvent_manager_cFs
80037D34:endControl__8daItem_cFv
80313498:endDL__17J3DDisplayListObjFv
80117F04:endDemoMode__9daAlink_cFv
8031384C:endDiff__12J3DMatPacketFv
80237380:endFlowGroupLocal__12dMsgObject_cFv
80238718:endFlowGroup__12dMsgObject_cFv
802738B0:endFrame__10JFWDisplayFv
8027348C:endGX__10JFWDisplayFv
80117E40:endHighModel__9daAlink_cFv
802A6B9C:endNewBankTable__10JAUSectionFv
8028FFC0:endParticle_fadeOut___Q217JStudio_JParticle17TAdaptor_particleFUl
80313514:endPatch__17J3DDisplayListObjFv
80236274:endProc__12dMsgObject_cFv
800422F0:endProc__14dEvt_control_cFv
80046EDC:endProc__16dEvent_manager_cFsi
800E8540:endPushPull__9daAlink_cFv
80273804:endRender__10JFWDisplayFv
8028EE54:endSound_fadeOut___Q215JStudio_JAudio214TAdaptor_soundFUl
802A2DE8:endStartSeq___9JAISeqMgrFP6JAISeqP14JAISoundHandle
8045256C:end__14mDoMtx_stack_c
8004987C:end__19dPa_followEcallBackFv
80039E28:end__7dDemo_cFv
8025E720:end__8dTimer_cFi
801F31FC:endingDataCheck__12dMenu_save_cFv
801F31CC:endingNoSave2__12dMenu_save_cFv
801F314C:endingNoSave__12dMenu_save_cFv
8001CA74:enemySearchJugge__FPvPv
803BBF3C:engine_tbl__9dCamera_c
802E101C:enter__10JUTDbPrintFiiiPCci
802D2870:enter__15JKRThreadSwitchFP9JKRThreadi
80010634:entryDL__14mDoExt_McaMorfFv
800120F8:entryDL__15mDoExt_McaMorf2Fv
80011174:entryDL__16mDoExt_McaMorfSOFv
8000E774:entryDL__21mDoExt_invisibleModelFP4cXyz
8032628C:entryImm__13J3DDrawBufferFP9J3DPacketUs
80330054:entryIn__8J3DJointFv
80326204:entryInvalidSort__13J3DDrawBufferFP12J3DMatPacket
8000D99C:entryJoint__13mDoExt_bckAnmFP12J3DModelDataUsf
8000E67C:entryJoint__21mDoExt_invisibleModelFP4cXyz
80325FE4:entryMatAnmSort__13J3DDrawBufferFP12J3DMatPacket
803308F4:entryMatColorAnimator__16J3DMaterialTableFP11J3DAnmColor
80325E9C:entryMatSort__13J3DDrawBufferFP12J3DMatPacket
80327F84:entryModelData__8J3DModelFP12J3DModelDataUlUl
803261B4:entryModelSort__13J3DDrawBufferFP12J3DMatPacket
80326258:entryNonSort__13J3DDrawBufferFP12J3DMatPacket
80312FA4:entryNum__10J3DTextureFUs
804535A8:entryNum__13J3DDrawBuffer
8009C798:entryObj__6dMdl_cFP10dMdl_obj_c
8027F144:entryResourceManager__17JPAEmitterManagerFP18JPAResourceManagerUc
8002CC10:entrySimpleModel__14dComIfG_play_cFP8J3DModeli
80330C70:entryTevRegAnimator__16J3DMaterialTableFP15J3DAnmTevRegKey
80330AC4:entryTexMtxAnimator__16J3DMaterialTableFP19J3DAnmTextureSRTKey
803309C8:entryTexNoAnimator__16J3DMaterialTableFP16J3DAnmTexPattern
803497E8:entryToPath
8005671C:entryZSortXluDrawList__12dDlst_list_cFP13J3DDrawBufferP9J3DPacketR4cXyz
8032609C:entryZSort__13J3DDrawBufferFP12J3DMatPacket
8009C854:entry__10dMdl_mng_cFP12J3DModelDataUsP12dKy_tevstr_c
8009CA08:entry__10dMdl_mng_cFP12J3DModelDataUsi
800319F4:entry__10daMirror_cFP8J3DModel
80313E48:entry__12J3DMatPacketFP13J3DDrawBuffer
8009CC44:entry__12dEyeHL_mng_cFP8dEyeHL_c
8000D980:entry__13mDoExt_bckAnmFP12J3DModelDataf
8000D4CC:entry__13mDoExt_bpkAnmFP16J3DMaterialTablef
8000D75C:entry__13mDoExt_brkAnmFP16J3DMaterialTablef
8000D68C:entry__13mDoExt_btkAnmFP16J3DMaterialTablef
8000D59C:entry__13mDoExt_btpAnmFP16J3DMaterialTables
800423F0:entry__14dEvt_control_cFv
80048FEC:entry__15dSmplMdl_draw_cFP8J3DModeli
801CE44C:entry__15renderingFmap_cFP23dMenu_Fmap_world_data_cifff
8003FE38:entry__16renderingDAmap_cFfffiSc
8014DA28:entry__18daBaseNpc_acMngr_cFP10fopAc_ac_c
801508C8:entry__18daNpcF_ActorMngr_cFP10fopAc_ac_c
801508E4:entry__18daNpcF_ActorMngr_cFUi
801458EC:entry__18daNpcT_ActorMngr_cFP10fopAc_ac_c
80328C4C:entry__8J3DModelFv
8009CA94:entry__8dEyeHL_cFP12J3DModelDataPCc
80313550:entry__9J3DPacketFP13J3DDrawBuffer
8004BA7C:entry__Q213dPa_control_c7level_cFUsP14JPABaseEmitterP18dPa_levelEcallBack
8004B674:entry__Q313dPa_control_c7level_c9emitter_cFUlUsP14JPABaseEmitterP18dPa_levelEcallBack
8019EEF0:envcolor_init__Fv
802BB430:eraseBgmWave__10Z2SceneMgrFUl
8018A5BC:eraseEndBackSelectWait__14dFile_select_cFv
8018A650:eraseEndBackSelect__14dFile_select_cFv
802BB3C8:eraseSeWave__10Z2SceneMgrFUl
8029B0EC:eraseSetup__10JASWaveArcFv
8029B440:erase__10JASWaveArcFv
802E5088:erase__14JUTDirectPrintFiiii
802DD858:erase__Q27JGadget13TNodeLinkListFQ37JGadget13TNodeLinkList8iterator
802DD8A0:erase__Q27JGadget13TNodeLinkListFQ37JGadget13TNodeLinkList8iteratorQ37JGadget13TNodeLinkList8iterator
802DDBC4:erase__Q27JGadget20TVector_pointer_voidFPPvPPv
801F5278:errCurMove__12dMenu_save_cFUcUc
8018FD8C:errCurMove__14dFile_select_cFUc
801F4CD4:errDispInitSet__12dMenu_save_cFi
8018E4C0:errDispInitSet__14dFile_select_cFii
801F5318:errYesNoCursorMoveAnm__12dMenu_save_cFv
801F510C:errYesNoSelect__12dMenu_save_cFUcUc
8018FC38:errYesNoSelect__14dFile_select_cFv
80453970:errno
802E2DCC:errorHandler__12JUTExceptionFUsP9OSContextUlUl
801F61B8:errorMoveAnmInitSet__12dMenu_save_cFii
8018E33C:errorMoveAnmInitSet__14dFile_select_cFii
801F6248:errorMoveAnm__12dMenu_save_cFv
8018E3CC:errorMoveAnm__14dFile_select_cFv
80452888:errorRetry__12JKRDvdRipper
80452890:errorRetry__16JKRDvdAramRipper
801F5454:errorTxtChangeAnm__12dMenu_save_cFv
8018FF3C:errorTxtChangeAnm__14dFile_select_cFv
801F5388:errorTxtSet__12dMenu_save_cFUs
8018FE70:errorTxtSet__14dFile_select_cFUs
8024CAA0:event000__10dMsgFlow_cFP20mesg_flow_node_eventP10fopAc_ac_c
8024CB2C:event001__10dMsgFlow_cFP20mesg_flow_node_eventP10fopAc_ac_c
8024CBB8:event002__10dMsgFlow_cFP20mesg_flow_node_eventP10fopAc_ac_c
8024CBF4:event003__10dMsgFlow_cFP20mesg_flow_node_eventP10fopAc_ac_c
8024CC34:event004__10dMsgFlow_cFP20mesg_flow_node_eventP10fopAc_ac_c
8024CC94:event005__10dMsgFlow_cFP20mesg_flow_node_eventP10fopAc_ac_c
8024CCF8:event006__10dMsgFlow_cFP20mesg_flow_node_eventP10fopAc_ac_c
8024CD38:event007__10dMsgFlow_cFP20mesg_flow_node_eventP10fopAc_ac_c
8024CD7C:event008__10dMsgFlow_cFP20mesg_flow_node_eventP10fopAc_ac_c
8024CDE8:event009__10dMsgFlow_cFP20mesg_flow_node_eventP10fopAc_ac_c
8024CE10:event010__10dMsgFlow_cFP20mesg_flow_node_eventP10fopAc_ac_c
8024CE9C:event011__10dMsgFlow_cFP20mesg_flow_node_eventP10fopAc_ac_c
8024CF28:event012__10dMsgFlow_cFP20mesg_flow_node_eventP10fopAc_ac_c
8024CF30:event013__10dMsgFlow_cFP20mesg_flow_node_eventP10fopAc_ac_c
8024CF70:event014__10dMsgFlow_cFP20mesg_flow_node_eventP10fopAc_ac_c
8024D038:event015__10dMsgFlow_cFP20mesg_flow_node_eventP10fopAc_ac_c
8024D100:event016__10dMsgFlow_cFP20mesg_flow_node_eventP10fopAc_ac_c
8024D138:event017__10dMsgFlow_cFP20mesg_flow_node_eventP10fopAc_ac_c
8024D254:event018__10dMsgFlow_cFP20mesg_flow_node_eventP10fopAc_ac_c
8024D348:event019__10dMsgFlow_cFP20mesg_flow_node_eventP10fopAc_ac_c
8024D350:event020__10dMsgFlow_cFP20mesg_flow_node_eventP10fopAc_ac_c
8024D428:event021__10dMsgFlow_cFP20mesg_flow_node_eventP10fopAc_ac_c
8024D450:event022__10dMsgFlow_cFP20mesg_flow_node_eventP10fopAc_ac_c
8024D4E4:event023__10dMsgFlow_cFP20mesg_flow_node_eventP10fopAc_ac_c
8024D5D0:event024__10dMsgFlow_cFP20mesg_flow_node_eventP10fopAc_ac_c
8024D5F8:event025__10dMsgFlow_cFP20mesg_flow_node_eventP10fopAc_ac_c
8024D640:event026__10dMsgFlow_cFP20mesg_flow_node_eventP10fopAc_ac_c
8024D6A8:event027__10dMsgFlow_cFP20mesg_flow_node_eventP10fopAc_ac_c
8024DA68:event028__10dMsgFlow_cFP20mesg_flow_node_eventP10fopAc_ac_c
8024DBA4:event029__10dMsgFlow_cFP20mesg_flow_node_eventP10fopAc_ac_c
8024DBE8:event030__10dMsgFlow_cFP20mesg_flow_node_eventP10fopAc_ac_c
8024DC60:event031__10dMsgFlow_cFP20mesg_flow_node_eventP10fopAc_ac_c
8024DC90:event032__10dMsgFlow_cFP20mesg_flow_node_eventP10fopAc_ac_c
8024DD60:event033__10dMsgFlow_cFP20mesg_flow_node_eventP10fopAc_ac_c
8024DE2C:event034__10dMsgFlow_cFP20mesg_flow_node_eventP10fopAc_ac_c
8024DE6C:event035__10dMsgFlow_cFP20mesg_flow_node_eventP10fopAc_ac_c
8024DF14:event036__10dMsgFlow_cFP20mesg_flow_node_eventP10fopAc_ac_c
8024DF68:event037__10dMsgFlow_cFP20mesg_flow_node_eventP10fopAc_ac_c
8024DFBC:event038__10dMsgFlow_cFP20mesg_flow_node_eventP10fopAc_ac_c
8024DFE0:event039__10dMsgFlow_cFP20mesg_flow_node_eventP10fopAc_ac_c
8024E014:event040__10dMsgFlow_cFP20mesg_flow_node_eventP10fopAc_ac_c
8024E11C:event041__10dMsgFlow_cFP20mesg_flow_node_eventP10fopAc_ac_c
8024E14C:event042__10dMsgFlow_cFP20mesg_flow_node_eventP10fopAc_ac_c
8017FA34:eventCamera__9dCamera_cFl
8024B490:eventNodeProc__10dMsgFlow_cFP10fopAc_ac_cPP10fopAc_ac_c
8004899C:eventUpdate__17dEvLib_callback_cFv
800415B0:event_debug_evnt__21@unnamed@d_event_cpp@Fv
8001B100:event_second_actor__FUs
8014A430:evtChange__8daNpcT_cFv
8014CE74:evtCutProc__8daNpcT_cFv
8014CE7C:evtEndProc__8daNpcT_cFv
8014A2BC:evtOrder__8daNpcT_cFv
80149B88:evtProc__8daNpcT_cFv
8014CE84:evtTalk__8daNpcT_cFv
803C0584:evt_id$4557
80436538:exCallbackObject
80452758:exConsoleBufferSize__Q29JFWSystem11CSetUpParam
8000B73C:exceptionReadPad__FPUlPUl
8000B76C:exceptionRestart__Fv
800181F4:exception_addition__FP10JUTConsole
800E3C20:exchangeGrabActor__9daAlink_cFP10fopAc_ac_c
801418C4:exchangeGrabActor__9daPy_py_cFP10fopAc_ac_c
802731F4:exchangeXfb_double__10JFWDisplayFv
802732FC:exchangeXfb_triple__10JFWDisplayFv
801A54E0:exeKankyo__18dScnKy_env_light_cFv
80291E60:execAllCommand__10JASPortCmdFv
80291E94:execCommandOnce__Q210JASPortCmd9TPortHeadFv
80291F0C:execCommandStay__Q210JASPortCmd9TPortHeadFv
8029639C:execCommand__12JASSeqParserFP8JASTrackM12JASSeqParserFPCvPvP8JASTrackPUl_lUlPUl
802536F0:execFadeIn__10dOvlpFd2_cFv
802541B8:execFadeIn__10dOvlpFd3_cFv
80253500:execFadeOut__10dOvlpFd2_cFv
80254034:execFadeOut__10dOvlpFd3_cFv
8025347C:execFirstSnap__10dOvlpFd2_cFv
80253FA0:execFirstSnap__10dOvlpFd3_cFv
80097FBC:execItemGet__FUc
80253648:execNextSnap__10dOvlpFd2_cFv
80254114:execNextSnap__10dOvlpFd3_cFv
80296370:execNoteOff__12JASSeqParserFP8JASTrackUl
80296298:execNoteOnGate__12JASSeqParserFP8JASTrackUlUlUlUl
80296340:execNoteOnMidi__12JASSeqParserFP8JASTrackUlUlUl
80211620:exec__13dMeter2Draw_cFUl
802392BC:exec__14dMsgScrnBase_cFv
8023D12C:exec__14dMsgScrnBoss_cFv
80242114:exec__14dMsgScrnHowl_cFv
8023FF2C:exec__14dMsgScrnItem_cFv
802483D8:exec__14dMsgScrnTalk_cFv
802497BC:exec__14dMsgScrnTree_cFv
80246FC8:exec__15dMsgScrnPlace_cFv
8024758C:exec__15dMsgScrnStaff_cFv
802452D0:exec__16dMsgScrnJimaku_cFv
80245BCC:exec__16dMsgScrnKanban_cFv
80048B28:executeAction__17dEvLib_callback_cFv
800504A4:executeAfter__18JPAEmitterCallBackFP14JPABaseEmitter
8004AF4C:executeAfter__19dPa_simpleEcallBackFP14JPABaseEmitter
8004F7F4:executeAfter__22dPa_hermiteEcallBack_cFP14JPABaseEmitter
8028FE60:executeAfter__Q317JStudio_JParticle17TAdaptor_particle21TJPACallback_emitter_FP14JPABaseEmitter
80048C78:executeRun__17dEvLib_callback_cFv
80048BA0:executeStart__17dEvLib_callback_cFv
802599A4:execute__10dScnName_cFv
8014ECDC:execute__11daBaseNpc_cFv
80262E14:execute__11dkWpillar_cFv
8009D560:execute__14dDvdErrorMsg_cFv
8004DD58:execute__17dPa_wbPcallBack_cFP14JPABaseEmitterP15JPABaseParticle
8004B610:execute__17dPa_windPcallBackFP14JPABaseEmitterP15JPABaseParticle
80050498:execute__18JPAEmitterCallBackFP14JPABaseEmitter
8001847C:execute__19JPAParticleCallBackFP14JPABaseEmitterP15JPABaseParticle
800702A8:execute__19dAttDraw_CallBack_cFUsP16J3DTransformInfo
800496EC:execute__19dPa_followEcallBackFP14JPABaseEmitter
8004DDD0:execute__19dPa_fsenthPcallBackFP14JPABaseEmitterP15JPABaseParticle
8004DE40:execute__19dPa_light8PcallBackFP14JPABaseEmitterP15JPABaseParticle
8009D99C:execute__19dShutdownErrorMsg_cFv
80015CA4:execute__20mDoDvdThd_callback_cFv
80016470:execute__21mDoDvdThd_toMainRam_cFv
80018224:execute__24JPTraceParticleCallBack4FP14JPABaseEmitterP15JPABaseParticle
80015E90:execute__24mDoDvdThd_mountArchive_cFv
8004DE44:execute__25dPa_gen_b_light8PcallBackFP14JPABaseEmitterP15JPABaseParticle
8004DE48:execute__25dPa_gen_d_light8PcallBackFP14JPABaseEmitterP15JPABaseParticle
80016264:execute__25mDoDvdThd_mountXArchive_cFv
8004FC04:execute__28dPa_particleTracePcallBack_cFP14JPABaseEmitterP15JPABaseParticle
80124C38:execute__29dAlink_bottleWaterPcallBack_cFP14JPABaseEmitterP15JPABaseParticle
8003164C:execute__7daSus_cFv
8018368C:execute__8dEnvSe_cFv
801ADFB4:execute__8dKyeff_cFv
80152220:execute__8daNpcF_cFv
80148738:execute__8daNpcT_cFv
801AE11C:execute__9dKyeff2_cFv
800C890C:execute__9daAlink_cFv
801454E8:execute__9daNocrm_cFv
8004B828:execute__Q213dPa_control_c7level_cFPQ313dPa_control_c7level_c9emitter_c
8004B8D8:execute__Q213dPa_control_c7level_cFv
800311F8:execute__Q27daSus_c6data_cFv
8028FAC0:execute__Q317JStudio_JParticle17TAdaptor_particle21TJPACallback_emitter_FP14JPABaseEmitter
801831E4:execute_common__8dEnvSe_cFP18dStage_SoundInfo_cPScUc
80453740:executing
803637FC:exit
8036D570:exp
801D97C8:explain_close_init__14dMenu_Insect_cFv
801D9870:explain_close_move__14dMenu_Insect_cFv
801D9528:explain_move_init__14dMenu_Insect_cFv
801D952C:explain_move_move__14dMenu_Insect_cFv
801D90C4:explain_open_init__14dMenu_Insect_cFv
801D94A8:explain_open_move__14dMenu_Insect_cFv
80453284:extMixCallback__9JASDriver
802DDAC8:extend_default__Q27JGadget6vectorFUlUlUl
80046DB8:extraOffObjectCallBack__FP10fopAc_ac_cPv
80046DA4:extraOnObjectCallBack__FP10fopAc_ac_cPv
802843B0:extrapolateParameter_clamp__Q27JStudio13functionvalueFdd
80284370:extrapolateParameter_raw__Q27JStudio13functionvalueFdd
80284374:extrapolateParameter_repeat__Q27JStudio13functionvalueFdd
802826B8:extrapolateParameter_turn__Q27JStudio13functionvalueFdd
800978BC:eyePos__9dCamera_cFP10fopAc_ac_c
8045510C:fFootJoint$44785
80182F1C:fabs__3stdFf
80182C48:fabsf__3stdFf
803A55D8:fadeFase$2276
800080D0:fadeOut__13mDoGph_gInf_cFf
80007FD8:fadeOut__13mDoGph_gInf_cFfR8_GXColor
80008028:fadeOut_f__13mDoGph_gInf_cFfR8_GXColor
80393560:fairyScale$41951
80398170:fame_tag$3884
80399510:fame_tag$4307
802B3C3C:fanfareFramework__8Z2SeqMgrFv
80018AEC:fapGm_After__Fv
80018B48:fapGm_Create__Fv
80018B14:fapGm_Execute__Fv
80397AA0:farea_name$5815
80397CF0:farea_name$6125
8000B930:fault_callback_scroll__FUsP9OSContextUlUl
80398FB0:fc_text$4023
80399000:fc_text1$4030
80366828:fclose
802E96FC:fclose__13JUTDirectFileFv
80398A08:fenu_t0$5282
80398A88:fenu_t1$5310
80398A28:fenu_t2$5289
80398A48:fenu_t3$5296
80398A68:fenu_t4$5303
80398AA8:fenu_t5$5317
80398AF8:fenut_0$5325
80398B58:fenut_1$5333
80398BB8:fenut_2$5341
80398C18:fenut_3$5349
80398C78:fenut_4$5357
802E9530:fetch32byte__13JUTDirectFileFv
802D8E50:fetchResource__13JKRDvdArchiveFPQ210JKRArchive12SDIFileEntryPUl
802D8F68:fetchResource__13JKRDvdArchiveFPvUlPQ210JKRArchive12SDIFileEntryPUl
802D7BDC:fetchResource__13JKRMemArchiveFPQ210JKRArchive12SDIFileEntryPUl
802D7C10:fetchResource__13JKRMemArchiveFPvUlPQ210JKRArchive12SDIFileEntryPUl
802D83E0:fetchResource__14JKRAramArchiveFPQ210JKRArchive12SDIFileEntryPUl
802D84F4:fetchResource__14JKRAramArchiveFPvUlPQ210JKRArchive12SDIFileEntryPUl
802D9D40:fetchResource__14JKRCompArchiveFPQ210JKRArchive12SDIFileEntryPUl
802D9EC0:fetchResource__14JKRCompArchiveFPvUlPQ210JKRArchive12SDIFileEntryPUl
802D9274:fetchResource_subroutine__13JKRDvdArchiveFlUlUlP7JKRHeapiiPPUc
802D906C:fetchResource_subroutine__13JKRDvdArchiveFlUlUlPUcUlii
802D7D5C:fetchResource_subroutine__13JKRMemArchiveFPUcUlPUcUli
802D8714:fetchResource_subroutine__14JKRAramArchiveFUlUlP7JKRHeapiPPUc
802D8658:fetchResource_subroutine__14JKRAramArchiveFUlUlPUcUli
802D52C4:fetchVolumeName__13JKRFileLoaderFPclPCc
803666F0:fflush
80397AF0:ffont_name$5822
80397CB8:ffont_name$6110
802E9758:fgets__13JUTDirectFileFPvi
802B674C:fieldBgmFramework__8Z2SeqMgrFv
802B625C:fieldBgmStart__8Z2SeqMgrFv
802B636C:fieldRidingMute__8Z2SeqMgrFv
803AFA68:field_item_res__10dItem_data
80452738:fifoBufSize__Q29JFWSystem11CSetUpParam
801901A8:fileInfoScaleAnm__14dFile_select_cFv
80190100:fileRecScaleAnm2__14dFile_select_cFv
80190070:fileRecScaleAnmInitSet2__14dFile_select_cFff
80190024:fileRecScaleAnm__14dFile_select_cFv
803996F8:filiPosX$3878
80399710:filiPosY$3879
803996E0:filiScale$3877
802EA060:fillBox__14J2DGrafContextFRCQ29JGeometry8TBox2<f>
80452AC0:fillcheck_check_frame
803996B0:finaPosX$3875
803996C8:finaPosY$3876
80399698:finaScale$3874
802CF73C:findAllHeap__7JKRHeapCFPv
802D61B8:findCacheBlock__12JKRFileCacheCFPCv
802D61E4:findCacheBlock__12JKRFileCacheCFUl
8029A400:findChunk__Q212JASBNKParser4Ver1FPCvUl
802D721C:findDirectory__10JKRArchiveCFPCcUl
802D6210:findFile__12JKRFileCacheCFPcPCc
802CF63C:findFromRoot__7JKRHeapFPv
802D73A4:findFsResource__10JKRArchiveCFPCcUl
802D7570:findIdResource__10JKRArchiveCFUs
802D7484:findIdxResource__10JKRArchiveCFUl
80326A00:findImportantMtxIndex__12J3DJointTreeFv
80294928:findIntr__10JASSeqCtrlFv
802D74AC:findNameResource__10JKRArchiveCFPCc
802D54C4:findNextFile__12JKRArcFinderFv
802D5674:findNextFile__12JKRDvdFinderFv
8029AC68:findOscPtr__Q212JASBNKParser4Ver0FP12JASBasicBankPCQ312JASBNKParser4Ver07THeaderPCQ312JASBNKParser4Ver04TOsc
802D7534:findPtrResource__10JKRArchiveCFPCv
802D71E0:findResType__10JKRArchiveCFUl
8004859C:findShutterCallBack__FP10fopAc_ac_cPv
802D72F4:findTypeResource__10JKRArchiveCFUlPCc
802846C8:findUpperBound_binary_current<Q37JStudio22TFunctionValue_hermite15TIterator_data_,d,Q23std7less<d>>__7JGadgetFQ37JStudio22TFunctionValue_hermite15TIterator_data_Q37JStudio22TFunctionValue_hermite15TIterator_data_Q37JStudio22TFunctionValue_hermite15TIterator_data_RCdQ23std7less<d>
80284658:findUpperBound_binary_current<Q37JStudio22TFunctionValue_hermite15TIterator_data_,d>__7JGadgetFQ37JStudio22TFunctionValue_hermite15TIterator_data_Q37JStudio22TFunctionValue_hermite15TIterator_data_Q37JStudio22TFunctionValue_hermite15TIterator_data_RCd
80284434:findUpperBound_binary_current<Q37JStudio29TFunctionValue_list_parameter15TIterator_data_,d,Q23std7less<d>>__7JGadgetFQ37JStudio29TFunctionValue_list_parameter15TIterator_data_Q37JStudio29TFunctionValue_list_parameter15TIterator_data_Q37JStudio29TFunctionValue_list_parameter15TIterator_data_RCdQ23std7less<d>
802843DC:findUpperBound_binary_current<Q37JStudio29TFunctionValue_list_parameter15TIterator_data_,d>__7JGadgetFQ37JStudio29TFunctionValue_list_parameter15TIterator_data_Q37JStudio29TFunctionValue_list_parameter15TIterator_data_Q37JStudio29TFunctionValue_list_parameter15TIterator_data_RCd
802D5238:findVolume__13JKRFileLoaderFPPCc
802CF694:find__7JKRHeapCFPv
802823B4:find_if<Q37JGadget37TLinkList<Q37JStudio3ctb7TObject,-12>8iterator,Q37JStudio6object18TPRObject_ID_equal>__3stdFQ37JGadget37TLinkList<Q37JStudio3ctb7TObject,-12>8iteratorQ37JGadget37TLinkList<Q37JStudio3ctb7TObject,-12>8iteratorQ37JStudio6object18TPRObject_ID_equal
80285E18:find_if<Q37JGadget37TLinkList<Q37JStudio3fvb7TObject,-12>8iterator,Q37JStudio6object18TPRObject_ID_equal>__3stdFQ37JGadget37TLinkList<Q37JStudio3fvb7TObject,-12>8iteratorQ37JGadget37TLinkList<Q37JStudio3fvb7TObject,-12>8iteratorQ37JStudio6object18TPRObject_ID_equal
8028A728:find_if<Q37JGadget37TLinkList<Q37JStudio3stb7TObject,-12>8iterator,Q37JStudio6object18TPRObject_ID_equal>__3stdFQ37JGadget37TLinkList<Q37JStudio3stb7TObject,-12>8iteratorQ37JGadget37TLinkList<Q37JStudio3stb7TObject,-12>8iteratorQ37JStudio6object18TPRObject_ID_equal
803997D0:finfoPosX$3887
803997E8:finfoPosY$3888
803997B8:finfoScale$3886
802A5EF8:finishBuild__10JAUSectionFv
80043FA8:finishCheck__12dEvDtEvent_cFv
8029D700:finishDSPFrame__9JASDriverFv
80236088:finishProc__12dMsgObject_cFv
80297668:finishTask__13JASAramStreamFPv
80392FF4:finishType$6985
8029E7C4:finishWork__6JASDspFUs
80399668:fipaPosX$3872
80399680:fipaPosY$3873
80399650:fipaScale$3871
80272AD0:firstInit__9JFWSystemFv
8029756C:firstLoadTask__13JASAramStreamFPv
80397590:fish_n$4071
803975C0:fish_p0$4072
803975F0:fish_p1$4073
80397620:fish_p2$4074
80397650:fish_p3$4075
80397680:fish_p4$4076
803976B0:fish_p5$4077
801B5990:fishing_close_init__17dMenu_Collect2D_cFv
801B59CC:fishing_close_proc__17dMenu_Collect2D_cFv
801B58E4:fishing_move_init__17dMenu_Collect2D_cFv
801B5920:fishing_move_proc__17dMenu_Collect2D_cFv
801B57D8:fishing_open_init__17dMenu_Collect2D_cFv
801B5874:fishing_open_proc__17dMenu_Collect2D_cFv
80399818:fishnPosX$3890
80399830:fishnPosY$3891
80399800:fishnScale$3889
803A3F00:fix_pool_sizes
8017E1B8:fixedFrameCamera__9dCamera_cFl
80089918:fixedFrameEvCamera__9dCamera_cFv
80095140:fixedFramesEvCamera__9dCamera_cFv
8017E93C:fixedPositionCamera__9dCamera_cFl
8008BAE0:fixedPositionEvCamera__9dCamera_cFv
8019D9E8:fl_data_ratio_set__Ffff
804532C0:flag
80043E90:flagCheck__11dEvDtFlag_cFi
80043F60:flagMaxCheck__11dEvDtFlag_cFi
80043EF8:flagSet__11dEvDtFlag_cFi
80367FCC:float2str
8019D9F8:float_kankyo_color_ratio_set__Fffffffff
8036CF2C:floor
801BD91C:floorChangeMode__12dMenu_Dmap_cFv
801BFF04:floorChange_init_proc__12dMenu_Dmap_cFv
801BFFB4:floorChange_proc__12dMenu_Dmap_cFv
801BFCDC:floorSelect_init_proc__12dMenu_Dmap_cFv
801BFCE0:floorSelect_proc__12dMenu_Dmap_cFv
803BE64C:floor_init_process
803BE67C:floor_move_process
80396E48:floor_tag$4932
8029E86C:flushBuffer__6JASDspFv
804537B0:flushFlag
802E579C:flushMessage__12JUTAssertionFv
802E5854:flushMessage_dbPrint__12JUTAssertionFv
802E10DC:flush__10JUTDbPrintFiiii
802E10A4:flush__10JUTDbPrintFv
8029ED8C:flush__Q26JASDsp8TChannelFv
803BDD50:flush_col$7304
803BDD60:flush_col2$7305
803BDD70:flush_col3$7306
802E5760:flush_subroutine__12JUTAssertionFv
801FA824:fmap_close_init__5dMw_cFUc
801FB630:fmap_close_proc__5dMw_cFv
801FA820:fmap_move_init__5dMw_cFUc
801FB55C:fmap_move_proc__5dMw_cFv
801FA7FC:fmap_open_init__5dMw_cFUc
801FB504:fmap_open_proc__5dMw_cFv
8036D590:fmod
803977D0:fname_0$4097
8023CB98:fontAlpha__14dMsgScrnBase_cFf
8023D328:fontAlpha__14dMsgScrnBoss_cFf
802471D4:fontAlpha__15dMsgScrnPlace_cFf
80247690:fontAlpha__15dMsgScrnStaff_cFf
802454D8:fontAlpha__16dMsgScrnJimaku_cFf
80396D68:font_at$4147
80397BF0:font_at$5843
80397D58:font_at$6194
80396D90:font_bt$4148
80397BA0:font_bt$5836
80397D30:font_bt$6176
8037CBE0:font_data
80397B50:font_zt$5829
80397D08:font_zt$6148
80374F00:fontdata$8224
80374F14:fontdata$8253
80374F28:fontdata$8287
80452690:fontsize$7235
800A363C:footBgCheck__9daAlink_cFv
80182B68:footHeightOf__9dCamera_cFP10fopAc_ac_c
804551EC:footJointTable$56137
803936F0:footVec$56152
80019864:fopAcIt_Executor__FPFPvPv_iPv
800198A0:fopAcIt_Judge__FPFPvPv_PvPv
80019B50:fopAcM_CreateAppend__Fv
8001A1E0:fopAcM_DeleteHeap__FP10fopAc_ac_c
8001994C:fopAcM_FastCreate__FsPFPv_iPvPv
800978F0:fopAcM_GetID__FPCv
801414C8:fopAcM_GetName__FPv
80182F68:fopAcM_GetParam__FPCv
80019D20:fopAcM_Log__FPC10fopAc_ac_cPCc
80019A64:fopAcM_SearchByID__FUiPP10fopAc_ac_c
80019AD4:fopAcM_SearchByName__FsPP10fopAc_ac_c
8001A5E0:fopAcM_SetMax__FP10fopAc_ac_cfff
8001A5D0:fopAcM_SetMin__FP10fopAc_ac_cfff
8001A684:fopAcM_addAngleY__FP10fopAc_ac_css
8001A6B4:fopAcM_calcSpeed__FP10fopAc_ac_c
8001A230:fopAcM_callCallback__FP10fopAc_ac_cPFP10fopAc_ac_c_iP7JKRHeap
8001CC48:fopAcM_cancelCarryNow__FP10fopAc_ac_c
8001D2A4:fopAcM_carryOffRevise__FP10fopAc_ac_c
8001ACE8:fopAcM_checkCullingBox__FPA4_fffffff
8001C918:fopAcM_createBokkuri__FUsPC4cXyziiiPC4cXyzii
8001A020:fopAcM_createChildFromOffset__FsUiUlPC4cXyziPC5csXyzPC4cXyzScPFPv_i
80019F98:fopAcM_createChild__FsUiUlPC4cXyziPC5csXyzPC4cXyzScPFPv_i
8001C120:fopAcM_createDemoItem__FPC4cXyziiPC5csXyziPC4cXyzUc
8001CB80:fopAcM_createDisappear__FPC10fopAc_ac_cPC4cXyzUcUcUc
8001C17C:fopAcM_createItemForBoss__FPC4cXyziiPC5csXyzPC4cXyzffi
8001C260:fopAcM_createItemForDirectGet__FPC4cXyziiPC5csXyzPC4cXyzff
8001C21C:fopAcM_createItemForMidBoss__FPC4cXyziiPC5csXyzPC4cXyzii
8001BC90:fopAcM_createItemForPresentDemo__FPC4cXyziUciiPC5csXyzPC4cXyz
8001C2A4:fopAcM_createItemForSimpleDemo__FPC4cXyziiPC5csXyzPC4cXyzff
8001BD1C:fopAcM_createItemForTrBoxDemo__FPC4cXyziiiPC5csXyzPC4cXyz
8001BEBC:fopAcM_createItemFromEnemyID__FUcPC4cXyziiPC5csXyzPC4cXyzPfPf
8001C00C:fopAcM_createItemFromTable__FPC4cXyziiiPC5csXyziPC4cXyzPfPfb
8001C2E8:fopAcM_createItem__FPC4cXyziiiPC5csXyzPC4cXyzi
8001CA04:fopAcM_createWarpHole__FPC4cXyzPC5csXyziUcUcUc
80019E40:fopAcM_create__FsUlPC4cXyziPC5csXyzPC4cXyzSc
80019DC0:fopAcM_create__FsUsUlPC4cXyziPC5csXyzPC4cXyzScPFPv_i
8001AD94:fopAcM_cullingCheck__FPC10fopAc_ac_c
80019D24:fopAcM_delete__FP10fopAc_ac_c
80019D60:fopAcM_delete__FUi
8001D1B4:fopAcM_effHamonSet__FPUlPC4cXyzff
8001D0C8:fopAcM_effSmokeSet1__FPUlPUlPC4cXyzPC5csXyzfPC12dKy_tevstr_ci
8001A558:fopAcM_entrySolidHeap__FP10fopAc_ac_cPFP10fopAc_ac_c_iUl
8001A290:fopAcM_entrySolidHeap___FP10fopAc_ac_cPFP10fopAc_ac_c_iUl
8001C488:fopAcM_fastCreateItem2__FPC4cXyziiiiPC5csXyzPC4cXyz
8001C658:fopAcM_fastCreateItem__FPC4cXyziiPC5csXyzPC4cXyzPfPfiiPFPv_i
80019F14:fopAcM_fastCreate__FPCcUlPC4cXyziPC5csXyzPC4cXyzPFPv_iPv
80019EAC:fopAcM_fastCreate__FsUlPC4cXyziPC5csXyzPC4cXyzScPFPv_iPv
8001D798:fopAcM_findObject4EventCB__FP10fopAc_ac_cPv
8001D694:fopAcM_findObjectCB__FPC10fopAc_ac_cPv
8001BC1C:fopAcM_getEventPartner__FPC10fopAc_ac_c
8001BBEC:fopAcM_getItemEventPartner__FPC10fopAc_ac_c
8001BDA4:fopAcM_getItemNoFromTableNo__FUc
8001DC80:fopAcM_getPolygonAngle__FPC8cM3dGPlas
8001DB8C:fopAcM_getPolygonAngle__FRC13cBgS_PolyInfos
8001D64C:fopAcM_getProcNameString__FPC10fopAc_ac_c
8001BBBC:fopAcM_getTalkEventPartner__FPC10fopAc_ac_c
8001DA50:fopAcM_getWaterStream__FPC4cXyzRC13cBgS_PolyInfoP4cXyzPii
8001D938:fopAcM_getWaterY__FPC4cXyzPf
8001DEB8:fopAcM_initManager__Fv
8001CAC4:fopAcM_myRoomSearchEnemy__FSc
8014143C:fopAcM_onSwitch__FPC10fopAc_ac_ci
8001B3DC:fopAcM_orderCatchEvent__FP10fopAc_ac_cP10fopAc_ac_cUsUs
8001B68C:fopAcM_orderChangeEventId__FP10fopAc_ac_csUsUs
8001B2EC:fopAcM_orderDoorEvent__FP10fopAc_ac_cP10fopAc_ac_cUsUs
8001BA78:fopAcM_orderItemEvent__FP10fopAc_ac_cUsUs
8001B988:fopAcM_orderMapToolAutoNextEvent__FP10fopAc_ac_cUcsUsUsUs
8001B85C:fopAcM_orderMapToolEvent__FP10fopAc_ac_cUcsUsUsUs
8001B724:fopAcM_orderOtherEventId__FP10fopAc_ac_csUcUsUsUs
8001B588:fopAcM_orderOtherEvent__FP10fopAc_ac_cP10fopAc_ac_cPCcUsUsUs
8001B474:fopAcM_orderOtherEvent__FP10fopAc_ac_cPCcUsUsUs
8001B9B0:fopAcM_orderPotentialEvent__FP10fopAc_ac_cUsUsUs
8001B244:fopAcM_orderSpeakEvent__FP10fopAc_ac_cUsUs
8001B110:fopAcM_orderTalkEvent__FP10fopAc_ac_cP10fopAc_ac_cUsUs
8001B1A4:fopAcM_orderTalkItemBtnEvent__FUsP10fopAc_ac_cP10fopAc_ac_cUsUs
8001BB24:fopAcM_orderTreasureEvent__FP10fopAc_ac_cP10fopAc_ac_cUsUs
8001CEA4:fopAcM_otherBgCheck__FPC10fopAc_ac_cPC10fopAc_ac_c
8001CD04:fopAcM_otoCheck__FPC10fopAc_ac_cf
8001D080:fopAcM_plAngleCheck__FPC10fopAc_ac_cs
8001A774:fopAcM_posMoveF__FP10fopAc_ac_cPC4cXyz
8001A708:fopAcM_posMove__FP10fopAc_ac_cPC4cXyz
8001D29C:fopAcM_riverStream__FP4cXyzPsPff
8001AB88:fopAcM_rollPlayerCrash__FPC10fopAc_ac_cfUlffif
8001A7E0:fopAcM_searchActorAngleX__FPC10fopAc_ac_cPC10fopAc_ac_c
8001A7B8:fopAcM_searchActorAngleY__FPC10fopAc_ac_cPC10fopAc_ac_c
8001A9BC:fopAcM_searchActorDistance2__FPC10fopAc_ac_cPC10fopAc_ac_c
8001AB3C:fopAcM_searchActorDistanceXZ2__FPC10fopAc_ac_cPC10fopAc_ac_c
8001AA0C:fopAcM_searchActorDistanceXZ__FPC10fopAc_ac_cPC10fopAc_ac_c
8001A888:fopAcM_searchActorDistance__FPC10fopAc_ac_cPC10fopAc_ac_c
8001D848:fopAcM_searchFromName4Event__FPCcs
8001D740:fopAcM_searchFromName__FPCcUlUl
8001A844:fopAcM_seenActorAngleY__FPC10fopAc_ac_cPC10fopAc_ac_c
8001CBF0:fopAcM_setCarryNow__FP10fopAc_ac_ci
8001A620:fopAcM_setCullSizeBox2__FP10fopAc_ac_cP12J3DModelData
8001A5F0:fopAcM_setCullSizeBox__FP10fopAc_ac_cffffff
8001A60C:fopAcM_setCullSizeSphere__FP10fopAc_ac_cffff
8001D4D4:fopAcM_setEffectMtx__FPC10fopAc_ac_cPC12J3DModelData
800199DC:fopAcM_setRoomLayer__FPvi
8001996C:fopAcM_setStageLayer__FPv
8001CF78:fopAcM_wayBgCheck__FPC10fopAc_ac_cff
80019908:fopAcTg_ActorQTo__FP16create_tag_class
80019928:fopAcTg_Init__FP16create_tag_classPv
800198DC:fopAcTg_ToActorQ__FP16create_tag_class
800190F4:fopAc_Create__FPv
80019074:fopAc_Delete__FPv
80018DB4:fopAc_Draw__FPv
80018E80:fopAc_Execute__FPv
80018D88:fopAc_IsActor__FPv
80019020:fopAc_IsDelete__FPv
8001E3B8:fopCamM_Create__FisPv
8001E3B0:fopCamM_GetParam__FP12camera_class
8001E420:fopCamM_Init__Fv
8001E41C:fopCamM_Management__Fv
8001E318:fopCam_Create__FPv
8001E2C4:fopCam_Delete__FP12camera_class
8001E1E8:fopCam_Draw__FP12camera_class
8001E228:fopCam_Execute__FP12camera_class
8001E270:fopCam_IsDelete__FP12camera_class
800204EC:fopDwIt_Begin__Fv
800204A8:fopDwIt_GetTag__Fv
80020528:fopDwIt_Next__FP16create_tag_class
800205C0:fopDwTg_CreateQueue__Fv
8002057C:fopDwTg_DrawQTo__FP16create_tag_class
8002059C:fopDwTg_Init__FP16create_tag_classPv
80020554:fopDwTg_ToDrawQ__FP16create_tag_classi
8001F708:fopKyM_CreateAppend__Fv
8001F810:fopKyM_Create__FsPFPv_iPv
8001F7F0:fopKyM_Delete__FPv
8001F9B4:fopKyM_createMpillar__FPC4cXyzf
8001F924:fopKyM_createWpillar__FPC4cXyzfi
8001F860:fopKyM_create__FsiP4cXyzP4cXyzPFPv_i
8001F8C0:fopKyM_fastCreate__FsiP4cXyzP4cXyzPFPv_i
8001F45C:fopKy_Create__FPv
8001F410:fopKy_Delete__FPv
8001F32C:fopKy_Draw__FPv
8001F368:fopKy_Execute__FPv
8001F3BC:fopKy_IsDelete__FPv
80452CA8:fopKy_KANKYO_TYPE
800201B0:fopMsgM_Create__FsPFPv_iPv
8001FAF4:fopMsgM_Delete__FPv
8001FAEC:fopMsgM_GetAppend__FPv
8001FACC:fopMsgM_SearchByID__FUi
80020444:fopMsgM_createExpHeap__FUlP7JKRHeap
8001FCF4:fopMsgM_create__FsP10fopAc_ac_cP4cXyzPUlPUlPFPv_i
80020488:fopMsgM_destroyExpHeap__FP10JKRExpHeap
80020168:fopMsgM_messageGet__FPcUl
8002006C:fopMsgM_messageSetDemo__FUl
8001FDDC:fopMsgM_messageSet__FUlP10fopAc_ac_cUl
8001FF2C:fopMsgM_messageSet__FUlUl
800201A8:fopMsgM_setMessageID__FUi
8001FA5C:fopMsgM_setStageLayer__FPv
80020208:fopMsgM_valueIncrease__FiiUc
8001F630:fopMsg_Create__FPv
8001F5E4:fopMsg_Delete__FPv
8001F530:fopMsg_Draw__FPv
8001F558:fopMsg_Execute__FPv
8001F590:fopMsg_IsDelete__FPv
80452CB0:fopMsg_MSG_TYPE
8001E740:fopOvlpM_Cancel__Fv
8001E678:fopOvlpM_ClearOfReq__Fv
8001E5C4:fopOvlpM_Done__FP18overlap_task_class
8001E790:fopOvlpM_Init__Fv
8001E650:fopOvlpM_IsDoingReq__Fv
8001E61C:fopOvlpM_IsDone__Fv
8001E5AC:fopOvlpM_IsOutReq__FP18overlap_task_class
8001E600:fopOvlpM_IsPeek__Fv
8001E6F8:fopOvlpM_Management__Fv
8001E6AC:fopOvlpM_Request__FsUs
8001E56C:fopOvlpM_SceneIsStart__Fv
8001E52C:fopOvlpM_SceneIsStop__Fv
8001E5E8:fopOvlpM_ToldAboutID__FUi
8001EB30:fopOvlpReq_Cancel__FP21overlap_request_class
8001EA98:fopOvlpReq_Handler__FP21overlap_request_class
8001EB5C:fopOvlpReq_Is_PeektimeLimit__FP21overlap_request_class
8001EB80:fopOvlpReq_OverlapClr__FP21overlap_request_class
8001E9FC:fopOvlpReq_Request__FP21overlap_request_classsUs
8001EB6C:fopOvlpReq_SetPeektime__FP21overlap_request_classUs
8001E9AC:fopOvlpReq_phase_Create__FP21overlap_request_class
8001E794:fopOvlpReq_phase_Done__FP21overlap_request_class
8001E8FC:fopOvlpReq_phase_IsComplete__FP21overlap_request_class
8001E94C:fopOvlpReq_phase_IsCreated__FP21overlap_request_class
8001E7F0:fopOvlpReq_phase_IsDone__FP21overlap_request_class
8001E83C:fopOvlpReq_phase_IsWaitOfFadeout__FP21overlap_request_class
8001E88C:fopOvlpReq_phase_WaitOfFadeout__FP21overlap_request_class
8001E4C4:fopOvlp_Create__FPv
8001E49C:fopOvlp_Delete__FPv
8001E424:fopOvlp_Draw__FPv
8001E44C:fopOvlp_Execute__FPv
8001E474:fopOvlp_IsDelete__FPv
8001ED1C:fopScnIt_Judge__FPFPvPv_PvPv
8001ED88:fopScnM_ChangeReq__FP11scene_classssUs
8001EE2C:fopScnM_CreateReq__FssUsUl
8001EDE4:fopScnM_DeleteReq__FP11scene_class
8001EED8:fopScnM_Init__Fv
8001EEB8:fopScnM_Management__Fv
8001EE74:fopScnM_ReRequest__FsUl
8001ED58:fopScnM_SearchByID__FUi
8002063C:fopScnPause_Disable__FP11scene_class
800205F0:fopScnPause_Enable__FP11scene_class
8001F058:fopScnRq_Cancel__FP19scene_request_class
8001EFCC:fopScnRq_Execute__FP19scene_request_class
8001F098:fopScnRq_FadeRequest__FsUs
8001F1C4:fopScnRq_Handler__Fv
8001F014:fopScnRq_PostMethod__FPvP19scene_request_class
8001F1A4:fopScnRq_ReRequest__FUisPv
8001F0DC:fopScnRq_Request__FiP11scene_classsPvsUs
8001EEDC:fopScnRq_phase_ClearOverlap__FP19scene_request_class
8001EF8C:fopScnRq_phase_Done__FP19scene_request_class
8001EF0C:fopScnRq_phase_Execute__FP19scene_request_class
8001EF2C:fopScnRq_phase_IsDoingOverlap__FP19scene_request_class
8001EF5C:fopScnRq_phase_IsDoneOverlap__FP19scene_request_class
8001F230:fopScnTg_Init__FP15scene_tag_classPv
8001F1E4:fopScnTg_QueueTo__FP15scene_tag_class
8001F204:fopScnTg_ToQueue__FP15scene_tag_class
8001ECA8:fopScn_Create__FPv
8001EC54:fopScn_Delete__FPv
8001EBDC:fopScn_Draw__FP11scene_class
8001EC04:fopScn_Execute__FP11scene_class
8001EC2C:fopScn_IsDelete__FPv
8001F2F0:fopVw_Create__FPv
8001F2C8:fopVw_Delete__FP10view_class
8001F250:fopVw_Draw__FP10view_class
8001F278:fopVw_Execute__FP10view_class
8001F2A0:fopVw_IsDelete__FPv
8001FD68:fop_Timer_create__FsUcUlUcUcffffPFPv_i
802E9660:fopen__13JUTDirectFileFPCc
8027F020:forceDeleteAllEmitter__17JPAEmitterManagerFv
8027F0D8:forceDeleteEmitter__17JPAEmitterManagerFP14JPABaseEmitter
8027F078:forceDeleteGroupEmitter__17JPAEmitterManagerFUc
8004402C:forceFinish__12dEvDtEvent_cFv
8004B9E4:forceOnEventMove__Q213dPa_control_c7level_cFUl
8015F644:forceRestartRoom__9daPy_py_cFiUli
8029EB60:forceStop__Q26JASDsp8TChannelFv
8026322C:force_unlink__24DynamicModuleControlBaseFv
8018F1B8:formatNoSelDispInitSet__14dFile_select_cFv
8018F388:formatYesSel2DispInitSet__14dFile_select_cFv
8018F168:formatYesSelDispInitSet__14dFile_select_cFv
80016E5C:format__15mDoMemCd_Ctrl_cFv
80166298:forwardCheckAngle__9dCamera_cFv
802899E8:forward__Q37JStudio3stb7TObjectFUl
8028A2B4:forward__Q37JStudio3stb8TControlFUl
8005D0A8:forward_overhead_bg_chk__FP4cXyzf
80287534:forward_value__Q27JStudio7TObjectFUl
800208C8:fpcBs_Create__FsUiPv
800207C8:fpcBs_DeleteAppend__FP18base_process_class
80020864:fpcBs_Delete__FP18base_process_class
8002076C:fpcBs_Execute__FP18base_process_class
80020808:fpcBs_IsDelete__FP18base_process_class
800206F4:fpcBs_Is_JustOfType__Fii
80020744:fpcBs_MakeOfId__Fv
80020704:fpcBs_MakeOfType__FPi
800209C4:fpcBs_SubCreate__FP18base_process_class
80020B3C:fpcCtIt_JudgeInLayer__FUiPFPvPv_PvPv
80020AAC:fpcCtIt_Judge__FPFPvPv_PvPv
80020A70:fpcCtIt_Method__FPFPvPv_iPv
80020AE8:fpcCtIt_filter_JudgeInLayer__FP10create_tagP16fpcCtIt_jilprm_c
80020CBC:fpcCtRq_Cancel__FP14create_request
80020BC8:fpcCtRq_CreateQTo__FP14create_request
80020E58:fpcCtRq_Create__FP11layer_classUlP27create_request_method_class
80020C48:fpcCtRq_Delete__FP14create_request
80020D70:fpcCtRq_Do__FP14create_request
80020E2C:fpcCtRq_Handler__Fv
80020B90:fpcCtRq_IsCreatingByID__FUi
80020D54:fpcCtRq_IsDoing__FP14create_request
80020C04:fpcCtRq_ToCreateQ__FP14create_request
80020B74:fpcCtRq_isCreatingByID__FP10create_tagPUi
80020F0C:fpcCtTg_CreateQTo__FP10create_tag
80020F2C:fpcCtTg_Init__FP10create_tagPv
80020EE0:fpcCtTg_ToCreateQ__FP10create_tag
80020F94:fpcCt_Abort__FP18base_process_class
80020FB8:fpcCt_Handler__Fv
80020F50:fpcCt_IsCreatingByID__FUi
80020F70:fpcCt_IsDoing__FP18base_process_class
80021024:fpcDtTg_DeleteQTo__FP16delete_tag_class
80021044:fpcDtTg_Do__FP16delete_tag_classPFPv_i
800210C4:fpcDtTg_Init__FP16delete_tag_classPv
80020FD8:fpcDtTg_IsEmpty__Fv
80020FF0:fpcDtTg_ToDeleteQ__FP16delete_tag_class
8002134C:fpcDt_Delete__FPv
8002117C:fpcDt_Handler__Fv
800210E8:fpcDt_IsComplete__Fv
80021230:fpcDt_ToDeleteQ__FP18base_process_class
800211B4:fpcDt_ToQueue__FP18base_process_class
80021108:fpcDt_deleteMethod__FP18base_process_class
800213B0:fpcDwPi_Get__FPC19draw_priority_class
800213C0:fpcDwPi_Init__FP19draw_priority_classs
800213B8:fpcDwPi_Set__FP19draw_priority_classs
800239FC:fpcDw_Execute__FP18base_process_class
80023A9C:fpcDw_Handler__FPFPFPvPv_i_iPFPvPv_i
8002156C:fpcEx_ExecuteQTo__FP18base_process_class
8002146C:fpcEx_Execute__FP18base_process_class
80021610:fpcEx_Handler__FPFPvPv_i
80021444:fpcEx_IsExist__FUi
80021400:fpcEx_SearchByID__FUi
800213E0:fpcEx_Search__FPFPvPv_PvPv
800215B8:fpcEx_ToExecuteQ__FP18base_process_class
800214C0:fpcEx_ToLineQ__FP18base_process_class
80023B40:fpcFCtRq_Delete__FP19fast_create_request
80023AF0:fpcFCtRq_Do__FP19fast_create_request
80023B48:fpcFCtRq_Request__FP11layer_classsPFPvPv_iPvPv
800220D4:fpcLd_Free__Fs
800220B0:fpcLd_IsLoaded__Fs
800220F8:fpcLd_Load__Fs
80022060:fpcLd_Use__Fs
80021BBC:fpcLf_Create__FP14leafdraw_class
80021B78:fpcLf_Delete__FP14leafdraw_class
80021ACC:fpcLf_DrawMethod__FP21leafdraw_method_classPv
80021AF0:fpcLf_Draw__FP14leafdraw_class
80021B28:fpcLf_Execute__FP14leafdraw_class
80021AA8:fpcLf_GetPriority__FPC14leafdraw_class
80021B50:fpcLf_IsDelete__FP14leafdraw_class
80023768:fpcLnIt_MethodCall__FP16create_tag_classP13method_filter
800237D0:fpcLnIt_Queue__FPFPvPv_i
80023734:fpcLnTg_Init__FP8line_tagPv
80023650:fpcLnTg_Move__FP8line_tagi
800236A8:fpcLnTg_QueueTo__FP8line_tag
800236DC:fpcLnTg_ToQueue__FP8line_tagi
8002200C:fpcLn_Create__Fv
80021D08:fpcLyIt_AllJudge__FPFPvPv_PvPv
80021CD0:fpcLyIt_Judge__FP11layer_classPFPvPv_PvPv
80021C68:fpcLyIt_OnlyHereLY__FP11layer_classPFPvPv_iPv
80021C30:fpcLyIt_OnlyHere__FP11layer_classPFPvPv_iPv
80021F58:fpcLyTg_Init__FP26layer_management_tag_classUiPv
80021ED4:fpcLyTg_Move__FP26layer_management_tag_classUiUsUs
80021E74:fpcLyTg_QueueTo__FP26layer_management_tag_class
80021D7C:fpcLyTg_ToQueue__FP26layer_management_tag_classUiUsUs
80021674:fpcLy_CancelMethod__FP24process_method_tag_class
80021630:fpcLy_CancelQTo__FP24process_method_tag_class
80021944:fpcLy_Cancel__FP11layer_class
80021970:fpcLy_Create__FP11layer_classPvP15node_list_classi
8002176C:fpcLy_CreatedMesg__FP11layer_class
8002175C:fpcLy_CreatingMesg__FP11layer_class
8002179C:fpcLy_CurrentLayer__Fv
80021890:fpcLy_Delete__FP11layer_class
80021730:fpcLy_DeletedMesg__FP11layer_class
80021720:fpcLy_DeletingMesg__FP11layer_class
800216A0:fpcLy_IntoQueue__FP11layer_classiP16create_tag_classi
80021748:fpcLy_IsCreatingMesg__FP11layer_class
8002170C:fpcLy_IsDeletingMesg__FP11layer_class
800217F4:fpcLy_Layer__FUi
800216E8:fpcLy_QueueTo__FP11layer_classP16create_tag_class
80021864:fpcLy_Regist__FP11layer_class
80021784:fpcLy_RootLayer__Fv
800217A4:fpcLy_Search__FUi
80021794:fpcLy_SetCurrentLayer__FP11layer_class
80021650:fpcLy_ToCancelQ__FP11layer_classP24process_method_tag_class
800216C4:fpcLy_ToQueue__FP11layer_classiP16create_tag_class
800221C0:fpcM_Delete__FPv
80022168:fpcM_DrawIterater__FPFPvPv_i
80022148:fpcM_Draw__FPv
800221A0:fpcM_Execute__FPv
8002239C:fpcM_FastCreate__FsPFPv_iPvPv
80022360:fpcM_Init__Fv
800221E0:fpcM_IsCreating__FUi
800223F0:fpcM_IsPause__FPvUc
8002245C:fpcM_JudgeInLayer__FUiPFPvPv_PvPv
80022200:fpcM_Management__FPFv_vPFv_v
80022438:fpcM_PauseDisable__FPvUc
80022414:fpcM_PauseEnable__FPvUc
8002380C:fpcMtdIt_Method__FP15node_list_classPFPv_i
80023830:fpcMtdTg_Do__FP24process_method_tag_class
800238A0:fpcMtdTg_Init__FP24process_method_tag_classPFPv_iPv
80023880:fpcMtdTg_MethodQTo__FP24process_method_tag_class
80023860:fpcMtdTg_ToMethodQ__FP15node_list_classP24process_method_tag_class
80022574:fpcMtd_Create__FP20process_method_classPv
80022550:fpcMtd_Delete__FP20process_method_classPv
80022508:fpcMtd_Execute__FP20process_method_classPv
8002252C:fpcMtd_IsDelete__FP20process_method_classPv
800224D0:fpcMtd_Method__FPFPv_iPv
80022B4C:fpcNdRq_Cancel__FP19node_create_request
80022EBC:fpcNdRq_ChangeNode__FUlP18process_node_classsPv
80022FE4:fpcNdRq_CreateNode__FUlsPv
80022D44:fpcNdRq_Create__FUl
80022F58:fpcNdRq_DeleteNode__FUlP18process_node_class
80022AE4:fpcNdRq_Delete__FP19node_create_request
80022A38:fpcNdRq_DoPhase__FP19node_create_request
80022A80:fpcNdRq_Execute__FP19node_create_request
80022BA4:fpcNdRq_Handler__Fv
80022CF8:fpcNdRq_IsIng__FP18process_node_class
80022C8C:fpcNdRq_IsPossibleTarget__FP18process_node_class
80023140:fpcNdRq_ReChangeNode__FUisPv
800231B8:fpcNdRq_ReRequest__FUisPv
8002286C:fpcNdRq_RequestQTo__FP19node_create_request
80023090:fpcNdRq_Request__FUliP18process_node_classsPvP32node_create_request_method_class
800228AC:fpcNdRq_ToRequestQ__FP19node_create_request
80022950:fpcNdRq_phase_Create__FP19node_create_request
800229E4:fpcNdRq_phase_Delete__FP19node_create_request
800228F8:fpcNdRq_phase_IsCreated__FP19node_create_request
800229AC:fpcNdRq_phase_IsDeleteTiming__FP19node_create_request
800229B4:fpcNdRq_phase_IsDeleted__FP19node_create_request
800227D0:fpcNd_Create__FP18process_node_class
8002276C:fpcNd_Delete__FP18process_node_class
80022598:fpcNd_DrawMethod__FP21nodedraw_method_classPv
800225BC:fpcNd_Draw__FP18process_node_class
80022628:fpcNd_Execute__FP18process_node_class
80022684:fpcNd_IsCreatingFromUnder__FPv
80022704:fpcNd_IsDeleteTiming__FP18process_node_class
80022744:fpcNd_IsDelete__FP18process_node_class
8002397C:fpcPause_Disable__FPvUc
80023910:fpcPause_Enable__FPvUc
800239F0:fpcPause_Init__FPv
800238EC:fpcPause_IsEnable__FPvUc
8002360C:fpcPf_Get__Fs
80023390:fpcPi_Change__FP22process_priority_classUiUsUs
80023310:fpcPi_Delete__FP22process_priority_class
800232BC:fpcPi_GetFromQueue__Fv
800234D0:fpcPi_Handler__Fv
80023564:fpcPi_Init__FP22process_priority_classPvUiUsUs
800231D8:fpcPi_IsInQueue__FP22process_priority_class
8002335C:fpcPi_IsNormal__FUiUsUs
800231F8:fpcPi_QueueTo__FP22process_priority_class
80023230:fpcPi_ToQueue__FP22process_priority_class
80023E34:fpcSCtRq_Cancel__FP29standard_create_request_class
80023E2C:fpcSCtRq_Delete__FP29standard_create_request_class
80023DBC:fpcSCtRq_Handler__FP29standard_create_request_class
80023E3C:fpcSCtRq_Request__FP11layer_classsPFPvPv_iPvPv
80023C6C:fpcSCtRq_phase_CreateProcess__FP29standard_create_request_class
80023DB4:fpcSCtRq_phase_Done__FP29standard_create_request_class
80023D0C:fpcSCtRq_phase_IsComplete__FP29standard_create_request_class
80023C18:fpcSCtRq_phase_Load__FP29standard_create_request_class
80023D64:fpcSCtRq_phase_PostMethod__FP29standard_create_request_class
80023CD4:fpcSCtRq_phase_SubCreateProcess__FP29standard_create_request_class
80023638:fpcSch_JudgeByID__FPvPv
80023620:fpcSch_JudgeForPName__FPvPv
8001D9A8:fpoAcM_relativePos__FPC10fopAc_ac_cPC4cXyzP4cXyz
803675CC:fprintf
804534EC:fpscr__12JUTException
80366008:fputs
80452A90:fragmentID
8044F3F0:fragmentinfo
80452AF4:frame$3939
80453510:frameBuffer$2222
80325E68:frameInit__13J3DDrawBufferFv
8000FB74:frameUpdate__13mDoExt_morf_cFv
802C144C:framework__10Z2CreatureFUlSc
802C74B0:framework__10Z2EnvSeMgrFv
802BAA50:framework__10Z2SceneMgrFv
802AB47C:framework__10Z2SoundMgrFv
802C2EE8:framework__12Z2CreatureFMFUlSc
802C3664:framework__12Z2CreatureOIFUlSc
802CD7D0:framework__12Z2SpeechMgr2Fv
802C4580:framework__14Z2CreatureLinkFUlSc
802BEE38:framework__14Z2SoundObjBaseFUlSc
802C1ED4:framework__15Z2CreatureEnemyFUlSc
802BF4B8:framework__21Z2DopplerSoundObjBaseFUlSc
80363988:free
802CF3CC:freeAll__7JKRHeapFv
80071B98:freeAttention__12dAttention_cFv
802A2808:freeDeadSeq___9JAISeqMgrFv
802A4B70:freeDeadStream___12JAIStreamMgrFv
800E4DE0:freeGrabItem__9daAlink_cFv
801906AC:freeHeap__16dFile_select3D_cFv
802CF3F8:freeTail__7JKRHeapFv
8029C9FC:free__10JASChannelFv
8029E120:free__13JASDSPChannelFv
80291794:free__17JASGenericMemPoolFPvUl
80264060:free__3cMlFPv
802912E4:free__7JASHeapFv
802CF348:free__7JKRHeapFPv
802CF300:free__7JKRHeapFPvP7JKRHeap
802D16CC:free__Q210JKRExpHeap9CMemBlockFP10JKRExpHeap
800D7030:freezeTimerDamage__9daAlink_cFv
8036D074:frexp
80393624:frontOffset$45186
803669E4:fseek
80397C90:fst_c$5857
803990A0:ft_off$4044
80399050:ft_on$4037
803993A0:ftag_name0$4154
803982E8:ftag_name0$4616
803993D8:ftag_name1$4155
80398318:ftag_name1$4617
80399330:ftag_sub0$4152
80398288:ftag_sub0$4614
80399368:ftag_sub1$4153
803982B8:ftag_sub1$4615
80366CC0:ftell
803967D0:ftext_op$4771
803967B8:ftext_sv$4770
80399898:ftext_tag$5462
803AB8F8:ftp_table$4417
80396138:ftv_btnA$3745
803989E0:ftv_btnA$5276
80397C40:fuji_c$5850
8023CB48:fukiAlpha__14dMsgScrnBase_cFf
8023D294:fukiAlpha__14dMsgScrnBoss_cFf
80242700:fukiAlpha__14dMsgScrnHowl_cFf
80240770:fukiAlpha__14dMsgScrnItem_cFf
80248958:fukiAlpha__14dMsgScrnTalk_cFf
8024999C:fukiAlpha__14dMsgScrnTree_cFf
80247140:fukiAlpha__15dMsgScrnPlace_cFf
80247664:fukiAlpha__15dMsgScrnStaff_cFf
80245430:fukiAlpha__16dMsgScrnJimaku_cFf
80245D44:fukiAlpha__16dMsgScrnKanban_cFf
80236CC0:fukiPosCalc__12dMsgObject_cFb
802392DC:fukiPosCalc__14dMsgScrnBase_cFUc
80240818:fukiPosCalc__14dMsgScrnItem_cFUc
80248A00:fukiPosCalc__14dMsgScrnTalk_cFUc
8023CAFC:fukiScale__14dMsgScrnBase_cFf
8023D320:fukiScale__14dMsgScrnBoss_cFf
802426D8:fukiScale__14dMsgScrnHowl_cFf
80240748:fukiScale__14dMsgScrnItem_cFf
80248950:fukiScale__14dMsgScrnTalk_cFf
80249A50:fukiScale__14dMsgScrnTree_cFf
802471CC:fukiScale__15dMsgScrnPlace_cFf
80247688:fukiScale__15dMsgScrnStaff_cFf
802454D0:fukiScale__16dMsgScrnJimaku_cFf
80245DF8:fukiScale__16dMsgScrnKanban_cFf
8023CB24:fukiTrans__14dMsgScrnBase_cFff
8023D324:fukiTrans__14dMsgScrnBoss_cFff
802426DC:fukiTrans__14dMsgScrnHowl_cFff
8024074C:fukiTrans__14dMsgScrnItem_cFff
80248954:fukiTrans__14dMsgScrnTalk_cFff
80249A54:fukiTrans__14dMsgScrnTree_cFff
802471D0:fukiTrans__15dMsgScrnPlace_cFff
8024768C:fukiTrans__15dMsgScrnStaff_cFff
802454D4:fukiTrans__16dMsgScrnJimaku_cFff
80245DFC:fukiTrans__16dMsgScrnKanban_cFff
80369F44:fwide
803665D0:fwrite
80398F60:fxy_text$4016
803D5248:gDBCommTable
8044F878:gTRKBigEndian
804512F8:gTRKCPUState
8044F850:gTRKEventQueue
803D51E4:gTRKExceptionStatus
80451230:gTRKFramingState
80453980:gTRKInputPendingPtr
800035E4:gTRKInterruptVectorTable
80005518:gTRKInterruptVectorTableEnd
803A4840:gTRKMemMap
8044F880:gTRKMsgBufs
803D51D8:gTRKRestoreFlags
80451728:gTRKSaveState
80451254:gTRKState
803D51F4:gTRKStepStatus
80426AAC:g_AttDwHIO
80432C98:g_Counter
803F3B5C:g_HIO
804530A8:g_LogHIO
8043224C:g_MsgObject_HIO_c
80432694:g_MsgScrnLight_HIO_c
804525C4:g_blackColor
803C54E0:g_cAPI_Interface
804525C0:g_clearColor
804320D0:g_cursorHIO
804525D0:g_dComIfAc_gameInfo
80408160:g_dComIfG_gameInfo
804525D8:g_dComIfGoat_gameInfo
80430B88:g_drawHIO
8043275C:g_envHIO
8042EA14:g_env_light
804307EC:g_fmHIO
80431C20:g_fmapHIO
803A52C0:g_fopAcTg_Queue
803A5290:g_fopAc_Method
80452C78:g_fopAc_type
803A5540:g_fopCam_Method
80452590:g_fopDwTg_Queue
803A5620:g_fopKy_Method
803A5638:g_fopMsg_Method
803A5558:g_fopOvlp_Method
803A55F8:g_fopScnTg_SceneList
803A5590:g_fopScn_Method
803A5608:g_fopVw_Method
80452CC0:g_fpcBs_type
803A5670:g_fpcCtTg_Queue
803A5680:g_fpcDtTg_Queue
803A56C8:g_fpcLf_Method
80452CF0:g_fpcLf_type
80452598:g_fpcLn_Queue
804525A0:g_fpcNd_IsCheckOfDeleteTiming
803A5700:g_fpcNd_Method
80452D00:g_fpcNd_type
80452D10:g_fpcPf_ProfileList_p
8042E98C:g_fsHIO
80452B7C:g_mDoAud_audioHeap
803DDEEC:g_mDoAud_zelAudio
803ECEE0:g_mDoMemCd_control
803A4CB8:g_mDoMtx_identity
8042FD30:g_mEnvSeMgr
80453070:g_menuHIO
80432148:g_meter2_info
8043080C:g_msHIO
80453090:g_msg_unit
80430968:g_mwDHIO
8043082C:g_mwHIO
804326F4:g_nmHIO
803A4C40:g_ntscZeldaIntDf
803A4C7C:g_ntscZeldaProg
804530E8:g_preLoadHIO
803B4AAC:g_profile_ALINK
803BC3D8:g_profile_CAMERA
803BC41C:g_profile_CAMERA2
803BC4FC:g_profile_ENVSE
803BDA20:g_profile_GAMEOVER
803BBC54:g_profile_ITEM
803BDD94:g_profile_KANKYO
803BDE4C:g_profile_KYEFF
803BDE8C:g_profile_KYEFF2
803BDECC:g_profile_KY_THUNDER
803C4F98:g_profile_LOGO_SCENE
803C0D74:g_profile_MENUWINDOW
803C4FD0:g_profile_MENU_SCENE
803C1748:g_profile_METER2
803C2890:g_profile_MSG_OBJECT
803C50D0:g_profile_NAMEEX_SCENE
803C50A8:g_profile_NAME_SCENE
803B5358:g_profile_NO_CHG_ROOM
803C51B4:g_profile_OPENING_SCENE
803C4AD4:g_profile_OVERLAP0
803C4AFC:g_profile_OVERLAP1
803C4BC4:g_profile_OVERLAP10
803C4BEC:g_profile_OVERLAP11
803C4C5C:g_profile_OVERLAP2
803C4CDC:g_profile_OVERLAP3
803C4B24:g_profile_OVERLAP6
803C4B4C:g_profile_OVERLAP7
803C4B74:g_profile_OVERLAP8
803C4B9C:g_profile_OVERLAP9
803C518C:g_profile_PLAY_SCENE
803C5240:g_profile_ROOM_SCENE
803C53B0:g_profile_TIMER
803C5290:g_profile_WARNING2_SCENE
803C5268:g_profile_WARNING_SCENE
803C53FC:g_profile_WMARK
803C543C:g_profile_WPILLAR
804530F0:g_regHIO
80431ABC:g_ringHIO
804525CC:g_saftyWhiteColor
804327AC:g_save_bit_HIO
80453010:g_siHIO
804530B0:g_snHIO
804525C8:g_whiteColor
804577F0:ga4cSignature__Q28JMessage4data
804573D0:ga4cSignature__Q37JStudio3ctb4data
80457428:ga4cSignature__Q37JStudio3fvb4data
804574B0:ga4cSignature__Q37JStudio3stb4data
80457438:ga8cSignature__Q27JStudio4data
801F303C:gameContinue2__12dMenu_save_cFv
801F3064:gameContinue3__12dMenu_save_cFv
801F2E20:gameContinueDisp__12dMenu_save_cFv
801F2EBC:gameContinue__12dMenu_save_cFv
801F2668:gameFileMakeSelInitSet__12dMenu_save_cFv
80452BE8:gameHeap
80452BB8:gameHeapErrors
80090644:gameOverEvCamera__9dCamera_cFv
804550B4:ganonNameID$41522
8039C6D0:gapfnExtrapolateParameter___Q27JStudio27@unnamed@functionvalue_cpp@
80292E08:gateOn__8JASTrackFUlUlfUl
8039C868:gauDataSize_TEParagraph_data__Q37JStudio3stb4data
803739C8:gdev_cc_close
803739FC:gdev_cc_initialize
80373738:gdev_cc_initinterrupts
803739D0:gdev_cc_open
8037375C:gdev_cc_peek
803737CC:gdev_cc_post_stop
803737F0:gdev_cc_pre_continue
803738D4:gdev_cc_read
803739F4:gdev_cc_shutdown
80373814:gdev_cc_write
8021D710:get2ndTexture__13dMeter2Info_cFUc
8021D77C:get3rdTexture__13dMeter2Info_cFUc
8021D7C0:get4thTexture__13dMeter2Info_cFUc
800709B0:getActionBtnB__12dAttention_cFv
80070AA4:getActionBtnXY__12dAttention_cFv
8021A5B8:getActionString__13dMeter2Draw_cFUcUcPUc
80039258:getActiveCamera__14dDemo_object_cFv
8014BD0C:getActorDistance__8daNpcT_cFP10fopAc_ac_cii
801508F8:getActorP__18daNpcF_ActorMngr_cFv
80145914:getActorP__18daNpcT_ActorMngr_cFv
80232FD4:getActorPos__19jmessage_tReferenceFv
80073994:getActor__10dAttList_cFv
8023881C:getActor__12dMsgObject_cFv
80038258:getActor__13dDemo_actor_cFv
800391B8:getActor__14dDemo_object_cFUc
8014DA44:getActor__18daBaseNpc_acMngr_cFv
8009DA90:getAlinkArcName__9daAlink_cFv
801D2E20:getAllMapZoomRate__18dMenu_Fmap2DBack_cFv
8000DF08:getAlphaComp__10J3DPEBlockFv
803227E0:getAlphaComp__14J3DPEBlockFullFv
80322944:getAlphaComp__16J3DPEBlockFogOffFv
802562B0:getAlphaRate__13CPaneMgrAlphaFv
8023EC70:getAlphaRatio__17dMsgScrnExplain_cFv
801DCA70:getAlphaRatio__19dMenu_ItemExplain_cFv
8000DFA4:getAmbColor__13J3DColorBlockFUl
80323D50:getAmbColor__20J3DColorBlockLightOnFUl
80323ED8:getAmbColor__22J3DColorBlockAmbientOnFUl
80032234:getAngleStick__10CSTControlFv
80032214:getAngleStick__9STControlFv
800A3F18:getAnimeResource__9daAlink_cFP14daPy_anmHeap_cUsUl
800D01EC:getAnmMtx__8J3DModelFi
801582FC:getAnmP__10daNpcCd2_cFii
80156454:getAnmP__9daNpcCd_cFii
80014E48:getAnmTransform__10J3DMtxCalcFUc
80014E50:getAnmTransform__10J3DMtxCalcFv
80014F6C:getAnmTransform__17J3DMtxCalcAnmBaseFv
800D02C8:getAnm__25mDoExt_MtxCalcAnmBlendTblFi
802D85F8:getAramAddress_Entry__14JKRAramArchiveFPQ210JKRArchive12SDIFileEntry
802D861C:getAramAddress__14JKRAramArchiveFPCc
80291908:getAramHeap__9JASKernelFv
800249E8:getArcBank__20dStage_roomControl_cFi
80299A8C:getArcCount__16JASBasicWaveBankCFv
80299D98:getArcCount__17JASSimpleWaveBankCFv
8003BBCC:getArcHeader__FP10JKRArchive
80031918:getArcName__12daSetBgObj_cFP10fopAc_ac_c
801FA0E0:getArrowFlag__9dMw_HIO_cFv
800DE858:getArrowFlyData__9daAlink_cCFPfPfi
800DE96C:getArrowIncAtMaxStart__9daAlink_cCFv
800DE97C:getArrowIncAtMax__9daAlink_cCFv
800DE94C:getArrowIncAtR__9daAlink_cCFv
80036C1C:getArrowOffsetPosAndAngle__9dJntCol_cCFPC4cXyzPC5csXyzP4cXyzP4cXyz
800DCC8C:getArrowShieldOffset__9daAlink_cCFPC4cXyzPC5csXyzP4cXyzP4cXyz
800275E4:getArrow__15dStage_roomDt_cCFv
80027ED0:getArrow__16dStage_stageDt_cCFv
802DEE04:getAscent__10JUTResFontCFv
800D056C:getAtnActorID__9daAlink_cCFv
8000B1E4:getAtnActorID__9daPy_py_cCFv
8015F608:getAttentionOffsetY__9daPy_py_cFv
80154B78:getAttentionPos__8daNpcF_cFP10fopAc_ac_c
80154578:getAttnActorP__8daNpcF_cFiPFPvPv_Pvffffsii
8014B5F8:getAttnPos__8daNpcT_cFP10fopAc_ac_c
80283528:getAttributeSet__Q27JStudio19TFunctionValue_listFv
8028414C:getAttributeSet__Q27JStudio22TFunctionValue_hermiteFv
802831BC:getAttributeSet__Q27JStudio23TFunctionValue_constantFv
80282BC0:getAttributeSet__Q27JStudio24TFunctionValue_compositeFv
80283254:getAttributeSet__Q27JStudio25TFunctionValue_transitionFv
80283BA8:getAttributeSet__Q27JStudio29TFunctionValue_list_parameterFv
802BBF58:getAudibleSwFull__11Z2SoundInfoF10JAISoundID
802BC248:getAudibleSw__11Z2SoundInfoCF10JAISoundID
802D4E94:getAvailable__20JSURandomInputStreamCFv
8003A36C:getBLightInf__13door_param2_cFP10fopAc_ac_c
8003A2F4:getBRoomNo__13door_param2_cFP10fopAc_ac_c
801CF55C:getBackColor__15dMenu_FmapMap_cCFv
8003FF7C:getBackColor__16renderingDAmap_cCFv
800516A8:getBackLeftEffType__8dPaPoF_cCFi
800516FC:getBackLeftEmitter__8dPaPoF_cFii
8003A2DC:getBackOption__13door_param2_cFP10fopAc_ac_c
8005169C:getBackRightEffType__8dPaPoF_cCFi
800516B4:getBackRightEmitter__8dPaPoF_cFii
8014CE68:getBackboneJointNo__8daNpcT_cFv
802A58A0:getBank__12JAUBankTableCFUl
80294328:getBank__17JASBankTable<256>CFUl
800D0564:getBaseAnimeFrameRate__9daAlink_cCFv
80141898:getBaseAnimeFrameRate__9daPy_py_cCFv
800AC534:getBaseAnimeFrame__9daAlink_cCFv
801418A0:getBaseAnimeFrame__9daPy_py_cCFv
800EDD54:getBaseHorseAnime__9daAlink_cFPQ29daAlink_c11daAlink_ANM
80150E6C:getBeforeIdx__13daNpcF_Path_cFv
80150EB4:getBeforePos__13daNpcF_Path_cFR4cXyz
802BBE0C:getBgmSeqResourceID__11Z2SoundInfoCF10JAISoundID
8030384C:getBlackWhite__11J2DWindowExCFPQ28JUtility6TColorPQ28JUtility6TColor
80307464:getBlackWhite__12J2DPictureExCFPQ28JUtility6TColorPQ28JUtility6TColor
803092CC:getBlackWhite__12J2DTextBoxExCFPQ28JUtility6TColorPQ28JUtility6TColor
801DFD10:getBlack__10J2DPictureCFv
801DFCF8:getBlack__10J2DTextBoxCFv
80303A88:getBlack__11J2DWindowExCFv
803076F8:getBlack__12J2DPictureExCFv
803094FC:getBlack__12J2DTextBoxExCFv
80254A88:getBlack__9J2DWindowCFv
8000DF00:getBlend__10J3DPEBlockFv
80322800:getBlend__14J3DPEBlockFullFv
80322964:getBlend__16J3DPEBlockFogOffFv
80297510:getBlockSamples__13JASAramStreamCFv
800D0A6C:getBoardCutTurnOffsetAngleY__9daAlink_cCFv
801419BC:getBoardCutTurnOffsetAngleY__9daPy_py_cCFv
801068C4:getBoardRowAnmSpeed__9daAlink_cFv
800BB290:getBodyAngleXAtnActor__9daAlink_cFi
800BB22C:getBodyAngleXBasePos__9daAlink_cFP4cXyz
80141860:getBokoFlamePos__9daPy_py_cFP4cXyz
800DE95C:getBombArrowFlyExplodeTime__9daAlink_cCFv
800E39DC:getBombAtR__9daAlink_cCFv
800E399C:getBombBoundRate__9daAlink_cCFv
80237C1C:getBombBuyPriceLocal__12dMsgObject_cFUc
800E39CC:getBombEffScale__9daAlink_cCFv
800E396C:getBombExplodeTime__9daAlink_cCFv
800E3A1C:getBombExplodeWaterEffectLimit__9daAlink_cCFv
801FA0D8:getBombFlag__9dMw_HIO_cFv
800E397C:getBombGravity__9daAlink_cCFv
800E3A2C:getBombInsectLimitAngle__9daAlink_cCFv
800E398C:getBombMaxFallSpeed__9daAlink_cCFv
800E39BC:getBombMaxSpeedY__9daAlink_cCFv
80237A0C:getBombName__12dMsgObject_cFv
800341A0:getBombNum__21dSv_player_item_max_cCFUc
80034024:getBombNum__24dSv_player_item_record_cCFUc
800E39AC:getBombStopSpeedY__9daAlink_cCFv
800E39FC:getBombWaterGravity__9daAlink_cCFv
800E3A0C:getBombWaterMaxFallSpeed__9daAlink_cCFv
800E039C:getBoomBgThroughTime__9daAlink_cCFv
800E02BC:getBoomCatchSpeed__9daAlink_cCFv
800E02CC:getBoomFlyMax__9daAlink_cCFv
800E0328:getBoomLockMax__9daAlink_cFv
800E021C:getBoomSpeed__9daAlink_cFv
800E041C:getBoomerangActor__9daAlink_cFv
8009C3AC:getBossIconFloorNo__7dTres_cFPi
800D04EC:getBottleMtx__9daAlink_cFv
80141768:getBottleMtx__9daPy_py_cFv
800340D8:getBottleNum__24dSv_player_item_record_cCFUc
8010E774:getBottleOpenAppearItem__9daAlink_cCFv
80141B00:getBottleOpenAppearItem__9daPy_py_cCFv
802F7F00:getBounds__7J2DPaneFv
80255A40:getBounds__8CPaneMgrFP7J2DPane
802287F4:getBtiName__10COutFont_cFi
8014538C:getBtpFrm__12daItemBase_cFv
802184FC:getButtonCrossParentInitTransY__13dMeter2Draw_cFv
8021C094:getButtonTimer__13dMeter2Draw_cFv
802E2300:getButton__Q210JUTGamePad6CStickFUl
8021BEE8:getCameraSubject__13dMeter2Draw_cFv
800275D4:getCamera__15dStage_roomDt_cCFv
80027EC0:getCamera__16dStage_stageDt_cCFv
800F3DE8:getCanoeBackMaxSpeed__9daAlink_cCFv
800F3DF8:getCanoeCres__9daAlink_cCFv
8021BE78:getCanoeFishing__13dMeter2Draw_cFv
800F3ED8:getCanoeLocalPaddleTop__9daAlink_cFv
800F3E50:getCanoeMaxRotSpeed__9daAlink_cCFv
800F3DBC:getCanoeMaxSpeed__9daAlink_cCFv
800F4008:getCanoePaddleMatrix__9daAlink_cFv
800F3E24:getCanoeSpeedRate__9daAlink_cCFv
802BBED8:getCategory__11Z2SoundInfoCF10JAISoundID
802E0B58:getCellHeight__10JUTResFontCFv
80014DA8:getCellHeight__7JUTFontCFv
802E0B0C:getCellWidth__10JUTResFontCFv
80014D7C:getCellWidth__7JUTFontCFv
800515B8:getCenterEffType__7dPaPo_cCFi
80051654:getCenterEmitter__7dPaPo_cFii
8020A040:getCenterPosCalc__14dMeterButton_cFUcPci
80182A18:getChainGrabActor__9daAlink_cFv
800E7B58:getChainStickAngleY__9daAlink_cCFs
8029EF50:getChannelLevel_dsp__9JASDriverFv
802BD004:getChannel__9Z2AudibleFi
8022FC50:getCharInfo__28jmessage_tRenderingProcessorFfffff
8023B020:getCharSpace__17dMsgScrn3Select_cFv
802B4D40:getChildTrackVolume__8Z2SeqMgrFP14JAISoundHandlei
802A0654:getChildTrack__5JAISeFi
802A2530:getChildTrack__6JAISeqFi
802A48C4:getChildTrack__9JAIStreamFi
802A04E0:getChild__5JAISeFi
802A2378:getChild__6JAISeqFi
802A4750:getChild__9JAIStreamFi
800FE5D0:getClimbDirectionFromAngle__9daAlink_cFv
800FE240:getClimbMoveSideAnmSpeed__9daAlink_cFv
800FE21C:getClimbMoveUpDownAnmSpeed__9daAlink_cFv
800D03AC:getClothesChangeWaitTimer__9daAlink_cCFv
80141AD0:getClothesChangeWaitTimer__9daPy_py_cCFv
800741F4:getCode__6dBgPlcCFiPP5sBgPc
801453C0:getCollisionH__12daItemBase_cFv
801453DC:getCollisionR__12daItemBase_cFv
80148390:getColorAnmP__8daNpcT_cFPCci
8000DFBC:getColorChanNum__13J3DColorBlockCFv
80323D78:getColorChanNum__20J3DColorBlockLightOnCFv
80323FD8:getColorChanNum__21J3DColorBlockLightOffCFv
8031826C:getColorChanOffset__13J3DColorBlockCFv
80323E00:getColorChanOffset__20J3DColorBlockLightOnCFv
80324040:getColorChanOffset__21J3DColorBlockLightOffCFv
8000DFAC:getColorChan__13J3DColorBlockFUl
80323DA8:getColorChan__20J3DColorBlockLightOnFUl
80324008:getColorChan__21J3DColorBlockLightOffFUl
802EC190:getColor__11J2DAnmColorCFUsP8_GXColor
8032CD4C:getColor__11J3DAnmColorCFUsP8_GXColor
8030C000:getColor__14J2DAnmColorKeyCFUsP8_GXColor
8030443C:getColor__14J2DAnmVtxColorCFUcUsP8_GXColor
8032B954:getColor__14J3DAnmColorKeyCFUsP8_GXColor
8032CE40:getColor__14J3DAnmVtxColorCFUcUsP8_GXColor
8030BDC8:getColor__15J2DAnmColorFullCFUsP8_GXColor
8032B790:getColor__15J3DAnmColorFullCFUsP8_GXColor
801CF564:getColor__15dMenu_FmapMap_cFi
801C0EA0:getColor__15renderingDmap_cFi
8030C504:getColor__17J2DAnmVtxColorKeyCFUcUsP8_GXColor
8032B33C:getColor__17J3DAnmVtxColorKeyCFUcUsP8_GXColor
8030C2C4:getColor__18J2DAnmVtxColorFullCFUcUsP8_GXColor
8032B168:getColor__18J3DAnmVtxColorFullCFUcUsP8_GXColor
80028E9C:getColor__6dMap_cFi
802918C8:getCommandHeap__9JASKernelFv
80285010:getCompositeData_add___Q37JStudio3fvb17@unnamed@fvb_cpp@FPCv
80285034:getCompositeData_divide___Q37JStudio3fvb17@unnamed@fvb_cpp@FPCv
80284FF8:getCompositeData_index___Q37JStudio3fvb17@unnamed@fvb_cpp@FPCv
80285028:getCompositeData_multiply___Q37JStudio3fvb17@unnamed@fvb_cpp@FPCv
80285004:getCompositeData_parameter___Q37JStudio3fvb17@unnamed@fvb_cpp@FPCv
80284FEC:getCompositeData_raw___Q37JStudio3fvb17@unnamed@fvb_cpp@FPCv
8028501C:getCompositeData_subtract___Q37JStudio3fvb17@unnamed@fvb_cpp@FPCv
80285040:getCompositeOperation___Q37JStudio3fvb17@unnamed@fvb_cpp@FQ47JStudio3fvb4data11TEComposite
8003F0A0:getConstRestartIconPointer__10dMapInfo_nFv
80304334:getContentsMaterial__11J2DWindowExCFv
802FCE24:getContentsMaterial__9J2DWindowCFv
80303C74:getContentsTexture__11J2DWindowExCFUc
802FCDE8:getContentsTexture__9J2DWindowCFUc
800E153C:getCopyRodBallDisMax__9daAlink_cCFv
800E152C:getCopyRodBallReturnSpeed__9daAlink_cCFv
800E151C:getCopyRodBallSpeed__9daAlink_cCFv
800E159C:getCopyRodCameraActor__9daAlink_cFv
800E1580:getCopyRodControllActor__9daAlink_cFv
802CC170:getCorrectLineNum__13Z2WolfHowlMgrFv
802CC120:getCorrectLine__13Z2WolfHowlMgrFUc
80188B5C:getCptoNum__14dFile_select_cFUc
800F7E5C:getCrawlMoveAnmSpeed__9daAlink_cFv
800F7E80:getCrawlMoveSpeed__9daAlink_cFv
800F83CC:getCrawlMoveVec__9daAlink_cFP4cXyzP4cXyzP4cXyziiPUc
80267A6C:getCrossProduct__4cXyzCFRC3Vec
802703D4:getCrossYLessD__8cM3dGPlaCFRC3VecPf
8027037C:getCrossY__8cM3dGPlaCFRC4cXyzPf
801B768C:getCrystalNum__17dMenu_Collect3D_cFv
80318128:getCullMode__13J3DColorBlockCFv
80323DF0:getCullMode__20J3DColorBlockLightOnCFv
80324030:getCullMode__21J3DColorBlockLightOffCFv
801BD42C:getCurFloorPos__12dMenu_Dmap_cFv
802915E0:getCurOffset__7JASHeapFv
8027FD30:getCurrentCreateNumber__14JPABaseEmitterCFv
8029AF30:getCurrentDir__16JASWaveArcLoaderFv
8034E76C:getCurrentFieldEvenOdd
80196BF8:getCurrentPos__15dShopItemCtrl_cFi
801EE2A0:getCursorPos__12dMenu_Ring_cFUc
800D28F8:getCutDirection__9daAlink_cFv
800D1630:getCutTurnDirection__9daAlink_cCFv
80027DC0:getDMap__15dStage_roomDt_cCFv
800282B8:getDMap__16dStage_stageDt_cCFv
8029E838:getDSPHandle__6JASDspFi
8029EF58:getDSPLevel__9JASDriverFv
8029E830:getDSPMixerLevel__6JASDspFv
8029D7E8:getDacRate__9JASDriverFv
8029D7F8:getDacSize__9JASDriverFv
800D7700:getDamageVec__9daAlink_cFP12dCcD_GObjInf
8019FE24:getDarkDaytime__18dScnKy_env_light_cFv
8015B2C4:getData__12daItemBase_cFv
802A808C:getData__13JAUSoundTableCF10JAISoundID
8003E3EC:getData__22dMenuFmapIconPointer_cFv
80285EAC:getData__Q47JStudio3fvb4data17TParse_TParagraphCFPQ57JStudio3fvb4data17TParse_TParagraph5TData
8028A7BC:getData__Q47JStudio3stb4data16TParse_TSequenceCFPQ57JStudio3stb4data16TParse_TSequence5TData
8028A808:getData__Q47JStudio3stb4data17TParse_TParagraphCFPQ57JStudio3stb4data17TParse_TParagraph5TData
8028A880:getData__Q47JStudio3stb4data22TParse_TParagraph_dataCFPQ57JStudio3stb4data22TParse_TParagraph_data5TData
8019FC60:getDaytime__18dScnKy_env_light_cFv
8002905C:getDecoLineColor__15renderingAmap_cFii
8003D7BC:getDecoLineColor__18dRenderingFDAmap_cFii
80028D9C:getDecorationLineWidth__15renderingAmap_cFi
8003D7E8:getDecorationLineWidth__18dRenderingFDAmap_cFi
801BD440:getDefaultCurFloorPos__12dMenu_Dmap_cFv
80038468:getDemoIDData__13dDemo_actor_cFPiPiPiPUsPUc
801182F8:getDemoLookActor__9daAlink_cFv
802DEE10:getDescent__10JUTResFontCFv
802D68C0:getDirEntry__10JKRArchiveCFPQ210JKRArchive9SDirEntryUl
800B36A0:getDirectionFromAngle__9daAlink_cFs
80131E0C:getDirectionRopeMove__9daAlink_cCFv
8020DAA8:getDispPosInside_OffsetX__11dMeterMap_cFv
8020DAB0:getDispPosOutSide_OffsetX__11dMeterMap_cFv
8002896C:getDispType__15renderingAmap_cCFv
8002A264:getDispType__6dMap_cCFv
80154484:getDistTableIdx__8daNpcF_cFii
8014B21C:getDistTable__12dAttention_cFi
802BD018:getDistVolBit__9Z2AudibleFv
80318184:getDither__10J3DPEBlockCFv
80322858:getDither__14J3DPEBlockFullCFv
803229BC:getDither__16J3DPEBlockFogOffCFv
802AFBC0:getDolbyPower__12Z2MultiSeMgrFv
8003A2C4:getDoorModel__13door_param2_cFP10fopAc_ac_c
80027DE0:getDoor__15dStage_roomDt_cCFv
800282D8:getDoor__16dStage_stageDt_cCFv
80141A90:getDpdFarFlg__9daPy_py_cCFv
80027DD0:getDrTg__15dStage_roomDt_cCFv
800282C8:getDrTg__16dStage_stageDt_cCFv
8027FD40:getDrawCount__14JPABaseEmitterCFv
801461C0:getDstPosH__13daNpcT_Path_cF4cXyzP4cXyzii
80150FEC:getDstPos__13daNpcF_Path_cF4cXyzR4cXyz
80146044:getDstPos__13daNpcT_Path_cF4cXyzP4cXyzi
802D631C:getDvdPathName__12JKRFileCacheCFPCc
8009DA88:getE3Zhint__9daAlink_cFv
80027E80:getElst__15dStage_roomDt_cFv
80026B90:getElst__16dStage_stageDt_cFv
8004BA48:getEmitter__Q213dPa_control_c7level_cFUl
802A7E44:getEndSoundIndex__17JAUSoundAnimationCFf
800E39EC:getEnemyBombColorR__9daAlink_cCFv
802C0E74:getEnemyID__13Z2SoundObjMgrFPCcP26JSULink<15Z2CreatureEnemy>
80027788:getEnvrInfo__15dStage_roomDt_cCFv
80027F38:getEnvrInfo__16dStage_stageDt_cCFv
80027948:getEnvrNumInfo__15dStage_roomDt_cCFv
80027F98:getEnvrNumInfo__16dStage_stageDt_cCFv
801599CC:getEscapeTag__10daNpcCd2_cFv
800895F4:getEvActor__9dCamera_cFPc
80089724:getEvActor__9dCamera_cFPcPc
80088EC0:getEvFloatData__9dCamera_cFPfPc
80089284:getEvFloatData__9dCamera_cFPfPcf
80088F88:getEvFloatListData__9dCamera_cFPPfPc
80088DE0:getEvIntData__9dCamera_cFPiPc
800891BC:getEvIntData__9dCamera_cFPiPci
8008946C:getEvStringData__9dCamera_cFPcPcPc
80089110:getEvStringPntData__9dCamera_cFPc
8008954C:getEvStringPntData__9dCamera_cFPcPc
8008935C:getEvXyzData__9dCamera_cFP4cXyzPc4cXyz
8008904C:getEvXyzListData__9dCamera_cFPP4cXyzPc
800475EC:getEventData__16dEvent_manager_cFs
80047584:getEventData__16dEvent_manager_cFsi
8024ABCC:getEventId__10dMsgFlow_cFPi
80047888:getEventIdx__16dEvent_manager_cFP10fopAc_ac_cPCcUc
800477C8:getEventIdx__16dEvent_manager_cFP10fopAc_ac_cUc
80047644:getEventIdx__16dEvent_manager_cFPCcUcl
800435B0:getEventName__11dEvt_info_cFv
800465B0:getEventName__18dEvent_exception_cFv
8003A33C:getEventNo2__13door_param2_cFP10fopAc_ac_c
8003A330:getEventNo__13door_param2_cFP10fopAc_ac_c
80048324:getEventPrio__16dEvent_manager_cFP10fopAc_ac_cs
80034B34:getEventReg__11dSv_event_cCFUs
801544AC:getEvtAreaTagP__8daNpcF_cFii
8014C0F0:getEvtAreaTagP__8daNpcT_cFii
8003A354:getExitNo__13door_param2_cFP10fopAc_ac_c
802D7778:getExpandSize__10JKRArchiveCFPQ210JKRArchive12SDIFileEntry
801CC548:getExpandedResSize__10JKRArchiveCFPCv
802D9498:getExpandedResSize__13JKRDvdArchiveCFPCv
802D7E30:getExpandedResSize__13JKRMemArchiveCFPCv
802D8864:getExpandedResSize__14JKRAramArchiveCFPCv
802DA160:getExpandedResSize__14JKRCompArchiveCFPCv
8014D2B4:getEyeballLMaterialNo__8daNpcT_cFv
8014D2C4:getEyeballMaterialNo__8daNpcT_cFv
8014D2BC:getEyeballRMaterialNo__8daNpcT_cFv
8003A360:getFLightInf__13door_param2_cFP10fopAc_ac_c
8003A2E8:getFRoomNo__13door_param2_cFP10fopAc_ac_c
80053F48:getFX__8cM_rnd_cFf
80053F10:getF__8cM_rnd_cFf
8014CEBC:getFaceMotionAnm__8daNpcT_cF26daNpcT_faceMotionAnmData_c
801C62DC:getFigure__15dMenu_Fishing_cFi
802D705C:getFileAttribute__10JKRArchiveCFUl
80027BBC:getFileList2Info__15dStage_roomDt_cCFv
80028154:getFileList2Info__16dStage_stageDt_cCFv
800194A4:getFileListInfo__15dStage_roomDt_cCFv
800281BC:getFileListInfo__16dStage_stageDt_cCFv
802A8284:getFilePath__18JAUStreamFileTableCFi
802DA8F8:getFileSize__10JKRDvdFileCFv
802F888C:getFirstChildPane__7J2DPaneFv
80015990:getFirstCommand__17mDoDvdThd_param_cFv
8003E2F0:getFirstData__22dMenuFmapIconPointer_cFv
80040BC4:getFirstData__28renderingPlusDoorAndCursor_cFUc
8002AC54:getFirstData__6dMap_cFUc
8009C490:getFirstData__7dTres_cFUc
80040410:getFirstDrawLayerNo__16renderingDAmap_cFv
80040124:getFirstDrawRoomNo__16renderingDAmap_cFv
802D6FB0:getFirstFile__10JKRArchiveCFPCc
802D611C:getFirstFile__12JKRFileCacheCFPCc
801CEA20:getFirstRegion__15renderingFmap_cFv
8003E480:getFirstRoomData__22dMenuFmapIconPointer_cFv
801CE96C:getFirstRoomPointer__15renderingFmap_cFv
80040264:getFirstRoomPointer__16renderingDAmap_cFv
801CEAD0:getFirstRoom__15renderingFmap_cFv
801CEA6C:getFirstStage__15renderingFmap_cFv
802BA794:getFirst__19JSUList<9JAIStream>CFv
8021BE30:getFishingType__13dMeter2Draw_cFv
80027BD4:getFloorInfo__15dStage_roomDt_cCFv
800281F8:getFloorInfo__16dStage_stageDt_cCFv
8003F37C:getFloorParameter__10dMapInfo_nFfPScPfPfPfPf
8019AD58:getFlowNodeNum__13dShopSystem_cFv
80335FA4:getFmtType__FP17_GXVtxAttrFmtList7_GXAttr
802CA1E4:getFogDensity__10Z2EnvSeMgrFv
8031818C:getFogOffset__10J3DPEBlockCFv
80322860:getFogOffset__14J3DPEBlockFullCFv
8000DF10:getFog__10J3DPEBlockFv
803227A0:getFog__14J3DPEBlockFullFv
80228BC0:getFontCCColorTable__FUcUc
802E0BD8:getFontCode__10JUTResFontCFi
80228C6C:getFontGCColorTable__FUcUc
802EAF64:getFontNo__11J2DTevBlockCFv
802F35DC:getFontNo__12J2DTevBlock1CFv
802F3338:getFontNo__12J2DTevBlock2CFv
802F3094:getFontNo__12J2DTevBlock4CFv
802F2DF4:getFontNo__12J2DTevBlock8CFv
802F2B54:getFontNo__13J2DTevBlock16CFv
8023AFF0:getFontSize__17dMsgScrn3Select_cFv
802DEDE0:getFontType__10JUTResFontCFv
8021CAB8:getFont__10J2DTextBoxCFv
802F38BC:getFont__11J2DTevBlockFv
802F3818:getFont__12J2DTevBlock1Fv
802F3578:getFont__12J2DTevBlock2Fv
802F32D4:getFont__12J2DTevBlock4Fv
802F3034:getFont__12J2DTevBlock8Fv
80308BC0:getFont__12J2DTextBoxExCFv
802F2D94:getFont__13J2DTevBlock16Fv
8014CE9C:getFootLJointNo__8daNpcT_cFv
8014CE94:getFootRJointNo__8daNpcT_cFv
80304310:getFrameMaterial__11J2DWindowExCFUc
802FCE1C:getFrameMaterial__9J2DWindowCFUc
8029D804:getFrameSamples__9JASDriverFv
80303C0C:getFrameTexture__11J2DWindowExCFUcUc
802FCC60:getFrameTexture__9J2DWindowCFUcUc
802AC0D8:getFreeHandle__14Z2SoundHandlesFv
802A3AF4:getFreeHandle__15JAISoundHandlesFv
802D3F34:getFreeSize__11JKRAramHeapFv
802CF52C:getFreeSize__7JKRHeapFv
800D6FC0:getFreezeB__9daAlink_cCFv
800D6FB0:getFreezeG__9daAlink_cCFv
800D6FA0:getFreezeR__9daAlink_cCFv
802869CC:getFromTransformation_SRxyzT__Q27JStudio4mathFP3VecP3VecP3VecPA4_Cf
8003A2D0:getFrontOption__13door_param2_cFP10fopAc_ac_c
800B4D38:getFrontRollRate__9daAlink_cFv
802D64C8:getFsResource__12JKRFileCacheFPCc
802E279C:getGamePad__10JUTGamePadFi
801DA010:getGetInsectNum__14dMenu_Insect_cFv
800D0BE8:getGiantPuzzleAimAngle__9daAlink_cCFv
80141A80:getGiantPuzzleAimAngle__9daPy_py_cCFv
802D6938:getGlbResource__10JKRArchiveFUlPCcP10JKRArchive
802D5024:getGlbResource__13JKRFileLoaderFPCc
802D5070:getGlbResource__13JKRFileLoaderFPCcP13JKRFileLoader
802F87A8:getGlbVtx__7J2DPaneCFUc
80254D70:getGlobalPosX__8CPaneMgrFv
80254DEC:getGlobalPosY__8CPaneMgrFv
80255944:getGlobalVtxCenter__8CPaneMgrFP7J2DPanebs
80255718:getGlobalVtx__8CPaneMgrFP7J2DPanePA3_A4_fUcbs
802DE9BC:getGlyphFromAram__12JUTCacheFontFPQ212JUTCacheFont15TGlyphCacheInfoPQ212JUTCacheFont10TCachePagePiPi
80048510:getGoal__16dEvent_manager_cFv
800E8520:getGoatCatchDistance2__9daAlink_cFv
800D057C:getGrabActorID__9daAlink_cCFv
8001E1E0:getGrabActorID__9daPy_py_cCFv
800E3DD8:getGrabThrowRate__9daAlink_cFv
802EAA88:getGrafType__13J2DOrthoGraphCFv
802EA464:getGrafType__14J2DGrafContextCFv
800B02A4:getGroundAngle__9daAlink_cFP13cBgS_PolyInfos
800D055C:getGroundY__9daAlink_cFv
80299DB0:getGroupCount__11JASWSParserFPCv
8007420C:getGrpCode__6dBgPlcCFi
802449A8:getGuideDataSize__14dMsgScrnHowl_cFv
80244A30:getGuideDataType__14dMsgScrnHowl_cFi
8020D744:getHakushaNum__15dMeterHakusha_cFv
802AC054:getHandleSoundID__14Z2SoundHandlesF10JAISoundID
802A3A98:getHandleSoundID__15JAISoundHandlesF10JAISoundID
802AC0A0:getHandleUserData__14Z2SoundHandlesFUl
8029E748:getHandle__13JASDSPChannelFUl
800FA208:getHangDirectionFromAngle__9daAlink_cFv
800FA1E8:getHangMoveAnmSpeed__9daAlink_cFv
80101A80:getHangPos__13daObjSwHang_cFv
8014CE58:getHeadJointNo__8daNpcT_cFv
800D0540:getHeadMtx__9daAlink_cFv
80141908:getHeadMtx__9daPy_py_cFv
802D171C:getHeapBlock__Q210JKRExpHeap9CMemBlockFPv
802D1810:getHeapType__10JKRExpHeapFv
802D2088:getHeapType__12JKRSolidHeapFv
802D2208:getHeapType__13JKRAssertHeapFv
802DEE1C:getHeight__10JUTResFontCFv
80281368:getHeight__15JPABaseParticleCFPC14JPABaseEmitter
80087620:getHitId__FP8cCcD_Obji
800846E0:getHitSeID__12dCcD_GObjInfFUci
80036D74:getHitmarkPosAndAngle__9dJntCol_cCFPC4cXyzPC5csXyzP4cXyzP5csXyzi
8016C520:getHoldA__8mDoCPd_cFUl
801087C8:getHookshotTopPos__9daAlink_cFv
80141A98:getHookshotTopPos__9daPy_py_cFv
800ED2E0:getHorseReinHandPos__9daAlink_cFP4cXyzP4cXyz
801CDB78:getHowlRegionID__12dMenu_Fmap_cFv
80182A7C:getHsSubChainTopPos__9daAlink_cCFv
8003C530:getIDRes__14dRes_control_cFPCcUsP11dRes_info_ci
802BA788:getID__8JAISoundCFv
80029100:getIconGroupNumber__15renderingAmap_cCFUc
80040C14:getIconGroupNumber__16renderingDAmap_cCFUc
801BCAA0:getIconPos__12dMenu_Dmap_cFScf
80040C0C:getIconPosition__28renderingPlusDoorAndCursor_cCFPQ27dTres_c15typeGroupData_c
800290E0:getIconPosition__6dMap_cCFPQ27dTres_c15typeGroupData_c
801C4990:getIconSizeX__16dMenuMapCommon_cFUc
801C49D0:getIconSizeY__16dMenuMapCommon_cFUc
80028564:getIconSize__15renderingAmap_cCFUc
802D6AE4:getIdxResource__10JKRArchiveFUl
80238854:getIdx__12dMsgObject_cFv
8014DD10:getIdx__16daBaseNpc_path_cFv
802EAF84:getIndTevStage__11J2DTevBlockFUl
8000DF38:getIndTevStage__11J3DTevBlockFUl
802F3794:getIndTevStage__12J2DTevBlock1FUl
802F34F4:getIndTevStage__12J2DTevBlock2FUl
802F3250:getIndTevStage__12J2DTevBlock4FUl
802F2FB0:getIndTevStage__12J2DTevBlock8FUl
803236D8:getIndTevStage__12J3DTevBlock1FUl
803234E8:getIndTevStage__12J3DTevBlock2FUl
80323124:getIndTevStage__12J3DTevBlock4FUl
802F2D10:getIndTevStage__13J2DTevBlock16FUl
80322D58:getIndTevStage__13J3DTevBlock16FUl
803238E4:getIndTevStage__18J3DTevBlockPatchedFUl
802EAF8C:getIndTexCoordScale__11J2DIndBlockFUl
8000DF18:getIndTexCoordScale__11J3DIndBlockFUl
802F2A68:getIndTexCoordScale__15J2DIndBlockFullFUl
8032428C:getIndTexCoordScale__15J3DIndBlockFullFUl
802EAF94:getIndTexMtx__11J2DIndBlockFUl
8000DF20:getIndTexMtx__11J3DIndBlockFUl
802F2A38:getIndTexMtx__15J2DIndBlockFullFUl
80324250:getIndTexMtx__15J3DIndBlockFullFUl
802EAF9C:getIndTexOrder__11J2DIndBlockFUl
8000DF28:getIndTexOrder__11J3DIndBlockFUl
802F29CC:getIndTexOrder__15J2DIndBlockFullFUl
803241D4:getIndTexOrder__15J3DIndBlockFullFUl
802EAFA4:getIndTexStageNum__11J2DIndBlockCFv
8000DF30:getIndTexStageNum__11J3DIndBlockCFv
802F29A8:getIndTexStageNum__15J2DIndBlockFullCFv
803241A4:getIndTexStageNum__15J3DIndBlockFullCFv
802DF858:getIndex__10JUTNameTabCFPCc
801C2818:getInitDispCenter__19dMenu_DmapMapCtrl_cFPfPf
8024AE28:getInitNodeIndex__10dMsgFlow_cFUs
801C27F0:getInitWholeMapScale__19dMenu_DmapMapCtrl_cFPfffff
801DA090:getInsectItemID__14dMenu_Insect_cFii
80237A9C:getInsectName__12dMsgObject_cFv
80298C00:getInstParam__12JASBasicBankCFiiiP12JASInstParam
80298D74:getInstParam__12JASVoiceBankCFiiiP12JASInstParam
80298C80:getInst__12JASBasicBankCFi
800D04A8:getInvMtx__9daAlink_cFv
80141720:getInvMtx__9daPy_py_cFv
80112664:getIronBallBgHit__9daAlink_cCFv
80141A20:getIronBallBgHit__9daPy_py_cCFv
80112648:getIronBallCenterPos__9daAlink_cFv
80141A28:getIronBallCenterPos__9daPy_py_cFv
80047E7C:getIsAddvance__16dEvent_manager_cFi
8002B42C:getItemBombNumCount__14dComIfG_play_cFUc
80238CB8:getItemEquipButton__12dMsgObject_cFv
80094370:getItemEvCamera__9dCamera_cFv
800D0574:getItemID__9daAlink_cCFv
801418BC:getItemID__9daPy_py_cCFv
801EE420:getItemMaxNum__12dMenu_Ring_cFUc
80037B8C:getItemNo__12daItemBase_cFv
801EE31C:getItemNum__12dMenu_Ring_cFUc
8015E1E4:getItemPos__9daPy_py_cCFv
8021BF18:getItemSubject__13dMeter2Draw_cFv
801B4954:getItemTag__17dMenu_Collect2D_cFiib
8021CF44:getItemType__13dMeter2Info_cFUc
801EED48:getItem__12dMenu_Ring_cFiUc
800330D8:getItem__17dSv_player_item_cCFib
8028BCCC:getJSG_SRT___Q214JStudio_JStage14TAdaptor_actorFPCQ27JStudio8TControl
8028CCB8:getJSG_position___Q214JStudio_JStage15TAdaptor_cameraFPCQ27JStudio8TControl
8028CE9C:getJSG_targetPosition___Q214JStudio_JStage15TAdaptor_cameraFPCQ27JStudio8TControl
80110E34:getKandelaarFlamePos__9daAlink_cFv
8006F290:getKandelaarFlamePos__9daPy_py_cFv
8029902C:getKeyRegion__12JASBasicInstFi
8032CD44:getKind__11J3DAnmColorCFv
8032CF14:getKind__13J3DAnmClusterCFv
8003A2B8:getKind__13door_param2_cFP10fopAc_ac_c
8032CCB0:getKind__14J3DAnmColorKeyCFv
8032CE38:getKind__14J3DAnmVtxColorCFv
8032CD3C:getKind__15J3DAnmColorFullCFv
8032CC24:getKind__15J3DAnmTevRegKeyCFv
8003C8AC:getKind__15J3DAnmTransformCFv
8032CEB0:getKind__16J3DAnmClusterKeyCFv
8032CB94:getKind__16J3DAnmTexPatternCFv
8032CF90:getKind__17J3DAnmClusterFullCFv
8032CDBC:getKind__17J3DAnmVtxColorKeyCFv
8003C930:getKind__18J3DAnmTransformKeyCFv
8032CE30:getKind__18J3DAnmVtxColorFullCFv
8032D020:getKind__19J3DAnmTextureSRTKeyCFv
8032D118:getKind__19J3DAnmTransformFullCFv
8033A5F8:getKind__20J3DAnmVisibilityFullCFv
8032D0A4:getKind__27J3DAnmTransformFullWithLerpCFv
800FD494:getLadderMoveAnmSpeed__9daAlink_cFv
800FD164:getLadderUnitCount__9daAlink_cCFv
80182F10:getLashDashStart__9daHorse_cCFv
8002CA24:getLayerNo__14dComIfG_play_cFi
8002C9F8:getLayerNo_common__14dComIfG_play_cFPCcii
8002B4DC:getLayerNo_common_common__14dComIfG_play_cFPCcii
80027DA4:getLbnk__15dStage_roomDt_cCFv
8002826C:getLbnk__16dStage_stageDt_cCFv
802DEDEC:getLeading__10JUTResFontCFv
800515AC:getLeftEffType__8dPaPoT_cCFi
8005160C:getLeftEmitter__8dPaPoT_cFii
80182CC0:getLeftFootPosP__9daPy_py_cFv
800CF4E8:getLeftHandMatrix__9daAlink_cFv
80141740:getLeftHandMatrix__9daPy_py_cFv
8015E200:getLeftHandPos__9daPy_py_cCFv
800CF4A4:getLeftItemMatrix__9daAlink_cFv
80141730:getLeftItemMatrix__9daPy_py_cFv
802DD62C:getLength__18JSUFileInputStreamCFv
802DD428:getLength__20JSUMemoryInputStreamCFv
80237AF8:getLetterName__12dMsgObject_cFv
801E193C:getLetterNum__14dMenu_Letter_cFv
800343E8:getLightDropNum__16dSv_light_drop_cCFUc
80027A1C:getLightVecInfoNum__15dStage_roomDt_cCFv
8002805C:getLightVecInfoNum__16dStage_stageDt_cCFv
80027A0C:getLightVecInfo__15dStage_roomDt_cCFv
80027FF4:getLightVecInfo__16dStage_stageDt_cCFv
80318254:getLight__13J3DColorBlockFUl
80323DCC:getLight__20J3DColorBlockLightOnFUl
8025E854:getLimitTimeMs__8dTimer_cFv
8002AE2C:getLineColor__11dDrawPath_cFii
801CF4CC:getLineColor__15dMenu_FmapMap_cFii
80028F8C:getLineColor__15renderingAmap_cFii
8022FFF0:getLineCountNowPage__26jmessage_string_tReferenceFv
8023115C:getLineCountNowPage__35jmessage_string_tRenderingProcessorFv
802E83DC:getLineFromObjectSize__10JUTConsoleFUlUi
8022FF04:getLineLength__26jmessage_string_tReferenceFi
8022F398:getLineLength__28jmessage_tRenderingProcessorFi
80229234:getLineMax__19jmessage_tReferenceFv
802E8FA8:getLineOffset__10JUTConsoleCFv
800333FC:getLineUpItem__17dSv_player_item_cCFi
80028D38:getLineWidthSub__15renderingAmap_cFi
801C0DA0:getLineWidthZoomBig__15renderingDmap_cFi
801C0E04:getLineWidthZoomSmall__15renderingDmap_cFi
801CF3F0:getLineWidth__15dMenu_FmapMap_cFi
80028E7C:getLineWidth__15renderingAmap_cFi
801C0E68:getLineWidth__15renderingDmap_cFi
800D04B0:getLinkBackBone1Matrix__9daAlink_cFv
80141750:getLinkBackBone1Matrix__9daPy_py_cFv
802AC1D0:getLowPrioSound__14Z2SoundHandlesF10JAISoundID
8029E3D0:getLowestActiveChannel__13JASDSPChannelFv
8029E340:getLowestChannel__13JASDSPChannelFi
8003A384:getMBLightInf__13door_param2_cFP10fopAc_ac_c
8003A378:getMFLightInf__13door_param2_cFP10fopAc_ac_c
800E2944:getMagneBootsLocalAngleY__9daAlink_cFsi
800D0A88:getMagneBootsTopVec__9daAlink_cFv
801419CC:getMagneBootsTopVec__9daPy_py_cFv
801419C4:getMagneHitPos__9daPy_py_cFv
800AC65C:getMainBckData__9daAlink_cCFQ29daAlink_c11daAlink_ANM
801D293C:getMapAreaGlobalCenterPosX__18dMenu_Fmap2DBack_cFv
801D298C:getMapAreaGlobalCenterPosY__18dMenu_Fmap2DBack_cFv
801D291C:getMapAreaGlobalPosX__18dMenu_Fmap2DBack_cFv
801D292C:getMapAreaGlobalPosY__18dMenu_Fmap2DBack_cFv
801D29DC:getMapAreaSizeX__18dMenu_Fmap2DBack_cFv
801D29EC:getMapAreaSizeY__18dMenu_Fmap2DBack_cFv
801C1138:getMapBlendPer__20dMenu_StageMapCtrl_cCFv
8020D954:getMapDispEdgeBottomY_Layout__11dMeterMap_cFv
8020D9F0:getMapDispEdgeLeftX_Layout__11dMeterMap_cFv
8020DA20:getMapDispEdgeTop__11dMeterMap_cFv
8020D7EC:getMapDispSizeTypeNo__11dMeterMap_cFv
80027BAC:getMapEventInfo__15dStage_roomDt_cCFv
80028118:getMapEventInfo__16dStage_stageDt_cCFv
80025418:getMapInfo2__15dStage_roomDt_cCFi
800254AC:getMapInfo2__16dStage_stageDt_cCFi
800254A4:getMapInfoBase__15dStage_roomDt_cCFv
80025538:getMapInfoBase__16dStage_stageDt_cCFv
80027674:getMapInfo__15dStage_roomDt_cCFv
80027F00:getMapInfo__16dStage_stageDt_cCFv
800875F4:getMapInfo__FSc
80029B34:getMapMinMaxXZ__6dMap_cFiPfPfPfPf
80027E18:getMapPath__15dStage_roomDt_cFv
800282E4:getMapPath__16dStage_stageDt_cFv
8003F050:getMapPlayerAngleY__10dMapInfo_nFv
8003EF8C:getMapPlayerPos__10dMapInfo_nFv
8003F228:getMapRestartAngleY__10dMapInfo_nFv
8003F15C:getMapRestartPos__10dMapInfo_nFv
801D2B44:getMapScissorAreaCenterPosX__18dMenu_Fmap2DBack_cFv
801D2B94:getMapScissorAreaCenterPosY__18dMenu_Fmap2DBack_cFv
801D29FC:getMapScissorAreaLX__18dMenu_Fmap2DBack_cFv
801D2A54:getMapScissorAreaLY__18dMenu_Fmap2DBack_cFv
801D2B24:getMapScissorAreaSizeRealX__18dMenu_Fmap2DBack_cFv
801D2C5C:getMapScissorAreaSizeRealY__18dMenu_Fmap2DBack_cFv
801D2AAC:getMapScissorAreaSizeX__18dMenu_Fmap2DBack_cFv
801D2BE4:getMapScissorAreaSizeY__18dMenu_Fmap2DBack_cFv
801B775C:getMaskMdlVisible__17dMenu_Collect3D_cFv
80318264:getMatColorOffset__13J3DColorBlockCFv
80323DF8:getMatColorOffset__20J3DColorBlockLightOnCFv
80324038:getMatColorOffset__21J3DColorBlockLightOffCFv
8000DFB4:getMatColor__13J3DColorBlockFUl
80323CE4:getMatColor__20J3DColorBlockLightOnFUl
80323FB0:getMatColor__21J3DColorBlockLightOffFUl
80014E38:getMaterialID__19mDoExt_3DlineMat0_cFv
80014E30:getMaterialID__19mDoExt_3DlineMat1_cFv
80256AC4:getMaterial__10J2DPictureCFv
80256AB4:getMaterial__10J2DTextBoxCFv
8030433C:getMaterial__11J2DWindowExCFRQ29J2DWindow9TMaterial
80256ABC:getMaterial__12J2DPictureExCFv
80256AAC:getMaterial__12J2DTextBoxExCFv
802FCE00:getMaterial__9J2DWindowCFRQ29J2DWindow9TMaterial
802CF5DC:getMaxAllocatableSize__7JKRHeapFi
802BECD4:getMaxChannels__10Z2AudienceFv
802CF558:getMaxFreeBlock__7JKRHeapFv
802F35AC:getMaxStage__12J2DTevBlock1Fv
802F3308:getMaxStage__12J2DTevBlock2Fv
802F3064:getMaxStage__12J2DTevBlock4Fv
802F2DC4:getMaxStage__12J2DTevBlock8Fv
802F2B24:getMaxStage__13J2DTevBlock16Fv
80024458:getMemoryBlock__20dStage_roomControl_cFi
80027C0C:getMemoryConfig__15dStage_roomDt_cCFv
80028208:getMemoryConfig__16dStage_stageDt_cCFv
80027C70:getMemoryMap__15dStage_roomDt_cCFv
80028218:getMemoryMap__16dStage_stageDt_cCFv
802DE15C:getMemorySize__12JUTCacheFontFPC7ResFONTPUsPUlPUsPUlPUsPUlPUl
8003DC78:getMenuFmapStageData__24dMenu_Fmap_region_data_cFi
80251ADC:getMenuPosIdx__7dName_cFUc
802346F0:getMessageGroup__12dMsgObject_cFUl
802346DC:getMessageIDAlways__12dMsgObject_cFUl
80238A50:getMessageID__12dMsgObject_cFv
80234688:getMessageIndexAlways__12dMsgObject_cFUl
80234538:getMessageIndex__12dMsgObject_cFUl
8024A114:getMessageLocal__16dMsgStringBase_cFUlPc
802A9A44:getMessageText_messageCode__Q28JMessage10TProcessorCFUl
8024A29C:getMessage__16dMsgStringBase_cFUlPc
800B4B34:getMetamorphoseFarAngle__9daAlink_cCFv
800B4B24:getMetamorphoseFarDis__9daAlink_cCFv
800B4B14:getMetamorphoseNearDis__9daAlink_cCFv
80182CC8:getMidnaActor__9daPy_py_cFv
800D0C34:getMidnaAtnPos__9daAlink_cCFv
8014170C:getMidnaAtnPos__9daPy_py_cCFv
801B76F4:getMirrorNum__17dMenu_Collect3D_cFv
80032B34:getMixItemIndex__21dSv_player_status_a_cCFi
80049324:getModelData__12diff_model_cFv
800C1FB8:getModelJointMtx__9daAlink_cFUs
80141900:getModelJointMtx__9daPy_py_cFUs
800D049C:getModelMtx__9daAlink_cFv
80141718:getModelMtx__9daPy_py_cFv
8004AE88:getModel__18dPa_modelEcallBackFP14JPABaseEmitter
80264018:getModuleName__20DynamicModuleControlCFv
80018984:getModuleName__24DynamicModuleControlBaseCFv
80263E00:getModuleSize__20DynamicModuleControlCFv
80264010:getModuleSize__24DynamicModuleControlBaseCFv
80263E70:getModuleTypeString__20DynamicModuleControlCFv
80264000:getModuleTypeString__24DynamicModuleControlBaseCFv
8024FDAC:getMoji__7dName_cFv
8014CEFC:getMotionAnm__8daNpcT_cF22daNpcT_motionAnmData_c
800A23EC:getMoveBGActorName__9daAlink_cFR13cBgS_PolyInfoi
800ADF94:getMoveGroundAngleSpeedRate__9daAlink_cFv
8016E6B0:getMsgCmdCut__9dCamera_cFl
8016E654:getMsgCmdSpeaker__9dCamera_cFv
8024AD90:getMsgDataBlock__10dMsgFlow_cFPCc
802387F4:getMsgDtPtr__12dMsgObject_cFv
8024ABDC:getMsgNo__10dMsgFlow_cFv
8003A348:getMsgNo__13door_param2_cFP10fopAc_ac_c
80238B80:getMsgOutputType__12dMsgObject_cFv
8024ABEC:getMsg__10dMsgFlow_cFv
80027CD4:getMulti__15dStage_roomDt_cCFv
80028228:getMulti__16dStage_stageDt_cCFv
80047F40:getMyActIdx__16dEvent_manager_cFiPCPCciii
800480F8:getMyDataP__16dEvent_manager_cFiPCci
8004808C:getMyNowCutName__16dEvent_manager_cFi
80047C4C:getMyStaffId__16dEvent_manager_cFPCcP10fopAc_ac_ci
80048274:getMySubstanceNum__16dEvent_manager_cFiPCc
8004821C:getMySubstanceP__16dEvent_manager_cFiPCci
80318134:getNBTScale__14J3DTexGenBlockFv
80323BFC:getNBTScale__15J3DTexGenBlock4Fv
80323AC0:getNBTScale__19J3DTexGenBlockBasicFv
802D64F4:getNameResource__12JKRFileCacheFUlPCc
802FA440:getNameResource__9J2DScreenFPCc
802DF8F8:getName__10JUTNameTabCFUs
8030DD44:getName__15J2DResReferenceCFUs
8014C038:getNearestActorP__8daNpcT_cFs
800A1638:getNeckAimAngle__9daAlink_cFP4cXyzPsPsPsPs
800A0B48:getNeckAimPos__9daAlink_cFP4cXyzPii
8014CE60:getNeckJointNo__8daNpcT_cFv
802FFA64:getNewColor__10J2DPictureFPQ28JUtility6TColor
802F88C4:getNextChildPane__7J2DPaneFv
8003E508:getNextData__22dMenuFmapIconPointer_cFv
80040BE8:getNextData__28renderingPlusDoorAndCursor_cFPQ27dTres_c15typeGroupData_c
8002AC74:getNextData__6dMap_cFPQ27dTres_c15typeGroupData_c
8009C4E4:getNextData__7dTres_cFPCQ27dTres_c15typeGroupData_c
8009C4CC:getNextData__7dTres_cFPQ27dTres_c15typeGroupData_c
80040418:getNextDrawLayerNo__16renderingDAmap_cFi
800401C4:getNextDrawRoomNo__16renderingDAmap_cFi
80150E24:getNextIdx__13daNpcF_Path_cFv
801BF180:getNextItem__12dMenu_Dmap_cFi
80150F50:getNextPos__13daNpcF_Path_cFR4cXyz
801CEC00:getNextRegion__15renderingFmap_cFv
8003E4AC:getNextRoomData__22dMenuFmapIconPointer_cFv
801CEC68:getNextRoomPointer__15renderingFmap_cFv
80040318:getNextRoomPointer__16renderingDAmap_cFv
801CEB10:getNextRoom__15renderingFmap_cFv
8003E4D4:getNextStageData__22dMenuFmapIconPointer_cFv
801CEB7C:getNextStage__15renderingFmap_cFv
801BF58C:getNextStatus__12dMenu_Dmap_cFv
801C7AB4:getNextStatus__12dMenu_Fmap_cFPUc
8027A164:getNext__FP26JPANode<15JPABaseParticle>
80238868:getNodeIdx__12dMsgObject_cFv
801CD614:getNowFmapRegionData__12dMenu_Fmap_cFv
801CD62C:getNowFmapStageData__12dMenu_Fmap_cFv
802CBACC:getNowInputValue__13Z2WolfHowlMgrFv
8021606C:getNowLightDropRateCalc__13dMeter2Draw_cFv
8024ABE4:getNowMsgNo__10dMsgFlow_cFv
802CBAB0:getNowPitch__13Z2WolfHowlMgrFv
80244638:getNowPlotPitch__14dMsgScrnHowl_cFf
8023811C:getNowTalkFlowNo__12dMsgObject_cFv
8002B458:getNowVibration__14dComIfG_play_cFv
80159AF4:getNpcMdlDataP__10daNpcCd2_cFi
80157730:getNpcMdlDataP__9daNpcCd_cFi
802DD00C:getNthLink__10JSUPtrListCFUl
802A16D0:getNumActiveSe__8JAISeMgrCFv
802E24F8:getNumBit__FPUci
802A04D8:getNumChild__5JAISeCFv
802A2370:getNumChild__6JAISeqCFv
802A4748:getNumChild__9JAIStreamCFv
802A8278:getNumFiles__18JAUStreamFileTableCFv
802F68C4:getNumberF32__8J2DPrintFPPCUcffi
802F67C0:getNumberS32__8J2DPrintFPPCUclli
8021A560:getNumberTexture__13dMeter2Draw_cFi
8025FCCC:getNumber__21dDlst_TimerScrnDraw_cFi
80159B58:getObjMdlDataP__10daNpcCd2_cFi
80157794:getObjMdlDataP__9daNpcCd_cFi
8003C7E8:getObjectResName2Index__14dRes_control_cFPCcPCc
802E83CC:getObjectSizeFromBufferSize__10JUTConsoleFUiUi
80281F90:getObject__Q37JStudio3ctb8TControlFPCvUl
80285634:getObject__Q37JStudio3fvb8TControlFPCvUl
8028A164:getObject__Q37JStudio3stb8TControlFPCvUl
80282030:getObject_index__Q37JStudio3ctb8TControlFUl
802856D4:getObject_index__Q37JStudio3fvb8TControlFUl
80037E24:getOff__10e_wb_classFv
80027D68:getOldMulti__15dStage_roomDt_cCFv
80028230:getOldMulti__16dStage_stageDt_cCFv
802CC450:getOnLineNum__13Z2WolfHowlMgrFv
80244590:getOnLineNum__14dMsgScrnHowl_cFi
802A6E94:getOpenSection__14JAUSectionHeapFv
8029AD8C:getOscTableEndPtr__Q212JASBNKParser4Ver0FPCQ213JASOscillator5Point
80228D18:getOutFontNumberType__Fi
80028CF4:getOutSideBlackLineNumber__15renderingAmap_cFv
802BCCD0:getOuterParams__9Z2AudibleFi
8022FF64:getOutfontLength__26jmessage_string_tReferenceFi
8029EF80:getOutputMode__9JASDriverFv
800739E4:getPId__10dAttHint_cFPv
800433F8:getPId__14dEvt_control_cFPv
801FA0E8:getPachinkoFlag__9dMw_HIO_cFv
80029CB8:getPack__6dMap_cFiPfPf
8024A0EC:getPageMax__16dMsgStringBase_cFi
802591F8:getPalLanguage__10dScnLogo_cFv
80034758:getPalLanguage__19dSv_player_config_cCFv
800276B8:getPaletteInfo__15dStage_roomDt_cCFv
80027F18:getPaletteInfo__16dStage_stageDt_cCFv
80027878:getPaletteNumInfo__15dStage_roomDt_cCFv
80027F78:getPaletteNumInfo__16dStage_stageDt_cCFv
802EC684:getPalette__11J2DTevBlockFUl
802F37F8:getPalette__12J2DTevBlock1FUl
802F3558:getPalette__12J2DTevBlock2FUl
802F32B4:getPalette__12J2DTevBlock4FUl
802F3014:getPalette__12J2DTevBlock8FUl
802F2D74:getPalette__13J2DTevBlock16FUl
8030CDF0:getPalette__16J2DAnmTexPatternCFUs
802AFAE0:getPanPower__12Z2MultiSeMgrFv
802AA4F4:getParamByExp__6Z2CalcFffffffQ26Z2Calc9CurveSign
80164A84:getParamTargetActor__9dCamera_cFl
802991CC:getParam__10JASDrumSetCFiiP12JASInstParam
8024B7D4:getParam__10dMsgFlow_cFPUc
8024B7AC:getParam__10dMsgFlow_cFPUcPUc
8024B794:getParam__10dMsgFlow_cFPUsPUsPUc
80298EF8:getParam__12JASBasicInstCFiiP12JASInstParam
802F88FC:getParentPane__7J2DPaneFv
80027B7C:getPath2Inf__15dStage_roomDt_cCFv
800280E8:getPath2Inf__16dStage_stageDt_cCFv
80027B30:getPathInf__15dStage_roomDt_cCFv
800280C8:getPathInf__16dStage_stageDt_cCFv
801D2D8C:getPathScale__18dMenu_Fmap2DBack_cFf
801C11AC:getPixelCenterX__20dMenu_StageMapCtrl_cCFv
801C11CC:getPixelCenterZ__20dMenu_StageMapCtrl_cCFv
801C117C:getPixelStageSizeX__20dMenu_StageMapCtrl_cCFv
801C1194:getPixelStageSizeZ__20dMenu_StageMapCtrl_cCFv
80028BAC:getPlayerCursorSize__15renderingAmap_cFv
801C0D98:getPlayerCursorSize__15renderingDmap_cFv
801C13EC:getPlayerDrawInfo__20dMenu_StageMapCtrl_cCFPfPfPs
801BC9E0:getPlayerIconPos__12dMenu_Dmap_cFScf
80031D98:getPlayerNo__11daTagMist_cFv
800275FC:getPlayerNum__15dStage_roomDt_cCFv
80027EE8:getPlayerNum__16dStage_stageDt_cCFv
801CDC20:getPlayerPos2D__12dMenu_Fmap_cFv
801C2550:getPlayerStayFloorNo__20dMenu_StageMapCtrl_cCFv
8021BF70:getPlayerSubject__13dMeter2Draw_cFv
800250AC:getPlayer__15dStage_roomDt_cCFv
800250B4:getPlayer__16dStage_stageDt_cCFv
80027810:getPlightInfo__15dStage_roomDt_cCFv
80027F68:getPlightInfo__16dStage_stageDt_cCFv
800279D0:getPlightNumInfo__15dStage_roomDt_cCFv
80028098:getPlightNumInfo__16dStage_stageDt_cCFv
802447AC:getPlotPitch__14dMsgScrnHowl_cFf
80027B6C:getPnt2Inf__15dStage_roomDt_cCFv
800280D8:getPnt2Inf__16dStage_stageDt_cCFv
80027AC8:getPntInf__15dStage_roomDt_cCFv
800280B8:getPntInf__16dStage_stageDt_cCFv
8014DD20:getPntPos__16daBaseNpc_path_cFUs
80228F20:getPohNum__Fv
801CE684:getPointStagePathInnerNo__15renderingFmap_cFP24dMenu_Fmap_region_data_cffiPiPi
8003DCA0:getPointStagePathInnerNo__24dMenu_Fmap_region_data_cFffiPiPi
802F8BB8:getPointer__7J2DPaneFP20JSURandomInputStreamUlP10JKRArchive
8007ECA0:getPolyCode__8dBgWKColCFiP5dBgPc
8004D0C0:getPolyColor__13dPa_control_cFR13cBgS_PolyInfoiP8_GXColorP8_GXColorPUcPf
802ABD74:getPortData__14Z2SoundStarterFP14JAISoundHandleUlSc
802379B4:getPortalName__12dMsgObject_cFv
80037D4C:getPosP__12daShopItem_cFv
80031DCC:getPos__12daObjCarry_cFi
802DD65C:getPosition__18JSUFileInputStreamCFv
8003E6A8:getPosition__19dMenuFmapIconDisp_cFPiPiPfPfPPCQ27dTres_c6data_s
802DD430:getPosition__20JSUMemoryInputStreamCFv
8027A16C:getPrev__FP26JPANode<15JPABaseParticle>
802BBEE0:getPriority__11Z2SoundInfoCF10JAISoundID
800382CC:getPrm_Morf__13dDemo_actor_cFv
8015E6BC:getProcessID__14daObj_SSBase_cFv
801CB4A0:getProcess__12dMenu_Fmap_cFv
802592AC:getProgressiveMode__10dScnLogo_cFv
80027720:getPselectInfo__15dStage_roomDt_cCFv
80027F28:getPselectInfo__16dStage_stageDt_cCFv
800278E0:getPselectNumInfo__15dStage_roomDt_cCFv
80027F88:getPselectNumInfo__16dStage_stageDt_cCFv
800E8560:getPushPullAnimeSpeed__9daAlink_cFv
8004BCA0:getRM_ID__13dPa_control_cFUs
802AA6D4:getRandom_0_1__6Z2CalcFv
802AA614:getRandom__6Z2CalcFfff
801CB4C4:getRegionCursor__12dMenu_Fmap_cFv
801D2E28:getRegionMapZoomRate__18dMenu_Fmap2DBack_cFi
801CD5C0:getRegionStageNum__12dMenu_Fmap_cFi
800ED01C:getReinHandType__9daAlink_cCFv
800ECA88:getReinRideDirection__9daAlink_cFv
802DEDD8:getResFont__10JUTResFontCFv
8003C3B8:getResInfoLoaded__14dRes_control_cFPCcP11dRes_info_ci
8003C314:getResInfo__14dRes_control_cFPCcP11dRes_info_ci
80291A04:getResMaxSize__15JASResArcLoaderFPC10JKRArchive
8019AF48:getResName2__13dShopSystem_cFi
8014F048:getResName__11daBaseNpc_cFv
8030DD10:getResReference__15J2DResReferenceCFUs
802FA080:getResReference__9J2DScreenFP20JSURandomInputStreamUl
802D6ED8:getResSize__10JKRArchiveCFPCv
802D606C:getResSize__12JKRFileCacheCFPCv
802919D0:getResSize__15JASResArcLoaderFPC10JKRArchiveUs
8030CD9C:getResTIMG__16J2DAnmTexPatternCFUs
80274DCC:getResUserWork__18JPAResourceManagerCFUs
8003C4AC:getRes__14dRes_control_cFPCcPCcP11dRes_info_ci
8003C41C:getRes__14dRes_control_cFPCclP11dRes_info_ci
8025BC24:getResetArchiveBank__FiPPCUc
800157A8:getResetData__6mDoRstFv
802D69E8:getResource__10JKRArchiveFPCc
802D6A64:getResource__10JKRArchiveFUlPCc
802D6B38:getResource__10JKRArchiveFUs
802D5BD8:getResource__12JKRFileCacheFPCc
802D5CDC:getResource__12JKRFileCacheFUlPCc
802DEE78:getResource__15JUTResReferenceFP14JSUInputStreamUlP10JKRArchive
802DEF20:getResource__15JUTResReferenceFPCvUlP10JKRArchive
802DEFBC:getResource__15JUTResReferenceFUlP10JKRArchive
80249DA4:getResource__16dMsgStringBase_cFv
80274C68:getResource__18JPAResourceManagerCFUs
802A8A54:getResource_groupID__Q28JMessage10TProcessorCFUs
8025E89C:getRestTimeMs__8dTimer_cFv
80028BB8:getRestartCursorSize__15renderingAmap_cFv
801C2840:getRestartCursorSize__15renderingDmap_cFv
801C1470:getRestartDrawInfo__20dMenu_StageMapCtrl_cCFPfPfPs
8023458C:getRevoMessageIndex__12dMsgObject_cFUl
80182AA8:getRideActor__9daAlink_cFv
800515A0:getRightEffType__8dPaPoT_cCFi
800515C4:getRightEmitter__8dPaPoT_cFii
80182CB8:getRightFootPosP__9daPy_py_cFv
800CF504:getRightHandMatrix__9daAlink_cFv
80141748:getRightHandMatrix__9daPy_py_cFv
80182DA8:getRightHandPos__9daPy_py_cCFv
800CF534:getRightItemMatrix__9daAlink_cFv
80141738:getRightItemMatrix__9daPy_py_cFv
800B035C:getRoofAngle__9daAlink_cFP13cBgS_PolyInfos
801007D8:getRoofHangFMoveAnmSpeed__9daAlink_cCFv
801007FC:getRoofHangSMoveAnmSpeed__9daAlink_cCFv
8003F2CC:getRoomCenter__10dMapInfo_nFiPfPf
8003F324:getRoomMinMaxXZ__10dMapInfo_nFiPfPfPfPf
8004011C:getRoomNoSingle__16renderingDAmap_cFv
8002A2FC:getRoomNoSingle__6dMap_cFv
80031E60:getRoomNo__12daObjCarry_cFi
8004952C:getRoomNo__12diff_model_cFv
80145714:getRoomNo__9daNocrm_cFi
80027638:getRoom__15dStage_roomDt_cCFv
80024E60:getRoom__16dStage_stageDt_cCFv
8029AEA0:getRootHeap__16JASWaveArcLoaderFv
80293B88:getRootTrack__8JASTrackFv
8004AEC0:getRotAxis__18dPa_modelEcallBackFP14JPABaseEmitter
8014E8B8:getRot__18daBaseNpc_lookat_cFi
80037D44:getRotateP__12daShopItem_cFv
802867DC:getRotation_xyz__Q27JStudio4mathFPA4_ffff
8023B030:getRubyCharSpace__17dMsgScrn3Select_cFv
8023B000:getRubyFontSize__17dMsgScrn3Select_cFv
80048518:getRunEventName__16dEvent_manager_cFv
80032B50:getRupeeMax__21dSv_player_status_a_cCFv
800351D8:getSave2__10dSv_save_cFi
800351EC:getSave__10dSv_info_cFi
800BEBE0:getSceneExitMoveAngle__9daAlink_cFv
80281DBC:getScheme__Q37JStudio3ctb14TObject_TxyzRyCFv
80027388:getSclsInfo__15dStage_roomDt_cCFv
80027390:getSclsInfo__16dStage_stageDt_cCFv
802F9694:getScreenInformation__9J2DScreenFP20JSURandomInputStream
802388D8:getScrnDrawPtr__12dMsgObject_cFv
802BC4DC:getSeInfo__11Z2SoundInfoCF10JAISoundIDP5JAISe
8039325C:getSeType$37390
800D09A0:getSearchBallScale__9daAlink_cCFv
80141994:getSearchBallScale__9daPy_py_cCFv
80237CBC:getSelectBombBagIDLocal__12dMsgObject_cFv
80238C34:getSelectBombBagID__12dMsgObject_cFv
80237B50:getSelectBombNum__12dMsgObject_cFv
80237D0C:getSelectBombPriceLocal__12dMsgObject_cFv
80238C60:getSelectBombPrice__12dMsgObject_cFv
802384D8:getSelectCursorPosLocal__12dMsgObject_cFv
80238AC0:getSelectCursorPos__12dMsgObject_cFv
80032B04:getSelectItemIndex__21dSv_player_status_a_cCFi
801E79B0:getSelectType__14dMenu_Option_cFv
80238BF4:getSelectWordFlag__12dMsgObject_cFv
80238BA8:getSelectWord__12dMsgObject_cFi
802A7554:getSeqDataRegion__16JAUSeqCollectionFP16JAISeqDataRegion
802A6FD0:getSeqData__14JAUSectionHeapF10JAISoundIDP10JAISeqData
802A74FC:getSeqData__16JAUSeqCollectionFiiP10JAISeqData
802A7728:getSeqData__16JAUSeqDataBlocksF10JAISoundID
802A78A8:getSeqData__23JAUDynamicSeqDataBlocksF10JAISoundIDP14JAISeqDataUserP10JAISeqDatab
802A763C:getSeqData__27JAUSeqDataMgr_SeqCollectionF10JAISoundIDP10JAISeqData
802BC6B4:getSeqInfo__11Z2SoundInfoCF10JAISoundIDP6JAISeq
801453A8:getShadowSize__12daItemBase_cFv
800979A0:getShadowTalkAtnPos__9daAlink_cFv
80141728:getShadowTalkAtnPos__9daPy_py_cFv
802652B8:getShapeAccess__12cCcD_CylAttrCFPQ214cCcD_ShapeAttr5Shape
80265608:getShapeAccess__12cCcD_SphAttrCFPQ214cCcD_ShapeAttr5Shape
80264864:getShapeAccess__14cCcD_ShapeAttrCFPQ214cCcD_ShapeAttr5Shape
800B383C:getShapeAngleYAtnActor__9daAlink_cFv
800D03A4:getShieldChangeWaitTimer__9daAlink_cCFv
80141AD8:getShieldChangeWaitTimer__9daPy_py_cCFv
8014C1BC:getShopItemTagP__8daNpcT_cFv
8004D36C:getSimple__13dPa_control_cFUs
800D0BB8:getSinkShapeOffset__9daAlink_cCFv
80141B10:getSinkShapeOffset__9daPy_py_cCFv
802CF500:getSize__7JKRHeapFPv
802CF4B0:getSize__7JKRHeapFPvP7JKRHeap
801F9734:getSkillNum__13dMenu_Skill_cFv
80042A3C:getSkipEventName__14dEvt_control_cFv
800B21E4:getSlidePolygon__9daAlink_cFP8cM3dGPla
8023794C:getSmellName__12dMsgObject_cFv
80238458:getSmellTypeMessageIDLocal__12dMsgObject_cFv
80238A64:getSmellTypeMessageID__12dMsgObject_cFv
802C0690:getSoundID__15Z2SoundObjAnimeFPC22JAUSoundAnimationSoundRCQ29JGeometry8TVec3<f>f
80027B9C:getSoundInfCL__15dStage_roomDt_cCFv
80028108:getSoundInfCL__16dStage_stageDt_cCFv
80027B8C:getSoundInf__15dStage_roomDt_cCFv
800280F8:getSoundInf__16dStage_stageDt_cCFv
802BC948:getSoundInfo___11Z2SoundInfoCF10JAISoundIDP8JAISound
802BBE90:getSoundType__11Z2SoundInfoCF10JAISoundID
80034738:getSound__19dSv_player_config_cFv
800D0434:getSpinnerActor__9daAlink_cFv
8014197C:getSpinnerActor__9daPy_py_cFv
8010DB48:getSpinnerGravity__9daAlink_cCFv
8010DB68:getSpinnerJumpRate__9daAlink_cCFv
8010DB58:getSpinnerMaxFallSpeed__9daAlink_cCFv
8010DC00:getSpinnerRideDecSpeedMax__9daAlink_cCFv
8010DC10:getSpinnerRideDecSpeedMin__9daAlink_cCFv
8010DC20:getSpinnerRideDecSpeedRate__9daAlink_cCFv
8010DB78:getSpinnerRideMoveTime__9daAlink_cFv
8010DC30:getSpinnerRideRotAngleMax__9daAlink_cCFv
8010DC40:getSpinnerRideRotAngleMin__9daAlink_cCFv
8010DBBC:getSpinnerRideSpeedF__9daAlink_cFv
8015F9D4:getSpinnerRideSpeed__9daPy_py_cCFv
801D2F10:getSpotMapZoomRate__18dMenu_Fmap2DBack_cFv
80027A58:getStagInfo__15dStage_roomDt_cCFv
800248E4:getStagInfo__16dStage_stageDt_cCFv
801CB4F4:getStageCursor__12dMenu_Fmap_cFv
800433A8:getStageEventDt__14dEvt_control_cFv
801D2F4C:getStageOriginPath__18dMenu_Fmap2DBack_cFUcPfPf
801CB524:getStageTransX__12dMenu_Fmap_cFv
801CB554:getStageTransZ__12dMenu_Fmap_cFv
802A7D70:getStartSoundIndex__17JAUSoundAnimationCFf
80043920:getStartTelopNo__Fv
80236EAC:getStatusLocal__12dMsgObject_cFv
8002442C:getStatusRoomDt__20dStage_roomControl_cFi
802388AC:getStatus__12dMsgObject_cFv
80016D28:getStatus__15mDoMemCd_Ctrl_cFUl
80029208:getStayType__15renderingAmap_cCFv
8004344C:getStbDemoData__14dEvt_control_cFPc
800B4138:getStickAngleDistanceRate__9daAlink_cFv
800A236C:getStickAngleFromPlayerShape__9daAlink_cCFPs
80141A04:getStickAngleFromPlayerShape__9daPy_py_cCFPs
801EB8E8:getStickInfo__12dMenu_Ring_cFP9STControl
802BC888:getStreamFileEntry__11Z2SoundInfoF10JAISoundID
802A82AC:getStreamFileEntry__32JAUStreamDataMgr_StreamFileTableF10JAISoundID
802A7240:getStreamFileEntry__Q228@unnamed@JAUSectionHeap_cpp@14TStreamDataMgrF10JAISoundID
802BC810:getStreamFilePath__11Z2SoundInfoF10JAISoundID
802BC6E0:getStreamInfo__11Z2SoundInfoCF10JAISoundIDP9JAIStream
8021C634:getStringKana__13dMeter2Info_cFUlPcP14JMSMesgEntry_c
8021C808:getStringKanji__13dMeter2Info_cFUlPcP14JMSMesgEntry_c
8021C968:getStringLength__13dMeter2Info_cFP10J2DTextBoxPc
8021CAC0:getStringLength__13dMeter2Info_cFP7JUTFontffPc
80237464:getStringLocal__12dMsgObject_cFUlP10J2DTextBoxP10J2DTextBoxP7JUTFontP10COutFont_cPcPcPcPs
80249E0C:getStringLocal__16dMsgStringBase_cFUlP10J2DTextBoxP10J2DTextBoxP7JUTFontP10COutFont_cUc
80249F7C:getStringPageLocal__16dMsgStringBase_cFUlUcUcP10J2DTextBoxP10J2DTextBoxP7JUTFontP10COutFont_cUc
801E1FD4:getStringPage__12dMsgString_cFUlUcUcP10J2DTextBoxP10J2DTextBoxP7JUTFontP10COutFont_cUc
8024A274:getStringPage__16dMsgStringBase_cFUlUcUcP10J2DTextBoxP10J2DTextBoxP7JUTFontP10COutFont_cUc
80301458:getStringPtr__10J2DTextBoxCFv
80238774:getString__12dMsgObject_cFUlP10J2DTextBoxP10J2DTextBoxP7JUTFontP10COutFont_cPcPcPcPs
80191D78:getString__12dMsgString_cFUlP10J2DTextBoxP10J2DTextBoxP7JUTFontP10COutFont_cUc
8021C514:getString__13dMeter2Info_cFUlPcP14JMSMesgEntry_c
8024A254:getString__16dMsgStringBase_cFUlP10J2DTextBoxP10J2DTextBoxP7JUTFontP10COutFont_cUc
8029DAD4:getSubFrameCounter__9JASDriverFv
8029D7F0:getSubFrames__9JASDriverFv
80046718:getSubstance__16dEvent_manager_cFP11dEvDtData_ci
800D0480:getSumouCounter__9daAlink_cCFv
80141A60:getSumouCounter__9daPy_py_cCFv
801413BC:getSumouMode__9daPy_py_cCFv
802BC8C8:getSwBit__11Z2SoundInfoCF10JAISoundID
8003A30C:getSwbit2__13door_param2_cFP10fopAc_ac_c
8003A318:getSwbit3__13door_param2_cFP10fopAc_ac_c
8003A300:getSwbit__13door_param2_cFP10fopAc_ac_c
80101C24:getSwimFrontMaxSpeed__9daAlink_cCFv
80101CB4:getSwimMaxFallSpeed__9daAlink_cCFv
800D1168:getSwordAtType__9daAlink_cFv
800D0BF0:getSwordChangeWaitTimer__9daAlink_cCFv
80141AE0:getSwordChangeWaitTimer__9daPy_py_cCFv
802918C0:getSystemHeap__9JASKernelFv
802914F0:getTailHeap__7JASHeapFv
8029157C:getTailOffset__7JASHeapFv
802381D4:getTalkHeap__12dMsgObject_cFv
8015A060:getTargetPoint__11PathTrace_cFP3Vec
8004385C:getTelopNo__FPCc
800438F4:getTelopNo__Fv
802A0668:getTempoMgr__5JAISeFv
802A256C:getTempoMgr__6JAISeqFv
802A48D0:getTempoMgr__9JAIStreamFv
8030CEF0:getTevColorReg__15J2DAnmTevRegKeyCFUsP11_GXColorS10
8032BFF8:getTevColorReg__15J3DAnmTevRegKeyCFUsP11_GXColorS10
802EAF3C:getTevColor__11J2DTevBlockFUl
8000DF7C:getTevColor__11J3DTevBlockFUl
802F3648:getTevColor__12J2DTevBlock1FUl
802F33A4:getTevColor__12J2DTevBlock2FUl
802F3100:getTevColor__12J2DTevBlock4FUl
802F2E60:getTevColor__12J2DTevBlock8FUl
803232A8:getTevColor__12J3DTevBlock2FUl
80322EE4:getTevColor__12J3DTevBlock4FUl
802F2BC0:getTevColor__13J2DTevBlock16FUl
80322B18:getTevColor__13J3DTevBlock16FUl
80323950:getTevColor__18J3DTevBlockPatchedFUl
80145370:getTevFrm__12daItemBase_cFv
802EAF4C:getTevKAlphaSel__11J2DTevBlockFUl
8000DF5C:getTevKAlphaSel__11J3DTevBlockFUl
802F36C0:getTevKAlphaSel__12J2DTevBlock1FUl
802F341C:getTevKAlphaSel__12J2DTevBlock2FUl
802F3178:getTevKAlphaSel__12J2DTevBlock4FUl
802F2ED8:getTevKAlphaSel__12J2DTevBlock8FUl
8032336C:getTevKAlphaSel__12J3DTevBlock2FUl
80322FA8:getTevKAlphaSel__12J3DTevBlock4FUl
802F2C38:getTevKAlphaSel__13J2DTevBlock16FUl
80322BDC:getTevKAlphaSel__13J3DTevBlock16FUl
802EAF54:getTevKColorSel__11J2DTevBlockFUl
8000DF64:getTevKColorSel__11J3DTevBlockFUl
802F36A8:getTevKColorSel__12J2DTevBlock1FUl
802F3404:getTevKColorSel__12J2DTevBlock2FUl
802F3160:getTevKColorSel__12J2DTevBlock4FUl
802F2EC0:getTevKColorSel__12J2DTevBlock8FUl
80323344:getTevKColorSel__12J3DTevBlock2FUl
80322F80:getTevKColorSel__12J3DTevBlock4FUl
802F2C20:getTevKColorSel__13J2DTevBlock16FUl
80322BB4:getTevKColorSel__13J3DTevBlock16FUl
803239EC:getTevKColorSel__18J3DTevBlockPatchedFUl
802EAF5C:getTevKColor__11J2DTevBlockFUl
8000DF74:getTevKColor__11J3DTevBlockFUl
802F3688:getTevKColor__12J2DTevBlock1FUl
802F33E4:getTevKColor__12J2DTevBlock2FUl
802F3140:getTevKColor__12J2DTevBlock4FUl
802F2EA0:getTevKColor__12J2DTevBlock8FUl
80323314:getTevKColor__12J3DTevBlock2FUl
80322F50:getTevKColor__12J3DTevBlock4FUl
802F2C00:getTevKColor__13J2DTevBlock16FUl
80322B84:getTevKColor__13J3DTevBlock16FUl
803239BC:getTevKColor__18J3DTevBlockPatchedFUl
8030D1B4:getTevKonstReg__15J2DAnmTevRegKeyCFUsP8_GXColor
8032C2BC:getTevKonstReg__15J3DAnmTevRegKeyCFUsP8_GXColor
802EAF44:getTevOrder__11J2DTevBlockFUl
8000DF6C:getTevOrder__11J3DTevBlockFUl
802F3608:getTevOrder__12J2DTevBlock1FUl
802F3364:getTevOrder__12J2DTevBlock2FUl
802F30C0:getTevOrder__12J2DTevBlock4FUl
802F2E20:getTevOrder__12J2DTevBlock8FUl
80323600:getTevOrder__12J3DTevBlock1FUl
8032323C:getTevOrder__12J3DTevBlock2FUl
80322E78:getTevOrder__12J3DTevBlock4FUl
802F2B80:getTevOrder__13J2DTevBlock16FUl
80322AAC:getTevOrder__13J3DTevBlock16FUl
8032381C:getTevOrder__18J3DTevBlockPatchedFUl
80152DEC:getTevRegKeyAnmP__8daNpcF_cFPci
80148354:getTevRegKeyAnmP__8daNpcT_cFPCci
80323764:getTevRegOffset__11J3DTevBlockCFv
80323504:getTevRegOffset__12J3DTevBlock2CFv
80323140:getTevRegOffset__12J3DTevBlock4CFv
80322D74:getTevRegOffset__13J3DTevBlock16CFv
80323A00:getTevRegOffset__18J3DTevBlockPatchedCFv
802EAF7C:getTevStageNum__11J2DTevBlockCFv
8000DF84:getTevStageNum__11J3DTevBlockCFv
802F36D0:getTevStageNum__12J2DTevBlock1CFv
802F3430:getTevStageNum__12J2DTevBlock2CFv
802F318C:getTevStageNum__12J2DTevBlock4CFv
802F2EEC:getTevStageNum__12J2DTevBlock8CFv
8032361C:getTevStageNum__12J3DTevBlock1CFv
8032338C:getTevStageNum__12J3DTevBlock2CFv
80322FC8:getTevStageNum__12J3DTevBlock4CFv
802F2C4C:getTevStageNum__13J2DTevBlock16CFv
80322BFC:getTevStageNum__13J3DTevBlock16CFv
803237B8:getTevStageNum__18J3DTevBlockPatchedCFv
802EAF34:getTevStage__11J2DTevBlockFUl
8000DF40:getTevStage__11J3DTevBlockFUl
802F3714:getTevStage__12J2DTevBlock1FUl
802F3474:getTevStage__12J2DTevBlock2FUl
802F31D0:getTevStage__12J2DTevBlock4FUl
802F2F30:getTevStage__12J2DTevBlock8FUl
8032369C:getTevStage__12J3DTevBlock1FUl
8032340C:getTevStage__12J3DTevBlock2FUl
80323048:getTevStage__12J3DTevBlock4FUl
802F2C90:getTevStage__13J2DTevBlock16FUl
80322C7C:getTevStage__13J3DTevBlock16FUl
803238A8:getTevStage__18J3DTevBlockPatchedFUl
802EAF2C:getTevSwapModeTable__11J2DTevBlockFUl
8000DF54:getTevSwapModeTable__11J3DTevBlockFUl
802F3770:getTevSwapModeTable__12J2DTevBlock1FUl
802F34D0:getTevSwapModeTable__12J2DTevBlock2FUl
802F322C:getTevSwapModeTable__12J2DTevBlock4FUl
802F2F8C:getTevSwapModeTable__12J2DTevBlock8FUl
803234B0:getTevSwapModeTable__12J3DTevBlock2FUl
803230EC:getTevSwapModeTable__12J3DTevBlock4FUl
802F2CEC:getTevSwapModeTable__13J2DTevBlock16FUl
80322D20:getTevSwapModeTable__13J3DTevBlock16FUl
80159BD0:getTexAnmP__10daNpcCd2_cFi
8000DF94:getTexCoord__14J3DTexGenBlockFUl
80323B64:getTexCoord__21J3DTexGenBlockPatchedFUl
8000DF9C:getTexGenNum__14J3DTexGenBlockCFv
80323B48:getTexGenNum__21J3DTexGenBlockPatchedCFv
80318228:getTexMtxOffset__14J3DTexGenBlockCFv
80323B98:getTexMtxOffset__21J3DTexGenBlockPatchedCFv
802EC5E0:getTexMtx__14J2DTexGenBlockFUlR9J2DTexMtx
8000DF8C:getTexMtx__14J3DTexGenBlockFUl
80323B88:getTexMtx__21J3DTexGenBlockPatchedFUl
80324358:getTexNoOffset__11J3DTevBlockCFv
803236EC:getTexNoOffset__12J3DTevBlock1CFv
803234FC:getTexNoOffset__12J3DTevBlock2CFv
80323138:getTexNoOffset__12J3DTevBlock4CFv
80322D6C:getTexNoOffset__13J3DTevBlock16CFv
803239F8:getTexNoOffset__18J3DTevBlockPatchedCFv
80324D88:getTexNoReg__FPv
802EAF70:getTexNo__11J2DTevBlockCFUl
8000DF48:getTexNo__11J3DTevBlockCFUl
802F35C4:getTexNo__12J2DTevBlock1CFUl
802F3320:getTexNo__12J2DTevBlock2CFUl
802F307C:getTexNo__12J2DTevBlock4CFUl
802F2DDC:getTexNo__12J2DTevBlock8CFUl
803235C8:getTexNo__12J3DTevBlock1CFUl
80323204:getTexNo__12J3DTevBlock2CFUl
80322E40:getTexNo__12J3DTevBlock4CFUl
802F2B3C:getTexNo__13J2DTevBlock16CFUl
80322A74:getTexNo__13J3DTevBlock16CFUl
8030CCE8:getTexNo__16J2DAnmTexPatternCFUsPUs
8032BD50:getTexNo__16J3DAnmTexPatternCFUsPUs
803237E4:getTexNo__18J3DTevBlockPatchedCFUl
8014F134:getTexPtrnAnmP__11daBaseNpc_cFPci
80152D74:getTexPtrnAnmP__8daNpcF_cFPci
801482DC:getTexPtrnAnmP__8daNpcT_cFPCci
80152DB0:getTexSRTKeyAnmP__8daNpcF_cFPci
80148318:getTexSRTKeyAnmP__8daNpcT_cFPCci
8023B050:getTextBoxGlobalPosX__17dMsgScrn3Select_cFi
8023B07C:getTextBoxGlobalPosY__17dMsgScrn3Select_cFi
8023AFD8:getTextBoxWidth__17dMsgScrn3Select_cFv
80300434:getTextureCount__10J2DPictureCFv
80307150:getTextureCount__12J2DPictureExCFv
802EACBC:getTextureMtxMaya__9J2DTexMtxFRC17J2DTextureSRTInfoPA4_f
802EAB2C:getTextureMtx__9J2DTexMtxFRC17J2DTextureSRTInfo3VecPA4_f
80053B0C:getTexture__10J2DPictureCFUc
802EC67C:getTexture__11J2DTevBlockFUl
803070F8:getTexture__12J2DPictureExCFUc
802F37D8:getTexture__12J2DTevBlock1FUl
802F3538:getTexture__12J2DTevBlock2FUl
802F3294:getTexture__12J2DTevBlock4FUl
802F2FF4:getTexture__12J2DTevBlock8FUl
802F2D54:getTexture__13J2DTevBlock16FUl
80290CFC:getThreadPointer__6JASDvdFv
8015FADC:getThrowBoomerangActor__9daPy_py_cFv
8025E7F0:getTimeMs__8dTimer_cFv
800328AC:getTime__11dLib_time_cFv
8002CC54:getTimerLimitTimeMs__14dComIfG_play_cFv
8002CC64:getTimerMode__14dComIfG_play_cFv
8002CC44:getTimerNowTimeMs__14dComIfG_play_cFv
8002CC84:getTimerPtr__14dComIfG_play_cFv
8002CC74:getTimerType__14dComIfG_play_cFv
8034D0D4:getTiming
802FFFD0:getTlutID__10J2DPictureFPC7ResTIMGUc
8003F890:getTopBottomFloorNo__8dMpath_cFPScPSc
802D3FAC:getTotalFreeSize__11JKRAramHeapFv
802CF584:getTotalFreeSize__7JKRHeapFv
802D0B64:getTotalUsedSize__10JKRExpHeapCFv
802A064C:getTrack__5JAISeFv
802A2528:getTrack__6JAISeqFv
802A48BC:getTrack__9JAIStreamFv
800106C4:getTransform__14mDoExt_McaMorfFUsP16J3DTransformInfo
8019133C:getTransform__15J2DAnmTransformCFUsP16J3DTransformInfo
80011204:getTransform__16mDoExt_McaMorfSOFUsP16J3DTransformInfo
8030DB7C:getTransform__18J2DAnmTransformKeyCFUsP16J3DTransformInfo
8003C938:getTransform__18J3DAnmTransformKeyCFUsP16J3DTransformInfo
8030B390:getTransform__19J2DAnmTransformFullCFUsP16J3DTransformInfo
80329C90:getTransform__19J3DAnmTransformFullCFUsP16J3DTransformInfo
80329FF0:getTransform__27J3DAnmTransformFullWithLerpCFUsP16J3DTransformInfo
80286944:getTransformation_SRxyzT__Q27JStudio4mathFPA4_fRC3VecRC3VecRC3Vec
802938A4:getTransposeTotal__8JASTrackCFv
801C1250:getTreasureList__20dMenu_StageMapCtrl_cFPfPfPScPUcPSc
80027DB4:getTresure__15dStage_roomDt_cCFv
800282A8:getTresure__16dStage_stageDt_cCFv
80056AD8:getTriMax__22dDlst_shadowRealPoly_cFv
8007E980:getTriNrm__8dBgWKColCFP12KC_PrismDataPP3Vec
80056AD0:getTri__22dDlst_shadowRealPoly_cFv
80182E04:getTrigA__8mDoCPd_cFUl
80148264:getTrnsfrmAnmP__8daNpcT_cFPCci
8014F050:getTrnsfrmKeyAnmP__11daBaseNpc_cFPci
80152D38:getTrnsfrmKeyAnmP__8daNpcF_cFPci
801482A0:getTrnsfrmKeyAnmP__8daNpcT_cFPCci
8009C5CC:getTypeGroupNoToType__7dTres_cFUc
803000E8:getTypeID__10J2DPictureCFv
80301A68:getTypeID__10J2DTextBoxCFv
802A7F60:getTypeID__13JAUSoundTableCF10JAISoundID
80053D6C:getTypeID__7J2DPaneCFv
802FA818:getTypeID__9J2DScreenCFv
802FCD98:getTypeID__9J2DWindowCFv
8009C5E0:getTypeToTypeGroupNo__7dTres_cFUc
802992EC:getType__10JASDrumSetCFv
803155E0:getType__11J3DShapeMtxCFv
802F35A0:getType__12J2DTevBlock1Fv
802F32FC:getType__12J2DTevBlock2Fv
802F3058:getType__12J2DTevBlock4Fv
802F2DB8:getType__12J2DTevBlock8Fv
80323598:getType__12J3DTevBlock1Fv
803231D4:getType__12J3DTevBlock2Fv
80322E10:getType__12J3DTevBlock4Fv
80298D68:getType__12JASBasicBankCFv
802990E0:getType__12JASBasicInstCFv
80298E08:getType__12JASVoiceBankCFv
802F2B18:getType__13J2DTevBlock16Fv
80324128:getType__13J3DPEBlockOpaFv
80324058:getType__13J3DPEBlockXluFv
80322A44:getType__13J3DTevBlock16Fv
8032274C:getType__14J3DPEBlockFullFv
803337A4:getType__14J3DPEBlockNullFv
802F2994:getType__15J2DIndBlockFullFv
802EBFE4:getType__15J2DIndBlockNullFv
80324190:getType__15J3DIndBlockFullFv
803181A4:getType__15J3DIndBlockNullFv
80333838:getType__15J3DTevBlockNullFv
80323BA8:getType__15J3DTexGenBlock4Fv
80322900:getType__16J3DPEBlockFogOffFv
8031550C:getType__16J3DShapeMtxMultiCFv
8033392C:getType__17J3DColorBlockNullFv
803240C0:getType__17J3DPEBlockTexEdgeFv
80323798:getType__18J3DTevBlockPatchedFv
803338C4:getType__18J3DTexGenBlockNullFv
80323A6C:getType__19J3DTexGenBlockBasicFv
80323C80:getType__20J3DColorBlockLightOnFv
80324360:getType__21J3DColorBlockLightOffFv
8031558C:getType__21J3DShapeMtxConcatViewCFv
80323C74:getType__21J3DTexGenBlockPatchedFv
80323E74:getType__22J3DColorBlockAmbientOnFv
80315488:getType__26J3DShapeMtxMultiConcatViewCFv
80315410:getType__27J3DShapeMtxBBoardConcatViewCFv
8031538C:getType__28J3DShapeMtxYBBoardConcatViewCFv
80283520:getType__Q27JStudio19TFunctionValue_listCFv
80284144:getType__Q27JStudio22TFunctionValue_hermiteCFv
802831B4:getType__Q27JStudio23TFunctionValue_constantCFv
80282BB8:getType__Q27JStudio24TFunctionValue_compositeCFv
8028324C:getType__Q27JStudio25TFunctionValue_transitionCFv
80283BA0:getType__Q27JStudio29TFunctionValue_list_parameterCFv
80165364:getUSOAngle__9dCamera_cF7cSAngle
800AC81C:getUnderUpperAnime__9daAlink_cFQ29daAlink_c11daAlink_ANMPP15J3DAnmTransformPP15J3DAnmTransformiUl
802FFF00:getUsableTlut__10J2DPictureFUc
80307BC8:getUsableTlut__12J2DPictureExFUc
8031539C:getUseMtxIndex__11J3DShapeMtxCFUs
80315520:getUseMtxIndex__16J3DShapeMtxMultiCFUs
8031549C:getUseMtxIndex__26J3DShapeMtxMultiConcatViewCFUs
80274C08:getUseMtxNum__11J3DShapeMtxCFv
80315518:getUseMtxNum__16J3DShapeMtxMultiCFv
80315494:getUseMtxNum__26J3DShapeMtxMultiConcatViewCFv
800058A0:getUsedCount__9HeapCheckCFv
802E8F84:getUsedLine__10JUTConsoleCFv
802D0AE8:getUsedSize__10JKRExpHeapCFUc
8003E640:getValidData__22dMenuFmapIconPointer_cFv
80032224:getValueStick__10CSTControlFv
80032204:getValueStick__9STControlFv
8029CDC8:getValue__13JASOscillatorCFv
8029CB44:getValue__6JASLfoCFv
80053F90:getValue__8cM_rnd_cFff
80283658:getValue__Q27JStudio19TFunctionValue_listFd
8028424C:getValue__Q27JStudio22TFunctionValue_hermiteFd
802831E4:getValue__Q27JStudio23TFunctionValue_constantFd
80282C28:getValue__Q27JStudio24TFunctionValue_compositeFd
802832F4:getValue__Q27JStudio25TFunctionValue_transitionFd
80283D10:getValue__Q27JStudio29TFunctionValue_list_parameterFd
80034748:getVibration__19dSv_player_config_cFv
80038BC0:getView__Fv
8030CE48:getVisibility__20J2DAnmVisibilityFullCFUsPUc
800277C4:getVrboxInfo__15dStage_roomDt_cCFv
80027F48:getVrboxInfo__16dStage_stageDt_cCFv
80027984:getVrboxNumInfo__15dStage_roomDt_cCFv
80027FA8:getVrboxNumInfo__16dStage_stageDt_cCFv
800277D4:getVrboxcolInfo__15dStage_roomDt_cCFv
80027F58:getVrboxcolInfo__16dStage_stageDt_cCFv
80027994:getVrboxcolNumInfo__15dStage_roomDt_cCFv
80027FB8:getVrboxcolNumInfo__16dStage_stageDt_cCFv
800B0408:getWallEdgePos__9daAlink_cFRC4cXyzP8cM3dGPlaP8cM3dGPlaP4cXyzi
800E80F0:getWallGrabStatus__9daAlink_cFv
801DCE18:getWarpMarkFlag__19dMenu_ItemExplain_cFv
80168100:getWaterSurfaceHeight__9dCamera_cFP4cXyz
80299A6C:getWaveArc__16JASBasicWaveBankFUl
80299D18:getWaveArc__17JASSimpleWaveBankFUl
80299440:getWaveGroup__16JASBasicWaveBankFUl
802996DC:getWaveHandle__16JASBasicWaveBankCFUl
80299C60:getWaveHandle__17JASSimpleWaveBankCFUl
80299954:getWaveID__Q216JASBasicWaveBank10TWaveGroupCFi
80299A64:getWaveInfo__Q216JASBasicWaveBank11TWaveHandleCFv
80299D90:getWaveInfo__Q217JASSimpleWaveBank11TWaveHandleCFv
802BB498:getWaveLoadStatus__10Z2SceneMgrFUlUl
80299964:getWavePtr__Q216JASBasicWaveBank11TWaveHandleCFv
80299D38:getWavePtr__Q217JASSimpleWaveBank11TWaveHandleCFv
80014E5C:getWeight__10J3DMtxCalcCFUc
8032CF1C:getWeight__13J3DAnmClusterCFUs
8032B018:getWeight__16J3DAnmClusterKeyCFUs
8032AF84:getWeight__17J3DAnmClusterFullCFUs
801DFD04:getWhite__10J2DPictureCFv
801DFCEC:getWhite__10J2DTextBoxCFv
80303AE8:getWhite__11J2DWindowExCFv
80307758:getWhite__12J2DPictureExCFv
8030955C:getWhite__12J2DTextBoxExCFv
80254A94:getWhite__9J2DWindowCFv
802E0A64:getWidthEntry__10JUTResFontCFiPQ27JUTFont6TWidth
802DEDF8:getWidth__10JUTResFontCFv
80281348:getWidth__15JPABaseParticleCFPC14JPABaseEmitter
800D04D8:getWolfBackbone2Matrix__9daAlink_cFv
80141760:getWolfBackbone2Matrix__9daPy_py_cFv
800D0CA8:getWolfHowlMgrP__9daAlink_cFv
80141B28:getWolfHowlMgrP__9daPy_py_cFv
801372F0:getWolfLieMoveAnmSpeed__9daAlink_cFv
80137338:getWolfLieMoveSpeed__9daAlink_cFv
801393E8:getWolfLockActorEnd__9daAlink_cFv
800D04C4:getWolfMouthMatrix__9daAlink_cFv
80141758:getWolfMouthMatrix__9daPy_py_cFv
801318B0:getWolfRopeMoveSpeed__9daAlink_cFv
80138394:getWolfSwimMoveAnmSpeed__9daAlink_cFv
80133F78:getWolfTagJumpTime__9daAlink_cCFv
80238B94:getWord__12dMsgObject_cFv
80229B84:getWord__19jmessage_tReferenceFi
8000DEF0:getZCompLoc__10J3DPEBlockCFv
8032283C:getZCompLoc__14J3DPEBlockFullCFv
803229A0:getZCompLoc__16J3DPEBlockFogOffCFv
8000DEF8:getZMode__10J3DPEBlockFv
80322820:getZMode__14J3DPEBlockFullFv
80322984:getZMode__16J3DPEBlockFogOffFv
80141B50:getZeldaActor__9daHorse_cFv
8002DA58:getZoneNo__20dStage_roomControl_cFi
801C1DFC:getZoomCmPerPixel__19dMenu_DmapMapCtrl_cFv
801C1B18:getZoomMinMaxCheck__19dMenu_DmapMapCtrl_cFPfPfPfPfPbPb
80101BC4:getZoraSwim__9daAlink_cCFv
8030DC7C:get__13J2DDataManageFP14JSUInputStream
8030DC18:get__13J2DDataManageFPCc
80053E1C:get__8cM_rnd_cFv
8004B9A4:get__Q213dPa_control_c7level_cFUl
8019DAD0:get_parcent__Ffff
8005B838:get_vectle_calc__FP4cXyzP4cXyzP4cXyz
8001D47C:get_vectle_calc__FPC4cXyzPC4cXyzP4cXyz
80238840:getpTalkActor__12dMsgObject_cFv
802CE704:gframeProcess__10Z2AudioMgrFv
8001DD64:gndCheck__11fopAcM_gc_cFPC4cXyz
804275EC:grabCarryOffset0$14254
80427604:grabCarryOffset1$14258
8042761C:grabCarryOffset2$14262
80427634:grabCarryOffset3$14266
800E5D78:grabLineCheck__9daAlink_cFP4cXyzP4cXyz
8045265C:grassWhistleArcName$33096
80454FE0:grassWhistleIdx$33097
801659F8:groundHeight__9dCamera_cFP4cXyz
804574A8:gu32Mask_TSequence_value_signExpansion__Q37JStudio3stb4data
802425CC:guide_demo_play_init__14dMsgScrnHowl_cFv
802425D8:guide_demo_play_proc__14dMsgScrnHowl_cFv
802424A0:guide_off_init__14dMsgScrnHowl_cFv
802424A4:guide_off_proc__14dMsgScrnHowl_cFv
802426D0:guide_off_test_init__14dMsgScrnHowl_cFv
802426D4:guide_off_test_proc__14dMsgScrnHowl_cFv
802423FC:guide_on_init__14dMsgScrnHowl_cFv
80242400:guide_on_proc__14dMsgScrnHowl_cFv
80242520:guide_stop_init__14dMsgScrnHowl_cFv
80242524:guide_stop_proc__14dMsgScrnHowl_cFv
8044EE40:gxData
80398938:haihail_n$5238
80398960:haihair_n$5239
803C0F68:haku_tag$3719
803A4020:halF
8039F07C:halftofull
80453C10:hamon_name$6107
800A3BC4:handBgCheck__9daAlink_cFv
80393244:handCenterOffsetVec$34213
800FA27C:hangMoveBgCheck__9daAlink_cFsP4cXyz
802A7818:hasFailedBlock__16JAUSeqDataBlocksF10JAISoundID
80029120:hasMap__15renderingAmap_cCFv
801C0AA4:hasMap__15renderingDmap_cCFv
802CE86C:hasReset__10Z2AudioMgrCFv
803B4A80:headBrkName$69119
8009EEAC:headModelCallBack__9daAlink_cFi
8029753C:headerLoadTask__13JASAramStreamFPv
80297720:headerLoad__13JASAramStreamFUli
801F4BEC:headerTxtChangeAnm__12dMenu_save_cFv
8018D468:headerTxtChangeAnm__14dFile_select_cFv
801F4B20:headerTxtSet__12dMenu_save_cFUs
8018D2F0:headerTxtSet__14dFile_select_cFUsUcUc
802E7C0C:heapBar__FP7JKRHeapiiiii
800058C4:heapDisplay__9HeapCheckCFv
80452BCC:heapErrors
802B6D70:heartGaugeOn__11Z2StatusMgrFv
8039338C:heartPieceMessage$37580
80396878:heart_tag$5922
80164F38:heightOf__9dCamera_cFP10fopAc_ac_c
80145D88:hermite__13daNpcT_Path_cFR4cXyzR4cXyzR4cXyzR4cXyzR16daNpcT_Hermite_cR4cXyz
8015FC58:hideActor__22@unnamed@d_camera_cpp@FP10fopAc_ac_c
80209FB0:hideAll__14dMeterButton_cFv
8025F920:hideDenominator__21dDlst_TimerScrnDraw_cFv
80037B94:hide__12daItemBase_cFv
80256090:hide__13CPaneMgrAlphaFv
803266A0:hide__13J3DShapeTableFv
8020AC10:hide_button__14dMeterButton_cFUc
800966DC:hintTalkEvCamera__9dCamera_cFv
803C9858:history$267
80153784:hitChk2__8daNpcF_cFP8dCcD_Cylii
8014AC4C:hitChk__8daNpcT_cFP12dCcD_GObjInfUl
80392FA4:hitFinishType$6981
80392F90:hitType$6980
80426A4C:hokuto_position$9424
80393208:hookRoot$29726
801085D4:hookshotAtHitCallBack__9daAlink_cFP12dCcD_GObjInfP10fopAc_ac_cP12dCcD_GObjInf
8017905C:hookshotCamera__9dCamera_cFl
8010B5B8:hookshotRoofTurn__9daAlink_cFv
800EF5A0:horseGetOffEnd__9daAlink_cFv
80393130:horseLocalBack$17680
803937A4:horseLocalEyeFromRoot$59880
80393118:horseLocalLeft$17678
80393124:horseLocalRight$17679
80452EE8:howa_loop_cnt$10108
801CDAD8:howlArrowPosInit__12dMenu_Fmap_cFv
801CAEF4:howl_demo1_init__12dMenu_Fmap_cFv
801CAF40:howl_demo1_move__12dMenu_Fmap_cFv
801CB00C:howl_demo2_init__12dMenu_Fmap_cFv
801CB018:howl_demo2_move__12dMenu_Fmap_cFv
801CB060:howl_demo3_init__12dMenu_Fmap_cFv
801CB064:howl_demo3_move__12dMenu_Fmap_cFv
803931FC:hsVec$28749
803C1030:i_action_num$8471
80398060:i_evtID$4383
804563FC:i_expID$6473
80399218:i_id$4087
80399580:i_id0$4478
80399234:i_id1$4088
8039959C:i_id1$4479
803A8F50:i_item_lst$4006
80452588:i_msgID
804563F4:i_nameID$6472
803978D0:i_swBit$7362
80432118:i_text_buf$8454
800A6FD8:iceSlipBgCheck__9daAlink_cFv
801BD460:iconMoveCalc__12dMenu_Dmap_cFv
801B8B94:iconScaleAnmInit__14dMenu_DmapBg_cFffUc
801B8BAC:iconScaleAnm__14dMenu_DmapBg_cFv
801C411C:iconScale__16dMenuMapCommon_cFifff
80396E88:icon_tag$4933
80455474:id$11798
80455494:id$4592
804554BC:id$4857
80455440:id$7388
804537A0:idTmp
80054630:imageDraw__18dDlst_shadowReal_cFPA4_f
800558F8:imageDraw__21dDlst_shadowControl_cFPA4_f
802900E8:imixcopy__7JASCalcFPCsPCsPsUl
8029CD68:incCounter__13JASOscillatorFf
8029CBD8:incCounter__6JASLfoFf
8015A470:incIndex__11PathTrace_cFi
80299590:incWaveTable__16JASBasicWaveBankFPCQ216JASBasicWaveBank10TWaveGroup
802AC73C:incrCrowdSize__7Z2SeMgrFv
802A346C:increasePrepareCount_JAISound___8JAISoundFv
80326CC8:indexToPtr__12J3DModelDataFv
80323574:indexToPtr__12J3DTevBlock1Fv
803231B0:indexToPtr__12J3DTevBlock2Fv
80322DEC:indexToPtr__12J3DTevBlock4Fv
80322A20:indexToPtr__13J3DTevBlock16Fv
80333814:indexToPtr__15J3DTevBlockNullFv
80323774:indexToPtr__18J3DTevBlockPatchedFv
8031EE98:indexToPtr_private__11J3DTevBlockFUl
801BF6FC:infoModeChange_init_proc__12dMenu_Dmap_cFv
801BF780:infoModeChange_proc__12dMenu_Dmap_cFv
801624BC:infoReport__9dCamera_cFv
8029274C:inherit__8JASTrackFRC8JASTrack
80452F78:init$11179
80452F79:init$11183
80452F7A:init$11187
80452F7B:init$11191
80452CC8:init$1210
80452CD0:init$1219
80452CE0:init$123
80452CE8:init$126
80452FFE:init$14160
80453002:init$14616
80453006:init$14965
8045300A:init$14969
80452CF9:init$1619
80452E10:init$1672
80452DB0:init$1737
80452DB1:init$1752
80452DB2:init$1765
80452DB3:init$1778
80452AE0:init$1809
80452AE8:init$1812
80452AF0:init$1815
80452FC0:init$1834
80452F28:init$1850
80452FB8:init$1851
80452F72:init$1972
80452EAC:init$2011
80452E08:init$2096
80452E09:init$2099
80452E5E:init$2305
804532BD:init$26
80452FD0:init$2639
80453514:init$296
80452EA0:init$2986
80453120:init$304
8045307C:init$3157
80452F7C:init$32904
80452F7D:init$32907
80452D0C:init$337
80452F48:init$3387
80453294:init$348
80452F84:init$37169
80452F85:init$37172
80452F86:init$37175
80452F87:init$37178
8045329C:init$374
80452F49:init$4295
804535B4:init$461
80453594:init$470
80452F4A:init$4891
80453968:init$49
80453528:init$491
8045302A:init$5117
8045302B:init$5121
80452EB0:init$5257
80452EB4:init$5260
80452F90:init$53285
804531C8:init$538
80453530:init$540
80452F91:init$55769
80452EBC:init$5609
80452EBD:init$5641
804531C0:init$594
80452EC4:init$6001
80452ECC:init$6536
80452ECD:init$6542
80452ED4:init$6548
80452EDC:init$6981
80452EDD:init$6985
80452FAC:init$7278
80452EE4:init$7391
80453190:init$741
80452EEC:init$7637
804531A0:init$784
804531A8:init$792
80452F4B:init$8022
80452EF4:init$8377
80452FE8:init$8537
80452FF0:init$8540
80452EFC:init$8768
80452F04:init$9000
80452F0C:init$9319
804532F8:init$95
80452FF8:init$9802
80452FF9:init$9803
8045320C:init$990
804530FC:init$localstatic4$create__9dkWmark_cFv
80453030:init$localstatic4$draw__10dThunder_cFv
804531F9:init$localstatic4$getMemPool__43JASPoolAllocObject_MultiThreaded<8JASTrack>Fv
8045322A:init$localstatic4$getMemPool__46JASPoolAllocObject_MultiThreaded<10JASChannel>Fv
804531F8:init$localstatic4$getMemPool__58JASPoolAllocObject_MultiThreaded<Q28JASTrack11TChannelMgr>Fv
804532D8:init$localstatic4$getMemPool___26JASPoolAllocObject<5JAISe>Fv
804532E8:init$localstatic4$getMemPool___27JASPoolAllocObject<6JAISeq>Fv
804532F0:init$localstatic4$getMemPool___30JASPoolAllocObject<9JAIStream>Fv
8045331C:init$localstatic4$getMemPool___30JASPoolAllocObject<9Z2Audible>Fv
804532E0:init$localstatic4$getMemPool___35JASPoolAllocObject<13JAISoundChild>Fv
80453310:init$localstatic4$getMemPool___39JASPoolAllocObject<17Z2SoundHandlePool>Fv
80453031:init$localstatic6$draw__10dThunder_cFv
8029D188:initAI__9JASDriverFPFv_v
80048AD8:initAction__17dEvLib_callback_cFv
8015DBFC:initAction__8daItem_cFv
8029E1C8:initAll__13JASDSPChannelFv
8015E044:initAngle__8daItem_cFv
802C1428:initAnime__10Z2CreatureFPvbff
802BF9FC:initAnime__15Z2SoundObjAnimeFPvbff
802CF178:initArena__7JKRHeapFPPcPUli
8029ECC4:initAutoMixer__Q26JASDsp8TChannelFv
800194AC:initBallModel__13fopEn_enemy_cFv
8029CA0C:initBankDisposeMsgQueue__10JASChannelFv
800BF588:initBasAnime__9daAlink_cFv
8015B2D0:initBaseMtx__8daItem_cFv
801258F8:initBlur__14daAlink_blur_cFfiPC4cXyzPC4cXyzPC4cXyz
800E05DC:initBoomerangUpperAnimeSpeed__9daAlink_cFi
8029E8C8:initBuffer__6JASDspFv
802137D0:initButtonCross__13dMeter2Draw_cFv
802129A8:initButton__13dMeter2Draw_cFv
80151854:initCalc__15daNpcF_Lookat_cFP10fopAc_ac_cPA4_fP4cXyzP5csXyzPfR4cXyzi
800F41D0:initCanoeRide__9daAlink_cFv
800E15B8:initCopyRodUpperAnimeSpeed__9daAlink_cFi
800D2E08:initCutAtnActorSearch__9daAlink_cFv
800D119C:initCutTurnAt__9daAlink_cFfi
802BB5FC:initDataArc__11Z2FxLineMgrFP10JKRArchiveP7JKRHeap
8015EFB8:initData__14daPy_anmHeap_cFv
800A41A4:initDemoBck__9daAlink_cFPP13mDoExt_bckAnmPCc
800A410C:initDemoModel__9daAlink_cFPP8J3DModelPCcUl
802BD4A4:initDolbyDist__19Z2Audience3DSettingFv
802C9890:initEtcSe__10Z2EnvSeMgrFUcUcUcUc
802C9530:initFallSe__10Z2EnvSeMgrFUcUcUcUc
80024D50:initFileList2__15dStage_roomDt_cFv
8029EDB0:initFilter__Q26JASDsp8TChannelFv
801250B4:initFirePointDamageEffectAll__9daAlink_cFv
801251B0:initFirePointDamageEffect__9daAlink_cFPC4cXyzP12dCcD_GObjInf
800F3FAC:initFishingRodHand__9daAlink_cFv
8015DCB8:initFlag__8daItem_cFv
800ECCB8:initForceRideBoar__9daAlink_cFv
800ECD64:initForceRideHorse__9daAlink_cFv
801C11EC:initGetTreasureList__20dMenu_StageMapCtrl_cFUcSc
800E55B8:initGrabNextMode__9daAlink_cFv
800BB850:initGravity__9daAlink_cFv
802448A0:initGuideData__14dMsgScrnHowl_cFv
802ABF18:initHandlesPool__14Z2SoundHandlesFUc
8010937C:initHookshotReady__9daAlink_cFv
8010B850:initHookshotRoofWaitActor__9daAlink_cFP10fopAc_ac_c
801092F8:initHookshotUpperAnimeSpeed__9daAlink_cFi
802A5B60:initJAInterface__18JAU_JAIInitializerFv
802A5928:initJASystem__18JAU_JASInitializerFP12JKRSolidHeap
8007E900:initKCollision__8dBgWKColFPv
80111518:initKandelaarSwing__9daAlink_cFv
802C4510:initKantera__14Z2CreatureLinkFP3Vec
80211EB0:initLife__13dMeter2Draw_cFv
80212454:initLightDrop__13dMeter2Draw_cFv
802E165C:initList__10JUTGamePadFv
80071370:initList__12dAttention_cFUl
800ABCEC:initLockAt__9daAlink_cFv
802CA30C:initLv3WaterSe__10Z2EnvSeMgrFUcUcUcUc
80212128:initMagic__13dMeter2Draw_cFv
800A40A4:initModelEnv__9daAlink_cFUsUl
800A3F88:initModel__9daAlink_cFP12J3DModelDataUlUl
800A403C:initModel__9daAlink_cFUsUl
80161F90:initMonitor__9dCamera_cFv
8032DD44:initMtxIndexArray__13J3DSkinDeformFP12J3DModelData
8015E7BC:initOffset__20daPy_boomerangMove_cFPC4cXyz
8000F7FC:initOldFrameMorf__22mDoExt_MtxCalcOldFrameFfUsUs
8016175C:initPad__9dCamera_cFv
802AB708:initParams__10Z2SoundMgrFv
802A1158:initParams__8JAISeMgrFv
8000D2D4:initPlay__14mDoExt_baseAnmFsifss
802C8EF8:initRiverSe__10Z2EnvSeMgrFUcUcUcUc
80290FAC:initRootHeap__7JASHeapFPvUl
80048C4C:initRun__17dEvLib_callback_cFv
802126C8:initRupeeKey__13dMeter2Draw_cFv
8015DDFC:initScale__8daItem_cFv
802C78C0:initSceneEnvSe__10Z2EnvSeMgrFlScf
802AC550:initSe__7Z2SeMgrFv
800B3A50:initServiceWaitTime__9daAlink_cFv
800CB8A0:initShadowScaleLight__9daAlink_cFv
80326710:initShapeNodes__13J3DShapeTableFP14J3DDrawMtxDataP13J3DVertexData
80197590:initShopSystem__13dShopSystem_cFv
8032D7B0:initSkinInfo__13J3DSkinDeformFP12J3DModelData
8015DE4C:initSpeed__8daItem_cFi
8029CCC4:initStart__13JASOscillatorFPCQ213JASOscillator4Data
80048B80:initStart__17dEvLib_callback_cFv
802C7A84:initStaticEnvSe__10Z2EnvSeMgrFUcUcUcUcP3Vec
801408B4:initStatusWindow__9daAlink_cFv
802C8DBC:initStrongWindSe__10Z2EnvSeMgrFv
8029711C:initSystem__13JASAramStreamFUlUl
80153F28:initTalk__8daNpcF_cFiPP10fopAc_ac_c
8014BDFC:initTalk__8daNpcT_cFiPP10fopAc_ac_c
800CC9E8:initTevCustomColor__9daAlink_cFv
802DF544:initTexObj__10JUTTextureF7_GXTlut
802DF458:initTexObj__10JUTTextureFv
802926FC:initTimed__8JASTrackFv
802A37DC:initTrack_JAISound___8JAISoundFP8JASTrack
802BD108:initVolumeDist__19Z2Audience3DSettingFv
80131BFC:initWolfRopeShapeAngle__9daAlink_cFv
8003527C:initZone__10dSv_info_cFv
800243E0:initZone__20dStage_roomControl_cFv
801C2058:initZoomInCenterHold__20dMenu_StageMapCtrl_cFUc
801C1E98:initZoomIn__20dMenu_StageMapCtrl_cFUc
801C1F44:initZoomIn__20dMenu_StageMapCtrl_cFUcff
801C2184:initZoomOut__20dMenu_StageMapCtrl_cFUc
801C21C8:initZoomWait__20dMenu_StageMapCtrl_cFff
80294724:init__10JASSeqCtrlFv
802E1698:init__10JUTGamePadFv
802DF408:init__10JUTTextureFv
802CE14C:init__10Z2AudioMgrFP12JKRSolidHeapUlPvP10JKRArchive
802C13B0:init__10Z2CreatureFP3VecP3VecP3VecUcUcUc
802C1330:init__10Z2CreatureFP3VecP3VecUcUc
80073A88:init__10dAttHint_cFv
80073E04:init__10dAttLook_cFv
8003F82C:init__10dMapInfo_cFv
8024A634:init__10dMsgFlow_cFP10fopAc_ac_ciiPP10fopAc_ac_c
800350FC:init__10dSv_info_cFv
8003514C:init__10dSv_save_cFv
80035074:init__10dSv_zone_cFi
80014FE8:init__114J3DMtxCalcAnimation<64J3DMtxCalcAnimationAdaptorDefault<27J3DMtxCalcCalcTransformMaya>,24J3DMtxCalcJ3DSysInitMaya>FRC3VecRA3_A4_Cf
80274578:init__11J3DUClipperFv
80274E80:init__11JPAResourceFP7JKRHeap
80073AEC:init__11dAttCatch_cFv
8004629C:init__11dEvDtBase_cFPci
80046268:init__11dEvDtBase_cFv
80043F88:init__11dEvDtFlag_cFv
80034A84:init__11dSv_event_cFv
803291FC:init__12J3DFrameCtrlFs
80296F48:init__12JASSeqReaderFPv
80296F08:init__12JASSeqReaderFv
8029434C:init__12JASTrackPortFv
802C2DFC:init__12Z2CreatureFMFP3VecP3VecP3VecP3VecP3VecP3VecUcUcUcUcUcUc
802C3470:init__12Z2CreatureOIFP3VecP3VecP3VecP3VecP3VecP3VecP3VecP3VecP3VecP3VecP3VecP3VecP3Vec
80052C7C:init__12dDlst_2DT2_cFP7ResTIMGffffUcUcUcff
800564C0:init__12dDlst_list_cFv
80044264:init__12dEvDtStaff_cFv
8025CFF8:init__12dSvBit_HIO_cFv
80034C44:init__12dSv_danBit_cFSc
80034880:init__12dSv_memBit_cFv
80034B94:init__12dSv_memory_cFv
800347D4:init__12dSv_player_cFv
80049498:init__12diff_model_cFv
802A38B0:init__13JAISoundChildFv
8029729C:init__13JASAramStreamFUlUlPFUlP13JASAramStreamPv_vPv
802A7F14:init__13JAUSoundTableFPCv
8027BBBC:init__13JPAExtraShapeFv
8027DEC0:init__13JPAFieldBlockFP7JKRHeap
802BD588:init__13Z2AudioCameraFv
802C32B0:init__13Z2CreatureGobFP3VecP3VecP3VecUcUcUc
801F7CB0:init__13dMenu_Skill_cFv
80211274:init__13dMeter2Draw_cFv
8021C12C:init__13dMeter2Info_cFv
80034BB4:init__13dSv_memory2_cFv
80034DD0:init__13dSv_zoneBit_cFv
8000D790:init__13mDoExt_bckAnmFP15J3DAnmTransformiifssb
8000D9BC:init__13mDoExt_blkAnmFP13J3DDeformDataP13J3DAnmClusteriifss
8000D430:init__13mDoExt_bpkAnmFP16J3DMaterialTableP11J3DAnmColoriifss
8000D6C0:init__13mDoExt_brkAnmFP16J3DMaterialTableP15J3DAnmTevRegKeyiifss
8000D5F0:init__13mDoExt_btkAnmFP16J3DMaterialTableP19J3DAnmTextureSRTKeyiifss
8000D500:init__13mDoExt_btpAnmFP16J3DMaterialTableP16J3DAnmTexPatterniifss
8027F4EC:init__14JPABaseEmitterFP17JPAEmitterManagerP11JPAResource
802C4438:init__14Z2CreatureLinkFP3VecP3VecP3Vec
802C600C:init__14Z2CreatureRideFP3VecP3VecUcUc
802BEDB0:init__14Z2SoundObjBaseFP3VecUc
8002B2D4:init__14dComIfG_play_cFv
801D8BD8:init__14dMenu_Insect_cFv
801DDCE4:init__14dMenu_Letter_cFv
8023C810:init__14dMsgScrnBase_cFv
80034B4C:init__14dSv_MiniGame_cFv
80311DD8:init__15J3DVertexBufferFv
802BCB18:init__15Z2AudibleAbsPosFPQ29JGeometry8TVec3<f>RCQ29JGeometry8TVec3<f>PCQ29JGeometry8TVec3<f>
802C1EB4:init__15Z2CreatureEnemyFP3VecP3VecP3VecUcUcUc
802C1E94:init__15Z2CreatureEnemyFP3VecP3VecUcUc
802BF9DC:init__15Z2SoundObjAnimeFP3VecUc
802BF974:init__15Z2SoundObjArrowFP3VecUc
802C62FC:init__15Z2SoundObjCoachFP3VecUc
8019236C:init__15dFile_warning_cFv
801C5484:init__15dMenu_Fishing_cFv
80024D5C:init__15dStage_roomDt_cFv
80034FE4:init__15dSv_zoneActor_cFv
80012384:init__15mDoExt_3Dline_cFUsii
801CE420:init__15renderingFmap_cFPUcUsUsUsUs
80294464:init__16JASRegisterParamFv
802A74AC:init__16JAUSeqCollectionFPCv
8027C94C:init__16JPADynamicsBlockFv
802BF680:init__16Z2SoundObjSimpleFP3VecUc
80251E94:init__16dNpcLib_lookat_cFP8J3DModelPiP5csXyzP5csXyz
80024CC4:init__16dStage_stageDt_cFv
80034384:init__16dSv_light_drop_cFv
8009DAF0:init__16daAlink_matAnm_cFv
8003FDF8:init__16renderingDAmap_cFPUcUsUsUsUs
802A81D4:init__17JAUSoundNameTableFPCv
802C1AE4:init__17Z2CreatureCitizenFP3VecP3VecUcUc
80032CB4:init__17dSv_horse_place_cFv
80034484:init__17dSv_letter_info_cFv
800345C0:init__17dSv_player_info_cFv
80033038:init__17dSv_player_item_cFv
8003435C:init__17dSv_player_wolf_cFv
802A822C:init__18JAUStreamFileTableFPCv
802C2B4C:init__18Z2SoundObjBeeGroupFP3VecUc
8004650C:init__18dEvent_exception_cFv
80034570:init__18dSv_fishing_info_cFv
802BD084:init__19Z2Audience3DSettingFv
80034654:init__19dSv_player_config_cFv
80012594:init__19mDoExt_3DlineMat0_cFUsUsi
80013314:init__19mDoExt_3DlineMat1_cFUsUsP7ResTIMGi
80024290:init__20dStage_roomControl_cFv
80034254:init__20dSv_player_collect_cFv
802BF45C:init__21Z2DopplerSoundObjBaseFP3VecUc
800557B4:init__21dDlst_shadowControl_cFv
80033EE8:init__21dSv_player_get_item_cFv
800340E8:init__21dSv_player_item_max_cFv
80032A00:init__21dSv_player_status_a_cFv
80032BF8:init__21dSv_player_status_b_cFv
8003E244:init__22dMenuFmapIconPointer_cFP24dMenu_Fmap_region_data_cP23dMenu_Fmap_stage_data_cUcii
8025CF78:init__22dSvBit_childOtherHIO_cFv
8025CCDC:init__23dSvBit_childItZoneHIO_cFv
8025CAE4:init__23dSvBit_childSwZoneHIO_cFv
8032FAAC:init__24J3DMtxCalcJ3DSysInitMayaFRC3VecRA3_A4_Cf
80033FA8:init__24dSv_player_item_record_cFv
8032FA28:init__25J3DMtxCalcJ3DSysInitBasicFRC3VecRA3_A4_Cf
8025CE38:init__25dSvBit_childDarknessHIO_cFv
80032D70:init__25dSv_player_return_place_cFv
8025CC40:init__26dSvBit_childItDungeonHIO_cFv
8025CD3C:init__26dSvBit_childItOneZoneHIO_cFv
8025CA48:init__26dSvBit_childSwDungeonHIO_cFv
8025CB44:init__26dSvBit_childSwOneZoneHIO_cFv
8025CED4:init__26dSvBit_childTransformHIO_cFv
8022FE78:init__26jmessage_string_tReferenceFP10J2DTextBoxP10J2DTextBoxP7JUTFontP10COutFont_cUc
80032F58:init__27dSv_player_last_mark_info_cFv
8025CBA4:init__29dSvBit_childItPerfectionHIO_cFv
8025C9AC:init__29dSvBit_childSwPerfectionHIO_cFv
8025CD9C:init__29dSvBit_childTbPerfectionHIO_cFv
80032E08:init__33dSv_player_field_last_stay_info_cFv
80264020:init__3cMlFP7JKRHeap
80015010:init__73J3DMtxCalcNoAnm<27J3DMtxCalcCalcTransformMaya,24J3DMtxCalcJ3DSysInitMaya>FRC3VecRA3_A4_Cf
80337400:init__75J3DMtxCalcNoAnm<28J3DMtxCalcCalcTransformBasic,25J3DMtxCalcJ3DSysInitBasic>FRC3VecRA3_A4_Cf
8024ED78:init__7dName_cFv
80050DCC:init__7dPaPo_cFP9dBgS_Acchff
80337324:init__83J3DMtxCalcNoAnm<32J3DMtxCalcCalcTransformSoftimage,29J3DMtxCalcJ3DSysInitSoftimage>FRC3VecRA3_A4_Cf
802923D4:init__8JASTrackFv
80053E0C:init__8cM_rnd_cFiii
80272B18:init__9JFWSystemFv
80032154:init__9STControlFv
80035DD0:init__9dJntCol_cFP10fopAc_ac_cPC13dJntColData_cP8J3DModeli
801F9DFC:init__9dMw_HIO_cFv
8029EAA4:init__Q26JASDsp8TChannelFv
80293F48:init__Q28JASTrack11TChannelMgrFv
802806C8:init_c__15JPABaseParticleFP18JPAEmitterWorkDataP15JPABaseParticle
803A4218:init_jk
8027FDEC:init_p__15JPABaseParticleFP18JPAEmitterWorkData
801823EC:init_phase1__FP12camera_class
8018246C:init_phase2__FP12camera_class
802F674C:initchar__8J2DPrintFv
80035D00:initdata_to_card__10dSv_info_cFPci
8029BE04:initialUpdateDSPChannel__10JASChannelFPQ26JASDsp8TChannel
8024EE40:initial__7dName_cFv
80226FBC:initialize__10COutFont_cFv
802F25FC:initialize__10J2DPEBlockFv
802EC04C:initialize__11J2DIndBlockFv
802F3840:initialize__11J2DTevBlockFv
80317040:initialize__11J3DMaterialFv
802EC850:initialize__12J2DTevBlock1Fv
802ED5A0:initialize__12J2DTevBlock2Fv
802EE8C4:initialize__12J2DTevBlock4Fv
802EFD6C:initialize__12J2DTevBlock8Fv
80327014:initialize__12J3DMtxBufferFv
803185E8:initialize__12J3DTevBlock1Fv
80318610:initialize__12J3DTevBlock2Fv
803186EC:initialize__12J3DTevBlock4Fv
801F0BFC:initialize__12dMenu_save_cFv
80225F00:initialize__13COutFontSet_cFv
802EC194:initialize__13J2DColorBlockFv
802F11EC:initialize__13J2DTevBlock16Fv
80325D08:initialize__13J3DDrawBufferFv
80318800:initialize__13J3DTevBlock16Fv
80150B0C:initialize__13daNpcF_Path_cFv
80145E4C:initialize__13daNpcT_Path_cFv
802EC310:initialize__14J2DTexGenBlockFv
8032D120:initialize__14J3DMaterialAnmFv
80318958:initialize__14J3DPEBlockFullFv
801E84D4:initialize__14dMenu_Option_cFv
802F2464:initialize__15J2DIndBlockFullFv
80318928:initialize__15J3DIndBlockFullFv
803184D4:initialize__15J3DTevBlockNullFv
80318474:initialize__15J3DTexGenBlock4Fv
80151244:initialize__15daNpcF_Lookat_cFv
80150944:initialize__15daNpcF_MatAnm_cFv
80146EA4:initialize__15daNpcT_JntAnm_cFv
80145970:initialize__15daNpcT_MatAnm_cFv
80318934:initialize__16J3DPEBlockFogOffFv
80150A7C:initialize__16daNpcF_SPCurve_cFP5dPathi
80317E44:initialize__17J3DLockedMaterialFv
801B07C8:initialize__17dMenu_Collect2D_cFv
80317DB8:initialize__18J3DPatchedMaterialFv
803184E0:initialize__18J3DTevBlockPatchedFv
801508BC:initialize__18daNpcF_ActorMngr_cFv
801458E0:initialize__18daNpcT_ActorMngr_cFv
803184A4:initialize__19J3DTexGenBlockBasicFv
8026355C:initialize__20DynamicModuleControlFv
80318380:initialize__20J3DColorBlockLightOnFv
8031827C:initialize__21J3DColorBlockLightOffFv
80318444:initialize__21J3DTexGenBlockPatchedFv
803182DC:initialize__22J3DColorBlockAmbientOnFv
80145AA4:initialize__22daNpcT_MotionSeqMngr_cFv
802F6BD0:initialize__7J2DPaneFP7J2DPanebUxRCQ29JGeometry8TBox2<f>
802F6D08:initialize__7J2DPaneFUxRCQ29JGeometry8TBox2<f>
80327F00:initialize__8J3DModelFv
80315948:initialize__8J3DShapeFv
80152AD4:initialize__8daNpcF_cFv
8016067C:initialize__9dCamera_cFP12camera_classP10fopAc_ac_cUlUl
80283558:initialize__Q27JStudio19TFunctionValue_listFv
802841BC:initialize__Q27JStudio22TFunctionValue_hermiteFv
802831D0:initialize__Q27JStudio23TFunctionValue_constantFv
80282BE0:initialize__Q27JStudio24TFunctionValue_compositeFv
80283284:initialize__Q27JStudio25TFunctionValue_transitionFv
80283C08:initialize__Q27JStudio29TFunctionValue_list_parameterFv
802DFEB0:initialize_state__10JUTResFontFv
802DE120:initialize_state__12JUTCacheFontFv
802DFB24:initialize_state__7JUTFontFv
80453978:initialized$60
802567D0:initiateAlphaMorf__17CPaneMgrAlphaMorfFv
80255F68:initiateAlpha__13CPaneMgrAlphaFP7J2DPaneP10JKRExpHeap
80049A64:initiateLighting8__FR8_GXColors
802FDADC:initiate__10J2DPictureFPC7ResTIMGPC7ResTLUT
80300A58:initiate__10J2DTextBoxFPC7ResFONTPCcs18J2DTextBoxHBinding18J2DTextBoxVBinding
802DA5E4:initiate__10JKRDvdFileFv
802DCD14:initiate__10JSUPtrListFv
802DFEDC:initiate__10JUTResFontFPC7ResFONTP7JKRHeap
80304440:initiate__12J2DPictureExFPC7ResTIMGPC7ResTLUT
802DE2EC:initiate__12JUTCacheFontFPC7ResFONTPvUlP7JKRHeap
801AECC0:initiate__15dKantera_icon_cFv
801C2B30:initiate__16dMenuMapCommon_cFP10JKRArchive
802E6254:initiate__6JUTXfbFUsUsP7JKRHeapQ26JUTXfb10EXfbNumber
802F6AB8:initiate__7J2DPaneFv
80254690:initiate__8CPaneMgrFP7J2DPaneP10JKRExpHeap
802D1610:initiate__Q210JKRExpHeap9CMemBlockFPQ210JKRExpHeap9CMemBlockPQ210JKRExpHeap9CMemBlockUlUcUc
80049C60:initiate_b_Lighting8__FR8_GXColor
802FB404:initinfo2__9J2DWindowFv
802FDC9C:initinfo__10J2DPictureFv
802298FC:inputNumber__19jmessage_tReferenceFv
80235E88:inputProc__12dMsgObject_cFv
801B5E74:insect_close_init__17dMenu_Collect2D_cFv
801FACB4:insect_close_init__5dMw_cFUc
801B5EB0:insect_close_proc__17dMenu_Collect2D_cFv
801FC028:insect_close_proc__5dMw_cFv
801B5DC8:insect_move_init__17dMenu_Collect2D_cFv
801FACB0:insect_move_init__5dMw_cFUc
801B5E04:insect_move_proc__17dMenu_Collect2D_cFv
801FBFCC:insect_move_proc__5dMw_cFv
801FACAC:insect_open2_init__5dMw_cFUc
801FBF3C:insect_open2_proc__5dMw_cFv
801B5CB8:insect_open_init__17dMenu_Collect2D_cFv
801FAC28:insect_open_init__5dMw_cFUc
801B5D58:insect_open_proc__17dMenu_Collect2D_cFv
801FBEE0:insect_open_proc__5dMw_cFv
80397E90:insect_tag$4249
802F7514:insertChild__7J2DPaneFP7J2DPaneP7J2DPane
80291408:insertChild__7JASHeapFP7JASHeapP7JASHeapPvUlb
80304EE4:insertCommon__12J2DPictureExFUcf
802F386C:insertTexture__11J2DTevBlockFUlP10JUTTexture
802F387C:insertTexture__11J2DTevBlockFUlPC7ResTIMG
802F3874:insertTexture__11J2DTevBlockFUlPC7ResTIMGP10JUTPalette
802ECBE4:insertTexture__12J2DTevBlock1FUlP10JUTTexture
802F37A8:insertTexture__12J2DTevBlock1FUlPC7ResTIMG
802ECAC0:insertTexture__12J2DTevBlock1FUlPC7ResTIMGP10JUTPalette
802EDBE8:insertTexture__12J2DTevBlock2FUlP10JUTTexture
802F3508:insertTexture__12J2DTevBlock2FUlPC7ResTIMG
802ED8E8:insertTexture__12J2DTevBlock2FUlPC7ResTIMGP10JUTPalette
802EEFD4:insertTexture__12J2DTevBlock4FUlP10JUTTexture
802F3264:insertTexture__12J2DTevBlock4FUlPC7ResTIMG
802EEC04:insertTexture__12J2DTevBlock4FUlPC7ResTIMGP10JUTPalette
802F047C:insertTexture__12J2DTevBlock8FUlP10JUTTexture
802F2FC4:insertTexture__12J2DTevBlock8FUlPC7ResTIMG
802F00B0:insertTexture__12J2DTevBlock8FUlPC7ResTIMGP10JUTPalette
802F18FC:insertTexture__13J2DTevBlock16FUlP10JUTTexture
802F2D24:insertTexture__13J2DTevBlock16FUlPC7ResTIMG
802F1530:insertTexture__13J2DTevBlock16FUlPC7ResTIMGP10JUTPalette
802FE324:insert__10J2DPictureFP10JUTTextureUcf
802FDF68:insert__10J2DPictureFPC7ResTIMGP10JUTPaletteUcf
801BDFC8:insert__10J2DPictureFPC7ResTIMGUcf
802FE2B4:insert__10J2DPictureFPCcP10JUTPaletteUcf
80020410:insert__10J2DPictureFPCcUcf
802DCE94:insert__10JSUPtrListFP10JSUPtrLinkP10JSUPtrLink
80304E48:insert__12J2DPictureExFP10JUTTextureUcf
80304D34:insert__12J2DPictureExFPC7ResTIMGP10JUTPaletteUcf
80307E58:insert__12J2DPictureExFPC7ResTIMGUcf
80304DD8:insert__12J2DPictureExFPCcP10JUTPaletteUcf
80307E24:insert__12J2DPictureExFPCcUcf
80049538:insert__12diff_model_cFP11modelList_c
802DDBA4:insert__Q27JGadget20TVector_pointer_voidFPPvRCPv
802DDF30:insert__Q27JGadget38TVector<Pv,Q27JGadget14TAllocator<Pv>>FPPvRCPv
802DDC1C:insert__Q27JGadget38TVector<Pv,Q27JGadget14TAllocator<Pv>>FPPvUlRCPv
802DE34C:internal_initiate__12JUTCacheFontFPC7ResFONTPvUlP7JKRHeap
802825D8:interpolateValue_BSpline_nonuniform__Q27JStudio13functionvalueFdPCdPCd
80282574:interpolateValue_BSpline_uniform__Q27JStudio13functionvalueFddddd
80282510:interpolateValue_hermite__Q27JStudio13functionvalueFddddddd
802948BC:interrupt__10JASSeqCtrlFQ210JASSeqCtrl8IntrType
803C4F48:intr$4686
8029E8A0:invalChannelAll__6JASDspFv
802DECE0:invalidiateAllCache__12JUTCacheFontFv
8018EC48:iplSelDispInit__14dFile_select_cFv
801F1F58:iplSelInitSet__12dMenu_save_cFv
801F1F34:iplSelMsgInitSet__12dMenu_save_cFv
80393238:ironBallPosVec$34212
802BA778:isActive__12JAIStreamMgrCFv
802AC304:isActive__14Z2SoundHandlesCFv
8029EB6C:isActive__Q26JASDsp8TChannelCFv
80035854:isActor__10dSv_info_cCFii
8003D948:isArrival__22dMenu_Fmap_room_data_cFv
8003DA8C:isArrival__23dMenu_Fmap_stage_data_cFv
80225CBC:isArrowEquip__9dMeter2_cFv
8009B804:isArrow__FUc
8021BF84:isBButtonShow__13dMeter2Draw_cFb
8009B7B8:isBomb__FUc
8023788C:isBookMessage__12dMsgObject_cFv
80229390:isBook__19jmessage_tReferenceFv
80237878:isBossMessage__12dMsgObject_cFv
80229328:isBossName__19jmessage_tReferenceFv
8009B838:isBottleItem__FUc
8021B38C:isButtonVisible__13dMeter2Draw_cFv
80237FB4:isCameraCancelFlag__12dMsgObject_cFv
801DA140:isCatchInsect__14dMenu_Insect_cFUc
801DA200:isCatchNotGiveInsect__14dMenu_Insect_cFUc
80229CC0:isCharSend__19jmessage_tReferenceFv
800291AC:isCheckFloor__15renderingAmap_cCFv
801C287C:isCheckFloor__15renderingDmap_cCFv
801BE8C8:isClose__12dMenu_Dmap_cFv
801CB2FC:isClose__12dMenu_Fmap_cFv
801EB690:isClose__12dMenu_Ring_cFv
80209738:isClose__14dMeterButton_cFv
800342F4:isCollectCrystal__20dSv_player_collect_cCFUc
80034338:isCollectMirror__20dSv_player_collect_cCFUc
800342B0:isCollect__20dSv_player_collect_cCFiUc
8025BF74:isCreatingCallback__FP10create_tagPUi
8025BF94:isCreating__FUi
80032C58:isDarkClearLV__21dSv_player_status_b_cCFi
80194390:isDead__11dMeterSub_cFv
801941F8:isDead__8dScope_cFv
8021CC14:isDirectUseItem__13dMeter2Info_cFi
8020E9D0:isDmapScreen__11dMeterMap_cFv
8003E818:isDrawDisp__19dMenuFmapIconDisp_cFv
80029238:isDrawIconSingle2__15renderingAmap_cCFPCQ27dTres_c6data_sbbi
801C0AC4:isDrawIconSingle2__15renderingDmap_cCFPCQ27dTres_c6data_sbbi
80040B10:isDrawIconSingle__16renderingDAmap_cCFPCQ27dTres_c6data_siibbPC3Vec
80028C5C:isDrawOutSideTrim__15renderingAmap_cFv
801CE798:isDrawPath__15renderingFmap_cFv
800403F0:isDrawPath__16renderingDAmap_cFv
80040AE4:isDrawRoomIcon__16renderingDAmap_cCFii
8002A33C:isDrawRoomIcon__6dMap_cCFii
801CE7A0:isDrawRoom__15renderingFmap_cFv
8003FFA0:isDrawRoom__16renderingDAmap_cCFii
8002A284:isDrawRoom__6dMap_cCFii
8002AC98:isDrawType__11dDrawPath_cFi
801CF498:isDrawType__15dMenu_FmapMap_cFi
80029794:isDrawType__6dMap_cFi
802381E8:isDraw__12dMsgObject_cFv
80034A64:isDungeonItem__12dSv_memBit_cCFi
8020D914:isEnableDispMapAndMapDispSizeTypeNo__11dMeterMap_cFv
8020D760:isEnableDispMap__11dMeterMap_cFv
802E3D18:isEnablePad__12JUTExceptionCFv
801C2790:isEnableZoomIn__20dMenu_StageMapCtrl_cFv
801C2280:isEnableZoomMove__19dMenu_DmapMapCtrl_cCFv
801C27D0:isEnableZoomOut__20dMenu_StageMapCtrl_cFv
80289788:isEqual__Q37JStudio6object7TIDDataFRCQ37JStudio6object7TIDDataRCQ37JStudio6object7TIDData
802DB5D4:isErrorRetry__12JKRDvdRipperFv
80034AEC:isEventBit__11dSv_event_cCFUs
801FD248:isEventCheck__5dMw_cFv
8020D95C:isEventRunCheck__11dMeterMap_cFv
8003F888:isExistMapPathData__8dMpath_cFv
80207034:isFastSet__14dMeterButton_cFi
8029EB7C:isFinish__Q26JASDsp8TChannelCFv
80033F70:isFirstBit__21dSv_player_get_item_cCFUc
801B0800:isFishIconVisible__17dMenu_Collect2D_cFv
80197850:isFlag__13dShopSystem_cFi
801CEDA4:isFlashRoomNoCheck__15dMenu_FmapMap_cCFi
8021C4A0:isFloatingMessageVisible__13dMeter2Info_cFv
8020E8E4:isFmapScreen__11dMeterMap_cFv
801DA0A8:isGetInsect__14dMenu_Insect_cFii
80237728:isGetItemMessage__12dMsgObject_cFv
801DA198:isGiveInsect__14dMenu_Insect_cFUc
801DA0E4:isGiveInsect__14dMenu_Insect_cFii
8009B8AC:isHeart__FUc
80196C94:isHomePos__15dShopItemCtrl_cFi
80237F54:isHowlHearingModeLocal__12dMsgObject_cFv
80238C08:isHowlHearingMode__12dMsgObject_cFv
80237768:isHowlMessage__12dMsgObject_cFv
802293F8:isHowl__19jmessage_tReferenceFv
802BDAC0:isInSight__13Z2AudioCameraCFR3Vec
801B0974:isInsectIconVisible__17dMenu_Collect2D_cFv
8009B8CC:isInsect__FUc
8030517C:isInsert__12J2DPictureExCFUc
800356C0:isItem__10dSv_info_cCFii
80034DA4:isItem__12dSv_danBit_cCFi
80034A1C:isItem__12dSv_memBit_cCFi
80034F80:isItem__13dSv_zoneBit_cCFi
8023773C:isKanbanMessage__12dMsgObject_cFv
802292C0:isKanban__19jmessage_tReferenceFv
801BF6BC:isKeyCheck__12dMenu_Dmap_cFv
80242724:isKeyCheck__14dMsgScrnHowl_cFv
801B61DC:isKeyCheck__17dMenu_Collect2D_cFv
80225C24:isKeyVisible__9dMeter2_cFv
80238000:isKillMessageFlag__12dMsgObject_cFv
802E0F08:isLeadByte_1Byte__7JUTFontFi
802E0F10:isLeadByte_2Byte__7JUTFontFi
802E0F18:isLeadByte_ShiftJIS__7JUTFontFi
802E0BA4:isLeadByte__10JUTResFontCFi
8020FD4C:isLeadByte__14dMeterString_cFi
800344F4:isLetterGetFlag__17dSv_letter_info_cCFi
80034544:isLetterReadFlag__17dSv_letter_info_cCFi
802AF324:isLevelSe__7Z2SeMgrF10JAISoundID
80034444:isLightDropGetFlag__16dSv_light_drop_cCFUc
80229DA0:isLightEnd__19jmessage_tReferenceFv
80229D30:isLightSend__19jmessage_tReferenceFv
801CDBF0:isLightVesselGet__12dMenu_Fmap_cFv
801453F8:isLoadRoom__Fi
801582B4:isM___10daNpcCd2_cFv
80156434:isM___9daNpcCd_cFv
80032BA0:isMagicFlag__21dSv_player_status_a_cCFUc
801BD8E8:isMapMoveState__12dMenu_Dmap_cFv
8020DBC4:isMapOpenCheck__11dMeterMap_cFv
80047A60:isMapToolCamera__16dEvent_manager_cFUcl
802CDD88:isMidnaSpeak__12Z2SpeechMgr2Fv
8023777C:isMidonaMessage__12dMsgObject_cFv
802377B8:isMidonaNormalTalkWait__12dMsgObject_cFv
80237830:isMidonaTalkWait__12dMsgObject_cFv
8022942C:isMidona__19jmessage_tReferenceFv
801EEF5C:isMixItemOff__12dMenu_Ring_cFv
801EEE1C:isMixItemOn__12dMenu_Ring_cFv
80237C08:isMouthCheckLocal__12dMsgObject_cFv
80238A24:isMouthCheck__12dMsgObject_cFv
801EB578:isMoveEnd__12dMenu_Ring_cFv
802B6FBC:isMovieDemo__11Z2StatusMgrFv
8003A324:isMsgDoor__13door_param2_cFP10fopAc_ac_c
80237BD0:isMsgSendControlLocal__12dMsgObject_cFv
80238974:isMsgSendControl__12dMsgObject_cFv
80237BFC:isMsgSendLocal__12dMsgObject_cFv
802389F8:isMsgSend__12dMsgObject_cFv
802938F4:isMute__8JASTrackCFv
8030401C:isNeedSetAnm__11J2DWindowExFUc
802CD0FC:isNonVerbal__12Z2SpeechMgr2Fv
80034FC8:isOneItem__13dSv_zoneBit_cCFi
80034F10:isOneSwitch__13dSv_zoneBit_cCFi
801BE580:isOpen__12dMenu_Dmap_cFv
801CB088:isOpen__12dMenu_Fmap_cFv
801EB368:isOpen__12dMenu_Ring_cFv
801414E0:isOrderOK__14dEvt_control_cFv
80240F48:isOugiID__14dMsgScrnItem_cFv
801B6204:isOutCheck__17dMenu_Collect2D_cFv
80028D08:isOutSideBlackLine__15renderingAmap_cFv
80228B6C:isOutfontKanjiCode__Fi
80225D28:isPachinkoEquip__9dMeter2_cFv
8014DBB4:isPath__16daBaseNpc_path_cFv
801FD09C:isPauseReady__5dMw_cFv
80237864:isPlaceMessage__12dMsgObject_cFv
802292F4:isPlaceName__19jmessage_tReferenceFv
8016C558:isPlayerCharging__22@unnamed@d_camera_cpp@FUl
8016C468:isPlayerFlying__22@unnamed@d_camera_cpp@FP9daAlink_c
802AB8C4:isPlayingSoundID__10Z2SoundMgrF10JAISoundID
802592D0:isProgressiveMode__10dScnLogo_cFv
8025C47C:isReadRoom__Fi
80032F20:isRegionBit__33dSv_player_field_last_stay_info_cCFi
8008E880:isRelChar__25@unnamed@d_ev_camera_cpp@Fc
80305528:isRemove__12J2DPictureExCFUc
800291C4:isRendAllRoom__15renderingAmap_cCFv
801C286C:isRendAllRoom__15renderingDmap_cCFv
800297A0:isRendAllRoom__6dMap_cCFv
800291BC:isRendCursor__15renderingAmap_cCFv
801C288C:isRendCursor__15renderingDmap_cCFv
80029168:isRendDoor__15renderingAmap_cCFv
801C2874:isRendDoor__15renderingDmap_cCFv
8002B0A8:isRendIcon__15renderingAmap_cCFv
801C2894:isRendIcon__15renderingDmap_cCFv
800291B4:isRendRestart__15renderingAmap_cCFv
801C2884:isRendRestart__15renderingDmap_cCFv
801CF820:isRenderingFloor__15renderingFmap_cFi
8003FF84:isRenderingFloor__16renderingDAmap_cFi
801CB584:isRoomCheck__12dMenu_Fmap_cFii
801CCD5C:isRoomDataBit__12dMenu_Fmap_cFi
801E8364:isRumbleSupported__14dMenu_Option_cFv
802D7194:isSameName__10JKRArchiveCFRQ210JKRArchive8CArcNameUlUs
80315D5C:isSameVcdVatCmd__8J3DShapeFP8J3DShape
80313874:isSame__12J3DMatPacketCFP12J3DMatPacket
800494B8:isSame__12diff_model_cFP12J3DModelDatai
802378A8:isSaveMessage__12dMsgObject_cFv
8022935C:isSaveSeq__19jmessage_tReferenceFv
802392E0:isSelect__14dMsgScrnBase_cFv
802406AC:isSelect__14dMsgScrnItem_cFv
8024887C:isSelect__14dMsgScrnTalk_cFv
8023A308:isSelect__17dMsgScrn3Select_cFv
80236F8C:isSend__12dMsgObject_cFv
803039E8:isSetBlackWhite__11J2DWindowExCFQ28JUtility6TColorQ28JUtility6TColor
80307624:isSetBlackWhite__12J2DPictureExCFQ28JUtility6TColorQ28JUtility6TColor
80309468:isSetBlackWhite__12J2DTextBoxExCFQ28JUtility6TColorQ28JUtility6TColor
802259A0:isShowLightDrop__9dMeter2_cFv
801D27CC:isShowRegion__18dMenu_Fmap2DBack_cFi
8020E78C:isShow__11dMeterMap_cFUl
801B0874:isSkillIconVisible__17dMenu_Collect2D_cFv
801978A8:isSoldOutItemFlag__13dShopSystem_cFi
802AF3B0:isSoundCulling__7Z2SeMgrF10JAISoundID
800297EC:isSpecialOutline__6dMap_cFv
80237894:isStaffMessage__12dMsgObject_cFv
802293C4:isStaffRoll__19jmessage_tReferenceFv
80088B28:isStageEvent__25@unnamed@d_ev_camera_cpp@Fi
8025E910:isStart__8dTimer_cFv
802CF9A8:isSubHeap__7JKRHeapCFP7JKRHeap
801CE4E8:isSwitchSpecialOff__15renderingFmap_cFi
80035490:isSwitch__10dSv_info_cCFii
80034D18:isSwitch__12dSv_danBit_cCFi
80034990:isSwitch__12dSv_memBit_cCFi
80034E80:isSwitch__13dSv_zoneBit_cCFi
801CE54C:isSwitch__15renderingFmap_cFPCQ211dDrawPath_c11group_class
8003FECC:isSwitch__16renderingDAmap_cFPCQ211dDrawPath_c11group_class
80031074:isSwitch__Q27daSus_c6data_cFv
801BF668:isSync__12dMenu_Dmap_cFv
801C7DC0:isSync__12dMenu_Fmap_cFv
801F7C14:isSync__13dMenu_Skill_cFv
801D8BB0:isSync__14dMenu_Insect_cFv
801DDBF8:isSync__14dMenu_Letter_cFv
801E3D40:isSync__14dMenu_Option_cFv
801C545C:isSync__15dMenu_Fishing_cFv
802378BC:isTalkMessage__12dMsgObject_cFv
8023CC18:isTalkNow__14dMsgScrnBase_cFv
80034918:isTbox__12dSv_memBit_cCFi
80324D64:isTexNoReg__FPv
80032C94:isTransformLV__21dSv_player_status_b_cCFi
802C0FE4:isTwilightBattle__13Z2SoundObjMgrFv
8030043C:isUsed__10J2DPictureFPC7ResFONT
802FFE9C:isUsed__10J2DPictureFPC7ResTIMG
803019FC:isUsed__10J2DTextBoxFPC7ResFONT
80301A70:isUsed__10J2DTextBoxFPC7ResTIMG
803043FC:isUsed__11J2DWindowExFPC7ResFONT
80303CDC:isUsed__11J2DWindowExFPC7ResTIMG
80307FA4:isUsed__12J2DPictureExFPC7ResFONT
80307824:isUsed__12J2DPictureExFPC7ResTIMG
80309628:isUsed__12J2DTextBoxExFPC7ResFONT
80309828:isUsed__12J2DTextBoxExFPC7ResTIMG
802F82B8:isUsed__7J2DPaneFPC7ResFONT
802F8230:isUsed__7J2DPaneFPC7ResTIMG
802FA420:isUsed__9J2DScreenFPC7ResFONT
802FA400:isUsed__9J2DScreenFPC7ResTIMG
802FCE2C:isUsed__9J2DWindowFPC7ResFONT
802FCCDC:isUsed__9J2DWindowFPC7ResTIMG
802A06B0:isUsingSeqData__16JAISeCategoryMgrFRC16JAISeqDataRegion
802A0F68:isUsingSeqData__8JAISeMgrFRC16JAISeqDataRegion
802A2604:isUsingSeqData__9JAISeqMgrFRC16JAISeqDataRegion
802560D4:isVisible__13CPaneMgrAlphaFv
8003EE40:isVisitedRoom__10dMapInfo_nFi
80034C1C:isVisitedRoom__13dSv_memory2_cFi
801D834C:isWarpAccept__17dMenu_Fmap2DTop_cFv
80267EAC:isZero__4cXyzCFv
8003504C:is__15dSv_zoneActor_cCFi
801826CC:is_camera_delete__FPv
80167EC4:is_player__22@unnamed@d_camera_cpp@FP10fopAc_ac_c
800483FC:issueStaff__16dEvent_manager_cFPCc
80452F80:it$36766
80452E0C:it$4206
8015D894:itemActionForArrow__8daItem_cFv
8015D90C:itemActionForBoomerang__8daItem_cFv
8015D778:itemActionForHeart__8daItem_cFv
8015D6B8:itemActionForRupee__8daItem_cFv
800B2908:itemActionTrigger__9daAlink_cFv
800B27F4:itemButtonCheck__9daAlink_cFUc
800B2810:itemButton__9daAlink_cFv
801BFED0:itemCarryCheck__12dMenu_Dmap_cFv
8004225C:itemCheck__14dEvt_control_cFP12dEvt_order_c
800B984C:itemEquip__9daAlink_cFUs
8015B460:itemGetCoCallBack__FP10fopAc_ac_cP12dCcD_GObjInfP10fopAc_ac_cP12dCcD_GObjInf
8015D0F8:itemGetNextExecute__8daItem_cFv
8015B52C:itemGetTgCallBack__FP10fopAc_ac_cP12dCcD_GObjInfP10fopAc_ac_cP12dCcD_GObjInf
8015D2B4:itemGet__8daItem_cFv
801BF4D0:itemInfoCloseAnm__12dMenu_Dmap_cFv
801BF3D8:itemInfoOpenAnm__12dMenu_Dmap_cFv
801BF3E4:itemInfoWait__12dMenu_Dmap_cFv
801BED54:itemInfo_init_proc__12dMenu_Dmap_cFv
801BED64:itemInfo_proc__12dMenu_Dmap_cFv
803BE5F8:itemInfo_subProcess
8002B370:itemInit__14dComIfG_play_cFv
80198BA8:itemRotate__13dShopSystem_cFv
801BF224:itemSelectAnmInit__12dMenu_Dmap_cFv
801BF288:itemSelectAnm__12dMenu_Dmap_cFv
801BED9C:itemSelect__12dMenu_Dmap_cFv
80396918:itemTag$6441
80455270:itemTalkType$67468
800B27D8:itemTriggerCheck__9daAlink_cFUc
800B2840:itemTrigger__9daAlink_cFv
800B98B0:itemUnequip__9daAlink_cFUsf
80198C84:itemZoom__13dShopSystem_cFP4cXyz
800995EC:item_func_AIR_LETTER__Fv
80099620:item_func_ANCIENT_DOCUMENT2__Fv
800995B8:item_func_ANCIENT_DOCUMENT__Fv
800986D0:item_func_ARMOR__Fv
800981F8:item_func_ARROW_10__Fv
80098240:item_func_ARROW_1__Fv
80098210:item_func_ARROW_20__Fv
80098228:item_func_ARROW_30__Fv
80098BE0:item_func_ARROW_LV1__Fv
80098BF8:item_func_ARROW_LV2__Fv
80098C10:item_func_ARROW_LV3__Fv
800993B4:item_func_ASHS_SCRIBBLING__Fv
80099014:item_func_BEE_CHILD__Fv
80098C34:item_func_BEE_ROD__Fv
80099294:item_func_BILL__Fv
80098CD4:item_func_BLUE_BOTTLE__Fv
80098098:item_func_BLUE_RUPEE__Fv
80098180:item_func_BOMB_10__Fv
800981A8:item_func_BOMB_20__Fv
800981D0:item_func_BOMB_30__Fv
80098158:item_func_BOMB_5__Fv
80098C2C:item_func_BOMB_ARROW__Fv
80098B44:item_func_BOMB_BAG_LV1__Fv
80098B40:item_func_BOMB_BAG_LV2__Fv
80098338:item_func_BOMB_INSECT_10__Fv
80098360:item_func_BOMB_INSECT_20__Fv
80098388:item_func_BOMB_INSECT_30__Fv
80098310:item_func_BOMB_INSECT_5__Fv
80098B78:item_func_BOMB_IN_BAG__Fv
80098848:item_func_BOOMERANG__Fv
800996C8:item_func_BOSSRIDER_KEY__Fv
8009851C:item_func_BOSS_KEY__Fv
800988E4:item_func_BOW__Fv
80099468:item_func_CHUCHU_BLACK__Fv
80099110:item_func_CHUCHU_BLUE__Fv
80099140:item_func_CHUCHU_GREEN__Fv
800991A0:item_func_CHUCHU_PURPLE__Fv
800990B0:item_func_CHUCHU_RARE__Fv
800990E0:item_func_CHUCHU_RED__Fv
800993E8:item_func_CHUCHU_YELLOW2__Fv
80099170:item_func_CHUCHU_YELLOW__Fv
800984A4:item_func_COMPUS__Fv
80098B0C:item_func_COPY_ROD_2__Fv
80098994:item_func_COPY_ROD__Fv
80098FE4:item_func_DROP_BOTTLE__Fv
800994CC:item_func_DROP_CONTAINER02__Fv
800994FC:item_func_DROP_CONTAINER03__Fv
8009949C:item_func_DROP_CONTAINER__Fv
8009854C:item_func_DUNGEON_BACK__Fv
800986FC:item_func_DUNGEON_EXIT_2__Fv
800984D4:item_func_DUNGEON_EXIT__Fv
80098C48:item_func_EMPTY_BOTTLE__Fv
80098E84:item_func_FAIRY_BOTTLE__Fv
80098FB0:item_func_FAIRY_DROP__Fv
8009952C:item_func_FILLED_CONTAINER__Fv
80098A98:item_func_FISHING_ROD_1__Fv
800995A8:item_func_F_ANT__Fv
80099558:item_func_F_BEETLE__Fv
80099560:item_func_F_BUTTERFLY__Fv
80099580:item_func_F_DANGOMUSHI__Fv
800995A0:item_func_F_DRAGONFLY__Fv
80099570:item_func_F_GRASSHOPPER__Fv
80099590:item_func_F_LADYBUG__Fv
80099588:item_func_F_MANTIS__Fv
800995B0:item_func_F_MAYFLY__Fv
80099578:item_func_F_NANAFUSHI__Fv
80099598:item_func_F_SNAIL__Fv
80099568:item_func_F_STAG_BEETLE__Fv
80098CA4:item_func_GREEN_BOTTLE__Fv
80098080:item_func_GREEN_RUPEE__Fv
80098D34:item_func_HALF_MILK_BOTTLE__Fv
80098C30:item_func_HAWK_ARROW__Fv
800987C0:item_func_HAWK_EYE__Fv
8009805C:item_func_HEART__Fv
8009892C:item_func_HOOKSHOT__Fv
8009934C:item_func_HORSE_FLUTE__Fv
80098EB4:item_func_HOT_SPRING2__Fv
80098E54:item_func_HOT_SPRING__Fv
80098960:item_func_HVY_BOOTS__Fv
80098638:item_func_HYLIA_SHIELD__Fv
80099318:item_func_IRIAS_PENDANT__Fv
800988B0:item_func_IRONBALL__Fv
80098C40:item_func_JEWEL_BEE_ROD__Fv
80098C38:item_func_JEWEL_ROD__Fv
80098C44:item_func_JEWEL_WORM_ROD__Fv
800983CC:item_func_KAKERA_HEART__Fv
80099708:item_func_KANTERA2__Fv
80098A18:item_func_KANTERA__Fv
80099718:item_func_KEY_OF_CARAVAN__Fv
8009974C:item_func_KEY_OF_FILONE__Fv
8009970C:item_func_L2_KEY_PIECES1__Fv
80099710:item_func_L2_KEY_PIECES2__Fv
80099714:item_func_L2_KEY_PIECES3__Fv
80099260:item_func_LETTER__Fv
80098BAC:item_func_LIGHT_ARROW__Fv
80099498:item_func_LIGHT_DROP__Fv
80098A58:item_func_LIGHT_SWORD__Fv
80099688:item_func_LINKS_SAVINGS__Fv
80098C28:item_func_LURE_ROD__Fv
800991D0:item_func_LV1_SOUP__Fv
8009971C:item_func_LV2_BOSS_KEY__Fv
80099200:item_func_LV2_SOUP__Fv
80099230:item_func_LV3_SOUP__Fv
800996D4:item_func_LV5_BOSS_KEY__Fv
80099654:item_func_LV7_DUNGEON_EXIT__Fv
80098140:item_func_L_MAGIC__Fv
800986D8:item_func_MAGIC_LV1__Fv
80098474:item_func_MAP__Fv
800985BC:item_func_MASTER_SWORD__Fv
80098D04:item_func_MILK_BOTTLE__Fv
80099530:item_func_MIRROR_PIECE_2__Fv
80099534:item_func_MIRROR_PIECE_3__Fv
80099538:item_func_MIRROR_PIECE_4__Fv
800995A4:item_func_M_ANT__Fv
80099554:item_func_M_BEETLE__Fv
8009955C:item_func_M_BUTTERFLY__Fv
8009957C:item_func_M_DANGOMUSHI__Fv
8009959C:item_func_M_DRAGONFLY__Fv
8009956C:item_func_M_GRASSHOPPER__Fv
8009958C:item_func_M_LADYBUG__Fv
80099584:item_func_M_MANTIS__Fv
800995AC:item_func_M_MAYFLY__Fv
80099574:item_func_M_NANAFUSHI__Fv
80099594:item_func_M_SNAIL__Fv
80099564:item_func_M_STAG_BEETLE__Fv
80098EEC:item_func_NORMAL_BOMB__Fv
80098EE4:item_func_OIL2__Fv
80098DC4:item_func_OIL_BOTTLE2__Fv
80099418:item_func_OIL_BOTTLE3__Fv
80098D64:item_func_OIL_BOTTLE__Fv
80098EE8:item_func_OIL__Fv
800980F8:item_func_ORANGE_RUPEE__Fv
80098258:item_func_PACHINKO_SHOT__Fv
80098ACC:item_func_PACHINKO__Fv
80098F68:item_func_POKE_BOMB__Fv
800996B8:item_func_POU_FIRE1__Fv
800996BC:item_func_POU_FIRE2__Fv
800996C0:item_func_POU_FIRE3__Fv
800996C4:item_func_POU_FIRE4__Fv
800995B4:item_func_POU_SPIRIT__Fv
800980E0:item_func_PURPLE_RUPEE__Fv
80099380:item_func_RAFRELS_MEMO__Fv
8009838C:item_func_RECOVER_FAILY__Fv
80098DF4:item_func_RED_BOTTLE2__Fv
80098C74:item_func_RED_BOTTLE__Fv
800980C8:item_func_RED_RUPEE__Fv
80098634:item_func_SHIELD__Fv
80099448:item_func_SHOP_BEE_CHILD__Fv
80098110:item_func_SILVER_RUPEE__Fv
800996A0:item_func_SMALL_KEY2__Fv
800983B4:item_func_SMALL_KEY__Fv
8009954C:item_func_SMELL_CHILDREN__Fv
80099548:item_func_SMELL_FISH__Fv
80099550:item_func_SMELL_MEDICINE__Fv
80099544:item_func_SMELL_POH__Fv
80099540:item_func_SMELL_PUMPKIN__Fv
8009953C:item_func_SMELL_YELIA_POUCH__Fv
8009887C:item_func_SPINNER__Fv
80099704:item_func_SURFBOARD__Fv
80098580:item_func_SWORD__Fv
80098128:item_func_S_MAGIC__Fv
800996D0:item_func_TASTE__Fv
8009863C:item_func_TKS_LETTER__Fv
800996CC:item_func_TOMATO_PUREE__Fv
800983B0:item_func_TRIPLE_HEART__Fv
80098E24:item_func_UGLY_SOUP__Fv
800983E4:item_func_UTUWA_HEART__Fv
80098730:item_func_WALLET_LV1__Fv
80098744:item_func_WALLET_LV2__Fv
80098758:item_func_WALLET_LV3__Fv
80098298:item_func_WATER_BOMB_10__Fv
800982C0:item_func_WATER_BOMB_20__Fv
800982E8:item_func_WATER_BOMB_30__Fv
80098270:item_func_WATER_BOMB_5__Fv
80098F20:item_func_WATER_BOMB__Fv
80098D94:item_func_WATER_BOTTLE__Fv
80098670:item_func_WEAR_CASUAL__Fv
80098694:item_func_WEAR_KOKIRI__Fv
800986D4:item_func_WEAR_ZORA__Fv
800985F8:item_func_WOOD_SHIELD__Fv
800992C8:item_func_WOOD_STATUE__Fv
800987F4:item_func_WOOD_STICK__Fv
80098C3C:item_func_WORM_ROD__Fv
80098FE0:item_func_WORM__Fv
800989C8:item_func_W_HOOKSHOT__Fv
800980B0:item_func_YELLOW_RUPEE__Fv
8009876C:item_func_ZORAS_JEWEL__Fv
80099764:item_func_noentry__Fv
803B0E58:item_func_ptr
8009B514:item_getcheck_func_AIR_LETTER__Fv
8009B558:item_getcheck_func_ANCIENT_DOCUMENT2__Fv
8009B4D0:item_getcheck_func_ANCIENT_DOCUMENT__Fv
80099DF8:item_getcheck_func_ARMOR__Fv
80099998:item_getcheck_func_ARROW_10__Fv
80099A28:item_getcheck_func_ARROW_1__Fv
800999C8:item_getcheck_func_ARROW_20__Fv
800999F8:item_getcheck_func_ARROW_30__Fv
8009A438:item_getcheck_func_ARROW_LV1__Fv
8009A4A8:item_getcheck_func_ARROW_LV2__Fv
8009A518:item_getcheck_func_ARROW_LV3__Fv
8009AE10:item_getcheck_func_ASHS_SCRIBBLING__Fv
8009AAA8:item_getcheck_func_BEE_CHILD__Fv
8009A5A0:item_getcheck_func_BEE_ROD__Fv
8009ACBC:item_getcheck_func_BILL__Fv
8009A6DC:item_getcheck_func_BLUE_BOTTLE__Fv
800997A8:item_getcheck_func_BLUE_RUPEE__Fv
80099908:item_getcheck_func_BOMB_10__Fv
80099938:item_getcheck_func_BOMB_20__Fv
80099968:item_getcheck_func_BOMB_30__Fv
800998D8:item_getcheck_func_BOMB_5__Fv
8009A590:item_getcheck_func_BOMB_ARROW__Fv
8009A3A8:item_getcheck_func_BOMB_BAG_LV1__Fv
8009A378:item_getcheck_func_BOMB_BAG_LV2__Fv
80099AB0:item_getcheck_func_BOMB_INSECT_10__Fv
80099AE0:item_getcheck_func_BOMB_INSECT_20__Fv
80099B10:item_getcheck_func_BOMB_INSECT_30__Fv
80099AA8:item_getcheck_func_BOMB_INSECT_5__Fv
8009A3D8:item_getcheck_func_BOMB_IN_BAG__Fv
80099F60:item_getcheck_func_BOOMERANG__Fv
8009B610:item_getcheck_func_BOSSRIDER_KEY__Fv
80099BE4:item_getcheck_func_BOSS_KEY__Fv
8009A02C:item_getcheck_func_BOW__Fv
8009AE98:item_getcheck_func_CHUCHU_BLACK__Fv
8009AB18:item_getcheck_func_CHUCHU_BLUE__Fv
8009AB4C:item_getcheck_func_CHUCHU_GREEN__Fv
8009ABB4:item_getcheck_func_CHUCHU_PURPLE__Fv
8009AAB0:item_getcheck_func_CHUCHU_RARE__Fv
8009AAE4:item_getcheck_func_CHUCHU_RED__Fv
8009AE54:item_getcheck_func_CHUCHU_YELLOW2__Fv
8009AB80:item_getcheck_func_CHUCHU_YELLOW__Fv
80099B98:item_getcheck_func_COMPUS__Fv
8009A370:item_getcheck_func_COPY_ROD_2__Fv
8009A0F8:item_getcheck_func_COPY_ROD__Fv
8009AA78:item_getcheck_func_DROP_BOTTLE__Fv
8009AF2C:item_getcheck_func_DROP_CONTAINER02__Fv
8009AF5C:item_getcheck_func_DROP_CONTAINER03__Fv
8009AEFC:item_getcheck_func_DROP_CONTAINER__Fv
80099C14:item_getcheck_func_DUNGEON_BACK__Fv
80099E60:item_getcheck_func_DUNGEON_EXIT_2__Fv
80099BA0:item_getcheck_func_DUNGEON_EXIT__Fv
8009A640:item_getcheck_func_EMPTY_BOTTLE__Fv
8009A8B0:item_getcheck_func_FAIRY_BOTTLE__Fv
8009AA10:item_getcheck_func_FAIRY_DROP__Fv
8009AF8C:item_getcheck_func_FILLED_CONTAINER__Fv
8009A1F8:item_getcheck_func_FISHING_ROD_1__Fv
8009B430:item_getcheck_func_F_ANT__Fv
8009B070:item_getcheck_func_F_BEETLE__Fv
8009B0D0:item_getcheck_func_F_BUTTERFLY__Fv
8009B250:item_getcheck_func_F_DANGOMUSHI__Fv
8009B3D0:item_getcheck_func_F_DRAGONFLY__Fv
8009B190:item_getcheck_func_F_GRASSHOPPER__Fv
8009B310:item_getcheck_func_F_LADYBUG__Fv
8009B2B0:item_getcheck_func_F_MANTIS__Fv
8009B490:item_getcheck_func_F_MAYFLY__Fv
8009B1F0:item_getcheck_func_F_NANAFUSHI__Fv
8009B370:item_getcheck_func_F_SNAIL__Fv
8009B130:item_getcheck_func_F_STAG_BEETLE__Fv
8009A6A8:item_getcheck_func_GREEN_BOTTLE__Fv
80099778:item_getcheck_func_GREEN_RUPEE__Fv
8009A744:item_getcheck_func_HALF_MILK_BOTTLE__Fv
8009A598:item_getcheck_func_HAWK_ARROW__Fv
80099F00:item_getcheck_func_HAWK_EYE__Fv
80099770:item_getcheck_func_HEART__Fv
8009A070:item_getcheck_func_HOOKSHOT__Fv
8009AD88:item_getcheck_func_HORSE_FLUTE__Fv
8009A8E4:item_getcheck_func_HOT_SPRING2__Fv
8009A87C:item_getcheck_func_HOT_SPRING__Fv
8009A0B4:item_getcheck_func_HVY_BOOTS__Fv
80099D20:item_getcheck_func_HYLIA_SHIELD__Fv
8009AD44:item_getcheck_func_IRIAS_PENDANT__Fv
80099FE8:item_getcheck_func_IRONBALL__Fv
8009A600:item_getcheck_func_JEWEL_BEE_ROD__Fv
8009A5C0:item_getcheck_func_JEWEL_ROD__Fv
8009A620:item_getcheck_func_JEWEL_WORM_ROD__Fv
80099B58:item_getcheck_func_KAKERA_HEART__Fv
8009B6B0:item_getcheck_func_KANTERA2__Fv
8009A180:item_getcheck_func_KANTERA__Fv
8009B748:item_getcheck_func_KEY_OF_CARAVAN__Fv
8009B7A8:item_getcheck_func_KEY_OF_FILONE__Fv
8009B6B8:item_getcheck_func_L2_KEY_PIECES1__Fv
8009B6E8:item_getcheck_func_L2_KEY_PIECES2__Fv
8009B718:item_getcheck_func_L2_KEY_PIECES3__Fv
8009AC78:item_getcheck_func_LETTER__Fv
8009A408:item_getcheck_func_LIGHT_ARROW__Fv
8009AECC:item_getcheck_func_LIGHT_DROP__Fv
8009A1C4:item_getcheck_func_LIGHT_SWORD__Fv
8009B5E0:item_getcheck_func_LINKS_SAVINGS__Fv
8009A588:item_getcheck_func_LURE_ROD__Fv
8009ABE8:item_getcheck_func_LV1_SOUP__Fv
8009B778:item_getcheck_func_LV2_BOSS_KEY__Fv
8009AC18:item_getcheck_func_LV2_SOUP__Fv
8009AC48:item_getcheck_func_LV3_SOUP__Fv
8009B678:item_getcheck_func_LV5_BOSS_KEY__Fv
8009B59C:item_getcheck_func_LV7_DUNGEON_EXIT__Fv
800998D0:item_getcheck_func_L_MAGIC__Fv
80099E58:item_getcheck_func_MAGIC_LV1__Fv
80099B68:item_getcheck_func_MAP__Fv
80099C8C:item_getcheck_func_MASTER_SWORD__Fv
8009A710:item_getcheck_func_MILK_BOTTLE__Fv
8009AF94:item_getcheck_func_MIRROR_PIECE_2__Fv
8009AF9C:item_getcheck_func_MIRROR_PIECE_3__Fv
8009AFA4:item_getcheck_func_MIRROR_PIECE_4__Fv
8009B400:item_getcheck_func_M_ANT__Fv
8009B040:item_getcheck_func_M_BEETLE__Fv
8009B0A0:item_getcheck_func_M_BUTTERFLY__Fv
8009B220:item_getcheck_func_M_DANGOMUSHI__Fv
8009B3A0:item_getcheck_func_M_DRAGONFLY__Fv
8009B160:item_getcheck_func_M_GRASSHOPPER__Fv
8009B2E0:item_getcheck_func_M_LADYBUG__Fv
8009B280:item_getcheck_func_M_MANTIS__Fv
8009B460:item_getcheck_func_M_MAYFLY__Fv
8009B1C0:item_getcheck_func_M_NANAFUSHI__Fv
8009B340:item_getcheck_func_M_SNAIL__Fv
8009B100:item_getcheck_func_M_STAG_BEETLE__Fv
8009A980:item_getcheck_func_NORMAL_BOMB__Fv
8009A918:item_getcheck_func_OIL2__Fv
8009A7E0:item_getcheck_func_OIL_BOTTLE2__Fv
8009AE88:item_getcheck_func_OIL_BOTTLE3__Fv
8009A778:item_getcheck_func_OIL_BOTTLE__Fv
8009A94C:item_getcheck_func_OIL__Fv
80099868:item_getcheck_func_ORANGE_RUPEE__Fv
80099A58:item_getcheck_func_PACHINKO_SHOT__Fv
8009A32C:item_getcheck_func_PACHINKO__Fv
8009A9E0:item_getcheck_func_POKE_BOMB__Fv
8009B5F0:item_getcheck_func_POU_FIRE1__Fv
8009B5F8:item_getcheck_func_POU_FIRE2__Fv
8009B600:item_getcheck_func_POU_FIRE3__Fv
8009B608:item_getcheck_func_POU_FIRE4__Fv
8009B4C0:item_getcheck_func_POU_SPIRIT__Fv
80099838:item_getcheck_func_PURPLE_RUPEE__Fv
8009ADCC:item_getcheck_func_RAFRELS_MEMO__Fv
80099B40:item_getcheck_func_RECOVER_FAILY__Fv
8009A814:item_getcheck_func_RED_BOTTLE2__Fv
8009A674:item_getcheck_func_RED_BOTTLE__Fv
80099808:item_getcheck_func_RED_RUPEE__Fv
80099CF0:item_getcheck_func_SHIELD__Fv
8009AE90:item_getcheck_func_SHOP_BEE_CHILD__Fv
80099898:item_getcheck_func_SILVER_RUPEE__Fv
8009B5E8:item_getcheck_func_SMALL_KEY2__Fv
80099B50:item_getcheck_func_SMALL_KEY__Fv
8009B008:item_getcheck_func_SMELL_CHILDREN__Fv
8009AFEC:item_getcheck_func_SMELL_FISH__Fv
8009B024:item_getcheck_func_SMELL_MEDICINE__Fv
8009AFD0:item_getcheck_func_SMELL_POH__Fv
8009AFC8:item_getcheck_func_SMELL_PUMPKIN__Fv
8009AFAC:item_getcheck_func_SMELL_YELIA_POUCH__Fv
80099FA4:item_getcheck_func_SPINNER__Fv
8009B6A8:item_getcheck_func_SURFBOARD__Fv
80099C58:item_getcheck_func_SWORD__Fv
800998C8:item_getcheck_func_S_MAGIC__Fv
8009B648:item_getcheck_func_TASTE__Fv
80099D50:item_getcheck_func_TKS_LETTER__Fv
8009B618:item_getcheck_func_TOMATO_PUREE__Fv
80099B48:item_getcheck_func_TRIPLE_HEART__Fv
8009A848:item_getcheck_func_UGLY_SOUP__Fv
80099B60:item_getcheck_func_UTUWA_HEART__Fv
80099EA4:item_getcheck_func_WALLET_LV1__Fv
80099EAC:item_getcheck_func_WALLET_LV2__Fv
80099EB4:item_getcheck_func_WALLET_LV3__Fv
80099A90:item_getcheck_func_WATER_BOMB_10__Fv
80099A98:item_getcheck_func_WATER_BOMB_20__Fv
80099AA0:item_getcheck_func_WATER_BOMB_30__Fv
80099A88:item_getcheck_func_WATER_BOMB_5__Fv
8009A9B0:item_getcheck_func_WATER_BOMB__Fv
8009A7AC:item_getcheck_func_WATER_BOTTLE__Fv
80099D94:item_getcheck_func_WEAR_CASUAL__Fv
80099DC4:item_getcheck_func_WEAR_KOKIRI__Fv
80099E28:item_getcheck_func_WEAR_ZORA__Fv
80099CC0:item_getcheck_func_WOOD_SHIELD__Fv
8009AD00:item_getcheck_func_WOOD_STATUE__Fv
80099F30:item_getcheck_func_WOOD_STICK__Fv
8009A5E0:item_getcheck_func_WORM_ROD__Fv
8009AA44:item_getcheck_func_WORM__Fv
8009A13C:item_getcheck_func_W_HOOKSHOT__Fv
800997D8:item_getcheck_func_YELLOW_RUPEE__Fv
80099EBC:item_getcheck_func_ZORAS_JEWEL__Fv
80099768:item_getcheck_func_noentry__Fv
803B1258:item_getcheck_func_ptr
803B0A58:item_info__10dItem_data
80455B18:item_no$5460
803AE280:item_resource__10dItem_data
803BD5A0:item_seira_shop
80396F48:item_tag$5040
80458186:j2dDefaultAlphaCmp
80458178:j2dDefaultBlendInfo
80458154:j2dDefaultColInfo
80458180:j2dDefaultColorChanInfo
803A38D4:j2dDefaultIndTevStageInfo
80458168:j2dDefaultIndTexCoordScaleInfo
803A38A4:j2dDefaultIndTexMtxInfo
8045815C:j2dDefaultIndTexOrderNull
8045817C:j2dDefaultPEBlockDither
80458160:j2dDefaultTevColor
8045816C:j2dDefaultTevKColor
80458158:j2dDefaultTevOrderInfoNull
803A38C0:j2dDefaultTevStageInfo
80458170:j2dDefaultTevSwapMode
80458174:j2dDefaultTevSwapModeTable
80458184:j2dDefaultTevSwapTableID
803A3860:j2dDefaultTexCoordInfo
803A3880:j2dDefaultTexMtxInfo
80452BF8:j2dHeap
80438E20:j3dAlphaCmpTable
804583D2:j3dDefaultAlphaCmpID
8045839C:j3dDefaultAmbInfo
804583C4:j3dDefaultBlendInfo
80458398:j3dDefaultColInfo
804583C8:j3dDefaultColorChanInfo
803A3C9C:j3dDefaultFogInfo
803A3C90:j3dDefaultIndTevStageInfo
804583B4:j3dDefaultIndTexCoordScaleInfo
803A3C60:j3dDefaultIndTexMtxInfo
804583A8:j3dDefaultIndTexOrderNull
803A3BA8:j3dDefaultLightInfo
803A3B3C:j3dDefaultMtx
803A3CC8:j3dDefaultNBTScaleInfo
804583A0:j3dDefaultNumChans
803A3B30:j3dDefaultScale
804583AC:j3dDefaultTevColor
804583B8:j3dDefaultTevKColor
804583A4:j3dDefaultTevOrderInfoNull
803A3C7C:j3dDefaultTevStageInfo
804583BC:j3dDefaultTevSwapMode
804583C0:j3dDefaultTevSwapModeTable
804583D0:j3dDefaultTevSwapTableID
803A3BDC:j3dDefaultTexCoordInfo
803A3BFC:j3dDefaultTexMtxInfo
803A3B10:j3dDefaultTransformInfo
80453560:j3dDefaultViewNo
804583D4:j3dDefaultZModeID
803CF850:j3dIdentityMtx
80436A88:j3dSys
80438A20:j3dTevSwapTableTable
80436C58:j3dTexCoordTable
80439120:j3dZModeTable
803AA2B0:j_o_id__8dPa_name
803C98C0:jdsp
80159464:jntNodeCB__10daNpcCd2_cFP8J3DJointP8J3DModel
80157290:jntNodeCB__9daNpcCd_cFP8J3DJointP8J3DModel
802D0EB4:joinTwoBlocks__10JKRExpHeapFPQ210JKRExpHeap9CMemBlock
8009DF9C:jointControll__9daAlink_cFi
80455080:jointID$41285
803C61C0:jpa_crd
803C6280:jpa_dl
803C62A0:jpa_dl_x
803C6060:jpa_pos
803C6264:jpa_resource_padding
8042684C:jpcName$4821
80072474:judgementStatus4Hold__12dAttention_cFv
80072720:judgementStatus4Switch__12dAttention_cFv
80397C18:juji_c$5849
80397D80:juji_c$6209
8039A028:juji_i_tag$5269
8039A050:juji_m_tag$5270
80167EE4:jutOutCheck__9dCamera_cFP4cXyzf
803B4930:kBridgePortal$39239
8039C168:kColor$localstatic3$draw__9dkWmark_cFv
80455238:kandelaarAnm$62207
80110AF8:kandelaarModelCallBack__9daAlink_cFv
80393220:kandelaarOffset$32655
8019D874:kankyo_color_ratio_calc__FP8_GXColor11_GXColorS10f
8019D814:kankyo_color_ratio_calc_common__Fsf
8019D8E4:kankyo_color_ratio_set__FUcUcfUcUcfsf
803968D0:kaz_n$6347
800BFA60:keepItemData__9daAlink_cFv
80182CDC:keepLock__12dAttention_cFi
801F64C0:ketteiTxtDispAnmInit__12dMenu_save_cFUc
8018D704:ketteiTxtDispAnmInit__14dFile_select_cFUc
801F653C:ketteiTxtDispAnm__12dMenu_save_cFv
8018D780:ketteiTxtDispAnm__14dFile_select_cFv
8020EC90:keyCheck__11dMeterMap_cFv
80452BD6:key_ganon$1218
80452BD5:key_link$1217
80396F30:key_tag$5002
8039A000:key_tag$5165
801FA400:key_wait_init__5dMw_cFUc
801FAD0C:key_wait_proc__5dMw_cFv
80452BD7:key_zelda$1219
80015940:kick__17mDoDvdThd_param_cFv
8029E710:killActiveChannel__13JASDSPChannelFv
80225B64:killSubContents__9dMeter2_cFUc
8037AAE8:l_100x100BoxVertexList
8042A5BC:l_Cd2_HIO
80427924:l_Cd_HIO
8042E9EC:l_HIO
803F7724:l_RoomKeepDoorInfo
80452F20:l_SetCounter
80452B80:l_affCommand
804526D8:l_alphaCompInfo
80453DB0:l_alphaCompInfo$3775
804526D0:l_alphaCompInfoOPA
80452B84:l_arcCommand
803B44FC:l_atCpsSrc
803B44B8:l_atCylSrc
80452654:l_autoDownHeight
80452650:l_autoUpHeight
80454C18:l_bArcName
803AA740:l_backSubMat
8039C4C8:l_base
80427544:l_boarBaseAnime
80453E44:l_bossStartColor
803B81F4:l_btpTWTbl
803B8104:l_btpTbl
80454C40:l_cWShdArcName
8042758C:l_canoeBaseAnime
80452648:l_captureAlpha
803AA680:l_clearMat
80452608:l_color$4033
8045260C:l_color$5004
80452610:l_color$5326
80391260:l_crawlBackOffset
80391290:l_crawlBackUpOffset
80391254:l_crawlFrontOffset
80391278:l_crawlFrontUpOffset
80391308:l_crawlLSideFrontOffset
803912F0:l_crawlLSideOffset
80391320:l_crawlMinSideOffset
80391314:l_crawlRSideFrontOffset
803912FC:l_crawlRSideOffset
803912D8:l_crawlSideOffset
803912A8:l_crawlStandUpOffset
80391248:l_crawlStartFrontOffset
8039126C:l_crawlTopOffset
803912C0:l_crawlTopUpOffset
803A52D0:l_cullSizeBox
803A5420:l_cullSizeSphere
803C4670:l_cur0TagName$4723
803C46B0:l_cur1TagName$4724
804525F8:l_cursorColor$4709
803B4434:l_cylSrc
803BC4E8:l_dEnvSe_Method
803BDA0C:l_dGameover_Method
803BDD80:l_dKy_Method
803BDE78:l_dKyeff2_Method
803BDE38:l_dKyeff_Method
803C1734:l_dMeter2_Method
803C287C:l_dMsgObject_Method
803C0D60:l_dMw_Method
803C4C48:l_dOvlpFd2_Method
803C4CC8:l_dOvlpFd3_Method
803C4AC0:l_dOvlpFd_Method
803C4F84:l_dScnLogo_Method
803C5094:l_dScnName_Method
803C5178:l_dScnPly_Method
803C522C:l_dScnRoom_Method
803BDEB8:l_dThunder_Method
803C539C:l_dTimer_Method
803B4A8C:l_daAlink_Method
803BBC34:l_daItem_Method
803AAE78:l_darkworld_tbl
803BE8A0:l_data
80391238:l_defaultGetEventName
80453E4C:l_destinationStartColor
803C53E8:l_dkWmark_Method
803C5428:l_dkWpillar_Method
80453E18:l_doorWhite
80453E20:l_doorWhite2
80453E1C:l_doorWhiteNoStay
80453E24:l_doorWhiteNoStay2
8037B008:l_drawlistSize
80397150:l_dungeon_offColor$3841
80379D1C:l_dungeon_offColor$3937
80397174:l_dungeon_onColor$3842
80379D40:l_dungeon_onColor$3938
803979D0:l_dungeon_onColor$4186
80397A18:l_dungeon_pointColor$4188
80397198:l_dungeon_stayColor$3843
80379D64:l_dungeon_stayColor$3939
803979F4:l_dungeon_stayColor$4187
80452CF8:l_dvdError$1618
80452F70:l_dvdError$1948
80453E38:l_entranceLv8StartColor
80453E34:l_entranceStartColor
803A8330:l_envLayerFuncTable$5142
803AB574:l_envr_default
803C4E2C:l_execFunc
803AB21C:l_field_data
803F3D78:l_fopCamM_id
80452CB8:l_fopDwTg_id
803F3D88:l_fopOvlpM_Request
80452570:l_fopOvlpM_overlap
80452CA0:l_fopScnRq_IsUsingOfOverlap
803F6C90:l_fpcLn_Line
803A5690:l_fpcLy_Crear
80452CD8:l_fpcLy_CurrLayer_p
803A56BC:l_fpcLy_LayerList
803A5718:l_fpcNdRq_Queue
803F6DF8:l_fpcPi_Queue
803AA6E0:l_frontMat
803AA4E0:l_frontNoZSubMat
803AA4A0:l_frontZMat
803A8318:l_funcTable$5136
803A839C:l_funcTable$5163
803A84D4:l_funcTable$5168
803A857C:l_funcTable$5173
803A85DC:l_funcTable$5178
804274E4:l_halfAtnWaitBaseAnime
80452C8C:l_hio
8042764C:l_hookSnowSandHitScale
8042752C:l_horseBaseAnime
803BD188:l_htag$3879
80454C38:l_hyShdArcName
8037ABCC:l_iconPosData$4686
80379CD8:l_iconSize$3698
80453E5C:l_iconTex0$4523
80453E6C:l_iconTex0$4605
803AAA5C:l_imageDrawColor$5405
803913BC:l_insectNameList
803A4D00:l_invisibleMat$7041
804274CC:l_ironBallBaseAnime
80391350:l_ironBallCenterVec
80391344:l_ironBallChainVec
80452F18:l_isFinalBossStg
803BF55C:l_itemno$4346
803BF574:l_itemno$4364
803A8EB0:l_itemno$6402
803B468C:l_jntColData
803B4548:l_jntColPos0
803B4560:l_jntColPos1
803B45D8:l_jntColPos10
803B45F0:l_jntColPos11
803B4608:l_jntColPos12
803B4620:l_jntColPos13
803B4638:l_jntColPos14
803B4650:l_jntColPos15
803B4668:l_jntColPos16
803B4680:l_jntColPos17
803B456C:l_jntColPos2
803B4584:l_jntColPos4
803B459C:l_jntColPos6
803B45A8:l_jntColPos8
803B45C0:l_jntColPos9
80454C20:l_kArcName
803AAB78:l_kydata_BloomInf_tbl
80427514:l_lWaitBaseAnime
80452658:l_ladderAnmBaseTransY
803A82DC:l_layerFuncTable$5053
803A8300:l_layerFuncTable$5131
803A836C:l_layerFuncTable$5158
803A8324:l_layerFuncTableA$5141
803A9FE8:l_lifeBallColor
80453098:l_lightCount
803AAF88:l_light_size_tbl
803AB0A8:l_light_size_tbl_tw
80456180:l_lineWidthPatData$4134
80456188:l_lineWidthPatData2$4135
80456024:l_lineWidthPatOff$3807
8045603C:l_lineWidthPatOff$3820
80453C80:l_lineWidthPatOff$3899
8045602C:l_lineWidthPatOn$3808
80456044:l_lineWidthPatOn$3821
80453C88:l_lineWidthPatOn$3900
80456034:l_lineWidthPatStay$3809
8045604C:l_lineWidthPatStay$3822
80453C90:l_lineWidthPatStay$3901
80427574:l_localBoarRidePos
8042755C:l_localHorseRidePos
80454C30:l_mArcName
8045619C:l_mapBaseColor$4181
80453E08:l_mapBaseColor$4239
803AB0F0:l_maple_col
803A4E40:l_mat1DL
803A4DA0:l_matDL
803AA9E0:l_matDL$5404
803C46F0:l_menu_icon_tag$4730
803C4788:l_menu_msg$4732
803C4710:l_menu_tag$4731
803BC3B8:l_method$17952
803A5270:l_method$3807
80452718:l_method$3856
803C5218:l_method$4056
803C4EEC:l_method$4634
803C514C:l_method$4860
803A8E98:l_method$5017
803A8EA4:l_method$5051
803C4254:l_mojiEisu
803C4358:l_mojiEisuPal_1
803C445C:l_mojiEisuPal_2
803C3C3C:l_mojiHira
803C3D40:l_mojiHira2
803C3E44:l_mojiHira3
803C3F48:l_mojikata
803C404C:l_mojikata2
803C4150:l_mojikata3
80452704:l_msgNum$3881
8045268C:l_msgNum$7087
80452700:l_msgNum0$3868
804562F8:l_msgNum2$3920
80452688:l_msgNum2$7007
803C49E0:l_nameCurTagName$4756
803C49A0:l_nameTagName$4755
8037B034:l_nonSortId
803BCA98:l_nouseTag$6551
80453E48:l_npc0StartColor
80453E50:l_npcYkmStartColor
80453E54:l_npcYkwStartColor
803BCA10:l_numTex$5626
803A57F8:l_objectName
8037ABEC:l_offset$4703
804307C8:l_offsetPos$localstatic3$draw__10dThunder_cFv
80397060:l_paletteDmap_m
803E0C00:l_param__9mDoDvdThd
803B167C:l_peepEventName
8039B8D8:l_preLoad_dylKeyTbl
803AB55C:l_pselect_default
804274FC:l_rWaitBaseAnime
80452614:l_realImageSize$5383
803A82AC:l_roomFuncTable$5052
80426698:l_runAction
80454C48:l_sWShdArcName
804307D4:l_scale$localstatic5$draw__10dThunder_cFv
80452578:l_scnRqID
803AA5C0:l_shadowProjMat
803AA960:l_shadowSealDL
803AA900:l_shadowSealTex2DL
803AA8A0:l_shadowSealTexDL
803AA580:l_shadowVolDL
803AA620:l_shadowVolMat
803AA50C:l_shadowVolPos
803AA840:l_shadowVolumeDL
803BBDA0:l_sightDL
803AA77C:l_simpleShadowPos
80453E40:l_smallKeyStartColor
803B4478:l_sphSrc
80452F40:l_start
80426680:l_startAction
80379D98:l_stayType$4046
804275A4:l_sumouBaseAnimeSp
80391338:l_swordTopLocalM
8039132C:l_swordTopLocalN
803C4798:l_tagName$4748
803BFCB8:l_tagName0$3857
803BCA20:l_tagName0$6522
803BFCF0:l_tagName00$3879
803BFCD0:l_tagName000$3866
803BCB78:l_tagName000$6902
803BFCE0:l_tagName000U$3867
803BCB88:l_tagName001$6903
803BCB98:l_tagName002$6904
803BCBA8:l_tagName003$6905
803BCBB8:l_tagName004$6906
803BCBC8:l_tagName005$6907
803BFD00:l_tagName00U$3880
803BCC98:l_tagName011$7085
803BCCB0:l_tagName011U$7086
80398708:l_tagName012$3918
803BCBD8:l_tagName012$7004
80398718:l_tagName013$3919
803BCBE8:l_tagName013$7005
803BCBF8:l_tagName013U$7006
803BCC80:l_tagName1$7084
803BFD68:l_tagName10$3899
80398738:l_tagName10$3929
803BCC18:l_tagName10$7016
803BCA00:l_tagName101$5625
803BFD78:l_tagName11$3900
80398748:l_tagName11$3930
803BCC28:l_tagName11$7017
803BFD88:l_tagName12$3909
803BCA80:l_tagName12$6544
803BC580:l_tagName13
803BFE10:l_tagName13$3937
803BCB60:l_tagName131$6581
803BCB20:l_tagName18$6564
803BCB38:l_tagName19$6565
803BFE00:l_tagName20$3929
803BCB50:l_tagName20$6573
803BFDA0:l_tagName21$3916
803BCB10:l_tagName21$6557
803BFDB0:l_tagName211$3917
803BFD10:l_tagName3$3887
803BCA38:l_tagName3$6533
803BFD28:l_tagName4$3888
803BCA50:l_tagName4$6534
803BFD40:l_tagName5$3889
803BCA68:l_tagName5$6535
803BCC38:l_tagName6$7081
803BCC50:l_tagName7$7082
803BCC68:l_tagName8$7083
803BFD58:l_tagName9$3898
80398728:l_tagName9$3928
803BCC08:l_tagName9$7015
80452558:l_tevColor0$4208
803AAA6C:l_tevColorChan$5438
804525EC:l_tevOrderInfo$3773
8037A734:l_tevStageInfo$3774
80453E28:l_tex0$4406
804525E8:l_texCoordInfo$3772
80452F71:l_texCopied$1971
8037A6D0:l_texMtxInfo
803DFC00:l_threadStack__9mDoDvdThd
803DF8E0:l_thread__9mDoDvdThd
803AB114:l_time_attribute
803AB198:l_time_attribute_boss
80453E58:l_tksStartColor
80426608:l_translation$5232
8037AB18:l_treasureDispList$4524
8037AB48:l_treasureDispList$4606
80453E3C:l_treasureStartColor
803AB5F8:l_vr_box_data
80454C10:l_wArcName
804274B4:l_waitBaseAnime
80452F44:l_wcsbuf_num
803C5110:l_wipeType$4081
804275BC:l_wolfBaseAnime
80427698:l_wolfBiteHitMarkScale
8039135C:l_wolfFootOnFrame
803B4848:l_wolfJntColData
803B4764:l_wolfJntColPos0
803B477C:l_wolfJntColPos1
803B47E8:l_wolfJntColPos10
803B4800:l_wolfJntColPos12
803B4818:l_wolfJntColPos14
803B4830:l_wolfJntColPos16
803B4788:l_wolfJntColPos2
803B47A0:l_wolfJntColPos4
803B47B8:l_wolfJntColPos6
803B47D0:l_wolfJntColPos8
8039129C:l_wolfLieBackUpOffset
80391284:l_wolfLieFrontUpOffset
803912E4:l_wolfLieSideOffset
803912B4:l_wolfLieStandUpOffset
803912CC:l_wolfLieTopUpOffset
804275D4:l_wolfRopeBaseAnime
80391220:l_wolfWorldChangeEventName
80391210:l_worldChangeEventName
80454C28:l_zArcName
80454084:l_zSortId
804526CC:l_zmodeUpDisable
804526C8:l_zmodeUpEnable
80393648:label$45760
80455628:lastGanonArcName$4620
8045327C:lastRspMadep__9JASDriver
80026B98:layerActorLoader__FPvP11dStage_dt_ci
800269BC:layerMemoryInfoLoader__FPvP11dStage_dt_ci
80026A5C:layerTableLoader__FPvP11dStage_dt_ci
80452CE4:layer_id$2311
80454EF8:lbl_80454EF8
80454EF9:lbl_80454EF9
804517D0:lc_base
8036D100:ldexp
80393190:leftOffset$19386
803B4A38:leftRotLarge$41097
803B4A20:leftRotLight$41092
803B4A14:leftRotNormal$41087
803B4A5C:leftRotWater$41102
803934D8:leftTransLarge$41100
8039349C:leftTransLight$41095
80393484:leftTransNormal$41090
80393520:leftTransWater$41105
803936D8:leg1Vec$56150
803936E4:leg2Vec$56151
803987E8:let2_n$5215
801808E0:letCamera__9dCamera_cFl
803987B8:let_n$5214
801B5720:letter_close_init__17dMenu_Collect2D_cFv
801B575C:letter_close_proc__17dMenu_Collect2D_cFv
803C14FC:letter_data__12dMenu_Letter
801DDC20:letter_init_calc__14dMenu_Letter_cFv
801B5674:letter_move_init__17dMenu_Collect2D_cFv
801B56B0:letter_move_proc__17dMenu_Collect2D_cFv
801B5568:letter_open_init__17dMenu_Collect2D_cFv
801B5604:letter_open_proc__17dMenu_Collect2D_cFv
80399B20:life_tag$4931
80399D00:lifet1_tag$4934
80399DA0:lifet2_tag$4935
80393448:lightALocalTrans$40830
8039343C:lightAParticleScale$40829
804526C0:lightMask
803BDB8C:lightMaskData
803BDAA4:lightStatusBase
8043003C:lightStatusData
804526C4:lightStatusPt
801CA890:light_demo1_init__12dMenu_Fmap_cFv
801CAA68:light_demo1_move__12dMenu_Fmap_cFv
801CAAA4:light_demo2_init__12dMenu_Fmap_cFv
801CAAD8:light_demo2_move__12dMenu_Fmap_cFv
8015FC38:limitf__22@unnamed@d_camera_cpp@Ffff
80252AA0:limitter__16dNpcLib_lookat_cFPssss
8014DD4C:limitter__18daBaseNpc_lookat_cFsPsss
80167E04:lineBGCheckBoth__9dCamera_cFP4cXyzP4cXyzP11dBgS_LinChkUl
80165ACC:lineBGCheck__9dCamera_cFP4cXyzP4cXyzP11dBgS_LinChkUl
80165C00:lineBGCheck__9dCamera_cFP4cXyzP4cXyzP4cXyzUl
80165CFC:lineBGCheck__9dCamera_cFP4cXyzP4cXyzUl
8001DD10:lineCheck__11fopAcM_lc_cFPC4cXyzPC4cXyzPC10fopAc_ac_c
80165D6C:lineCollisionCheckBush__9dCamera_cFP4cXyzP4cXyz
8017505C:lineCollisionCheck__22@unnamed@d_camera_cpp@F4cXyz4cXyzP10fopAc_ac_cP10fopAc_ac_cP10fopAc_ac_c
8008FBC4:lineCollisionCheck__25@unnamed@d_ev_camera_cpp@F4cXyz4cXyzP10fopAc_ac_cP10fopAc_ac_cP10fopAc_ac_c
802EA364:lineTo__14J2DGrafContextFQ29JGeometry8TVec2<f>
802EA288:line__14J2DGrafContextFQ29JGeometry8TVec2<f>Q29JGeometry8TVec2<f>
80398510:line_tag$4914
802AA48C:linearTransform__6Z2CalcFfffffb
80452698:linespace$7236
8015F768:linkGrabSubjectNoDraw__9daPy_py_cFP10fopAc_ac_c
802630D0:link__24DynamicModuleControlBaseFv
803F3DB0:lists$2216
803A3950:lit_1557
803A3960:lit_1566
803A3970:lit_1575
803A3980:lit_1581
803A3990:lit_1587
803A39A0:lit_1596
803A39B0:lit_1605
803A39C0:lit_1612
803A4030:ln2HI
803A4040:ln2LO
802BAB40:load1stDynamicWave__10Z2SceneMgrFv
802BAF20:load2ndDynamicWave__10Z2SceneMgrFv
800C0054:loadAramBmd__9daAlink_cFUsUl
800C017C:loadAramItemBrk__9daAlink_cFUsP8J3DModel
800C01D8:loadAramItemBtk__9daAlink_cFUsP8J3DModel
800C0234:loadAramItemBtp__9daAlink_cFUsP8J3DModel
800C0110:loadAram__9daAlink_cFUsUl
802BB570:loadBgmWave__10Z2SceneMgrFUl
80335A20:loadBinaryDisplayList__14J3DModelLoaderFPCvUl
802DEB98:loadCache_char_subroutine__12JUTCacheFontFPib
8015F324:loadDataDemoRID__14daPy_anmHeap_cFUsUs
8015F274:loadDataIdx__14daPy_anmHeap_cFUs
8015F2DC:loadDataPriIdx__14daPy_anmHeap_cFUs
8015F190:loadData__14daPy_anmHeap_cFUs
8025BFD0:loadDemoArchive__Fi
802A6CC0:loadDynamicSeq__14JAUSectionHeapF10JAISoundIDb
802A7A18:loadDynamicSeq__23JAUDynamicSeqDataBlocksF10JAISoundIDbP14JAISeqDataUser
800926BC:loadEvCamera__9dCamera_cFv
8031402C:loadExecute__17J3DDifferedTexMtxFPA4_Cf
802E09E8:loadFont__10JUTResFontFi11_GXTexMapIDPQ27JUTFont6TWidth
80312E4C:loadGX__10J3DTextureCFUs11_GXTexMapID
802E0D60:loadImage__10JUTResFontFi11_GXTexMapID
802DEAE4:loadImage__12JUTCacheFontFi11_GXTexMapID
803358BC:loadMaterialTable__14J3DModelLoaderFPCv
8014027C:loadModelDVD__9daAlink_cFv
8031476C:loadMtxConcatView_NCPU__21J3DShapeMtxConcatViewCFiUs
803146C8:loadMtxConcatView_PCPU__21J3DShapeMtxConcatViewCFiUs
80314814:loadMtxConcatView_PNCPU__21J3DShapeMtxConcatViewCFiUs
803148C8:loadMtxConcatView_PNGP_LOD__21J3DShapeMtxConcatViewCFiUs
80314628:loadMtxConcatView_PNGP__21J3DShapeMtxConcatViewCFiUs
80313F88:loadMtxIndx_NCPU__11J3DShapeMtxCFiUs
80313F28:loadMtxIndx_PCPU__11J3DShapeMtxCFiUs
80313FD4:loadMtxIndx_PNCPU__11J3DShapeMtxCFiUs
80313EE4:loadMtxIndx_PNGP__11J3DShapeMtxCFiUs
80324F60:loadNBTScale__FR11J3DNBTScale
80310CE4:loadNrmMtxIndx__6J3DSysCFiUs
80315398:loadNrmMtx__21J3DShapeMtxConcatViewCFiUs
80314B28:loadNrmMtx__21J3DShapeMtxConcatViewCFiUsPA4_f
803154AC:loadNrmMtx__26J3DShapeMtxMultiConcatViewCFiUs
80314F9C:loadNrmMtx__26J3DShapeMtxMultiConcatViewCFiUsPA4_f
80310CC0:loadPosMtxIndx__6J3DSysCFiUs
803251BC:loadPostTexMtx__9J3DTexMtxCFUl
80316100:loadPreDrawSetting__8J3DShapeCFv
80278AC8:loadPrjAnm__FPC18JPAEmitterWorkDataPA4_Cf
80278A90:loadPrj__FPC18JPAEmitterWorkDataPA4_Cf
80148604:loadRes__8daNpcT_cFPCScPPCc
80291B18:loadResourceAsync__15JASResArcLoaderFP10JKRArchiveUsPUcUlPFUlUl_vUl
80291A7C:loadResourceCallback__15JASResArcLoaderFPv
8003B43C:loadResource__11dRes_info_cFv
80158DC4:loadResrc__10daNpcCd2_cFii
80156D58:loadResrc__9daNpcCd_cFii
800245C4:loadRoom__20dStage_roomControl_cFiPUcb
802BB504:loadSeWave__10Z2SceneMgrFUl
8029B058:loadSetup__10JASWaveArcFUl
803174DC:loadSharedDL__11J3DMaterialFv
80317E88:loadSharedDL__17J3DLockedMaterialFv
80317DFC:loadSharedDL__18J3DPatchedMaterialFv
80140480:loadShieldModelDVD__9daAlink_cFv
802BB36C:loadStaticWaves__10Z2SceneMgrFv
8029B380:loadTail__10JASWaveArcFP7JASHeap
80324444:loadTexCoordGens__FUlP11J3DTexCoord
80325158:loadTexMtx__9J3DTexMtxCFUl
80324D94:loadTexNo__FUlRCUs
802F3844:loadTexture__11J2DTevBlockF11_GXTexMapIDUl
802ED370:loadTexture__12J2DTevBlock1F11_GXTexMapIDUl
802EE674:loadTexture__12J2DTevBlock2F11_GXTexMapIDUl
802EFB1C:loadTexture__12J2DTevBlock4F11_GXTexMapIDUl
802F0F9C:loadTexture__12J2DTevBlock8F11_GXTexMapIDUl
802F241C:loadTexture__13J2DTevBlock16F11_GXTexMapIDUl
8027FD50:loadTexture__14JPABaseEmitterFUc11_GXTexMapID
8029B178:loadToAramCallback__10JASWaveArcFPv
80297648:loadToAramTask__13JASAramStreamFPv
802DB7C0:loadToAram_Async__16JKRDvdAramRipperFP10JKRDvdFileUl15JKRExpandSwitchPFUl_vUlUlPUl
802DB718:loadToAram__16JKRDvdAramRipperFP10JKRDvdFileUl15JKRExpandSwitchUlUlPUl
802DB674:loadToAram__16JKRDvdAramRipperFlUl15JKRExpandSwitchUlUlPUl
802DAB10:loadToMainRAM__12JKRDvdRipperFP10JKRDvdFilePUc15JKRExpandSwitchUlP7JKRHeapQ212JKRDvdRipper15EAllocDirectionUlPiPUl
802DA998:loadToMainRAM__12JKRDvdRipperFPCcPUc15JKRExpandSwitchUlP7JKRHeapQ212JKRDvdRipper15EAllocDirectionUlPiPUl
802DAA54:loadToMainRAM__12JKRDvdRipperFlPUc15JKRExpandSwitchUlP7JKRHeapQ212JKRDvdRipper15EAllocDirectionUlPiPUl
80315CEC:loadVtxArray__8J3DShapeCFv
802A6748:loadWaveArc__10JAUSectionFUlUl
8030009C:load__10J2DPictureF11_GXTexMapIDUc
80300068:load__10J2DPictureFUc
8029B2C0:load__10JASWaveArcFP7JASHeap
802DF75C:load__10JUTPaletteFv
802DF640:load__10JUTTextureF11_GXTexMapID
80324390:load__11J3DLightObjCFUl
8031748C:load__11J3DMaterialFv
80314994:load__11J3DShapeMtxCFv
80318130:load__11J3DTevBlockFv
802EAE98:load__12J2DIndTexMtxFUc
80306064:load__12J2DPictureExF11_GXTexMapIDUc
80307F34:load__12J2DPictureExFUc
8031BB64:load__12J3DTevBlock1Fv
8031BDA4:load__12J3DTevBlock2Fv
8031C2C0:load__12J3DTevBlock4Fv
80318124:load__13J3DColorBlockFv
8031F208:load__13J3DPEBlockOpaFv
8031F78C:load__13J3DPEBlockXluFv
8031C804:load__13J3DTevBlock16Fv
802978E8:load__13JASAramStreamFv
802EAE44:load__14J2DIndTevStageFUc
802EAEFC:load__14J2DIndTexOrderFUc
803355E0:load__14J3DModelLoaderFPCvUl
803201C0:load__14J3DPEBlockFullFv
803337A0:load__14J3DPEBlockNullFv
8031EF2C:load__15J3DIndBlockFullFv
8031819C:load__15J3DIndBlockNullFv
8031B748:load__15J3DTexGenBlock4Fv
80016968:load__15mDoMemCd_Ctrl_cFv
8031FA50:load__16J3DPEBlockFogOffFv
80314C4C:load__16J3DShapeMtxMultiCFv
80317E6C:load__17J3DLockedMaterialFv
8031F4C8:load__17J3DPEBlockTexEdgeFv
802A558C:load__17JAUAudioArcLoaderFPCv
80317DE0:load__18J3DPatchedMaterialFv
80323770:load__18J3DTevBlockPatchedFv
803338B0:load__18J3DTexGenBlockNullFv
8030A108:load__19J2DAnmKeyLoader_v15FPCv
802EAECC:load__19J2DIndTexCoordScaleFUc
80339B44:load__19J3DAnmKeyLoader_v15FPCv
8031B7E8:load__19J3DTexGenBlockBasicFv
8002F45C:load__19dComIfG_resLoader_cFPPCcP7JKRHeap
8030A880:load__20J2DAnmFullLoader_v15FPCv
8030986C:load__20J2DAnmLoaderDataBaseFPCv
80339358:load__20J3DAnmFullLoader_v15FPCv
80338940:load__20J3DAnmLoaderDataBaseFPCv24J3DAnmLoaderDataBaseFlag
80335044:load__20J3DClusterLoader_v15FPCv
803195F4:load__20J3DColorBlockLightOnFv
80318A0C:load__21J3DColorBlockLightOffFv
80314A54:load__21J3DShapeMtxConcatViewCFv
80323C70:load__21J3DTexGenBlockPatchedFv
80318F6C:load__22J3DColorBlockAmbientOnFv
803354BC:load__22J3DModelLoaderDataBaseFPCvUl
80334F30:load__24J3DClusterLoaderDataBaseFPCv
80314DA4:load__26J3DShapeMtxMultiConcatViewCFv
803150D4:load__27J3DShapeMtxBBoardConcatViewCFv
803151E4:load__28J3DShapeMtxYBBoardConcatViewCFv
802EAA90:load__9J2DTexMtxFUl
803246C4:load__9J3DTexMtxCFUl
802631EC:load_async__24DynamicModuleControlBaseFv
8027E6E0:load_jpc__17JPAResourceLoaderFPCUcP18JPAResourceManager
8003AF44:loaderBasicBmd__11dRes_info_cFUlPv
80017228:loadfile__15mDoMemCd_Ctrl_cFv
80452620:loc_type_num__12dAttention_c
803AB8D8:loc_type_tbl__12dAttention_c
80393888:localBoomCatchPos$74910
803930B8:localCenter$11047
80393750:localEye$59873
8039378C:localEyeFromRoot$59878
80393618:localFootOffset$45107
8039372C:localHandPos$56752
80393834:localHead$61779
80393744:localHeadCenter$59872
8039375C:localHeadTop$59874
80393154:localHorseRun$18095
80393160:localHorseRun$18103
803936FC:localLeftFootOffset$56542
80393714:localLeftToeOffset$56544
8039316C:localOffset$18237
80393454:localOffset$40952
803931E4:localPaddleTop$20605
803930C4:localPos$11819
80393708:localRightFootOffset$56543
80393720:localRightToeOffset$56545
80393460:localScale0$40953
8039346C:localScale1$40954
803930DC:localSidePos$14270
802F555C:locate__8J2DPrintFff
80072EB0:lockSoundStart__12dAttention_cFUl
802A3020:lockWhenPrepared__15JAISoundStatus_Fv
8032847C:lock__8J3DModelFv
8016C590:lockonCamera__9dCamera_cFl
80258824:logoInitGC__10dScnLogo_cFv
80368E60:long2str
80368B4C:longlong2str
80297010:loopEnd__12JASSeqReaderFv
80296FCC:loopStart__12JASSeqReaderFUl
80393424:loseScale$40014
8007241C:lostCheck__12dAttention_cFv
802AA2D4:lower_bound<PCUl,Ul>__3stdFPCUlPCUlRCUl
801BFAF8:lv5_talk_init_proc__12dMenu_Dmap_cFv
801BFB50:lv5_talk_proc__12dMenu_Dmap_cFv
80452E38:mAllCenterX__8dMpath_c
80452E3C:mAllCenterZ__8dMpath_c
80452E40:mAllSizeX__8dMpath_c
80452E44:mAllSizeZ__8dMpath_c
80452D30:mArcBankData__20dStage_roomControl_c
80452D2C:mArcBankName__20dStage_roomControl_c
803A864C:mArcBank__20dStage_roomControl_c
80453330:mAudioMgrPtr__10Z2AudioMgr
80452BA7:mAutoForcus__13mDoGph_gInf_c
80452550:mBackColor__13mDoGph_gInf_c
80452B7A:mBgmSet__17mDoAud_zelAudio_c
80452BA4:mBlureFlag__13mDoGph_gInf_c
803DF3DC:mBlureMtx__13mDoGph_gInf_c
80452BA5:mBlureRate__13mDoGph_gInf_c
804530B8:mBmgStatus
804525F4:mBottomFloorNo__8dMpath_c
803B543C:mCcDCyl__11daBaseNpc_c
803B54C0:mCcDCyl__8daNpcF_c
803B53B8:mCcDCyl__8daNpcT_c
80393E80:mCcDObjData__8daNpcT_c
80393EE0:mCcDObjInfo__8daNpcF_c
80393EB0:mCcDObj__11daBaseNpc_c
803B5480:mCcDSph__11daBaseNpc_c
803B5504:mCcDSph__8daNpcF_c
803B53FC:mCcDSph__8daNpcT_c
80452ADA:mCheckHeap
803DF884:mClipper__14mDoLib_clipper
80453350:mCodeEnd__7JKRHeap
8045334C:mCodeStart__7JKRHeap
804535C0:mCurrentMtxCalc__8J3DJoint
80436BA4:mCurrentMtx__6J3DSys
80436BD4:mCurrentS__6J3DSys
80453558:mDataManage__9J2DScreen
80452F50:mData__12dEnemyItem_c
8037A178:mData__12daShopItem_c
80425F9C:mData__7daSus_c
80452BB0:mDebugFill__6mDoMch
80408134:mDemoArcName__20dStage_roomControl_c
80452AD8:mDisplayHeapSize
80006FC0:mDoAud_Create__Fv
80007164:mDoAud_Execute__Fv
800071F8:mDoAud_load1stDynamicWave__Fv
80007284:mDoAud_resetProcess__Fv
800072C4:mDoAud_resetRecover__Fv
80141348:mDoAud_seStartLevel__FUlPC3VecUlSc
80007254:mDoAud_setFadeInStart__FUc
80007224:mDoAud_setFadeOutStart__FUc
800D0298:mDoAud_setLinkGroupInfo__FUc
800D0100:mDoAud_setLinkHp__Fll
800071BC:mDoAud_setSceneName__FPCcll
80016610:mDoDvdErr_ThdCleanup__Fv
80016550:mDoDvdErr_ThdInit__Fv
80016658:mDoDvdErr_Watch__FPv
80452C48:mDoDvdErr_initialized
80014D18:mDoExt_GetCurrentRunningThread__Fv
80014C08:mDoExt_J3DModel__create__FP12J3DModelDataUlUl
80452C00:mDoExt_SaveCurrentHeap
8000F10C:mDoExt_adjustSolidHeapToSystem__FP12JKRSolidHeap
8000F040:mDoExt_adjustSolidHeap__FP12JKRSolidHeap
8000DE40:mDoExt_brkAnmRemove__FP12J3DModelData
8000DDA4:mDoExt_btkAnmRemove__FP12J3DModelData
8000DA5C:mDoExt_changeMaterial__FP8J3DModel
8000ED6C:mDoExt_createArchiveHeap__FUlP7JKRHeap
8000EC74:mDoExt_createAssertHeap__FP7JKRHeap
8000ED3C:mDoExt_createCommandHeap__FUlP7JKRHeap
8000ECA0:mDoExt_createDbPrintHeap__FUlP7JKRHeap
8000ECD0:mDoExt_createGameHeap__FUlP7JKRHeap
8000EDB0:mDoExt_createJ2dHeap__FUlP7JKRHeap
8000EFA8:mDoExt_createSolidHeapFromGameToCurrent__FPP7JKRHeapUlUl
8000EFF8:mDoExt_createSolidHeapFromGameToCurrent__FUlUl
8000EE8C:mDoExt_createSolidHeapFromGame__FUlUl
8000EED4:mDoExt_createSolidHeapFromSystem__FUlUl
8000EF1C:mDoExt_createSolidHeapToCurrent__FPP7JKRHeapUlP7JKRHeapUl
8000EF70:mDoExt_createSolidHeapToCurrent__FUlP7JKRHeapUl
8000EDF4:mDoExt_createSolidHeap__FUlP7JKRHeapUl
8000ED0C:mDoExt_createZeldaHeap__FUlP7JKRHeap
8000F160:mDoExt_destroyExpHeap__FP10JKRExpHeap
8000F140:mDoExt_destroySolidHeap__FP12JKRSolidHeap
80452C04:mDoExt_font0
80452C08:mDoExt_font0_getCount
80452C10:mDoExt_font1
80452C14:mDoExt_font1_getCount
80452C1C:mDoExt_font2
80452C20:mDoExt_font2_getCount
8000EDA8:mDoExt_getArchiveHeapPtr__Fv
8000EDA0:mDoExt_getArchiveHeap__Fv
8000EC98:mDoExt_getAssertHeap__Fv
8000ED64:mDoExt_getCommandHeap__Fv
8000F1A0:mDoExt_getCurrentHeap__Fv
8000ECC8:mDoExt_getDbPrintHeap__Fv
8000ED04:mDoExt_getGameHeap__Fv
8000EDEC:mDoExt_getHostIOHeap__Fv
8000EDE4:mDoExt_getJ2dHeap__Fv
800149A4:mDoExt_getMesgFont__Fv
80014AB8:mDoExt_getRubyFont__Fv
80014B54:mDoExt_getSubFont__Fv
8000ED34:mDoExt_getZeldaHeap__Fv
80014948:mDoExt_initFont0__Fv
80014A58:mDoExt_initFont1__Fv
80014AF4:mDoExt_initFont2__Fv
800147B8:mDoExt_initFontCommon__FPP7JUTFontPP7ResFONTP7JKRHeapPCcP10JKRArchiveUcUlUl
8000DB8C:mDoExt_modelDiff__FP8J3DModel
8000DD18:mDoExt_modelEntryDL__FP8J3DModel
8000DAC4:mDoExt_modelTexturePatch__FP12J3DModelData
8000DC78:mDoExt_modelUpdateDL__FP8J3DModel
8000DBE0:mDoExt_modelUpdate__FP8J3DModel
800149E0:mDoExt_removeMesgFont__Fv
80014B90:mDoExt_removeSubFont__Fv
8000F1D4:mDoExt_resIDToIndex__FP10JKRArchiveUs
80452C0C:mDoExt_resfont0
80452C18:mDoExt_resfont1
80452C24:mDoExt_resfont2
8000F1A8:mDoExt_restoreCurrentHeap__Fv
80014D10:mDoExt_setAraCacheSize__FUl
8000F180:mDoExt_setCurrentHeap__FP7JKRHeap
8000D060:mDoExt_setJ3DData__FPA4_fPC16J3DTransformInfoUs
8000E7E8:mDoExt_setupShareTexture__FP12J3DModelDataP12J3DModelData
8000EA34:mDoExt_setupStageTexture__FP12J3DModelData
80008474:mDoGph_AfterOfDraw__Fv
80008450:mDoGph_BeforeOfDraw__Fv
80008420:mDoGph_BlankingOFF__Fv
8000841C:mDoGph_BlankingON__Fv
8000B174:mDoGph_Create__Fv
8000A604:mDoGph_Painter__Fv
800094B4:mDoGph_drawFilterQuad__FScSc
800154A0:mDoLib_pos2camera__FP3VecP3Vec
800152C4:mDoLib_project__FP3VecP3Vec
800150F0:mDoLib_setResTimgObj__FPC7ResTIMGP9_GXTexObjUlP10_GXTlutObj
8000BD18:mDoMch_Create__Fv
8000B668:mDoMch_HeapCheckAll__Fv
80017830:mDoMemCdRWm_BuildHeader__FP22mDoMemCdRWm_HeaderData
80017D5C:mDoMemCdRWm_CalcCheckSumGameData__FPvUl
80017D1C:mDoMemCdRWm_CalcCheckSum__FPvUl
80017BF4:mDoMemCdRWm_CheckCardStat__FP12CARDFileInfo
80017650:mDoMemCdRWm_Restore__FP12CARDFileInfoPvUl
80017A8C:mDoMemCdRWm_SetCardStat__FP12CARDFileInfo
80017DE0:mDoMemCdRWm_SetCheckSumGameData__FPUcUc
8001744C:mDoMemCdRWm_Store__FP12CARDFileInfoPvUl
80017D94:mDoMemCdRWm_TestCheckSumGameData__FPv
800173D0:mDoMemCd_main__FPv
8000CBB4:mDoMtx_MtxToRot__FPA4_CfP5csXyz
8000CB10:mDoMtx_QuatConcat__FPC10QuaternionPC10QuaternionP10Quaternion
8000C118:mDoMtx_XYZrotM__FPA4_fsss
8000C080:mDoMtx_XYZrotS__FPA4_fsss
8000C350:mDoMtx_XrotM__FPA4_fs
8000C2F8:mDoMtx_XrotS__FPA4_fs
8000C3E8:mDoMtx_YrotM__FPA4_fs
8000C390:mDoMtx_YrotS__FPA4_fs
8000C254:mDoMtx_ZXYrotM__FPA4_fsss
8000C1BC:mDoMtx_ZXYrotS__FPA4_fsss
8000C480:mDoMtx_ZrotM__FPA4_fs
8000C428:mDoMtx_ZrotS__FPA4_fs
8000C884:mDoMtx_concatProjView__FPA4_CfPA4_CfPA4_f
8000C964:mDoMtx_inverseTranspose__FPA4_CfPA4_f
8000C6C4:mDoMtx_lookAt__FPA4_fPC3VecPC3VecPC3Vecs
8000C4C0:mDoMtx_lookAt__FPA4_fPC3VecPC3Vecs
803DF758:mDoMtx_quatStack
80452BD8:mDoMtx_stack
803DD6E0:mDoPrintf_FiberStack
80006A10:mDoPrintf_VReport
800068DC:mDoPrintf_vprintf_Interrupt__FPCcP16__va_list_struct
80006964:mDoPrintf_vprintf_Thread__FPCcP16__va_list_struct
80006984:mDoPrintf_vprintf__FPCcP16__va_list_struct
80015700:mDoRst_resetCallBack__FiPv
800155C8:mDoRst_reset__FiUli
80452E50:mEcallback__18dPa_modelEcallBack
80452E60:mEmitterMng__13dPa_control_c
804534B0:mEnabled__Q210JUTGamePad7CRumble
80453344:mErrorHandler__7JKRHeap
803C39AC:mEventList__10dMsgFlow_c
80452554:mFadeColor__13mDoGph_gInf_c
80452B9C:mFadeRate__13mDoGph_gInf_c
80452BA0:mFadeSpeed__13mDoGph_gInf_c
80452BA6:mFade__13mDoGph_gInf_c
80452B88:mFader__13mDoGph_gInf_c
80427788:mFindActorPList__8daNpcF_c
804276A8:mFindActorPtrs__8daNpcT_c
80452FB0:mFindCount__8daNpcF_c
80452F9C:mFindCount__8daNpcT_c
80453100:mFirst__24DynamicModuleControlBase
80452C34:mFovyRate__14mDoLib_clipper
803DF388:mFrameBufferTexObj__13mDoGph_gInf_c
80452B90:mFrameBufferTex__13mDoGph_gInf_c
80452B8C:mFrameBufferTimg__13mDoGph_gInf_c
80452E68:mFsenthPcallBack__13dPa_control_c
803BBB78:mFuncPtr__8daItem_c
803F3C64:mGndCheck__11fopAcM_gc_c
80453488:mGpStatus__12JUTGraphFifo
80452C90:mGroundY__11fopAcM_gc_c
80452548:mHeapBriefType
80452B78:mInitFlag__17mDoAud_zelAudio_c
804535BC:mJoint__10J3DMtxCalc
80453104:mLast__24DynamicModuleControlBase
80452E24:mLayerList__8dMpath_c
80426798:mLifeBall__13dPa_control_c
80452E6C:mLight8EcallBack__13dPa_control_c
80452E70:mLight8PcallBack__13dPa_control_c
803F3BE8:mLineCheck__11fopAcM_lc_c
80453328:mLinkPtr__14Z2CreatureLink
80453498:mListInitialized__10JUTGamePad
80452E2C:mMaxX__8dMpath_c
80452E34:mMaxZ__8dMpath_c
803A8600:mMemoryBlock__20dStage_roomControl_c
8045335C:mMemorySize__7JKRHeap
80452E28:mMinX__8dMpath_c
80452E30:mMinZ__8dMpath_c
80452E58:mModel__18dPa_modelEcallBack
80453080:mMoji$3770
804535B8:mMtxBuffer__10J3DMtxCalc
804362F0:mMutex__12JKRAramPiece
80453060:mMySelfPointer__9dMf_HIO_c
804525F0:mNextRoomNo__10dMapInfo_c
80452D26:mNextStayNo__20dStage_roomControl_c
80452D28:mNoChangeRoom__20dStage_roomControl_c
80453240:mNoLoad__16JASBasicWaveBank
80452E20:mNowStayFloorNoDecisionFlg__10dMapInfo_c
80452E18:mNowStayFloorNo__10dMapInfo_c
80452E1C:mNowStayRoomNo__10dMapInfo_c
80452F5C:mNum__7dTres_c
80452D25:mOldStayNo__20dStage_roomControl_c
8045349C:mPadAssign__10JUTGamePad
804363E0:mPadButton__10JUTGamePad
804363A4:mPadList__10JUTGamePad
804364A0:mPadMStick__10JUTGamePad
804364E0:mPadSStick__10JUTGamePad
804363B0:mPadStatus__10JUTGamePad
80436BE0:mParentS__6J3DSys
80452E88:mParticleTracePCB__13dPa_control_c
80452E54:mPcallback__18dPa_modelEcallBack
80452D80:mPlayerNo__11daTagMist_c
8042654C:mPos__12daObjCarry_c
80452D20:mProcID__20dStage_roomControl_c
803C352C:mQueryList__10dMsgFlow_c
80452560:mRenderModeObj__15mDoMch_render_c
80452C38:mResetData__6mDoRst
80452B79:mResetFlag__17mDoAud_zelAudio_c
803F3CC4:mRoofCheck__11fopAcM_rc_c
80452C94:mRoofY__11fopAcM_rc_c
80452D8C:mRoomNo__12daObjCarry_c
804525B0:mRoomReadId__20dStage_roomControl_c
8042641C:mRoom__7daSus_c
80452D81:mSaveFlag__12daObjCarry_c
80452AD9:mSelectHeapBar
80452D4A:mSetTop__7daSus_c
80426870:mSimpleTexObj__21dDlst_shadowControl_c
80452FB4:mSrchActorName__8daNpcF_c
80452F98:mSrchName__8daNpcT_c
80452E84:mStatus__13dPa_control_c
803F8034:mStatus__20dStage_roomControl_c
804534AC:mStatus__Q210JUTGamePad7CRumble
80452D24:mStayNo__20dStage_roomControl_c
80453550:mStrBuffSize__8J2DPrint
80453548:mStrBuff__8J2DPrint
80452D84:mSttsFlag__12daObjCarry_c
80452C30:mSystemFar__14mDoLib_clipper
80452D7C:mTagMagne__12daTagMagne_c
804525F5:mTopFloorNo__8dMpath_c
80426734:mTsubo__13dPa_control_c
80452F58:mTypeGroupData__7dTres_c
804273D8:mTypeGroupListAll__7dTres_c
8045338C:mUserPostCallback__15JKRThreadSwitch
80453388:mUserPreCallback__15JKRThreadSwitch
80453358:mUserRamEnd__7JKRHeap
80453354:mUserRamStart__7JKRHeap
804526E0:mViewOffsetY__17dMenu_Collect3D_c
804528B8:mVisible__Q212JUTAssertion23@unnamed@JUTAssert_cpp@
80452E64:mWaterBubblePcallBack__13dPa_control_c
803F3D20:mWaterCheck__11fopAcM_wt_c
80452C98:mWaterY__11fopAcM_wt_c
80426810:mWindViewMatrix__13dPa_control_c
8045261C:mWipeColor__12dDlst_list_c
80426890:mWipeDlst__12dDlst_list_c
80452E94:mWipeRate__12dDlst_list_c
80452E98:mWipeSpeed__12dDlst_list_c
80452E90:mWipe__12dDlst_list_c
803DF3A8:mZbufferTexObj__13mDoGph_gInf_c
80452B98:mZbufferTex__13mDoGph_gInf_c
80452B94:mZbufferTimg__13mDoGph_gInf_c
8038FE58:m__17daAlinkHIO_bow_c0
8038F68C:m__17daAlinkHIO_cut_c0
8038FF14:m__18daAlinkHIO_bomb_c0
8038FEC8:m__18daAlinkHIO_boom_c0
80390448:m__18daAlinkHIO_grab_c0
80390350:m__18daAlinkHIO_item_c0
8038EEBC:m__18daAlinkHIO_move_c0
8039052C:m__18daAlinkHIO_swim_c0
803911F8:m__18daAlinkHIO_wolf_c0
8038EE64:m__19daAlinkHIO_basic_c0
80390070:m__19daAlinkHIO_board_c0
8038FE10:m__19daAlinkHIO_canoe_c0
8038F79C:m__19daAlinkHIO_guard_c0
8038FDA4:m__19daAlinkHIO_horse_c0
8038F0CC:m__19daAlinkHIO_slide_c0
80390938:m__19daAlinkHIO_wlLie_c0
8039010C:m__20daAlinkHIO_bottle_c0
8038F81C:m__20daAlinkHIO_crouch_c0
8038F4F0:m__20daAlinkHIO_cutDaL_c0
8038F50C:m__20daAlinkHIO_cutDaR_c0
8038F1E4:m__20daAlinkHIO_cutFnL_c0
8038F2C0:m__20daAlinkHIO_cutFnR_c0
8038F23C:m__20daAlinkHIO_cutFnS_c0
8038F210:m__20daAlinkHIO_cutFnV_c0
8038F164:m__20daAlinkHIO_cutNmL_c0
8038F184:m__20daAlinkHIO_cutNmR_c0
8038F144:m__20daAlinkHIO_cutNmV_c0
8038FD4C:m__20daAlinkHIO_damage_c0
8039038C:m__20daAlinkHIO_ladder_c0
80390040:m__20daAlinkHIO_pickUp_c0
803911C0:m__20daAlinkHIO_wlBall_c0
8039115C:m__20daAlinkHIO_wlGrab_c0
80390848:m__20daAlinkHIO_wlHowl_c0
80390628:m__20daAlinkHIO_wlMove_c0
80390924:m__20daAlinkHIO_wlPush_c0
80390C6C:m__20daAlinkHIO_wlRope_c0
803910B4:m__20daAlinkHIO_wlSwim_c0
8038EF14:m__21daAlinkHIO_atnMove_c0
803902FC:m__21daAlinkHIO_copyRod_c0
8038F544:m__21daAlinkHIO_cutDown_c0
8038F2EC:m__21daAlinkHIO_cutFnJU_c0
8038F268:m__21daAlinkHIO_cutFnSl_c0
8038F294:m__21daAlinkHIO_cutFnSm_c0
8038F5B8:m__21daAlinkHIO_cutHead_c0
8038F340:m__21daAlinkHIO_cutJump_c0
8038F1A4:m__21daAlinkHIO_cutNmSL_c0
8038F1C4:m__21daAlinkHIO_cutNmSR_c0
8038F384:m__21daAlinkHIO_cutTurn_c0
8038FC54:m__21daAlinkHIO_damFall_c0
8038FB6C:m__21daAlinkHIO_damHuge_c0
8038FCC0:m__21daAlinkHIO_damSwim_c0
8038FFCC:m__21daAlinkHIO_fmChain_c0
8038F74C:m__21daAlinkHIO_gAtKick_c0
8038F728:m__21daAlinkHIO_gAtPush_c0
8038F41C:m__21daAlinkHIO_hoCutLA_c0
8038F43C:m__21daAlinkHIO_hoCutLB_c0
8038F45C:m__21daAlinkHIO_hoCutRA_c0
8038F47C:m__21daAlinkHIO_hoCutRB_c0
8038FF60:m__21daAlinkHIO_huLight_c0
80390230:m__21daAlinkHIO_spinner_c0
80391058:m__21daAlinkHIO_wlChain_c0
80390984:m__21daAlinkHIO_wlLight_c0
80390FDC:m__21daAlinkHIO_wlPoint_c0
80390BF0:m__21daAlinkHIO_wlSlide_c0
80390334:m__21daAlinkHIO_zwLight_c0
8038F868:m__22daAlinkHIO_autoJump_c0
8038F02C:m__22daAlinkHIO_backJump_c0
8038FC28:m__22daAlinkHIO_damHorse_c0
8038FAB0:m__22daAlinkHIO_damLarge_c0
803901C0:m__22daAlinkHIO_hookshot_c0
80390270:m__22daAlinkHIO_ironBall_c0
8038FA10:m__22daAlinkHIO_pushpull_c0
803903FC:m__22daAlinkHIO_roofHang_c0
8038F064:m__22daAlinkHIO_sideStep_c0
8038F770:m__22daAlinkHIO_turnMove_c0
8038F9B8:m__22daAlinkHIO_wallFall_c0
8038F9F4:m__22daAlinkHIO_wallHang_c0
8038F9E0:m__22daAlinkHIO_wallMove_c0
80390F48:m__22daAlinkHIO_wlAtBite_c0
80390E58:m__22daAlinkHIO_wlAtDown_c0
80390E18:m__22daAlinkHIO_wlAtLand_c0
80390EF4:m__22daAlinkHIO_wlAtLock_c0
80390D58:m__22daAlinkHIO_wlAtRoll_c0
80390CA4:m__22daAlinkHIO_wlAtWaLr_c0
80390CE0:m__22daAlinkHIO_wlAtWaSc_c0
80390D1C:m__22daAlinkHIO_wlAtWaTl_c0
80390FA4:m__22daAlinkHIO_wlAttack_c0
80390BC4:m__22daAlinkHIO_wlDamage_c0
8038FC9C:m__23daAlinkHIO_damCaught_c0
8038FA4C:m__23daAlinkHIO_damNormal_c0
8038EFBC:m__23daAlinkHIO_frontRoll_c0
8038FF7C:m__23daAlinkHIO_kandelaar_c0
8038F91C:m__23daAlinkHIO_smallJump_c0
8038F964:m__23daAlinkHIO_wallCatch_c0
80390DB4:m__23daAlinkHIO_wlAtCjump_c0
80390D78:m__23daAlinkHIO_wlAtNjump_c0
80390770:m__23daAlinkHIO_wlAtnMove_c0
80390B74:m__23daAlinkHIO_wlDamFall_c0
80390B08:m__23daAlinkHIO_wlDamHuge_c0
80390728:m__23daAlinkHIO_wlMoveNoP_c0
8038FFF4:m__24daAlinkHIO_magneBoots_c0
803908A8:m__24daAlinkHIO_wlAutoJump_c0
80390810:m__24daAlinkHIO_wlBackJump_c0
80390A9C:m__24daAlinkHIO_wlDamLarge_c0
803907A8:m__24daAlinkHIO_wlSideStep_c0
803909A0:m__24daAlinkHIO_wlWallHang_c0
8038F528:m__25daAlinkHIO_cutDaCharge_c0
8038F49C:m__25daAlinkHIO_hoCutCharge_c0
80390BB4:m__25daAlinkHIO_wlDamCaught_c0
80390A3C:m__25daAlinkHIO_wlDamNormal_c0
8038F618:m__26daAlinkHIO_cutLargeJump_c0
8038EF68:m__26daAlinkHIO_noActAtnMove_c0
80452D50:m_aim_rate__8daYkgr_c
80452D4E:m_alpha__8daYkgr_c
80452D4D:m_alpha_flag__8daYkgr_c
803914A8:m_anmDataTable__9daAlink_c
80452DCC:m_audio__7dDemo_c
80452E74:m_b_Light8EcallBack__13dPa_control_c
80452E78:m_b_Light8PcallBack__13dPa_control_c
803DF3C8:m_bloom__13mDoGph_gInf_c
80452E04:m_branchData__7dDemo_c
804525E0:m_branchId__7dDemo_c
80452E00:m_branchType__7dDemo_c
80452708:m_cloth_item$3797
80452DC4:m_control__7dDemo_c
80452D48:m_count__9daArrow_c
803DF288:m_cpadInfo__8mDoCPd_c
80395150:m_cylDat__10daNpcCd2_c
80394618:m_cylDat__9daNpcCd_c
803BBBF0:m_cyl_src__8daItem_c
80452E7C:m_d_Light8EcallBack__13dPa_control_c
80452E80:m_d_Light8PcallBack__13dPa_control_c
8037A140:m_data__12daItemBase_c
80452DE4:m_data__7dDemo_c
80426528:m_deleteRoom__15dGrass_packet_c
80426534:m_deleteRoom__16dFlower_packet_c
803B3FC0:m_demoInitTable__9daAlink_c
80452D98:m_diffTime__11dLib_time_c
80452FDC:m_dropAngleY__20daPy_boomerangMove_c
80452F34:m_dzb_id__16dBgS_MoveBgActor
80452FA4:m_dzb_id__23daBaseNpc_moveBgActor_c
803AA428:m_emitterFourData__8dPaPoF_c
803AA350:m_emitterTwoData__8dPaPoT_c
80452D58:m_emitter__8daYkgr_c
8042651C:m_entryModel__10daMirror_c
80452FDE:m_eventKeepFlg__20daPy_boomerangMove_c
80452F88:m_eye_move_flg__16daAlink_matAnm_c
803B49CC:m_fEffParamProc__9daAlink_c
80392CA8:m_faceTexDataTable__9daAlink_c
80452DD8:m_factory__7dDemo_c
80452D4C:m_flag__8daYkgr_c
80452D74:m_flower__9daGrass_c
80452DF4:m_frameNoMsg__7dDemo_c
80452DE8:m_frame__7dDemo_c
803DF278:m_gamePad__8mDoCPd_c
80452D70:m_grass__9daGrass_c
80393100:m_handLeftInSidePos__9daAlink_c
803930E8:m_handLeftOutSidePos__9daAlink_c
8039310C:m_handRightInSidePos__9daAlink_c
803930F4:m_handRightOutSidePos__9daAlink_c
8037B610:m_hitSeID__12dCcD_GObjInf
80396AB8:m_kamen_offset_x$7578
80395B10:m_kamen_offset_x$8683
80396ACC:m_kamen_offset_y$7579
80395B24:m_kamen_offset_y$8684
80396AE0:m_kamen_scale$7580
80395B38:m_kamen_scale$8685
80391438:m_mainBckFishing__9daAlink_c
803913D4:m_mainBckShield__9daAlink_c
80391424:m_mainBckSword__9daAlink_c
80452DDC:m_mesgControl__7dDemo_c
80452DD4:m_message__7dDemo_c
80452FD8:m_midnaActor__9daPy_py_c
80396AF4:m_mirror_offset_x$7682
80395B4C:m_mirror_offset_x$8786
80396B08:m_mirror_offset_y$7683
80395B60:m_mirror_offset_y$8787
80396B1C:m_mirror_scale$7684
80395B74:m_mirror_scale$8788
80452DF8:m_mode__7dDemo_c
80452F89:m_morf_frame__16daAlink_matAnm_c
803AE084:m_mtrl_hit_tbl__4dCcS
80452F60:m_myObj__10dMdl_mng_c
80452D68:m_myObj__10daMirror_c
80452D78:m_myObj__6daMP_c
80452D6C:m_myObj__9daGrass_c
80452580:m_name$3788
80452F30:m_name__16dBgS_MoveBgActor
80452FA0:m_name__23daBaseNpc_moveBgActor_c
804530F8:m_nowID__9dkWmark_c
80452F68:m_obj__12dEyeHL_mng_c
80452DE0:m_object__7dDemo_c
80456164:m_other__22dMfm_HIO_prm_res_src_s
80452DD0:m_particle__7dDemo_c
80452D54:m_path__8daYkgr_c
803B2708:m_procInitTable__9daAlink_c
80452D40:m_res__22dMap_HIO_prm_res_dst_s
80453048:m_res__22dMdm_HIO_prm_res_dst_s
80452D34:m_roomDzs__20dStage_roomControl_c
80452DF0:m_rotationY__7dDemo_c
80452F38:m_set_func__16dBgS_MoveBgActor
80452FA8:m_set_func__23daBaseNpc_moveBgActor_c
80452710:m_shield_item$3799
80452DC8:m_stage__7dDemo_c
80452DFC:m_status__7dDemo_c
80452DA0:m_stopTime__11dLib_time_c
8045270C:m_sword_item$3798
80452DC0:m_system__7dDemo_c
80426624:m_texObjAgg__8dMpath_n
80452DA8:m_timeStopped__11dLib_time_c
80452D27:m_time_pass__20dStage_roomControl_c
80452668:m_timer_max__8daItem_c
80452DB8:m_top__12daTagHstop_c
80452D64:m_top__13daTagStream_c
80452DEC:m_translation__7dDemo_c
803AA3B0:m_typeFourData__8dPaPoF_c
803AA308:m_typeTwoData__8dPaPoT_c
80432C74:m_virtual_center__14cCcD_ShapeAttr
80392810:m_wlAnmDataTable__9daAlink_c
80453050:m_zoomCenterMaxX__20dMenu_StageMapCtrl_c
80453058:m_zoomCenterMaxZ__20dMenu_StageMapCtrl_c
8045304C:m_zoomCenterMinX__20dMenu_StageMapCtrl_c
80453054:m_zoomCenterMinZ__20dMenu_StageMapCtrl_c
80176280:magneCamera__9dCamera_cFl
80006454:main
8000628C:main01__Fv
80015A8C:mainLoop__17mDoDvdThd_param_cFv
8014F2A8:mainProc__11daBaseNpc_cFv
802D313C:mainRamToAram__7JKRAramFPUcUlUl15JKRExpandSwitchUlP7JKRHeapiPUl
803DD3C0:mainThread
803D53C0:mainThreadStack
80453170:mainThread__9JFWSystem
80016784:main__15mDoMemCd_Ctrl_cFv
80155DCC:main__8daNpcF_cFv
800157B0:main__9mDoDvdThdFPv
8032503C:makeAlphaCmpTable__Fv
802EB64C:makeAnmPointer__11J2DMaterialFv
800DEC48:makeArrow__9daAlink_cFv
8027B254:makeColorTable__FPP8_GXColorPC16JPAClrAnmKeyDataUcsP7JKRHeap
80317420:makeDisplayList__11J3DMaterialFv
80317E64:makeDisplayList__17J3DLockedMaterialFv
80317DD8:makeDisplayList__18J3DPatchedMaterialFv
80317144:makeDisplayList_private__11J3DMaterialFP17J3DDisplayListObj
8010F668:makeFairy__9daAlink_cFP4cXyzUl
801F27D8:makeGameFileDisp__12dMenu_save_cFv
801F26C0:makeGameFileSelDisp__12dMenu_save_cFv
802F9790:makeHierarchyPanes__9J2DScreenFP7J2DPaneP20JSURandomInputStreamUlP10JKRArchive
8032689C:makeHierarchy__12J3DJointTreeFP8J3DJointPPC17J3DModelHierarchyP16J3DMaterialTableP13J3DShapeTable
800BFF80:makeItemType__9daAlink_cFv
800714FC:makeList__12dAttention_cFv
80053D30:makeMatrix__7J2DPaneFff
802F8340:makeMatrix__7J2DPaneFffff
802F8918:makePaneExStream__7J2DPaneFP7J2DPaneP20JSURandomInputStream
802F6EC4:makePaneStream__7J2DPaneFP7J2DPaneP20JSURandomInputStream
80186294:makeRecInfo__14dFile_select_cFUc
8003CE68:makeResTIMG__15dRenderingMap_cCFP7ResTIMGUsUsPUcPUcUs
80326D94:makeSharedDL__12J3DModelDataFv
80317468:makeSharedDisplayList__11J3DMaterialFv
80317E68:makeSharedDisplayList__17J3DLockedMaterialFv
80317DDC:makeSharedDisplayList__18J3DPatchedMaterialFv
80325114:makeTevSwapTable__Fv
80324F94:makeTexCoordTable__Fv
80316060:makeVcdVatCmd__8J3DShapeFv
80315D98:makeVtxArrayCmd__8J3DShapeFv
803250A8:makeZModeTable__Fv
800373D0:make_eff_break_gm_kotubo__5daObjFP10fopAc_ac_c
80037460:make_eff_break_gm_ootubo__5daObjFP10fopAc_ac_c
80037340:make_eff_break_kotubo2__5daObjFP10fopAc_ac_c
800372B0:make_eff_break_kotubo__5daObjFP10fopAc_ac_c
8006F2D4:makebits__25@unnamed@d_vibration_cpp@FUlll
8006F298:makedata__25@unnamed@d_vibration_cpp@FPUsUll
8015EFD0:mallocBuffer__14daPy_anmHeap_cFv
8017DB80:manualCamera__9dCamera_cFl
801BE1A0:mapBgAnime__12dMenu_Dmap_cFv
801D2014:mapBlink__18dMenu_Fmap2DBack_cFPs
801BE1C4:mapControl__12dMenu_Dmap_cFv
801B8B4C:mapIconScaleSet__14dMenu_DmapBg_cFUc
801BF8E0:mapModeChange_init_proc__12dMenu_Dmap_cFv
801BF964:mapModeChange_proc__12dMenu_Dmap_cFv
801BFC2C:mapMode_init_proc__12dMenu_Dmap_cFv
801BFC38:mapMode_proc__12dMenu_Dmap_cFv
801B8AA4:mapScreenAnime__14dMenu_DmapBg_cFv
801B8368:mapScreenInit__14dMenu_DmapBg_cFv
803BEBF8:map_icon_size
80426640:map_tool_name$4449
80426654:map_tool_name$4498
80426668:map_tool_name$4511
80090360:maptoolIdEvCamera__9dCamera_cFv
801FD358:markMemSize__5dMw_cFv
80399BC0:mark_tag$4932
803F3BD0:max$5114
80452730:maxStdHeaps__Q29JFWSystem11CSetUpParam
80453870:max_wait
802B6C80:mbossBgmMuteProcess__8Z2SeqMgrFv
801F19E4:memCardCheck__12dMenu_save_cFv
801F29CC:memCardCommandEnd2__12dMenu_save_cFv
801F295C:memCardCommandEnd__12dMenu_save_cFv
801F2A90:memCardDataLoadWait__12dMenu_save_cFv
801F2C50:memCardDataSaveWait2__12dMenu_save_cFv
801F2BA8:memCardDataSaveWait__12dMenu_save_cFv
801F21A4:memCardErrGoIPLSel2__12dMenu_save_cFv
801F2098:memCardErrGoIPLSel__12dMenu_save_cFv
801F2244:memCardErrGotoIPL__12dMenu_save_cFv
801F2460:memCardErrMsgWaitFormatSel2__12dMenu_save_cFv
801F22C4:memCardErrMsgWaitFormatSel__12dMenu_save_cFv
801F1BE0:memCardErrMsgWaitKey__12dMenu_save_cFv
801F25F0:memCardFormatWait__12dMenu_save_cFv
801F2590:memCardFormat__12dMenu_save_cFv
801F2740:memCardMakeGameFileSel__12dMenu_save_cFv
801F28D0:memCardMakeGameFileWait__12dMenu_save_cFv
801F2870:memCardMakeGameFile__12dMenu_save_cFv
801F15B4:memCardWatch__12dMenu_save_cFv
80452544:memMargin__7mDoMain
80433AC4:memPool_$localstatic3$getMemPool__43JASPoolAllocObject_MultiThreaded<8JASTrack>Fv
80433AF4:memPool_$localstatic3$getMemPool__46JASPoolAllocObject_MultiThreaded<10JASChannel>Fv
80433AB4:memPool_$localstatic3$getMemPool__58JASPoolAllocObject_MultiThreaded<Q28JASTrack11TChannelMgr>Fv
80436044:memPool_$localstatic3$getMemPool___26JASPoolAllocObject<5JAISe>Fv
8043608C:memPool_$localstatic3$getMemPool___27JASPoolAllocObject<6JAISeq>Fv
804360BC:memPool_$localstatic3$getMemPool___30JASPoolAllocObject<9JAIStream>Fv
804361A4:memPool_$localstatic3$getMemPool___30JASPoolAllocObject<9Z2Audible>Fv
80436070:memPool_$localstatic3$getMemPool___35JASPoolAllocObject<13JAISoundChild>Fv
80436184:memPool_$localstatic3$getMemPool___39JASPoolAllocObject<17Z2SoundHandlePool>Fv
80433B3C:memPool___46JASPoolAllocObject_MultiThreaded<10JASChannel>
80264028:memalignB__3cMlFiUl
80366F34:memchr
80366EBC:memcmp
80003540:memcpy
80366F60:memmove
800358C8:memory_to_card__10dSv_info_cFPci
80003458:memset
80398848:menu2_n$5217
80398988:menu3_n$5256
80250940:menuAbtnSelect__7dName_cFv
80250E14:menuCursorMove2__7dName_cFv
80250D18:menuCursorMove__7dName_cFv
80250310:menuCursorPosSet__7dName_cFv
8018DC1C:menuCursorShow__14dFile_select_cFv
801E587C:menuHide__14dMenu_Option_cFi
802B3BAC:menuInBgm__8Z2SeqMgrFv
802AEB58:menuInSe__7Z2SeMgrFv
802B6F3C:menuIn__11Z2StatusMgrFv
80186D54:menuMoveAnmInitSet__14dFile_select_cFii
80186EB8:menuMoveAnm__14dFile_select_cFv
802B3BF4:menuOutBgm__8Z2SeqMgrFv
802B6F7C:menuOut__11Z2StatusMgrFv
80187020:menuSelectAnmSet__14dFile_select_cFv
80186C8C:menuSelectCansel__14dFile_select_cFv
801871A4:menuSelectMoveAnm__14dFile_select_cFv
80186AF8:menuSelectStart__14dFile_select_cFv
80186980:menuSelect__14dFile_select_cFv
801E57BC:menuShow__14dMenu_Option_cFi
801E5758:menuVisible__14dMenu_Option_cFv
8018DA90:menuWakuAlpahAnmInit__14dFile_select_cFUcUcUcUc
8018DAD4:menuWakuAlpahAnm__14dFile_select_cFUc
80398818:menu_n$5216
80398A18:menu_t0$5283
80398A98:menu_t1$5311
80398A38:menu_t2$5290
80398A58:menu_t3$5297
80398A78:menu_t4$5304
80398AB8:menu_t5$5318
80398AC8:menut_0$5324
80398B28:menut_1$5332
80398B88:menut_2$5340
80398BE8:menut_3$5348
80398C48:menut_4$5356
80453808:message$351
801F3478:messageChange__12dMenu_save_cFv
8024B1D4:messageNodeProc__10dMsgFlow_cFP10fopAc_ac_cPP10fopAc_ac_c
8022CFDC:messageSePlay__27jmessage_tSequenceProcessorFUcUcP4cXyz
802AE914:messageSePlay__7Z2SeMgrFUsP3VecSc
8009CCB8:messageSet__FUlb
8020EA18:meter_map_move__11dMeterMap_cFUl
803BC3C4:method
803A57DC:method$2262
803A5788:methods$2376
803A57A0:methods$2386
803A57B0:methods$2397
800B28B8:midnaTalkTrigger__9daAlink_cCFv
803F3BB8:min$5077
80453868:min_wait
802BE51C:mixChannelOut__10Z2AudienceFRC14JASSoundParamsP10JAIAudiblei
8029D970:mixExtraTrack__9JASDriverFPsUlPFl_Ps
8029DA50:mixInterleaveTrack__9JASDriverFPsUlPFl_Ps
8029D8C0:mixMonoTrackWide__9JASDriverFPsUlPFl_Ps
8029D810:mixMonoTrack__9JASDriverFPsUlPFl_Ps
802A3080:mixOutAll__14JAISoundParamsFRC14JASSoundParamsP14JASSoundParamsf
802AB328:mixOut__10Z2SoundMgrFv
802A4F18:mixOut__12JAIStreamMgrFv
802A3928:mixOut__13JAISoundChildFP8JASTrack
802A1504:mixOut__8JAISeMgrFv
802A2CFC:mixOut__9JAISeqMgrFv
8029FEF8:mixOut___5JAISeFRC14JASSoundParams
802A2148:mixOut___6JAISeqFRC14JASSoundParams16JAISoundActivity
802AC630:modHeightAtCamera__7Z2SeMgrFPPC3Vec
80192FB4:modeMove__12dFile_info_cFv
80193764:modeMove__14dBrightCheck_cFv
801921A0:modeMove__15dFile_warning_cFv
80192FB0:modeWait__12dFile_info_cFv
80193760:modeWait__14dBrightCheck_cFv
8019219C:modeWait__15dFile_warning_cFv
803BBAA4:mode_proc$4678
8015CEDC:mode_wait__8daItem_cFv
8015CE58:mode_wait_init__8daItem_cFv
8015CFD8:mode_water__8daItem_cFv
8015CE94:mode_water_init__8daItem_cFv
80010660:modelCalc__14mDoExt_McaMorfFv
80012124:modelCalc__15mDoExt_McaMorf2Fv
800111A0:modelCalc__16mDoExt_McaMorfSOFv
800CC468:modelCalc__9daAlink_cFP8J3DModel
8009ED64:modelCallBack__9daAlink_cFi
800CC4EC:modelDraw__9daAlink_cFP8J3DModeli
8036D2C4:modf
8033711C:modifyMaterial__14J3DModelLoaderFUl
8033248C:modifyPatchedCurrentMtx__18J3DMaterialFactoryCFP11J3DMateriali
8018D550:modoruTxtChange__14dFile_select_cFUc
801F6368:modoruTxtDispAnmInit__12dMenu_save_cFUc
8018D5AC:modoruTxtDispAnmInit__14dFile_select_cFUc
801F63E4:modoruTxtDispAnm__12dMenu_save_cFv
8018D628:modoruTxtDispAnm__14dFile_select_cFv
8024F9FC:mojiChange__7dName_cFUc
80250B4C:mojiListChange__7dName_cFv
8000A290:motionBlure__FP10view_class
802634D0:mountCallback__20DynamicModuleControlFPv
802D65E4:mount__10JKRArchiveFPCcQ210JKRArchive10EMountModeP7JKRHeapQ210JKRArchive15EMountDirection
802D6640:mount__10JKRArchiveFPvP7JKRHeapQ210JKRArchive15EMountDirection
802D66C8:mount__10JKRArchiveFlQ210JKRArchive10EMountModeP7JKRHeapQ210JKRArchive15EMountDirection
802D57B4:mount__12JKRFileCacheFPCcP7JKRHeapPCc
800170FC:mount__15mDoMemCd_Ctrl_cFv
8022348C:move2DContents__9dMeter2_cFv
800430D8:moveApproval__14dEvt_control_cFPv
80224618:moveArrowNum__9dMeter2_cFv
80244470:moveBaseLength__14dMsgScrnHowl_cFb
802240C4:moveBombNum__9dMeter2_cFv
8022451C:moveBottleNum__9dMeter2_cFv
80222564:moveButton3D__9dMeter2_cFv
80221508:moveButtonA__9dMeter2_cFv
80221AB8:moveButtonB__9dMeter2_cFv
80222628:moveButtonC__9dMeter2_cFv
8022314C:moveButtonCross__9dMeter2_cFv
8022218C:moveButtonR__9dMeter2_cFv
80222758:moveButtonS__9dMeter2_cFv
802227DC:moveButtonXY__9dMeter2_cFv
802222C4:moveButtonZ__9dMeter2_cFv
80195B98:moveCenter__16dSelect_cursor_cFP7J2DPaneff
801986E0:moveCursor0__13dShopSystem_cFiUc
80198960:moveCursor1__13dShopSystem_cFiUc
8019869C:moveCursor__13dShopSystem_cFiUc
802A3D14:moveDolby__18JAISoundParamsMoveFfUl
801C150C:moveFloor__20dMenu_StageMapCtrl_cFv
802A3C64:moveFxMix__18JAISoundParamsMoveFfUl
80220444:moveKantera__9dMeter2_cFv
80221370:moveKey__9dMeter2_cFv
80220024:moveLife__9dMeter2_cFv
801C4858:moveLightDropAnime__16dMenuMapCommon_cFv
80220B4C:moveLightDrop__9dMeter2_cFv
80244284:moveLineV__14dMsgScrnHowl_cFb
802207E0:moveOxygen__9dMeter2_cFv
80224944:movePachinkoNum__9dMeter2_cFv
802A3CBC:movePan__18JAISoundParamsMoveFfUl
802A3C0C:movePitch__18JAISoundParamsMoveFfUl
80220EF4:moveRupee__9dMeter2_cFv
800CBC44:moveShadowScaleLight__9daAlink_cFv
802233C0:moveSubContents__9dMeter2_cFv
802233BC:moveTouchSubMenu__9dMeter2_cFv
802A3BB4:moveVolume__18JAISoundParamsMoveFfUl
8003F7F8:move__10dMapInfo_cFif
80196720:move__16ShopCam_action_cFv
8023DE7C:move__17dMsgScrnExplain_cFv
801DB734:move__19dMenu_ItemExplain_cFv
801C248C:move__20dMenu_StageMapCtrl_cFv
802F7D60:move__7J2DPaneFff
8023E434:move_init__17dMsgScrnExplain_cFv
801DBE14:move_init__19dMenu_ItemExplain_cFv
801942A0:move_init__8dScope_cFv
801DC4A4:move_next_init__19dMenu_ItemExplain_cFv
801DC4D8:move_next_proc__19dMenu_ItemExplain_cFv
803C0AD0:move_proc
8023E458:move_proc__17dMsgScrnExplain_cFv
801DBE40:move_proc__19dMenu_ItemExplain_cFv
801942A4:move_proc__8dScope_cFv
8015CCC4:move_proc_call__8daItem_cFv
8023E530:move_select_init__17dMsgScrnExplain_cFv
801DBF78:move_select_init__19dMenu_ItemExplain_cFv
8023E798:move_select_proc__17dMsgScrnExplain_cFv
801DC208:move_select_proc__19dMenu_ItemExplain_cFv
803C198C:mpIconName$5045
80455620:msDemoArcName$4619
80452680:msgTbl
801F3780:msgTxtSet__12dMenu_save_cFUsb
801F5070:msgWindowClose__12dMenu_save_cFv
801F4E48:msgWindowInitOpen__12dMenu_save_cFv
801F4FD4:msgWindowOpen__12dMenu_save_cFv
8037C000:msg_data
8037C4E0:msg_data_fr
8037C260:msg_data_ge
8037C9A0:msg_data_it
8037C760:msg_data_sp
804534E8:msr__12JUTException
80432D78:mtx
803CFB10:mtxCache$1263
803AAA7C:mtx_adj$5842
80379728:mtx_adj$6195
800E2688:multVecMagneBootInvMtx__9daAlink_cFP4cXyz
8023C8D8:multiDraw__14dMsgScrnBase_cFv
802AB7E8:multiVolumeSoundID__10Z2SoundMgrF10JAISoundIDf
802BA824:muteSceneBgm__8Z2SeqMgrFUlf
802935A0:mute__8JASTrackFb
8000B79C:myExceptionCallback__FUsP9OSContextUlUl
8000B1EC:myGetHeapTypeByString__FP7JKRHeap
8003BE30:myGetMemBlockSize0__FPv
8003BDC8:myGetMemBlockSize__FPv
8000B5C8:myHeapCheckRecursive__FP7JKRHeap
8000B3EC:myMemoryErrorRoutine__FPvUli
80015890:my_DVDConvertPathToEntrynum__FPCc
8001558C:my_OSCancelAlarmAll__Fv
8000BCC8:my_PrintHeap__FPCcUl
800067C8:my_PutString__FPCc
8000BCCC:my_SysPrintHeap__FPCcPvUl
80453040:myclass__12dMenu_Dmap_c
80452664:nColor0$42525
80455098:name0$41422
804550A0:name1$41423
8024F420:nameCheck__7dName_cFv
80250100:nameCursorMove__7dName_cFv
801878AC:nameInput2Move__14dFile_select_cFv
80187958:nameInput2__14dFile_select_cFv
801877A8:nameInputFade__14dFile_select_cFv
80187590:nameInputWait__14dFile_select_cFv
801875C8:nameInput__14dFile_select_cFv
80190280:nameMoveAnmInitSet__14dFile_select_cFii
80190330:nameMoveAnm__14dFile_select_cFv
80187704:nameToDataSelectMove__14dFile_select_cFv
803977A0:name_0$4096
80397800:name_id$4098
80398150:name_tag$3883
803994F0:name_tag$4306
802F4DE0:newAlphaComp__18J2DMaterialFactoryCFi
80333568:newAlphaComp__18J3DMaterialFactoryCFi
80334CE0:newAlphaComp__22J3DMaterialFactory_v21CFi
80332D50:newAmbColor__18J3DMaterialFactoryCFii
802BE138:newAudible__10Z2AudienceFRCQ29JGeometry8TVec3<f>10JAISoundIDPCQ29JGeometry8TVec3<f>Ul
802A3274:newAudible__8JAISoundFRCQ29JGeometry8TVec3<f>PCQ29JGeometry8TVec3<f>UlP11JAIAudience
802A6850:newBank__10JAUSectionFPCvUl
802F4E5C:newBlend__18J2DMaterialFactoryCFi
803335E8:newBlend__18J3DMaterialFactoryCFi
80334D60:newBlend__22J3DMaterialFactory_v21CFi
802F44CC:newColorChanNum__18J2DMaterialFactoryCFi
80332B74:newColorChanNum__18J3DMaterialFactoryCFi
80334634:newColorChanNum__22J3DMaterialFactory_v21CFi
802F4504:newColorChan__18J2DMaterialFactoryCFii
80332BAC:newColorChan__18J3DMaterialFactoryCFii
8033466C:newColorChan__22J3DMaterialFactory_v21CFii
802A65F0:newCopy__10JAUSectionFPCvUll
802F46E0:newCullMode__18J2DMaterialFactoryCFi
80332ECC:newCullMode__18J3DMaterialFactoryCFi
80334930:newCullMode__22J3DMaterialFactory_v21CFi
80056148:newData__13dDlst_peekZ_cFssPUl
800312F0:newData__7daSus_cFScRC4cXyzRC4cXyzUcUcUc
80313BBC:newDifferedDisplayList__14J3DShapePacketFUl
803283FC:newDifferedDisplayList__8J3DModelFUl
8031360C:newDisplayList__13J3DDrawPacketFUl
80313288:newDisplayList__17J3DDisplayListObjFUl
802F4ED8:newDither__18J2DMaterialFactoryCFi
803336C4:newDither__18J3DMaterialFactoryCFi
80334E3C:newDither__22J3DMaterialFactory_v21CFi
802A6EAC:newDynamicSeqBlock__14JAUSectionHeapFUl
802A5730:newDynamicSeqBlock__17JAUAudioArcLoaderFUl
8033348C:newFog__18J3DMaterialFactoryCFi
80334C04:newFog__22J3DMaterialFactory_v21CFi
802F4768:newFontNo__18J2DMaterialFactoryCFi
802F4C24:newIndTevStage__18J2DMaterialFactoryCFii
803332B4:newIndTevStage__18J3DMaterialFactoryCFii
802F4D78:newIndTexCoordScale__18J2DMaterialFactoryCFii
80333448:newIndTexCoordScale__18J3DMaterialFactoryCFii
802F4B20:newIndTexMtx__18J2DMaterialFactoryCFii
8033320C:newIndTexMtx__18J3DMaterialFactoryCFii
802F4AB8:newIndTexOrder__18J2DMaterialFactoryCFii
803331C8:newIndTexOrder__18J3DMaterialFactoryCFii
802F4A88:newIndTexStageNum__18J2DMaterialFactoryCFi
803331A0:newIndTexStageNum__18J3DMaterialFactoryCFi
80298BA4:newInstTable__12JASBasicBankFUcP7JKRHeap
802F442C:newMatColor__18J2DMaterialFactoryCFii
80332B18:newMatColor__18J3DMaterialFactoryCFii
803345D8:newMatColor__22J3DMaterialFactory_v21CFii
802916C8:newMemPool__17JASGenericMemPoolFUli
803336FC:newNBTScale__18J3DMaterialFactoryCFi
80334E74:newNBTScale__22J3DMaterialFactory_v21CFi
80299170:newPercArray__10JASDrumSetFUcP7JKRHeap
8003C390:newResInfo__14dRes_control_cFP11dRes_info_ci
802A6300:newSeSeqCollection__10JAUSectionFPCvUl
802A1284:newSe___8JAISeMgrFiUl
8033864C:newShapeDraw__15J3DShapeFactoryCFii
803383BC:newShapeMtx__15J3DShapeFactoryCFUlii
80317C90:newSharedDisplayList__11J3DMaterialFUl
80326C14:newSharedDisplayList__12J3DModelDataFUl
8004D258:newSimple__13dPa_control_cFUsUcPUl
80313698:newSingleDisplayList__13J3DDrawPacketFUl
80313308:newSingleDisplayList__17J3DDisplayListObjFUl
80317D24:newSingleSharedDisplayList__11J3DMaterialFUl
802A60A0:newSoundNameTable__10JAUSectionFPCvUlb
802A5FE4:newSoundTable__10JAUSectionFPCvUlb
802A6398:newStaticSeqDataBlock___10JAUSectionF10JAISoundIDUl
802A6530:newStaticSeqData__10JAUSectionF10JAISoundID
802A64C8:newStaticSeqData__10JAUSectionF10JAISoundIDPCvUl
802CEAEC:newStreamAram__26JAUStreamStaticAramMgr_<1>FPUl
802A615C:newStreamFileTable__10JAUSectionFPCvb
802A4F74:newStream___12JAIStreamMgrFv
802F481C:newTevColor__18J2DMaterialFactoryCFii
80332FA0:newTevColor__18J3DMaterialFactoryCFii
80334A04:newTevColor__22J3DMaterialFactory_v21CFii
802F48B4:newTevKColor__18J2DMaterialFactoryCFii
80333010:newTevKColor__18J3DMaterialFactoryCFii
80334A74:newTevKColor__22J3DMaterialFactory_v21CFii
802F47A8:newTevOrder__18J2DMaterialFactoryCFii
80332F54:newTevOrder__18J3DMaterialFactoryCFii
803349B8:newTevOrder__22J3DMaterialFactory_v21CFii
802F4954:newTevStageNum__18J2DMaterialFactoryCFi
8033306C:newTevStageNum__18J3DMaterialFactoryCFi
80334AD0:newTevStageNum__22J3DMaterialFactory_v21CFi
802F498C:newTevStage__18J2DMaterialFactoryCFii
803330A4:newTevStage__18J3DMaterialFactoryCFii
80334B08:newTevStage__22J3DMaterialFactory_v21CFii
802F49EC:newTevSwapModeTable__18J2DMaterialFactoryCFii
80333104:newTevSwapModeTable__18J3DMaterialFactoryCFii
80334B68:newTevSwapModeTable__22J3DMaterialFactory_v21CFii
802F4590:newTexCoord__18J2DMaterialFactoryCFii
80332DE4:newTexCoord__18J3DMaterialFactoryCFii
80334848:newTexCoord__22J3DMaterialFactory_v21CFii
802F4558:newTexGenNum__18J2DMaterialFactoryCFi
80332DAC:newTexGenNum__18J3DMaterialFactoryCFi
80334810:newTexGenNum__22J3DMaterialFactory_v21CFi
802F4604:newTexMtx__18J2DMaterialFactoryCFii
80332E44:newTexMtx__18J3DMaterialFactoryCFii
803348A8:newTexMtx__22J3DMaterialFactory_v21CFii
802F4720:newTexNo__18J2DMaterialFactoryCFii
80332F0C:newTexNo__18J3DMaterialFactoryCFii
80334970:newTexNo__22J3DMaterialFactory_v21CFii
802A6984:newVoiceBank__10JAUSectionFUlUl
802A5700:newVoiceBank__17JAUAudioArcLoaderFUlUl
802A6654:newWaveBank__10JAUSectionFUlPCv
8033368C:newZCompLoc__18J3DMaterialFactoryCFi
80334E04:newZCompLoc__22J3DMaterialFactory_v21CFi
8033362C:newZMode__18J3DMaterialFactoryCFi
80334DA4:newZMode__22J3DMaterialFactory_v21CFi
80452A28:next
80071A90:nextAttention__12dAttention_cFv
804531A4:nextCount$2650
8003E5C0:nextData__22dMenuFmapIconPointer_cFv
8018AFA8:nextModeWait__14dFile_select_cFv
801637F0:nextMode__9dCamera_cFl
804530ED:nextPauseTimer__9dScnPly_c
80257CF4:nextSceneChange__10dScnLogo_cFv
80453198:nextTick$2642
80163F68:nextType__9dCamera_cFl
80452568:next__14mDoMtx_stack_c
802578B8:nintendoInDraw__10dScnLogo_cFv
8025793C:nintendoOutDraw__10dScnLogo_cFv
803C4F20:no$4684
803A55B8:noFadeFase$2275
8018EBBC:noFileSpaceDispInit__14dFile_select_cFv
80278A8C:noLoadPrj__FPC18JPAEmitterWorkDataPA4_Cf
8018EE58:noSaveSelDispInit__14dFile_select_cFv
8024B69C:nodeProc__10dMsgFlow_cFP10fopAc_ac_cPP10fopAc_ac_c
80267BC4:normZC__4cXyzCFv
80267B30:normZP__4cXyzCFv
80267AE4:norm__4cXyzCFv
803AA03C:normalID$5532
804550B0:normalNameID$41521
803937C8:normalOffset$60101
80393678:normalType0$50859
8039368C:normalType1$50860
80392FB8:normalType1$6982
80392FCC:normalType2$6983
80392FE0:normalType3$6984
80267DDC:normalizeRS__4cXyzFv
8032F9CC:normalizeWeight__11J3DDeformerFiPf
80267D48:normalizeZP__4cXyzFv
80267CF4:normalize__4cXyzFv
804552FC:notColor0$76211
800D1994:notSwordHitVibActor__9daAlink_cFP10fopAc_ac_c
800B4B5C:notTalk__9daAlink_cFv
80293508:noteOffAll__8JASTrackFUs
80292F98:noteOff__8JASTrackFUlUs
80294020:noteOff__Q28JASTrack11TChannelMgrFUlUs
80298A40:noteOnOsc__7JASBankFiUcUcUsPFUlP10JASChannelPQ26JASDsp8TChannelPv_vPv
80298730:noteOn__7JASBankFPC7JASBankiUcUcUsPFUlP10JASChannelPQ26JASDsp8TChannelPv_vPv
80292D38:noteOn__8JASTrackFUlUlUl
803DF410:now__14mDoMtx_stack_c
803BDCF0:now_shadow_alpha$5927
803A4198:npio2_hw
80452600:numTelopData
803B4944:oBridgePortal$39240
80453210:oRandom$1099
804532FC:oRandom$401
8025BEF0:objectDeleteJugge__FPvPv
8025C0EC:objectSetCheck__FP19room_of_scene_class
8017DB88:observeCamera__9dCamera_cFl
80455610:ocArcName$4615
800357E4:offActor__10dSv_info_cFii
8032F030:offAllFlag__13J3DDeformDataFUl
80237FE8:offCameraCancelFlag__12dMsgObject_cFv
8014140C:offCondition__11dEvt_info_cFUs
80034AD4:offEventBit__11dSv_event_cFUs
80033F3C:offFirstBit__21dSv_player_get_item_cFUc
80197834:offFlag__13dShopSystem_cFi
800E84A4:offGoatStopGame__9daAlink_cFv
80110A4C:offKandelaarModel__9daAlink_cFv
80237BB0:offMsgSendControlLocal__12dMsgObject_cFv
80238948:offMsgSendControl__12dMsgObject_cFv
80237BEC:offMsgSendLocal__12dMsgObject_cFv
802389CC:offMsgSend__12dMsgObject_cFv
80141338:offNoResetFlg0__9daPy_py_cFQ29daPy_py_c9daPy_FLG0
80141568:offNoResetFlg1__9daPy_py_cFQ29daPy_py_c9daPy_FLG1
80141578:offNoResetFlg2__9daPy_py_cFQ29daPy_py_c9daPy_FLG2
80034EF8:offOneSwitch__13dSv_zoneBit_cFi
80101EA0:offOxygenTimer__9daAlink_cFv
8025A9FC:offReset__9dScnPly_cFv
800D038C:offSetFlg__16daAlink_matAnm_cFv
80042AE4:offSkipFade__14dEvt_control_cFv
8019788C:offSoldOutItemFlag__13dShopSystem_cFi
8009C320:offStatus__7dTres_cFUcii
80031E20:offSttsFlag__12daObjCarry_cFiUc
800353E0:offSwitch__10dSv_info_cFii
80034CF0:offSwitch__12dSv_danBit_cFi
80034968:offSwitch__12dSv_memBit_cFi
80034E5C:offSwitch__13dSv_zoneBit_cFi
800D151C:offSwordModel__9daAlink_cFv
800348F4:offTbox__12dSv_memBit_cFi
80034BF8:offVisitedRoom__13dSv_memory2_cFi
8003AD4C:offWarpMaterial__11dRes_info_cFP12J3DModelData
80127EB8:offWolfEyeUp__9daAlink_cFv
80035028:off__15dSv_zoneActor_cFi
803BD9EC:offset$4331
80454F68:offsetAngle$25945
8003EEF0:offsetPlus__10dMapInfo_nFPC21dStage_FileList2_dt_cP3Vec
8039360C:offsetPos$42227
80453298:old_time$264
8004B634:onActive__Q313dPa_control_c7level_c9emitter_cFv
80035774:onActor__10dSv_info_cFii
800080A0:onBlure__13mDoGph_gInf_cFPA4_Cf
80008078:onBlure__13mDoGph_gInf_cFv
80237FD0:onCameraCancelFlag__12dMsgObject_cFv
800342D4:onCollectCrystal__20dSv_player_collect_cFUc
80034318:onCollectMirror__20dSv_player_collect_cFUc
801413EC:onCondition__11dEvt_info_cFUs
80032C3C:onDarkClearLV__21dSv_player_status_b_cFi
8021CBF8:onDirectUseItem__13dMeter2Info_cFi
8029B464:onDispose__10JASWaveArcFv
802919CC:onDispose__11JASDisposerFv
80034A48:onDungeonItem__12dSv_memBit_cFi
80299DA4:onEraseDone__10JASWaveArcFv
8029992C:onEraseDone__Q216JASBasicWaveBank10TWaveGroupFv
80034ABC:onEventBit__11dSv_event_cFUs
802B659C:onFieldBgmJumpEnd__8Z2SeqMgrFv
802B6550:onFieldBgmJumpStart__8Z2SeqMgrFv
80033F08:onFirstBit__21dSv_player_get_item_cFUc
80197818:onFlag__13dShopSystem_cFi
80141C00:onForcePanic__9daMidna_cFv
800C1FEC:onFrollCrashFlg__9daAlink_cFUci
8001E1C4:onFrollCrashFlg__9daPy_py_cFUci
8018169C:onHorseDush__9dCamera_cFv
80035610:onItem__10dSv_info_cFii
80034D7C:onItem__12dSv_danBit_cFi
800349F4:onItem__12dSv_memBit_cFi
80034F54:onItem__13dSv_zoneBit_cFi
80238014:onKillMessageFlag__12dMsgObject_cFv
800344D0:onLetterGetFlag__17dSv_letter_info_cFi
8003451C:onLetterReadFlag__17dSv_letter_info_cFi
80034410:onLightDropGetFlag__16dSv_light_drop_cFUc
80299DA0:onLoadDone__10JASWaveArcFv
80299904:onLoadDone__Q216JASBasicWaveBank10TWaveGroupFv
8012691C:onLockFlg__15daAlink_sight_cFv
801418FC:onMagneGrab__9daPy_py_cFff
80163E44:onModeChange__9dCamera_cFll
80237BA0:onMsgSendControlLocal__12dMsgObject_cFv
8023891C:onMsgSendControl__12dMsgObject_cFv
80237BDC:onMsgSendLocal__12dMsgObject_cFv
802389A0:onMsgSend__12dMsgObject_cFv
801414D0:onNoResetFlg0__9daPy_py_cFQ29daPy_py_c9daPy_FLG0
80141328:onNoResetFlg2__9daPy_py_cFQ29daPy_py_c9daPy_FLG2
80141C90:onNoServiceWait__9daMidna_cFv
80034FAC:onOneItem__13dSv_zoneBit_cFi
80034EDC:onOneSwitch__13dSv_zoneBit_cFi
800D710C:onPressedDamage__9daAlink_cFRC4cXyzs
801419E0:onPressedDamage__9daPy_py_cFRC4cXyzs
80032EF4:onRegionBit__33dSv_player_field_last_stay_info_cFi
801649BC:onRoomChange__9dCamera_cFl
801CCD34:onRoomDataBit__12dMenu_Fmap_cFi
800D0A24:onSceneChangeAreaJump__9daAlink_cFUcUcP10fopAc_ac_c
80141974:onSceneChangeAreaJump__9daPy_py_cFUcUcP10fopAc_ac_c
800CF520:onSceneChangeArea__9daAlink_cFUcUcP10fopAc_ac_c
80141970:onSceneChangeArea__9daPy_py_cFUcUcP10fopAc_ac_c
800D0A3C:onSceneChangeDead__9daAlink_cFUci
80141978:onSceneChangeDead__9daPy_py_cFUci
80042AD8:onSkipFade__14dEvt_control_cFv
80197870:onSoldOutItemFlag__13dShopSystem_cFi
8010DC50:onSpinnerPathForceRemove__9daAlink_cFv
80141A1C:onSpinnerPathForceRemove__9daPy_py_cFv
8009C298:onStatus__7dTres_cFUcii
80031E0C:onSttsFlag__12daObjCarry_cFiUc
801648A8:onStyleChange__9dCamera_cFll
80035330:onSwitch__10dSv_info_cFii
80034CC8:onSwitch__12dSv_danBit_cFi
80034940:onSwitch__12dSv_memBit_cFi
80034E34:onSwitch__13dSv_zoneBit_cFi
800348D0:onTbox__12dSv_memBit_cFi
80032C78:onTransformLV__21dSv_player_status_b_cFi
80164658:onTypeChange__9dCamera_cFll
802B379C:onVariantBgmJumpEnd__8Z2SeqMgrFb
80034BD4:onVisitedRoom__13dSv_memory2_cFi
8003AC60:onWarpMaterial__11dRes_info_cFP12J3DModelData
80138D78:onWolfEnemyBiteAll__9daAlink_cFP10fopAc_ac_cQ29daPy_py_c9daPy_FLG2
801419EC:onWolfEnemyBiteAll__9daPy_py_cFP10fopAc_ac_cQ29daPy_py_c9daPy_FLG2
80127E60:onWolfEyeUp__9daAlink_cFv
80035004:on__15dSv_zoneActor_cFi
802A9500:on_branch__Q28JMessage18TSequenceProcessorFPCvPCc
802A94D4:on_branch_queryResult__Q28JMessage18TSequenceProcessorFv
802A94A0:on_branch_query__Q28JMessage18TSequenceProcessorFUl
802A9490:on_branch_register__Q28JMessage18TSequenceProcessorFPFPCQ28JMessage18TSequenceProcessorUl_PCvPCvUl
802A93A4:on_isReady__Q28JMessage18TSequenceProcessorFv
802A9410:on_jump__Q28JMessage18TSequenceProcessorFPCvPCc
802A93E4:on_jump_isReady__Q28JMessage18TSequenceProcessorFv
802A93D0:on_jump_register__Q28JMessage18TSequenceProcessorFPFPCQ28JMessage18TSequenceProcessor_PCvUl
802A9A24:on_message__Q28JMessage10TProcessorCFUl
802A8C38:on_select_begin__Q28JMessage10TProcessorFPFPQ28JMessage10TProcessor_PCcPCvPCcUl
802A8CDC:on_select_end__Q28JMessage10TProcessorFv
802A8D34:on_select_separate__Q28JMessage10TProcessorFv
802A8DE4:on_tag___Q28JMessage10TProcessorFv
80457600:one$776
804528C0:oneFrameRate
804528C4:oneFrameRateUser
8017F468:oneSideCamera__9dCamera_cFl
80452778:one__11JASWaveInfo
80398CD8:op_tx$5393
8023B0A8:open1Proc__17dMsgScrn3Select_cFv
8023B198:open2Proc__17dMsgScrn3Select_cFv
80292A30:openChild__8JASTrackFUl
801DC68C:openExplainDmap__19dMenu_ItemExplain_cFUcUcUcbUc
801DC9FC:openExplainTx__19dMenu_ItemExplain_cFUlUl
801EF750:openExplain__12dMenu_Ring_cFUc
8023EBFC:openExplain__17dMsgScrnExplain_cFUlUcUcUcb
801DC604:openExplain__19dMenu_ItemExplain_cFUcUcUcb
801922C4:openInit__15dFile_warning_cFv
802348CC:openProc__12dMsgObject_cFv
801F3978:openSaveSelect2__12dMenu_save_cFv
801F3A64:openSaveSelect3__12dMenu_save_cFv
801F384C:openSaveSelect__12dMenu_save_cFv
802DA650:open__10JKRDvdFileFPCc
802DA6C4:open__10JKRDvdFileFl
802D8BB4:open__13JKRDvdArchiveFl
802D7B30:open__13JKRMemArchiveFPvUl15JKRMemBreakFlag
802D79CC:open__13JKRMemArchiveFlQ210JKRArchive15EMountDirection
802D80A8:open__14JKRAramArchiveFl
802D97BC:open__14JKRCompArchiveFl
8023E288:open_init__17dMsgScrnExplain_cFv
801DBAE4:open_init__19dMenu_ItemExplain_cFv
8019420C:open_init__8dScope_cFv
8023E320:open_proc__17dMsgScrnExplain_cFv
801DBD78:open_proc__19dMenu_ItemExplain_cFv
80194228:open_proc__8dScope_cFv
8023E17C:open_request_init__17dMsgScrnExplain_cFv
8023E180:open_request_proc__17dMsgScrnExplain_cFv
801B54B0:option_close_init__17dMenu_Collect2D_cFv
801B54EC:option_close_proc__17dMenu_Collect2D_cFv
801B5404:option_move_init__17dMenu_Collect2D_cFv
801B5440:option_move_proc__17dMenu_Collect2D_cFv
801B52EC:option_open_init__17dMenu_Collect2D_cFv
801B5394:option_open_proc__17dMenu_Collect2D_cFv
802D4414:orderAsync__12JKRAramPieceFiUlUlUlP12JKRAramBlockPFUl_v
802DC700:orderAsync__9JKRDecompFPUcPUcUlUlPFUl_v
8014F200:orderEvent__11daBaseNpc_cFiPc
80048A70:orderEvent__17dEvLib_callback_cFiii
80153A88:orderEvent__8daNpcF_cFiPcUsUsUcUs
80041708:orderOld__14dEvt_control_cFUsUsUsUsPvPvPCv
800B7D88:orderPeep__9daAlink_cFv
80046B88:orderStartDemo__16dEvent_manager_cFv
802D4638:orderSync__12JKRAramPieceFiUlUlUlP12JKRAramBlock
802DC788:orderSync__9JKRDecompFPUcPUcUlUl
800B7E04:orderTalk__9daAlink_cFi
800B82D0:orderZTalk__9daAlink_cFv
80041798:order__14dEvt_control_cFUsUsUsUsPvPvsUc
80047AB4:order__16dEvent_manager_cFs
80433B18:osc$213
80453238:oscp$214
80234F8C:outnowProc__12dMsgObject_cFv
80267ABC:outprod__4cXyzCFRC3Vec
80235280:outwaitProc__12dMsgObject_cFv
8045394C:overflowcb
8005CF00:overhead_bg_chk__Fv
8029306C:overwriteOsc__8JASTrackFP10JASChannel
803D47D8:p2f$358
804539A8:pEXIInputFlag
803C62CC:p_direction
80452760:p_dl
80436980:p_name$494
803C62F4:p_plane
803C62C0:p_prj
803C62E0:p_rot
80070148:padLockButton__25@unnamed@d_attention_cpp@Fl
803E0C48:padding
80229488:pageSend__19jmessage_tReferenceFv
803C4A20:palMoji00$4764
803C4A30:palMoji01$4765
803C4A40:palMoji10$4766
803C4A50:palMoji11$4767
803979B0:palNo$3985
801E8378:paneResize__14dMenu_Option_cFUx
802550C0:paneScale__8CPaneMgrFff
8020B12C:paneTrans__14dMeterButton_cFP8CPaneMgrffUc
80255038:paneTrans__8CPaneMgrFff
802E2FFC:panic_f__12JUTExceptionFPCciPCce
802E2EC0:panic_f_va__12JUTExceptionFPCciPCcP16__va_list_struct
8017A4AC:paraRailCamera__9dCamera_cFl
803BDDBC:parcent_tabel$9036
802865E4:parseBlock_block__Q27JStudio6TParseFRCQ47JStudio3stb4data13TParse_TBlockUl
8028A5E8:parseBlock_block__Q37JStudio3stb6TParseFRCQ47JStudio3stb4data13TParse_TBlockUl
802866F0:parseBlock_block_ctb___Q27JStudio6TParseFRCQ47JStudio3stb4data13TParse_TBlockUl
80286644:parseBlock_block_fvb___Q27JStudio6TParseFRCQ47JStudio3stb4data13TParse_TBlockUl
802AA0F4:parseBlock_next__Q28JMessage6TParseFPPCvPUlUl
80282270:parseBlock_next__Q37JStudio3ctb6TParseFPPCvPUlUl
802859F0:parseBlock_next__Q37JStudio3fvb6TParseFPPCvPUlUl
8028A58C:parseBlock_next__Q37JStudio3stb6TParseFPPCvPUlUl
8028A620:parseBlock_object__Q37JStudio3stb6TParseFRCQ47JStudio3stb4data20TParse_TBlock_objectUl
802AA290:parseCharacter_1Byte__Q28JMessage6localeFPPCc
802AA2A8:parseCharacter_2Byte__Q28JMessage6localeFPPCc
802AA328:parseCharacter_ShiftJIS__Q28JMessage6localeFPPCc
802AA38C:parseCharacter_UTF8__Q28JMessage6localeFPPCc
802964B0:parseCommand__12JASSeqParserFP8JASTrackUcUs
80286508:parseHeader__Q27JStudio6TParseFRCQ47JStudio3stb4data14TParse_THeaderUl
8028A5E0:parseHeader__Q37JStudio3stb6TParseFRCQ47JStudio3stb4data14TParse_THeaderUl
802A9FB8:parseHeader_next__Q28JMessage6TParseFPPCvPUlUl
802821DC:parseHeader_next__Q37JStudio3ctb6TParseFPPCvPUlUl
8028595C:parseHeader_next__Q37JStudio3fvb6TParseFPPCvPUlUl
8028A4C0:parseHeader_next__Q37JStudio3stb6TParseFPPCvPUlUl
802963C8:parseNoteOff__12JASSeqParserFP8JASTrackUc
80296400:parseNoteOn__12JASSeqParserFP8JASTrackUc
80296664:parseRegCommand__12JASSeqParserFP8JASTracki
802DD664:parseVariableUInt_16_32_following__Q27JGadget6binaryFPCvPUlPUlPQ37JGadget6binary5TEBit
802966D4:parse__12JASSeqParserFP8JASTrack
802A50A8:parse__22JAUAudioArcInterpreterFPCv
802F594C:parse__8J2DPrintFPCUciiPUsRQ28J2DPrint5TSizeUcb
803690B8:parse_format
802DD710:parse_next__Q37JGadget6binary19TParse_header_blockFPPCvUl
80453F50:particleID$5076
8000DB84:patchLight__13J3DColorBlockFv
8031A4E0:patchLight__20J3DColorBlockLightOnFv
80319EAC:patchLight__21J3DColorBlockLightOffFv
80318234:patchMatColor__13J3DColorBlockFv
8031A334:patchMatColor__20J3DColorBlockLightOnFv
80319D00:patchMatColor__21J3DColorBlockLightOffFv
80324340:patchTevReg__11J3DTevBlockFv
8031D0E4:patchTevReg__12J3DTevBlock1Fv
8031D28C:patchTevReg__12J3DTevBlock2Fv
8031D588:patchTevReg__12J3DTevBlock4Fv
8031D8B0:patchTevReg__13J3DTevBlock16Fv
8031CDE0:patchTevReg__18J3DTevBlockPatchedFv
8000DB7C:patchTexNoAndTexCoordScale__11J3DTevBlockFv
8031D0E8:patchTexNoAndTexCoordScale__12J3DTevBlock1Fv
8031D358:patchTexNoAndTexCoordScale__12J3DTevBlock2Fv
8031D654:patchTexNoAndTexCoordScale__12J3DTevBlock4Fv
8031D97C:patchTexNoAndTexCoordScale__13J3DTevBlock16Fv
8031CEAC:patchTexNoAndTexCoordScale__18J3DTevBlockPatchedFv
80324F3C:patchTexNo_PtrToIdx__FUlRCUs
8032433C:patchTexNo__11J3DTevBlockFv
8031D074:patchTexNo__12J3DTevBlock1Fv
8031D1F8:patchTexNo__12J3DTevBlock2Fv
8031D4F4:patchTexNo__12J3DTevBlock4Fv
8031D81C:patchTexNo__13J3DTevBlock16Fv
8031CD4C:patchTexNo__18J3DTevBlockPatchedFv
8000DB80:patch__10J3DPEBlockFv
80317540:patch__11J3DMaterialFv
8000DB88:patch__11J3DTevBlockFv
8031D1CC:patch__12J3DTevBlock1Fv
8031D4A8:patch__12J3DTevBlock2Fv
8031D7D0:patch__12J3DTevBlock4Fv
8031813C:patch__13J3DColorBlockFv
8031DAF8:patch__13J3DTevBlock16Fv
80320690:patch__14J3DPEBlockFullFv
8031B918:patch__15J3DTexGenBlock4Fv
80317EC8:patch__17J3DLockedMaterialFv
8031D028:patch__18J3DTevBlockPatchedFv
803338B4:patch__18J3DTexGenBlockNullFv
8031B9C0:patch__19J3DTexGenBlockBasicFv
8031A2E8:patch__20J3DColorBlockLightOnFv
80319CB4:patch__21J3DColorBlockLightOffFv
8031B888:patch__21J3DTexGenBlockPatchedFv
802AB4B0:pauseAllGameSound__10Z2SoundMgrFb
80089860:pauseEvCamera__9dCamera_cFv
804530EC:pauseTimer__9dScnPly_c
80297484:pause__13JASAramStreamFb
80290C88:pause__13JASTaskThreadFb
802A0CEC:pause__16JAISeCategoryMgrFb
8029383C:pause__8JASTrackFb
804538F8:peCount
800561B0:peekData__13dDlst_peekZ_cFv
802DD258:peek__20JSURandomInputStreamFPvl
80095FAC:peepHoleEvCamera__9dCamera_cFv
803A5570:phaseMethod$2260
8025AA70:phase_00__FP9dScnPly_c
800188AC:phase_01__7cDylPhsFPv
8002CFA4:phase_01__FP12phaseParam_c
8025AAAC:phase_01__FP9dScnPly_c
800188B4:phase_02__7cDylPhsFPs
8002D004:phase_02__FP12phaseParam_c
800188EC:phase_03__7cDylPhsFPv
8002D060:phase_03__FP12phaseParam_c
802583D0:phase_0__FP10dScnLogo_c
8025C670:phase_0__FP19room_of_scene_class
8025AB7C:phase_0__FP9dScnPly_c
8025B238:phase_1_0__FP9dScnPly_c
80258550:phase_1__FP10dScnLogo_c
8025C6A4:phase_1__FP19room_of_scene_class
8025AB84:phase_1__FP9dScnPly_c
80258630:phase_2__FP10dScnLogo_c
8025C780:phase_2__FP19room_of_scene_class
8025B2F8:phase_2__FP9dScnPly_c
8025C8C4:phase_3__FP19room_of_scene_class
8025B3D4:phase_3__FP9dScnPly_c
8002CF5C:phase_3__FPc
8025C8F8:phase_4__FP19room_of_scene_class
8025B454:phase_4__FP9dScnPly_c
8025B7F4:phase_5__FP9dScnPly_c
8025B8C0:phase_6__FP9dScnPly_c
8025B98C:phase_compleate__FPv
80455630:pigGanonArcName$4621
8020AD48:pikariCheck__14dMeterButton_cFv
803AE0F8:plCutLRC
800874E0:pl_cut_LRC__Fi
802E9EE4:place__14J2DGrafContextFRCQ29JGeometry8TBox2<f>
802EA41C:place__14J2DGrafContextFffff
802F7B18:place__7J2DPaneFRCQ29JGeometry8TBox2<f>
8015314C:playAllAnm__8daNpcF_cFv
80149058:playAllAnm__8daNpcT_cFv
8020F930:playBckAnimation__14dMeterString_cFf
802618D4:playBckAnimation__21dDlst_TimerScrnDraw_cFf
8020C1C4:playBckAnime__14dMeterHaihai_cFP18J2DAnmTransformKey
802C2B6C:playBeeGroupSound__18Z2SoundObjBeeGroupF10JAISoundIDUc
8020C490:playBpkAnime__14dMeterHaihai_cFP11J2DAnmColor
8020C33C:playBtkAnime__14dMeterHaihai_cFP19J2DAnmTextureSRTKey
8015335C:playExpressionAnm__8daNpcF_cFPPPQ28daNpcF_c18daNpcF_anmPlayData
800AFEFC:playFaceTextureAnime__9daAlink_cFv
8029B860:playForce__10JASChannelFv
80153470:playMotionAnm__8daNpcF_cFPPPQ28daNpcF_c18daNpcF_anmPlayData
8024F45C:playNameSet__7dName_cFi
802CD818:playOneShotVoice__12Z2SpeechMgr2FUcUsP3VecSc
80214158:playOxygenBpkAnimation__13dMeter2Draw_cFP11J2DAnmColor
80213FB0:playPikariBckAnimation__13dMeter2Draw_cFf
80214100:playPikariBpkAnimation__13dMeter2Draw_cFf
802C7A1C:playSceneEnvSe__10Z2EnvSeMgrFv
802A1A04:playSeqData___6JAISeqFRC14JASSoundParams16JAISoundActivity
8029EAE0:playStart__Q26JASDsp8TChannelFv
8029EB44:playStop__Q26JASDsp8TChannelFv
802C2A24:playSumomoBgm__16Z2CreatureSumomoFUl
802C1C18:playVoice__17Z2CreatureCitizenFi
8029B7F0:play__10JASChannelFv
8001057C:play__14mDoExt_McaMorfFP3VecUlSc
8000D3DC:play__14mDoExt_baseAnmFv
80012054:play__15mDoExt_McaMorf2FUlSc
80011064:play__16mDoExt_McaMorfSOFUlSc
80145ACC:play__22daNpcT_MotionSeqMngr_cFUsPiPf
8019B5DC:playerAnmWait_init__11dGameover_cFv
8019B5E0:playerAnmWait_proc__11dGameover_cFv
800A4EC0:playerInit__9daAlink_cFv
800D0D6C:playerStartCollisionSE__9daAlink_cFUlUl
80141960:playerStartCollisionSE__9daPy_py_cFUlUl
80453038:player_px
8045303C:player_py
802C0698:playsSound__15Z2SoundObjAnimeFPC22JAUSoundAnimationSoundRCQ29JGeometry8TVec3<f>f
8019E8EC:plight_init__Fv
8019E98C:plight_set__Fv
8005AFC0:pntwind_get_info__FP4cXyzP4cXyzPfUc
8005AEC8:pntwind_set__FP14WIND_INFLUENCE
80165388:pointInSight__9dCamera_cFP4cXyz
80164EB8:popInfo__9dCamera_cFPQ29dCamera_c10dCamInfo_c
8000CCC8:pop__14mDoMtx_stack_cFv
800977C4:portalWarpEvCamera__9dCamera_cFv
801CCBA0:portalWarpMapMove__12dMenu_Fmap_cFP9STControl
801C9D10:portal_demo1_init__12dMenu_Fmap_cFv
801C9E28:portal_demo1_move__12dMenu_Fmap_cFv
801C9F40:portal_demo2_init__12dMenu_Fmap_cFv
801C9F8C:portal_demo2_move__12dMenu_Fmap_cFv
801CA024:portal_demo3_init__12dMenu_Fmap_cFv
801CA078:portal_demo3_move__12dMenu_Fmap_cFv
801CA17C:portal_demo4_init__12dMenu_Fmap_cFv
801CA1D8:portal_demo4_move__12dMenu_Fmap_cFv
801CA240:portal_demo5_init__12dMenu_Fmap_cFv
801CA280:portal_demo5_move__12dMenu_Fmap_cFv
801CA41C:portal_demo6_init__12dMenu_Fmap_cFv
801CA420:portal_demo6_move__12dMenu_Fmap_cFv
801C949C:portal_warp_forbid_init__12dMenu_Fmap_cFv
801C94FC:portal_warp_forbid_proc__12dMenu_Fmap_cFv
801C8E0C:portal_warp_map_init__12dMenu_Fmap_cFv
801C8ED0:portal_warp_map_proc__12dMenu_Fmap_cFv
801C9368:portal_warp_select_init__12dMenu_Fmap_cFv
801C936C:portal_warp_select_proc__12dMenu_Fmap_cFv
804266C8:pos$4424
8015FD34:posInLine2D__22@unnamed@d_camera_cpp@FP4cXyzP4cXyzP4cXyz
80037750:posMoveF_grade__5daObjFP10fopAc_ac_cPC4cXyzPC4cXyzffPC4cXyzffPC4cXyz
8003761C:posMoveF_grade_acc__Q25daObj21@unnamed@d_a_obj_cpp@FP4cXyzPC10fopAc_ac_cPC4cXyzffPC4cXyzPC4cXyz
80037520:posMoveF_resist_acc__Q25daObj21@unnamed@d_a_obj_cpp@FP4cXyzPC10fopAc_ac_cPC4cXyzff
800374F0:posMoveF_stream__5daObjFP10fopAc_ac_cPC4cXyzPC4cXyzff
8015E860:posMove__20daPy_boomerangMove_cFP4cXyzPsP10fopAc_ac_cs
800BC174:posMove__9daAlink_cFv
8009788C:positionOf__9dCamera_cFP10fopAc_ac_c
8007BB1C:positionWallCorrect__4dBgWFP9dBgS_AcchfR8cM3dGPlaP4cXyzf
80094BA0:possessedEvCamera__9dCamera_cFv
801CE824:postDrawPath__15renderingFmap_cFv
800400F4:postDrawPath__16renderingDAmap_cFv
801CE87C:postRenderingMap__15renderingFmap_cFv
8003D450:postRenderingMap__18dRenderingFDAmap_cFv
802E5F44:postRetraceProc__8JUTVideoFUl
800420D0:potentialCheck__14dEvt_control_cFP12dEvt_order_c
8036D5B0:pow
80290378:pow2__7JASCalcFf
801CE6D4:preDrawPath__15renderingFmap_cFv
80040044:preDrawPath__16renderingDAmap_cFv
802733F8:preGX__10JFWDisplayFv
80110EA0:preKandelaarDraw__9daAlink_cFv
80452724:preLoadNo
80256BA4:preLoad_dyl__10dScnLogo_cFv
80256B3C:preLoad_dyl_create__10dScnLogo_cFv
80256B80:preLoad_dyl_remove__10dScnLogo_cFv
8003D2B8:preRenderingMap__18dRenderingFDAmap_cFv
802E5C50:preRetraceProc__8JUTVideoFUl
80181870:preparation__FP20camera_process_class
802D4374:prepareCommand__12JKRAramPieceFiUlUlUlP12JKRAramBlockPFUl_v
802DC658:prepareCommand__9JKRDecompFPUcPUcUlUlPFUl_v
802730B8:prepareCopyDisp__10JFWDisplayFv
80313C08:prepareDraw__14J3DShapePacketCFv
802976C8:prepareFinishTask__13JASAramStreamFPv
803290EC:prepareShapePackets__8J3DModelFv
8028ED04:prepareSound___Q215JStudio_JAudio214TAdaptor_soundFv
802FDE98:prepareTexture__10J2DPictureFUc
802F38B4:prepareTexture__11J2DTevBlockFUc
803047CC:prepareTexture__12J2DPictureExFUc
802ECA0C:prepareTexture__12J2DTevBlock1FUc
802ED818:prepareTexture__12J2DTevBlock2FUc
802EEB34:prepareTexture__12J2DTevBlock4FUc
802EFFE0:prepareTexture__12J2DTevBlock8FUc
802F1460:prepareTexture__13J2DTevBlock16FUc
8027CE7C:prepare__11JPAFieldAirFP18JPAEmitterWorkDataP13JPAFieldBlock
8027788C:prepare__12JPAFieldBaseFP18JPAEmitterWorkDataP13JPAFieldBlock
8027DC64:prepare__12JPAFieldSpinFP18JPAEmitterWorkDataP13JPAFieldBlock
8029735C:prepare__13JASAramStreamFli
8027D04C:prepare__14JPAFieldMagnetFP18JPAEmitterWorkDataP13JPAFieldBlock
8027D16C:prepare__14JPAFieldNewtonFP18JPAEmitterWorkDataP13JPAFieldBlock
8027D36C:prepare__14JPAFieldVortexFP18JPAEmitterWorkDataP13JPAFieldBlock
8027CDB4:prepare__15JPAFieldGravityFP18JPAEmitterWorkDataP13JPAFieldBlock
8027D614:prepare__18JPAFieldConvectionFP18JPAEmitterWorkDataP13JPAFieldBlock
802835A8:prepare__Q27JStudio19TFunctionValue_listFv
80284228:prepare__Q27JStudio22TFunctionValue_hermiteFv
802831E0:prepare__Q27JStudio23TFunctionValue_constantFv
80282C24:prepare__Q27JStudio24TFunctionValue_compositeFv
802832D0:prepare__Q27JStudio25TFunctionValue_transitionFv
80283C60:prepare__Q27JStudio29TFunctionValue_list_parameterFv
80284DC8:prepare__Q37JStudio3fvb7TObjectFRCQ47JStudio3fvb4data13TParse_TBlockPQ37JStudio3fvb8TControl
802A058C:prepare___5JAISeFv
802A1D90:prepare___6JAISeqFRC14JASSoundParams16JAISoundActivity
802A41F4:prepare___9JAIStreamFv
802852E0:prepare_data___Q37JStudio3fvb12TObject_listFRCQ57JStudio3fvb4data17TParse_TParagraph5TDataPQ37JStudio3fvb8TControl
80285430:prepare_data___Q37JStudio3fvb15TObject_hermiteFRCQ57JStudio3fvb4data17TParse_TParagraph5TDataPQ37JStudio3fvb8TControl
802851B8:prepare_data___Q37JStudio3fvb16TObject_constantFRCQ57JStudio3fvb4data17TParse_TParagraph5TDataPQ37JStudio3fvb8TControl
802850D4:prepare_data___Q37JStudio3fvb17TObject_compositeFRCQ57JStudio3fvb4data17TParse_TParagraph5TDataPQ37JStudio3fvb8TControl
80285248:prepare_data___Q37JStudio3fvb18TObject_transitionFRCQ57JStudio3fvb4data17TParse_TParagraph5TDataPQ37JStudio3fvb8TControl
80285380:prepare_data___Q37JStudio3fvb22TObject_list_parameterFRCQ57JStudio3fvb4data17TParse_TParagraph5TDataPQ37JStudio3fvb8TControl
802A04EC:prepare_getSeqData___5JAISeFv
802A1CDC:prepare_getSeqData___6JAISeqFv
802A4030:prepare_prepareStream___9JAIStreamFv
802A4298:prepare_startStream___9JAIStreamFv
80300120:prepend__10J2DPictureFP10JUTTexturef
803001B0:prepend__10J2DPictureFPC7ResTIMGP10JUTPalettef
803001E0:prepend__10J2DPictureFPC7ResTIMGf
80300150:prepend__10J2DPictureFPCcP10JUTPalettef
80300180:prepend__10J2DPictureFPCcf
802DCDF0:prepend__10JSUPtrListFP10JSUPtrLink
80307D34:prepend__12J2DPictureExFP10JUTTexturef
80307DC4:prepend__12J2DPictureExFPC7ResTIMGP10JUTPalettef
80307DF4:prepend__12J2DPictureExFPC7ResTIMGf
80307D64:prepend__12J2DPictureExFPCcP10JUTPalettef
80307D94:prepend__12J2DPictureExFPCcf
802DEDAC:prepend__12JUTCacheFontFPQ212JUTCacheFont15TGlyphCacheInfo
8045318C:prevFrame$2597
80452FE4:prev_plat1$8536
80452FEC:prev_plat2$8539
802E42C0:printContext__12JUTExceptionFUsP9OSContextUlUl
802E3C70:printDebugInfo__12JUTExceptionFQ212JUTException9EInfoPageUsP9OSContextUlUl
802F5628:printReturn__8J2DPrintFPCcff18J2DTextBoxHBinding18J2DTextBoxVBindingffUc
802E53A4:printSub__14JUTDirectPrintFUsUsPCcP16__va_list_structb
802E8A38:print__10JUTConsoleFPCc
802F5578:print__8J2DPrintFffUcPCce
80017EB0:print__FPCc
80452B64:print_counts
80452B68:print_errors
802E89B8:print_f__10JUTConsoleFPCce
80017E24:print_f__FPCce
80452B74:print_initialized
80452B70:print_systems
80452B6C:print_warings
803676AC:printf
802FDB70:private_initiate__10J2DPictureFPC7ResTIMGPC7ResTLUT
802F5268:private_initiate__8J2DPrintFP7JUTFontffQ28JUtility6TColorQ28JUtility6TColorQ28JUtility6TColorQ28JUtility6TColorb
802FD6E8:private_readStream__10J2DPictureFP7J2DPaneP20JSURandomInputStreamP10JKRArchive
80300C88:private_readStream__10J2DTextBoxFP7J2DPaneP20JSURandomInputStreamP10JKRArchive
802FAF18:private_readStream__9J2DWindowFP7J2DPaneP20JSURandomInputStreamP10JKRArchive
802F9578:private_set__9J2DScreenFP20JSURandomInputStreamUlP10JKRArchive
800C3BF8:procAtnActorMoveInit__9daAlink_cFv
800C3C50:procAtnActorMove__9daAlink_cFv
800C3AD8:procAtnActorWaitInit__9daAlink_cFv
800C3B88:procAtnActorWait__9daAlink_cFv
800C3A1C:procAtnMoveInit__9daAlink_cFv
800C3A74:procAtnMove__9daAlink_cFv
800C6074:procAutoJumpInit__9daAlink_cFi
800C63F8:procAutoJump__9daAlink_cFv
800C59B0:procBackJumpInit__9daAlink_cFi
800C5C60:procBackJumpLandInit__9daAlink_cFi
800C5CFC:procBackJumpLand__9daAlink_cFv
800C5B70:procBackJump__9daAlink_cFv
800F3AF4:procBoarRunInit__9daAlink_cFv
800F3BA4:procBoarRun__9daAlink_cFv
801076B8:procBoardCutInit__9daAlink_cFv
801077E0:procBoardCutTurnInit__9daAlink_cFv
80107950:procBoardCutTurn__9daAlink_cFv
80107768:procBoardCut__9daAlink_cFv
80107424:procBoardJumpInit__9daAlink_cFfi
8010750C:procBoardJump__9daAlink_cFv
80106980:procBoardRideInit__9daAlink_cFv
80106BDC:procBoardRide__9daAlink_cFv
80107094:procBoardRowInit__9daAlink_cFv
8010710C:procBoardRow__9daAlink_cFv
801075DC:procBoardSubjectivityInit__9daAlink_cFv
80107624:procBoardSubjectivity__9daAlink_cFv
8010726C:procBoardTurnInit__9daAlink_cFv
801072E8:procBoardTurn__9daAlink_cFv
80106C44:procBoardWaitInit__9daAlink_cFP10fopAc_ac_c
80106DD8:procBoardWait__9daAlink_cFv
800E13E4:procBoomerangCatchInit__9daAlink_cFv
800E1454:procBoomerangCatch__9daAlink_cFv
800E126C:procBoomerangMoveInit__9daAlink_cFv
800E1300:procBoomerangMove__9daAlink_cFv
800E111C:procBoomerangSubjectInit__9daAlink_cFv
800E11AC:procBoomerangSubject__9daAlink_cFv
800E3254:procBootsEquipInit__9daAlink_cFv
800E32E8:procBootsEquip__9daAlink_cFv
8011CA28:procBossAtnWaitInit__9daAlink_cFv
800FC988:procBossBodyHangInit__9daAlink_cFP10fopAc_ac_c
800FCA7C:procBossBodyHang__9daAlink_cFv
8010F758:procBottleDrinkInit__9daAlink_cFUs
8010F8A4:procBottleDrink__9daAlink_cFv
801104DC:procBottleGetInit__9daAlink_cFi
80110724:procBottleGet__9daAlink_cFv
8010F900:procBottleOpenInit__9daAlink_cFUs
8010FAF0:procBottleOpen__9daAlink_cFv
8010FE44:procBottleSwingInit__9daAlink_cFP10fopAc_ac_ci
80110164:procBottleSwing__9daAlink_cFv
800E0048:procBowMoveInit__9daAlink_cFv
800E00CC:procBowMove__9daAlink_cFv
800DFF78:procBowSubjectInit__9daAlink_cFv
800DFFE8:procBowSubject__9daAlink_cFv
800F72FC:procCanoeBoomerangMoveInit__9daAlink_cFv
800F7368:procCanoeBoomerangMove__9daAlink_cFv
800F71B0:procCanoeBoomerangSubjectInit__9daAlink_cFv
800F721C:procCanoeBoomerangSubject__9daAlink_cFv
800F7610:procCanoeBottleDrinkInit__9daAlink_cFUs
800F775C:procCanoeBottleDrink__9daAlink_cFv
800F6FFC:procCanoeBowMoveInit__9daAlink_cFv
800F7050:procCanoeBowMove__9daAlink_cFv
800F6F1C:procCanoeBowSubjectInit__9daAlink_cFv
800F6F70:procCanoeBowSubject__9daAlink_cFv
800F6BE0:procCanoeFishingGetInit__9daAlink_cFv
800F6C7C:procCanoeFishingGet__9daAlink_cFv
800F69CC:procCanoeFishingReelInit__9daAlink_cFv
800F6A80:procCanoeFishingReel__9daAlink_cFv
800F6670:procCanoeFishingWaitInit__9daAlink_cFv
800F67A8:procCanoeFishingWait__9daAlink_cFv
800F5004:procCanoeGetOffInit__9daAlink_cFv
800F5254:procCanoeGetOff__9daAlink_cFv
800F70BC:procCanoeGrabMoveInit__9daAlink_cFv
800F7108:procCanoeGrabMove__9daAlink_cFv
800F7528:procCanoeHookshotMoveInit__9daAlink_cFv
800F7594:procCanoeHookshotMove__9daAlink_cFv
800F7414:procCanoeHookshotSubjectInit__9daAlink_cFv
800F7480:procCanoeHookshotSubject__9daAlink_cFv
800F4E84:procCanoeJumpRideInit__9daAlink_cFP10fopAc_ac_c
800F4F90:procCanoeJumpRide__9daAlink_cFv
800F77C8:procCanoeKandelaarPourInit__9daAlink_cFv
800F7890:procCanoeKandelaarPour__9daAlink_cFv
800F634C:procCanoePaddleGrabInit__9daAlink_cFv
800F6394:procCanoePaddleGrab__9daAlink_cFv
800F60B4:procCanoePaddlePutInit__9daAlink_cFi
800F61F8:procCanoePaddlePut__9daAlink_cFv
800F5F10:procCanoePaddleShiftInit__9daAlink_cFi
800F5FC4:procCanoePaddleShift__9daAlink_cFv
800F4C5C:procCanoeRideInit__9daAlink_cFv
800F4D9C:procCanoeRide__9daAlink_cFv
800F652C:procCanoeRodGrabInit__9daAlink_cFv
800F65A0:procCanoeRodGrab__9daAlink_cFv
800F5928:procCanoeRowInit__9daAlink_cFi
800F5C28:procCanoeRow__9daAlink_cFv
800F6DF8:procCanoeSubjectivityInit__9daAlink_cFv
800F6E3C:procCanoeSubjectivity__9daAlink_cFv
800F53F0:procCanoeWaitInit__9daAlink_cFi
800F5638:procCanoeWait__9daAlink_cFv
800FFA24:procClimbDownStartInit__9daAlink_cFs
800FFBB4:procClimbDownStart__9daAlink_cFv
800FFFBC:procClimbMoveSideInit__9daAlink_cFv
80100158:procClimbMoveSide__9daAlink_cFv
800FFCBC:procClimbMoveUpDownInit__9daAlink_cFi
800FFE64:procClimbMoveUpDown__9daAlink_cFv
801005F0:procClimbToRoofInit__9daAlink_cFv
80100670:procClimbToRoof__9daAlink_cFv
800FF65C:procClimbUpStartInit__9daAlink_cFi
800FF910:procClimbUpStart__9daAlink_cFv
80100304:procClimbWaitInit__9daAlink_cFii
80100464:procClimbWait__9daAlink_cFv
8011CB10:procCoCaughtInit__9daAlink_cFv
8011C060:procCoDeadInit__9daAlink_cFi
8011C3C0:procCoDead__9daAlink_cFv
8011BD4C:procCoDemoPushMoveInit__9daAlink_cFv
8011BCC8:procCoDemoPushPullWaitInit__9daAlink_cFv
800DB34C:procCoElecDamageInit__9daAlink_cFP10fopAc_ac_cP12dCcD_GObjInfi
800DB624:procCoElecDamage__9daAlink_cFv
8011D474:procCoEyeAwayInit__9daAlink_cFv
8011CFEC:procCoFogDeadInit__9daAlink_cFv
8011D16C:procCoFogDead__9daAlink_cFv
8011A9A4:procCoGetItemInit__9daAlink_cFv
8011AE34:procCoGetItem__9daAlink_cFv
8011D750:procCoGetReadySitInit__9daAlink_cFv
8011D858:procCoGetReadySit__9daAlink_cFv
8011D510:procCoGlareInit__9daAlink_cFv
8011D5D8:procCoGlare__9daAlink_cFv
801121FC:procCoHorseCallWaitInit__9daAlink_cFi
801122D4:procCoHorseCallWait__9daAlink_cFv
800D98E8:procCoLargeDamageInit__9daAlink_cFiissP12dCcD_GObjInfi
800DAA38:procCoLargeDamageWallInit__9daAlink_cFiiss
800DAE34:procCoLargeDamageWall__9daAlink_cFv
800DA094:procCoLargeDamage__9daAlink_cFv
800DC0E4:procCoLavaReturnInit__9daAlink_cFi
800DC420:procCoLavaReturn__9daAlink_cFv
8011C838:procCoLookAroundInit__9daAlink_cFv
8011C96C:procCoLookAround__9daAlink_cFv
8011BB20:procCoLookWaitInit__9daAlink_cFv
8011BC2C:procCoLookWait__9daAlink_cFv
800C7A00:procCoMetamorphoseInit__9daAlink_cFv
800C84F4:procCoMetamorphoseOnlyInit__9daAlink_cFv
800C85AC:procCoMetamorphoseOnly__9daAlink_cFv
800C7E70:procCoMetamorphose__9daAlink_cFv
8011D31C:procCoNodInit__9daAlink_cFv
8011D400:procCoNod__9daAlink_cFv
8011A420:procCoOpenTreasureInit__9daAlink_cFv
8011A638:procCoOpenTreasure__9daAlink_cFv
800CF30C:procCoPeepSubjectivityInit__9daAlink_cFv
800CF3C4:procCoPeepSubjectivity__9daAlink_cFv
800DAE90:procCoPolyDamageInit__9daAlink_cFv
800DAF9C:procCoPolyDamage__9daAlink_cFv
800E8968:procCoPushMoveInit__9daAlink_cFii
800E8BFC:procCoPushMove__9daAlink_cFv
800E8634:procCoPushPullWaitInit__9daAlink_cFi
800E8788:procCoPushPullWait__9daAlink_cFv
8011CA9C:procCoQuakeWaitInit__9daAlink_cFv
800DC00C:procCoSandWallHitInit__9daAlink_cFv
800DC080:procCoSandWallHit__9daAlink_cFv
800CEF90:procCoSubjectivityInit__9daAlink_cFv
800CF014:procCoSubjectivity__9daAlink_cFv
800DC484:procCoSwimFreezeReturnInit__9daAlink_cFv
800DC680:procCoSwimFreezeReturn__9daAlink_cFv
800CF17C:procCoSwimSubjectivityInit__9daAlink_cFv
800CF224:procCoSwimSubjectivity__9daAlink_cFv
80119FA4:procCoTalkInit__9daAlink_cFv
8011A170:procCoTalk__9daAlink_cFv
80119804:procCoToolDemoInit__9daAlink_cFv
801198E4:procCoToolDemo__9daAlink_cFv
8011B5FC:procCoTurnBackInit__9daAlink_cFv
8011B678:procCoTurnBack__9daAlink_cFv
8011D8DC:procCoTwGateInit__9daAlink_cFv
8011D9E0:procCoTwGate__9daAlink_cFv
8011A6CC:procCoUnequipInit__9daAlink_cFv
8011A7D8:procCoUnequip__9daAlink_cFv
8011FF58:procCoWarpInit__9daAlink_cFii
80120330:procCoWarp__9daAlink_cFv
800E2174:procCopyRodMoveInit__9daAlink_cFv
800E2208:procCopyRodMove__9daAlink_cFv
800E2514:procCopyRodReviveInit__9daAlink_cFv
800E25B0:procCopyRodRevive__9daAlink_cFv
800E202C:procCopyRodSubjectInit__9daAlink_cFv
800E20BC:procCopyRodSubject__9daAlink_cFv
800E22D4:procCopyRodSwingInit__9daAlink_cFv
800E2408:procCopyRodSwing__9daAlink_cFv
800F9C08:procCrawlAutoMoveInit__9daAlink_cFiP4cXyz
800F9CC8:procCrawlAutoMove__9daAlink_cFv
800F9F88:procCrawlEndInit__9daAlink_cFiss
800FA13C:procCrawlEnd__9daAlink_cFv
800F9680:procCrawlMoveInit__9daAlink_cFss
800F97C4:procCrawlMove__9daAlink_cFv
800F941C:procCrawlStartInit__9daAlink_cFv
800F9590:procCrawlStart__9daAlink_cFv
800C789C:procCrouchInit__9daAlink_cFv
800C7904:procCrouch__9daAlink_cFv
800D55D4:procCutDownInit__9daAlink_cFv
800D5AAC:procCutDownLandInit__9daAlink_cFP13fopEn_enemy_c
800D5CE8:procCutDownLand__9daAlink_cFv
800D5A04:procCutDown__9daAlink_cFv
8011ECF4:procCutFastReadyInit__9daAlink_cFv
8011ED98:procCutFastReady__9daAlink_cFv
800D36E4:procCutFinishInit__9daAlink_cFi
800D3CE8:procCutFinishJumpUpInit__9daAlink_cFv
800D3FE4:procCutFinishJumpUpLandInit__9daAlink_cFv
800D40D8:procCutFinishJumpUpLand__9daAlink_cFv
800D3ED8:procCutFinishJumpUp__9daAlink_cFv
800D3A38:procCutFinish__9daAlink_cFv
800D5E94:procCutHeadInit__9daAlink_cFv
800D633C:procCutHeadLandInit__9daAlink_cFv
800D6398:procCutHeadLand__9daAlink_cFv
800D61D4:procCutHead__9daAlink_cFv
800D4508:procCutJumpInit__9daAlink_cFi
800D4738:procCutJumpLandInit__9daAlink_cFi
800D4890:procCutJumpLand__9daAlink_cFv
800D4604:procCutJump__9daAlink_cFv
800D6444:procCutLargeJumpChargeInit__9daAlink_cFv
800D64AC:procCutLargeJumpCharge__9daAlink_cFv
800D6580:procCutLargeJumpInit__9daAlink_cFv
800D68CC:procCutLargeJumpLandInit__9daAlink_cFi
800D6A08:procCutLargeJumpLand__9daAlink_cFv
800D6690:procCutLargeJump__9daAlink_cFv
800D3164:procCutNormalInit__9daAlink_cFi
800D33C4:procCutNormal__9daAlink_cFv
800D4274:procCutReverseInit__9daAlink_cFQ29daAlink_c11daAlink_ANM
800D4408:procCutReverse__9daAlink_cFv
800D4E74:procCutTurnChargeInit__9daAlink_cFv
800D4F10:procCutTurnCharge__9daAlink_cFv
800D49E8:procCutTurnInit__9daAlink_cFii
800D4FE8:procCutTurnMoveInit__9daAlink_cFi
800D5108:procCutTurnMove__9daAlink_cFv
800D4C80:procCutTurn__9daAlink_cFv
800D9148:procDamageInit__9daAlink_cFP12dCcD_GObjInfi
800D9720:procDamage__9daAlink_cFv
8011BF78:procDemoBoomerangCatchInit__9daAlink_cFv
8011BFFC:procDemoBoomerangCatch__9daAlink_cFv
801197CC:procDemoCommon__9daAlink_cFv
800C68E8:procDiveJumpInit__9daAlink_cFv
800C69A4:procDiveJump__9daAlink_cFv
800DB8B0:procDkCaughtInit__9daAlink_cFUi
800DBA6C:procDkCaught__9daAlink_cFv
8011B788:procDoorOpenInit__9daAlink_cFv
8011B928:procDoorOpen__9daAlink_cFv
8011F290:procDungeonWarpInit__9daAlink_cFv
8011F0A0:procDungeonWarpReadyInit__9daAlink_cFv
8011F1C4:procDungeonWarpReady__9daAlink_cFv
8011F56C:procDungeonWarpSceneStartInit__9daAlink_cFv
8011F66C:procDungeonWarpSceneStart__9daAlink_cFv
8011F300:procDungeonWarp__9daAlink_cFv
800C6C54:procFallInit__9daAlink_cFif
800C6F2C:procFall__9daAlink_cFv
800F796C:procFishingCastInit__9daAlink_cFv
800F7A20:procFishingCast__9daAlink_cFv
800F7B94:procFishingFoodInit__9daAlink_cFv
800F7CB4:procFishingFood__9daAlink_cFv
800C866C:procFloorDownReboundInit__9daAlink_cFv
800C86DC:procFloorDownRebound__9daAlink_cFv
800E7FE4:procFmChainStrongPullInit__9daAlink_cFv
800E805C:procFmChainStrongPull__9daAlink_cFv
800E7E3C:procFmChainUpInit__9daAlink_cFv
800E7ECC:procFmChainUp__9daAlink_cFv
800C5120:procFrontRollCrashInit__9daAlink_cFv
800C5208:procFrontRollCrash__9daAlink_cFv
800C4B58:procFrontRollInit__9daAlink_cFv
800C536C:procFrontRollSuccessInit__9daAlink_cFv
800C544C:procFrontRollSuccess__9daAlink_cFv
800C4D4C:procFrontRoll__9daAlink_cFv
8011EC04:procGanonFinishInit__9daAlink_cFv
8011EC84:procGanonFinish__9daAlink_cFv
800E9AA0:procGoatCatchInit__9daAlink_cFP10fopAc_ac_cf
800E9DDC:procGoatCatch__9daAlink_cFv
800E9550:procGoatMoveInit__9daAlink_cFv
800E9640:procGoatMove__9daAlink_cFv
8011D680:procGoatStopReadyInit__9daAlink_cFv
8011D6E0:procGoatStopReady__9daAlink_cFv
800EA4B4:procGoatStrokeInit__9daAlink_cFv
800EA5B8:procGoatStroke__9daAlink_cFv
800EA600:procGoronMoveInit__9daAlink_cFv
800EA6D8:procGoronMove__9daAlink_cFv
800C8758:procGoronRideWaitInit__9daAlink_cFP10fopAc_ac_c
800C87E4:procGoronRideWait__9daAlink_cFv
800E6588:procGrabMiss__9daAlink_cFv
800E6938:procGrabPutInit__9daAlink_cFv
800E6B20:procGrabPut__9daAlink_cFv
800E5EC8:procGrabReadyInit__9daAlink_cFv
800E60D4:procGrabReady__9daAlink_cFv
800E6F78:procGrabReboundInit__9daAlink_cFi
800E7018:procGrabRebound__9daAlink_cFv
800E70F8:procGrabStandInit__9daAlink_cFv
800E71EC:procGrabStand__9daAlink_cFv
800E65FC:procGrabThrowInit__9daAlink_cFi
800E6804:procGrabThrow__9daAlink_cFv
800E61DC:procGrabUpInit__9daAlink_cFv
800E643C:procGrabUp__9daAlink_cFv
800E6CA8:procGrabWaitInit__9daAlink_cFv
800E6E40:procGrabWait__9daAlink_cFv
80111AA0:procGrassWhistleGetInit__9daAlink_cFv
80111BE4:procGrassWhistleGet__9daAlink_cFv
80111CA8:procGrassWhistleWaitInit__9daAlink_cFiiisP4cXyz
80111EB0:procGrassWhistleWait__9daAlink_cFv
800DDC1C:procGuardAttackInit__9daAlink_cFv
800DDDB4:procGuardAttack__9daAlink_cFv
800DE064:procGuardBreakInit__9daAlink_cFv
800DE138:procGuardBreak__9daAlink_cFv
800DD5F0:procGuardSlipInit__9daAlink_cFiP12dCcD_GObjInf
800DDAA0:procGuardSlip__9daAlink_cFv
8011CDE0:procHandPatInit__9daAlink_cFv
8011CEB4:procHandPat__9daAlink_cFv
800FBDD4:procHangClimbInit__9daAlink_cFf
800FBEE0:procHangClimb__9daAlink_cFv
800FB0D8:procHangFallStartInit__9daAlink_cFP8cM3dGPla
800FB3B0:procHangFallStart__9daAlink_cFv
800FC500:procHangLeverDownInit__9daAlink_cFv
800FC59C:procHangLeverDown__9daAlink_cFv
800FB85C:procHangMoveInit__9daAlink_cFi
800FB99C:procHangMove__9daAlink_cFv
800FC384:procHangReadyInit__9daAlink_cFv
800FC44C:procHangReady__9daAlink_cFv
800FAC88:procHangStartInit__9daAlink_cFv
800FB020:procHangStart__9daAlink_cFv
800FB4AC:procHangUpInit__9daAlink_cFi
800FB534:procHangUp__9daAlink_cFv
800FB648:procHangWaitInit__9daAlink_cFv
800FB750:procHangWait__9daAlink_cFv
800FC010:procHangWallCatchInit__9daAlink_cFv
800FC2E4:procHangWallCatch__9daAlink_cFv
801123C0:procHawkCatchInit__9daAlink_cFv
8011242C:procHawkCatch__9daAlink_cFv
80112484:procHawkSubjectInit__9daAlink_cFv
80112510:procHawkSubject__9daAlink_cFv
8010BF9C:procHookshotFlyInit__9daAlink_cFv
8010C0FC:procHookshotFly__9daAlink_cFv
8010BE14:procHookshotMoveInit__9daAlink_cFv
8010BEB0:procHookshotMove__9daAlink_cFv
8010D178:procHookshotRoofBootsInit__9daAlink_cFP10fopAc_ac_c
8010D240:procHookshotRoofBoots__9daAlink_cFv
8010CE8C:procHookshotRoofShootInit__9daAlink_cFP10fopAc_ac_c
8010CF6C:procHookshotRoofShoot__9daAlink_cFv
8010CA3C:procHookshotRoofWaitInit__9daAlink_cFiP10fopAc_ac_ci
8010CC00:procHookshotRoofWait__9daAlink_cFv
8010BCB4:procHookshotSubjectInit__9daAlink_cFv
8010BD54:procHookshotSubject__9daAlink_cFv
8010D800:procHookshotWallShootInit__9daAlink_cFv
8010D8D8:procHookshotWallShoot__9daAlink_cFv
8010D380:procHookshotWallWaitInit__9daAlink_cFisi
8010D598:procHookshotWallWait__9daAlink_cFv
800F27C0:procHorseBoomerangMoveInit__9daAlink_cFv
800F2834:procHorseBoomerangMove__9daAlink_cFv
800F2660:procHorseBoomerangSubjectInit__9daAlink_cFv
800F26D4:procHorseBoomerangSubject__9daAlink_cFv
800F2B40:procHorseBottleDrinkInit__9daAlink_cFUs
800F2CE4:procHorseBottleDrink__9daAlink_cFv
800F2458:procHorseBowMoveInit__9daAlink_cFv
800F24B4:procHorseBowMove__9daAlink_cFv
800F235C:procHorseBowSubjectInit__9daAlink_cFv
800F23C0:procHorseBowSubject__9daAlink_cFv
800F2F90:procHorseComebackInit__9daAlink_cFv
800F2FF0:procHorseComeback__9daAlink_cFv
800F1AA0:procHorseCutChargeReadyInit__9daAlink_cFv
800F1B58:procHorseCutChargeReady__9daAlink_cFv
800F15E4:procHorseCutInit__9daAlink_cFv
800F1CB8:procHorseCutTurnInit__9daAlink_cFv
800F1DB0:procHorseCutTurn__9daAlink_cFv
800F1894:procHorseCut__9daAlink_cFv
800F1F24:procHorseDamageInit__9daAlink_cFP12dCcD_GObjInf
800F2234:procHorseDamage__9daAlink_cFv
800F38F0:procHorseGetKeyInit__9daAlink_cFv
800F3960:procHorseGetKey__9daAlink_cFv
800F0598:procHorseGetOffInit__9daAlink_cFi
800F082C:procHorseGetOff__9daAlink_cFv
800F2540:procHorseGrabMoveInit__9daAlink_cFv
800F259C:procHorseGrabMove__9daAlink_cFv
800F363C:procHorseHangInit__9daAlink_cFP12dCcD_GObjInfi
800F378C:procHorseHang__9daAlink_cFv
800F2A30:procHorseHookshotMoveInit__9daAlink_cFv
800F2AA4:procHorseHookshotMove__9daAlink_cFv
800F2900:procHorseHookshotSubjectInit__9daAlink_cFv
800F297C:procHorseHookshotSubject__9daAlink_cFv
800F126C:procHorseJumpInit__9daAlink_cFv
800F1304:procHorseJump__9daAlink_cFv
800F2D58:procHorseKandelaarPourInit__9daAlink_cFv
800F2E84:procHorseKandelaarPour__9daAlink_cFv
800F1394:procHorseLandInit__9daAlink_cFv
800F1410:procHorseLand__9daAlink_cFv
800F3A24:procHorseLookDownInit__9daAlink_cFv
800F3AA0:procHorseLookDown__9daAlink_cFv
800EFB68:procHorseRideInit__9daAlink_cFv
800EFFD0:procHorseRide__9daAlink_cFv
800F30EC:procHorseRunInit__9daAlink_cFv
800F31A4:procHorseRun__9daAlink_cFv
800F14A0:procHorseSubjectivityInit__9daAlink_cFv
800F1504:procHorseSubjectivity__9daAlink_cFv
800F0E78:procHorseTurnInit__9daAlink_cFv
800F0EF0:procHorseTurn__9daAlink_cFv
800F0B8C:procHorseWaitInit__9daAlink_cFv
800F0CB0:procHorseWait__9daAlink_cFv
8015C914:procInitBoomHitWait__8daItem_cFv
8015C628:procInitBoomerangCarry__8daItem_cFv
8015C1F8:procInitForceGet__8daItem_cFv
8015C40C:procInitGetDemoEvent__8daItem_cFv
8015C06C:procInitNormal__8daItem_cFv
8015C264:procInitSimpleGetDemo__8daItem_cFv
8015C800:procInitSwOnWait__8daItem_cFv
800E7308:procInsectCatchInit__9daAlink_cFv
800E73E0:procInsectCatch__9daAlink_cFv
801157F8:procIronBallMoveInit__9daAlink_cFv
80115880:procIronBallMove__9daAlink_cFv
80115BFC:procIronBallReturnInit__9daAlink_cFv
80115CAC:procIronBallReturn__9daAlink_cFv
801156F0:procIronBallSubjectInit__9daAlink_cFv
80115770:procIronBallSubject__9daAlink_cFv
80115988:procIronBallThrowInit__9daAlink_cFv
80115A6C:procIronBallThrow__9daAlink_cFv
80111888:procKandelaarPourInit__9daAlink_cFv
80111930:procKandelaarPour__9daAlink_cFv
8011164C:procKandelaarSwingInit__9daAlink_cFv
801117D8:procKandelaarSwing__9daAlink_cFv
800FDE24:procLadderDownEndInit__9daAlink_cFi
800FDED8:procLadderDownEnd__9daAlink_cFv
800FDBD8:procLadderDownStartInit__9daAlink_cFv
800FDD80:procLadderDownStart__9daAlink_cFv
800FDF9C:procLadderMoveInit__9daAlink_cFiiP4cXyz
800FE15C:procLadderMove__9daAlink_cFv
800FDA30:procLadderUpEndInit__9daAlink_cFi
800FDAF4:procLadderUpEnd__9daAlink_cFv
800FD854:procLadderUpStartInit__9daAlink_cFv
800FD9BC:procLadderUpStart__9daAlink_cFv
800DB01C:procLandDamageInit__9daAlink_cFi
800DB26C:procLandDamage__9daAlink_cFv
800C7124:procLandInit__9daAlink_cFf
800C71F0:procLand__9daAlink_cFv
800DA38C:procLargeDamageUpInit__9daAlink_cFiiss
800DA760:procLargeDamageUp__9daAlink_cFv
8011DFE0:procLookAroundTurnInit__9daAlink_cFv
8011E0E4:procLookAroundTurn__9daAlink_cFv
8011CBDC:procLookUpInit__9daAlink_cFv
8011CCA4:procLookUpToGetItemInit__9daAlink_cFv
8011CD2C:procLookUpToGetItem__9daAlink_cFv
8011CC58:procLookUp__9daAlink_cFv
800E3424:procMagneBootsFlyInit__9daAlink_cFv
800E3660:procMagneBootsFly__9daAlink_cFv
8015C944:procMainBoomHitWait__8daItem_cFv
8015C720:procMainBoomerangCarry__8daItem_cFv
8015C1F4:procMainEnemyCarry__8daItem_cFv
8015C244:procMainForceGet__8daItem_cFv
8015C5C8:procMainGetDemoEvent__8daItem_cFv
8015C0B0:procMainNormal__8daItem_cFv
8015C340:procMainSimpleGetDemo__8daItem_cFv
8015C854:procMainSwOnWait__8daItem_cFv
8011EF24:procMasterSwordPullInit__9daAlink_cFv
8011EF98:procMasterSwordPull__9daAlink_cFv
8011EDE8:procMasterSwordStickInit__9daAlink_cFv
8011EE6C:procMasterSwordStick__9daAlink_cFv
8011BE80:procMonkeyMoveInit__9daAlink_cFv
8011BF24:procMonkeyMove__9daAlink_cFv
800C38D8:procMoveInit__9daAlink_cFv
800C3E48:procMoveTurnInit__9daAlink_cFi
800C3F44:procMoveTurn__9daAlink_cFv
800C393C:procMove__9daAlink_cFv
8011E654:procNotUseItemInit__9daAlink_cFi
8011E788:procNotUseItem__9daAlink_cFv
80105AAC:procOctaIealSpitInit__9daAlink_cFv
80105C0C:procOctaIealSpit__9daAlink_cFv
800E77F8:procPickPutInit__9daAlink_cFi
800E78EC:procPickPut__9daAlink_cFv
800E7460:procPickUpInit__9daAlink_cFv
800E766C:procPickUp__9daAlink_cFv
800C2FE8:procPreActionUnequipInit__9daAlink_cFiP10fopAc_ac_c
800C30B8:procPreActionUnequip__9daAlink_cFv
800E8F28:procPullMoveInit__9daAlink_cFi
800E9150:procPullMove__9daAlink_cFv
800C6A5C:procRollJumpInit__9daAlink_cFv
800C6B38:procRollJump__9daAlink_cFv
80100FB0:procRoofHangFrontMoveInit__9daAlink_cFv
801010F8:procRoofHangFrontMove__9daAlink_cFv
80101428:procRoofHangSideMoveInit__9daAlink_cFv
80101514:procRoofHangSideMove__9daAlink_cFv
80100C1C:procRoofHangStartInit__9daAlink_cFRC13cBgS_PolyInfoRC4cXyzi
80100CF0:procRoofHangStart__9daAlink_cFv
801015C4:procRoofHangTurnInit__9daAlink_cFv
80101740:procRoofHangTurn__9daAlink_cFv
80100DC0:procRoofHangWaitInit__9daAlink_cFi
80100F44:procRoofHangWait__9daAlink_cFv
801018B8:procRoofSwitchHangInit__9daAlink_cFP10fopAc_ac_c
801019B8:procRoofSwitchHang__9daAlink_cFv
800DBF28:procScreamWaitInit__9daAlink_cFv
800DBFB0:procScreamWait__9daAlink_cFv
800C32A4:procServiceWaitInit__9daAlink_cFv
800C32FC:procServiceWait__9daAlink_cFv
800C5534:procSideRollInit__9daAlink_cFi
800C5690:procSideRoll__9daAlink_cFv
800C3FAC:procSideStepInit__9daAlink_cFi
800C42FC:procSideStepLandInit__9daAlink_cFv
800C4484:procSideStepLand__9daAlink_cFv
800C416C:procSideStep__9daAlink_cFv
800C4584:procSlideInit__9daAlink_cFs
800C49B8:procSlideLandInit__9daAlink_cFi
800C4AA0:procSlideLand__9daAlink_cFv
800C4720:procSlide__9daAlink_cFv
800C5E34:procSlipInit__9daAlink_cFv
800C5EB0:procSlip__9daAlink_cFv
800C7304:procSmallJumpInit__9daAlink_cFi
800C74E0:procSmallJump__9daAlink_cFv
8010DE70:procSpinnerReadyInit__9daAlink_cFv
8010DFD8:procSpinnerReady__9daAlink_cFv
8010E084:procSpinnerWaitInit__9daAlink_cFv
8010E158:procSpinnerWait__9daAlink_cFv
800DB7BC:procStEscapeInit__9daAlink_cFv
800DB81C:procStEscape__9daAlink_cFv
800C76E0:procStepMoveInit__9daAlink_cFv
800C7768:procStepMove__9daAlink_cFv
800EB830:procSumouActionInit__9daAlink_cFiii
800EBEEC:procSumouAction__9daAlink_cFv
800EAE58:procSumouMoveInit__9daAlink_cFv
800EAF90:procSumouMove__9daAlink_cFv
800EAB5C:procSumouReadyInit__9daAlink_cFv
800EAC34:procSumouReady__9daAlink_cFv
800EC744:procSumouShikoInit__9daAlink_cFv
800EC800:procSumouShiko__9daAlink_cFv
800EB414:procSumouSideMoveInit__9daAlink_cFv
800EB4C8:procSumouSideMove__9daAlink_cFv
800EC304:procSumouStaggerInit__9daAlink_cFv
800EC37C:procSumouStagger__9daAlink_cFv
800EC418:procSumouWinLoseInit__9daAlink_cFv
800EC5E4:procSumouWinLose__9daAlink_cFv
801053A8:procSwimDamageInit__9daAlink_cFP12dCcD_GObjInf
80105934:procSwimDamage__9daAlink_cFv
80104B64:procSwimDiveInit__9daAlink_cFv
80104CAC:procSwimDive__9daAlink_cFv
801050C4:procSwimHookshotMoveInit__9daAlink_cFv
801051D0:procSwimHookshotMove__9daAlink_cFv
80104E5C:procSwimHookshotSubjectInit__9daAlink_cFv
80104F88:procSwimHookshotSubject__9daAlink_cFv
8010487C:procSwimMoveInit__9daAlink_cFv
801049C4:procSwimMove__9daAlink_cFv
80104304:procSwimUpInit__9daAlink_cFv
801043F4:procSwimUp__9daAlink_cFv
80104504:procSwimWaitInit__9daAlink_cFi
801046C0:procSwimWait__9daAlink_cFv
8011EAEC:procSwordPushInit__9daAlink_cFv
8011EB6C:procSwordPush__9daAlink_cFv
8011E8EC:procSwordReadyInit__9daAlink_cFv
8011E954:procSwordReady__9daAlink_cFv
800D6B98:procSwordUnequipSpInit__9daAlink_cFv
800D6C44:procSwordUnequipSp__9daAlink_cFv
800C3430:procTiredWaitInit__9daAlink_cFv
800C3544:procTiredWait__9daAlink_cFv
8011E174:procTradeItemOutInit__9daAlink_cFv
8011E26C:procTradeItemOut__9daAlink_cFv
800DE214:procTurnMoveInit__9daAlink_cFi
800DE58C:procTurnMove__9daAlink_cFv
8015C4B0:procWaitGetDemoEvent__8daItem_cFv
800C35C4:procWaitInit__9daAlink_cFv
800C3CA0:procWaitTurnInit__9daAlink_cFv
800C3D28:procWaitTurn__9daAlink_cFv
800C3710:procWait__9daAlink_cFv
8012DDB4:procWolfAtnActorMoveInit__9daAlink_cFv
8012DE50:procWolfAtnActorMove__9daAlink_cFv
8013CAD4:procWolfAttackReverseInit__9daAlink_cFv
8013CBF8:procWolfAttackReverse__9daAlink_cFv
8012EBD4:procWolfAutoJumpInit__9daAlink_cFi
8012EDA0:procWolfAutoJump__9daAlink_cFv
8012E5A4:procWolfBackJumpInit__9daAlink_cFi
8012E800:procWolfBackJumpLandInit__9daAlink_cFss
8012E890:procWolfBackJumpLand__9daAlink_cFv
8012E714:procWolfBackJump__9daAlink_cFv
8013DD78:procWolfCargoCarryInit__9daAlink_cFv
8013DE68:procWolfCargoCarry__9daAlink_cFv
8013E44C:procWolfChainReadyInit__9daAlink_cFv
8013E4B4:procWolfChainReady__9daAlink_cFv
8013E004:procWolfChainUpInit__9daAlink_cFv
8013E07C:procWolfChainUp__9daAlink_cFv
8013E8CC:procWolfChainWaitInit__9daAlink_cFv
8013EA18:procWolfChainWait__9daAlink_cFv
801362F8:procWolfDamageInit__9daAlink_cFP12dCcD_GObjInf
80136714:procWolfDamage__9daAlink_cFv
8012D680:procWolfDashInit__9daAlink_cFv
8012DACC:procWolfDashReverseInit__9daAlink_cFi
8012DC68:procWolfDashReverse__9daAlink_cFv
8012D79C:procWolfDash__9daAlink_cFv
8013EF50:procWolfDigInit__9daAlink_cFv
8013F6B4:procWolfDigThroughInit__9daAlink_cFi
8013F9D0:procWolfDigThrough__9daAlink_cFv
8013F3FC:procWolfDig__9daAlink_cFv
8013BB70:procWolfDownAtLandInit__9daAlink_cFP13fopEn_enemy_c
8013BC50:procWolfDownAtLand__9daAlink_cFv
8013BEA0:procWolfDownAtMissLandInit__9daAlink_cFv
8013BF60:procWolfDownAtMissLand__9daAlink_cFv
8013B734:procWolfDownAttackInit__9daAlink_cFv
8013BA14:procWolfDownAttack__9daAlink_cFv
8013CF00:procWolfEnemyHangBiteInit__9daAlink_cFv
8013CFF8:procWolfEnemyHangBite__9daAlink_cFv
8013CD54:procWolfEnemyThrowInit__9daAlink_cFi
8013CE68:procWolfEnemyThrow__9daAlink_cFv
8012EFDC:procWolfFallInit__9daAlink_cFif
8012F1C4:procWolfFall__9daAlink_cFv
8013E13C:procWolfGanonCatchInit__9daAlink_cFv
8013E240:procWolfGanonCatch__9daAlink_cFv
8013FC20:procWolfGetSmellInit__9daAlink_cFv
8013FE30:procWolfGetSmell__9daAlink_cFv
8013536C:procWolfGiantPuzzleInit__9daAlink_cFv
80135404:procWolfGiantPuzzle__9daAlink_cFv
8013D794:procWolfGrabPutInit__9daAlink_cFv
8013D868:procWolfGrabPut__9daAlink_cFv
8013DA24:procWolfGrabThrowInit__9daAlink_cFv
8013DA78:procWolfGrabThrow__9daAlink_cFv
8013D2E0:procWolfGrabUpInit__9daAlink_cFv
8013D608:procWolfGrabUp__9daAlink_cFv
80135EE4:procWolfHangFallStartInit__9daAlink_cFP8cM3dGPla
8013610C:procWolfHangFallStart__9daAlink_cFv
801357F8:procWolfHangReadyInit__9daAlink_cFv
80135874:procWolfHangReady__9daAlink_cFv
801358FC:procWolfHangWallCatchInit__9daAlink_cFi
80135D00:procWolfHangWallCatch__9daAlink_cFv
8013090C:procWolfHowlDemoInit__9daAlink_cFv
80130DD0:procWolfHowlDemo__9daAlink_cFv
8012E960:procWolfHowlInit__9daAlink_cFi
8012EA48:procWolfHowl__9daAlink_cFv
80139FEC:procWolfJumpAttackInit__9daAlink_cFi
8013A9F8:procWolfJumpAttackKickInit__9daAlink_cFv
8013AAAC:procWolfJumpAttackKick__9daAlink_cFv
8013AE50:procWolfJumpAttackNormalLandInit__9daAlink_cFi
8013AF00:procWolfJumpAttackNormalLand__9daAlink_cFv
8013AB08:procWolfJumpAttackSlideLandInit__9daAlink_cFiii
8013ACD0:procWolfJumpAttackSlideLand__9daAlink_cFv
8013A704:procWolfJumpAttack__9daAlink_cFv
80136E24:procWolfLandDamageInit__9daAlink_cFi
80136FF0:procWolfLandDamage__9daAlink_cFv
8012F344:procWolfLandInit__9daAlink_cFv
8012F3FC:procWolfLand__9daAlink_cFv
80136830:procWolfLargeDamageUpInit__9daAlink_cFiiss
80136BF0:procWolfLargeDamageUp__9daAlink_cFv
80137E9C:procWolfLieAutoMoveInit__9daAlink_cFiP4cXyz
80137F58:procWolfLieAutoMove__9daAlink_cFv
80137840:procWolfLieMoveInit__9daAlink_cFi
801379FC:procWolfLieMove__9daAlink_cFv
8013762C:procWolfLieStartInit__9daAlink_cFi
80137748:procWolfLieStart__9daAlink_cFv
8013C030:procWolfLockAttackInit__9daAlink_cFi
8013C83C:procWolfLockAttackTurnInit__9daAlink_cFi
8013C9B0:procWolfLockAttackTurn__9daAlink_cFv
8013C5F0:procWolfLockAttack__9daAlink_cFv
8012D25C:procWolfMidnaRideShockInit__9daAlink_cFv
8012D310:procWolfMidnaRideShock__9daAlink_cFv
8012D58C:procWolfMoveInit__9daAlink_cFv
8012D5F0:procWolfMove__9daAlink_cFv
8013DB3C:procWolfPushInit__9daAlink_cFv
8013DC98:procWolfPush__9daAlink_cFv
80139AB4:procWolfRollAttackChargeInit__9daAlink_cFv
80139B14:procWolfRollAttackCharge__9daAlink_cFv
8013B4AC:procWolfRollAttackInit__9daAlink_cFii
80139BD0:procWolfRollAttackMoveInit__9daAlink_cFv
80139C7C:procWolfRollAttackMove__9daAlink_cFv
8013B630:procWolfRollAttack__9daAlink_cFv
80132944:procWolfRopeHangInit__9daAlink_cFi
80132B20:procWolfRopeHang__9daAlink_cFv
80131E80:procWolfRopeMoveInit__9daAlink_cFii
80131FAC:procWolfRopeMove__9daAlink_cFv
80133260:procWolfRopeStaggerInit__9daAlink_cFi
80133370:procWolfRopeStagger__9daAlink_cFv
80133A58:procWolfRopeSubjectivityInit__9daAlink_cFv
80133B3C:procWolfRopeSubjectivity__9daAlink_cFv
80132F74:procWolfRopeTurnInit__9daAlink_cFv
80133094:procWolfRopeTurn__9daAlink_cFv
80137160:procWolfScreamWaitInit__9daAlink_cFv
80137204:procWolfScreamWait__9daAlink_cFv
8012CDF0:procWolfServiceWaitInit__9daAlink_cFi
8012CF34:procWolfServiceWait__9daAlink_cFv
8012E0D4:procWolfSideStepInit__9daAlink_cFi
8012E3F4:procWolfSideStepLandInit__9daAlink_cFs
8012E4E8:procWolfSideStepLand__9daAlink_cFv
8012E2B8:procWolfSideStep__9daAlink_cFv
8012F484:procWolfSitInit__9daAlink_cFi
8012F564:procWolfSit__9daAlink_cFv
8013008C:procWolfSlideInit__9daAlink_cFsi
801302E0:procWolfSlideLandInit__9daAlink_cFv
80130344:procWolfSlideLand__9daAlink_cFv
8012FE44:procWolfSlideReadyInit__9daAlink_cFsi
8012FF38:procWolfSlideReady__9daAlink_cFv
801301B0:procWolfSlide__9daAlink_cFv
8012F840:procWolfSlipInit__9daAlink_cFv
8012FA4C:procWolfSlipTurnInit__9daAlink_cFi
8012FD24:procWolfSlipTurnLandInit__9daAlink_cFv
8012FDC0:procWolfSlipTurnLand__9daAlink_cFv
8012FBCC:procWolfSlipTurn__9daAlink_cFv
8012F8F8:procWolfSlip__9daAlink_cFv
8013064C:procWolfSlopeStartInit__9daAlink_cFi
801306E0:procWolfSlopeStart__9daAlink_cFv
8011D2AC:procWolfSmellWaitInit__9daAlink_cFv
8011DA38:procWolfSnowEscapeInit__9daAlink_cFv
8011DB04:procWolfSnowEscape__9daAlink_cFv
8012F628:procWolfStepMoveInit__9daAlink_cFv
8012F70C:procWolfStepMove__9daAlink_cFv
80138B18:procWolfSwimEndWaitInit__9daAlink_cFi
80138C24:procWolfSwimEndWait__9daAlink_cFv
80138928:procWolfSwimMoveInit__9daAlink_cFv
801389AC:procWolfSwimMove__9daAlink_cFv
801385E4:procWolfSwimUpInit__9daAlink_cFv
80138690:procWolfSwimUp__9daAlink_cFv
80138738:procWolfSwimWaitInit__9daAlink_cFi
80138850:procWolfSwimWait__9daAlink_cFv
8013420C:procWolfTagJumpInit__9daAlink_cFP10fopAc_ac_c
80134FC4:procWolfTagJumpLandInit__9daAlink_cFP10fopAc_ac_c
801350C8:procWolfTagJumpLand__9daAlink_cFv
80134A44:procWolfTagJump__9daAlink_cFv
8012D174:procWolfTiredWaitInit__9daAlink_cFv
8012D1F8:procWolfTiredWait__9daAlink_cFv
8013AFFC:procWolfWaitAttackInit__9daAlink_cFi
8013B1CC:procWolfWaitAttack__9daAlink_cFv
8012D3B4:procWolfWaitInit__9daAlink_cFv
801303F0:procWolfWaitSlipInit__9daAlink_cFv
80130474:procWolfWaitSlip__9daAlink_cFv
8012DF14:procWolfWaitTurnInit__9daAlink_cFv
8012DFC0:procWolfWaitTurn__9daAlink_cFv
8012D4B4:procWolfWait__9daAlink_cFv
8011DD10:procZoraMoveInit__9daAlink_cFv
8011DDA8:procZoraMove__9daAlink_cFv
80073AA0:proc__10dAttHint_cFv
80073E1C:proc__10dAttLook_cFv
80073B0C:proc__11dAttCatch_cFv
802B41A8:processBgmFramework__8Z2SeqMgrFv
802B6D7C:processHeartGaugeSound__11Z2StatusMgrFv
802AEF84:processSeFramework__7Z2SeMgrFv
8027FC14:processTermination__14JPABaseEmitterFv
8027FBD4:processTillStartFrame__14JPABaseEmitterFv
802B751C:processTime__11Z2StatusMgrFv
802A9218:process__Q28JMessage18TSequenceProcessorFPCc
802A9920:process__Q28JMessage19TRenderingProcessorFPCc
802A8FEC:process_character___Q28JMessage10TProcessorFv
80452CCC:process_id$2216
802A9850:process_onBranch___Q28JMessage18TSequenceProcessorFPCQ28JMessage18TSequenceProcessorUl
802A9818:process_onBranch_limited___Q28JMessage18TSequenceProcessorFPCQ28JMessage18TSequenceProcessorUl
802A908C:process_onCharacterEnd_normal___Q28JMessage10TProcessorFPQ28JMessage10TProcessor
802A90F4:process_onCharacterEnd_select___Q28JMessage10TProcessorFPQ28JMessage10TProcessor
802A97EC:process_onJump___Q28JMessage18TSequenceProcessorFPCQ28JMessage18TSequenceProcessor
802A97B8:process_onJump_limited___Q28JMessage18TSequenceProcessorFPCQ28JMessage18TSequenceProcessor
802A9158:process_onSelect___Q28JMessage10TProcessorFPQ28JMessage10TProcessor
802A913C:process_onSelect_limited___Q28JMessage10TProcessorFPQ28JMessage10TProcessor
80289D80:process_paragraph_reserved___Q37JStudio3stb7TObjectFUlPCvUl
80289C2C:process_sequence___Q37JStudio3stb7TObjectFv
802A9744:process_setMessageCode___Q28JMessage18TSequenceProcessorFPCQ28JMessage18TSequenceProcessorUsUs
802A972C:process_setMessageIndex_reserved___Q28JMessage18TSequenceProcessorFUs
803C4F34:prog$4685
802575AC:progChangeDraw__10dScnLogo_cFv
80256CD4:progInDraw__10dScnLogo_cFv
80257350:progOutDraw__10dScnLogo_cFv
80256D8C:progSelDraw__10dScnLogo_cFv
80257530:progSet2Draw__10dScnLogo_cFv
802574AC:progSetDraw__10dScnLogo_cFv
802DFF3C:protected_initiate__10JUTResFontFPC7ResFONTP7JKRHeap
8044F500:protopool$192
800547B8:psdRealCallBack__FP13cBgS_ShdwDrawP10cBgD_Vtx_tiiiP8cM3dGPla
80323570:ptrToIndex__12J3DTevBlock1Fv
803231AC:ptrToIndex__12J3DTevBlock2Fv
80322DE8:ptrToIndex__12J3DTevBlock4Fv
8031ECD0:ptrToIndex__13J3DTevBlock16Fv
80333810:ptrToIndex__15J3DTevBlockNullFv
8031EDB4:ptrToIndex__18J3DTevBlockPatchedFv
80164E70:pushInfo__9dCamera_cFPQ29dCamera_c10dCamInfo_cs
8000CC7C:push__14mDoMtx_stack_cFv
80182B70:push_any_key__9dCamera_cFv
8022B9AC:push_word__26jmessage_tMeasureProcessorFPc
8022CF78:push_word__27jmessage_tSequenceProcessorFv
8022FC00:push_word__28jmessage_tRenderingProcessorFv
80232D70:push_word__35jmessage_string_tRenderingProcessorFPCc
80393418:pushedSlip$40013
800E5A3C:putObjLineCheck__9daAlink_cFR11dBgS_LinChkP4cXyzP10fopAc_ac_c
80035220:putSave__10dSv_info_cFi
803D0A68:qMtx$1001
803D0AF8:qMtx$1063
803CFA50:qMtx$895
803D0A98:qMtx2$1002
803D0B28:qMtx2$1064
803CFA80:qMtx2$896
8000CF30:quatM__14mDoMtx_stack_cFPC10Quaternion
800378B8:quat_rotBaseY__5daObjFP10QuaternionRC4cXyz
8024B7DC:query001__10dMsgFlow_cFP21mesg_flow_node_branchP10fopAc_ac_ci
8024B824:query002__10dMsgFlow_cFP21mesg_flow_node_branchP10fopAc_ac_ci
8024B8AC:query003__10dMsgFlow_cFP21mesg_flow_node_branchP10fopAc_ac_ci
8024B8F4:query004__10dMsgFlow_cFP21mesg_flow_node_branchP10fopAc_ac_ci
8024B964:query005__10dMsgFlow_cFP21mesg_flow_node_branchP10fopAc_ac_ci
8024B99C:query006__10dMsgFlow_cFP21mesg_flow_node_branchP10fopAc_ac_ci
8024B9D0:query007__10dMsgFlow_cFP21mesg_flow_node_branchP10fopAc_ac_ci
8024BB00:query008__10dMsgFlow_cFP21mesg_flow_node_branchP10fopAc_ac_ci
8024BB48:query009__10dMsgFlow_cFP21mesg_flow_node_branchP10fopAc_ac_ci
8024BB74:query010__10dMsgFlow_cFP21mesg_flow_node_branchP10fopAc_ac_ci
8024BBA8:query011__10dMsgFlow_cFP21mesg_flow_node_branchP10fopAc_ac_ci
8024BBF0:query012__10dMsgFlow_cFP21mesg_flow_node_branchP10fopAc_ac_ci
8024BC28:query013__10dMsgFlow_cFP21mesg_flow_node_branchP10fopAc_ac_ci
8024BC60:query014__10dMsgFlow_cFP21mesg_flow_node_branchP10fopAc_ac_ci
8024BC98:query015__10dMsgFlow_cFP21mesg_flow_node_branchP10fopAc_ac_ci
8024BCD0:query016__10dMsgFlow_cFP21mesg_flow_node_branchP10fopAc_ac_ci
8024BD08:query017__10dMsgFlow_cFP21mesg_flow_node_branchP10fopAc_ac_ci
8024BD4C:query018__10dMsgFlow_cFP21mesg_flow_node_branchP10fopAc_ac_ci
8024BD90:query019__10dMsgFlow_cFP21mesg_flow_node_branchP10fopAc_ac_ci
8024BDD4:query020__10dMsgFlow_cFP21mesg_flow_node_branchP10fopAc_ac_ci
8024BE18:query021__10dMsgFlow_cFP21mesg_flow_node_branchP10fopAc_ac_ci
8024BF88:query022__10dMsgFlow_cFP21mesg_flow_node_branchP10fopAc_ac_ci
8024BFBC:query023__10dMsgFlow_cFP21mesg_flow_node_branchP10fopAc_ac_ci
8024BFF8:query024__10dMsgFlow_cFP21mesg_flow_node_branchP10fopAc_ac_ci
8024C018:query025__10dMsgFlow_cFP21mesg_flow_node_branchP10fopAc_ac_ci
8024C060:query026__10dMsgFlow_cFP21mesg_flow_node_branchP10fopAc_ac_ci
8024C08C:query027__10dMsgFlow_cFP21mesg_flow_node_branchP10fopAc_ac_ci
8024C0F0:query028__10dMsgFlow_cFP21mesg_flow_node_branchP10fopAc_ac_ci
8024C144:query029__10dMsgFlow_cFP21mesg_flow_node_branchP10fopAc_ac_ci
8024C184:query030__10dMsgFlow_cFP21mesg_flow_node_branchP10fopAc_ac_ci
8024C1BC:query031__10dMsgFlow_cFP21mesg_flow_node_branchP10fopAc_ac_ci
8024C218:query032__10dMsgFlow_cFP21mesg_flow_node_branchP10fopAc_ac_ci
8024C240:query033__10dMsgFlow_cFP21mesg_flow_node_branchP10fopAc_ac_ci
8024C288:query034__10dMsgFlow_cFP21mesg_flow_node_branchP10fopAc_ac_ci
8024C2B8:query035__10dMsgFlow_cFP21mesg_flow_node_branchP10fopAc_ac_ci
8024C2E0:query036__10dMsgFlow_cFP21mesg_flow_node_branchP10fopAc_ac_ci
8024C324:query037__10dMsgFlow_cFP21mesg_flow_node_branchP10fopAc_ac_ci
8024C368:query038__10dMsgFlow_cFP21mesg_flow_node_branchP10fopAc_ac_ci
8024C454:query039__10dMsgFlow_cFP21mesg_flow_node_branchP10fopAc_ac_ci
8024C4F0:query040__10dMsgFlow_cFP21mesg_flow_node_branchP10fopAc_ac_ci
8024C5F4:query041__10dMsgFlow_cFP21mesg_flow_node_branchP10fopAc_ac_ci
8024C690:query042__10dMsgFlow_cFP21mesg_flow_node_branchP10fopAc_ac_ci
8024C74C:query043__10dMsgFlow_cFP21mesg_flow_node_branchP10fopAc_ac_ci
8024C7E8:query044__10dMsgFlow_cFP21mesg_flow_node_branchP10fopAc_ac_ci
8024C830:query045__10dMsgFlow_cFP21mesg_flow_node_branchP10fopAc_ac_ci
8024C8BC:query046__10dMsgFlow_cFP21mesg_flow_node_branchP10fopAc_ac_ci
8024C8EC:query047__10dMsgFlow_cFP21mesg_flow_node_branchP10fopAc_ac_ci
8024C8F4:query048__10dMsgFlow_cFP21mesg_flow_node_branchP10fopAc_ac_ci
8024C944:query049__10dMsgFlow_cFP21mesg_flow_node_branchP10fopAc_ac_ci
8024C9A0:query050__10dMsgFlow_cFP21mesg_flow_node_branchP10fopAc_ac_ci
8024C9E4:query051__10dMsgFlow_cFP21mesg_flow_node_branchP10fopAc_ac_ci
8024CA44:query052__10dMsgFlow_cFP21mesg_flow_node_branchP10fopAc_ac_ci
8024CA78:query053__10dMsgFlow_cFP21mesg_flow_node_branchP10fopAc_ac_ci
802E49A0:queryMapAddress__12JUTExceptionFPcUllPUlPUlPcUlbb
802E4A90:queryMapAddress_single__12JUTExceptionFPcUllPUlPUlPcUlbb
803F6D7C:queue$3717
80453130:r0
8045313C:r02
804268E4:r09o$4964
80453134:r1
80453140:r12
80453138:r2
80453144:r22
80167E30:radiusActorInSight__9dCamera_cFP10fopAc_ac_cP10fopAc_ac_cP10fopAc_ac_c
80165444:radiusActorInSight__9dCamera_cFP10fopAc_ac_cP10fopAc_ac_cP4cXyzP4cXyzfsf
8017979C:railCamera__9dCamera_cFl
8005CED8:rain_bg_chk__FP19dKankyo_rain_Packeti
8036964C:raise
8006F308:randombit__25@unnamed@d_vibration_cpp@Fll
80282808:range_getParameter__Q27JStudio29TFunctionValueAttribute_rangeCFddd
80282718:range_initialize__Q27JStudio29TFunctionValueAttribute_rangeFv
8028274C:range_prepare__Q27JStudio29TFunctionValueAttribute_rangeFv
802827F4:range_set__Q27JStudio29TFunctionValueAttribute_rangeFdd
8016E61C:rangef__22@unnamed@d_camera_cpp@Ffff
803AE008:rank_tbl
802560E0:rateCalc__13CPaneMgrAlphaFssUc
8008826C:rationalBezierRatio__8dCamMathFff
80399788:rboxPosX$3884
803997A0:rboxPosY$3885
80399770:rboxScale$3883
8033A1C4:readAnmCluster__19J3DAnmKeyLoader_v15FPC20J3DAnmClusterKeyData
80339920:readAnmCluster__20J3DAnmFullLoader_v15FPC21J3DAnmClusterFullData
8030A648:readAnmColor__19J2DAnmKeyLoader_v15FPC18J3DAnmColorKeyData
8033A0B0:readAnmColor__19J3DAnmKeyLoader_v15FPC18J3DAnmColorKeyData
8030AC1C:readAnmColor__20J2DAnmFullLoader_v15FPC19J3DAnmColorFullData
803396BC:readAnmColor__20J3DAnmFullLoader_v15FPC19J3DAnmColorFullData
8030ADDC:readAnmTevReg__19J2DAnmKeyLoader_v15FPC19J3DAnmTevRegKeyData
8033A258:readAnmTevReg__19J3DAnmKeyLoader_v15FPC19J3DAnmTevRegKeyData
8030AD10:readAnmTexPattern__20J2DAnmFullLoader_v15FPC24J3DAnmTexPatternFullData
803397B0:readAnmTexPattern__20J3DAnmFullLoader_v15FPC24J3DAnmTexPatternFullData
8030A434:readAnmTextureSRT__19J2DAnmKeyLoader_v15FPC23J3DAnmTextureSRTKeyData
80339EB0:readAnmTextureSRT__19J3DAnmKeyLoader_v15FPC23J3DAnmTextureSRTKeyData
8030A370:readAnmTransform__19J2DAnmKeyLoader_v15FPC22J3DAnmTransformKeyData
80339DEC:readAnmTransform__19J3DAnmKeyLoader_v15FPC22J3DAnmTransformKeyData
8030AB60:readAnmTransform__20J2DAnmFullLoader_v15FPC23J3DAnmTransformFullData
80339600:readAnmTransform__20J3DAnmFullLoader_v15FPC23J3DAnmTransformFullData
8030AF90:readAnmVisibility__20J2DAnmFullLoader_v15FPC24J3DAnmVisibilityFullData
8033987C:readAnmVisibility__20J3DAnmFullLoader_v15FPC24J3DAnmVisibilityFullData
8030A75C:readAnmVtxColor__19J2DAnmKeyLoader_v15FPC21J3DAnmVtxColorKeyData
8033A40C:readAnmVtxColor__19J3DAnmKeyLoader_v15FPC21J3DAnmVtxColorKeyData
8030B034:readAnmVtxColor__20J2DAnmFullLoader_v15FPC22J3DAnmVtxColorFullData
803399B4:readAnmVtxColor__20J3DAnmFullLoader_v15FPC22J3DAnmVtxColorFullData
801CBBFC:readAreaData__12dMenu_Fmap_cFUcb
802AA8C8:readBFCA__16Z2AudioArcLoaderFPCv
802A56A8:readBMS__17JAUAudioArcLoaderFUlPCvUl
802A56D4:readBMS_fromArchive__17JAUAudioArcLoaderFUl
802A5604:readBNK__17JAUAudioArcLoaderFUlPCv
802A5634:readBSC__17JAUAudioArcLoaderFPCvUl
802A5768:readBSFT__17JAUAudioArcLoaderFPCv
802AA954:readBSTN__16Z2AudioArcLoaderFPCvUl
802A5680:readBSTN__17JAUAudioArcLoaderFPCvUl
802A5658:readBST__17JAUAudioArcLoaderFPCvUl
803350F8:readCluster__20J3DClusterLoader_v15FPC15J3DClusterBlock
802AA870:readCommandMore__16Z2AudioArcLoaderFUl
802A5114:readCommandMore__22JAUAudioArcInterpreterFUl
802A511C:readCommand___22JAUAudioArcInterpreterFv
802DA7B4:readData__10JKRDvdFileFPvll
802DD47C:readData__18JSUFileInputStreamFPvl
802DD334:readData__20JSUMemoryInputStreamFPvl
80336280:readDraw__14J3DModelLoaderFPC12J3DDrawBlock
8029D5E0:readDspBuffer__9JASDriverFPsUl
803361F0:readEnvelop__14J3DModelLoaderFPC16J3DEnvelopeBlock
802943A0:readExport__12JASTrackPortFUl
801CC358:readFieldMapData__12dMenu_Fmap_cFPPvPCcbb
802D4AD8:readFromAram__13JKRAramStreamFv
802D6520:readFsResource__12JKRFileCacheFPvUlPCc
802D6CCC:readIdxResource__10JKRArchiveFPvUlUl
8029437C:readImport__12JASTrackPortFUl
80335E48:readInformation__14J3DModelLoaderFPC17J3DModelInfoBlockUl
8021D1CC:readItemTexture__13dMeter2Info_cFUcPvP10J2DPicturePvP10J2DPicturePvP10J2DPicturePvP10J2DPicturei
80336330:readJoint__14J3DModelLoaderFPC13J3DJointBlock
80336F68:readMaterialDL__14J3DModelLoaderFPC18J3DMaterialDLBlockUl
803372A4:readMaterialTable__14J3DModelLoaderFPC16J3DMaterialBlockUl
80336AE4:readMaterialTable__18J3DModelLoader_v26FPC16J3DMaterialBlockUl
803372A0:readMaterialTable_v21__14J3DModelLoaderFPC20J3DMaterialBlock_v21Ul
80336C20:readMaterialTable_v21__18J3DModelLoader_v21FPC20J3DMaterialBlock_v21Ul
8033729C:readMaterial__14J3DModelLoaderFPC16J3DMaterialBlockUl
80336414:readMaterial__18J3DModelLoader_v26FPC16J3DMaterialBlockUl
80337298:readMaterial_v21__14J3DModelLoaderFPC20J3DMaterialBlock_v21Ul
80336690:readMaterial_v21__18J3DModelLoader_v21FPC20J3DMaterialBlock_v21Ul
802A57D8:readMaxSeCategory__17JAUAudioArcLoaderFiii
802371AC:readMessageGroupLocal__12dMsgObject_cFPP25mDoDvdThd_mountXArchive_c
8023868C:readMessageGroup__12dMsgObject_cFPP25mDoDvdThd_mountXArchive_c
802970B0:readMidiValue__12JASSeqReaderFv
80026504:readMult__FP11dStage_dt_cP14dStage_Multi_cb
802D654C:readNameResource__12JKRFileCacheFPvUlUlPCc
802E3D54:readPad__12JUTExceptionFPUlPUl
80336E28:readPatchedMaterial__14J3DModelLoaderFPC16J3DMaterialBlockUl
802936D0:readPortSelf__8JASTrackFUl
8029377C:readPort__8JASTrackFUl
80294DC8:readReg__12JASSeqParserCFP8JASTrackUl
802D6C30:readResource__10JKRArchiveFPvUlPCc
802D6B8C:readResource__10JKRArchiveFPvUlUlPCc
802D6D40:readResource__10JKRArchiveFPvUlUs
802D5D64:readResource__12JKRFileCacheFPvUlPCc
802D5E3C:readResource__12JKRFileCacheFPvUlUlPCc
801CC1C8:readRoomData__12dMenu_Fmap_cFPCcP23dMenu_Fmap_stage_data_cPviUc
801CC7E0:readRoomDzsData__12dMenu_Fmap_cFPPvUlPCc
8004BF2C:readScene__13dPa_control_cFUcPP21mDoDvdThd_toMainRam_c
803368F4:readShape__14J3DModelLoaderFPC13J3DShapeBlockUl
80336D5C:readTextureTable__14J3DModelLoaderFPC15J3DTextureBlock
80336A18:readTexture__14J3DModelLoaderFPC15J3DTextureBlock
80335FD0:readVertex__14J3DModelLoaderFPC14J3DVertexBlock
802A55AC:readWS__17JAUAudioArcLoaderFUlPCvUl
801CBA34:readWorldData__12dMenu_Fmap_cFUc
802E16E4:read__10JUTGamePadFv
802DD098:read__14JSUInputStreamFPvl
802945B8:read__16JASRegisterParamFQ216JASRegisterParam5RegID
802DA318:read__7JKRFileFPvll
80007A94:read__8mDoCPd_cFv
801F84DC:read_close_init__13dMenu_Skill_cFv
801DF0E4:read_close_init__14dMenu_Letter_cFv
801F8530:read_close_move__13dMenu_Skill_cFv
801DF130:read_close_move__14dMenu_Letter_cFv
801F83D8:read_move_init__13dMenu_Skill_cFv
801DE9D0:read_move_init__14dMenu_Letter_cFv
801F8414:read_move_move__13dMenu_Skill_cFv
801DEAE8:read_move_move__14dMenu_Letter_cFv
801DEE9C:read_next_fadein_init__14dMenu_Letter_cFv
801DEFC8:read_next_fadein_move__14dMenu_Letter_cFv
801DED0C:read_next_fadeout_init__14dMenu_Letter_cFv
801DED58:read_next_fadeout_move__14dMenu_Letter_cFv
801F81E8:read_open_init__13dMenu_Skill_cFv
801DE5F8:read_open_init__14dMenu_Letter_cFv
801F82BC:read_open_move__13dMenu_Skill_cFv
801DE828:read_open_move__14dMenu_Letter_cFv
80054984:realPolygonCheck__FP4cXyzffP4cXyzP18dDlst_shadowPoly_c
802A7CDC:rearrangeLoadingSeqs___23JAUDynamicSeqDataBlocksFv
802E2898:recalibrate__10JUTGamePadFUl
80007D74:recalibrate__8mDoCPd_cFv
80453834:recalibrated$388
8029CA48:receiveBankDisposeMsg__10JASChannelFv
803301F8:recursiveCalc__8J3DJointFv
802D0D1C:recycleFreeBlock__10JKRExpHeapFPQ210JKRExpHeap9CMemBlock
802824E8:refer_initialize__Q27JStudio29TFunctionValueAttribute_referFv
801D37A0:regionGridDraw__18dMenu_Fmap2DBack_cFv
801D4DF0:regionMapMove__18dMenu_Fmap2DBack_cFP9STControl
801D3DBC:regionOriginDraw__18dMenu_Fmap2DBack_cFv
801D306C:regionTextureDraw__18dMenu_Fmap2DBack_cFv
801C87DC:region_map_init__12dMenu_Fmap_cFv
801C88C4:region_map_proc__12dMenu_Fmap_cFv
802C9A24:registEtcSePos__10Z2EnvSeMgrFP3Vec
802C966C:registFallSePos__10Z2EnvSeMgrFP3Vec
802CAD58:registLv3WaterSePos__10Z2EnvSeMgrFUcP3Vec
802AF970:registMultiSePos__12Z2MultiSeMgrFP3Vec
80274D8C:registRes__18JPAResourceManagerFP11JPAResource
802C9034:registRiverSePos__10Z2EnvSeMgrFP3Vec
80274DAC:registTex__18JPAResourceManagerFP10JPATexture
802C860C:registWindowPos__10Z2EnvSeMgrFP3Vec
802CA0C8:registWolfSmellSePos__10Z2EnvSeMgrFP3Vec
80290DA8:regist__14JASCallbackMgrFPFPv_lPv
8029F040:registerDspSyncCallback__9JASDriverFPFPv_lPv
8029D7DC:registerMixCallback__9JASDriverFPFl_Ps10JASMixMode
8029F074:registerSubFrameCallback__9JASDriverFPFPv_lPv
8044E9E8:regs
8031153C:reinitGX__6J3DSysFv
8031159C:reinitGenMode__6J3DSysFv
80311B44:reinitIndStages__6J3DSysFv
803115E8:reinitLighting__6J3DSysFv
80311C3C:reinitPixelProc__6J3DSysFv
8031183C:reinitTevStages__6J3DSysFv
80311798:reinitTexture__6J3DSysFv
80311694:reinitTransform__6J3DSysFv
802545B4:reinit__8CPaneMgrFv
8029EFC4:rejectCallback__9JASDriverFPFPv_lPv
80290E30:reject__14JASCallbackMgrFPFPv_lPv
8015FE04:relationalPos2__22@unnamed@d_camera_cpp@FP10fopAc_ac_cP10fopAc_ac_cP4cXyzf7cSAngle
8016502C:relationalPos__9dCamera_cFP10fopAc_ac_cP10fopAc_ac_cP4cXyzf
80164F78:relationalPos__9dCamera_cFP10fopAc_ac_cP4cXyz
80393430:releaeScale$40567
80293FB0:releaseAll__Q28JASTrack11TChannelMgrFv
802A1C48:releaseChildTracks___6JAISeqFv
802A04E8:releaseChild__5JAISeFi
802A245C:releaseChild__6JAISeqFi
802A4824:releaseChild__9JAIStreamFi
8029E7A4:releaseHalt__6JASDspFUl
802A2FA0:releaseHandle__8JAISoundFv
802A6CF8:releaseIdleDynamicSeqDataBlock__14JAUSectionHeapFv
802A7B48:releaseIdleDynamicSeqDataBlock__23JAUDynamicSeqDataBlocksFP14JAISeqDataUser
802A7C00:releaseIdleDynamicSeqDataBlock___23JAUDynamicSeqDataBlocksFP14JAISeqDataUserUl
802A7070:releaseSeqData__14JAUSectionHeapFv
802A071C:releaseSeqData__16JAISeCategoryMgrFRC16JAISeqDataRegion
802A75DC:releaseSeqData__27JAUSeqDataMgr_SeqCollectionFv
802A0FD8:releaseSeqData__8JAISeMgrFRC16JAISeqDataRegion
802A2670:releaseSeqData__9JAISeqMgrFRC16JAISeqDataRegion
802A2F84:releaseSound__14JAISoundHandleFv
8029B8D0:release__10JASChannelFUs
8029CDE4:release__13JASOscillatorFv
801CC8E0:removeAreaData__12dMenu_Fmap_cFv
802E90B0:removeConsole__17JUTConsoleManagerFP10JUTConsole
802C0F90:removeEnemy__13Z2SoundObjMgrFP26JSULink<15Z2CreatureEnemy>
802D0CB4:removeFreeBlock__10JKRExpHeapFPQ210JKRExpHeap9CMemBlock
8033044C:removeMatColorAnimator__16J3DMaterialTableFP11J3DAnmColor
80049188:removeModel__15dSmplMdl_draw_cFP12J3DModelDatai
80281EAC:removeObject__Q37JStudio3ctb8TControlFPQ37JStudio3ctb7TObject
80285550:removeObject__Q37JStudio3fvb8TControlFPQ37JStudio3fvb7TObject
8028A078:removeObject__Q37JStudio3stb8TControlFPQ37JStudio3stb7TObject
802D6DB4:removeResourceAll__10JKRArchiveFv
802D5ED4:removeResourceAll__12JKRFileCacheFv
802D7CD0:removeResourceAll__13JKRMemArchiveFv
802DA060:removeResourceAll__14JKRCompArchiveFv
802D6E3C:removeResource__10JKRArchiveFPv
802D5F64:removeResource__12JKRFileCacheFPv
802D5108:removeResource__13JKRFileLoaderFPvP13JKRFileLoader
802D7D20:removeResource__13JKRMemArchiveFPv
802DA0F4:removeResource__14JKRCompArchiveFPv
80158EC8:removeResrc__10daNpcCd2_cFii
80156E5C:removeResrc__9daNpcCd_cFii
801CCA6C:removeRoomData__12dMenu_Fmap_cFP23dMenu_Fmap_stage_data_c
8004C06C:removeRoomScene__13dPa_control_cFb
8004C104:removeScene__13dPa_control_cFb
8002CBD8:removeSimpleModel__14dComIfG_play_cFP12J3DModelDatai
80330680:removeTevRegAnimator__16J3DMaterialTableFP15J3DAnmTevRegKey
803305B4:removeTexMtxAnimator__16J3DMaterialTableFP19J3DAnmTextureSRTKey
803304F8:removeTexNoAnimator__16J3DMaterialTableFP16J3DAnmTexPattern
802F3894:removeTexture__11J2DTevBlockFUl
802ECEA8:removeTexture__12J2DTevBlock1FUl
802EE01C:removeTexture__12J2DTevBlock2FUl
802EF4A0:removeTexture__12J2DTevBlock4FUl
802F0948:removeTexture__12J2DTevBlock8FUl
802F1DC8:removeTexture__13J2DTevBlock16FUl
802D0CE8:removeUsedBlock__10JKRExpHeapFPQ210JKRExpHeap9CMemBlock
802FE614:remove__10J2DPictureFP10JUTTexture
802FE4F4:remove__10J2DPictureFUc
80300210:remove__10J2DPictureFv
802DCF5C:remove__10JSUPtrListFP10JSUPtrLink
8003F884:remove__10dMapInfo_cFv
8009C994:remove__10dMdl_mng_cFv
8024AB68:remove__10dMsgFlow_cFv
80031A38:remove__10daMirror_cFv
8030546C:remove__12J2DPictureExFP10JUTTexture
8030526C:remove__12J2DPictureExFUc
80305408:remove__12J2DPictureExFv
8009CC64:remove__12dEyeHL_mng_cFP8dEyeHL_c
80049340:remove__12diff_model_cFi
80039404:remove__14dDemo_object_cFv
80043318:remove__14dEvt_control_cFv
802A77F8:remove__16JAUSeqDataBlocksFP26JSULink<15JAUSeqDataBlock>
80046D3C:remove__16dEvent_manager_cFv
8004ACF4:remove__18dPa_modelEcallBackFv
801508EC:remove__18daNpcF_ActorMngr_cFv
80145908:remove__18daNpcT_ActorMngr_cFv
80039A40:remove__7dDemo_cFv
8009BD90:remove__7dTres_cFv
8009CB58:remove__8dEyeHL_cFv
8003FDA0:remove__8dMpath_cFv
800095F8:remove__Q213mDoGph_gInf_c7bloom_cFv
80024B64:remove__Q220dStage_roomControl_c9roomDzs_cFv
8003CA24:remove__Q28dMpath_n18dTexObjAggregate_cFv
80452754:renderMode__Q29JFWSystem11CSetUpParam
802A84BC:render__Q28JMessage8TControlFv
8003D4F0:renderingDecoration__18dRenderingFDAmap_cFPCQ211dDrawPath_c10line_class
8003CEDC:renderingMap__15dRenderingMap_cFv
8003CA7C:rendering__11dDrawPath_cFPCQ211dDrawPath_c10line_class
8003CB70:rendering__11dDrawPath_cFPCQ211dDrawPath_c10poly_class
8003CD54:rendering__11dDrawPath_cFPCQ211dDrawPath_c10room_class
8003CCEC:rendering__11dDrawPath_cFPCQ211dDrawPath_c11floor_class
8003CC30:rendering__11dDrawPath_cFPCQ211dDrawPath_c11group_class
801CF378:rendering__15dMenu_FmapMap_cFPCQ211dDrawPath_c10line_class
80028AD8:rendering__15renderingAmap_cFPCQ211dDrawPath_c10line_class
80028BE4:rendering__15renderingAmap_cFPCQ211dDrawPath_c10poly_class
80028A98:rendering__15renderingAmap_cFPCQ211dDrawPath_c10room_class
8029EB50:replyFinishRequest__Q26JASDsp8TChannelFv
80073A2C:request__10dAttHint_cFP10fopAc_ac_ci
80073E38:request__10dAttLook_cFP10fopAc_ac_cfffsi
80073B38:request__11dAttCatch_cFP10fopAc_ac_cUcfffsi
80452D08:request_id$2360
800298C0:resCopy__6dMap_cFv
80258674:resLoad__FP30request_of_phase_process_classP10dScnLogo_c
80259628:resLoad__FP30request_of_phase_process_classPc
804530C0:resPhase
804530D8:resPreLoadTime0
804530E0:resPreLoadTime1
802A1AA4:reserveChildTracks___6JAISeqFi
800249FC:resetArchiveBank__20dStage_roomControl_cFi
8025BD24:resetArchiveBank__Fi
800AABE8:resetAtCollision__9daAlink_cFi
800BF6EC:resetBasAnime__9daAlink_cFv
802B4F28:resetBattleBgmParams__8Z2SeqMgrFv
80229C64:resetCharCountBuffer__19jmessage_tReferenceFv
80229C04:resetCharactor__19jmessage_tReferenceFv
8022FF00:resetCharactor__26jmessage_string_tReferenceFv
800D163C:resetCombo__9daAlink_cFi
8029CC2C:resetCounter__6JASLfoFv
802BA8C4:resetCrowdSize__7Z2SeMgrFv
80117D9C:resetDemoBck__9daAlink_cFv
800AFEC8:resetFacePriAnime__9daAlink_cFv
800AFD80:resetFacePriBck__9daAlink_cFv
800AFE38:resetFacePriBtk__9daAlink_cFv
800AFDDC:resetFacePriBtp__9daAlink_cFv
800AFE94:resetFacePriTexture__9daAlink_cFv
80124D74:resetFairyEffect__9daAlink_cFv
802AB230:resetFilterAll__10Z2SoundMgrFv
8021C4DC:resetFloatingMessage__13dMeter2Info_cFv
8045390C:resetFuncRegistered
8025A8C4:resetGame__9dScnPly_cFv
801088E8:resetHookshotMode__9daAlink_cFv
80242778:resetLine__14dMsgScrnHowl_cFv
8021CEC4:resetMeterString__13dMeter2Info_cFv
8021E388:resetMiniGameItem__13dMeter2Info_cFb
802AC60C:resetModY__7Z2SeMgrFv
8004ADC0:resetModel__18dPa_modelEcallBackFP14JPABaseEmitter
80313EA8:resetMtxLoadCache__11J3DShapeMtxFv
802AFABC:resetMultiSePos__12Z2MultiSeMgrFv
80111194:resetOilBottleModel__9daAlink_cFv
80027D38:resetOldMulti__15dStage_roomDt_cFv
800258D4:resetOldMulti__16dStage_stageDt_cFv
802CE774:resetProcess__10Z2AudioMgrFUlb
802CE7CC:resetRecover__10Z2AudioMgrFv
80229460:resetReference__19jmessage_tReferenceFv
802A5D68:resetRegisteredBankTables__Q210JAUSection12TSectionDataFv
802A5DE4:resetRegisteredWaveBankTables__Q210JAUSection12TSectionDataFv
8022E5F8:resetRendering__28jmessage_tRenderingProcessorFv
801CCD88:resetRoomDataBit__12dMenu_Fmap_cFv
8009ED24:resetRootMtx__9daAlink_cFv
802C779C:resetSceneInner__10Z2EnvSeMgrFv
802C7798:resetScene__10Z2EnvSeMgrFv
80237C90:resetSelectBomBag__12dMsgObject_cFv
802A1234:resetSeqDataMgr__8JAISeMgrFv
80117E9C:resetSpecialEvent__9daAlink_cFv
802CB98C:resetState__13Z2WolfHowlMgrFv
80140CD4:resetStatusWindow__9daAlink_cFv
8024A458:resetStringLocal__12dMsgString_cFP10J2DTextBox
8024A2BC:resetStringLocal__16dMsgStringBase_cFP10J2DTextBox
800ADCF8:resetUnderAnime__9daAlink_cFQ29daAlink_c13daAlink_UNDERf
800AD930:resetUpperAnime__9daAlink_cFQ29daAlink_c13daAlink_UPPERf
8021CCA0:resetWarpStatus__13dMeter2Info_cFv
800AA920:resetWolfAtCollision__9daAlink_cFv
80139124:resetWolfBallGrab__9daAlink_cFv
80138E10:resetWolfEnemyBiteAll__9daAlink_cFv
80229B98:resetWord__19jmessage_tReferenceFv
8022870C:reset__10COutFont_cFP10J2DTextBox
80318148:reset__10J3DPEBlockFP10J3DPEBlock
8003F844:reset__10dMapInfo_cFv
8009C9F0:reset__10dMdl_mng_cFv
8031814C:reset__11J3DIndBlockFP11J3DIndBlock
80317C14:reset__11J3DMaterialFv
80318150:reset__11J3DTevBlockFP11J3DTevBlock
803213D4:reset__12J3DTevBlock1FP11J3DTevBlock
803214AC:reset__12J3DTevBlock2FP11J3DTevBlock
8032178C:reset__12J3DTevBlock4FP11J3DTevBlock
80056668:reset__12dDlst_list_cFv
80318158:reset__13J3DColorBlockFP13J3DColorBlock
80321C24:reset__13J3DTevBlock16FP11J3DTevBlock
8032209C:reset__14J3DPEBlockFullFP10J3DPEBlock
80318154:reset__14J3DTexGenBlockFP14J3DTexGenBlock
80042648:reset__14dEvt_control_cFPv
80042598:reset__14dEvt_control_cFv
80321EB0:reset__15J3DIndBlockFullFP11J3DIndBlock
803181A0:reset__15J3DIndBlockNullFP11J3DIndBlock
8033380C:reset__15J3DTevBlockNullFP11J3DTevBlock
80320FA0:reset__15J3DTexGenBlock4FP14J3DTexGenBlock
80321FB4:reset__16J3DPEBlockFogOffFP10J3DPEBlock
80317ED4:reset__17J3DLockedMaterialFv
80006FB4:reset__17mDoAud_zelAudio_cFv
80317E3C:reset__18J3DPatchedMaterialFv
80321218:reset__18J3DTevBlockPatchedFP11J3DTevBlock
80054620:reset__18dDlst_shadowReal_cFv
803210DC:reset__19J3DTexGenBlockBasicFP14J3DTexGenBlock
80320D34:reset__20J3DColorBlockLightOnFP13J3DColorBlock
80320B08:reset__21J3DColorBlockLightOffFP13J3DColorBlock
80320E84:reset__21J3DTexGenBlockPatchedFP14J3DTexGenBlock
80055898:reset__21dDlst_shadowControl_cFv
80320BE4:reset__22J3DColorBlockAmbientOnFP13J3DColorBlock
8003A034:reset__7dDemo_cFv
8009BD9C:reset__7dTres_cFv
80031464:reset__7daSus_cFv
8003FD00:reset__8dMpath_cFv
802A7414:reset__Q23std16__bitset_base<8>FUl
80031064:reset__Q27daSus_c6data_cFv
800312A4:reset__Q27daSus_c6room_cFv
802A8990:reset__Q28JMessage10TProcessorFv
802A83D4:reset__Q28JMessage8TControlFv
802899D0:reset__Q37JStudio3stb7TObjectFPCv
8028A204:reset__Q37JStudio3stb8TControlFv
803018F8:resize__10J2DTextBoxFff
802F7DF8:resize__7J2DPaneFff
802CF484:resize__7JKRHeapFPvUl
802CF424:resize__7JKRHeapFPvUlP7JKRHeap
802FBE00:resize__9J2DWindowFff
801F337C:restartInit__12dMenu_save_cFv
8025E66C:restart__8dTimer_cFUc
8008FC18:restorePosEvCamera__9dCamera_cFv
800169C0:restore__15mDoMemCd_Ctrl_cFv
8029DFD4:resume__15JASAudioReseterFv
80294900:retIntr__10JASSeqCtrlFv
8029707C:ret__12JASSeqReaderFv
804537AC:retraceCount
804537B4:retraceQueue
801F3210:retryQuestion0__12dMenu_save_cFv
801F3278:retryQuestion1__12dMenu_save_cFv
801F3304:retryQuestion2__12dMenu_save_cFv
8000A160:retry_captue_frame__FP10view_classP15view_port_classi
800E0AD0:returnBoomerang__9daAlink_cFi
800E1C3C:returnCopyRod__9daAlink_cFv
800BFA90:returnKeepItemData__9daAlink_cFv
80034F2C:revOneSwitch__13dSv_zoneBit_cFi
8003555C:revSwitch__10dSv_info_cFii
80034D44:revSwitch__12dSv_danBit_cFi
800349BC:revSwitch__12dSv_memBit_cFi
80034EA8:revSwitch__13dSv_zoneBit_cFi
8014DC54:reverseDir__16daBaseNpc_path_cFv
80150DC8:reverse__13daNpcF_Path_cFv
80145FAC:reverse__13daNpcT_Path_cFv
8030045C:rewriteAlpha__10J2DPictureFv
80301A90:rewriteAlpha__10J2DTextBoxFv
80303BF4:rewriteAlpha__11J2DWindowExFv
8030780C:rewriteAlpha__12J2DPictureExFv
80309610:rewriteAlpha__12J2DTextBoxExFv
802F91CC:rewriteAlpha__7J2DPaneFv
802FCE4C:rewriteAlpha__9J2DWindowFv
8017AFCC:rideCamera__9dCamera_cFl
800ECDDC:rideGetOff__9daAlink_cFv
8039319C:rightOffset$19387
803AA00C:ringID$5531
801FA504:ring_close_init__5dMw_cFUc
801FB328:ring_close_proc__5dMw_cFv
801FA500:ring_move_init__5dMw_cFUc
801FB2E0:ring_move_proc__5dMw_cFv
801FA4E4:ring_open_init__5dMw_cFUc
801FB2A0:ring_open_proc__5dMw_cFv
803B4A68:rodTopOffset$61388
8008AAA4:rollingEvCamera__9dCamera_cFv
8006F2B4:rollshift__25@unnamed@d_vibration_cpp@FUlll
8001DDC4:roofCheck__11fopAcM_rc_cFPC4cXyz
80046B1C:roomFinish__16dEvent_manager_cFi
80046A34:roomInit__16dEvent_manager_cFi
801CE8B0:roomSetteing__15renderingFmap_cFv
80453168:rootHeap__9JFWSystem
80452880:rootPath
803F6D50:rootlayer$3716
80452EF0:rot$10882
80452EF8:rot$11307
80452F00:rot$11586
80452F08:rot$11958
80452EB8:rot$7919
80452EC0:rot$8366
80452EC8:rot$8936
80452ED8:rot$9421
80452EE0:rot$9847
8003EF1C:rotAngle__10dMapInfo_nFPC21dStage_FileList2_dt_cP3Vec
80279294:rotTypeXYZ__FffRA3_A4_f
80279214:rotTypeX__FffRA3_A4_f
802791D4:rotTypeY__FffRA3_A4_f
80279254:rotTypeZ__FffRA3_A4_f
802F800C:rotate__7J2DPaneFf
802F7FDC:rotate__7J2DPaneFff13J2DRotateAxisf
803686E8:round_decimal
80072224:runDebugDisp__12dAttention_cFv
80071FB4:runDrawProc__12dAttention_cFv
80180944:runEventRecoveryTrans__9dCamera_cFv
80071F1C:runSoundProc__12dAttention_cFv
802E2CA8:run__12JUTExceptionFv
80290B4C:run__13JASTaskThreadFv
802D4A68:run__13JKRAramStreamFv
8029DBEC:run__14JASAudioThreadFv
802D2FDC:run__7JKRAramFv
802DC590:run__9JKRDecompFv
802D2C14:run__9JKRThreadFv
8004373C:runningEventID__14dEvt_control_cFs
8039337C:rupeeCount$37407
80399FC0:rupeet1_tag$5152
80399FE0:rupeet2_tag$5153
8019D7C4:s16_data_ratio_set__Fssf
8039CCB0:sAdsTable__8JASTrack
8039E660:sAffordTail__8Z2MdnPrm
8039E5F8:sAfford__8Z2MdnPrm
80453108:sAllocBytes__20DynamicModuleControl
804534A4:sAnalogMode__10JUTGamePad
8016C4E0:sAngleX__22@unnamed@d_camera_cpp@FR4cXyz
8017DB40:sAngleY__22@unnamed@d_camera_cpp@FR4cXyz
8039E588:sApologizeTail__8Z2MdnPrm
8039E524:sApologize__8Z2MdnPrm
804531DC:sAramBase__9JASKernel
8043629C:sAramCommandList__7JKRAram
80453258:sAramHeap__16JASWaveArcLoader
804362CC:sAramList__11JKRAramHeap
80453390:sAramObject__7JKRAram
804362E4:sAramPieceCommandList__12JKRAramPiece
804533D0:sAramStreamObject__13JKRAramStream
8045310C:sArchive__20DynamicModuleControl
803CE658:sAsciiTable__14JUTDirectPrint
80453260:sBankDisposeListSize__10JASChannel
80433BB0:sBankDisposeList__10JASChannel
80433B50:sBankDisposeMsgQ__10JASChannel
80433B70:sBankDisposeMsg__10JASChannel
80453220:sBlockSize__13JASAramStream
80457EB8:sBoringTail__8Z2MdnPrm
8039E100:sBoring__8Z2MdnPrm
80272AAC:sBs_ClearArea__FPvUl
80272A8C:sBs_FillArea_s__FPvUls
804531E8:sBuffer
80453208:sCallBackFunc__12JASSeqParser
804534B8:sCallbackArg__Q210JUTGamePad13C3ButtonReset
804534B4:sCallback__Q210JUTGamePad13C3ButtonReset
803CE590:sChannelMask__Q210JUTGamePad7CRumble
80453224:sChannelMax__13JASAramStream
80457ED0:sCheerfulTail__8Z2MdnPrm
8039E2B8:sCheerful__8Z2MdnPrm
8045289C:sClampMode__10JUTGamePad
803C7E20:sCmdInfo__12JASSeqParser
804531E4:sCommandHeap__9JASKernel
80433644:sCommandListOnce__10JASPortCmd
8043365C:sCommandListStay__10JASPortCmd
80457ED8:sConfusedTail__8Z2MdnPrm
8039E324:sConfused__8Z2MdnPrm
80452C50:sConsole
804534E0:sConsoleBufferSize__12JUTException
804534DC:sConsoleBuffer__12JUTException
804534E4:sConsole__12JUTException
80436200:sCorrectDuo
804361B8:sCorrectPhrase
803CE600:sCpuExpName__12JUTException
804533E8:sCurrentDirID__10JKRArchive
803C9780:sCurrentDir__16JASWaveArcLoader
80453484:sCurrentFifo__12JUTGraphFifo
8045333C:sCurrentHeap__7JKRHeap
80453570:sCurrentPipeline__11J3DShapeMtx
80453574:sCurrentScaleFlag__11J3DShapeMtx
804533E0:sCurrentVolume__13JKRFileLoader
8039CEB0:sCurveTableLinear__13JASOscillator
8039CEF4:sCurveTableSampleCell__13JASOscillator
8039CF38:sCurveTableSqRoot__13JASOscillator
8039CF7C:sCurveTableSquare__13JASOscillator
804532B8:sDSPVolume__6JASDsp
80452770:sDacRate__9JASDriver
80452830:sDeathMtBottom
80452834:sDeathMtTop
80453490:sDebugPrint__10JUTDbPrint
80453478:sDecompObject__9JKRDecomp
80433674:sDefaultBankTable__8JASTrack
80452C41:sDefaultDirection
80452870:sDefaultFillFlag__7JKRHeap
80453200:sDefaultParser__10JASSeqCtrl
80457F00:sDesideTail__8Z2MdnPrm
8039E594:sDeside__8Z2MdnPrm
803CF8A0:sDifferedRegister
804534F0:sDirectPrint__14JUTDirectPrint
80433C18:sDmaDacBuffer__9JASDriver
804532A8:sDspChannels__13JASDSPChannel
80453268:sDspDacBuffer__9JASDriver
80453278:sDspDacCallback__9JASDriver
80453270:sDspDacReadBuffer__9JASDriver
8045326C:sDspDacWriteBuffer__9JASDriver
80453274:sDspStatus__9JASDriver
80433C38:sDspSyncCallback__9JASDriver
80436374:sDvdAramAsyncList__16JKRDvdAramRipper
80436344:sDvdAsyncList__12JKRDvdRipper
8043632C:sDvdList__10JKRDvdFile
80436270:sEndMesgQueue__7JKRTask
8039CCC8:sEnvOsc__8JASTrack
8045359C:sEnvelopeFlag__8J3DShape
804534D0:sErrorManager__12JUTException
803C842C:sExtCmdInfo__12JASSeqParser
80453110:sFileCache__20DynamicModuleControl
803CE7D8:sFontData2__14JUTDirectPrint
803CE6D8:sFontData__14JUTDirectPrint
80433C00:sFreeRunLfo__6JASLfo
80436C30:sGDLObj__17J3DDisplayListObj
803CDC60:sGuideData
803CDC20:sHealingSong
80457EE0:sHostilityTail__8Z2MdnPrm
8039E390:sHostility__8Z2MdnPrm
803CDC08:sHowlLightPrelude
803CDC14:sHowlSoulRequiem
80452860:sHowlTobikusa
803CDBF0:sHowlUmakusa
803CDBFC:sHowlZeldaSong
80452AD0:sHungUpTime__7mDoMain
80453184:sInitCalled__9JFWSystem
80452B48:sInstance__27JASGlobalInstance<7Z2SeMgr>
80452B2C:sInstance__28JASGlobalInstance<8JAISeMgr>
80452B44:sInstance__28JASGlobalInstance<8Z2SeqMgr>
80452B28:sInstance__29JASGlobalInstance<9JAISeqMgr>
80452B04:sInstance__31JASGlobalInstance<10Z2Audience>
80452AFC:sInstance__31JASGlobalInstance<10Z2EnvSeMgr>
80452B40:sInstance__31JASGlobalInstance<10Z2SceneMgr>
80452B20:sInstance__31JASGlobalInstance<10Z2SoundMgr>
80452B00:sInstance__32JASGlobalInstance<11Z2FxLineMgr>
80452B0C:sInstance__32JASGlobalInstance<11Z2SoundInfo>
80452B3C:sInstance__32JASGlobalInstance<11Z2StatusMgr>
80452B1C:sInstance__33JASGlobalInstance<12JAISoundInfo>
80452B24:sInstance__33JASGlobalInstance<12JAIStreamMgr>
80452B10:sInstance__33JASGlobalInstance<12JAUSoundInfo>
80452B30:sInstance__33JASGlobalInstance<12Z2SpeechMgr2>
80452B18:sInstance__34JASGlobalInstance<13JAUSoundTable>
80452B08:sInstance__34JASGlobalInstance<13Z2SoundObjMgr>
80452AF8:sInstance__34JASGlobalInstance<13Z2WolfHowlMgr>
80452B4C:sInstance__35JASGlobalInstance<14JASAudioThread>
80452C80:sInstance__35JASGlobalInstance<14JAUSectionHeap>
80452B34:sInstance__35JASGlobalInstance<14Z2SoundStarter>
80452B38:sInstance__36JASGlobalInstance<15JAISoundStarter>
80452B14:sInstance__38JASGlobalInstance<17JAUSoundNameTable>
80452B50:sInstance__40JASGlobalInstance<19JASDefaultBankTable>
80453590:sInterruptFlag$903
804535B0:sInterruptFlag$965
80453568:sInterruptFlag__17J3DDisplayListObj
8039E1CC:sIrritatedTail__8Z2MdnPrm
8039E16C:sIrritated__8Z2MdnPrm
8039E014:sJokeTail__8Z2MdnPrm
8039DFB0:sJoke__8Z2MdnPrm
80453579:sLODFlag__11J3DShapeMtx
804531F0:sLineCount
804531EC:sLineMax
80432FA4:sList__8JFWAlarm
80453218:sLoadThread__13JASAramStream
80453188:sManager__10JFWDisplay
80453520:sManager__10JUTProcBar
80453378:sManager__15JKRThreadSwitch
80453538:sManager__17JUTConsoleManager
80453518:sManager__6JUTXfb
80453500:sManager__8JUTVideo
80436558:sMapFileList__12JUTException
804528B0:sMessageBuffer__12JUTException
803CE128:sMessageBuffer__13JKRAramStream
803CE0C8:sMessageBuffer__7JKRAram
803CE400:sMessageBuffer__9JKRDecomp
80436830:sMessageFileLine__Q212JUTAssertion23@unnamed@JUTAssert_cpp@
804534F8:sMessageLife__Q212JUTAssertion23@unnamed@JUTAssert_cpp@
803CE5C0:sMessageQueue__12JUTException
803CE138:sMessageQueue__13JKRAramStream
803CE0D8:sMessageQueue__7JKRAram
803CE420:sMessageQueue__9JKRDecomp
80436870:sMessageString__Q212JUTAssertion23@unnamed@JUTAssert_cpp@
8039CFC0:sMixFuncs__9JASDriver
8045276C:sMixMode__9JASDriver
80436C40:sMtxLoadCache__11J3DShapeMtx
803CFA20:sMtxLoadLODPipeline__21J3DShapeMtxConcatView
803CF960:sMtxLoadPipeline__11J3DShapeMtx
803CF9C0:sMtxLoadPipeline__21J3DShapeMtxConcatView
80453580:sMtxPtrTbl__21J3DShapeMtxConcatView
80433620:sMutex
80453578:sNBTFlag__11J3DShapeMtx
803CDC2C:sNewSong1
803CDC3C:sNewSong2
803CDC4C:sNewSong3
80452930:sNoUseDrawMtxPtr__12J3DMtxBuffer
80439180:sNoUseDrawMtx__12J3DMtxBuffer
80452934:sNoUseNrmMtxPtr__12J3DMtxBuffer
804391B0:sNoUseNrmMtx__12J3DMtxBuffer
80453598:sOldVcdVatCmd__8J3DShape
80457EC0:sOrderTail__8Z2MdnPrm
8039E1D8:sOrder__8Z2MdnPrm
8039CE98:sOscData__12JASVoiceBank
80453230:sOscTable__12JASVoiceBank
80453288:sOutputRate__9JASDriver
8043652C:sPatternList__19JUTGamePadLongPress
8039CCE0:sPitchEnvOsc__8JASTrack
804534D8:sPostUserCallback__12JUTException
80452AC8:sPowerOnTime__7mDoMain
804534D4:sPreUserCallback__12JUTException
804528A0:sPressPoint__Q210JUTGamePad6CStick
8039E66C:sPrm__8Z2MdnPrm
804335E0:sProbeTable__8JASProbe
8045321C:sReadBuffer__13JASAramStream
804528A4:sReleasePoint__Q210JUTGamePad6CStick
8039DFA4:sReplyTail__8Z2MdnPrm
8039DF40:sReply__8Z2MdnPrm
80457EF8:sReplybTail__8Z2MdnPrm
8039E4D0:sReplyb__8Z2MdnPrm
8045353C:sReportConsole
80457EC8:sResentTail__8Z2MdnPrm
8039E24C:sResent__8Z2MdnPrm
804528AC:sResetMaskPattern__Q210JUTGamePad13C3ButtonReset
804534CC:sResetOccurredPort__Q210JUTGamePad13C3ButtonReset
804534C9:sResetOccurred__Q210JUTGamePad13C3ButtonReset
804528A8:sResetPattern__Q210JUTGamePad13C3ButtonReset
804534C8:sResetSwitchPushing__Q210JUTGamePad13C3ButtonReset
8039E0F4:sRidiculeTail__8Z2MdnPrm
8039E090:sRidicule__8Z2MdnPrm
80453340:sRootHeap__7JKRHeap
804534A8:sRumbleSupported__10JUTGamePad
8045288C:sSZSBufferSize__12JKRDvdRipper
80452894:sSZSBufferSize__16JKRDvdAramRipper
80452878:sSZSBufferSize__7JKRAram
80457EF0:sSeriousTail__8Z2MdnPrm
8039E464:sSerious__8Z2MdnPrm
8039E084:sSexyTail__8Z2MdnPrm
8039E020:sSexy__8Z2MdnPrm
803CF8C0:sSizeOfDiffered
803CC560:sSpotName
8045285C:sStickCenter
80452858:sStickHigh
80452898:sStickMode__10JUTGamePad
8045354C:sStrBufInitialized
80433D38:sSubFrameCallback__9JASDriver
8045328C:sSubFrameCounter__9JASDriver
80452774:sSubFrames__9JASDriver
804534A0:sSuppressPadReset__10JUTGamePad
80453338:sSystemHeap__7JKRHeap
804531E0:sSystemHeap__9JASKernel
80436264:sTaskList__7JKRTask
80436BEC:sTexCoordScaleTable__6J3DSys
80453588:sTexGenBlock__17J3DDifferedTexMtx
8045357C:sTexMtxLoadType__11J3DShapeMtx
8045358C:sTexMtxObj__17J3DDifferedTexMtx
8043624C:sThreadList__9JKRThread
804531D0:sThread__6JASDvd
804534C0:sThreshold__Q210JUTGamePad13C3ButtonReset
80457EE8:sTiredTail__8Z2MdnPrm
8039E3F8:sTired__8Z2MdnPrm
803EEEE0:sTmpBuf
804531F4:sTop
8045337C:sTotalCount__15JKRThreadSwitch
80453380:sTotalStart__15JKRThreadSwitch
80433A8C:sTrackList__8JASTrack
80452838:sUnderWaterDepthMax
80433E38:sUpdateDacCallback__9JASDriver
80453248:sUsedHeapSize__11JASWSParser
80453250:sUsedHeapSize__12JASBNKParser
80453508:sVideoInterval__8JUTVideo
80453504:sVideoLastTick__8JUTVideo
80436314:sVolumeList__13JKRFileLoader
80453540:sWarningConsole
804361DC:sWindStoneSound
8043B1D8:sWorkArea_MtxReg__13J3DSkinDeform
804391D8:sWorkArea_WEvlpMixMtx__13J3DSkinDeform
8043A1D8:sWorkArea_WEvlpMixWeight__13J3DSkinDeform
80453088:s_groupID
804533C4:s_is_decompress_mutex_initialized
803AA2BC:s_o_id__8dPa_name
80159914:s_sub1__FPvPv
8015A4D0:s_sub__FPvPv
8039C6E0:saCompositeOperation___Q37JStudio3fvb17@unnamed@fvb_cpp@
8039F070:saoAboutEncoding___10JUTResFont
804334B8:saoVVOSetValue___Q215JStudio_JAudio214TAdaptor_sound
804331C4:saoVVOutput_ANIMATION_FRAME___Q214JStudio_JStage14TAdaptor_actor
8043335C:saoVVOutput___Q214JStudio_JStage12TAdaptor_fog
80433160:saoVVOutput___Q214JStudio_JStage14TAdaptor_actor
80433294:saoVVOutput___Q214JStudio_JStage15TAdaptor_camera
80433408:saoVVOutput_direction___Q214JStudio_JStage14TAdaptor_light
803CBC20:sapfnParseCharacter___Q28JMessage18TResourceContainer
80457498:sauVariableValue_2_DIRECTION_THETA_PHI__Q27JStudio14TAdaptor_light
80457488:sauVariableValue_2_DISTANCE_NEAR_FAR__Q27JStudio15TAdaptor_camera
80457490:sauVariableValue_2_RANGE_BEGIN_END__Q27JStudio12TAdaptor_fog
8039C830:sauVariableValue_3_COLOR1_RGB__Q27JStudio17TAdaptor_particle
8039C7A0:sauVariableValue_3_COLOR_RGB__Q27JStudio12TAdaptor_fog
8039C7BC:sauVariableValue_3_COLOR_RGB__Q27JStudio14TAdaptor_light
8039C814:sauVariableValue_3_COLOR_RGB__Q27JStudio17TAdaptor_particle
8039C76C:sauVariableValue_3_COLOR_RGB__Q27JStudio21TAdaptor_ambientLight
8039C7D8:sauVariableValue_3_POSITION_XYZ__Q27JStudio14TAdaptor_light
8039C84C:sauVariableValue_3_POSITION_XYZ__Q27JStudio14TAdaptor_sound
8039C788:sauVariableValue_3_POSITION_XYZ__Q27JStudio15TAdaptor_camera
8039C754:sauVariableValue_3_ROTATION_XYZ__Q27JStudio14TAdaptor_actor
8039C7FC:sauVariableValue_3_ROTATION_XYZ__Q27JStudio17TAdaptor_particle
8039C760:sauVariableValue_3_SCALING_XYZ__Q27JStudio14TAdaptor_actor
8039C808:sauVariableValue_3_SCALING_XYZ__Q27JStudio17TAdaptor_particle
8039C7E4:sauVariableValue_3_TARGET_POSITION_XYZ__Q27JStudio14TAdaptor_light
8039C794:sauVariableValue_3_TARGET_POSITION_XYZ__Q27JStudio15TAdaptor_camera
8039C748:sauVariableValue_3_TRANSLATION_XYZ__Q27JStudio14TAdaptor_actor
8039C7F0:sauVariableValue_3_TRANSLATION_XYZ__Q27JStudio17TAdaptor_particle
8039C83C:sauVariableValue_4_COLOR1_RGBA__Q27JStudio17TAdaptor_particle
8039C7AC:sauVariableValue_4_COLOR_RGBA__Q27JStudio12TAdaptor_fog
8039C7C8:sauVariableValue_4_COLOR_RGBA__Q27JStudio14TAdaptor_light
8039C820:sauVariableValue_4_COLOR_RGBA__Q27JStudio17TAdaptor_particle
8039C778:sauVariableValue_4_COLOR_RGBA__Q27JStudio21TAdaptor_ambientLight
803A8F68:saveBitLabels__16dSv_event_flag_c
8019B848:saveClose_init__11dGameover_cFv
8019B84C:saveClose_proc__11dGameover_cFv
801F3098:saveEnd__12dMenu_save_cFv
80092600:saveEvCamera__9dCamera_cFv
801F19B8:saveGuide__12dMenu_save_cFv
801F46BC:saveMoveDisp2__12dMenu_save_cFv
801F45C0:saveMoveDisp__12dMenu_save_cFv
8019B7FC:saveMove_init__11dGameover_cFv
8019B800:saveMove_proc__11dGameover_cFv
8019B7B8:saveOpen_init__11dGameover_cFv
8019B7BC:saveOpen_proc__11dGameover_cFv
80031DE0:savePos__12daObjCarry_cFi4cXyz
801F18E4:saveQuestion21__12dMenu_save_cFv
801F181C:saveQuestion2__12dMenu_save_cFv
801F1908:saveQuestion3__12dMenu_save_cFv
801F197C:saveQuestion4__12dMenu_save_cFv
801F163C:saveQuestion__12dMenu_save_cFv
801F13C4:saveSelAnm__12dMenu_save_cFv
801F40F4:saveSelectMoveAnime__12dMenu_save_cFv
801F5784:saveSelectOpenAnmSet__12dMenu_save_cFv
801F553C:saveSelectOpenInit__12dMenu_save_cFv
801F3D58:saveSelectStart__12dMenu_save_cFv
801F3BF8:saveSelect__12dMenu_save_cFv
801F3474:saveWait__12dMenu_save_cFv
801F4AA0:saveYesNoCancelMove__12dMenu_save_cFv
801F439C:saveYesNoSelect__12dMenu_save_cFv
80016B0C:save__15mDoMemCd_Ctrl_cFPvUlUl
801B5234:save_close_init__17dMenu_Collect2D_cFv
801B5270:save_close_proc__17dMenu_Collect2D_cFv
801B5188:save_move_init__17dMenu_Collect2D_cFv
801B51C4:save_move_proc__17dMenu_Collect2D_cFv
801B506C:save_open_init__17dMenu_Collect2D_cFv
801B5118:save_open_proc__17dMenu_Collect2D_cFv
80426594:scale$3676
804265AC:scale$3691
804265C4:scale$3718
804265DC:scale$3731
80255254:scaleAnime__8CPaneMgrFsffUc
8000CE24:scaleM__14mDoMtx_stack_cFRC4cXyz
8000CDEC:scaleM__14mDoMtx_stack_cFfff
8000CDB4:scaleS__14mDoMtx_stack_cFRC4cXyz
8037B3B8:scale_dat$7608
80457544:scale_frac$980
802BB094:sceneBgmStart__10Z2SceneMgrFv
802BA968:sceneChange__10Z2SceneMgrF10JAISoundIDUcUcUcUcUcb
800433B0:sceneChange__14dEvt_control_cFi
802EA67C:scissorBounds__13J2DOrthoGraphFPQ29JGeometry8TBox2<f>PCQ29JGeometry8TBox2<f>
802E9EC0:scissor__14J2DGrafContextFRCQ29JGeometry8TBox2<f>
80204AAC:screenInitButton__14dMeterButton_cFv
80205AF8:screenInitText__14dMeterButton_cFv
801BB88C:screenInit__12dMenu_Dmap_cFv
8018CB00:screenSet3Menu__14dFile_select_cFv
801D9908:screenSetBase__14dMenu_Insect_cFv
801DFD1C:screenSetBase__14dMenu_Letter_cFv
801C589C:screenSetBase__15dMenu_Fishing_cFv
8018C138:screenSetCopySel__14dFile_select_cFv
8018CEDC:screenSetDetail__14dFile_select_cFv
801F8FE4:screenSetDoIcon__13dMenu_Skill_cFv
801D9E94:screenSetDoIcon__14dMenu_Insect_cFv
801E0C6C:screenSetDoIcon__14dMenu_Letter_cFv
801C6000:screenSetDoIcon__15dMenu_Fishing_cFv
801D9BB4:screenSetExplain__14dMenu_Insect_cFv
801F8CDC:screenSetLetter__13dMenu_Skill_cFv
801E069C:screenSetLetter__14dMenu_Letter_cFv
801F864C:screenSetMenu__13dMenu_Skill_cFv
801DF2D4:screenSetMenu__14dMenu_Letter_cFv
801E05F4:screenSetShadow__14dMenu_Letter_cFv
8018C730:screenSetYesNo__14dFile_select_cFv
8019277C:screenSet__12dFile_info_cFv
801EFBC8:screenSet__12dMenu_save_cFv
80193288:screenSet__14dBrightCheck_cFv
8018AFAC:screenSet__14dFile_select_cFv
801E593C:screenSet__14dMenu_Option_cFv
80191F00:screenSet__15dFile_warning_cFv
801B09A4:screenSet__17dMenu_Collect2D_cFv
802510BC:screenSet__7dName_cFv
801D3BC0:scrollAreaDraw__18dMenu_Fmap2DBack_cFv
801D1D68:scrollCalc__18dMenu_Fmap2DBack_cFf
802E8EA8:scroll__10JUTConsoleFi
802AE7F4:seMoveVolumeAll__7Z2SeMgrFfUl
802AD30C:seStartLevel__7Z2SeMgrF10JAISoundIDPC3VecUlScffffUc
800BF3D8:seStartMapInfoLevel__9daAlink_cFUl
800BF3A0:seStartMapInfo__9daAlink_cFUl
800BF368:seStartOnlyReverbLevel__9daAlink_cFUl
801418F0:seStartOnlyReverbLevel__9daPy_py_cFUl
800BF330:seStartOnlyReverb__9daAlink_cFUl
801418EC:seStartOnlyReverb__9daPy_py_cFUl
800BF2F8:seStartSwordCut__9daAlink_cFUl
802AC784:seStart__7Z2SeMgrF10JAISoundIDPC3VecUlScffffUc
802AE74C:seStopAll__7Z2SeMgrFUl
802AE6B0:seStop__7Z2SeMgrF10JAISoundIDUl
802C0794:searchEnemy__13Z2SoundObjMgrFv
80088D54:searchEventArgData__9dCamera_cFPc
800E7C04:searchFmChainPos__9daAlink_cFv
801CD2C4:searchIcon__12dMenu_Fmap_cFUciPfPf
8019A828:searchItemActor__13dShopSystem_cFv
80043608:searchMapEventData__14dEvt_control_cFUc
80043630:searchMapEventData__14dEvt_control_cFUcl
80035EF8:searchNearPos__9dJntCol_cCFPC8cM3dGLinPC4cXyzP4cXyzi
802E3378:searchPartialModule__12JUTExceptionFUlPUlPUlPUlPUl
800CEEF0:searchPeepObj__9daAlink_cFP10fopAc_ac_cPv
801CD644:searchPortalStageID__12dMenu_Fmap_cFPc
802D2760:searchThread__9JKRThreadFP8OSThread
80056AE0:searchUpdateMaterialID__10J2DAnmBaseFP9J2DScreen
8030BD24:searchUpdateMaterialID__11J2DAnmColorFP9J2DScreen
8032B6A4:searchUpdateMaterialID__11J3DAnmColorFP16J3DMaterialTable
8030D478:searchUpdateMaterialID__15J2DAnmTevRegKeyFP9J2DScreen
8032C67C:searchUpdateMaterialID__15J3DAnmTevRegKeyFP12J3DModelData
8032C580:searchUpdateMaterialID__15J3DAnmTevRegKeyFP16J3DMaterialTable
8030CB10:searchUpdateMaterialID__16J2DAnmTexPatternFP9J2DScreen
8032BE9C:searchUpdateMaterialID__16J3DAnmTexPatternFP12J3DModelData
8032BE04:searchUpdateMaterialID__16J3DAnmTexPatternFP16J3DMaterialTable
8030CA60:searchUpdateMaterialID__19J2DAnmTextureSRTKeyFP9J2DScreen
8032BFD4:searchUpdateMaterialID__19J3DAnmTextureSRTKeyFP12J3DModelData
8032BEC0:searchUpdateMaterialID__19J3DAnmTextureSRTKeyFP16J3DMaterialTable
802F8188:searchUserInfo__7J2DPaneFUx
802F9EE0:searchUserInfo__9J2DScreenFUx
801393F0:searchWolfLockEnemy__9daAlink_cFP10fopAc_ac_cPv
8009C80C:search__10dMdl_mng_cFP12J3DModelDataUsP12dKy_tevstr_c
802F80E0:search__7J2DPaneFUx
802F9EA0:search__9J2DScreenFUx
802E3438:search_name_part__FPUcPUci
802A7774:seekFreeBlock__16JAUSeqDataBlocksFUl
802DD54C:seekPos__18JSUFileInputStreamFl17JSUStreamSeekFrom
802DD3AC:seekPos__20JSUMemoryInputStreamFl17JSUStreamSeekFrom
802DD2DC:seek__20JSURandomInputStreamFl17JSUStreamSeekFrom
8023AD24:selAnimeEnd__17dMsgScrn3Select_cFv
8023A738:selAnimeInit__17dMsgScrn3Select_cFUcUcUcfUc
8023AA3C:selAnimeMove__17dMsgScrn3Select_cFUcUcb
80184BA8:selCopyFileWakuAnm__14dFile_select_cFv
801F671C:selFileCursorShow__12dMenu_save_cFv
8018D970:selFileCursorShow__14dFile_select_cFv
801F140C:selFileWakuAnm__12dMenu_save_cFv
80184870:selFileWakuAnm__14dFile_select_cFv
802392E8:selectAnimeEnd__14dMsgScrnBase_cFv
80240724:selectAnimeEnd__14dMsgScrnItem_cFv
8024891C:selectAnimeEnd__14dMsgScrnTalk_cFv
802392D0:selectAnimeInit__14dMsgScrnBase_cFUcUcfUc
802406D0:selectAnimeInit__14dMsgScrnItem_cFUcUcfUc
802488B0:selectAnimeInit__14dMsgScrnTalk_cFUcUcfUc
802392C8:selectAnimeMove__14dMsgScrnBase_cFUcUcb
80240700:selectAnimeMove__14dMsgScrnItem_cFUcUcb
802488E8:selectAnimeMove__14dMsgScrnTalk_cFUcUcb
8023BF14:selectAnimeTransform__17dMsgScrn3Select_cFi
80250180:selectCursorMove__7dName_cFv
80250FA0:selectCursorPosSet__7dName_cFi
801F5600:selectDataBaseMoveAnmInitSet__12dMenu_save_cFii
80184EC0:selectDataBaseMoveAnmInitSet__14dFile_select_cFii
801F5698:selectDataBaseMoveAnm__12dMenu_save_cFv
80184F58:selectDataBaseMoveAnm__14dFile_select_cFv
801F57CC:selectDataMoveAnmInitSet__12dMenu_save_cFii
80185BA0:selectDataMoveAnmInitSet__14dFile_select_cFii
801F58C4:selectDataMoveAnm__12dMenu_save_cFv
80185CB8:selectDataMoveAnm__14dFile_select_cFv
80186844:selectDataNameMove__14dFile_select_cFv
801868D4:selectDataOpenEraseMove__14dFile_select_cFv
801F3EA4:selectDataOpenMove__12dMenu_save_cFv
801866E8:selectDataOpenMove__14dFile_select_cFv
80235E30:selectEndProc__12dMsgObject_cFv
802295BC:selectMessage__19jmessage_tReferenceFv
8024FD6C:selectMojiSet__7dName_cFv
802358D0:selectProc__12dMsgObject_cFv
8023B2E8:selectProc__17dMsgScrn3Select_cFv
8023B8CC:selectScale__17dMsgScrn3Select_cFv
802CD538:selectTail__12Z2SpeechMgr2Fv
8023BB50:selectTrans__17dMsgScrn3Select_cFv
802CD2C0:selectUnit__12Z2SpeechMgr2Fb
801F6618:selectWakuAlpahAnmInit__12dMenu_save_cFUcUcUcUc
8018D85C:selectWakuAlpahAnmInit__14dFile_select_cFUcUcUcUc
801F6654:selectWakuAlpahAnm__12dMenu_save_cFUc
8018D898:selectWakuAlpahAnm__14dFile_select_cFUc
800714BC:select_attention__FP10fopAc_ac_cPv
801D9554:select_move_init__14dMenu_Insect_cFv
801D95A0:select_move_move__14dMenu_Insect_cFv
8029095C:sendCmdMsg__13JASTaskThreadFPFPv_vPCvUl
80290A54:sendCmdMsg__13JASTaskThreadFPFPv_vPv
802D43F4:sendCommand__12JKRAramPieceFP12JKRAMCommand
802DC6D0:sendCommand__9JKRDecompFP16JKRDecompCommand
8029B204:sendLoadCmd__10JASWaveArcFv
802AA9C8:seqCallback__FP8JASTrackUs
80293C9C:seqMain__8JASTrackFv
80293E1C:seqMain__Q28JASTrack5TListFv
80293444:seqTimeToDspTime__8JASTrackFf
80199F6C:seq_choose__13dShopSystem_cFP10fopAc_ac_cP10dMsgFlow_c
80199E50:seq_decide__13dShopSystem_cFP10fopAc_ac_cP10dMsgFlow_c
8019A1FC:seq_decide_no__13dShopSystem_cFP10fopAc_ac_cP10dMsgFlow_c
8019A080:seq_decide_yes__13dShopSystem_cFP10fopAc_ac_cP10dMsgFlow_c
8019A318:seq_event__13dShopSystem_cFP10fopAc_ac_cP10dMsgFlow_c
8019A278:seq_finish__13dShopSystem_cFP10fopAc_ac_cP10dMsgFlow_c
80199C70:seq_moving__13dShopSystem_cFP10fopAc_ac_cP10dMsgFlow_c
801997F4:seq_select__13dShopSystem_cFP10fopAc_ac_cP10dMsgFlow_c
8019961C:seq_select_start__13dShopSystem_cFP10fopAc_ac_cP10dMsgFlow_c
801995C4:seq_select_wait__13dShopSystem_cFP10fopAc_ac_cP10dMsgFlow_c
80199310:seq_start__13dShopSystem_cFP10fopAc_ac_cP10dMsgFlow_c
80199308:seq_wait__13dShopSystem_cFP10fopAc_ac_cP10dMsgFlow_c
8021D7E8:set1stColor__13dMeter2Info_cFUcP10J2DPicture
8021D908:set2ndColor__13dMeter2Info_cFUcP10J2DPicture
800D0370:set3DStatus__9daAlink_cFUcUc
801D77B0:set3DStickString__17dMenu_Fmap2DTop_cFUl
8021DA28:set3rdColor__13dMeter2Info_cFUcP10J2DPicture
8021DE28:set4thColor__13dMeter2Info_cFUcP10J2DPicture
801F9524:setAButtonString__13dMenu_Skill_cFUs
801B903C:setAButtonString__14dMenu_DmapBg_cFUl
801DA5C8:setAButtonString__14dMenu_Insect_cFUs
801E17DC:setAButtonString__14dMenu_Letter_cFUs
801E815C:setAButtonString__14dMenu_Option_cFUs
801C617C:setAButtonString__15dMenu_Fishing_cFUs
801B620C:setAButtonString__17dMenu_Collect2D_cFUs
801D7598:setAButtonString__17dMenu_Fmap2DTop_cFUlUc
801AF990:setAButtonString__19dMenu_Calibration_cFUs
80048AA0:setAction__17dEvLib_callback_cFP33action_class<17dEvLib_callback_c>
801EC7C8:setActiveCursor__12dMenu_Ring_cFv
802392F8:setActorPos__19jmessage_tReferenceF4cXyz
800739C8:setActor__10dAttList_cFP10fopAc_ac_c
8003828C:setActor__13dDemo_actor_cFP10fopAc_ac_c
8015EE54:setActor__16daPy_actorKeep_cFv
8014CE70:setAfterTalkMotion__8daNpcT_cFv
801BA864:setAllAlphaRate__14dMenu_DmapBg_cFfb
801D6F08:setAllAlphaRate__17dMenu_Fmap2DTop_cFfb
801D55F8:setAllAlphaRate__18dMenu_Fmap2DBack_cFfb
8021AD68:setAlphaAnimeMax__13dMeter2Draw_cFP13CPaneMgrAlphas
801D7BC0:setAlphaAnimeMax__17dMenu_Fmap2DTop_cFP13CPaneMgrAlpha
801D7B1C:setAlphaAnimeMid__17dMenu_Fmap2DTop_cFP13CPaneMgrAlpha
8021AC8C:setAlphaAnimeMin__13dMeter2Draw_cFP13CPaneMgrAlphas
801D7A88:setAlphaAnimeMin__17dMenu_Fmap2DTop_cFP13CPaneMgrAlpha
80073118:setAlphaAnm__10dAttDraw_cFUcUc
80207918:setAlphaButton3DAnimeMax__14dMeterButton_cFv
80207884:setAlphaButton3DAnimeMin__14dMeterButton_cFv
80208834:setAlphaButton3DBAnimeMax__14dMeterButton_cFv
8020879C:setAlphaButton3DBAnimeMin__14dMeterButton_cFv
80207A08:setAlphaButton3DVAnimeMax__14dMeterButton_cFv
80207A04:setAlphaButton3DVAnimeMin__14dMeterButton_cFv
8021951C:setAlphaButtonAAnimeMax__13dMeter2Draw_cFv
80207324:setAlphaButtonAAnimeMax__14dMeterButton_cFv
80219438:setAlphaButtonAAnimeMin__13dMeter2Draw_cFv
80206FA4:setAlphaButtonAAnimeMin__14dMeterButton_cFv
80208E48:setAlphaButtonABAnimeMax__14dMeterButton_cFv
80208DB0:setAlphaButtonABAnimeMin__14dMeterButton_cFv
8020869C:setAlphaButtonARAnimeMax__14dMeterButton_cFv
80208604:setAlphaButtonARAnimeMin__14dMeterButton_cFv
8021936C:setAlphaButtonAnimeMax__13dMeter2Draw_cFv
8020D6E0:setAlphaButtonAnimeMax__15dMeterHakusha_cFv
802192E0:setAlphaButtonAnimeMin__13dMeter2Draw_cFv
8020D67C:setAlphaButtonAnimeMin__15dMeterHakusha_cFv
80219738:setAlphaButtonBAnimeMax__13dMeter2Draw_cFv
802074A0:setAlphaButtonBAnimeMax__14dMeterButton_cFv
802195E8:setAlphaButtonBAnimeMin__13dMeter2Draw_cFv
80207410:setAlphaButtonBAnimeMin__14dMeterButton_cFv
80209410:setAlphaButtonBinAnimeMax__14dMeterButton_cFv
80209378:setAlphaButtonBinAnimeMin__14dMeterButton_cFv
80207AB0:setAlphaButtonCAnimeMax__14dMeterButton_cFv
80207A0C:setAlphaButtonCAnimeMin__14dMeterButton_cFv
80218A4C:setAlphaButtonChange__13dMeter2Draw_cFb
8021866C:setAlphaButtonCrossAnimeMax__13dMeter2Draw_cFv
802185FC:setAlphaButtonCrossAnimeMin__13dMeter2Draw_cFv
802187E8:setAlphaButtonCrossItemAnimeMax__13dMeter2Draw_cFv
8021870C:setAlphaButtonCrossItemAnimeMin__13dMeter2Draw_cFv
80218988:setAlphaButtonCrossMapAnimeMax__13dMeter2Draw_cFv
802188AC:setAlphaButtonCrossMapAnimeMin__13dMeter2Draw_cFv
802089CC:setAlphaButtonNUREAnimeMax__14dMeterButton_cFv
80208934:setAlphaButtonNUREAnimeMin__14dMeterButton_cFv
802081F8:setAlphaButtonNunAnimeMax__14dMeterButton_cFv
80208160:setAlphaButtonNunAnimeMin__14dMeterButton_cFv
80209278:setAlphaButtonNunCAnimeMax__14dMeterButton_cFv
802091E0:setAlphaButtonNunCAnimeMin__14dMeterButton_cFv
802090E0:setAlphaButtonNunZAnimeMax__14dMeterButton_cFv
80209048:setAlphaButtonNunZAnimeMin__14dMeterButton_cFv
80209584:setAlphaButtonOAnimeMax__14dMeterButton_cFi
80209510:setAlphaButtonOAnimeMin__14dMeterButton_cFi
8020761C:setAlphaButtonRAnimeMax__14dMeterButton_cFv
8020758C:setAlphaButtonRAnimeMin__14dMeterButton_cFv
80208CFC:setAlphaButtonReel2AnimeMax__14dMeterButton_cFv
80208C64:setAlphaButtonReel2AnimeMin__14dMeterButton_cFv
80208B64:setAlphaButtonReelAnimeMax__14dMeterButton_cFv
80208ACC:setAlphaButtonReelAnimeMin__14dMeterButton_cFv
80208510:setAlphaButtonRemo2AnimeMax__14dMeterButton_cFv
80208478:setAlphaButtonRemo2AnimeMin__14dMeterButton_cFv
80208384:setAlphaButtonRemoAnimeMax__14dMeterButton_cFv
802082EC:setAlphaButtonRemoAnimeMin__14dMeterButton_cFv
80207D7C:setAlphaButtonSAnimeMax__14dMeterButton_cFv
80207CEC:setAlphaButtonSAnimeMin__14dMeterButton_cFv
80208F94:setAlphaButtonTateAnimeMax__14dMeterButton_cFv
80208EFC:setAlphaButtonTateAnimeMin__14dMeterButton_cFv
80207EF8:setAlphaButtonXAnimeMax__14dMeterButton_cFv
80207E68:setAlphaButtonXAnimeMin__14dMeterButton_cFv
80208074:setAlphaButtonYAnimeMax__14dMeterButton_cFv
80207FE4:setAlphaButtonYAnimeMin__14dMeterButton_cFv
80207798:setAlphaButtonZAnimeMax__14dMeterButton_cFv
80207708:setAlphaButtonZAnimeMin__14dMeterButton_cFv
8031816C:setAlphaComp__10J3DPEBlockFPC12J3DAlphaComp
8000DFD0:setAlphaComp__10J3DPEBlockFRC12J3DAlphaComp
803227C4:setAlphaComp__14J3DPEBlockFullFPC12J3DAlphaComp
803227A8:setAlphaComp__14J3DPEBlockFullFRC12J3DAlphaComp
80322928:setAlphaComp__16J3DPEBlockFogOffFPC12J3DAlphaComp
8032290C:setAlphaComp__16J3DPEBlockFogOffFRC12J3DAlphaComp
8020D5CC:setAlphaHakushaAnimeMax__15dMeterHakusha_cFv
8020D51C:setAlphaHakushaAnimeMin__15dMeterHakusha_cFv
8020969C:setAlphaIconAnimeMax__14dMeterButton_cFv
8020962C:setAlphaIconAnimeMin__14dMeterButton_cFv
80215A20:setAlphaKanteraAnimeMax__13dMeter2Draw_cFv
802159A4:setAlphaKanteraAnimeMin__13dMeter2Draw_cFv
8021587C:setAlphaKanteraChange__13dMeter2Draw_cFb
80216FF0:setAlphaKeyAnimeMax__13dMeter2Draw_cFv
80216F6C:setAlphaKeyAnimeMin__13dMeter2Draw_cFv
80216DEC:setAlphaKeyChange__13dMeter2Draw_cFb
80215118:setAlphaLifeAnimeMax__13dMeter2Draw_cFv
802150B8:setAlphaLifeAnimeMin__13dMeter2Draw_cFv
80214EE4:setAlphaLifeChange__13dMeter2Draw_cFb
8021624C:setAlphaLightDropAnimeMax__13dMeter2Draw_cFv
80216104:setAlphaLightDropAnimeMin__13dMeter2Draw_cFv
80216068:setAlphaLightDropChange__13dMeter2Draw_cFb
80215644:setAlphaMagicChange__13dMeter2Draw_cFb
802568B0:setAlphaMorfRate__17CPaneMgrAlphaMorfFf
80215D58:setAlphaOxygenAnimeMax__13dMeter2Draw_cFv
80215CDC:setAlphaOxygenAnimeMin__13dMeter2Draw_cFv
80215BB4:setAlphaOxygenChange__13dMeter2Draw_cFb
80256258:setAlphaRate__13CPaneMgrAlphaFf
801AEDD4:setAlphaRate__15dKantera_icon_cFf
801954F8:setAlphaRate__16dSelect_cursor_cFf
8022706C:setAlphaRatio__10COutFont_cFf
80216C54:setAlphaRupeeAnimeMax__13dMeter2Draw_cFv
80216B94:setAlphaRupeeAnimeMin__13dMeter2Draw_cFv
80216948:setAlphaRupeeChange__13dMeter2Draw_cFb
80303B48:setAlpha__11J2DWindowExFUc
803077B8:setAlpha__12J2DPictureExFUc
803095BC:setAlpha__12J2DTextBoxExFUc
802561E0:setAlpha__13CPaneMgrAlphaFUc
80195D98:setAlpha__14dSelect_icon_cFUc
80020200:setAlpha__7J2DPaneFUc
8025453C:setAlpha__8CPaneMgrFUc
8003A94C:setAlpha__FP12J3DModelData
8003A520:setAlpha__FP16J3DMaterialTable
8002A1F0:setAmapPaletteColor__6dMap_cFiUcUcUcUc
8000E088:setAmbColor__13J3DColorBlockFUl10J3DGXColor
801A4E64:setAmbColor__13J3DColorBlockFUlPC10J3DGXColor
80323CF8:setAmbColor__20J3DColorBlockLightOnFUl10J3DGXColor
80323D24:setAmbColor__20J3DColorBlockLightOnFUlPC10J3DGXColor
80323E80:setAmbColor__22J3DColorBlockAmbientOnFUl10J3DGXColor
80323EAC:setAmbColor__22J3DColorBlockAmbientOnFUlPC10J3DGXColor
8015445C:setAngle__8daNpcF_cFs
8014ABA8:setAngle__8daNpcT_cF5csXyz
8014AC24:setAngle__8daNpcT_cFs
802F91FC:setAnimationVC__7J2DPaneFP14J2DAnmVtxColor
802FA878:setAnimationVC__9J2DScreenFP14J2DAnmVtxColor
802F91D0:setAnimationVF__7J2DPaneFP20J2DAnmVisibilityFull
802FA874:setAnimationVF__9J2DScreenFP20J2DAnmVisibilityFull
802EB69C:setAnimation__11J2DMaterialFP11J2DAnmColor
802EB90C:setAnimation__11J2DMaterialFP15J2DAnmTevRegKey
802EB82C:setAnimation__11J2DMaterialFP16J2DAnmTexPattern
802EB74C:setAnimation__11J2DMaterialFP19J2DAnmTextureSRTKey
8030441C:setAnimation__11J2DWindowExFP10J2DAnmBase
80303DFC:setAnimation__11J2DWindowExFP11J2DAnmColor
8030407C:setAnimation__11J2DWindowExFP14J2DAnmVtxColor
80303F94:setAnimation__11J2DWindowExFP15J2DAnmTevRegKey
80256B0C:setAnimation__11J2DWindowExFP15J2DAnmTransform
80303F0C:setAnimation__11J2DWindowExFP16J2DAnmTexPattern
80303E84:setAnimation__11J2DWindowExFP19J2DAnmTextureSRTKey
80304074:setAnimation__11J2DWindowExFP20J2DAnmVisibilityFull
80307FC4:setAnimation__12J2DPictureExFP10J2DAnmBase
803078C4:setAnimation__12J2DPictureExFP11J2DAnmColor
8030797C:setAnimation__12J2DPictureExFP14J2DAnmVtxColor
80307948:setAnimation__12J2DPictureExFP15J2DAnmTevRegKey
80256AEC:setAnimation__12J2DPictureExFP15J2DAnmTransform
8030791C:setAnimation__12J2DPictureExFP16J2DAnmTexPattern
803078F0:setAnimation__12J2DPictureExFP19J2DAnmTextureSRTKey
80307974:setAnimation__12J2DPictureExFP20J2DAnmVisibilityFull
8030984C:setAnimation__12J2DTextBoxExFP10J2DAnmBase
803096B4:setAnimation__12J2DTextBoxExFP11J2DAnmColor
80309848:setAnimation__12J2DTextBoxExFP14J2DAnmVtxColor
80309738:setAnimation__12J2DTextBoxExFP15J2DAnmTevRegKey
80256ACC:setAnimation__12J2DTextBoxExFP15J2DAnmTransform
8030970C:setAnimation__12J2DTextBoxExFP16J2DAnmTexPattern
803096E0:setAnimation__12J2DTextBoxExFP19J2DAnmTextureSRTKey
80309764:setAnimation__12J2DTextBoxExFP20J2DAnmVisibilityFull
801E3DB0:setAnimation__14dMenu_Option_cFv
802F8CF4:setAnimation__7J2DPaneFP10J2DAnmBase
80126560:setAnimation__7J2DPaneFP11J2DAnmColor
80256AA0:setAnimation__7J2DPaneFP14J2DAnmVtxColor
8012655C:setAnimation__7J2DPaneFP15J2DAnmTevRegKey
802F8DC4:setAnimation__7J2DPaneFP15J2DAnmTransform
80256AA8:setAnimation__7J2DPaneFP16J2DAnmTexPattern
8018C134:setAnimation__7J2DPaneFP19J2DAnmTextureSRTKey
80256AA4:setAnimation__7J2DPaneFP20J2DAnmVisibilityFull
802FA854:setAnimation__9J2DScreenFP10J2DAnmBase
802FA504:setAnimation__9J2DScreenFP11J2DAnmColor
802FA7A8:setAnimation__9J2DScreenFP14J2DAnmVtxColor
802FA6CC:setAnimation__9J2DScreenFP15J2DAnmTevRegKey
80192620:setAnimation__9J2DScreenFP15J2DAnmTransform
802FA638:setAnimation__9J2DScreenFP16J2DAnmTexPattern
802FA598:setAnimation__9J2DScreenFP19J2DAnmTextureSRTKey
802FA7C8:setAnimation__9J2DScreenFP20J2DAnmVisibilityFull
800AC584:setAnimeFrame__9daAlink_cFf
801418A8:setAnimeFrame__9daPy_py_cFf
8015F374:setAnimeHeap__14daPy_anmHeap_cFv
8033A1EC:setAnmCluster__19J3DAnmKeyLoader_v15FP16J3DAnmClusterKeyPC20J3DAnmClusterKeyData
80339948:setAnmCluster__20J3DAnmFullLoader_v15FP17J3DAnmClusterFullPC21J3DAnmClusterFullData
8030A670:setAnmColor__19J2DAnmKeyLoader_v15FP14J2DAnmColorKeyPC18J3DAnmColorKeyData
8033A0D8:setAnmColor__19J3DAnmKeyLoader_v15FP14J3DAnmColorKeyPC18J3DAnmColorKeyData
8030AC44:setAnmColor__20J2DAnmFullLoader_v15FP15J2DAnmColorFullPC19J3DAnmColorFullData
803396E4:setAnmColor__20J3DAnmFullLoader_v15FP15J3DAnmColorFullPC19J3DAnmColorFullData
80011F80:setAnmRate__15mDoExt_McaMorf2Ff
8030AE04:setAnmTevReg__19J2DAnmKeyLoader_v15FP15J2DAnmTevRegKeyPC19J3DAnmTevRegKeyData
8033A280:setAnmTevReg__19J3DAnmKeyLoader_v15FP15J3DAnmTevRegKeyPC19J3DAnmTevRegKeyData
8030AD38:setAnmTexPattern__20J2DAnmFullLoader_v15FP16J2DAnmTexPatternPC24J3DAnmTexPatternFullData
803397D8:setAnmTexPattern__20J3DAnmFullLoader_v15FP16J3DAnmTexPatternPC24J3DAnmTexPatternFullData
8030A45C:setAnmTextureSRT__19J2DAnmKeyLoader_v15FP19J2DAnmTextureSRTKeyPC23J3DAnmTextureSRTKeyData
80339ED8:setAnmTextureSRT__19J3DAnmKeyLoader_v15FP19J3DAnmTextureSRTKeyPC23J3DAnmTextureSRTKeyData
80014E44:setAnmTransform__10J3DMtxCalcFP15J3DAnmTransform
80014E40:setAnmTransform__10J3DMtxCalcFUcP15J3DAnmTransform
8000D898:setAnmTransform__114J3DMtxCalcAnimation<64J3DMtxCalcAnimationAdaptorDefault<27J3DMtxCalcCalcTransformMaya>,24J3DMtxCalcJ3DSysInitMaya>FP15J3DAnmTransform
80014F74:setAnmTransform__17J3DMtxCalcAnmBaseFP15J3DAnmTransform
8030A398:setAnmTransform__19J2DAnmKeyLoader_v15FP18J2DAnmTransformKeyPC22J3DAnmTransformKeyData
80339E14:setAnmTransform__19J3DAnmKeyLoader_v15FP18J3DAnmTransformKeyPC22J3DAnmTransformKeyData
8030AB88:setAnmTransform__20J2DAnmFullLoader_v15FP19J2DAnmTransformFullPC23J3DAnmTransformFullData
80339628:setAnmTransform__20J3DAnmFullLoader_v15FP19J3DAnmTransformFullPC23J3DAnmTransformFullData
8030AFB8:setAnmVisibility__20J2DAnmFullLoader_v15FP20J2DAnmVisibilityFullPC24J3DAnmVisibilityFullData
803398A4:setAnmVisibility__20J3DAnmFullLoader_v15FP20J3DAnmVisibilityFullPC24J3DAnmVisibilityFullData
8030A784:setAnmVtxColor__19J2DAnmKeyLoader_v15FP17J2DAnmVtxColorKeyPC21J3DAnmVtxColorKeyData
8033A434:setAnmVtxColor__19J3DAnmKeyLoader_v15FP17J3DAnmVtxColorKeyPC21J3DAnmVtxColorKeyData
8030B05C:setAnmVtxColor__20J2DAnmFullLoader_v15FP18J2DAnmVtxColorFullPC22J3DAnmVtxColorFullData
803399DC:setAnmVtxColor__20J3DAnmFullLoader_v15FP18J3DAnmVtxColorFullPC22J3DAnmVtxColorFullData
80072F08:setAnm__10dAttDraw_cFUcf
8015910C:setAnm__10daNpcCd2_cFP18J3DAnmTransformKeyffiii
8032F164:setAnm__13J3DDeformDataFP13J3DAnmCluster
80010330:setAnm__14mDoExt_McaMorfFP15J3DAnmTransformiffffPv
80011D24:setAnm__15mDoExt_McaMorf2FP15J3DAnmTransformP15J3DAnmTransformfiffff
80010E24:setAnm__16mDoExt_McaMorfSOFP15J3DAnmTransformiffff
8015702C:setAnm__9daNpcCd_cFP18J3DAnmTransformKeyffiii
800249B4:setArcBank__20dStage_roomControl_cFiPCc
80140134:setArcName__9daAlink_cFi
8025BD4C:setArchiveBank__Fi
801D72D4:setAreaNameString__17dMenu_Fmap2DTop_cFUl
801CCB70:setAreaNameZero__12dMenu_Fmap_cFv
801CCB44:setAreaName__12dMenu_Fmap_cFUl
800A291C:setArmMatrix__9daAlink_cFv
800F42F0:setArmReelAnime__9daAlink_cFv
80316198:setArrayAndBindPipeline__8J3DShapeCFv
80311E6C:setArray__15J3DVertexBufferCFv
801D79D8:setArrowAlphaRatio__17dMenu_Fmap2DTop_cFUcf
801B3320:setArrowMaxNum__17dMenu_Collect2D_cFUc
80238B58:setArrowNum__12dMsgObject_cFUc
801D5C84:setArrowPos3DOffset__18dMenu_Fmap2DBack_cFUcPCcfff
801D5BBC:setArrowPos3D__18dMenu_Fmap2DBack_cFUcPCcff
800370D8:setArrowPosAndAngle__9dJntCol_cFPC4cXyzPC4cXyziP4cXyzP5csXyz
801D5E7C:setArrowPosAxis__18dMenu_Fmap2DBack_cFff
800DCAD0:setArrowShieldActor__9daAlink_cFP10fopAc_ac_ci
800DCF80:setArrowShieldPos__9daAlink_cCFP4cXyzP5csXyzPC4cXyzPC4cXyz
800275DC:setArrow__15dStage_roomDt_cFP17stage_arrow_class
80027EC8:setArrow__16dStage_stageDt_cFP17stage_arrow_class
800AACC8:setAtCollision__9daAlink_cFv
800B30B0:setAtnList__9daAlink_cFv
801E72C8:setAttenString__14dMenu_Option_cFv
800A8A04:setAttentionPos__9daAlink_cFv
8015862C:setAttention__10daNpcCd2_cFi
801565D4:setAttention__9daNpcCd_cFi
8014F6B0:setAttnPos__11daBaseNpc_cFv
8014E8AC:setAttnPos__18daBaseNpc_lookat_cFP4cXyz
80155DC4:setAttnPos__8daNpcF_cFv
8014CE1C:setAttnPos__8daNpcT_cFv
802A11D8:setAudience__8JAISeMgrFP11JAIAudience
802BE0DC:setAudioCamera__10Z2AudienceFPA4_fR3VecR3Vecffbib
8029ECF0:setAutoMixer__Q26JASDsp8TChannelFUsUcUcUcUc
8015A0D8:setAvoidPoint__11PathTrace_cFv
801F95D4:setBButtonString__13dMenu_Skill_cFUs
801B9114:setBButtonString__14dMenu_DmapBg_cFUl
801DA678:setBButtonString__14dMenu_Insect_cFUs
801E188C:setBButtonString__14dMenu_Letter_cFUs
801E8260:setBButtonString__14dMenu_Option_cFUs
801C622C:setBButtonString__15dMenu_Fishing_cFUs
801B6310:setBButtonString__17dMenu_Collect2D_cFUs
801D74D4:setBButtonString__17dMenu_Fmap2DTop_cFUlUc
801AFA40:setBButtonString__19dMenu_Calibration_cFUs
800B34A4:setBStatus__9daAlink_cFUc
801B2134:setBackAlpha__17dMenu_Collect2D_cFv
8019BF08:setBackAlpha__24dDlst_GameOverScrnDraw_cFf
80256858:setBackupAlpha__17CPaneMgrAlphaMorfFv
80033DE8:setBaitItem__17dSv_player_item_cFUc
800195C8:setBallModelEffect__13fopEn_enemy_cFP12dKy_tevstr_c
800BF410:setBasAnime__9daAlink_cFQ29daAlink_c13daAlink_UNDER
801D4DC0:setBaseBackAlpha__18dMenu_Fmap2DBack_cFUc
800EEEA4:setBaseBoarAnime__9daAlink_cFv
800EECF4:setBaseHorseAnimeFrame__9daAlink_cFv
8015B39C:setBaseMtx_0__8daItem_cFv
8015B3D4:setBaseMtx_1__8daItem_cFv
8015B314:setBaseMtx__8daItem_cFv
802F84F8:setBasePosition__7J2DPaneF15J2DBasePosition
800EEFA4:setBaseRideAnime__9daAlink_cFv
800D0200:setBaseTRMtx__8J3DModelFPA4_f
800741EC:setBase__6dBgPlcFPv
802B4F64:setBattleBgmOff__8Z2SeqMgrFb
802B51D0:setBattleDistIgnore__8Z2SeqMgrFb
802B5298:setBattleDistState__8Z2SeqMgrFUc
802B51E0:setBattleGhostMute__8Z2SeqMgrFb
802C0F00:setBattleInit__13Z2SoundObjMgrFv
802B58FC:setBattleLastHit__8Z2SeqMgrFUc
802B501C:setBattleSearched__8Z2SeqMgrFb
802B5644:setBattleSeqState__8Z2SeqMgrFUc
80195B38:setBckAnimation__16dSelect_cursor_cFP18J2DAnmTransformKey
8014F0F0:setBckAnm__11daBaseNpc_cFP15J3DAnmTransformfiiib
80152E8C:setBckAnm__8daNpcF_cFP15J3DAnmTransformfiiib
801483CC:setBckAnm__8daNpcT_cFP15J3DAnmTransformfiiib
80125984:setBezierPos__FPC4cXyzPC4cXyzPC4cXyzPC4cXyzfP4cXyz
800B197C:setBgCheckParam__9daAlink_cFv
8027065C:setBg__8cM3dGTriFPC3VecPC3VecPC3VecPC8cM3dGPla
8018C0EC:setBlackWhite__10J2DPictureFQ28JUtility6TColorQ28JUtility6TColor
80192518:setBlackWhite__10J2DTextBoxFQ28JUtility6TColorQ28JUtility6TColor
80303674:setBlackWhite__11J2DWindowExFQ28JUtility6TColorQ28JUtility6TColor
80307280:setBlackWhite__12J2DPictureExFQ28JUtility6TColorQ28JUtility6TColor
8030914C:setBlackWhite__12J2DTextBoxExFQ28JUtility6TColorQ28JUtility6TColor
80254EE0:setBlackWhite__8CPaneMgrFQ28JUtility6TColorQ28JUtility6TColor
80254FF0:setBlackWhite__9J2DWindowFQ28JUtility6TColorQ28JUtility6TColor
80053D9C:setBlack__10J2DPictureFQ28JUtility6TColor
80254E90:setBlack__10J2DTextBoxFQ28JUtility6TColor
80303564:setBlack__11J2DWindowExFQ28JUtility6TColor
80307170:setBlack__12J2DPictureExFQ28JUtility6TColor
8030903C:setBlack__12J2DTextBoxExFQ28JUtility6TColor
80254EB8:setBlack__9J2DWindowFQ28JUtility6TColor
802FF89C:setBlendAlphaRatio__10J2DPictureFff
80306D34:setBlendAlphaRatio__12J2DPictureExFff
80228754:setBlendAnime__10COutFont_cFP10J2DPictures
800AF328:setBlendAtnBackMoveAnime__9daAlink_cFf
800AEC7C:setBlendAtnMoveAnime__9daAlink_cFf
802FF874:setBlendColorRatio__10J2DPictureFff
80306CD4:setBlendColorRatio__12J2DPictureExFff
802FF994:setBlendKonstAlpha__10J2DPictureFv
802FF8C4:setBlendKonstColor__10J2DPictureFv
800AE020:setBlendMoveAnime__9daAlink_cFf
80020374:setBlendRatio__10J2DPictureFff
801C46EC:setBlendRatio__16dMenuMapCommon_cFUcff
80129548:setBlendWolfAtnBackMoveAnime__9daAlink_cFf
80129320:setBlendWolfAtnMoveAnime__9daAlink_cFf
80128A50:setBlendWolfMoveAnime__9daAlink_cFf
80318170:setBlend__10J3DPEBlockFPC8J3DBlend
8000DFCC:setBlend__10J3DPEBlockFRC8J3DBlend
803227F4:setBlend__14J3DPEBlockFullFPC8J3DBlend
803227E8:setBlend__14J3DPEBlockFullFRC8J3DBlend
80322958:setBlend__16J3DPEBlockFogOffFPC8J3DBlend
8032294C:setBlend__16J3DPEBlockFogOffFRC8J3DBlend
802E0144:setBlock__10JUTResFontFv
802DE6EC:setBlock__12JUTCacheFontFv
801068F8:setBoardLandAnime__9daAlink_cFv
800EF25C:setBodyAngleRideReadyAnime__9daAlink_cFv
800CEAAC:setBodyAngleToCamera__9daAlink_cFv
800BB4BC:setBodyAngleXReadyAnime__9daAlink_cFi
800A851C:setBodyPartPos__9daAlink_cFv
800339B8:setBombBagItemIn__17dSv_player_item_cFUcUcUcb
800338D0:setBombBagItemIn__17dSv_player_item_cFUcUcb
80034160:setBombNum__21dSv_player_item_max_cFUcUc
80034014:setBombNum__24dSv_player_item_record_cFUcUc
800E083C:setBoomerangCatchAnime__9daAlink_cFv
800E0768:setBoomerangReadyAnime__9daAlink_cFv
800E06F4:setBoomerangReadyQuake__9daAlink_cFv
800E1070:setBoomerangSight__9daAlink_cFv
801238C8:setBootsLightEffect__9daAlink_cFv
800FC954:setBossBodyHangPos__9daAlink_cFv
80124DB0:setBottleEffect__9daAlink_cFv
80033418:setBottleItemIn__17dSv_player_item_cFUcUc
8010E7E4:setBottleModel__9daAlink_cFUs
80034034:setBottleNum__24dSv_player_item_record_cFUcUc
800DFE34:setBowHangAnime__9daAlink_cFv
800DFCF4:setBowModel__9daAlink_cFv
800DFE7C:setBowNormalAnime__9daAlink_cFv
800DED98:setBowOrSlingStatus__9daAlink_cFv
800DF0E8:setBowReadyAnime__9daAlink_cFv
800DF1C4:setBowReloadAnime__9daAlink_cFv
800DFEE4:setBowSight__9daAlink_cFv
80240E8C:setBpk0Animation__14dMsgScrnItem_cFP11J2DAnmColor
80240EE8:setBpk1Animation__14dMsgScrnItem_cFP11J2DAnmColor
801956B8:setBpkAnimation__16dSelect_cursor_cFP11J2DAnmColor
801485C4:setBpkAnm__8daNpcT_cFP11J3DAnmColorP12J3DModelDatafi
8003A01C:setBranchId__7dDemo_cFUss
8003A00C:setBranchType__7dDemo_cFUs
80152F50:setBrkAnm__8daNpcF_cFP15J3DAnmTevRegKeyP12J3DModelDatafi
80148584:setBrkAnm__8daNpcT_cFP15J3DAnmTevRegKeyP12J3DModelDatafi
80240DF0:setBtk0Animation__14dMsgScrnItem_cFP19J2DAnmTextureSRTKey
80195848:setBtk0Animation__16dSelect_cursor_cFP19J2DAnmTextureSRTKey
80152F10:setBtkAnm__8daNpcF_cFP19J3DAnmTextureSRTKeyP12J3DModelDatafi
80148544:setBtkAnm__8daNpcT_cFP19J3DAnmTextureSRTKeyP12J3DModelDatafi
8014F170:setBtpAnm__11daBaseNpc_cFP16J3DAnmTexPatternP12J3DModelDatafi
80152ED0:setBtpAnm__8daNpcF_cFP16J3DAnmTexPatternP12J3DModelDatafi
80148504:setBtpAnm__8daNpcT_cFP16J3DAnmTexPatternP12J3DModelDatafi
802DD320:setBuffer__20JSUMemoryInputStreamFPCvl
802F5458:setBuffer__8J2DPrintFUl
8029EE9C:setBusConnect__Q26JASDsp8TChannelFUcUc
80219868:setButtonIconAAlpha__13dMeter2Draw_cFUcUlb
8021A15C:setButtonIconAlpha__13dMeter2Draw_cFiUcUlb
80219A4C:setButtonIconBAlpha__13dMeter2Draw_cFUcUlb
80219D48:setButtonIconMidonaAlpha__13dMeter2Draw_cFUl
801EBD7C:setButtonScale__12dMenu_Ring_cFif
8023827C:setButtonStatusLocal__12dMsgObject_cFv
801B91EC:setCButtonString__14dMenu_DmapBg_cFUl
8027722C:setCTev__11JPAResourceFP18JPAEmitterWorkData
801AF968:setCalibrationValue__19dMenu_Calibration_cFv
80196860:setCamDataIdx2__16ShopCam_action_cFP10fopAc_ac_cP10fopAc_ac_cP10fopAc_ac_cP10fopAc_ac_cP10fopAc_ac_cP10fopAc_ac_cP10fopAc_ac_cP4cXyzP4cXyz
8019679C:setCamDataIdx__16ShopCam_action_cFP10fopAc_ac_cP10fopAc_ac_cP10fopAc_ac_cP10fopAc_ac_cP4cXyzP4cXyz
802B7584:setCameraGroupInfo__11Z2StatusMgrFUc
802B7588:setCameraInWaterDepth__11Z2StatusMgrFf
802B7560:setCameraPolygonPos__11Z2StatusMgrFP3Vec
802BD5DC:setCameraState__13Z2AudioCameraFPA4_CfR3Vecb
802BD6AC:setCameraState__13Z2AudioCameraFPA4_fR3VecR3Vecffbb
800275CC:setCamera__15dStage_roomDt_cFP18stage_camera_class
80027EB8:setCamera__16dStage_stageDt_cFP18stage_camera_class
80017314:setCardState__15mDoMemCd_Ctrl_cFl
800D0A90:setCargoCarry__9daAlink_cFP10fopAc_ac_c
80141A8C:setCargoCarry__9daPy_py_cFP10fopAc_ac_c
800E51B4:setCarryArmAngle__9daAlink_cFff
802A1068:setCategoryArrangement__8JAISeMgrFRC24JAISeCategoryArrangement
80292244:setChannelMgrCount__8JASTrackFUl
802937A0:setChannelPauseFlag__8JASTrackFb
802E5598:setCharColor__14JUTDirectPrintFQ28JUtility6TColor
802E55C8:setCharColor__14JUTDirectPrintFUcUcUc
802DFB70:setCharColor__7JUTFontFQ28JUtility6TColor
80229BBC:setCharactor__19jmessage_tReferenceFUs
8022FEF8:setCharactor__26jmessage_string_tReferenceFUs
802B4DEC:setChildTrackVolume__8Z2SeqMgrFP14JAISoundHandleifUlff
800FE320:setClimbInit__9daAlink_cFv
800FE380:setClimbShapeOffset__9daAlink_cFv
800FF498:setClimbStartNotGround__9daAlink_cFv
80140244:setClothesChange__9daAlink_cFi
80141938:setClothesChange__9daPy_py_cFi
80074178:setCode__5dBgPcFR5sBgPc
80034290:setCollect__20dSv_player_collect_cFiUc
800ABD90:setCollisionPos__9daAlink_cFv
8014CE18:setCollision__8daNpcT_cFv
800ABFC4:setCollision__9daAlink_cFv
8014F6AC:setCollisions__11daBaseNpc_cFv
80155DC0:setCollisions__8daNpcF_cFv
8031824C:setColorChanNum__13J3DColorBlockFPCUc
8000E094:setColorChanNum__13J3DColorBlockFUc
80323D64:setColorChanNum__20J3DColorBlockLightOnFPCUc
80323D70:setColorChanNum__20J3DColorBlockLightOnFUc
80323FC4:setColorChanNum__21J3DColorBlockLightOffFPCUc
80323FD0:setColorChanNum__21J3DColorBlockLightOffFUc
80318278:setColorChanOffset__13J3DColorBlockFUl
80323E10:setColorChanOffset__20J3DColorBlockLightOnFUl
80324050:setColorChanOffset__21J3DColorBlockLightOffFUl
80318250:setColorChan__13J3DColorBlockFUlPC12J3DColorChan
8000E08C:setColorChan__13J3DColorBlockFUlRC12J3DColorChan
80323D80:setColorChan__20J3DColorBlockLightOnFUlPC12J3DColorChan
80323D94:setColorChan__20J3DColorBlockLightOnFUlRC12J3DColorChan
80323FE0:setColorChan__21J3DColorBlockLightOffFUlPC12J3DColorChan
80323FF4:setColorChan__21J3DColorBlockLightOffFUlRC12J3DColorChan
802E9F18:setColor__14J2DGrafContextFQ28JUtility6TColorQ28JUtility6TColorQ28JUtility6TColorQ28JUtility6TColor
801EE908:setCombineBomb__12dMenu_Ring_cFi
800D2308:setComboReserb__9daAlink_cFv
80106740:setCommonBoardAnime__9daAlink_cFi
8004DAB8:setCommonPoly__13dPa_control_cFPUlP13cBgS_PolyInfoPC4cXyzPC4cXyzPC12dKy_tevstr_cUlUlPC5csXyzPC4cXyzSc
802D26A4:setCommon_heapSpecified__9JKRThreadFP7JKRHeapUli
802D2630:setCommon_mesgQueue__9JKRThreadFP7JKRHeapi
80301670:setConnectParent__10J2DTextBoxFb
802F9264:setConnectParent__7J2DPaneFb
802FBF2C:setContentsColor__9J2DWindowFQ28JUtility6TColorQ28JUtility6TColorQ28JUtility6TColorQ28JUtility6TColor
80141CA0:setControllActorData__8daCrod_cFv
800E1798:setCopyRodControllAnime__9daAlink_cFv
800E1808:setCopyRodControllUpperSpeedRate__9daAlink_cFv
800E1954:setCopyRodModel__9daAlink_cFv
800E1A4C:setCopyRodReadyAnime__9daAlink_cFv
800E1F78:setCopyRodSight__9daAlink_cFv
802CBF00:setCorrectData__13Z2WolfHowlMgrFScP14Z2WolfHowlData
8026086C:setCounterPos__21dDlst_TimerScrnDraw_cFff
8025FF80:setCounter__21dDlst_TimerScrnDraw_cFUcUc
800F9190:setCrawlAutoMoveAimPos__9daAlink_cFv
800F8FC8:setCrawlMoveAngle__9daAlink_cFv
800F7EF4:setCrawlMoveDirectionArrow__9daAlink_cFv
800F8F10:setCrawlMoveHoll__9daAlink_cFv
801D765C:setCrossLRString__17dMenu_Fmap2DTop_cFUl
80303B98:setCullBack__11J2DWindowExF11_GXCullMode
803043C0:setCullBack__11J2DWindowExFb
803077D8:setCullBack__12J2DPictureExF11_GXCullMode
80307F68:setCullBack__12J2DPictureExFb
803095DC:setCullBack__12J2DTextBoxExF11_GXCullMode
803097EC:setCullBack__12J2DTextBoxExFb
802F8480:setCullBack__7J2DPaneF11_GXCullMode
802F9228:setCullBack__7J2DPaneFb
8015B9C8:setCullInfo__8daItem_cFv
80318260:setCullMode__13J3DColorBlockFPCUc
8031825C:setCullMode__13J3DColorBlockFUc
80323DE4:setCullMode__20J3DColorBlockLightOnFPCUc
80323DDC:setCullMode__20J3DColorBlockLightOnFUc
80324024:setCullMode__21J3DColorBlockLightOffFPCUc
8032401C:setCullMode__21J3DColorBlockLightOffFUc
8029AED0:setCurrentDir__16JASWaveArcLoaderFPCc
803178B0:setCurrentMtx__11J3DMaterialFv
8019597C:setCursorAnimation__16dSelect_cursor_cFv
801F9160:setCursorPos__13dMenu_Skill_cFv
801DA4B0:setCursorPos__14dMenu_Insect_cFv
801E0DE8:setCursorPos__14dMenu_Letter_cFv
801E75D8:setCursorPos__14dMenu_Option_cFUc
800D2028:setCutDash__9daAlink_cFii
800D2E84:setCutJumpSpeed__9daAlink_cFi
80123640:setCutLargeJumpLandEffect__9daAlink_cFv
80123184:setCutTurnEffect__9daAlink_cFv
800D1738:setCutType__9daAlink_cFUc
80124350:setCutWaterDropEffect__9daAlink_cFv
800D174C:setCylAtParam__9daAlink_cFUl11dCcG_At_SplUcUciff
801E12FC:setDMYPageText__14dMenu_Letter_cFv
80027DBC:setDMap__15dStage_roomDt_cFP13dStage_DMap_c
800282B0:setDMap__16dStage_stageDt_cFP13dStage_DMap_c
8029EF30:setDSPLevel__9JASDriverFf
8029E804:setDSPMixerLevel__6JASDspFf
800D7684:setDamagePointNormal__9daAlink_cFi
800D74C8:setDamagePoint__9daAlink_cFiiii
80153864:setDamage__8daNpcF_cFiii
8014ACDC:setDamage__8daNpcT_cFiii
800D78D0:setDashDamage__9daAlink_cFv
8015EEC4:setData__16daPy_actorKeep_cFP10fopAc_ac_c
8019F754:setDaytime__18dScnKy_env_light_cFv
80118E00:setDeadRideSyncPos__9daAlink_cFv
8006FFB4:setDefault__12dVibration_cFv
8032882C:setDeformData__8J3DModelFP13J3DDeformDataUl
80118C04:setDemoBodyBck__9daAlink_cFP13dDemo_actor_cUs
80119340:setDemoBrk__9daAlink_cFPP15J3DAnmTevRegKeyP8J3DModelUs
80117400:setDemoData__9daAlink_cFv
80118ABC:setDemoLeftHandIndex__9daAlink_cFUs
80238408:setDemoMessageLocal__12dMsgObject_cFUl
80238130:setDemoMessage__12dMsgObject_cFUl
801170A8:setDemoMoveData__9daAlink_cFPUlPC4cXyz
802B6FE8:setDemoName__11Z2StatusMgrFPc
80118B58:setDemoRide__9daAlink_cFUs
80118A4C:setDemoRightHandIndex__9daAlink_cFUs
802E92C4:setDirectConsole__17JUTConsoleManagerFP10JUTConsole
8020DB38:setDispPosInsideFlg_SE_On__11dMeterMap_cFv
8020DB80:setDispPosOutsideFlg_SE_On__11dMeterMap_cFv
8029EE94:setDistFilter__Q26JASDsp8TChannelFs
80318180:setDither__10J3DPEBlockFPCUc
8031817C:setDither__10J3DPEBlockFUc
8032284C:setDither__14J3DPEBlockFullFPCUc
80322844:setDither__14J3DPEBlockFullFUc
803229B0:setDither__16J3DPEBlockFogOffFPCUc
803229A8:setDither__16J3DPEBlockFogOffFUc
800D6FFC:setDkCaught__9daAlink_cFP10fopAc_ac_c
801419DC:setDkCaught__9daPy_py_cFP10fopAc_ac_c
800B348C:setDoStatusContinuation__9daAlink_cFUc
800B3474:setDoStatusEmphasys__9daAlink_cFUc
801EEDA8:setDoStatus__12dMenu_Ring_cFUc
800B345C:setDoStatus__9daAlink_cFUc
80027DD8:setDoor__15dStage_roomDt_cFP16stage_tgsc_class
800282D0:setDoor__16dStage_stageDt_cFP16stage_tgsc_class
800AC944:setDoubleAnimeBlendRatio__9daAlink_cFf
80129698:setDoubleAnimeWolf__9daAlink_cFfffQ29daAlink_c12daAlink_WANMQ29daAlink_c12daAlink_WANMif
800ACC20:setDoubleAnime__9daAlink_cFfffQ29daAlink_c11daAlink_ANMQ29daAlink_c11daAlink_ANMif
80027DC8:setDrTg__15dStage_roomDt_cFP16stage_tgsc_class
800282C0:setDrTg__16dStage_stageDt_cFP16stage_tgsc_class
800FC7B0:setDragonHangPos__9daAlink_cFv
800CB1D4:setDrawHand__9daAlink_cFv
80051138:setEffectCenter__7dPaPo_cFPC12dKy_tevstr_cPC4cXyzUlUlPC4cXyzPC5csXyzPC4cXyzScff
80051418:setEffectFour__8dPaPoF_cFPC12dKy_tevstr_cPC4cXyzUlUlPC4cXyzPC4cXyzPC4cXyzPC4cXyzPC4cXyzPC5csXyzPC4cXyzScff
801209C8:setEffectFrontRollParam__9daAlink_cFv
8012120C:setEffectLandParam__9daAlink_cFv
80326594:setEffectMtx__13J3DTexMtxInfoFPA4_f
80120D0C:setEffectRunParam__9daAlink_cFv
80120A8C:setEffectSlipParam__9daAlink_cFv
80120FBC:setEffectSmallLandParam__9daAlink_cFv
80121210:setEffectSumouParam__9daAlink_cFv
8005128C:setEffectTwo__8dPaPoT_cFPC12dKy_tevstr_cPC4cXyzUlUlPC4cXyzPC4cXyzPC4cXyzPC5csXyzPC4cXyzScff
80050FAC:setEffect__7dPaPo_cFPUliPC12dKy_tevstr_cPC4cXyzUlUlPC4cXyzPC5csXyzScPUcPUc
80121594:setEffect__9daAlink_cFv
80122DC8:setElecDamageEffect__9daAlink_cFv
80027E4C:setElst__15dStage_roomDt_cFP13dStage_Elst_c
800282EC:setElst__16dStage_stageDt_cFP13dStage_Elst_c
801208D0:setEmitterColor__9daAlink_cFPUlUsPC4cXyzPC5csXyz
80120840:setEmitterPolyColor__9daAlink_cFPUlUsR13cBgS_PolyInfoPC4cXyzPC5csXyz
8012078C:setEmitter__9daAlink_cFPUlUsPC4cXyzPC5csXyz
80033AF8:setEmptyBombBagItemIn__17dSv_player_item_cFUcUcb
80033AC8:setEmptyBombBagItemIn__17dSv_player_item_cFUcb
80033BB0:setEmptyBombBag__17dSv_player_item_cFUcUc
80033B30:setEmptyBombBag__17dSv_player_item_cFv
800334F8:setEmptyBottleItemIn__17dSv_player_item_cFUc
800335BC:setEmptyBottle__17dSv_player_item_cFUc
8003353C:setEmptyBottle__17dSv_player_item_cFv
802E27D8:setEnabled__Q210JUTGamePad7CRumbleFUl
802A9EB8:setEncoding__Q28JMessage18TResourceContainerFUc
802A9EF0:setEncoding___Q28JMessage18TResourceContainerFUc
80108928:setEnemyBombHookshot__9daAlink_cFP10fopAc_ac_c
802C2990:setEnemyName__15Z2CreatureEnemyFPCc
8029B4AC:setEntryNum__10JASWaveArcFl
80158F94:setEnvTevCol__10daNpcCd2_cFv
80156F28:setEnvTevCol__9daNpcCd_cFv
8014F2AC:setEnvTevColor__11daBaseNpc_cFv
80152F90:setEnvTevColor__8daNpcF_cFv
80148E7C:setEnvTevColor__8daNpcT_cFv
80027754:setEnvrInfo__15dStage_roomDt_cFP21stage_envr_info_class
80027F30:setEnvrInfo__16dStage_stageDt_cFP21stage_envr_info_class
80027914:setEnvrNumInfo__15dStage_roomDt_cFi
80027F90:setEnvrNumInfo__16dStage_stageDt_cFi
80237DBC:setEquipBombInfoLocal__12dMsgObject_cFv
80238C8C:setEquipBombInfo__12dMsgObject_cFv
80033764:setEquipBottleItemEmpty__17dSv_player_item_cFUc
80033640:setEquipBottleItemIn__17dSv_player_item_cFUcUc
801B4234:setEquipItemFrameColorClothes__17dMenu_Collect2D_cFi
801B3F4C:setEquipItemFrameColorShield__17dMenu_Collect2D_cFi
801B3C28:setEquipItemFrameColorSword__17dMenu_Collect2D_cFi
802CF978:setErrorFlag__7JKRHeapFb
802CF988:setErrorHandler__7JKRHeapFPFPvUli_v
802B7558:setEventBit__11Z2StatusMgrFPv
80043558:setEventName__11dEvt_info_cFPc
801808E8:setEventRecoveryTrans__9dCamera_cFs
80034B10:setEventReg__11dSv_event_cFUsUc
800489D4:setEvent__17dEvLib_callback_cFiii
802D773C:setExpandSize__10JKRArchiveFPQ210JKRArchive12SDIFileEntryUl
801AFBA0:setExplainString__19dMenu_Calibration_cFUs
80155DEC:setExpressionAnm__8daNpcF_cFib
801560D4:setExpressionBtp__8daNpcF_cFi
80155DFC:setExpression__8daNpcF_cFif
800A1CF8:setEyeMove__9daAlink_cFP4cXyzss
8029EE6C:setFIR8FilterParam__Q26JASDsp8TChannelFPs
8029365C:setFIR__8JASTrackFPCs
802E307C:setFPException__12JUTExceptionFUl
8029E978:setFXLine__6JASDspFUcPsPQ26JASDsp13FxlineConfig_
800AFBB4:setFaceBasicAnime__9daAlink_cFQ29daAlink_c11daAlink_ANM
800AFAAC:setFaceBasicTexture__9daAlink_cFQ29daAlink_c13daAlink_FTANM
800AF6BC:setFaceBck__9daAlink_cFUsiUs
800AF9DC:setFaceBtk__9daAlink_cFUsiUs
800AF828:setFaceBtp__9daAlink_cFUsiUs
8014A594:setFaceMotionAnm__8daNpcT_cFib
800AFD20:setFacePriAnime__9daAlink_cFQ29daAlink_c11daAlink_ANM
800AFCB4:setFacePriTexture__9daAlink_cFQ29daAlink_c13daAlink_FTANM
80286028:setFactory__Q27JStudio8TControlFPQ27JStudio8TFactory
802B7818:setFadeInStart__10Z2SceneMgrFUc
802B777C:setFadeOutStart__10Z2SceneMgrFUc
800B5DCC:setFallVoice__9daAlink_cFv
800B7374:setFastShotTimer__9daAlink_cFv
8034D884:setFbbRegs
802BA768:setFieldBgmPlay__8Z2SeqMgrFb
80027BB4:setFileList2Info__15dStage_roomDt_cFP21dStage_FileList2_dt_c
80028120:setFileList2Info__16dStage_stageDt_cFP21dStage_FileList2_dt_c
80027BC4:setFileListInfo__15dStage_roomDt_cFP20dStage_FileList_dt_c
80028188:setFileListInfo__16dStage_stageDt_cFP20dStage_FileList_dt_c
8029B50C:setFileName__10JASWaveArcFPCc
8029EE0C:setFilterMode__Q26JASDsp8TChannelFUs
802AB13C:setFilterOff__10Z2SoundMgrFP8JAISound
8029E848:setFilterTable__6JASDspFPsPsUl
80125334:setFirePointDamageEffect__9daAlink_cFv
802DCD28:setFirst__10JSUPtrListFP10JSUPtrLink
800F469C:setFishGetFace__9daAlink_cFv
801C6320:setFishParam__15dMenu_Fishing_cFiUsUc
800F434C:setFishingWaitAction__9daAlink_cFv
800978A8:setFlag__9dCamera_cFUl
80289978:setFlag_operation__Q37JStudio3stb7TObjectFUci
801CF4A4:setFlashOn__15dMenu_FmapMap_cFiiPUci
801CB9A4:setFlash__12dMenu_Fmap_cFUcb
8021C3E0:setFloatingFlow__13dMeter2Info_cFUssb
8021C3A4:setFloatingMessage__13dMeter2Info_cFUssb
80027BCC:setFloorInfo__15dStage_roomDt_cFP18dStage_FloorInfo_c
800281F0:setFloorInfo__16dStage_stageDt_cFP18dStage_FloorInfo_c
801B96A4:setFloorMessage__14dMenu_DmapBg_cFv
800E7CF8:setFmChainPosFromOut__9daAlink_cFP10fopAc_ac_cP4cXyzi
8015F684:setFmChainPos__9daPy_py_cFP10fopAc_ac_cP4cXyzi
801CED70:setFmapPaletteColor__15dMenu_FmapMap_cFQ215renderingFmap_c9palette_eRC8_GXColor
801CECFC:setFmapPaletteColor__15dMenu_FmapMap_cFQ215renderingFmap_c9palette_eUcUcUcUc
80318194:setFogOffset__10J3DPEBlockFUl
80322868:setFogOffset__14J3DPEBlockFullFUl
802CA1A0:setFogWipeWidth__10Z2EnvSeMgrFf
80318168:setFog__10J3DPEBlockF6J3DFog
80318164:setFog__10J3DPEBlockFP6J3DFog
8032277C:setFog__14J3DPEBlockFullF6J3DFog
80322758:setFog__14J3DPEBlockFullFP6J3DFog
8019244C:setFontColor__15dFile_warning_cFQ28JUtility6TColorQ28JUtility6TColor
802F3848:setFontNo__11J2DTevBlockFUs
802F35D4:setFontNo__12J2DTevBlock1FUs
802F3330:setFontNo__12J2DTevBlock2FUs
802F308C:setFontNo__12J2DTevBlock4FUs
802F2DEC:setFontNo__12J2DTevBlock8FUs
802F2B4C:setFontNo__13J2DTevBlock16FUs
802F54C4:setFontSize__8J2DPrintFv
802F38CC:setFontUndeleteFlag__11J2DTevBlockFv
802F3830:setFontUndeleteFlag__12J2DTevBlock1Fv
802F3590:setFontUndeleteFlag__12J2DTevBlock2Fv
802F32EC:setFontUndeleteFlag__12J2DTevBlock4Fv
802F304C:setFontUndeleteFlag__12J2DTevBlock8Fv
802F2DAC:setFontUndeleteFlag__13J2DTevBlock16Fv
80301078:setFont__10J2DTextBoxFP7JUTFont
802F389C:setFont__11J2DTevBlockFP7JUTFont
802F38A4:setFont__11J2DTevBlockFP7ResFONT
802ECFD8:setFont__12J2DTevBlock1FP7JUTFont
802ECF24:setFont__12J2DTevBlock1FP7ResFONT
802EE1A4:setFont__12J2DTevBlock2FP7JUTFont
802EE0F0:setFont__12J2DTevBlock2FP7ResFONT
802EF64C:setFont__12J2DTevBlock4FP7JUTFont
802EF598:setFont__12J2DTevBlock4FP7ResFONT
802F0AEC:setFont__12J2DTevBlock8FP7JUTFont
802F0A40:setFont__12J2DTevBlock8FP7ResFONT
80308B5C:setFont__12J2DTextBoxExFP7JUTFont
802F1F6C:setFont__13J2DTevBlock16FP7JUTFont
802F1EC0:setFont__13J2DTevBlock16FP7ResFONT
801213CC:setFootEffectProcType__9daAlink_cFi
80121510:setFootMark__9daAlink_cFP4cXyzUsi
800A2BE8:setFootMatrix__9daAlink_cFv
80149DC0:setFootPos__8daNpcT_cFv
80149F88:setFootPrtcl__8daNpcT_cFP4cXyzff
800BBF4C:setFootSpeed__9daAlink_cFv
802C0780:setForceBattleArea__13Z2SoundObjMgrFbUsUsUs
800E3CA8:setForceGrab__9daAlink_cFP10fopAc_ac_cii
801418CC:setForceGrab__9daPy_py_cFP10fopAc_ac_cii
800D0598:setForcePutPos__9daAlink_cFRC4cXyz
801418D4:setForcePutPos__9daPy_py_cFRC4cXyz
8015E750:setFrameCtrl__16daPy_frameCtrl_cFUcssff
800AC5A0:setFrameCtrl__9daAlink_cFP16daPy_frameCtrl_cUcssff
802D0C68:setFreeBlock__10JKRExpHeapFPQ210JKRExpHeap9CMemBlockPQ210JKRExpHeap9CMemBlockPQ210JKRExpHeap9CMemBlock
80125544:setFreezeEffect__9daAlink_cFv
800C1EF8:setFrontRollCrashShock__9daAlink_cFUc
800B04C8:setFrontWallType__9daAlink_cFv
802BBC1C:setFxForceOff__11Z2FxLineMgrFb
802F2640:setGX__10J2DPEBlockFv
802E0384:setGX__10JUTResFontFQ28JUtility6TColorQ28JUtility6TColor
802E028C:setGX__10JUTResFontFv
802EBFCC:setGX__11J2DIndBlockFv
802EB18C:setGX__11J2DMaterialFv
802EBFD0:setGX__11J2DTevBlockFv
802ED128:setGX__12J2DTevBlock1Fv
802EE384:setGX__12J2DTevBlock2Fv
802EF82C:setGX__12J2DTevBlock4Fv
802F0CAC:setGX__12J2DTevBlock8Fv
8027B5E8:setGX__12JPABaseShapeCFP18JPAEmitterWorkData
802EC224:setGX__13J2DColorBlockFv
802F212C:setGX__13J2DTevBlock16Fv
802EC370:setGX__14J2DTexGenBlockFv
802F2530:setGX__15J2DIndBlockFullFv
802EBFE0:setGX__15J2DIndBlockNullFv
80014D50:setGX__7JUTFontFQ28JUtility6TColorQ28JUtility6TColor
801183AC:setGetItemFace__9daAlink_cFUs
8011A894:setGetSubBgm__9daAlink_cFi
802C0DEC:setGhostEnemyState__13Z2SoundObjMgrFUc
800484F4:setGoal__16dEvent_manager_cFP4cXyz
800E941C:setGoatStopGameFail__9daAlink_cFP10fopAc_ac_c
801BA958:setGoldAnimation__14dMenu_DmapBg_cFb
801BAA48:setGoldFrameAlphaRate__14dMenu_DmapBg_cFf
800D0ABC:setGoronSideMove__9daAlink_cFP10fopAc_ac_c
80141A88:setGoronSideMove__9daPy_py_cFP10fopAc_ac_c
800E3BA0:setGrabCollisionOffset__9daAlink_cFffP13cBgS_PolyInfo
801418F8:setGrabCollisionOffset__9daPy_py_cFffP13cBgS_PolyInfo
800E5DC0:setGrabItemActor__9daAlink_cFP10fopAc_ac_c
800E415C:setGrabItemPos__9daAlink_cFv
800E5604:setGrabItemThrow__9daAlink_cFv
800E3FC8:setGrabUpperAnime__9daAlink_cFf
800E4FF8:setGrabUpperSpeedRate__9daAlink_cFv
802DFBC4:setGradColor__7JUTFontFQ28JUtility6TColorQ28JUtility6TColor
80111990:setGrassWhistleModel__9daAlink_cFi
800F7914:setGroundFishingRodActor__9daAlink_cFv
80299464:setGroupCount__16JASBasicWaveBankFUlP7JKRHeap
80043854:setGtItm__14dEvt_control_cFUc
800DD320:setGuardSe__9daAlink_cFP12dCcD_GObjInf
801F97C4:setHIO__13dMenu_Skill_cFb
801DA728:setHIO__14dMenu_Insect_cFb
801E1A0C:setHIO__14dMenu_Letter_cFb
801E7B7C:setHIO__14dMenu_Option_cFb
801C64D4:setHIO__15dMenu_Fishing_cFb
801B4530:setHIO__17dMenu_Collect2D_cFb
801D7E90:setHIO__17dMenu_Fmap2DTop_cFb
801AFC58:setHIO__19dMenu_Calibration_cFb
8025E9E0:setHIO__21dDlst_TimerScrnDraw_cFv
800A0238:setHairAngle__9daAlink_cFP4cXyzff
800AA4C8:setHandIndex__9daAlink_cFQ29daAlink_c11daAlink_ANM
800FA8F0:setHangGroundY__9daAlink_cFv
800B1758:setHangWaterY__9daAlink_cFv
8009F240:setHatAngle__9daAlink_cFv
80192CAC:setHeartCnt__12dFile_info_cFP10dSv_save_c
801B3898:setHeartPiece__17dMenu_Collect2D_cFv
800E278C:setHeavyBoots__9daAlink_cFi
802B4118:setHeightVolMod__8Z2SeqMgrFbUl
80119204:setHighModelBck__9daAlink_cFP13mDoExt_bckAnmUs
801192B0:setHighModelFaceBtk__9daAlink_cFUs
8004C348:setHitMark__13dPa_control_cFUsP10fopAc_ac_cPC4cXyzPC5csXyzPC4cXyzUl
8015975C:setHitodamaParticle__10daNpcCd2_cFv
80157578:setHitodamaParticle__9daNpcCd_cFv
80154DE4:setHitodamaPrtcl__8daNpcF_cFv
8014C23C:setHitodamaPrtcl__8daNpcT_cFv
80108C9C:setHookshotCarryOffset__9daAlink_cFUiPC4cXyz
80141910:setHookshotCarryOffset__9daPy_py_cFUiPC4cXyz
80108C48:setHookshotCatchNow__9daAlink_cFv
80109A9C:setHookshotHangMoveBGCollect__9daAlink_cFv
80108D40:setHookshotModel__9daAlink_cFv
80109DE8:setHookshotPos__9daAlink_cFv
801093F0:setHookshotReadyAnime__9daAlink_cFv
8010927C:setHookshotReadyMaterial__9daAlink_cFv
801099AC:setHookshotReturnEnd__9daAlink_cFv
8010B4E8:setHookshotRoofWaitAnime__9daAlink_cFv
80108FC0:setHookshotSight__9daAlink_cFv
80109CB8:setHookshotTopPosFly__9daAlink_cFv
8010B568:setHookshotWallWaitAnime__9daAlink_cFv
801235B0:setHorseCutTurnEffect__9daAlink_cFv
800EFA90:setHorseGetOff__9daAlink_cFi
80228E58:setHorseName__FPcUc
800ED51C:setHorseStirrup__9daAlink_cFv
800ED1A8:setHorseSwordUpAnime__9daAlink_cFv
800EF068:setHorseSwordUp__9daAlink_cFi
800EDC84:setHorseTurnAnime__9daAlink_cFv
800ED200:setHorseTurnUpperAnime__9daAlink_cFi
80111A28:setHorseWhistleModel__9daAlink_cFv
800EC9BC:setHorseZeldaDamage__9daAlink_cFv
8021DF88:setHotSpringTimer__13dMeter2Info_cFUc
802C9058:setHyrulSewerOpen__10Z2EnvSeMgrFb
8029EE44:setIIRFilterParam__Q26JASDsp8TChannelFPs
802AB070:setIIR__10Z2SoundMgrFP8JAISoundPCs
8029369C:setIIR__8JASTrackFPCs
800A725C:setIceSlipSpeed__9daAlink_cFv
801D26E0:setIcon2DPos__18dMenu_Fmap2DBack_cFUcPCcfffUcb
801D2718:setIcon2DPos__18dMenu_Fmap2DBack_cFUcUcPCcfffUcb
801D23C4:setIcon2DPos__18dMenu_Fmap2DBack_cFUcfffUcb
801C4600:setIconInfo__16dMenuMapCommon_cFUcfffffUc
800A3EF0:setIdxMask__9daAlink_cFPUsPUs
8014DD18:setIdx__16daBaseNpc_path_cFUs
80260898:setImagePos__21dDlst_TimerScrnDraw_cFff
802B76B0:setInDarkness__10Z2SceneMgrFb
802F3868:setIndTevStage__11J2DTevBlockFUl14J2DIndTevStage
8000E058:setIndTevStage__11J3DTevBlockFUl14J3DIndTevStage
80324354:setIndTevStage__11J3DTevBlockFUlPC14J3DIndTevStage
802F3780:setIndTevStage__12J2DTevBlock1FUl14J2DIndTevStage
802F34E0:setIndTevStage__12J2DTevBlock2FUl14J2DIndTevStage
802F323C:setIndTevStage__12J2DTevBlock4FUl14J2DIndTevStage
802F2F9C:setIndTevStage__12J2DTevBlock8FUl14J2DIndTevStage
803236B0:setIndTevStage__12J3DTevBlock1FUl14J3DIndTevStage
803236C4:setIndTevStage__12J3DTevBlock1FUlPC14J3DIndTevStage
803234C0:setIndTevStage__12J3DTevBlock2FUl14J3DIndTevStage
803234D4:setIndTevStage__12J3DTevBlock2FUlPC14J3DIndTevStage
803230FC:setIndTevStage__12J3DTevBlock4FUl14J3DIndTevStage
80323110:setIndTevStage__12J3DTevBlock4FUlPC14J3DIndTevStage
802F2CFC:setIndTevStage__13J2DTevBlock16FUl14J2DIndTevStage
80322D30:setIndTevStage__13J3DTevBlock16FUl14J3DIndTevStage
80322D44:setIndTevStage__13J3DTevBlock16FUlPC14J3DIndTevStage
803238BC:setIndTevStage__18J3DTevBlockPatchedFUl14J3DIndTevStage
803238D0:setIndTevStage__18J3DTevBlockPatchedFUlPC14J3DIndTevStage
802EC05C:setIndTexCoordScale__11J2DIndBlockFUl19J2DIndTexCoordScale
8000DFD4:setIndTexCoordScale__11J3DIndBlockFUl19J3DIndTexCoordScale
80318218:setIndTexCoordScale__11J3DIndBlockFUlPC19J3DIndTexCoordScale
802F2A4C:setIndTexCoordScale__15J2DIndBlockFullFUl19J2DIndTexCoordScale
80324264:setIndTexCoordScale__15J3DIndBlockFullFUl19J3DIndTexCoordScale
80324278:setIndTexCoordScale__15J3DIndBlockFullFUlPC19J3DIndTexCoordScale
802EC058:setIndTexMtx__11J2DIndBlockFUl12J2DIndTexMtx
8000E014:setIndTexMtx__11J3DIndBlockFUl12J3DIndTexMtx
80318214:setIndTexMtx__11J3DIndBlockFUlPC12J3DIndTexMtx
802F29E0:setIndTexMtx__15J2DIndBlockFullFUl12J2DIndTexMtx
803241E8:setIndTexMtx__15J3DIndBlockFullFUl12J3DIndTexMtx
8032421C:setIndTexMtx__15J3DIndBlockFullFUlPC12J3DIndTexMtx
802EC054:setIndTexOrder__11J2DIndBlockFUl14J2DIndTexOrder
80318210:setIndTexOrder__11J3DIndBlockFUl14J3DIndTexOrder
8031820C:setIndTexOrder__11J3DIndBlockFUlPC14J3DIndTexOrder
802F29B0:setIndTexOrder__15J2DIndBlockFullFUl14J2DIndTexOrder
803241AC:setIndTexOrder__15J3DIndBlockFullFUl14J3DIndTexOrder
803241C0:setIndTexOrder__15J3DIndBlockFullFUlPC14J3DIndTexOrder
802EC050:setIndTexStageNum__11J2DIndBlockFUc
8000E054:setIndTexStageNum__11J3DIndBlockFUc
802F29A0:setIndTexStageNum__15J2DIndBlockFullFUc
8032419C:setIndTexStageNum__15J3DIndBlockFullFUc
8003A5C0:setIndirectTex__FP12J3DModelData
802F85D0:setInfluencedAlpha__7J2DPaneFbb
80035DB8:setInitEventBit__Fv
801F6C18:setInitSaveData__12dMenu_save_cFv
80190460:setInitSaveData__14dFile_select_cFv
8024ACBC:setInitValueGroupChange__10dMsgFlow_cFiPP10fopAc_ac_c
8024AC24:setInitValue__10dMsgFlow_cFi
80238B30:setInsectItemNo__12dMsgObject_cFUc
80298C68:setInst__12JASBasicBankFiP7JASInst
802948E0:setIntrMask__10JASSeqCtrlFUl
801153EC:setIronBallBaseAnime__9daAlink_cFv
80112974:setIronBallBgCheckPos__9daAlink_cFv
80113088:setIronBallChainPos__9daAlink_cFv
80112E90:setIronBallGroundVec__9daAlink_cFPC4cXyzP4cXyz
801129FC:setIronBallModel__9daAlink_cFv
80113F64:setIronBallPos__9daAlink_cFv
80115318:setIronBallReadyAnime__9daAlink_cFv
80112904:setIronBallReturn__9daAlink_cFi
80112774:setIronBallWaitUpperAnime__9daAlink_cFi
800B28E8:setItemActionButtonStatus__9daAlink_cFUc
800BAB20:setItemAction__9daAlink_cFv
800BFBFC:setItemActor__9daAlink_cFv
8002B414:setItemBombNumCount__14dComIfG_play_cFUcs
8021D630:setItemColor__13dMeter2Info_cFUcP10J2DPictureP10J2DPictureP10J2DPictureP10J2DPicture
800A3E98:setItemHeap__9daAlink_cFv
800A965C:setItemMatrix__9daAlink_cFi
800BFADC:setItemModel__9daAlink_cFv
801B659C:setItemNameStringNull__17dMenu_Collect2D_cFv
801B6414:setItemNameString__17dMenu_Collect2D_cFUcUc
8021AE48:setItemNum__13dMeter2Draw_cFUcUcUc
8021BAD4:setItemParamB__13dMeter2Draw_cFUc
8021B3C8:setItemParamX__13dMeter2Draw_cFUc
8021B628:setItemParamY__13dMeter2Draw_cFUc
8021B874:setItemParamZ__13dMeter2Draw_cFUc
801EBCFC:setItemScale__12dMenu_Ring_cFif
801EBDD4:setItem__12dMenu_Ring_cFv
80033060:setItem__17dSv_player_item_cFiUc
80190868:setJ3D__16dFile_select3D_cFPCcPCcPCc
801B6C88:setJ3D__17dMenu_Collect3D_cFPCcPCcPCc
801B9314:setJButtonString__14dMenu_DmapBg_cFUl
8028BAFC:setJSG_ID___Q214JStudio_JStage14TAdaptor_actorFMQ26JStage6TActorFPCvPvUl_vQ37JStudio4data15TEOperationDataPCvUl
8028BB38:setJSG_SRT___Q214JStudio_JStage14TAdaptor_actorFPCQ27JStudio8TControl
8028CBBC:setJSG_position___Q214JStudio_JStage15TAdaptor_cameraFPCQ27JStudio8TControl
8028CDBC:setJSG_targetPosition___Q214JStudio_JStage15TAdaptor_cameraFPCQ27JStudio8TControl
8014E888:setJntPos__18daBaseNpc_lookat_cF4cXyzi
801EC11C:setJumpItem__12dMenu_Ring_cFb
800B4ADC:setJumpMode__9daAlink_cFv
80111090:setKandelaarModel__9daAlink_cFv
801108F4:setKandelaarMtx__9daAlink_cFPA4_fii
80141A00:setKandelaarMtx__9daPy_py_cFPA4_fii
801EB344:setKanteraPos__12dMenu_Ring_cFff
802C4578:setKanteraState__14Z2CreatureLinkFUc
80298F9C:setKeyRegionCount__12JASBasicInstFUlP7JKRHeap
8029BAD4:setKeySweepTarget__10JASChannelFlUl
80238058:setKillMessageFlagLocal__12dMsgObject_cFv
8023802C:setKillMessageFlag__12dMsgObject_cFv
800FD190:setLadderInit__9daAlink_cFv
800FD254:setLadderPosInit__9daAlink_cFv
800FD3FC:setLadderPos__9daAlink_cFi
800D76B0:setLandDamagePoint__9daAlink_cFi
800B5E40:setLandPassiveData__9daAlink_cFv
800BE02C:setLastSceneDamage__9daAlink_cFiPUl
800BE054:setLastSceneMode__9daAlink_cFPUl
80292BBC:setLatestKey__8JASTrackFUc
80027D9C:setLbnk__15dStage_roomDt_cFP13dStage_Lbnk_c
80028238:setLbnk__16dStage_stageDt_cFP13dStage_Lbnk_c
800A2EEC:setLegAngle__9daAlink_cFfP18daAlink_footData_cPsPsi
80238B44:setLetterNameID__12dMsgObject_cFUs
802AEC5C:setLevObjSE__7Z2SeMgrFUlP3VecSc
8021FA44:setLifeZero__9dMeter2_cFv
800343C8:setLightDropNum__16dSv_light_drop_cFUcUc
801A4FF8:setLightTevColorType_MAJI__18dScnKy_env_light_cFP12J3DModelDataP12dKy_tevstr_c
801A4678:setLightTevColorType_MAJI_sub__FP11J3DMaterialP12dKy_tevstr_ci
801A4674:setLightTevColorType__18dScnKy_env_light_cFP12J3DModelDataP12dKy_tevstr_c
80027A14:setLightVecInfoNum__15dStage_roomDt_cFi
80028028:setLightVecInfoNum__16dStage_stageDt_cFi
80027A04:setLightVecInfo__15dStage_roomDt_cFP30stage_pure_lightvec_info_class
80027FC0:setLightVecInfo__16dStage_stageDt_cFP30stage_pure_lightvec_info_class
801A4E60:setLight__13J3DColorBlockFUlP11J3DLightObj
801A0664:setLight__18dScnKy_env_light_cFv
80323DBC:setLight__20J3DColorBlockLightOnFUlP11J3DLightObj
800C1910:setLight__9daAlink_cFv
8000A504:setLight__Fv
801A1918:setLight_actor__18dScnKy_env_light_cFP12dKy_tevstr_cP11_GXColorS10PfPf
801A1594:setLight_bg__18dScnKy_env_light_cFP12dKy_tevstr_cP11_GXColorS10P11_GXColorS10PfPf
8019FE2C:setLight_palno_get__18dScnKy_env_light_cFPUcPUcPUcPUcPUcPUcPUcPUcPfPiPiPfPUc
801239B4:setLightningSwordEffect__9daAlink_cFv
802BBA28:setLineID__11Z2FxLineMgrFScbb
800333A0:setLineUpItem__17dSv_player_item_cFv
802EA034:setLineWidth__14J2DGrafContextFUc
802BBA74:setLine__11Z2FxLineMgrFP14Z2FxLineConfigbb
802C40F0:setLinkBootsType__14Z2CreatureLinkFl
802C401C:setLinkGroupInfo__14Z2CreatureLinkFUc
802C4020:setLinkHp__14Z2CreatureLinkFll
802C602C:setLinkRiding__14Z2CreatureRideFb
802C297C:setLinkSearch__15Z2CreatureEnemyFb
802C408C:setLinkShieldType__14Z2CreatureLinkFll
80141B94:setLinkState__14Z2CreatureLinkFUc
802C4028:setLinkSwordType__14Z2CreatureLinkFll
80144EAC:setListEnd__12daItemBase_cFv
80144E88:setListStart__12daItemBase_cFv
800711F0:setList__12dAttention_cFiP10fopAc_ac_cff7cSAngleUl
800A0950:setLookPosFromOut__9daAlink_cFP4cXyz
8015F6FC:setLookPos__9daPy_py_cFP4cXyz
80153588:setLookatMtx__8daNpcF_cFiPif
802EA640:setLookat__13J2DOrthoGraphFv
802EA46C:setLookat__14J2DGrafContextFv
800BB530:setMagicArmorBrk__9daAlink_cFi
80122988:setMagneBootsEffect__9daAlink_cFv
800E2A14:setMagneBootsMtx__9daAlink_cFP13cBgS_PolyInfoi
802C48EC:setMagnetized__14Z2CreatureLinkFb
8020DBBC:setMapAlpha__11dMeterMap_cFUc
80027BA4:setMapEventInfo__15dStage_roomDt_cFP21dStage_MapEventInfo_c
80028110:setMapEventInfo__16dStage_stageDt_cFP21dStage_MapEventInfo_c
8002767C:setMapInfoBase__15dStage_roomDt_cFP26stage_map_info_dummy_class
80027F08:setMapInfoBase__16dStage_stageDt_cFP26stage_map_info_dummy_class
8002766C:setMapInfo__15dStage_roomDt_cFP20stage_map_info_class
80027EF8:setMapInfo__16dStage_stageDt_cFP20stage_map_info_class
8002A02C:setMapPaletteColorAlphaPer__6dMap_cFif
80029850:setMapPaletteColorAlphaPer__6dMap_cFiif
80027DE8:setMapPath__15dStage_roomDt_cFPv
800282E0:setMapPath__16dStage_stageDt_cFPv
801BE150:setMapTexture__12dMenu_Dmap_cFv
8016354C:setMapToolData__9dCamera_cFv
80196B10:setMasterCamCtrPos__16ShopCam_action_cFP4cXyz
8032D3A4:setMatColorAnm__14J3DMaterialAnmFiP14J3DMatColorAnm
80318274:setMatColorOffset__13J3DColorBlockFUl
80323E08:setMatColorOffset__20J3DColorBlockLightOnFUl
80324048:setMatColorOffset__21J3DColorBlockLightOffFUl
8000E090:setMatColor__13J3DColorBlockFUl10J3DGXColor
80318248:setMatColor__13J3DColorBlockFUlPC10J3DGXColor
80323C8C:setMatColor__20J3DColorBlockLightOnFUl10J3DGXColor
80323CB8:setMatColor__20J3DColorBlockLightOnFUlPC10J3DGXColor
80323F58:setMatColor__21J3DColorBlockLightOffFUl10J3DGXColor
80323F84:setMatColor__21J3DColorBlockLightOffFUlPC10J3DGXColor
800146EC:setMat__26mDoExt_3DlineMatSortPacketFP18mDoExt_3DlineMat_c
80012674:setMaterial__19mDoExt_3DlineMat0_cFv
800134AC:setMaterial__19mDoExt_3DlineMat1_cFv
800A2E30:setMatrixOffset__9daAlink_cFPff
8009DE78:setMatrixWorldAxisRot__9daAlink_cFPA4_fsssiPC4cXyz
800A8EF0:setMatrix__9daAlink_cFv
802624C4:setMatrix__9dkWmark_cFv
8014E840:setMaxJntLmt__18daBaseNpc_lookat_cF5csXyzi
8014F08C:setMcaMorfAnm__11daBaseNpc_cFP18J3DAnmTransformKeyffiii
80152E28:setMcaMorfAnm__8daNpcF_cFP18J3DAnmTransformKeyffiii
80148410:setMcaMorfAnm__8daNpcT_cFP18J3DAnmTransformKeyffiii
802C1B48:setMdlType__17Z2CreatureCitizenFScbb
80027BDC:setMemoryConfig__15dStage_roomDt_cFP21dStage_MemoryConfig_c
80028200:setMemoryConfig__16dStage_stageDt_cFP21dStage_MemoryConfig_c
80027C40:setMemoryMap__15dStage_roomDt_cFP18dStage_MemoryMap_c
80028210:setMemoryMap__16dStage_stageDt_cFP18dStage_MemoryMap_c
802A85E8:setMessageCode__Q28JMessage8TControlFUsUs
802A8820:setMessageCode_inSequence___Q28JMessage8TControlFPCQ28JMessage10TProcessorUsUs
802E5A3C:setMessageCount__12JUTAssertionFi
802A86F4:setMessageID__Q28JMessage8TControlFUlUlPb
80234424:setMessageIndexDemo__12dMsgObject_cFUlb
802342B8:setMessageIndex__12dMsgObject_cFUlUlb
80124944:setMetamorphoseEffectStartLink__9daAlink_cFv
801249B4:setMetamorphoseEffect__9daAlink_cFv
800BF9A8:setMetamorphoseModel__9daAlink_cFi
8021CC34:setMeterString__13dMeter2Info_cFl
802BDC14:setMicState__9Z2SpotMicFP13Z2AudioCamerai
8015FB74:setMidnaFaceNum__9daPy_py_cFi
8015FB60:setMidnaMotionNum__9daPy_py_cFi
800D0490:setMidnaMsgNum__9daAlink_cFP10fopAc_ac_cUs
80141714:setMidnaMsgNum__9daPy_py_cFP10fopAc_ac_cUs
800B4B44:setMidnaMsg__9daAlink_cFv
800D0358:setMidnaTalkStatus__9daAlink_cFUc
8014E864:setMinJntLmt__18daBaseNpc_lookat_cF5csXyzi
80301D80:setMinSize__11J2DWindowExFv
8021E52C:setMiniGameCount__13dMeter2Info_cFSc
8021E0DC:setMiniGameItem__13dMeter2Info_cFUc
8029B998:setMixConfig__10JASChannelFUlUs
80032B20:setMixItemIndex__21dSv_player_status_a_cFiUc
801ECA18:setMixItem__12dMenu_Ring_cFv
801EF048:setMixMessage__12dMenu_Ring_cFv
8029ED34:setMixerInitVolume__Q26JASDsp8TChannelFUcs
8029ED54:setMixerVolume__Q26JASDsp8TChannelFUcs
8004AD30:setModel__18dPa_modelEcallBackFP14JPABaseEmitterP12J3DModelDataRC12dKy_tevstr_cUcPvUcUc
8024FE18:setMoji__7dName_cFi
8011BE20:setMonkeyMoveAnime__9daAlink_cFv
8000FB30:setMorf__13mDoExt_morf_cFf
80155DF4:setMotionAnm__8daNpcF_cFif
8014A834:setMotionAnm__8daNpcT_cFifi
80155DF8:setMotion__8daNpcF_cFifi
800FEA74:setMoveBGClimbCorrect__9daAlink_cFv
800FD6B4:setMoveBGLadderCorrect__9daAlink_cFv
800A24F4:setMoveSlantAngle__9daAlink_cFv
801D71A0:setMoyaAlpha__17dMenu_Fmap2DTop_cFUc
80238B6C:setMsgOutputType__12dMsgObject_cFUc
80152A08:setMtx2__8daNpcF_cFv
80326B1C:setMtxBuffer__10J3DMtxCalcFP12J3DMtxBuffer
8014F59C:setMtx__11daBaseNpc_cFi
80152978:setMtx__8daNpcF_cFv
8014939C:setMtx__8daNpcT_cFv
802AEDF4:setMultiTriggerSE__7Z2SeMgrFUlP3VecSc
80027CA4:setMulti__15dStage_roomDt_cFP14dStage_Multi_c
80028220:setMulti__16dStage_stageDt_cFP14dStage_Multi_c
80318220:setNBTScale__14J3DTexGenBlockF11J3DNBTScale
80318224:setNBTScale__14J3DTexGenBlockFPC11J3DNBTScale
80323BB4:setNBTScale__15J3DTexGenBlock4F11J3DNBTScale
80323BD8:setNBTScale__15J3DTexGenBlock4FPC11J3DNBTScale
80323A78:setNBTScale__19J3DTexGenBlockBasicF11J3DNBTScale
80323A9C:setNBTScale__19J3DTexGenBlockBasicFPC11J3DNBTScale
801EC674:setNameString__12dMenu_Ring_cFUl
801F9684:setNameString__13dMenu_Skill_cFUs
80250078:setNameText__7dName_cFv
800A219C:setNeckAngle__9daAlink_cFv
801510C0:setNextIdxDst__13daNpcF_Path_cF4cXyz
80150DEC:setNextIdx__13daNpcF_Path_cFv
80145FDC:setNextIdx__13daNpcT_Path_cFi
80145F38:setNextPathInfo__13daNpcT_Path_cFScUc
8014DCD0:setNextPnt__16daBaseNpc_path_cFv
8015A1A4:setNextPoint__11PathTrace_cFR4cXyz
8015A2DC:setNextPoint__11PathTrace_cFv
800244CC:setNextStayNo__20dStage_roomControl_cFi
80117270:setNoDrawSwordShield__9daAlink_cFiUs
8032728C:setNoUseDrawMtx__12J3DMtxBufferFv
8024AE70:setNodeIndex__10dMsgFlow_cFUsPP10fopAc_ac_c
8024B0F4:setNormalMsg__10dMsgFlow_cFP14mesg_flow_nodeP10fopAc_ac_c
800B3B30:setNormalSpeedF__9daAlink_cFff
801AEE9C:setNowGauge__15dKantera_icon_cFUsUs
80035DF8:setNowLine__9dJntCol_cFP8cM3dGLinPC4cXyzPC5csXyzP4cXyz
80238108:setNowTalkFlowNo__12dMsgObject_cFs
8002B450:setNowVibration__14dComIfG_play_cFUc
801DCAC0:setNumber__19dMenu_ItemExplain_cFv
80046930:setObjectArchive__16dEvent_manager_cFPc
8003C614:setObjectRes__14dRes_control_cFPCcPvUlP7JKRHeap
800FC8C0:setOctaIealHangPos__9daAlink_cFv
800D0D2C:setOctaIealWildHang__9daAlink_cFv
80141AC0:setOctaIealWildHang__9daPy_py_cFv
80027D08:setOldMulti__15dStage_roomDt_cFv
80027084:setOldMulti__16dStage_stageDt_cFv
8004F7E8:setOldPosP__22dPa_hermiteEcallBack_cFPC4cXyzPC4cXyz
800ADD84:setOldRootQuaternion__9daAlink_cFsss
801401E4:setOriginalHeap__9daAlink_cFPP10JKRExpHeapUl
802EA60C:setOrtho__13J2DOrthoGraphFRCQ29JGeometry8TBox2<f>ff
80293608:setOscAdsr__8JASTrackFssssUs
8029ECAC:setOscInfo__Q26JASDsp8TChannelFUl
8029B964:setOscInit__10JASChannelFUlPCQ213JASOscillator4Data
802935D8:setOscScale__8JASTrackFUlf
802935E8:setOscTable__8JASTrackFUlPCQ213JASOscillator5Point
8029901C:setOsc__12JASBasicInstFiPCQ213JASOscillator4Data
800BB76C:setOutPower__9daAlink_cFfsi
801418F4:setOutPower__9daPy_py_cFfsi
802BCCE4:setOuterParams__9Z2AudibleFRC14JASSoundParamsRC14JASSoundParamsi
8022FF98:setOutfontLength__26jmessage_string_tReferenceFif
802CE688:setOutputMode__10Z2AudioMgrFUl
8029EF78:setOutputMode__9JASDriverFUl
8029D324:setOutputRate__9JASDriverF13JASOutputRate
80071554:setOwnerAttentionPos__12dAttention_cFv
80276FA8:setPTev__11JPAResourceFv
801F9408:setPageText__13dMenu_Skill_cFv
801E1148:setPageText__14dMenu_Letter_cFv
80027684:setPaletteInfo__15dStage_roomDt_cFP24stage_palette_info_class
80027F10:setPaletteInfo__16dStage_stageDt_cFP24stage_palette_info_class
80027844:setPaletteNumInfo__15dStage_roomDt_cFi
80027F70:setPaletteNumInfo__16dStage_stageDt_cFi
802F38AC:setPalette__11J2DTevBlockFUlPC7ResTLUT
802ED058:setPalette__12J2DTevBlock1FUlPC7ResTLUT
802EE224:setPalette__12J2DTevBlock2FUlPC7ResTLUT
802EF6CC:setPalette__12J2DTevBlock4FUlPC7ResTLUT
802F0B68:setPalette__12J2DTevBlock8FUlPC7ResTLUT
802F1FE8:setPalette__13J2DTevBlock16FUlPC7ResTLUT
802C6B70:setPanDir__10Z2EnvSeDirFP3Vec
802C6D7C:setPanParam__14Z2EnvSeAutoPanFffbbff
80226140:setPane__10COutFont_cFP10J2DPicture
8015EC18:setParamData__9daPy_py_cFiiii
8014F1FC:setParam__11daBaseNpc_cFv
80041934:setParam__14dEvt_control_cFP12dEvt_order_c
801512C4:setParam__15daNpcF_Lookat_cFffffffffffffsP4cXyz
80146EE4:setParam__15daNpcT_JntAnm_cFP10fopAc_ac_cP8J3DModelP4cXyziiiffffffffffP4cXyz
80195408:setParam__16dSelect_cursor_cFfffff
80147FD8:setParam__19daNpcT_DmgStagger_cFP10fopAc_ac_cP10fopAc_ac_cs
802934E0:setParam__8JASTrackFUlfUl
80155DD4:setParam__8daNpcF_cFv
8014CE30:setParam__8daNpcT_cFv
802AA744:setParam__Q26Z2Calc8FNoise1fFfff
80260800:setParentPos__21dDlst_TimerScrnDraw_cFff
80027B74:setPath2Info__15dStage_roomDt_cFP14dStage_dPath_c
800280E0:setPath2Info__16dStage_stageDt_cFP14dStage_dPath_c
80150B68:setPathInfo__13daNpcF_Path_cFUcScUc
80145E80:setPathInfo__13daNpcT_Path_cFUcScUc
80027AFC:setPathInfo__15dStage_roomDt_cFP14dStage_dPath_c
800280C0:setPathInfo__16dStage_stageDt_cFP14dStage_dPath_c
8014DBC8:setPathInfo__16daBaseNpc_path_cFUcScSc
80159C44:setPath__11PathTrace_cFiiiP4cXyzb
8029ED80:setPauseFlag__Q26JASDsp8TChannelFUc
802940A0:setPauseFlag__Q28JASTrack11TChannelMgrFb
802992B4:setPerc__10JASDrumSetFiPQ210JASDrumSet5TPerc
80214030:setPikariBpkAnimation__13dMeter2Draw_cFP11J2DAnmColor
8029ED1C:setPitch__Q26JASDsp8TChannelFUs
80192EC8:setPlayTime__12dFile_info_cFP10dSv_save_c
8015FB20:setPlayerDamage__9daPy_py_cFii
80228D90:setPlayerName__FPcUc
800275F4:setPlayerNum__15dStage_roomDt_cFUs
80027EE0:setPlayerNum__16dStage_stageDt_cFUs
800B2700:setPlayerPosAndAngle__9daAlink_cFPA4_f
800B2608:setPlayerPosAndAngle__9daAlink_cFPC4cXyzPC5csXyz
800B2428:setPlayerPosAndAngle__9daAlink_cFPC4cXyzsi
8014193C:setPlayerPosAndAngle__9daPy_py_cFPA4_f
80141940:setPlayerPosAndAngle__9daPy_py_cFPC4cXyzPC5csXyz
80141944:setPlayerPosAndAngle__9daPy_py_cFPC4cXyzsi
80037DC0:setPlayerRideNow__10e_wb_classFv
80037DE0:setPlayerRide__10e_wb_classFv
8015F72C:setPlayerSe__9daPy_py_cFUl
800275EC:setPlayer__15dStage_roomDt_cFP17stage_actor_class
80027ED8:setPlayer__16dStage_stageDt_cFP17stage_actor_class
800277DC:setPlightInfo__15dStage_roomDt_cFP23stage_plight_info_class
80027F60:setPlightInfo__16dStage_stageDt_cFP23stage_plight_info_class
8002799C:setPlightNumInfo__15dStage_roomDt_cFi
80028090:setPlightNumInfo__16dStage_stageDt_cFi
801C1500:setPlusNowStayFloorNo__20dMenu_StageMapCtrl_cFScUc
801C27E0:setPlusZoomCenterX__20dMenu_StageMapCtrl_cFf
801C27E8:setPlusZoomCenterZ__20dMenu_StageMapCtrl_cFf
80027B64:setPnt2Info__15dStage_roomDt_cFP13dStage_dPnt_c
800280D0:setPnt2Info__16dStage_stageDt_cFP13dStage_dPnt_c
80027A94:setPntInfo__15dStage_roomDt_cFP13dStage_dPnt_c
800280B0:setPntInfo__16dStage_stageDt_cFP13dStage_dPnt_c
801B3964:setPohMaxNum__17dMenu_Collect2D_cFUc
801CEDE0:setPointColor__15dMenu_FmapMap_cFf
8003F940:setPointer__8dMpath_cFPQ211dDrawPath_c10room_classPScPSc
8003FB70:setPointer__8dMpath_cFScPvi
8004D7D4:setPoly__13dPa_control_cFUlUsR13cBgS_PolyInfoPC4cXyzPC12dKy_tevstr_cPC5csXyzPC4cXyziP18dPa_levelEcallBackScPC4cXyz
8004D198:setPoly__13dPa_control_cFUsR13cBgS_PolyInfoPC4cXyzPC12dKy_tevstr_cPC5csXyzPC4cXyziP18dPa_levelEcallBackScPC4cXyz
800A7564:setPolygonSpeed__9daAlink_cFv
802ABCDC:setPortData__14Z2SoundStarterFP14JAISoundHandleUlUsSc
802EA5B4:setPort__13J2DOrthoGraphFv
802E99B4:setPort__14J2DGrafContextFv
80238B1C:setPortalMessageID__12dMsgObject_cFUs
802AC338:setPos__14Z2SoundHandlesFRCQ29JGeometry8TVec3<f>
80195DC8:setPos__14dSelect_icon_cFP7J2DPaneff
801AEDF8:setPos__15dKantera_icon_cFff
801C10A4:setPos__15dMenu_DmapMap_cFiifffbf
8023C49C:setPos__15dMsgScrnArrow_cFff
8019534C:setPos__16dSelect_cursor_cFffP7J2DPaneb
802705DC:setPos__8cM3dGTriFPC3VecPC3VecPC3Vec
8014AB14:setPos__8daNpcT_cF4cXyz
8009C4FC:setPosition__7dTres_cFiUcPC3Veci
802E48FC:setPostUserCallback__12JUTExceptionFPFUsP9OSContextUlUl_v
802E48EC:setPreUserCallback__12JUTExceptionFPFUsP9OSContextUlUl_v
8029E334:setPriority__13JASDSPChannelFUc
802F9548:setPriority__9J2DScreenFP20JSURandomInputStreamUlP10JKRArchive
802F9448:setPriority__9J2DScreenFPCcUlP10JKRArchive
802525EC:setPrm__16dNpcLib_lookat_cFv
80238808:setProcessID__12dMsgObject_cFUi
801CB994:setProcess__12dMenu_Fmap_cFUc
80259288:setProgressiveMode__10dScnLogo_cFUc
800276EC:setPselectInfo__15dStage_roomDt_cFP24stage_pselect_info_class
80027F20:setPselectInfo__16dStage_stageDt_cFP24stage_pselect_info_class
800278AC:setPselectNumInfo__15dStage_roomDt_cFi
80027F80:setPselectNumInfo__16dStage_stageDt_cFi
8004375C:setPt1__14dEvt_control_cFPv
8004378C:setPt2__14dEvt_control_cFPv
80043824:setPtD__14dEvt_control_cFPv
8004381C:setPtI_Id__14dEvt_control_cFUi
800437EC:setPtI__14dEvt_control_cFPv
800437BC:setPtT__14dEvt_control_cFPv
800E8148:setPushPullKeepData__9daAlink_cFQ29dBgW_Base13PushPullLabeli
800B3444:setRStatusEmphasys__9daAlink_cFUc
800B342C:setRStatus__9daAlink_cFUc
80055DA4:setReal__21dDlst_shadowControl_cFUlScP8J3DModelP4cXyzffP12dKy_tevstr_c
801D0AC8:setRegionTexData__18dMenu_Fmap2DBack_cFUcP7ResTIMGfffffffff
802992E4:setRelease__Q210JASDrumSet5TPercFUl
802592FC:setRenderMode__10dScnLogo_cFv
802E5F98:setRenderMode__8JUTVideoFPC16_GXRenderModeObj
801CF714:setRendering__15dMenu_FmapMap_cFP23dMenu_Fmap_world_data_ciffff
802E287C:setRepeat__Q210JUTGamePad7CButtonFUlUlUl
8003BBF4:setRes__11dRes_info_cFP10JKRArchiveP7JKRHeap
8003BC28:setRes__11dRes_info_cFv
8003C1A8:setRes__14dRes_control_cFPCcP11dRes_info_ciPCcUcP7JKRHeap
802DF81C:setResource__10JUTNameTabFPC7ResNTAB
8030A214:setResource__19J2DAnmKeyLoader_v15FP10J2DAnmBasePCv
80339C8C:setResource__19J3DAnmKeyLoader_v15FP10J3DAnmBasePCv
8030A98C:setResource__20J2DAnmFullLoader_v15FP10J2DAnmBasePCv
803394A0:setResource__20J3DAnmFullLoader_v15FP10J3DAnmBasePCv
80338F34:setResource__20J3DAnmLoaderDataBaseFP10J3DAnmBasePCv
802C56D8:setResumeAttack__14Z2CreatureLinkFb
800F4770:setRideCanoeBasePos__9daAlink_cFP10fopAc_ac_c
800EF13C:setRideSubjectAngle__9daAlink_cFs
802C486C:setRiding__14Z2CreatureLinkFb
80033D64:setRodTypeLevelUp__17dSv_player_item_cFv
800A89E4:setRollJump__9daAlink_cFffs
80141958:setRollJump__9daPy_py_cFffs
80100820:setRoofHangHandOnSE__9daAlink_cFP13cBgS_PolyInfo
80101848:setRoofHangSwitch__9daAlink_cFv
800A6838:setRoomInfo__9daAlink_cFv
801637B8:setRoomMapToolData__9dCamera_cFP15dCamMapToolDatall
80158FF0:setRoomNo__10daNpcCd2_cFv
8014F308:setRoomNo__11daBaseNpc_cFv
80031E54:setRoomNo__12daObjCarry_cFiSc
80152FEC:setRoomNo__8daNpcF_cFv
80148ED8:setRoomNo__8daNpcT_cFv
80156F84:setRoomNo__9daNpcCd_cFv
800350B0:setRoom__13dSv_restart_cFRC4cXyzsSc
80027604:setRoom__15dStage_roomDt_cFP14roomRead_class
80027EF0:setRoom__16dStage_stageDt_cFP14roomRead_class
80152160:setRotAngle__15daNpcF_Lookat_cFv
80196D48:setRotateAnime__15dShopItemCtrl_cFi
801EBC24:setRotate__12dMenu_Ring_cFv
8023CA90:setRubyString__14dMsgScrnBase_cFPc
8023A3AC:setRubyString__17dMsgScrn3Select_cFPcPcPc
80037EEC:setRunRideMode__10e_wb_classFv
80124AB4:setRunSplash__9daAlink_cFv
800B1938:setSandDownBgCheckWallH__9daAlink_cFv
800B1DB8:setSandShapeOffset__9daAlink_cFv
80187FC4:setSaveDataForCopySel__14dFile_select_cFv
80192B60:setSaveData__12dFile_info_cFP10dSv_save_ciUc
801F6AB4:setSaveData__12dMenu_save_cFv
8018D250:setSaveData__14dFile_select_cFv
80192E14:setSaveDate__12dFile_info_cFP10dSv_save_c
80031DAC:setSaveFlag__12daObjCarry_cFv
8021E554:setSaveStageName__13dMeter2Info_cFPCc
801EC4D0:setScale__12dMenu_Ring_cFv
8020BEE4:setScale__14dMeterHaihai_cFf
801AEE4C:setScale__15dKantera_icon_cFff
80195420:setScale__16dSelect_cursor_cFf
801DCE80:setScale__19dMenu_ItemExplain_cFv
802B76E0:setSceneExist__10Z2SceneMgrFb
802BBCB8:setSceneFx__11Z2FxLineMgrFl
802B78F8:setSceneName__10Z2SceneMgrFPcll
802E9C20:setScissor__14J2DGrafContextFv
80051C0C:setScissor__14dDlst_window_cFffff
80027A8C:setSclsInfo__15dStage_roomDt_cFP27stage_scls_info_dummy_class
800280A8:setSclsInfo__16dStage_stageDt_cFP27stage_scls_info_dummy_class
800DBEA4:setScreamWaitAnime__9daAlink_cFv
8025F040:setScreenBase__21dDlst_TimerScrnDraw_cFv
8025F46C:setScreenBoatRace__21dDlst_TimerScrnDraw_cFv
8025F6B8:setScreenRider__21dDlst_TimerScrnDraw_cFv
8025EDBC:setScreen__21dDlst_TimerScrnDraw_cFlP10JKRArchive
80238CCC:setSelectCancelPos__12dMsgObject_cFUc
801E769C:setSelectColor__14dMenu_Option_cFUcb
802384E8:setSelectCursorPosLocal__12dMsgObject_cFUc
80238AEC:setSelectCursorPos__12dMsgObject_cFUc
800A4B1C:setSelectEquipItem__9daAlink_cFi
801EE1F0:setSelectItemForce__12dMenu_Ring_cFi
80032AF0:setSelectItemIndex__21dSv_player_status_a_cFiUc
801EDDD8:setSelectItem__12dMenu_Ring_cFiUc
8024B000:setSelectMsg__10dMsgFlow_cFP14mesg_flow_nodeP14mesg_flow_nodeP10fopAc_ac_c
802392C0:setSelectRubyString__14dMsgScrnBase_cFPcPcPc
80240688:setSelectRubyString__14dMsgScrnItem_cFPcPcPc
80248850:setSelectRubyString__14dMsgScrnTalk_cFPcPcPc
802392C4:setSelectString__14dMsgScrnBase_cFPcPcPc
80240664:setSelectString__14dMsgScrnItem_cFPcPcPc
80248824:setSelectString__14dMsgScrnTalk_cFPcPcPc
80237F4C:setSelectWordFlagLocal__12dMsgObject_cFUc
80238BC4:setSelectWordFlag__12dMsgObject_cFUc
8019AD74:setSellItemMax__13dShopSystem_cFUc
802A6C60:setSeqDataArchive__14JAUSectionHeapFP10JKRArchive
802A78A0:setSeqDataArchive__23JAUDynamicSeqDataBlocksFP10JKRArchive
802A11E0:setSeqDataMgr__8JAISeMgrFP13JAISeqDataMgr
802A6EA0:setSeqDataUser__14JAUSectionHeapFP14JAISeqDataUser
802A75D0:setSeqDataUser__27JAUSeqDataMgr_SeqCollectionFP14JAISeqDataUser
80292808:setSeqData__8JASTrackFPvUl
8019A59C:setSeq__13dShopSystem_cFUc
80054D00:setShadowRealMtx__18dDlst_shadowReal_cFP4cXyzP4cXyzfffP12dKy_tevstr_c
80144F7C:setShadow__12daItemBase_cFv
800A69EC:setShapeAngleOnGround__9daAlink_cFv
800B3940:setShapeAngleToAtnActor__9daAlink_cFi
80118778:setShapeAngleToTalkActor__9daAlink_cFv
8014019C:setShieldArcName__9daAlink_cFv
80140270:setShieldChange__9daAlink_cFv
800DD224:setShieldGuard__9daAlink_cFv
80140404:setShieldModel__9daAlink_cFv
80237F38:setShopWaitTimer__12dMsgObject_cFUc
802608C4:setShowType__21dDlst_TimerScrnDraw_cFUc
8015F590:setSightImage__18daPy_sightPacket_cFP7ResTIMG
8015F508:setSight__18daPy_sightPacket_cFv
8004D8F4:setSimpleFoot__13dPa_control_cFUlPUlR13cBgS_PolyInfoPC4cXyzPC12dKy_tevstr_ciPC5csXyzPC4cXyzP18dPa_levelEcallBackScPC4cXyz
80056118:setSimpleTex__21dDlst_shadowControl_cFPC7ResTIMG
8004D2E8:setSimple__13dPa_control_cFUsPC4cXyzPC12dKy_tevstr_cUcRC8_GXColorRC8_GXColorif
800560B4:setSimple__21dDlst_shadowControl_cFP4cXyzffP4cXyzsfP9_GXTexObj
800AD1BC:setSingleAnimeBaseMorf__9daAlink_cFQ29daAlink_c11daAlink_ANMf
800AD1EC:setSingleAnimeBaseSpeed__9daAlink_cFQ29daAlink_c11daAlink_ANMff
800AD18C:setSingleAnimeBase__9daAlink_cFQ29daAlink_c11daAlink_ANM
800AD300:setSingleAnimeParam__9daAlink_cFQ29daAlink_c11daAlink_ANMPC16daAlinkHIO_anm_c
801298B4:setSingleAnimeWolfBaseMorf__9daAlink_cFQ29daAlink_c12daAlink_WANMf
801298E4:setSingleAnimeWolfBaseSpeed__9daAlink_cFQ29daAlink_c12daAlink_WANMff
80129884:setSingleAnimeWolfBase__9daAlink_cFQ29daAlink_c12daAlink_WANM
80129A54:setSingleAnimeWolfParam__9daAlink_cFQ29daAlink_c12daAlink_WANMPC16daAlinkHIO_anm_c
80129910:setSingleAnimeWolf__9daAlink_cFQ29daAlink_c12daAlink_WANMffsf
800AD218:setSingleAnime__9daAlink_cFQ29daAlink_c11daAlink_ANMffsf
803133E4:setSingleDisplayList__17J3DDisplayListObjFPvUl
8003FF9C:setSingleRoomSetting__16renderingDAmap_cFv
802C4864:setSinkDepth__14Z2CreatureLinkFSc
803288A0:setSkinDeform__8J3DModelFP13J3DSkinDeformUl
80042A44:setSkipProc__14dEvt_control_cFPvPFPvi_ii
80042A88:setSkipZev__14dEvt_control_cFPvPc
800DE9E0:setSlingModel__9daAlink_cFv
800DD3E0:setSmallGuard__9daAlink_cFP12dCcD_GObjInf
8013FB18:setSmellSave__9daAlink_cFv
80238484:setSmellTypeLocal__12dMsgObject_cFUc
80238A90:setSmellType__12dMsgObject_cFUc
801B377C:setSmellType__17dMenu_Collect2D_cFv
802C8DB4:setSnowPower__10Z2EnvSeMgrFSc
8019A5AC:setSoldOutFlag__13dShopSystem_cFv
8019A74C:setSoldOutItemHide__13dShopSystem_cFv
8019A5BC:setSoldOut__13dShopSystem_cFv
8015E6D4:setSoldOut__14daObj_SSBase_cFv
80027B94:setSoundInfCL__15dStage_roomDt_cFP18dStage_SoundInfo_c
80028100:setSoundInfCL__16dStage_stageDt_cFP18dStage_SoundInfo_c
80027B84:setSoundInf__15dStage_roomDt_cFP18dStage_SoundInfo_c
800280F0:setSoundInf__16dStage_stageDt_cFP18dStage_SoundInfo_c
801E7280:setSoundMode__14dMenu_Option_cFUl
802C1418:setSoundStarter__10Z2CreatureFP14Z2SoundStarter
801E7490:setSoundString__14dMenu_Option_cFv
80034740:setSound__19dSv_player_config_cFUc
80141588:setSpecialDemoType__11daPy_demo_cFv
800BB97C:setSpecialGravity__9daAlink_cFffi
800B4658:setSpeedAndAngleAtn__9daAlink_cFv
800B41E0:setSpeedAndAngleNormal__9daAlink_cFv
8013820C:setSpeedAndAngleSwimWolf__9daAlink_cFv
801025F0:setSpeedAndAngleSwim__9daAlink_cFv
80128684:setSpeedAndAngleWolfAtn__9daAlink_cFv
8012815C:setSpeedAndAngleWolf__9daAlink_cFv
8010E070:setSpinnerStatus__9daAlink_cFUcUc
8010DDD4:setSpinnerSyncPos__9daAlink_cFv
801D2038:setSpotCursor__18dMenu_Fmap2DBack_cFUc
801D1358:setSpotPane__18dMenu_Fmap2DBack_cFP7ResTIMG
80027A24:setStagInfo__15dStage_roomDt_cFP21stage_stag_info_class
800280A0:setStagInfo__16dStage_stageDt_cFP21stage_stag_info_class
80163388:setStageMapToolData__9dCamera_cFv
8003C6EC:setStageRes__14dRes_control_cFPCcP7JKRHeap
803032B4:setStage__11J2DWindowExFP11J2DTevStageQ211J2DWindowEx10stage_enum
80306488:setStage__12J2DPictureExFP11J2DTevStageQ212J2DPictureEx10stage_enum
80308D94:setStage__12J2DTextBoxExFP11J2DTevStageQ212J2DTextBoxEx10stage_enum
80046520:setStartDemo__18dEvent_exception_cFi
800A5728:setStartProcInit__9daAlink_cFv
8002B460:setStartStage__14dComIfG_play_cFP19dStage_startStage_c
80236E98:setStatusLocal__12dMsgObject_cFUs
8023887C:setStatus__12dMsgObject_cFUs
802E65D0:setStatus__8JUTFaderFQ28JUTFader7EStatusi
80024490:setStayNo__20dStage_roomControl_cFi
800B5E70:setStepLandVibration__9daAlink_cFv
801AFAF0:setStepString__19dMenu_Calibration_cFUs
800A6D18:setStepsOffset__9daAlink_cFv
801193D0:setStickAnmData__9daAlink_cFP10J3DAnmBaseiiUsi
800B2928:setStickData__9daAlink_cFv
8004D8A0:setStopContinue__13dPa_control_cFUl
80301460:setString__10J2DTextBoxFPCce
8030154C:setString__10J2DTextBoxFsPCce
802CCB88:setString__12Z2SpeechMgr2FPCUssUcUs
80209884:setString__14dMeterButton_cFPcUcUcUc
8023CA04:setString__14dMsgScrnBase_cFPcPc
8023A31C:setString__17dMsgScrn3Select_cFPcPcPc
800CED00:setSubjectMode__9daAlink_cFv
801223FC:setSumouEffect__9daAlink_cFv
800D0B90:setSumouGraspCancelCount__9daAlink_cFi
80141A74:setSumouGraspCancelCount__9daPy_py_cFi
800D0B3C:setSumouLoseHeadUp__9daAlink_cFv
80141A7C:setSumouLoseHeadUp__9daPy_py_cFv
800EAB38:setSumouPunchStatus__9daAlink_cFv
800D0B28:setSumouPushBackDirection__9daAlink_cFs
80141A78:setSumouPushBackDirection__9daPy_py_cFs
800D0AE8:setSumouReady__9daAlink_cFP10fopAc_ac_c
80141A54:setSumouReady__9daPy_py_cFP10fopAc_ac_c
8019F9E0:setSunpos__18dScnKy_env_light_cFv
801038A4:setSwimMoveAnime__9daAlink_cFv
80104240:setSwimUpDownOffset__9daAlink_cFv
800AA4EC:setSwordAtCollision__9daAlink_cFi
800D1894:setSwordAtParam__9daAlink_cF11dCcG_At_SplUcUciff
80122B00:setSwordChargeEffect__9daAlink_cFv
800D24C8:setSwordChargeVoiceSe__9daAlink_cFv
800D2510:setSwordComboVoice__9daAlink_cFv
801247F8:setSwordCutSplash__9daAlink_cFv
800D19F8:setSwordHitVibration__9daAlink_cFP12dCcD_GObjInf
800D1474:setSwordModel__9daAlink_cFv
800A94FC:setSwordPos__9daAlink_cFv
8011EA48:setSwordPushAnime__9daAlink_cFv
801246F0:setSwordUpColorEffect__9daAlink_cFv
800D2490:setSwordVoiceSe__9daAlink_cFUl
800ED998:setSyncBoarPos__9daAlink_cFv
800EDB18:setSyncBoarRunPos__9daAlink_cFv
800EE858:setSyncBoar__9daAlink_cFi
800F47A8:setSyncCanoePos__9daAlink_cFv
800ED6E8:setSyncHorsePos__9daAlink_cFv
800EE0F8:setSyncHorse__9daAlink_cFi
800EDC30:setSyncRidePos__9daAlink_cFv
800EEB24:setSyncRide__9daAlink_cFi
8023936C:setTag__10dMsgUnit_cFiiPcb
80238590:setTalkActorLocal__12dMsgObject_cFP10fopAc_ac_c
802388EC:setTalkActor__12dMsgObject_cFP10fopAc_ac_c
80118860:setTalkAnime__9daAlink_cFv
80238190:setTalkHeapLocal__12dMsgObject_cFPv
80238160:setTalkHeap__12dMsgObject_cFPv
802380F4:setTalkPartner__12dMsgObject_cFP10fopAc_ac_c
80118514:setTalkStartBack__9daAlink_cFP4cXyz
800B4C14:setTalkStatus__9daAlink_cFv
802BE70C:setTargetVolume__10Z2AudienceFfi
8029398C:setTempoRate__8JASTrackFf
80293958:setTempo__8JASTrackFUs
8032D464:setTevColorAnm__14J3DMaterialAnmFiP14J3DTevColorAnm
802EBFD8:setTevColor__11J2DTevBlockFUl13J2DGXColorS10
8000E078:setTevColor__11J3DTevBlockFUl13J3DGXColorS10
8011108C:setTevColor__11J3DTevBlockFUlPC13J3DGXColorS10
802F361C:setTevColor__12J2DTevBlock1FUl13J2DGXColorS10
802F3378:setTevColor__12J2DTevBlock2FUl13J2DGXColorS10
802F30D4:setTevColor__12J2DTevBlock4FUl13J2DGXColorS10
802F2E34:setTevColor__12J2DTevBlock8FUl13J2DGXColorS10
80323250:setTevColor__12J3DTevBlock2FUl13J3DGXColorS10
8032327C:setTevColor__12J3DTevBlock2FUlPC13J3DGXColorS10
80322E8C:setTevColor__12J3DTevBlock4FUl13J3DGXColorS10
80322EB8:setTevColor__12J3DTevBlock4FUlPC13J3DGXColorS10
802F2B94:setTevColor__13J2DTevBlock16FUl13J2DGXColorS10
80322AC0:setTevColor__13J3DTevBlock16FUl13J3DGXColorS10
80322AEC:setTevColor__13J3DTevBlock16FUlPC13J3DGXColorS10
803238F8:setTevColor__18J3DTevBlockPatchedFUl13J3DGXColorS10
80323924:setTevColor__18J3DTevBlockPatchedFUlPC13J3DGXColorS10
802F3854:setTevKAlphaSel__11J2DTevBlockFUlUc
80323754:setTevKAlphaSel__11J3DTevBlockFUlPCUc
8000E068:setTevKAlphaSel__11J3DTevBlockFUlUc
80306B18:setTevKAlphaSel__12J2DPictureExFUc
802F36B4:setTevKAlphaSel__12J2DTevBlock1FUlUc
802F3410:setTevKAlphaSel__12J2DTevBlock2FUlUc
802F316C:setTevKAlphaSel__12J2DTevBlock4FUlUc
802F2ECC:setTevKAlphaSel__12J2DTevBlock8FUlUc
8032335C:setTevKAlphaSel__12J3DTevBlock2FUlPCUc
80323350:setTevKAlphaSel__12J3DTevBlock2FUlUc
80322F98:setTevKAlphaSel__12J3DTevBlock4FUlPCUc
80322F8C:setTevKAlphaSel__12J3DTevBlock4FUlUc
802F2C2C:setTevKAlphaSel__13J2DTevBlock16FUlUc
80322BCC:setTevKAlphaSel__13J3DTevBlock16FUlPCUc
80322BC0:setTevKAlphaSel__13J3DTevBlock16FUlUc
8032D4A4:setTevKColorAnm__14J3DMaterialAnmFiP15J3DTevKColorAnm
802F3850:setTevKColorSel__11J2DTevBlockFUlUc
80323750:setTevKColorSel__11J3DTevBlockFUlPCUc
8000E06C:setTevKColorSel__11J3DTevBlockFUlUc
80306A70:setTevKColorSel__12J2DPictureExFUc
802F369C:setTevKColorSel__12J2DTevBlock1FUlUc
802F33F8:setTevKColorSel__12J2DTevBlock2FUlUc
802F3154:setTevKColorSel__12J2DTevBlock4FUlUc
802F2EB4:setTevKColorSel__12J2DTevBlock8FUlUc
80323334:setTevKColorSel__12J3DTevBlock2FUlPCUc
80323328:setTevKColorSel__12J3DTevBlock2FUlUc
80322F70:setTevKColorSel__12J3DTevBlock4FUlPCUc
80322F64:setTevKColorSel__12J3DTevBlock4FUlUc
802F2C14:setTevKColorSel__13J2DTevBlock16FUlUc
80322BA4:setTevKColorSel__13J3DTevBlock16FUlPCUc
80322B98:setTevKColorSel__13J3DTevBlock16FUlUc
803239DC:setTevKColorSel__18J3DTevBlockPatchedFUlPCUc
803239D0:setTevKColorSel__18J3DTevBlockPatchedFUlUc
802EBFD4:setTevKColor__11J2DTevBlockFUlQ28JUtility6TColor
8000E074:setTevKColor__11J3DTevBlockFUl10J3DGXColor
800733DC:setTevKColor__11J3DTevBlockFUlPC10J3DGXColor
80306728:setTevKColor__12J2DPictureExFUc
802F365C:setTevKColor__12J2DTevBlock1FUlQ28JUtility6TColor
802F33B8:setTevKColor__12J2DTevBlock2FUlQ28JUtility6TColor
802F3114:setTevKColor__12J2DTevBlock4FUlQ28JUtility6TColor
802F2E74:setTevKColor__12J2DTevBlock8FUlQ28JUtility6TColor
803232BC:setTevKColor__12J3DTevBlock2FUl10J3DGXColor
803232E8:setTevKColor__12J3DTevBlock2FUlPC10J3DGXColor
80322EF8:setTevKColor__12J3DTevBlock4FUl10J3DGXColor
80322F24:setTevKColor__12J3DTevBlock4FUlPC10J3DGXColor
802F2BD4:setTevKColor__13J2DTevBlock16FUlQ28JUtility6TColor
80322B2C:setTevKColor__13J3DTevBlock16FUl10J3DGXColor
80322B58:setTevKColor__13J3DTevBlock16FUlPC10J3DGXColor
80323964:setTevKColor__18J3DTevBlockPatchedFUl10J3DGXColor
80323990:setTevKColor__18J3DTevBlockPatchedFUlPC10J3DGXColor
802FF3D0:setTevMode__10J2DPictureFv
802FC990:setTevMode__9J2DWindowFP10JUTTextureQ28JUtility6TColorQ28JUtility6TColor
802F384C:setTevOrder__11J2DTevBlockFUl11J2DTevOrder
80303084:setTevOrder__11J2DWindowExFb
8000E070:setTevOrder__11J3DTevBlockFUl11J3DTevOrder
80324348:setTevOrder__11J3DTevBlockFUlPC11J3DTevOrder
803060AC:setTevOrder__12J2DPictureExFUcUcb
802F35E4:setTevOrder__12J2DTevBlock1FUl11J2DTevOrder
802F3340:setTevOrder__12J2DTevBlock2FUl11J2DTevOrder
802F309C:setTevOrder__12J2DTevBlock4FUl11J2DTevOrder
802F2DFC:setTevOrder__12J2DTevBlock8FUl11J2DTevOrder
80308C0C:setTevOrder__12J2DTextBoxExFb
803235D8:setTevOrder__12J3DTevBlock1FUl11J3DTevOrder
803235EC:setTevOrder__12J3DTevBlock1FUlPC11J3DTevOrder
80323214:setTevOrder__12J3DTevBlock2FUl11J3DTevOrder
80323228:setTevOrder__12J3DTevBlock2FUlPC11J3DTevOrder
80322E50:setTevOrder__12J3DTevBlock4FUl11J3DTevOrder
80322E64:setTevOrder__12J3DTevBlock4FUlPC11J3DTevOrder
802F2B5C:setTevOrder__13J2DTevBlock16FUl11J2DTevOrder
80322A84:setTevOrder__13J3DTevBlock16FUl11J3DTevOrder
80322A98:setTevOrder__13J3DTevBlock16FUlPC11J3DTevOrder
803237F4:setTevOrder__18J3DTevBlockPatchedFUl11J3DTevOrder
80323808:setTevOrder__18J3DTevBlockPatchedFUlPC11J3DTevOrder
8032376C:setTevRegOffset__11J3DTevBlockFUl
8032350C:setTevRegOffset__12J3DTevBlock2FUl
80323148:setTevRegOffset__12J3DTevBlock4FUl
80322D7C:setTevRegOffset__13J3DTevBlock16FUl
80323A08:setTevRegOffset__18J3DTevBlockPatchedFUl
8003D070:setTevSettingIntensityTextureToCI__18dRenderingFDAmap_cCFv
8003CFA8:setTevSettingNonTextureDirectColor__18dRenderingFDAmap_cCFv
802F27A8:setTevStageInfo__11J2DTevStageFRC15J2DTevStageInfo
8000E24C:setTevStageInfo__11J3DTevStageFRC15J3DTevStageInfo
802F3858:setTevStageNum__11J2DTevBlockFUc
8032434C:setTevStageNum__11J3DTevBlockFPCUc
8000E07C:setTevStageNum__11J3DTevBlockFUc
802F36CC:setTevStageNum__12J2DTevBlock1FUc
802F3428:setTevStageNum__12J2DTevBlock2FUc
802F3184:setTevStageNum__12J2DTevBlock4FUc
802F2EE4:setTevStageNum__12J2DTevBlock8FUc
80323618:setTevStageNum__12J3DTevBlock1FPCUc
80323614:setTevStageNum__12J3DTevBlock1FUc
80323380:setTevStageNum__12J3DTevBlock2FPCUc
80323378:setTevStageNum__12J3DTevBlock2FUc
80322FBC:setTevStageNum__12J3DTevBlock4FPCUc
80322FB4:setTevStageNum__12J3DTevBlock4FUc
802F2C44:setTevStageNum__13J2DTevBlock16FUc
80322BF0:setTevStageNum__13J3DTevBlock16FPCUc
80322BE8:setTevStageNum__13J3DTevBlock16FUc
803237AC:setTevStageNum__18J3DTevBlockPatchedFPCUc
803237A4:setTevStageNum__18J3DTevBlockPatchedFUc
802F385C:setTevStage__11J2DTevBlockFUl11J2DTevStage
80303188:setTevStage__11J2DWindowExFb
8000E05C:setTevStage__11J3DTevBlockFUl11J3DTevStage
80324350:setTevStage__11J3DTevBlockFUlPC11J3DTevStage
803061E0:setTevStage__12J2DPictureExFUcUcb
802F36D8:setTevStage__12J2DTevBlock1FUl11J2DTevStage
802F3438:setTevStage__12J2DTevBlock2FUl11J2DTevStage
802F3194:setTevStage__12J2DTevBlock4FUl11J2DTevStage
802F2EF4:setTevStage__12J2DTevBlock8FUl11J2DTevStage
80308CF0:setTevStage__12J2DTextBoxExFb
80323624:setTevStage__12J3DTevBlock1FUl11J3DTevStage
80323660:setTevStage__12J3DTevBlock1FUlPC11J3DTevStage
80323394:setTevStage__12J3DTevBlock2FUl11J3DTevStage
803233D0:setTevStage__12J3DTevBlock2FUlPC11J3DTevStage
80322FD0:setTevStage__12J3DTevBlock4FUl11J3DTevStage
8032300C:setTevStage__12J3DTevBlock4FUlPC11J3DTevStage
802F2C54:setTevStage__13J2DTevBlock16FUl11J2DTevStage
80322C04:setTevStage__13J3DTevBlock16FUl11J3DTevStage
80322C40:setTevStage__13J3DTevBlock16FUlPC11J3DTevStage
80323830:setTevStage__18J3DTevBlockPatchedFUl11J3DTevStage
8032386C:setTevStage__18J3DTevBlockPatchedFUlPC11J3DTevStage
80144F24:setTevStr__12daItemBase_cFv
8015D0A0:setTevStr__8daItem_cFv
802F3860:setTevSwapModeInfo__11J2DTevBlockFUl18J2DTevSwapModeInfo
80323758:setTevSwapModeInfo__11J3DTevBlockFUl18J3DTevSwapModeInfo
8032375C:setTevSwapModeInfo__11J3DTevBlockFUlPC18J3DTevSwapModeInfo
802F3728:setTevSwapModeInfo__12J2DTevBlock1FUl18J2DTevSwapModeInfo
802F3488:setTevSwapModeInfo__12J2DTevBlock2FUl18J2DTevSwapModeInfo
802F31E4:setTevSwapModeInfo__12J2DTevBlock4FUl18J2DTevSwapModeInfo
802F2F44:setTevSwapModeInfo__12J2DTevBlock8FUl18J2DTevSwapModeInfo
80323420:setTevSwapModeInfo__12J3DTevBlock2FUl18J3DTevSwapModeInfo
80323458:setTevSwapModeInfo__12J3DTevBlock2FUlPC18J3DTevSwapModeInfo
8032305C:setTevSwapModeInfo__12J3DTevBlock4FUl18J3DTevSwapModeInfo
80323094:setTevSwapModeInfo__12J3DTevBlock4FUlPC18J3DTevSwapModeInfo
802F2CA4:setTevSwapModeInfo__13J2DTevBlock16FUl18J2DTevSwapModeInfo
80322C90:setTevSwapModeInfo__13J3DTevBlock16FUl18J3DTevSwapModeInfo
80322CC8:setTevSwapModeInfo__13J3DTevBlock16FUlPC18J3DTevSwapModeInfo
802F3864:setTevSwapModeTable__11J2DTevBlockFUl19J2DTevSwapModeTable
8000E064:setTevSwapModeTable__11J3DTevBlockFUl19J3DTevSwapModeTable
80323760:setTevSwapModeTable__11J3DTevBlockFUlPC19J3DTevSwapModeTable
802F3760:setTevSwapModeTable__12J2DTevBlock1FUl19J2DTevSwapModeTable
802F34C0:setTevSwapModeTable__12J2DTevBlock2FUl19J2DTevSwapModeTable
802F321C:setTevSwapModeTable__12J2DTevBlock4FUl19J2DTevSwapModeTable
802F2F7C:setTevSwapModeTable__12J2DTevBlock8FUl19J2DTevSwapModeTable
80323490:setTevSwapModeTable__12J3DTevBlock2FUl19J3DTevSwapModeTable
803234A0:setTevSwapModeTable__12J3DTevBlock2FUlPC19J3DTevSwapModeTable
803230CC:setTevSwapModeTable__12J3DTevBlock4FUl19J3DTevSwapModeTable
803230DC:setTevSwapModeTable__12J3DTevBlock4FUlPC19J3DTevSwapModeTable
802F2CDC:setTevSwapModeTable__13J2DTevBlock16FUl19J2DTevSwapModeTable
80322D00:setTevSwapModeTable__13J3DTevBlock16FUl19J3DTevSwapModeTable
80322D10:setTevSwapModeTable__13J3DTevBlock16FUlPC19J3DTevSwapModeTable
80310D0C:setTexCacheRegion__6J3DSysF15_GXTexCacheSize
802FFB44:setTexCoord__10J2DPictureFPC10JUTTexture10J2DBinding9J2DMirrorb
802FFB84:setTexCoord__10J2DPictureFPQ29JGeometry8TVec2<s>PC10JUTTexture10J2DBinding9J2DMirrorb
8000E080:setTexCoord__14J3DTexGenBlockFUlPC11J3DTexCoord
80323B50:setTexCoord__21J3DTexGenBlockPatchedFUlPC11J3DTexCoord
8031821C:setTexGenNum__14J3DTexGenBlockFPCUl
8000E084:setTexGenNum__14J3DTexGenBlockFUl
80323B3C:setTexGenNum__21J3DTexGenBlockPatchedFPCUl
80323B34:setTexGenNum__21J3DTexGenBlockPatchedFUl
8032D3E4:setTexMtxAnm__14J3DMaterialAnmFiP12J3DTexMtxAnm
80318230:setTexMtxOffset__14J3DTexGenBlockFUl
80323BA0:setTexMtxOffset__21J3DTexGenBlockPatchedFUl
802EC4A4:setTexMtx__14J2DTexGenBlockFUlR9J2DTexMtx
8003AC5C:setTexMtx__14J3DTexGenBlockFUlP9J3DTexMtx
80323B78:setTexMtx__21J3DTexGenBlockPatchedFUlP9J3DTexMtx
8032D424:setTexNoAnm__14J3DMaterialAnmFiP11J3DTexNoAnm
80322DE0:setTexNoOffset__11J3DTevBlockFUl
802EBFDC:setTexNo__11J2DTevBlockFUlUs
80324344:setTexNo__11J3DTevBlockFUlPCUs
8000E060:setTexNo__11J3DTevBlockFUlUs
802F35B4:setTexNo__12J2DTevBlock1FUlUs
802F3310:setTexNo__12J2DTevBlock2FUlUs
802F306C:setTexNo__12J2DTevBlock4FUlUs
802F2DCC:setTexNo__12J2DTevBlock8FUlUs
803235B4:setTexNo__12J3DTevBlock1FUlPCUs
803235A4:setTexNo__12J3DTevBlock1FUlUs
803231F0:setTexNo__12J3DTevBlock2FUlPCUs
803231E0:setTexNo__12J3DTevBlock2FUlUs
80322E2C:setTexNo__12J3DTevBlock4FUlPCUs
80322E1C:setTexNo__12J3DTevBlock4FUlUs
802F2B2C:setTexNo__13J2DTevBlock16FUlUs
80322A60:setTexNo__13J3DTevBlock16FUlPCUs
80322A50:setTexNo__13J3DTevBlock16FUlUs
803237D0:setTexNo__18J3DTevBlockPatchedFUlPCUs
803237C0:setTexNo__18J3DTevBlockPatchedFUlUs
802CCD60:setTextCount__12Z2SpeechMgr2Fs
80192404:setText__15dFile_warning_cFUl
802F3884:setTexture__11J2DTevBlockFUlP10JUTTexture
802F388C:setTexture__11J2DTevBlockFUlPC7ResTIMG
802ECE1C:setTexture__12J2DTevBlock1FUlP10JUTTexture
802ECC8C:setTexture__12J2DTevBlock1FUlPC7ResTIMG
802EDF6C:setTexture__12J2DTevBlock2FUlP10JUTTexture
802EDD48:setTexture__12J2DTevBlock2FUlPC7ResTIMG
802EF3F0:setTexture__12J2DTevBlock4FUlP10JUTTexture
802EF164:setTexture__12J2DTevBlock4FUlPC7ResTIMG
802F0898:setTexture__12J2DTevBlock8FUlP10JUTTexture
802F060C:setTexture__12J2DTevBlock8FUlPC7ResTIMG
802F1D18:setTexture__13J2DTevBlock16FUlP10JUTTexture
802F1A8C:setTexture__13J2DTevBlock16FUlPC7ResTIMG
801C0FC8:setTexture__15dMenu_DmapMap_cFUsUsUsUs
801CF658:setTexture__15dMenu_FmapMap_cFUsUsUsUs
800E07F4:setThrowBoomerangAnime__9daAlink_cFv
800D736C:setThrowDamage__9daAlink_cFsffiii
80141948:setThrowDamage__9daPy_py_cFsffiii
802B4198:setTimeProcVolMod__8Z2SeqMgrFbUl
802939C0:setTimebase__8JASTrackFUs
8002CC4C:setTimerLimitTimeMs__14dComIfG_play_cFi
8002CC5C:setTimerMode__14dComIfG_play_cFi
8002CC3C:setTimerNowTimeMs__14dComIfG_play_cFi
8026082C:setTimerPos__21dDlst_TimerScrnDraw_cFff
8002CC7C:setTimerPtr__14dComIfG_play_cFP8dTimer_c
8002CC6C:setTimerType__14dComIfG_play_cFUc
8025FCF0:setTimer__21dDlst_TimerScrnDraw_cFi
800B3564:setTiredVoice__9daAlink_cFP16daPy_frameCtrl_c
801D71FC:setTitleNameString__17dMenu_Fmap2DTop_cFUl
801CCB20:setTitleName__12dMenu_Fmap_cFUl
801188E0:setTradeItemAnime__9daAlink_cFv
80118984:setTradeItemOutHand__9daAlink_cFv
802D4E34:setTransBuffer__13JKRAramStreamFPUcUlP7JKRHeap
80027DAC:setTresure__15dStage_roomDt_cFP19stage_tresure_class
800282A0:setTresure__16dStage_stageDt_cFP19stage_tresure_class
802BA8D0:setTwilightGateVol__8Z2SeqMgrFf
80165310:setUSOAngle__9dCamera_cFv
802F38C8:setUndeleteFlag__11J2DTevBlockFUc
802F3820:setUndeleteFlag__12J2DTevBlock1FUc
802F3580:setUndeleteFlag__12J2DTevBlock2FUc
802F32DC:setUndeleteFlag__12J2DTevBlock4FUc
802F303C:setUndeleteFlag__12J2DTevBlock8FUc
802F2D9C:setUndeleteFlag__13J2DTevBlock16FUc
800ADB00:setUnderAnimeMorf__9daAlink_cFf
800ADCC4:setUnderAnimeParam__9daAlink_cFUsQ29daAlink_c13daAlink_UNDERPC16daAlinkHIO_anm_c
800ADB70:setUnderAnime__9daAlink_cFUsQ29daAlink_c13daAlink_UNDERffsf
802BBC48:setUnderWaterFx__11Z2FxLineMgrFb
800AD580:setUpperAnimeBaseMorf__9daAlink_cFUsf
800AD5B4:setUpperAnimeBaseSpeed__9daAlink_cFUsff
800AD54C:setUpperAnimeBase__9daAlink_cFUs
800AD4E4:setUpperAnimeMorf__9daAlink_cFf
800AD8FC:setUpperAnimeParam__9daAlink_cFUsQ29daAlink_c13daAlink_UPPERPC16daAlinkHIO_anm_c
800AD5E4:setUpperAnime__9daAlink_cFUsQ29daAlink_c13daAlink_UPPERffsf
8009E9C4:setUpperFront__9daAlink_cFv
800DD214:setUpperGuardAnime__9daAlink_cFf
8028E600:setValue_ECHO___Q215JStudio_JAudio226@unnamed@object_sound_cpp@FP8JAISoundf
8028E550:setValue_PAN___Q215JStudio_JAudio226@unnamed@object_sound_cpp@FP8JAISoundf
8028E578:setValue_PITCH___Q215JStudio_JAudio226@unnamed@object_sound_cpp@FP8JAISoundf
8028E5A0:setValue_TEMPO___Q215JStudio_JAudio226@unnamed@object_sound_cpp@FP8JAISoundf
8028E528:setValue_VOLUME___Q215JStudio_JAudio226@unnamed@object_sound_cpp@FP8JAISoundf
80311D78:setVertexData__15J3DVertexBufferFP13J3DVertexData
8034DB58:setVerticalRegs
801E73AC:setVibString__14dMenu_Option_cFv
80034750:setVibration__19dSv_player_config_cFUc
80051BF0:setViewPort__14dDlst_window_cFffffff
802598EC:setView__10dScnName_cFv
801661C0:setView__9dCamera_cFffff
802F8F18:setVisibileAnimation__7J2DPaneFP20J2DAnmVisibilityFull
802E5A34:setVisible__12JUTAssertionFb
800277BC:setVrboxInfo__15dStage_roomDt_cFP22stage_vrbox_info_class
80027F40:setVrboxInfo__16dStage_stageDt_cFP22stage_vrbox_info_class
8002797C:setVrboxNumInfo__15dStage_roomDt_cFi
80027FA0:setVrboxNumInfo__16dStage_stageDt_cFi
800277CC:setVrboxcolInfo__15dStage_roomDt_cFP25stage_vrboxcol_info_class
80027F50:setVrboxcolInfo__16dStage_stageDt_cFP25stage_vrboxcol_info_class
8002798C:setVrboxcolNumInfo__15dStage_roomDt_cFi
80027FB0:setVrboxcolNumInfo__16dStage_stageDt_cFi
802F8FA0:setVtxColorAnimation__7J2DPaneFP14J2DAnmVtxColor
80032130:setWaitParm__9STControlFssssffss
8018D044:setWakuAnm__14dFile_select_cFv
800E80DC:setWallGrabStatus__9daAlink_cFUcUc
801B3598:setWalletMaxNum__17dMenu_Collect2D_cFUs
80033CD4:setWarashibeItem__17dSv_player_item_cFUc
8021CED0:setWarpInfo__13dMeter2Info_cFPCcRC4cXyzsUcUcUc
8002F1D0:setWarpItemData__14dComIfG_play_cFPCc4cXyzsScUcUc
80032FD4:setWarpItemData__27dSv_player_last_mark_info_cFPCcRC4cXyzsScUcUc
8003AE38:setWarpSRT__11dRes_info_cFP12J3DModelDataRC4cXyzff
800CC570:setWaterDropColor__9daAlink_cFPC13J3DGXColorS10
801243EC:setWaterDropEffect__9daAlink_cFv
80101F00:setWaterInAnmRate__9daAlink_cFP16daPy_frameCtrl_cf
8004C968:setWaterRipple__13dPa_control_cFPUlR13cBgS_PolyInfoPC4cXyzfPC12dKy_tevstr_cPC4cXyzSc
800B16C0:setWaterY__9daAlink_cFv
801227F4:setWaterfallEffect__9daAlink_cFPC4cXyzPUl
80122860:setWaterfallEffect__9daAlink_cFv
80299884:setWaveCount__Q216JASBasicWaveBank10TWaveGroupFUlP7JKRHeap
80299710:setWaveInfo__16JASBasicWaveBankFPQ216JASBasicWaveBank10TWaveGroupiUsRC11JASWaveInfo
80299C84:setWaveInfo__17JASSimpleWaveBankFUlRC11JASWaveInfo
8029EB8C:setWaveInfo__Q26JASDsp8TChannelFRC11JASWaveInfoUlUl
80299510:setWaveTableSize__16JASBasicWaveBankFUlP7JKRHeap
80299BE0:setWaveTableSize__17JASSimpleWaveBankFUlP7JKRHeap
80014E58:setWeight__10J3DMtxCalcFUcf
80053D74:setWhite__10J2DPictureFQ28JUtility6TColor
80186E90:setWhite__10J2DTextBoxFQ28JUtility6TColor
803035EC:setWhite__11J2DWindowExFQ28JUtility6TColor
803071F8:setWhite__12J2DPictureExFQ28JUtility6TColor
803090C4:setWhite__12J2DTextBoxExFQ28JUtility6TColor
80254E68:setWhite__9J2DWindowFQ28JUtility6TColor
802C8DC8:setWindDirection__10Z2EnvSeMgrFP3Vec
800A7EBC:setWindSpeed__9daAlink_cFv
802BA8FC:setWindStoneVol__8Z2SeqMgrFfUl
8012CD18:setWolfAnmVoice__9daAlink_cFv
800AA9F8:setWolfAtCollision__9daAlink_cFv
80129168:setWolfAtnMoveDirection__9daAlink_cFv
80138FCC:setWolfBallModel__9daAlink_cFv
801240DC:setWolfBarrierHitEffect__9daAlink_cFR11dBgS_LinChk
80139904:setWolfBiteDamage__9daAlink_cFP13fopEn_enemy_c
8012C518:setWolfChainPos__9daAlink_cFv
800ABA84:setWolfCollisionPos__9daAlink_cFv
80123BBC:setWolfDigEffect__9daAlink_cFv
80127F5C:setWolfDigStatus__9daAlink_cFUc
800D0B7C:setWolfEnemyHangBiteAngle__9daAlink_cFs
801419FC:setWolfEnemyHangBiteAngle__9daPy_py_cFs
8013980C:setWolfEnemyHangBitePos__9daAlink_cFP13fopEn_enemy_c
801397C0:setWolfEnemyThrowUpperAnime__9daAlink_cFQ29daAlink_c12daAlink_WANMf
802C48FC:setWolfEyeOpen__14Z2CreatureLinkFb
8012AF28:setWolfFootMatrix__9daAlink_cFv
80121420:setWolfFootOn__9daAlink_cFi
80135664:setWolfHangGroundY__9daAlink_cFv
80136270:setWolfHeadDamage__9daAlink_cFv
80130860:setWolfHowlNotHappen__9daAlink_cFi
801314D4:setWolfHowling__15daObj_Sekizoa_cFv
800AA158:setWolfItemMatrix__9daAlink_cFv
80123F94:setWolfJumpAttackEffect__9daAlink_cFv
8013753C:setWolfLieMoveVoice__9daAlink_cFi
80123E98:setWolfLockAttackEffect__9daAlink_cFv
80138EC4:setWolfLockDomeModel__9daAlink_cFv
80123B08:setWolfRollAttackEffect__9daAlink_cFv
80131D08:setWolfRopeOffsetY__9daAlink_cFi
80131924:setWolfRopePosY__9daAlink_cFv
801370D0:setWolfScreamWaitAnime__9daAlink_cFv
80127F20:setWolfSenceStatus__9daAlink_cFUc
80123DFC:setWolfSwimEndEffect__9daAlink_cFPP14JPABaseEmitterPP14JPABaseEmitter
80128014:setWolfTailAngle__9daAlink_cFv
8012C400:setWolfWaitSlip__9daAlink_cFv
80125730:setWoodShieldBurnEffect__9daAlink_cFv
80125834:setWoodShieldBurnOutEffect__9daAlink_cFv
801E8024:setZButtonString__14dMenu_Option_cFUs
801D73AC:setZButtonString__17dMenu_Fmap2DTop_cFUlUc
80318178:setZCompLoc__10J3DPEBlockFPCUc
8000DFC4:setZCompLoc__10J3DPEBlockFUc
80322830:setZCompLoc__14J3DPEBlockFullFPCUc
80322828:setZCompLoc__14J3DPEBlockFullFUc
80322994:setZCompLoc__16J3DPEBlockFogOffFPCUc
8032298C:setZCompLoc__16J3DPEBlockFogOffFUc
8000DFC8:setZMode__10J3DPEBlockF8J3DZMode
80318174:setZMode__10J3DPEBlockFPC8J3DZMode
80322808:setZMode__14J3DPEBlockFullF8J3DZMode
80322814:setZMode__14J3DPEBlockFullFPC8J3DZMode
8032296C:setZMode__16J3DPEBlockFogOffF8J3DZMode
80322978:setZMode__16J3DPEBlockFogOffFPC8J3DZMode
8025C8AC:setZoneNo__20dStage_roomControl_cFii
80196DFC:setZoomAnime__15dShopItemCtrl_cFiP4cXyzsb
8003A478:set__11dRes_info_cFPCcPCcUcP7JKRHeap
800568C4:set__12dDlst_list_cFRPP12dDlst_base_cRPP12dDlst_base_cP12dDlst_base_c
8004CBC0:set__13dPa_control_cFUcUsPC4cXyzPC12dKy_tevstr_cPC5csXyzPC4cXyzUcP18dPa_levelEcallBackScPC8_GXColorPC8_GXColorPC4cXyzf
8004D5FC:set__13dPa_control_cFUlUcUsPC4cXyzPC12dKy_tevstr_cPC5csXyzPC4cXyzUcP18dPa_levelEcallBackScPC8_GXColorPC8_GXColorPC4cXyzf
80032D0C:set__17dSv_horse_place_cFPCcRC4cXyzsSc
800350D4:set__17dSv_turnRestart_cFRC4cXyzsScUl
800543B8:set__18dDlst_shadowPoly_cFP10cBgD_Vtx_tUsUsUsP8cM3dGPla
80055158:set__18dDlst_shadowReal_cFUlP8J3DModelP4cXyzffP12dKy_tevstr_cff
80023ED0:set__18dStage_nextStage_cFPCcScsScScUc
8004B298:set__19dPa_simpleEcallBackFPC4cXyzPC12dKy_tevstr_cUcRC8_GXColorRC8_GXColorif
80024244:set__19dStage_startStage_cFPCcScsSc
8005551C:set__20dDlst_shadowSimple_cFP4cXyzffP4cXyzsfP9_GXTexObj
80032DC4:set__25dSv_player_return_place_cFPCcScUc
80032E88:set__33dSv_player_field_last_stay_info_cFPCcRC4cXyzsScUc
80182F98:set__4cXyzFfff
802706C8:set__8cM3dGTriFPC3VecPC3VecPC3VecPC3Vec
8004A738:set__Q218dPa_modelEcallBack7model_cFP12J3DModelDataRC12dKy_tevstr_cUcPvUcUc
802A73D4:set__Q23std16__bitset_base<8>FUlb
80030FBC:set__Q27daSus_c6data_cFScRC4cXyzRC4cXyzUcUcUc
8015DA40:set_bound_se__8daItem_cFv
80190B68:set_mtx__16dFile_select3D_cFv
801B6F88:set_mtx__17dMenu_Collect3D_cFv
80054BFC:setkankyoShadow__FP12dKy_tevstr_cPf
80144ED0:settingBeforeDraw__12daItemBase_cFv
801A3A1C:settingTevStruct__18dScnKy_env_light_cFiP4cXyzP12dKy_tevstr_c
801A1FBC:settingTevStruct_colget_actor__18dScnKy_env_light_cFP4cXyzP12dKy_tevstr_cP11_GXColorS10P11_GXColorS10PfPf
801A21B0:settingTevStruct_colget_player__18dScnKy_env_light_cFP12dKy_tevstr_c
801A2380:settingTevStruct_plightcol_plus__18dScnKy_env_light_cFP4cXyzP12dKy_tevstr_c11_GXColorS1011_GXColorS10Uc
802E9A44:setup2D__14J2DGrafContextFv
802918D0:setupAramHeap__9JASKernelFUlUl
80335CE0:setupBBoardInfo__14J3DModelLoaderFv
801B7840:setupItem3D__17dMenu_Collect3D_cFPA4_f
8004ADF0:setupModel__18dPa_modelEcallBackFP14JPABaseEmitter
802917B8:setupRootHeap__9JASKernelFP12JKRSolidHeapUl
80015240:setup__14mDoLib_clipperFffff
8004ABD8:setup__18dPa_modelEcallBackFP14JPABaseEmitterPC4cXyzPC5csXyzSc
800497E4:setup__19dPa_followEcallBackFP14JPABaseEmitterPC4cXyzPC5csXyzSc
800498CC:setup__19dPa_light8EcallBackFP14JPABaseEmitterPC4cXyzPC5csXyzSc
80050410:setup__21dPa_setColorEcallBackFP14JPABaseEmitterPC4cXyzPC5csXyzSc
8004FBEC:setup__22dPa_hermiteEcallBack_cFP14JPABaseEmitterPC4cXyzPC5csXyzSc
80050140:setup__22dPa_selectTexEcallBackFP14JPABaseEmitterPC4cXyzPC5csXyzSc
800498E0:setup__25dPa_gen_b_light8EcallBackFP14JPABaseEmitterPC4cXyzPC5csXyzSc
800498FC:setup__25dPa_gen_d_light8EcallBackFP14JPABaseEmitterPC4cXyzPC5csXyzSc
8004A8DC:setup__Q218dPa_modelEcallBack7model_cFv
8029F340:setup_callback__FUs
80397AB8:sfont_name$5821
800CBE24:shadowDraw__9daAlink_cFv
80180F30:shakeCamera__9dCamera_cFv
804537E0:shdwChangeMode
804537E8:shdwChanged
8044EA60:shdwRegs
80229C38:shiftCharCountBuffer__19jmessage_tReferenceFv
802F38C4:shiftDeleteFlag__11J2DTevBlockFUcb
802ED118:shiftDeleteFlag__12J2DTevBlock1FUcb
802EE2FC:shiftDeleteFlag__12J2DTevBlock2FUcb
802EF7A4:shiftDeleteFlag__12J2DTevBlock4FUcb
802F0C40:shiftDeleteFlag__12J2DTevBlock8FUcb
802F20C0:shiftDeleteFlag__13J2DTevBlock16FUcb
80306BC0:shiftSetBlendRatio__12J2DPictureExFUcfbb
8039340C:shikoScale$40012
80196070:shop_cam_action__16ShopCam_action_cFv
80195EF4:shop_cam_action_init__16ShopCam_action_cFv
803BD550:shop_cam_data_tbl
8019A328:shop_init__13dShopSystem_cFb
804526B8:shop_item_pos_data_tbl
8019A3B0:shop_process__13dShopSystem_cFP10fopAc_ac_cP10dMsgFlow_c
802E30C4:showFloatSub__12JUTExceptionFif
802E3254:showFloat__12JUTExceptionFP9OSContext
802E3AA0:showGPRMap__12JUTExceptionFP9OSContext
802E3884:showGPR__12JUTExceptionFP9OSContext
8024EF8C:showIcon__7dName_cFv
802E35B0:showMainInfo__12JUTExceptionFUsP9OSContextUlUl
802E3944:showMapInfo_subroutine__12JUTExceptionFUlb
802E3BAC:showSRR0Map__12JUTExceptionFP9OSContext
802E34B0:showStack__12JUTExceptionFP9OSContext
80037BA4:show__12daItemBase_cFv
80256050:show__13CPaneMgrAlphaFv
803266D8:show__13J3DShapeTableFv
8044F838:signal_funcs
800A9454:simpleAnmPlay__9daAlink_cFP10J3DAnmBase
80326E0C:simpleCalcMaterial__12J3DModelDataFUsPA4_f
803164AC:simpleDrawCache__8J3DShapeCFv
80316428:simpleDraw__8J3DShapeCFv
8036D3C0:sin
8043B9E0:sincosTable___5JMath
8036D818:sinf
8031336C:single_To_Double__17J3DDisplayListObjFv
803976E0:size_1$4092
80397710:size_unit_1$4093
801B5C00:skill_close_init__17dMenu_Collect2D_cFv
801B5C3C:skill_close_proc__17dMenu_Collect2D_cFv
801F7C3C:skill_init_calc__13dMenu_Skill_cFv
801B5B54:skill_move_init__17dMenu_Collect2D_cFv
801B5B90:skill_move_proc__17dMenu_Collect2D_cFv
801B5A48:skill_open_init__17dMenu_Collect2D_cFv
801B5AE4:skill_open_proc__17dMenu_Collect2D_cFv
802CC958:skipCorrectDemo__13Z2WolfHowlMgrFv
8011FAC4:skipPortalObjWarp__9daAlink_cFv
80141A48:skipPortalObjWarp__9daPy_py_cFv
802DD0F0:skip__14JSUInputStreamFl
802DD1FC:skip__20JSURandomInputStreamFl
80042B04:skipper__14dEvt_control_cFv
801DE510:slide_left_init__14dMenu_Letter_cFv
801DE594:slide_left_move__14dMenu_Letter_cFv
801DE428:slide_right_init__14dMenu_Letter_cFv
801DE4AC:slide_right_move__14dMenu_Letter_cFv
803930D0:slingLocalPos$12042
80396850:smell_tag$5891
804551A0:smokeID$53111
803933AC:smokeParticleScale$39643
803933E8:smokeParticleScale$39891
804532A0:snIntCount__14JASAudioThread
80455198:snowID$53110
803673EC:snprintf
804531B8:soOutput_none___Q27JStudio14TVariableValue
803A9F50:soecial_names$3966
80452BB4:solidHeapErrors
80432FDC:soovv_actor_PARENT_ENABLE___Q27JStudio28@unnamed@jstudio_object_cpp@
80432FF8:soovv_actor_RELATION_ENABLE___Q27JStudio28@unnamed@jstudio_object_cpp@
80433014:soovv_camera_PARENT_ENABLE___Q27JStudio28@unnamed@jstudio_object_cpp@
80433030:soovv_camera_TARGET_PARENT_ENABLE___Q27JStudio28@unnamed@jstudio_object_cpp@
8043304C:soovv_light_ENABLE___Q27JStudio28@unnamed@jstudio_object_cpp@
804330A0:soovv_particle_ON_EXIT_NOT_END___Q27JStudio28@unnamed@jstudio_object_cpp@
80433068:soovv_particle_PARENT_ENABLE___Q27JStudio28@unnamed@jstudio_object_cpp@
80433084:soovv_particle_REPEAT___Q27JStudio28@unnamed@jstudio_object_cpp@
804330F4:soovv_sound_CONTINUOUS___Q27JStudio28@unnamed@jstudio_object_cpp@
80433110:soovv_sound_LOCATED___Q27JStudio28@unnamed@jstudio_object_cpp@
8043312C:soovv_sound_ON_EXIT_NOT_END___Q27JStudio28@unnamed@jstudio_object_cpp@
804330BC:soovv_sound_PARENT_ENABLE___Q27JStudio28@unnamed@jstudio_object_cpp@
804330D8:soovv_sound_REPEAT___Q27JStudio28@unnamed@jstudio_object_cpp@
802A0B40:sortByPriority___16JAISeCategoryMgrFv
803D0BD0:sortFuncTable__13J3DDrawBuffer
800717E8:sortList__12dAttention_cFv
8032677C:sortVcdVatCmd__13J3DShapeTableFv
80071E9C:sound_attention__FP10fopAc_ac_cPv
801E474C:sound_init__14dMenu_Option_cFv
801E47A4:sound_move__14dMenu_Option_cFv
800B2870:spActionButton__9daAlink_cFv
800B2894:spActionTrigger__9daAlink_cFv
802CCF90:speakOneWord__12Z2SpeechMgr2Fb
80048650:specialCast_Shutter__16dEvent_manager_cFsi
80048748:specialCast__16dEvent_manager_cFPCci
80044DE8:specialProcCreate__12dEvDtStaff_cFv
80045014:specialProcDirector__12dEvDtStaff_cFv
80045D64:specialProcEffect__12dEvDtStaff_cFv
800442C0:specialProcLight__12dEvDtStaff_cFv
80044454:specialProcMessage__12dEvDtStaff_cFv
800459A8:specialProcPackage__12dEvDtStaff_cFv
80044B88:specialProcSound__12dEvDtStaff_cFv
80045C2C:specialProcTimekeeper__12dEvDtStaff_cFv
8004416C:specialProc_WaitProc__12dEvDtStaff_cFi
80044108:specialProc_WaitStart__12dEvDtStaff_cFi
800441B0:specialProc__12dEvDtStaff_cFv
800440A0:specialStaffProc__12dEvDtEvent_cFP12dEvDtStaff_c
8042E898:specialType__22@unnamed@d_camera_cpp@
80165E14:sph_chk_callback__FP11dBgS_SphChkP10cBgD_Vtx_tiiiP8cM3dGPlaPv
802DD908:splice__Q27JGadget13TNodeLinkListFQ37JGadget13TNodeLinkList8iteratorRQ27JGadget13TNodeLinkListQ37JGadget13TNodeLinkList8iterator
801C97D0:spot_map_init__12dMenu_Fmap_cFv
801C98DC:spot_map_proc__12dMenu_Fmap_cFv
8036730C:sprintf
8036D884:sqrt
8005AD60:squal_proc__Fv
804533B4:srcAddress
801528F4:srchActor__8daNpcF_cFPvPv
801481E0:srchActor__8daNpcT_cFPvPv
80152860:srchAttnActor1__8daNpcF_cFPvPv
8014B544:srchPlayerActor__8daNpcT_cFv
803C6404:st_aa__12JPABaseShape
803C6394:st_ao__12JPABaseShape
803C630C:st_bf__12JPABaseShape
803C6300:st_bm__12JPABaseShape
803C6374:st_c__12JPABaseShape
803C63A4:st_ca__12JPABaseShape
803C6334:st_lo__12JPABaseShape
802A8A30:stack_popCurrent__Q28JMessage10TProcessorFv
802A89F8:stack_pushCurrent__Q28JMessage10TProcessorFPCc
801D5144:stageMapMove__18dMenu_Fmap2DBack_cFP9STControlUcb
801D3E80:stageOriginDraw__18dMenu_Fmap2DBack_cFv
801D3358:stageTextureDraw__18dMenu_Fmap2DBack_cFv
803BF31C:stage_name$7304
803BF32C:stage_name$7361
8037B3F8:star_col$9440
802B5CB0:startBattleBgm__8Z2SeqMgrFb
802C3090:startChainSoundLevel__12Z2CreatureFMF10JAISoundIDUcfUlSc
802C2F94:startChainSound__12Z2CreatureFMF10JAISoundIDUcfUlSc
80047B68:startCheckOld__16dEvent_manager_cFPCc
800461D8:startCheck__10dEvDtCut_cFv
80047B28:startCheck__16dEvent_manager_cFs
802C19E8:startCollisionSE__10Z2CreatureFUlUl
802C5584:startCollisionSE__14Z2CreatureLinkFUlUl
802BF2A4:startCollisionSE__14Z2SoundObjBaseFUlUlP14Z2SoundObjBase
802C2814:startCollisionSE__15Z2CreatureEnemyFUlUl
80037D24:startControl__8daItem_cFv
802C19AC:startCreatureExtraSoundLevel__10Z2CreatureF10JAISoundIDUlSc
802C27D8:startCreatureExtraSoundLevel__15Z2CreatureEnemyF10JAISoundIDUlSc
802C1970:startCreatureExtraSound__10Z2CreatureF10JAISoundIDUlSc
802C279C:startCreatureExtraSound__15Z2CreatureEnemyF10JAISoundIDUlSc
802C167C:startCreatureSoundLevel__10Z2CreatureF10JAISoundIDUlSc
802C37D4:startCreatureSoundLevel__12Z2CreatureOIF10JAISoundIDUlSc
802C216C:startCreatureSoundLevel__15Z2CreatureEnemyF10JAISoundIDUlSc
802C1520:startCreatureSound__10Z2CreatureF10JAISoundIDUlSc
802C1F0C:startCreatureSound__15Z2CreatureEnemyF10JAISoundIDUlSc
802C18F8:startCreatureVoiceLevel__10Z2CreatureF10JAISoundIDSc
802C32D0:startCreatureVoiceLevel__13Z2CreatureGobF10JAISoundIDSc
802C2748:startCreatureVoiceLevel__15Z2CreatureEnemyF10JAISoundIDSc
802C184C:startCreatureVoice__10Z2CreatureF10JAISoundIDSc
802C248C:startCreatureVoice__15Z2CreatureEnemyF10JAISoundIDSc
802C1CD8:startCreatureVoice__17Z2CreatureCitizenF10JAISoundIDSc
80037D10:startCtrl__8daItem_cFv
802D46CC:startDMA__12JKRAramPieceFP12JKRAMCommand
8029D2E4:startDMA__9JASDriverFv
802C6EE0:startEnvSeAutoPanLevel__14Z2EnvSeAutoPanF10JAISoundIDfff
802C6C90:startEnvSeDirLevel__10Z2EnvSeDirF10JAISoundIDff
802C68B4:startEnvSeLevel__11Z2EnvSeBaseF10JAISoundIDfffffUl
802C6708:startEnvSe__11Z2EnvSeBaseF10JAISoundIDfffffUl
802C9A48:startEtcSe__10Z2EnvSeMgrFSc
802E656C:startFadeIn__8JUTFaderFi
802E659C:startFadeOut__8JUTFaderFi
802C9690:startFallSe__10Z2EnvSeMgrFSc
802C8C68:startFarThunderSe__10Z2EnvSeMgrFP3VecSc
802C64C0:startFireSound__15Z2SoundObjCoachFUs
802CA200:startFogSe__10Z2EnvSeMgrFv
802CA0EC:startFogWipeTrigger__10Z2EnvSeMgrFP3Vec
802CC888:startGuideMelody__13Z2WolfHowlMgrFb
802C5614:startHitItemSE__14Z2CreatureLinkFUlUlP14Z2SoundObjBasef
802BF0D4:startLevelSound__14Z2SoundObjBaseF10JAISoundIDUlSc
802A3DEC:startLevelSound__15JAISoundStarterF10JAISoundIDP14JAISoundHandlePCQ29JGeometry8TVec3<f>
802BF7B0:startLevelSound__16Z2SoundObjSimpleF10JAISoundIDUlSc
802BF5AC:startLevelSound__21Z2DopplerSoundObjBaseF10JAISoundIDUlSc
802C4C68:startLinkSoundLevel__14Z2CreatureLinkF10JAISoundIDUlSc
802C49D4:startLinkSound__14Z2CreatureLinkF10JAISoundIDUlSc
802C54F0:startLinkSwordSound__14Z2CreatureLinkF10JAISoundIDUlSc
802C53B0:startLinkVoiceLevel__14Z2CreatureLinkF10JAISoundIDSc
802C5120:startLinkVoice__14Z2CreatureLinkF10JAISoundIDSc
802CB594:startLv3WaterSe__10Z2EnvSeMgrFSc
802E2434:startMotor__Q210JUTGamePad7CRumbleFi
802C8AF4:startNearThunderSe__10Z2EnvSeMgrFSc
802E26CC:startPatternedRumble__Q210JUTGamePad7CRumbleFPvQ310JUTGamePad7CRumble7ERumbleUl
800BDF7C:startPeepChange__9daAlink_cFv
80046DE8:startProc__16dEvent_manager_cFP12dEvDtEvent_c
802C8630:startRainSe__10Z2EnvSeMgrFlSc
800BE16C:startRestartRoom__9daAlink_cFUliii
802C9100:startRiverSe__10Z2EnvSeMgrFSc
80292828:startSeq__8JASTrackFv
802C0460:startSoundInner__15Z2SoundObjAnimeFRCQ29JGeometry8TVec3<f>fP14Z2SoundStarterUlSc
802CE91C:startSound__10Z2AudioMgrF10JAISoundIDP14JAISoundHandlePCQ29JGeometry8TVec3<f>
802AACE8:startSound__10Z2SoundMgrF10JAISoundIDP14JAISoundHandlePCQ29JGeometry8TVec3<f>
802A4A3C:startSound__12JAIStreamMgrF10JAISoundIDP14JAISoundHandlePCQ29JGeometry8TVec3<f>
802BEF44:startSound__14Z2SoundObjBaseF10JAISoundIDUlSc
802AB9F4:startSound__14Z2SoundStarterF10JAISoundIDP14JAISoundHandlePCQ29JGeometry8TVec3<f>
802ABA3C:startSound__14Z2SoundStarterF10JAISoundIDP14JAISoundHandlePCQ29JGeometry8TVec3<f>UlfffffUl
802C65C0:startSound__15Z2SoundObjCoachF10JAISoundIDUlSc
802CDDF8:startSound__15Z2SpeechStarterF10JAISoundIDP14JAISoundHandlePCQ29JGeometry8TVec3<f>UlfffffUl
802BF6A0:startSound__16Z2SoundObjSimpleF10JAISoundIDUlSc
802C5728:startSound__18Z2LinkSoundStarterF10JAISoundIDP14JAISoundHandlePCQ29JGeometry8TVec3<f>UlfffffUl
802C6084:startSound__18Z2RideSoundStarterF10JAISoundIDP14JAISoundHandlePCQ29JGeometry8TVec3<f>UlfffffUl
802BF514:startSound__21Z2DopplerSoundObjBaseF10JAISoundIDUlSc
802A1568:startSound__8JAISeMgrF10JAISoundIDP14JAISoundHandlePCQ29JGeometry8TVec3<f>
802A2948:startSound__9JAISeqMgrF10JAISoundIDP14JAISoundHandlePCQ29JGeometry8TVec3<f>
802C7EC8:startStaticEnvSe__10Z2EnvSeMgrFSc
802C8E0C:startStrongWindSe__10Z2EnvSeMgrFSc
802C3AD4:startTentacleSoundLevel__12Z2CreatureOIF10JAISoundIDUcfUlSc
802C3A84:startTentacleSound__12Z2CreatureOIF10JAISoundIDUcUlSc
80032964:startTime__11dLib_time_cFv
802A0050:startTrack___5JAISeFRC14JASSoundParams
802C631C:startWheelSound__15Z2SoundObjCoachFf
802CC4EC:startWindStoneSound__13Z2WolfHowlMgrFScP3Vec
802CBCD4:startWolfHowlSound__13Z2WolfHowlMgrFffbf
802A3128:start_JAISound___8JAISoundF10JAISoundIDPCQ29JGeometry8TVec3<f>P11JAIAudience
80294780:start__10JASSeqCtrlFPvUl
802E0F90:start__10JUTDbPrintFP7JUTFontP7JKRHeap
80297418:start__13JASAramStreamFv
8029E130:start__13JASDSPChannelFv
802E5040:start__14JUTDirectPrintFv
8029DF38:start__15JASAudioReseterFUlb
80039C9C:start__7dDemo_cFPCUcP4cXyzf
80291B74:start__8JASProbeFPCc
80291CE4:start__8JASProbeFlPCc
802928BC:start__8JASTrackFv
8025E338:start__8dTimer_cFi
8025E418:start__8dTimer_cFis
802D2734:start__9JKRThreadFPv
8034B200:stateBusy
8034A7AC:stateCheckID
8034A95C:stateCheckID2
8034A8C0:stateCheckID2a
8034A88C:stateCheckID3
8034AC9C:stateCoverClosed
8034AD70:stateCoverClosed_CMD
8034A228:stateGettingError
8034A644:stateGoToRetry
8034AE04:stateMotorStopped
8034A034:stateReadingFST
8034AF18:stateReady
8034A1F4:stateTimeout
802D17E0:state_compare__10JKRExpHeapCFRCQ27JKRHeap6TStateRCQ27JKRHeap6TState
802D2058:state_compare__12JKRSolidHeapCFRCQ27JKRHeap6TStateRCQ27JKRHeap6TState
802CFB88:state_compare__7JKRHeapCFRCQ27JKRHeap6TStateRCQ27JKRHeap6TState
802CFBA0:state_dump__7JKRHeapCFRCQ27JKRHeap6TState
802D1738:state_register__10JKRExpHeapCFPQ27JKRHeap6TStateUl
802D1FFC:state_register__12JKRSolidHeapCFPQ27JKRHeap6TStateUl
802CFB84:state_register__7JKRHeapCFPQ27JKRHeap6TStateUl
8004A238:static_gen_b_light8EcallBack__FP14JPABaseEmitter
8004A354:static_gen_d_light8EcallBack__FP14JPABaseEmitter
8004A11C:static_light8EcallBack__FP14JPABaseEmitter
80432708:static_mBounds
80436970:static_mBounds__7J2DPane
80453798:status
80140B90:statusWindowDraw__9daAlink_cFv
80140A94:statusWindowExecute__9daAlink_cFPC4cXyzs
800244D4:stayRoomCheck__FiPUci
80396F08:stay_tag$4935
800924F0:stbWaitEvCamera__9dCamera_cFv
8044F538:stderr_buff
8044F738:stdin_buff
8044F638:stdout_buff
801AF2DC:step1_move_init__19dMenu_Calibration_cFv
801AF318:step1_move_move__19dMenu_Calibration_cFv
801AF088:step1_wait_init__19dMenu_Calibration_cFv
801AF1B8:step1_wait_move__19dMenu_Calibration_cFv
801AF5D8:step2_move_init__19dMenu_Calibration_cFv
801AF614:step2_move_move__19dMenu_Calibration_cFv
801AF3E0:step2_wait_init__19dMenu_Calibration_cFv
801AF44C:step2_wait_move__19dMenu_Calibration_cFv
801AF84C:step3_move_init__19dMenu_Calibration_cFv
801AF888:step3_move_move__19dMenu_Calibration_cFv
801AF6E0:step3_wait_init__19dMenu_Calibration_cFv
801AF750:step3_wait_move__19dMenu_Calibration_cFv
801542B0:step__8daNpcF_cFsiii
8014B854:step__8daNpcT_cFsiiii
800DC9A8:stickArrowIncrement__9daAlink_cFi
801EDBFC:stick_explain_force_init__12dMenu_Ring_cFv
801EDCD0:stick_explain_force_proc__12dMenu_Ring_cFv
801EDBF8:stick_explain_init__12dMenu_Ring_cFv
801EDC00:stick_explain_proc__12dMenu_Ring_cFv
803BFB8C:stick_init
801ED754:stick_move_init__12dMenu_Ring_cFv
801ED800:stick_move_proc__12dMenu_Ring_cFv
803BFBEC:stick_proc
801ED580:stick_wait_init__12dMenu_Ring_cFv
801ED5E0:stick_wait_proc__12dMenu_Ring_cFv
800719D4:stockAttention__12dAttention_cFv
8025E5C0:stock_start__8dTimer_cFs
8025E508:stock_start__8dTimer_cFv
8008A640:stokerEvCamera__9dCamera_cFv
802AC2A0:stopAllSounds__14Z2SoundHandlesFUl
802C14F4:stopAnime__10Z2CreatureFv
802B6004:stopBattleBgm__8Z2SeqMgrFUcUc
8029D304:stopDMA__9JASDriverFv
80120984:stopDrawParticle__9daAlink_cFUl
800F9114:stopHalfMoveAnime__9daAlink_cFf
802E248C:stopMotor__Q210JUTGamePad7CRumbleFib
802BEF04:stopOK__14Z2SoundObjBaseFR17Z2SoundHandlePool
802E2778:stopPatternedRumbleAtThePeriod__Q210JUTGamePad7CRumbleFv
802E2748:stopPatternedRumble__Q210JUTGamePad7CRumbleFs
802355A4:stopProc__12dMsgObject_cFv
80292878:stopSeq__8JASTrackFv
802AB5DC:stopSoundID__10Z2SoundMgrF10JAISoundID
802A4EB8:stopSoundID__12JAIStreamMgrF10JAISoundID
802A0C78:stopSoundID__16JAISeCategoryMgrF10JAISoundID
802A10F4:stopSoundID__8JAISeMgrF10JAISoundID
802A2C8C:stopSoundID__9JAISeqMgrF10JAISoundID
80452C7C:stopStatus__10fopAc_ac_c
802AB64C:stopSync__10Z2SoundMgrFv
80032928:stopTime__11dLib_time_cFv
802A0014:stopTrack___5JAISeFv
802B407C:stopWolfHowlSong__8Z2SeqMgrFv
8001219C:stopZelAnime__15mDoExt_McaMorf2Fv
800112C4:stopZelAnime__16mDoExt_McaMorfSOFv
802AB6C8:stop__10Z2SoundMgrFv
802A4E68:stop__12JAIStreamMgrFUl
802A4E28:stop__12JAIStreamMgrFv
8029744C:stop__13JASAramStreamFUs
8029DBC0:stop__14JASAudioThreadFv
802A0BE0:stop__16JAISeCategoryMgrFUl
802A0C34:stop__16JAISeCategoryMgrFv
802A10A0:stop__8JAISeMgrFv
802A32DC:stop__8JAISoundFUl
802A3398:stop__8JAISoundFv
80291D24:stop__8JASProbeFl
80291BC4:stop__8JASProbeFv
8025E5E8:stop__8dTimer_cFUc
802A2C3C:stop__9JAISeqMgrFUl
802A2BFC:stop__9JAISeqMgrFv
802DF24C:storeTIMG__10JUTTextureFPC7ResTIMGP10JUTPalette
802DF280:storeTIMG__10JUTTextureFPC7ResTIMGP10JUTPalette7_GXTlut
802DF0A8:storeTIMG__10JUTTextureFPC7ResTIMGUc
802DF71C:storeTLUT__10JUTPaletteF7_GXTlut10_GXTlutFmt15JUTTransparencyUsPv
802DF690:storeTLUT__10JUTPaletteF7_GXTlutP7ResTLUT
80016B88:store__15mDoMemCd_Ctrl_cFv
80181A10:store__FP20camera_process_class
802D75F4:store__Q210JKRArchive8CArcNameFPCc
802D7684:store__Q210JKRArchive8CArcNameFPCcc
803698EC:strcat
80369754:strchr
803697C4:strcmp
8036995C:strcpy
80452744:streamPriority__Q29JFWSystem11CSetUpParam
8036D8C4:stricmp
803C5468:strings$4165
80369A14:strlen
80369784:strncmp
80369918:strncpy
8036D8A4:strnicmp
8036970C:strrchr
80369A30:strtol
80369B20:strtoul
8045284C:struct_8045088C
8045284D:struct_8045088D
80452854:struct_80450894
80452855:struct_80450895
80452E5C:struct_80450E9C
80452E5D:struct_80450E9D
80453228:struct_80451260
80453229:struct_80451261
804532D0:struct_80451308
804532D1:struct_80451309
800905A8:styleEvCamera__9dCamera_cFv
802B029C:subBgmStart__8Z2SeqMgrFUl
802B07D0:subBgmStopInner__8Z2SeqMgrFv
802B0684:subBgmStop__8Z2SeqMgrFv
8029F0A8:subframeCallback__9JASDriverFv
801750E0:subjectCamera__9dCamera_cFl
800CED64:subjectCancelTrigger__9daAlink_cFv
803A57C0:submethod$2214
803A57D0:submethod$2261
803A55A8:submethod$2274
80455608:sumouArcName$4614
800EAB14:sumouPunchTrigger__9daAlink_cFv
8037B350:sun_chkpnt$4155
803AB880:sun_color$4213
803AB88C:sun_color2$4214
80015868:suspend__9mDoDvdThdFv
80313404:swapBuffer__17J3DDisplayListObjFv
80274CEC:swapTexture__18JPAResourceManagerFPC7ResTIMGPCc
802FF860:swap__10J2DPictureFRfRf
80101F7C:swimBgCheck__9daAlink_cFf
80101B40:swimDeleteItem__9daAlink_cFv
803937EC:swimOffset$60143
801034D4:swimOutAfter__9daAlink_cFi
80393554:swordCutSplashScale$41755
800B9600:swordEquip__9daAlink_cFi
803937F8:swordMoveLocal0$60438
80393804:swordMoveLocal1$60439
800B28C4:swordSwingTrigger__9daAlink_cFv
800B978C:swordUnequip__9daAlink_cFv
80393544:swordUpColor$41733
8003C5A0:syncAllRes__14dRes_control_cFP11dRes_info_ci
802DBC48:syncAram__16JKRDvdAramRipperFP12JKRADCommandi
8029E7E4:syncFrame__6JASDspFUlUlUl
80326EF8:syncJ3DSysFlags__12J3DModelDataCFv
80326ECC:syncJ3DSysPointers__12J3DModelDataCFv
8003C290:syncRes__14dRes_control_cFPCcP11dRes_info_ci
802DA870:sync__10JKRDvdFileFv
802D4570:sync__12JKRAramPieceFP12JKRAMCommandi
802D4DA0:sync__13JKRAramStreamFP20JKRAramStreamCommandi
802DC734:sync__9JKRDecompFP16JKRDecompCommandi
80436020:sync_stack
80452734:sysHeapSize__Q29JFWSystem11CSetUpParam
8045317C:systemConsoleManager__9JFWSystem
80453180:systemConsole__9JFWSystem
80452750:systemFontRes__Q29JFWSystem11CSetUpParam
80453178:systemFont__9JFWSystem
8045316C:systemHeap__9JFWSystem
80399078:t_off$4043
80399028:t_on$4036
803C3020:t_tag$3752
803C2A90:t_tag$3759
8039B478:t_tag$3763
8039B300:t_tag$3768
803C2F90:t_tag$3877
80452CC4:t_type$2207
801CD890:tableArrowPosInit__12dMenu_Fmap_cFb
801CAB38:table_demo1_init__12dMenu_Fmap_cFv
801CAC78:table_demo1_move__12dMenu_Fmap_cFv
801CAD3C:table_demo2_init__12dMenu_Fmap_cFv
801CAD80:table_demo2_move__12dMenu_Fmap_cFv
801CAE4C:table_demo3_init__12dMenu_Fmap_cFv
801CAE94:table_demo3_move__12dMenu_Fmap_cFv
803C9848:table_list
80091598:tactEvCamera__9dCamera_cFv
80396898:tag$5980
803968A8:tag$6100
803968B8:tag$6213
8039A0A8:tag$7361
80396230:tag_4181$2161
80396250:tag_4197$2177
80396290:tag_4204$2184
8039A0B8:tag_7759
8039A078:tag_bigh$5851
8039A098:tag_du$5852
80399448:tag_frame$4173
80398378:tag_frame$4635
80398758:tag_frame$5201
80399410:tag_letter$4166
80398348:tag_letter$4628
80399480:tag_maki$4174
803994B8:tag_makic$4175
803983A8:tag_menu0$4636
80398788:tag_menu0$5202
803983D8:tag_menu1$4637
80398408:tag_midoku$4638
803C2980:tag_n$4921
8039AF68:tag_name$3763
803992C0:tag_name0$4150
80398228:tag_name0$4612
803992F8:tag_name1$4151
80398258:tag_name1$4613
803984C8:tag_pii$4829
80398480:tag_pil$4828
80398438:tag_pip$4827
80399250:tag_sub0$4148
803981C8:tag_sub0$4610
80399288:tag_sub1$4149
803981F8:tag_sub1$4611
802B6CD4:taktModeMuteOff__8Z2SeqMgrFv
802B6C8C:taktModeMute__8Z2SeqMgrFv
80175024:talkBasePos__9dCamera_cFP10fopAc_ac_c
801CB928:talkButton__12dMenu_Fmap_cFv
80041B50:talkCheck__14dEvt_control_cFP12dEvt_order_c
80041E64:talkEnd__14dEvt_control_cFv
80175040:talkEyePos__9dCamera_cFP10fopAc_ac_c
802B3AA4:talkInBgm__8Z2SeqMgrFv
802AE950:talkInSe__7Z2SeMgrFv
802B6ECC:talkIn__11Z2StatusMgrFv
802B3B64:talkOutBgm__8Z2SeqMgrFv
802AEA54:talkOutSe__7Z2SeMgrFv
802B6F04:talkOut__11Z2StatusMgrFv
80153F90:talkProc__8daNpcF_cFPiiPP10fopAc_ac_c
8014BE84:talkProc__8daNpcT_cFPiiPP10fopAc_ac_ci
80236654:talkStartInit__12dMsgObject_cFv
80041C88:talkXyCheck__14dEvt_control_cFP12dEvt_order_c
8016E700:talktoCamera__9dCamera_cFl
800902A4:talktoEvCamera__9dCamera_cFv
8036D498:tan
8036D7F4:tanf
803D38C0:taps
80452FC4:target
80452FC8:targetWay
804532C8:taskreadp
80435FA0:taskwork
804532CC:taskwritep
802AA758:tau__Q26Z2Calc8FNoise1fFf
80452A40:tbl1$241
80452A44:tbl2$242
80452A48:tbl3$243
80453E64:tboxNotStayColor$4542
80453E74:tboxNotStayColor$4624
80379F50:tempBitLabels__20dSv_event_tmp_flag_c
80176FFC:test1Camera__9dCamera_cFl
80177004:test2Camera__9dCamera_cFl
802A7434:test__Q23std16__bitset_base<8>CFUl
803BDC98:test_color_tbl$5127
803BDC38:test_pos_tbl$5126
8042766C:texObj$42524
802599A0:tex_data_set__10dScnName_cFv
803C14D4:tex_name$5183
80453078:tex_name$5188
801EF3E0:textCentering__12dMenu_Ring_cFv
801EF1D8:textScaleHIO__12dMenu_Ring_cFv
803986B8:text_a_tag$3904
80397818:text_a_tag$4178
80398010:text_a_tag$4328
80399530:text_a_tag$4365
803967E8:text_a_tag$4777
80398570:text_a_tag$5024
80398D88:text_a_tag$6194
80396A68:text_a_tag$7111
803986E0:text_b_tag$3905
80397840:text_b_tag$4179
80398038:text_b_tag$4329
80399558:text_b_tag$4366
80396810:text_b_tag$4778
80398598:text_b_tag$5025
80398DB0:text_b_tag$6217
80396A90:text_b_tag$7134
803967A0:text_op$4769
80396788:text_sv$4768
80399848:text_tag$5461
80236650:textmodeProc__12dMsgObject_cFv
80152820:tgHitCallBack__8daNpcF_cFP10fopAc_ac_cP12dCcD_GObjInfP10fopAc_ac_cP12dCcD_GObjInf
801481B0:tgHitCallBack__8daNpcT_cFP10fopAc_ac_cP12dCcD_GObjInfP10fopAc_ac_cP12dCcD_GObjInf
8009DCA4:tgHitCallback__9daAlink_cFP10fopAc_ac_cP12dCcD_GObjInfP12dCcD_GObjInf
80273C10:threadSleep__10JFWDisplayFx
800E08C4:throwBoomerang__9daAlink_cFv
800E1B28:throwCopyRod__9daAlink_cFv
802947C4:tickProc__10JASSeqCtrlFP8JASTrack
80293BA0:tickProc__8JASTrackFv
80453900:time
802949E8:timerProcess__10JASSeqCtrlFv
803D3744:timing
80453804:timingExtra
803C2E00:tline_tag$4212
803C2DC8:tlinen_tag$4211
803C2E38:tlines_tag$4213
80426ACC:tmpRoofChk$4165
80452BD0:tmpString$3651
80452D18:tmp_name$4456
80282448:toFunction_outside__Q27JStudio14TFunctionValueFi
801911F4:toItem3Dpos__16dFile_select3D_cFfffP4cXyz
801B78B8:toItem3Dpos__17dMenu_Collect3D_cFfffP4cXyz
802A8AD4:toMessageCode_messageID__Q28JMessage10TProcessorCFUlUlPb
802A9ADC:toMessageIndex_messageID__Q28JMessage9TResourceCFUlUlPb
801C8DC4:to_portal_warp_map_init__12dMenu_Fmap_cFv
801C8DD0:to_portal_warp_map_proc__12dMenu_Fmap_cFv
803662A0:tolower
80168048:tooNearEscape__9dCamera_cFP4cXyz
8017700C:towerCamera__9dCamera_cFl
80125D18:traceBlur__14daAlink_blur_cFPC4cXyzPC4cXyzs
800BB9AC:transAnimeProc__9daAlink_cFP4cXyzff
804533D4:transBuffer__13JKRAramStream
8008BFC8:transEvCamera__9dCamera_cFi
804533DC:transHeap__13JKRAramStream
8000CD88:transM__14mDoMtx_stack_cFRC4cXyz
8000CD50:transM__14mDoMtx_stack_cFfff
8000CD18:transS__14mDoMtx_stack_cFRC4cXyz
804533D8:transSize__13JKRAramStream
8020A804:trans_button__14dMeterButton_cFif
802860D0:transformOnGet_setOrigin_TxyzRy__Q27JStudio8TControlFRC3Vecf
80286050:transformOnSet_setOrigin_TxyzRy__Q27JStudio8TControlFRC3Vecf
8032E538:transformVtxPosNrm__13J3DSkinDeformFP12J3DModelData
80286168:transform_setOrigin_ctb__Q27JStudio8TControlFRCQ37JStudio3ctb7TObject
8028623C:transform_setOrigin_ctb_index__Q27JStudio8TControlFUl
8028B090:transform_toGlobalFromLocal__14JStudio_JStageFPA4_fRCQ37JStudio8TControl19TTransform_positionPCQ26JStage7TObjectUl
8028AFF8:transform_toGlobalFromLocal__14JStudio_JStageFPA4_fRCQ37JStudio8TControl39TTransform_translation_rotation_scalingPCQ26JStage7TObjectUl
8028B1CC:transform_toLocalFromGlobal__14JStudio_JStageFPA4_fRCQ37JStudio8TControl19TTransform_positionPCQ26JStage7TObjectUl
8028B128:transform_toLocalFromGlobal__14JStudio_JStageFPA4_fRCQ37JStudio8TControl39TTransform_translation_rotation_scalingPCQ26JStage7TObjectUl
8023A43C:translate__17dMsgScrn3Select_cFff
802E26A4:triggerPatternedRumble__Q210JUTGamePad7CRumbleFUl
800723D0:triggerProc__12dAttention_cFv
800091C0:trimming__FP10view_classP15view_port_class
800924E8:turnToActorEvCamera__9dCamera_cFv
80154100:turn__8daNpcF_cFsfi
8014B6B0:turn__8daNpcT_cFsii
80399E40:tuta_0$5094
80399EC0:tuta_1$5095
80399F40:tuta_2$5096
80396110:tv_btnA$3744
803989B8:tv_btnA$5275
801E55C4:tv_close1_move__14dMenu_Option_cFv
801E5628:tv_close2_move__14dMenu_Option_cFv
801E5524:tv_move_move__14dMenu_Option_cFv
801E5490:tv_open1_move__14dMenu_Option_cFv
801E5508:tv_open2_move__14dMenu_Option_cFv
803BFA50:tv_process
803955A8:twglArcName$4616
803955B4:twgwArcName$4617
803CE90C:twiceBit
8014A270:twilight__8daNpcT_cFv
80095814:twoActor0EvCamera__9dCamera_cFv
801CE390:twoColorLineInterporation__FRC8_GXColorRC8_GXColorfR8_GXColor
801CE32C:twoValueLineInterpolation__FUcUcf
803A4090:two_over_pi
8045754C:two_to_frac$981
80398CA8:tx$5381
80396160:txTV$3751
80398D10:txTV$5409
803961B0:txTVhide$3752
80398D60:txTVhide$5410
8037BF68:typeToTypeGroup__7dTres_c
8019D778:u8_data_ratio_set__FUcUcf
8037316C:udp_cc_close
80373184:udp_cc_initialize
80373174:udp_cc_open
80373154:udp_cc_peek
80373144:udp_cc_post_stop
8037314C:udp_cc_pre_continue
80373164:udp_cc_read
8037317C:udp_cc_shutdown
8037315C:udp_cc_write
802BA7AC:unMuteSceneBgm__8Z2SeqMgrFUl
803931F0:underOffsetY$23302
8019ECF8:undwater_init__Fv
8008BFA4:uniformAcceleEvCamera__9dCamera_cFv
8008BF80:uniformBrakeEvCamera__9dCamera_cFv
8008BF5C:uniformTransEvCamera__9dCamera_cFv
80452BC8:unknownHeapErrors
802DED68:unlink__12JUTCacheFontFPQ212JUTCacheFont15TGlyphCacheInfo
80263164:unlink__24DynamicModuleControlBaseFv
802A3044:unlockIfLocked__15JAISoundStatus_Fv
803284B4:unlock__8J3DModelFv
802D4FD4:unmount__13JKRFileLoaderFv
8039C628:unused$285
8029E69C:updateAll__13JASDSPChannelFv
802C14D0:updateAnime__10Z2CreatureFff
802BFCD4:updateAnime__15Z2SoundObjAnimeFff
8029C4A0:updateAutoMixer__10JASChannelFPQ26JASDsp8TChannelffff
80205F64:updateButton__14dMeterButton_cFv
80297C2C:updateChannel__13JASAramStreamFUlP10JASChannelPQ26JASDsp8TChannel
802939F4:updateChannel__8JASTrackFP10JASChannelPQ26JASDsp8TChannel
80245E68:updateColor__19dMsgScrnLight_HIO_cFUc
8029D0C0:updateCurrentValue__13JASOscillatorFf
80011108:updateDL__16mDoExt_McaMorfSOFv
8029C124:updateDSPChannel__10JASChannelFPQ26JASDsp8TChannel
8029D4C4:updateDSP__9JASDriverFv
8029F0F8:updateDacCallback__9JASDriverFv
8029D368:updateDac__9JASDriverFv
802BD4F8:updateDolbyDist__19Z2Audience3DSettingFff
8029BB38:updateEffectorParam__10JASChannelFPQ26JASDsp8TChannelPUsRCQ213JASOscillator12EffectParams
80237DC8:updateEquipBombInfoLocal__12dMsgObject_cFv
8015E71C:updateFrame__16daPy_frameCtrl_cFv
8020C168:updateHaihai__14dMeterHaihai_cFv
8020D030:updateHakusha__15dMeterHakusha_cFv
8029C5D8:updateMixer__10JASChannelFffffPUs
80162040:updateMonitor__9dCamera_cFv
801619BC:updatePad__9dCamera_cFv
8029E45C:updateProc__13JASDSPChannelFv
80293380:updateSeq__8JASTrackFbf
802C0104:updateSoundLifeTime___15Z2SoundObjAnimeFff
802932E4:updateTempo__8JASTrackFv
80206C3C:updateText__14dMeterButton_cFUl
802930D8:updateTimedParam__8JASTrackFv
80293148:updateTrack__8JASTrackFf
802F90C0:updateTransform__7J2DPaneFPC15J2DAnmTransform
802BD2D0:updateVolumeDist__19Z2Audience3DSettingFf
80283AA8:update_INTERPOLATE_BSPLINE_dataMore3___Q27JStudio19TFunctionValue_listFRCQ27JStudio19TFunctionValue_listRCQ37JStudio19TFunctionValue_list11TIndexData_
80283E60:update_INTERPOLATE_BSPLINE_dataMore3___Q27JStudio29TFunctionValue_list_parameterFRCQ27JStudio29TFunctionValue_list_parameterd
80283A24:update_INTERPOLATE_LINEAR___Q27JStudio19TFunctionValue_listFRCQ27JStudio19TFunctionValue_listRCQ37JStudio19TFunctionValue_list11TIndexData_
80283DF4:update_INTERPOLATE_LINEAR___Q27JStudio29TFunctionValue_list_parameterFRCQ27JStudio29TFunctionValue_list_parameterd
80283A10:update_INTERPOLATE_NONE___Q27JStudio19TFunctionValue_listFRCQ27JStudio19TFunctionValue_listRCQ37JStudio19TFunctionValue_list11TIndexData_
80283DE8:update_INTERPOLATE_NONE___Q27JStudio29TFunctionValue_list_parameterFRCQ27JStudio29TFunctionValue_list_parameterd
80283A58:update_INTERPOLATE_PLATEAU___Q27JStudio19TFunctionValue_listFRCQ27JStudio19TFunctionValue_listRCQ37JStudio19TFunctionValue_list11TIndexData_
80283E24:update_INTERPOLATE_PLATEAU___Q27JStudio29TFunctionValue_list_parameterFRCQ27JStudio29TFunctionValue_list_parameterd
802E1AD8:update__10JUTGamePadFv
803297CC:update__12J3DFrameCtrlFv
8009CB78:update__12dEyeHL_mng_cFv
8029CEE0:update__13JASOscillatorFv
801BB58C:update__14dMenu_DmapBg_cFv
80151C60:update__15daNpcF_Lookat_cFP4cXyzP5csXyzPf
80016848:update__15mDoMemCd_Ctrl_cFv
80252980:update__16dNpcLib_lookat_cFv
80194F18:update__16dSelect_cursor_cFv
80054324:update__18dDlst_effectLine_cFR4cXyzR8_GXColorUsUsUsUsffff
80012DF0:update__19mDoExt_3DlineMat0_cFiR8_GXColorP12dKy_tevstr_c
80012828:update__19mDoExt_3DlineMat0_cFifR8_GXColorUsP12dKy_tevstr_c
80013F64:update__19mDoExt_3DlineMat1_cFiR8_GXColorP12dKy_tevstr_c
800136F0:update__19mDoExt_3DlineMat1_cFifR8_GXColorUsP12dKy_tevstr_c
80126564:update__20daAlink_lockCursor_cFv
802F9274:update__7J2DPaneFv
80039ED4:update__7dDemo_cFv
80328AA4:update__8J3DModelFv
802E2038:update__Q210JUTGamePad6CStickFScScQ210JUTGamePad10EStickModeQ210JUTGamePad11EWhichStickUl
802E1E8C:update__Q210JUTGamePad7CButtonFPC9PADStatusUl
802E2520:update__Q210JUTGamePad7CRumbleFs
80286C54:update__Q27JStudio14TVariableValueFdPQ27JStudio8TAdaptor
802A8434:update__Q28JMessage8TControlFv
80286D08:update_functionValue___Q27JStudio14TVariableValueFPQ27JStudio14TVariableValued
80286CB8:update_immediate___Q27JStudio14TVariableValueFPQ27JStudio14TVariableValued
80286CCC:update_time___Q27JStudio14TVariableValueFPQ27JStudio14TVariableValued
80284CB8:upper_bound<Q37JStudio22TFunctionValue_hermite15TIterator_data_,d,Q23std7less<d>>__3stdFQ37JStudio22TFunctionValue_hermite15TIterator_data_Q37JStudio22TFunctionValue_hermite15TIterator_data_RCdQ23std7less<d>
80284C24:upper_bound<Q37JStudio29TFunctionValue_list_parameter15TIterator_data_,d,Q23std7less<d>>__3stdFQ37JStudio29TFunctionValue_list_parameter15TIterator_data_Q37JStudio29TFunctionValue_list_parameter15TIterator_data_RCdQ23std7less<d>
80092ADC:useItem0EvCamera__9dCamera_cFv
800938DC:useItem1EvCamera__9dCamera_cFv
804517E8:useSerialIO
8036E940:usr_put_initialize
8036E944:usr_puts_serial
8042777C:vec$9945
8005B790:vectle_calc__FP10DOUBLE_POSP4cXyz
8001D3D4:vectle_calc__FPC10DOUBLE_POSP4cXyz
800056C0:version_check__Fv
8039A4C8:vertex_color_ld$4638
8039A840:vertex_color_ld$4679
8039A3A0:vertex_color_lu$4636
8039A718:vertex_color_lu$4677
8039A55C:vertex_color_rd$4639
8039A8D4:vertex_color_rd$4680
8039A434:vertex_color_ru$4637
8039A7AC:vertex_color_ru$4678
801E4464:vib_init__14dMenu_Option_cFv
801E44BC:vib_move__14dMenu_Option_cFv
80328D40:viewCalc__8J3DModelFv
80181914:view_setup__FP20camera_process_class
80453064:virtual_stage$3999
800BF2C4:voiceStartLevel__9daAlink_cFUl
800BF290:voiceStart__9daAlink_cFUl
801418E8:voiceStart__9daPy_py_cFUl
803B4958:volcBomPortal$39241
80367534:vprintf
800621DC:vrkumo_move__Fv
803674C0:vsnprintf
80426F10:vtx_tbl$4582
80427324:vtx_tbl$5950
80273A60:waitBlanking__10JFWDisplayFi
80015968:waitForKick__17mDoDvdThd_param_cFv
80273AB0:waitForTick__FUlUs
80234704:waitProc__12dMsgObject_cFv
8023B2B8:waitProc__17dMsgScrn3Select_cFv
802E6010:waitRetraceIfNeed__8JUTVideoFv
8029EF88:waitSubFrame__9JASDriverFv
802E4780:waitTime__12JUTExceptionFl
801F801C:wait_init__13dMenu_Skill_cFv
801D8F2C:wait_init__14dMenu_Insect_cFv
801DE0DC:wait_init__14dMenu_Letter_cFv
801C5830:wait_init__15dMenu_Fishing_cFv
801B4994:wait_init__17dMenu_Collect2D_cFv
8023E174:wait_init__17dMsgScrnExplain_cFv
801DBADC:wait_init__19dMenu_ItemExplain_cFv
801C1AD0:wait_init_proc__20dMenu_StageMapCtrl_cFv
801F8058:wait_move__13dMenu_Skill_cFv
801D8F90:wait_move__14dMenu_Insect_cFv
801DE118:wait_move__14dMenu_Letter_cFv
801C586C:wait_move__15dMenu_Fishing_cFv
801B4B28:wait_proc__17dMenu_Collect2D_cFv
8023E178:wait_proc__17dMsgScrnExplain_cFv
801DBAE0:wait_proc__19dMenu_ItemExplain_cFv
801C1AE4:wait_proc__20dMenu_StageMapCtrl_cFv
80396F18:waku_tag$4973
800E8124:wallGrabButton__9daAlink_cFv
800E8100:wallGrabTrigger__9daAlink_cFv
803C4F5C:warning$4687
802576D8:warningDispDraw__10dScnLogo_cFv
80257664:warningInDraw__10dScnLogo_cFv
80257834:warningOutDraw__10dScnLogo_cFv
803C4F70:warningPs$4688
8021CCC8:warpInProc__13dMeter2Info_cFv
8011FDCC:warpModelTexScroll__9daAlink_cFv
8021CD34:warpOutProc__13dMeter2Info_cFv
8008EA68:watchActorEvCamera__9dCamera_cFv
803933D0:waterCenterScale$39763
8001DE2C:waterCheck__11fopAcM_wt_cFPC4cXyz
804551A8:waterColor$53845
80393478:waterEffScale$41082
803933C4:waterScale$39762
803933F4:waterScale$39892
803933DC:waterSmokeScale$39764
80395758:wave$17181
80366DA4:wcstombs
8005A0A4:wether_move_evil__Fv
80059048:wether_move_housi__Fv
800596B0:wether_move_moya__Fv
80059F68:wether_move_mud__Fv
8005950C:wether_move_odour__Fv
800589C4:wether_move_rain__Fv
80058C30:wether_move_snow__Fv
80058CBC:wether_move_star__Fv
80058448:wether_move_sun__Fv
800583C0:wether_move_thunder__Fv
80059858:wether_move_vrkumo__Fv
8039A30C:white_color$4635
8039A684:white_color$4676
80056A08:wipeIn__12dDlst_list_cFf
8005694C:wipeIn__12dDlst_list_cFfR8_GXColor
80393774:wlLocalEye$59876
803937BC:wlLocalEyeFromRoot$59882
80393768:wlLocalHeadCenter$59875
80393780:wlLocalHeadTop$59877
80452FCC:wolfAngle
8012A6A4:wolfBgCheck__9daAlink_cFv
80393630:wolfChainBaseOffset$45513
8039363C:wolfChainVec$45514
80127F38:wolfClawTrigger__9daAlink_cFv
80393600:wolfEffScale$42226
8012B930:wolfFootBgCheck__9daAlink_cFv
80432C5C:wolfFootScale$localstatic3$create__9dkWmark_cFv
8015F818:wolfGrabSubjectNoDraw__9daPy_py_cFP10fopAc_ac_c
8009F188:wolfModelCallBack__9daAlink_cFi
80131C78:wolfRopeSwingInc__9daAlink_cFf
80127EFC:wolfSenseTrigger__9daAlink_cFv
8012A238:wolfSideBgCheck__9daAlink_cFs
80393400:wolfSmokeScale$39893
803933B8:wolfWaterCenterScale$39644
801D3494:worldGridDraw__18dMenu_Fmap2DBack_cFv
801D3AF0:worldOriginDraw__18dMenu_Fmap2DBack_cFv
802DA868:writeData__10JKRDvdFileFPCvll
802943E8:writeExport__12JASTrackPortFUlUs
802943C4:writeImport__12JASTrackPortFUlUs
802936F4:writePortSelf__8JASTrackFUlUs
80293718:writePort__8JASTrackFUlUs
80294BC4:writeReg__12JASSeqParserFP8JASTrackUlUl
802D4AE0:writeToAram__13JKRAramStreamFP20JKRAramStreamCommand
802D4CD0:write_StreamToAram_Async__13JKRAramStreamFP18JSUFileInputStreamUlUlUlPUl
80294484:write__16JASRegisterParamFQ216JASRegisterParam5RegIDUl
80399AD0:x_tag$3952
80398F38:xy_text$4015
8008851C:xyzHorizontalDistance__8dCamMathFR4cXyzR4cXyz
8008844C:xyzRotateX__8dCamMathFR4cXyz7cSAngle
800884B4:xyzRotateY__8dCamMathFR4cXyz7cSAngle
80399AF8:y_tag$3953
801CDA34:yamibossArrowPosInit__12dMenu_Fmap_cFv
801CA4AC:yamiboss_demo1_init__12dMenu_Fmap_cFv
801CA5B8:yamiboss_demo1_move__12dMenu_Fmap_cFv
801CA610:yamiboss_demo2_init__12dMenu_Fmap_cFv
801CA620:yamiboss_demo2_move__12dMenu_Fmap_cFv
801CA6D0:yamiboss_demo3_init__12dMenu_Fmap_cFv
801CA6D4:yamiboss_demo3_move__12dMenu_Fmap_cFv
801CA72C:yamiboss_demo4_init__12dMenu_Fmap_cFv
801CA784:yamiboss_demo4_move__12dMenu_Fmap_cFv
801CA808:yamiboss_demo5_init__12dMenu_Fmap_cFv
801CA80C:yamiboss_demo5_move__12dMenu_Fmap_cFv
803C4F0C:yes$4683
801F4978:yesNoCursorMoveAnm__12dMenu_save_cFv
80189DB4:yesNoCursorMoveAnm__14dFile_select_cFv
801895F0:yesNoSelectStart__14dFile_select_cFv
801E8CBC:yesNoSelectStart__14dMenu_Option_cFv
801F49E8:yesnoCancelAnmSet__12dMenu_save_cFv
80189B10:yesnoCancelAnmSet__14dFile_select_cFv
801E8EFC:yesnoCancelAnmSet__14dMenu_Option_cFv
801F6048:yesnoCursorShow__12dMenu_save_cFv
80189338:yesnoCursorShow__14dFile_select_cFv
801E8B4C:yesnoCursorShow__14dMenu_Option_cFv
801F5A08:yesnoMenuMoveAnmInitSet__12dMenu_save_cFiiUc
80188DC8:yesnoMenuMoveAnmInitSet__14dFile_select_cFii
801E8588:yesnoMenuMoveAnmInitSet__14dMenu_Option_cFii
801F5B8C:yesnoMenuMoveAnm__12dMenu_save_cFv
80188F44:yesnoMenuMoveAnm__14dFile_select_cFv
801E86FC:yesnoMenuMoveAnm__14dMenu_Option_cFv
801F47D4:yesnoSelectAnmSet__12dMenu_save_cFUc
80189998:yesnoSelectAnmSet__14dFile_select_cFv
801E8D8C:yesnoSelectAnmSet__14dMenu_Option_cFv
801F5DA8:yesnoSelectMoveAnm__12dMenu_save_cFUc
801890DC:yesnoSelectMoveAnm__14dFile_select_cFv
801E8898:yesnoSelectMoveAnm__14dMenu_Option_cFv
801F44FC:yesnoSelectStart__12dMenu_save_cFv
801F68CC:yesnoWakuAlpahAnmInit__12dMenu_save_cFUcUcUcUc
8018DD8C:yesnoWakuAlpahAnmInit__14dFile_select_cFUcUcUcUc
801E8F74:yesnoWakuAlpahAnmInit__14dMenu_Option_cFUcUcUcUc
801F6918:yesnoWakuAlpahAnm__12dMenu_save_cFUc
8018DDD8:yesnoWakuAlpahAnm__14dFile_select_cFUc
801E8FC0:yesnoWakuAlpahAnm__14dMenu_Option_cFUc
803C2DB0:ylinen_tag$4210
80399AA8:z_tag$3951
80398CF8:z_tx$5399
802CE6B4:zeldaGFrameWork__10Z2AudioMgrFv
80452BEC:zeldaHeap
80452BBC:zeldaHeapErrors
8037A128:zero_quat$3920
800247C4:zoneCountCheck__20dStage_roomControl_cCFi
801C20CC:zoomCalcSet__20dMenu_StageMapCtrl_cFf
800883B4:zoomFovy__8dCamMathFff
801C02E4:zoomIn_init_proc__12dMenu_Dmap_cFv
801C1B04:zoomIn_init_proc__20dMenu_StageMapCtrl_cFv
801C03F8:zoomIn_proc__12dMenu_Dmap_cFv
801C2118:zoomIn_proc__20dMenu_StageMapCtrl_cFv
801D173C:zoomMapCalc2__18dMenu_Fmap2DBack_cFf
801D1B1C:zoomMapCalcHIO__18dMenu_Fmap2DBack_cFv
801D140C:zoomMapCalc__18dMenu_Fmap2DBack_cFf
801C0494:zoomOut_init_proc__12dMenu_Dmap_cFv
801C23F0:zoomOut_init_proc__20dMenu_StageMapCtrl_cFv
801C0548:zoomOut_proc__12dMenu_Dmap_cFv
801C2404:zoomOut_proc__20dMenu_StageMapCtrl_cFv
801C01DC:zoomWait_init_proc__12dMenu_Dmap_cFv
801C225C:zoomWait_init_proc__20dMenu_StageMapCtrl_cFv
801C01E0:zoomWait_proc__12dMenu_Dmap_cFv
801C22B4:zoomWait_proc__20dMenu_StageMapCtrl_cFv
801C84F4:zoom_all_to_region_init__12dMenu_Fmap_cFv
801C85CC:zoom_all_to_region_proc__12dMenu_Fmap_cFv
801C86A4:zoom_region_to_all_init__12dMenu_Fmap_cFv
801C86FC:zoom_region_to_all_proc__12dMenu_Fmap_cFv
801C9568:zoom_region_to_spot_init__12dMenu_Fmap_cFv
801C95C8:zoom_region_to_spot_proc__12dMenu_Fmap_cFv
801C9690:zoom_spot_to_region_init__12dMenu_Fmap_cFv
801C96EC:zoom_spot_to_region_proc__12dMenu_Fmap_cFv
