80455AB8:@1000
80455ABC:@1001
80455AC0:@1002
80455AC4:@1003
80452574:@10030
80452578:@10031
80452DB0:@10039
80455AC8:@1004
80452DB4:@10040
80452DB8:@10041
80452DBC:@10042
80455AD0:@1008
80455A94:@1010
80452B54:@10118
80452B58:@10119
80452B5C:@10120
80452B60:@10121
80452B64:@10122
80452B68:@10123
80452B6C:@10124
80452B70:@10125
80452B74:@10126
803C58A8:@1014
803C58B4:@1015
80431298:@1018
803C58C0:@1019
80452DC0:@10193
80452DC4:@10194
80456484:@1021
80456488:@1022
8045349C:@10253
80456498:@1027
80453DF8:@10273
80453DFC:@10274
80452B78:@10278
80452B7C:@10279
804312B0:@1028
80452B80:@10280
80452B84:@10281
80452B88:@10282
80452B8C:@10283
80452B90:@10284
80452DC8:@10286
803C58F0:@1029
80456748:@103
803C58FC:@1030
804312BC:@1033
803CDB10:@1035
80455AD8:@1036
8045578C:@1040
80455790:@1041
80452B94:@10437
804555C0:@1044
80455670:@1045
80455674:@1046
80453E00:@10483
80453E04:@10484
80453E08:@10485
80453E0C:@10486
8007853C:@104@__dt__11dBgS_LinChkFv
80078554:@104@__dt__14dBgS_CamLinChkFv
80078584:@104@__dt__14dBgS_ObjLinChkFv
800785B4:@104@__dt__15dBgS_BombLinChkFv
8007859C:@104@__dt__15dBgS_LinkLinChkFv
800785FC:@104@__dt__15dBgS_RopeLinChkFv
800785CC:@104@__dt__16dBgS_ArrowLinChkFv
80078614:@104@__dt__16dBgS_HorseLinChkFv
800785E4:@104@__dt__20dBgS_BoomerangLinChkFv
8007856C:@104@__dt__21dBgS_CamLinChk_NorWtrFv
8045632C:@1051
80425420:@10516
80452DCC:@10532
8045376C:@10550
80453770:@10551
80453774:@10552
80453778:@10553
8045377C:@10554
80453780:@10555
80453784:@10556
80453788:@10557
8045378C:@10558
80453790:@10559
80456028:@1056
80453794:@10560
80453798:@10561
8045379C:@10562
804537A0:@10563
804537A4:@10564
804537A8:@10565
804537AC:@10566
804537B0:@10567
804537B4:@10568
804537B8:@10569
804537BC:@10570
804537C0:@10571
804537C4:@10572
804537C8:@10573
804537CC:@10574
804537D0:@10575
804537D4:@10576
804537D8:@10577
804537DC:@10578
804537E0:@10579
80455ADC:@1058
804537E4:@10580
804537E8:@10581
804537EC:@10582
8045257C:@10593
80452580:@10594
80452584:@10595
80452588:@10596
8045258C:@10597
80452590:@10598
80452594:@10599
80452598:@10600
8045259C:@10601
804525A0:@10602
804525A4:@10603
804525A8:@10604
80455AE8:@1061
80455AEC:@1062
80455AF0:@1063
80455AFC:@1066
80455B00:@1067
804555C8:@1069
804525AC:@10732
804525B0:@10733
804525B4:@10734
804525B8:@10735
804525BC:@10736
804525C0:@10737
804525C4:@10738
804525C8:@10739
804534A0:@10745
80452B98:@10780
80452B9C:@10781
80452BA0:@10782
804554E0:@1081
803C5754:@1083
803C5760:@1084
80431188:@1087
804525CC:@10872
804525D0:@10873
80431194:@1088
803C5778:@1090
803C5784:@1091
80453E10:@10916
80453E14:@10917
80453E18:@10918
80453E1C:@10919
80456448:@1092
80453E20:@10920
80453E24:@10921
80453E28:@10922
80453E2C:@10923
80453E30:@10924
80453E34:@10925
80453E38:@10926
80453E3C:@10927
80453E40:@10928
80453E44:@10929
80453E48:@10930
80453E4C:@10931
80453E50:@10932
804554A8:@1094
803C5790:@1096
803C579C:@1097
803C57A8:@1098
804311EC:@1102
804311F8:@1103
804534A4:@11061
804534A8:@11062
80452BA4:@11068
8037AABC:@11087
803CF328:@111
80456468:@1110
80452DD0:@11122
804537F0:@11167
804537F4:@11168
804537F8:@11169
80456030:@1117
804537FC:@11170
80453800:@11171
80453804:@11172
80453808:@11173
8045380C:@11174
80453810:@11175
80456038:@1118
80456040:@1119
803CF338:@112
80456048:@1120
80455FA0:@1123
803C7624:@1124
804534AC:@11253
804564B8:@1130
804525D4:@11302
803CEBB8:@1131
80455B04:@1135
8039AA58:@1138
803CF358:@114
80452BA8:@11415
80452BAC:@11416
80452BB0:@11417
80452BB4:@11418
80452BB8:@11419
803A2008:@1142
80452BBC:@11420
80452BC0:@11421
80452BC4:@11422
8037AAE4:@11437
80452DD4:@11442
80452DD8:@11470
80452DDC:@11471
804525D8:@11508
804525DC:@11509
804534B0:@11605
804563B0:@1167
80452DE0:@11673
804563B4:@1168
804563B8:@1171
8039ABA8:@1172
804525E0:@11882
804525E4:@11883
804525E8:@11884
804525EC:@11885
804525F0:@11886
804525F4:@11887
8039C220:@1193
804525F8:@11953
803A1FF8:@1197
80456808:@120
804564A4:@1220
80456450:@1223
804525FC:@12252
80452600:@12253
80452604:@12254
80452608:@12255
8045260C:@12256
80452610:@12257
80452614:@12258
80452618:@12259
8045261C:@12260
80453814:@12268
80453818:@12269
8045381C:@12270
80453820:@12271
80453824:@12272
80453828:@12273
8045382C:@12274
80453830:@12275
80453834:@12276
80453838:@12277
8045383C:@12278
80453840:@12279
80453844:@12280
80453848:@12281
8045384C:@12282
80453850:@12283
80453854:@12284
80453858:@12285
8045385C:@12286
80453860:@12287
80453864:@12288
80453868:@12289
8045386C:@12290
80453870:@12291
80453874:@12292
80453878:@12293
8045387C:@12294
80453880:@12295
80453884:@12296
80453888:@12297
803BA39C:@12300
80452DE4:@12328
80456330:@1233
804555D4:@1246
80452DE8:@12475
803D2F18:@1248
803A2080:@1257
803A208C:@1259
80455B08:@1267
80455B0C:@1268
80455B10:@1269
80455B18:@1271
80455B1C:@1272
80455B20:@1273
8045388C:@12864
80453890:@12865
80453894:@12866
80453898:@12867
8045389C:@12868
804538A0:@12869
80455598:@129
80456BC0:@1299
803CF918:@13
80456550:@130
803C4BE8:@1305
803D2F9C:@1307
803C4BF4:@1308
80456850:@131
803C4C00:@1310
80452DEC:@13119
803C4C0C:@1312
804538A4:@13132
803C4C18:@1314
803C4C24:@1316
804564BC:@1317
803C4C30:@1318
80456424:@1321
803C4C48:@1323
803C4C54:@1325
803C4C60:@1327
803C4C6C:@1329
804538A8:@13314
80455B24:@1334
80455B28:@1335
80455B2C:@1336
80455B30:@1337
80452DF0:@13382
804565B8:@134
804565C0:@136
80455520:@1361
80455524:@1362
80455528:@1363
803C4C78:@1366
804538AC:@13673
80452DF4:@13699
804565C4:@137
80452DF8:@13700
80452DFC:@13701
80452E00:@13702
80434560:@1373
80452E04:@13794
804565C8:@138
804565CC:@139
803CF930:@14
804538B0:@14059
804538B4:@14060
804538B8:@14061
804538BC:@14062
804538C0:@14063
804565D4:@141
8042C9AC:@14159
803C9B70:@1418
804565D8:@142
8045639C:@1423
80425640:@14255
80425658:@14259
80425670:@14263
80425688:@14267
804565DC:@143
804565E0:@144
803C4D9C:@1441
803D3100:@1442
803D3020:@1443
803C4DA8:@1444
803C4DB4:@1446
803C4DC0:@1449
802C588C:@144@__dt__14Z2CreatureLinkFv
802C5894:@144@__dt__14Z2CreatureRideFv
803C4DCC:@1451
803C4DD8:@1453
803C4DE4:@1455
80456334:@1460
80456338:@1461
80452E0C:@14614
80452E14:@14616
80452E18:@14617
80452E1C:@14618
80452E20:@14619
80456340:@1462
80452E24:@14620
80452E28:@14621
80452E2C:@14622
80452E30:@14623
80452E34:@14624
80452E38:@14625
80452E3C:@14626
80452E40:@14627
80456350:@1464
80456358:@1465
80456360:@1468
804561F0:@1469
80455510:@1470
80452E44:@14760
80452E48:@14781
80452E4C:@14782
80452E50:@14783
80452E54:@14784
80452E58:@14785
80452E5C:@14786
80452E60:@14787
80456168:@1488
80456170:@1490
80452E64:@14954
80452E68:@14955
8042C9C4:@14964
8042C9D0:@14968
80456458:@1499
803CF958:@15
80456178:@1507
803A1C60:@1508
80452E6C:@15106
80452E70:@15188
804562D8:@1534
80452E74:@15341
804562E0:@1536
803C4EF0:@1546
80452E78:@15460
804538C8:@15474
804538CC:@15475
804538D0:@15476
804538D4:@15477
804538D8:@15478
804538DC:@15479
804538E0:@15480
804538E4:@15481
804538E8:@15482
804538EC:@15483
804538F0:@15484
804538F4:@15485
804538F8:@15486
804538FC:@15487
804562A0:@1549
804562A8:@1552
80456220:@1561
80456224:@1562
80456228:@1563
804569B8:@157
803C4F34:@1570
80456308:@1576
80453900:@15772
80453904:@15773
8045646C:@1578
80452E7C:@15808
804562F8:@1581
80005608:@159
803D1330:@16
80452E80:@16036
80452E84:@16037
80452E88:@16038
80452E8C:@16066
80452E90:@16067
803C4F4C:@1613
80456310:@1619
80456570:@162
80452E94:@16210
80455530:@1622
80455538:@1623
80455540:@1624
80455548:@1625
80455550:@1629
8045098C:@163
803C4FD8:@1637
803A2C0C:@165
804561F8:@1651
80456200:@1655
80452E98:@16566
80452E9C:@16567
80452EA0:@16568
80452EA4:@16569
80452EA8:@16570
80456280:@1660
80456288:@1662
803BA4B8:@16620
803BA4C4:@16621
803BA4D0:@16622
803BA4DC:@16623
803BA4E8:@16624
803BA4F4:@16625
803BA500:@16626
803BA50C:@16627
803BA518:@16628
803BA524:@16629
803BA530:@16630
803BA53C:@16631
803BA548:@16632
803BA554:@16633
803BA560:@16634
803BA56C:@16635
803BA578:@16636
803BA584:@16637
803BA590:@16638
803BA59C:@16639
803BA5A8:@16640
803BA5C0:@16642
803BA5CC:@16643
803BA5D8:@16644
803BA5E4:@16645
803BA5F0:@16646
803BA5FC:@16647
803BA608:@16648
803BA614:@16649
80456290:@1665
803BA620:@16650
803BA62C:@16651
803BA638:@16652
803BA644:@16653
80393DC0:@16654
80452EB0:@16790
803C4FE4:@1683
803C4FF0:@1686
803C4FFC:@1688
803C5008:@1690
804564A8:@1691
803C5014:@1692
803C5020:@1694
803C502C:@1696
803C5038:@1698
8029F870:@16@JAISound_tryDie___5JAISeFv
8001E0EC:@16@__dt__11dBgS_WtrChkFv
8007914C:@16@__dt__12dBgS_RoofChkFv
80078D4C:@16@__dt__14dBgS_SplGrpChkFv
8001E104:@16@__dt__15dBgS_ObjRoofChkFv
8014470C:@16@__dt__16dBgS_LinkRoofChkFv
80077574:@16@__dt__8dBgS_ChkFv
8029F890:@16@asSe__5JAISeFv
8029F880:@16@getChildTrack__5JAISeFi
8029F8A0:@16@getChild__5JAISeFi
8029F8A8:@16@getNumChild__5JAISeCFv
8029F878:@16@getTempoMgr__5JAISeFv
8029F888:@16@getTrack__5JAISeFv
8029F898:@16@releaseChild__5JAISeFi
803C5044:@1701
803C5050:@1703
803D2AF0:@1710
80456208:@1725
80453908:@17253
8045390C:@17254
80453910:@17255
804562F0:@1731
80452EB4:@17382
80456260:@1739
80453918:@17392
80456314:@1748
803C5068:@1752
8045391C:@17525
80452EB8:@17592
80452EBC:@17593
80456268:@1767
803C51A0:@1776
803C51AC:@1779
803C51B8:@1781
803C51C4:@1783
804562C4:@1784
803C51D0:@1785
803C51DC:@1787
803C51E8:@1789
804565A8:@179
803C51F4:@1791
803C5200:@1794
80453920:@17948
803C520C:@1796
80453924:@17979
803D1568:@18
80005610:@180
803C5224:@1800
80455514:@1805
80452EC0:@18068
80455518:@1807
803D28B4:@181
80452EC4:@18176
804314C8:@1819
803D2858:@182
804314D4:@1820
804314E0:@1821
804314EC:@1822
804562B0:@1827
80456238:@1829
8045623C:@1830
803A1C20:@1849
80455640:@187
80452EC8:@18706
80005628:@188
80452ECC:@18830
80452ED0:@18847
804561C0:@1887
803D07B0:@189
80452ED4:@18929
80391978:@18938
80456BB8:@1897
80452ED8:@18997
803D1CC0:@19
80456510:@190
80456514:@191
804564B0:@1915
80452EDC:@19240
80452EE0:@19379
80452EE4:@19380
80452EE8:@19381
80452EEC:@19382
80452EF0:@19428
804561B0:@1943
804561B4:@1944
804561B8:@1946
803A1DB8:@1953
803A1DC4:@1954
803A1DD0:@1955
803A1DE0:@1956
80452EF4:@19580
804554C8:@1967
80456240:@1971
80456248:@1974
80455B34:@1988
803D1CE0:@20
8045665C:@201
8045626C:@2017
80456BB0:@2018
80456270:@2021
80452EF8:@20303
804561C4:@2039
80452EFC:@20400
80452F00:@20401
80452F04:@20402
80456298:@2049
80452F08:@20495
80452F0C:@20496
80431C68:@205
80452F10:@20790
80452F14:@20823
80452F18:@20824
80452F1C:@20991
80452F20:@20992
80267D54:@20@__dt__11cBgS_GndChkFv
80267F80:@20@__dt__11cBgS_LinChkFv
80077B10:@20@__dt__11dBgS_GndChkFv
80078534:@20@__dt__11dBgS_LinChkFv
80078B70:@20@__dt__11dBgS_SphChkFv
801446DC:@20@__dt__12dBgS_ObjAcchFv
801446EC:@20@__dt__13dBgS_LinkAcchFv
80077B70:@20@__dt__14dBgS_CamGndChkFv
8007854C:@20@__dt__14dBgS_CamLinChkFv
801827EC:@20@__dt__14dBgS_CamSphChkFv
8001E0D4:@20@__dt__14dBgS_ObjGndChkFv
8007857C:@20@__dt__14dBgS_ObjLinChkFv
800785AC:@20@__dt__15dBgS_BombLinChkFv
801446F4:@20@__dt__15dBgS_LinkGndChkFv
80078594:@20@__dt__15dBgS_LinkLinChkFv
800785F4:@20@__dt__15dBgS_RopeLinChkFv
800785C4:@20@__dt__16dBgS_ArrowLinChkFv
8007860C:@20@__dt__16dBgS_HorseLinChkFv
80077B88:@20@__dt__18dBgS_CamGndChk_WtrFv
80077B58:@20@__dt__18dBgS_ObjGndChk_AllFv
80077B40:@20@__dt__18dBgS_ObjGndChk_SplFv
80077B28:@20@__dt__18dBgS_ObjGndChk_WtrFv
800785DC:@20@__dt__20dBgS_BoomerangLinChkFv
80078564:@20@__dt__21dBgS_CamLinChk_NorWtrFv
8007748C:@20@__dt__9dBgS_AcchFv
803D1CEC:@21
80452F24:@21021
80456318:@2110
8045631C:@2111
8045661C:@212
804562C8:@2130
80456628:@214
80456250:@2156
80452F28:@21624
80452F2C:@21680
80452F30:@21736
803A2C64:@218
80430FD8:@2184
804553B8:@2193
804560D0:@2196
80455250:@2198
802A6698:@220@__dt__14JAUSectionHeapFv
802A6690:@220@getSeqData__14JAUSectionHeapF10JAISoundIDP10JAISeqData
802A6688:@220@releaseSeqData__14JAUSectionHeapFv
802A6680:@220@setSeqDataUser__14JAUSectionHeapFP14JAISeqDataUser
803A2CE4:@221
80452F34:@22146
804565F0:@222
803D22E8:@223
804550B4:@2232
804553BC:@2238
804553C0:@2239
803D2780:@224
80455244:@2243
80455248:@2245
80455208:@2248
804550EC:@2249
8045520C:@2260
80452F3C:@22608
80452F40:@22609
80455210:@2263
804550F0:@2266
804550F4:@2267
804550F8:@2268
8045651C:@227
80455108:@2271
80455110:@2272
80455138:@2273
804560E0:@2279
804560E8:@2281
804550BC:@2282
804550C0:@2284
80455310:@2287
80455318:@2289
80456050:@2293
804550C8:@2296
804550CC:@2297
804550D0:@2298
804509F4:@23
80456520:@230
80455018:@2305
8045501C:@2306
804560F0:@2308
804560F4:@2309
804560F8:@2310
80456104:@2313
80456108:@2315
80452F44:@23155
80455308:@2318
8045530C:@2319
80005678:@232
80455320:@2321
80455078:@2325
8045507C:@2326
80455080:@2327
80455720:@233
804552F0:@2339
80452F48:@23416
8045513C:@2346
80455728:@235
80455338:@2353
8045533C:@2354
80452F4C:@23542
80452F50:@23595
804551F0:@2380
804551F8:@2381
80455200:@2382
803D1480:@239
804552F4:@2390
803D1574:@24
80005684:@240
80430F98:@2401
80430FA4:@2402
80430FB0:@2403
80430FBC:@2404
80430CA8:@2414
80455020:@2431
80452F54:@24322
80452F58:@24323
804552F8:@2433
804552FC:@2434
80452F5C:@24400
80452F60:@24401
80455378:@2442
8045537C:@2443
80455380:@2444
80455088:@2446
80455090:@2447
80455098:@2448
80430CE8:@2450
80430D00:@2451
80430D18:@2452
80430D30:@2453
80430D48:@2454
80430D60:@2455
80430D78:@2456
80430D90:@2457
80452F64:@24589
80455340:@2459
80452F68:@24590
80452F6C:@24591
80452F70:@24592
80452F74:@24593
80452F78:@24594
80452F7C:@24595
80452F80:@24600
80452F84:@24618
80456120:@2462
80456124:@2463
80456128:@2464
8045612C:@2465
80452F88:@24680
80456138:@2469
80456140:@2471
80455028:@2472
80455228:@2474
80455630:@248
80452F8C:@24852
80455634:@249
8045522C:@2491
80430CC0:@2492
80455254:@2497
80455258:@2498
80455638:@250
80455260:@2500
80455328:@2501
80452F90:@25059
80452F94:@25113
80455650:@253
803A1CF0:@2530
803A1D08:@2531
80456210:@2547
803A1D50:@2555
803A1D70:@2556
803A1D90:@2557
80455388:@2565
8045538C:@2566
80455390:@2567
80455394:@2568
80452F98:@25684
80455398:@2569
8045539C:@2570
804553A0:@2572
804553A8:@2574
80456110:@2580
80456114:@2581
80452F9C:@25873
80452FA0:@25874
804507D0:@2588
80452FA4:@25916
80456650:@26
800852A8:@260@__dt__8dCcD_CpsFv
800852C8:@260@__dt__8dCcD_CylFv
800852D8:@260@__dt__8dCcD_SphFv
800852B8:@260@__dt__8dCcD_TriFv
8045655C:@261
80430DA8:@262
804552B0:@2623
80452FB0:@26233
80452FB4:@26275
80452FB8:@26276
80452FBC:@26297
80005690:@263
803C4488:@2631
8045535C:@2633
80455360:@2634
80455364:@2635
80455368:@2636
803D14B4:@265
8045534C:@2656
803D1CF8:@266
80455230:@2671
80455238:@2672
80452FC0:@26816
80452FC4:@26817
80452FC8:@26818
80452FCC:@26819
804562D0:@2690
80456654:@27
80452FD0:@27005
803CCFB0:@2709
803A2AB8:@274
804552B8:@2740
804552BC:@2741
80452FD4:@27418
804552C0:@2742
80452FD8:@27476
80452FDC:@27477
80456278:@2758
8045503C:@2759
80455040:@2760
80455044:@2761
80455048:@2762
80455050:@2763
80455058:@2764
80455060:@2765
80455068:@2766
803A2B0C:@277
80455738:@278
80456658:@28
80452FE0:@28016
80452FE4:@28017
80452FE8:@28045
803C426C:@2828
80452FEC:@28285
80452FF0:@28286
80452FF4:@28287
803C4240:@2829
803A2B98:@283
80456388:@284
80452FF8:@28405
8045638C:@285
804565FC:@289
80456214:@2890
80456218:@2891
80085298:@28@__dt__9dCcD_SttsFv
80456604:@291
800852A0:@292@__dt__8dCcD_CpsFv
800852C0:@292@__dt__8dCcD_CylFv
800852D0:@292@__dt__8dCcD_SphFv
800852B0:@292@__dt__8dCcD_TriFv
80455F70:@295
80455F78:@296
80455270:@2964
804256A0:@29722
80455F88:@298
80456254:@2984
80456258:@2985
80455760:@299
80455764:@300
804553B0:@3010
804553D0:@302
803A1C30:@3028
80456054:@3034
80456058:@3035
803A1C40:@3037
80452FFC:@30372
804551A8:@3082
803A1D40:@3089
80453000:@30895
804315D0:@313
804552D0:@3145
804552D4:@3146
80453004:@31530
804526F0:@316
80455290:@3189
80455294:@3190
80455298:@3191
8045529C:@3192
804552A0:@3194
804551AC:@3205
80453008:@32072
803A28D0:@321
803A28F0:@322
804551B0:@3229
803A28F8:@323
804551B4:@3230
803C44A8:@3259
804564D8:@326
804552D8:@3281
804552DC:@3282
80453010:@32830
80453014:@32831
80453018:@32832
8045301C:@32833
80264A54:@32@__dt__12cCcD_CpsAttrFv
80264A5C:@32@__dt__12cCcD_CylAttrFv
80264A64:@32@__dt__12cCcD_SphAttrFv
80264A4C:@32@__dt__12cCcD_TriAttrFv
80456598:@331
8045659C:@332
804565A0:@334
80453024:@33587
80391A2C:@33690
80456860:@337
80455998:@3372
8045599C:@3373
8039C240:@3380
80456870:@339
80455A18:@3395
80455A1C:@3396
80456878:@340
80453028:@34189
8045302C:@34190
80456898:@344
804568A0:@345
803C4298:@3454
804568A8:@346
80455A20:@3467
80455A24:@3468
804568B0:@347
80453030:@34772
80453034:@34773
80453038:@34774
8045303C:@34775
80453040:@34776
80453044:@34777
80453048:@34778
8045304C:@34779
80455E60:@3485
80455E64:@3486
80453050:@34957
80391A50:@34968
804551B8:@3497
80455D40:@3501
80455D44:@3502
80455D48:@3503
80455D4C:@3504
80455D50:@3505
80455D58:@3508
804568D0:@351
80455A38:@3511
80455A3C:@3512
804568D8:@352
80455E68:@3527
80455E6C:@3528
80455A40:@3529
804568E0:@353
80455E70:@3530
80455A48:@3531
804568E8:@354
80455B3C:@3560
80453054:@35610
80455B48:@3564
803CAB18:@3566
80455D60:@3574
80455D64:@3585
80455E78:@3589
80455E7C:@3590
80455858:@3597
8045585C:@3598
80455860:@3599
80456920:@361
803A82C4:@3617
803A82D0:@3618
80456928:@362
803DBF40:@3620
803A82E8:@3622
80452760:@3627
80454E20:@3631
80452BC8:@3632
80451B70:@3634
80451B74:@3635
80451B78:@3638
80424678:@3639
804306B8:@3640
80430C90:@3644
8042CA10:@3648
80456940:@365
80455D68:@3654
80456948:@366
80430728:@3660
80454B98:@3662
80455C08:@3663
80455C0C:@3664
80455C18:@3667
80455C1C:@3668
80455C20:@3669
80456950:@367
80451D98:@3671
80453A48:@3673
80453A4C:@3674
80451B08:@3676
80456958:@368
80454E24:@3683
80454E30:@3686
80454E34:@3687
803BB624:@3693
80455BC4:@3699
80078B78:@36@__dt__11dBgS_SphChkFv
8001E0FC:@36@__dt__11dBgS_WtrChkFv
801446D4:@36@__dt__12dBgS_ObjAcchFv
8007915C:@36@__dt__12dBgS_RoofChkFv
801446E4:@36@__dt__13dBgS_LinkAcchFv
801827F4:@36@__dt__14dBgS_CamSphChkFv
80078D5C:@36@__dt__14dBgS_SplGrpChkFv
8001E114:@36@__dt__15dBgS_ObjRoofChkFv
8014471C:@36@__dt__16dBgS_LinkRoofChkFv
80077484:@36@__dt__9dBgS_AcchFv
80450A00:@37
80455BC8:@3700
80455BCC:@3701
80454B50:@3707
80454EC8:@3708
80451A20:@3709
80451A24:@3710
80455E84:@3712
80455E90:@3715
80453058:@37152
80455C9C:@3722
80455CA0:@3723
80455CB0:@3725
80455CB8:@3726
803DD8D8:@3727
803CBD08:@3729
8045305C:@37322
80453060:@37323
80451BB0:@3733
80451BB4:@3734
804306C8:@3735
803C2E44:@3737
803C2E98:@3744
80453064:@37527
80453068:@37528
80455D88:@3753
8045306C:@37749
80452768:@3780
80454D88:@3781
80434274:@3783
80451B84:@3784
80451B8C:@3786
803D16F0:@38
80455828:@380
80453070:@38059
8045582C:@381
80451D5C:@3813
80453A80:@3814
803A8610:@3817
80453074:@38175
80453078:@38176
8045307C:@38177
803BDD4C:@3856
80453080:@38624
80453B88:@3870
804535E4:@3872
804535EC:@3874
804535F0:@3875
803BBBA4:@3889
803D170C:@39
80455610:@390
80454FE8:@3908
80455614:@391
80454B5C:@3910
80454550:@3912
80454554:@3913
80454558:@3914
8045455C:@3915
80455618:@392
80454F10:@3930
80455F58:@3931
80455F5C:@3932
80454ED8:@3933
80453084:@39330
80454EDC:@3934
80454EEC:@3938
80455D04:@3948
80454D60:@3951
804533AC:@3952
804533B8:@3955
80455830:@396
80454248:@3961
803B2CA4:@39610
803B2CB0:@39611
803B2CBC:@39612
803B2CC8:@39613
803B2CD4:@39614
803B2CE0:@39615
804542F0:@3966
804542F4:@3967
80455834:@397
804541D4:@3971
804541D8:@3972
80425978:@3974
80454BB8:@3978
80454BC0:@3980
80428610:@3982
803CA08C:@3988
8042E820:@3989
80452818:@3991
804521C4:@3993
80454120:@3994
80454CE8:@3998
80454CEC:@3999
803D1724:@40
80452824:@4002
8045282C:@4004
80452830:@4005
80452834:@4006
80452838:@4007
8045283C:@4008
80452854:@4014
804544B0:@4016
803A7C18:@4017
803BD09C:@4019
803A2910:@402
803BD0C0:@4022
803BD0CC:@4023
803BD0D8:@4024
803A2930:@403
803A2950:@404
80453088:@40561
8045308C:@40562
80453090:@40716
80456410:@409
803D1738:@41
80456414:@410
80428430:@4102
804564D0:@411
80452204:@4114
80456B88:@4115
804547EC:@4117
804530BC:@41180
80454B64:@4154
80454B68:@4155
80454B6C:@4156
804551D0:@416
80454130:@4160
80454134:@4161
80454138:@4162
803BA8D0:@4169
804551D4:@417
80453100:@41718
803BA8F4:@4172
804561C8:@418
803BA99C:@4186
80450A04:@42
803BAA8C:@4206
803BAAA4:@4208
803BAAB0:@4209
803BAABC:@4210
804527A8:@4214
804527B8:@4216
804527BC:@4217
804527C0:@4218
803A2BE8:@422
80454BE4:@4230
80453A6C:@4238
804540B8:@4245
80453610:@4247
80453614:@4248
80453118:@42493
8045361C:@4250
804551C8:@4255
80454624:@4257
80454628:@4258
8045311C:@42622
80453120:@42685
80453124:@42686
80453128:@42687
8045312C:@42688
80454664:@4273
80454668:@4274
803BE9C4:@4292
80453130:@42933
80453134:@42934
80450A08:@43
803BECDC:@4323
803BED00:@4326
803BED0C:@4327
803BED18:@4328
803BED24:@4329
803BED30:@4330
803BED3C:@4331
80456378:@435
80453BD4:@4350
80453BD8:@4351
80453BDC:@4352
80453138:@43529
8045313C:@43530
80453140:@43531
80452240:@4365
80452244:@4366
80452248:@4367
8045224C:@4368
80452250:@4369
80452254:@4370
80452258:@4371
80453BB8:@4377
804520E0:@4378
80453638:@4380
80453640:@4381
804544C4:@4386
804544C8:@4387
80454C18:@4388
80451F70:@4391
803D174C:@44
80456A28:@440
80453144:@44003
80453148:@44004
80451F18:@4401
80451F20:@4402
80451F24:@4403
80425568:@4413
80425598:@4415
80456A38:@442
803A1E8C:@443
80456A40:@445
803AFB94:@4463
803AFBA0:@4464
803AFBB8:@4466
80455FD8:@453
80455FDC:@454
803AFF30:@4540
80453154:@45401
803AFF48:@4542
803AFF54:@4543
803AFF60:@4544
803AFF6C:@4545
803AFF78:@4546
803AFF84:@4547
803AFF90:@4548
803AFF9C:@4549
803AFFA8:@4550
80453158:@45501
803AFFB4:@4551
803AFFC0:@4552
803B0008:@4558
803B0014:@4559
80455FE0:@456
803B0020:@4560
803B0050:@4564
803B005C:@4565
803B0068:@4566
803B0080:@4568
803B008C:@4569
803B0098:@4570
803B00BC:@4573
803B00C8:@4574
803B00D4:@4575
8045315C:@45756
803B00E0:@4576
803B00EC:@4577
803B00F8:@4578
803B0104:@4579
803B0110:@4580
803B011C:@4581
803B0134:@4583
803B0140:@4584
803D123C:@460
80453160:@46081
803D124C:@461
803B02C0:@4616
803B02CC:@4617
803B02D8:@4618
803B02F0:@4620
803B0338:@4626
803B0350:@4628
803B035C:@4629
803B0368:@4630
803B0374:@4631
803B0380:@4632
803B038C:@4633
803B0398:@4634
803B03A4:@4635
803B03B0:@4636
803B03BC:@4637
803B03C8:@4638
803B03D4:@4639
803B03E0:@4640
803B0410:@4644
80453164:@46462
803B0440:@4648
803B044C:@4649
803B0458:@4650
803B0464:@4651
803B0470:@4652
803B047C:@4653
803B0488:@4654
803B04B8:@4658
803B04C4:@4659
803B04D0:@4660
803B04DC:@4661
803D12B4:@467
803B0584:@4675
803B0590:@4676
803B05A8:@4678
803D12C0:@468
803B05E4:@4683
803B05F0:@4684
803B05FC:@4685
803B0608:@4686
803B0614:@4687
803B065C:@4693
803B0674:@4695
803B0680:@4696
803B068C:@4697
803B0698:@4698
80431ADC:@470
803B06B0:@4700
803B06BC:@4701
803B06C8:@4702
803B06D4:@4703
803B06E0:@4704
803B06EC:@4705
80453168:@47052
803B06F8:@4706
803B0704:@4707
803B0710:@4708
803B071C:@4709
803B0734:@4711
803B0740:@4712
803B074C:@4713
803B0758:@4714
803B0764:@4715
803B0770:@4716
803B077C:@4717
803B0788:@4718
803B07A0:@4720
803B07AC:@4721
803D10F0:@473
803D1100:@474
8045316C:@47417
803B08B4:@4743
803B08C0:@4744
803B08F0:@4748
803B08FC:@4749
803D1110:@475
803B0908:@4750
803B0914:@4751
803B0920:@4752
803B092C:@4753
803B0938:@4754
803B0944:@4755
803B0950:@4756
803B095C:@4757
803B0968:@4758
803B0974:@4759
80453170:@47597
80453174:@47598
803B0980:@4760
803D1130:@477
80453178:@47725
8045317C:@47726
803B0A1C:@4773
803B2028:@4774
803B2034:@4775
803B2040:@4776
803B204C:@4777
803B2064:@4779
803D1144:@478
803B2070:@4780
803B2088:@4782
803B2094:@4783
803B20DC:@4789
803D1158:@479
803B2130:@4796
803B2148:@4798
803B2154:@4799
803B2160:@4800
803B216C:@4801
803B2184:@4803
803B21B4:@4807
80453180:@48076
80453184:@48077
80453188:@48078
803B21C0:@4808
803B21CC:@4809
80434280:@481
803B21F0:@4812
803B21FC:@4813
803B2208:@4814
803B2214:@4815
803B2220:@4816
803B222C:@4817
803B2238:@4818
803B2244:@4819
803B225C:@4821
803B2268:@4822
803B2274:@4823
803B22C8:@4830
803B22D4:@4831
80455E44:@4833
80455E48:@4834
80455E4C:@4835
80455E50:@4836
80455C84:@4838
803CBB10:@4839
804534F8:@4845
80454040:@4848
803D1164:@485
80453C70:@4850
8045318C:@48504
80453190:@48505
80453194:@48506
80453C74:@4851
80453C78:@4852
80455E58:@4856
803BC7EC:@4861
803BC804:@4863
803BC810:@4864
803BC81C:@4865
803BC864:@4866
803BC870:@4867
803BC87C:@4868
803BC888:@4869
803BC894:@4870
803BC8DC:@4871
803BC8E8:@4872
803BC8F4:@4873
803BC900:@4874
803BC960:@4877
803BC984:@4878
803BC9B4:@4880
803BC9C0:@4881
803BC9CC:@4882
803BC9FC:@4883
803BCA08:@4884
803BCA14:@4885
80454364:@4893
80454368:@4894
803BE758:@4901
80451EC4:@4904
80455C8C:@4906
80453198:@49124
804548A0:@4925
80454044:@4926
80454048:@4927
80378880:@4932
8037888C:@4933
803C1584:@4936
80454158:@4939
8045319C:@49395
804531A0:@49396
803C5C40:@494
8045415C:@4940
80455C90:@4944
80455C94:@4945
804542D4:@4948
803C5C4C:@495
804542D8:@4950
803C5C58:@496
80452710:@4962
80453C80:@4964
803C5C64:@497
80453508:@4970
80453510:@4971
80453518:@4972
804535C0:@4979
80454A20:@4986
80454A24:@4987
80454A28:@4988
80454A2C:@4989
80454A30:@4990
80454A34:@4991
80454A38:@4992
80454A3C:@4993
804531A4:@49938
80454A40:@4994
80454A44:@4995
80454A48:@4996
80454A4C:@4997
804531A8:@49992
801C0844:@4@__dt__14dMenu_DmapBg_cFv
80298FA8:@4@__dt__17JASSimpleWaveBankFv
801D810C:@4@__dt__18dMenu_Fmap2DBack_cFv
802BBCC4:@4@getAudibleSw__11Z2SoundInfoCF10JAISoundID
802BBCBC:@4@getBgmSeqResourceID__11Z2SoundInfoCF10JAISoundID
803C5C88:@500
80453B2C:@5002
80453B30:@5003
80453B34:@5004
80453B38:@5005
80453B3C:@5006
80453B40:@5007
803C5C94:@501
80451EC8:@5013
803C5CA0:@502
803C163C:@5032
803C1648:@5033
803C1654:@5034
803C1660:@5035
803C166C:@5036
803C1678:@5037
803C1690:@5039
803C169C:@5040
803C16A8:@5041
803C16B4:@5042
803C16C0:@5043
803C16D8:@5045
803C16E4:@5046
803C16F0:@5047
803C16FC:@5048
803C1708:@5049
803C175C:@5056
803C1774:@5058
803C1780:@5059
803C17B0:@5063
803C17BC:@5064
803C17E0:@5067
803C17EC:@5068
803C17F8:@5069
803C1804:@5070
803C1810:@5071
803C181C:@5072
803C1828:@5073
803C1840:@5075
803CBB90:@5076
80453C88:@5077
803F1C0C:@5078
80453B44:@5084
80455990:@5085
80451D00:@5090
80454F68:@5094
80451ECC:@5095
804531AC:@50951
804256EC:@50952
80452284:@5096
80452288:@5097
8045228C:@5098
80452290:@5099
80452298:@5101
8045229C:@5102
804522A0:@5103
804522A4:@5104
804522A8:@5105
804522B0:@5107
804522B4:@5108
804522B8:@5109
804522C0:@5111
804522C4:@5112
804522C8:@5113
804522CC:@5114
804522D8:@5117
804522DC:@5118
804522E0:@5119
804522E4:@5120
804522E8:@5121
804522EC:@5122
804522F4:@5124
804522F8:@5125
804522FC:@5126
803C5D24:@513
80452310:@5131
80452314:@5132
80452698:@5137
8045269C:@5138
80451F94:@5140
80453540:@5149
803C5D3C:@515
803CDF90:@5150
80454A7C:@5151
80454A80:@5154
803BFFD0:@5157
804531B0:@51575
803BFFA0:@5158
803C5D48:@516
803C5D54:@517
80453F30:@5173
80453F34:@5174
803C5D60:@518
80452130:@5181
80452134:@5182
80452138:@5183
8045213C:@5184
80452140:@5185
80452144:@5186
8045214C:@5188
803C5D6C:@519
80453C9C:@5194
80451FC0:@5198
803C5D78:@520
80451EFC:@5200
80454CA0:@5203
804549C0:@5206
803C5D84:@521
803CA3F8:@5218
803CA33C:@5219
804531B4:@52234
80451D04:@5226
80454F70:@5227
80454F74:@5228
80454F78:@5229
803C5D9C:@523
80454F90:@5235
803C5DA8:@524
803B9E44:@5242
803B9E50:@5243
803B9E5C:@5244
803B9E68:@5245
803B9E74:@5246
803B9E80:@5247
804531B8:@52470
803B9E8C:@5248
804531BC:@52534
804531C0:@52535
804531C4:@52536
803CBBF0:@5259
803C5DCC:@527
80452080:@5270
80452090:@5272
80452098:@5273
8045209C:@5274
804520A0:@5275
8045404C:@5277
803C5DD8:@528
80454050:@5288
804531C8:@52882
804531CC:@52883
804531D0:@52884
803C5DE4:@529
80453B48:@5296
80452738:@5299
8001E0F4:@52@__dt__11dBgS_WtrChkFv
80079154:@52@__dt__12dBgS_RoofChkFv
80078D54:@52@__dt__14dBgS_SplGrpChkFv
8001E10C:@52@__dt__15dBgS_ObjRoofChkFv
80144714:@52@__dt__16dBgS_LinkRoofChkFv
803C5DF0:@530
80452740:@5300
80452748:@5301
804531D4:@53012
80451C94:@5315
80451C98:@5317
803C5E08:@532
80451DE8:@5322
80454F94:@5325
80454F98:@5326
80454F9C:@5327
803C5E20:@534
80455A50:@5341
80455A54:@5342
803CA7F4:@5350
803CA7BC:@5351
803CA784:@5352
803CA744:@5353
803CA704:@5354
80453548:@5359
80452164:@5361
80452168:@5362
8045216C:@5363
80452170:@5364
80453CB8:@5365
804543E0:@5366
804543E4:@5367
804543E8:@5368
804543EC:@5369
804543F0:@5370
80451FC8:@5374
804520AC:@5377
804520B0:@5378
80451FD0:@5383
80451FD4:@5384
803C5E5C:@539
803C5E68:@540
80453F50:@5402
80453F58:@5403
803C5E74:@541
8045342C:@5410
803C6480:@542
80453430:@5422
80453434:@5423
8045421C:@5434
80455680:@544
80455684:@545
80453438:@5459
80455688:@546
8045343C:@5460
8045394C:@5472
80453950:@5473
80453958:@5475
80454A88:@5490
80454A8C:@5491
803A21A8:@55
804531F0:@55047
804531F4:@55048
804531F8:@55145
804531FC:@55146
80453200:@55147
80453204:@55148
80453208:@55149
8045320C:@55150
80453210:@55151
80452178:@5524
80452180:@5525
80452188:@5526
80452190:@5527
80452194:@5528
80452198:@5529
8045219C:@5530
80454FA0:@5544
80454FA4:@5545
80454FA8:@5546
80454FAC:@5547
804520B8:@5551
804520BC:@5552
804520C0:@5553
80453CBC:@5554
80453CC0:@5555
80453CC4:@5556
80431C30:@556
80454220:@5568
80456380:@557
80451C28:@5584
80453214:@55845
80453218:@55846
8045321C:@55847
80453220:@55848
80453224:@56018
80454D98:@5608
80453F64:@5611
80453F68:@5612
80453CDC:@5618
80454770:@5628
80454774:@5629
8045477C:@5631
80454788:@5634
8045478C:@5635
80454790:@5636
804543F4:@5648
804543F8:@5649
80454400:@5650
80454408:@5651
804536A0:@5656
804536A4:@5657
804536A8:@5658
804536AC:@5659
804536B0:@5660
804536B4:@5661
804536B8:@5662
804536BC:@5663
80453440:@5667
804526A0:@5668
804526A8:@5670
804559F0:@5673
804559F4:@5674
804559F8:@5675
804559FC:@5676
80455A00:@5677
80455A04:@5678
80455A08:@5679
80455A0C:@5680
80455A10:@5681
80454410:@5683
80453B60:@5687
80453B64:@5688
80453B68:@5689
804511E8:@569
80453B6C:@5690
80453B74:@5692
80453B78:@5693
80453B7C:@5694
80078B88:@56@__dt__11dBgS_SphChkFv
80182804:@56@__dt__14dBgS_CamSphChkFv
80456B08:@57
80451C2C:@5711
80452320:@5716
80452324:@5717
80452328:@5718
8045232C:@5719
80452330:@5720
80452334:@5721
80452338:@5722
8045233C:@5723
80452340:@5724
80452344:@5725
80452348:@5726
8045234C:@5727
80452350:@5728
80452354:@5729
803A2AAC:@573
80452358:@5730
8045235C:@5731
80452360:@5732
80452364:@5733
80452368:@5734
80452370:@5736
80452374:@5737
80452378:@5738
8045237C:@5739
803A2AB4:@574
80452380:@5740
80452384:@5741
80452388:@5742
8045238C:@5743
80452390:@5744
80452394:@5745
80452398:@5746
804523A0:@5748
804548B0:@5786
804549E8:@5791
80453444:@5794
80456B40:@58
80451C30:@5808
80451C40:@5812
804520DC:@5838
80453CE0:@5839
80453CE4:@5840
803BBFF0:@5841
803BBFD0:@5842
804528E0:@5844
80451C44:@5845
804528E8:@5846
804563A8:@585
804521A8:@5855
80453230:@58630
80453234:@58631
803C0B4C:@5875
80391734:@5908
80455A14:@5913
804549EC:@5933
80451B28:@5939
80452C98:@5943
803C1AE0:@5946
803C1B1C:@5951
803C1B28:@5952
803C1B34:@5953
803C1B40:@5954
803C1B4C:@5955
803C1B58:@5956
803C1B64:@5957
803C1B70:@5958
80453238:@59593
8045323C:@59594
80453240:@59595
803C1B88:@5960
803C1B94:@5961
803C1BAC:@5963
803C1BB8:@5964
803C1BC4:@5965
803C1BD0:@5966
803C1BDC:@5967
803C1BE8:@5968
803C1BF4:@5969
803C1C00:@5970
803C1C0C:@5971
803C1C18:@5972
803C1C24:@5973
803C1C30:@5974
803C1C3C:@5975
803C1C48:@5976
803C1C54:@5977
803C1C60:@5978
803C1C6C:@5979
803C1C78:@5980
803C1C84:@5981
803C1C90:@5982
803C1C9C:@5983
8037A844:@5987
8037A858:@5988
80456A48:@60
804544CC:@6000
804544D0:@6001
80454794:@6012
80454798:@6013
8045479C:@6014
804547A0:@6015
804547A4:@6016
80452CA4:@6021
80452CA8:@6022
80452CAC:@6023
80452CB0:@6025
80453CE8:@6032
80453CEC:@6033
80453CF0:@6034
80453CF8:@6036
80453CFC:@6037
80453D00:@6038
80453D04:@6039
80453244:@60413
80453D10:@6042
804549F0:@6051
804549F4:@6052
803C0230:@6062
80451C4C:@6068
80453968:@6069
8045396C:@6070
80453970:@6071
80451FD8:@6075
80451FDC:@6076
80451FE0:@6077
80451FE4:@6078
80451FE8:@6079
804544D4:@6086
804544D8:@6087
804536C0:@6093
80452750:@6099
80077B20:@60@__dt__11dBgS_GndChkFv
80077B80:@60@__dt__14dBgS_CamGndChkFv
8001E0E4:@60@__dt__14dBgS_ObjGndChkFv
80144704:@60@__dt__15dBgS_LinkGndChkFv
80077B98:@60@__dt__18dBgS_CamGndChk_WtrFv
80077B68:@60@__dt__18dBgS_ObjGndChk_AllFv
80077B50:@60@__dt__18dBgS_ObjGndChk_SplFv
80077B38:@60@__dt__18dBgS_ObjGndChk_WtrFv
80453248:@61025
8045324C:@61026
80453250:@61027
80453254:@61028
80453258:@61029
8045325C:@61030
80453260:@61031
80453264:@61032
80453268:@61033
8045326C:@61034
8039201C:@61047
80452CC0:@6108
80452CC4:@6109
803C0330:@6110
80453270:@61141
80453274:@61142
803C7670:@613
80451C54:@6174
804548B8:@6175
804536C8:@6177
804536D0:@6178
804536D8:@6179
803A26E0:@618
8045405C:@6181
80452CC8:@6183
804548BC:@6210
80455470:@623
80452CCC:@6237
80452CD0:@6238
80455478:@624
80455480:@625
80454378:@6256
80454DA8:@6273
804555E0:@629
804548C0:@6293
804555E4:@630
8045441C:@6308
8045422C:@6309
804555E8:@631
803C1ED0:@6324
80454230:@6325
8045447C:@6327
80454480:@6328
80453280:@63332
80453284:@63333
80453288:@63334
80451D08:@6335
80451D10:@6337
804555F0:@634
8045328C:@63482
80451FEC:@6350
80451FF0:@6351
80451C58:@6353
804523A4:@6355
804523A8:@6356
804523AC:@6357
804523B0:@6358
804523B4:@6359
804523B8:@6360
804523BC:@6361
804523C0:@6362
804523C8:@6364
804523D0:@6365
804523D8:@6366
804523DC:@6367
804523E0:@6368
80454A90:@6374
80452CD4:@6398
80452CD8:@6399
80452CDC:@6400
80455798:@642
8045579C:@643
80453290:@64357
80454420:@6454
80453294:@64592
80453298:@64593
8045329C:@64594
804532A0:@64595
804532A4:@64596
80455FF0:@647
804532A8:@64730
804532AC:@64731
803F1C3C:@6481
80455FF8:@649
804561D0:@650
8045437C:@6507
80454380:@6508
80456000:@651
80451C5C:@6517
803F1D74:@6519
80455400:@652
804548C8:@6524
80455800:@653
80451C60:@6538
80455804:@654
80455808:@655
804549F8:@6564
80434360:@657
803C0448:@6571
803C03F4:@6572
804557B8:@659
80455690:@661
80454DAC:@6613
803C7848:@662
804536E4:@6629
804536E8:@6630
80453448:@6667
80452900:@6682
80452904:@6683
803C0548:@6703
804523E4:@6720
804523E8:@6721
804523EC:@6722
804523F0:@6723
804523F4:@6724
804523F8:@6725
804523FC:@6726
80452400:@6727
80452404:@6728
80452408:@6729
8045240C:@6730
80452410:@6731
80452414:@6732
80452418:@6733
8045241C:@6734
80452420:@6735
80452424:@6736
803C1F20:@6752
804532B4:@67554
804253F0:@6756
80453D14:@6761
80453D18:@6762
80453D1C:@6763
80453D20:@6764
80453D24:@6765
80453D2C:@6767
80453D30:@6768
80453D34:@6769
80453D38:@6770
80453D3C:@6771
80453D40:@6772
80453D44:@6773
80453D48:@6774
8045344C:@6775
803BC028:@6776
80454A94:@6781
804555A4:@679
80451B2C:@6819
804532B8:@68266
80452CE0:@6845
80452CF0:@6847
80452CF8:@6848
80455698:@685
80454160:@6855
80453974:@6867
80453978:@6868
8045397C:@6869
804563A0:@687
80453980:@6870
80453984:@6871
80453988:@6872
8045398C:@6873
80453990:@6874
80453994:@6875
80453998:@6876
804539A0:@6878
804539A4:@6879
804539A8:@6880
804557D8:@689
80452D00:@6895
804532BC:@68956
80452D04:@6896
80453450:@6904
80453454:@6905
80453458:@6906
8045345C:@6907
80453460:@6908
80453464:@6909
804557AC:@692
80452428:@6947
8045242C:@6948
80452430:@6949
80452438:@6950
80452440:@6951
80452444:@6952
80452448:@6953
8045244C:@6954
80452450:@6955
803A1E08:@696
80392040:@69600
8039204C:@69683
804557C0:@698
80451D18:@6980
80451D1C:@6981
80454164:@6987
8037A4E8:@6991
804532C0:@70084
80453D4C:@7011
80453D50:@7012
80453D54:@7013
80453D58:@7014
80453D5C:@7015
80453D60:@7016
80453D64:@7017
80453D68:@7018
80453D6C:@7019
80453D70:@7020
80453D74:@7021
80453D78:@7022
80453D7C:@7023
80453D80:@7024
80453D84:@7025
80453D88:@7026
804532C4:@70267
80453D8C:@7027
803BC050:@7029
80453468:@7089
8045346C:@7090
80453470:@7091
804556A0:@711
803BA34C:@7128
804556A8:@714
804539AC:@7146
804340C0:@715
80434098:@716
80452D08:@7174
804555F8:@718
80453D90:@7186
80453D94:@7187
80392058:@71887
804555FC:@719
80454A98:@7190
804532C8:@71910
80392064:@71911
804532CC:@71997
804532D0:@71998
804532D4:@71999
803C7550:@720
804539B0:@7201
804532D8:@72043
80452454:@7208
80452458:@7209
80455FD0:@721
8045245C:@7210
80452460:@7211
80452464:@7212
80452468:@7213
803A9BB8:@7214
80453474:@7222
804560B8:@724
80453478:@7242
804560BC:@725
804560C0:@726
8037A508:@7275
804560C8:@728
80078B80:@72@__dt__11dBgS_SphChkFv
801827FC:@72@__dt__14dBgS_CamSphChkFv
80456A00:@73
80454168:@7300
80452D0C:@7305
804532E0:@73057
80452D10:@7306
80452D14:@7307
80452D18:@7308
80456158:@732
80453F80:@7324
80453F84:@7325
80453F88:@7326
80453F8C:@7327
80453F90:@7328
80453F94:@7329
80453F98:@7330
80453F9C:@7331
80453FA0:@7332
80453FA4:@7333
80452918:@7338
8045291C:@7339
80452920:@7340
80452924:@7341
80452928:@7342
8045292C:@7343
80452930:@7344
80452934:@7345
80452938:@7346
8045293C:@7347
8045416C:@7348
80454170:@7356
80455784:@736
80425408:@7364
80453D98:@7365
80453D9C:@7366
803A1E18:@737
804532E4:@73781
804532E8:@73790
803D23F4:@739
80451B30:@7404
80451B38:@7406
804532EC:@74138
803C4B00:@742
80392070:@74273
804532F0:@74385
804532F4:@74386
804532F8:@74387
80453300:@74388
80453308:@74389
80453310:@74390
80453318:@74391
80453320:@74392
80453328:@74393
80453330:@74394
80453334:@74395
80453484:@7442
80452D1C:@7448
80452D20:@7449
80452D24:@7450
80452D28:@7451
803BA378:@7460
8043102C:@747
8039207C:@74748
803C0610:@7484
803C059C:@7486
803C056C:@7487
8042E7D4:@7489
803CF994:@75
80431048:@750
80453FB4:@7505
80453FB8:@7506
80453FBC:@7507
80453FC0:@7508
804549FC:@7509
803C4B24:@751
80454A00:@7510
80431064:@753
803C4B30:@754
8045246C:@7545
80452470:@7546
80452474:@7547
80452478:@7548
803A9BD8:@7549
80453488:@7550
8045348C:@7551
80431080:@756
80451D20:@7580
8043109C:@759
80453338:@75939
803C4B48:@760
80453DA0:@7608
804310B8:@762
804310D4:@765
804310F0:@768
803C4B6C:@769
80077B18:@76@__dt__11dBgS_GndChkFv
80077B78:@76@__dt__14dBgS_CamGndChkFv
8001E0DC:@76@__dt__14dBgS_ObjGndChkFv
801446FC:@76@__dt__15dBgS_LinkGndChkFv
80077B90:@76@__dt__18dBgS_CamGndChk_WtrFv
80077B60:@76@__dt__18dBgS_ObjGndChk_AllFv
80077B48:@76@__dt__18dBgS_ObjGndChk_SplFv
80077B30:@76@__dt__18dBgS_ObjGndChk_WtrFv
8043110C:@771
80452D34:@7710
80431128:@774
803BAFE8:@7759
804556B4:@776
803BAFF4:@7760
803BB000:@7761
803BB00C:@7762
803BB018:@7763
803BB024:@7764
803BB030:@7765
803BB03C:@7766
803BB048:@7767
803BB054:@7768
803BB060:@7769
80431144:@777
803BB06C:@7770
803BB078:@7771
803BB084:@7772
803BB090:@7773
803BB09C:@7774
803BB0A8:@7775
803BB0B4:@7776
803BB0C0:@7777
803BB0CC:@7778
803BB0D8:@7779
803C4B90:@778
803BB0E4:@7780
80453344:@77808
80453348:@77809
803BB0F0:@7781
8045334C:@77810
80453350:@77811
80453354:@77812
80453358:@77813
8045335C:@77814
80453360:@77815
80453364:@77816
80453368:@77817
8045336C:@77818
80453370:@77819
803BB0FC:@7782
80453374:@77820
80453378:@77821
8045337C:@77822
80453380:@77823
80453384:@77824
80453388:@77825
8045338C:@77826
80453390:@77827
80453394:@77828
80453398:@77829
803BB108:@7783
8045339C:@77830
804533A0:@77831
803BB114:@7784
803BB120:@7785
803BB270:@7797
803BB27C:@7799
803CF9E0:@78
80431160:@780
803BB288:@7801
803BB294:@7803
80456400:@781
803BB2AC:@7815
80456404:@782
80456408:@784
804547AC:@7857
803BF200:@7858
804561D8:@786
803BB2E0:@7865
8045247C:@7882
80452480:@7883
80452484:@7884
80452488:@7885
8045248C:@7886
80452490:@7887
80452494:@7888
80452498:@7889
803D15F8:@789
8045249C:@7890
804524A0:@7891
804524A4:@7892
804524A8:@7893
804524AC:@7894
803CF9F0:@79
804561E0:@791
80451B48:@7919
80451B50:@7920
80451B58:@7921
80451B60:@7922
80451B64:@7923
80451B68:@7924
80455410:@793
80455418:@794
80453FC4:@7944
80453FCC:@7946
80453FD0:@7947
80453FD4:@7948
80453FD8:@7949
80424950:@7952
8042495C:@7955
80424968:@7956
80424974:@7957
80453FE0:@7963
80452D44:@7977
80455420:@799
803C0808:@7993
803C07D0:@7994
803C0794:@7995
803C0764:@7996
803C0710:@7997
80455428:@800
803BB2EC:@8004
80455430:@801
804536F4:@8015
804536F8:@8016
804536FC:@8017
80453700:@8018
80453704:@8019
80453708:@8020
8045370C:@8021
80453710:@8022
80453714:@8023
804554A0:@803
803BB2F8:@8083
80453718:@8127
80452D48:@8130
80452D4C:@8131
8045371C:@8163
80452944:@8178
80452948:@8179
8045294C:@8180
80452950:@8181
80452954:@8182
80452958:@8183
8045295C:@8184
80452960:@8185
80452964:@8186
80452968:@8187
8045296C:@8188
80452970:@8189
8043117C:@819
80452974:@8190
80452978:@8191
8045297C:@8192
80452980:@8193
80452984:@8194
80452988:@8195
8045298C:@8196
80452990:@8197
80452994:@8198
80452998:@8199
8045299C:@8200
804529A0:@8201
804529A4:@8202
804529A8:@8203
804529AC:@8204
804529B0:@8205
804529B4:@8206
804529BC:@8208
804529C0:@8209
804529C4:@8210
804529DC:@8216
804529E0:@8217
804529E4:@8218
804529E8:@8219
80455788:@822
804529EC:@8220
804529F0:@8221
804529F4:@8222
804529F8:@8223
804529FC:@8224
80452A00:@8225
80452A04:@8226
8037A86C:@8236
80456660:@824
80452D50:@8247
80452D54:@8248
80452D58:@8249
80456470:@830
803D0838:@831
80452D5C:@8322
804548D0:@8359
804524C8:@8361
80452D60:@8369
80452D64:@8370
804524CC:@8393
804524D0:@8394
80453490:@8404
80453494:@8405
804539B4:@8459
80452D68:@8472
80452D6C:@8473
80452D70:@8501
80452D74:@8502
803D0E98:@851
80453720:@8529
80453724:@8530
804548D8:@8548
804548DC:@8549
803D1008:@856
80434134:@859
804539B8:@8608
80434140:@863
804557F0:@864
80453DA8:@8647
804557F4:@865
80452D78:@8676
803CECA8:@871
80452A08:@8722
80452A0C:@8723
80452A10:@8724
80452A14:@8725
80452A18:@8726
80452A1C:@8727
80452A20:@8728
80452A24:@8729
80452A28:@8730
80452A2C:@8731
80452A30:@8732
80452A34:@8733
80452A38:@8734
80452A3C:@8735
80452A40:@8736
80452A44:@8737
80452A48:@8738
80452A4C:@8739
80452A50:@8740
80452A54:@8741
80452A58:@8742
80452A5C:@8743
80452A60:@8744
80452A64:@8745
80452A70:@8748
80452A74:@8749
80452A78:@8750
80452A7C:@8751
80452A80:@8752
80452A84:@8753
803AC528:@8754
804548E0:@8774
804548E4:@8775
80452D7C:@8779
80452D80:@8780
80452D84:@8781
80452D88:@8782
80452D8C:@8783
80452D90:@8784
80452D94:@8785
80452D98:@8786
804340E0:@881
8037A884:@8840
804557D0:@887
804564C0:@889
80078544:@88@__dt__11dBgS_LinChkFv
8007855C:@88@__dt__14dBgS_CamLinChkFv
8007858C:@88@__dt__14dBgS_ObjLinChkFv
800785BC:@88@__dt__15dBgS_BombLinChkFv
800785A4:@88@__dt__15dBgS_LinkLinChkFv
80078604:@88@__dt__15dBgS_RopeLinChkFv
800785D4:@88@__dt__16dBgS_ArrowLinChkFv
8007861C:@88@__dt__16dBgS_HorseLinChkFv
800785EC:@88@__dt__20dBgS_BoomerangLinChkFv
80078574:@88@__dt__21dBgS_CamLinChk_NorWtrFv
803C5730:@890
804524D4:@8917
804524D8:@8918
804524DC:@8919
80456368:@892
804524E0:@8920
804524E4:@8921
804524E8:@8922
804524EC:@8923
804524F0:@8924
804524F4:@8925
804524F8:@8926
804524FC:@8927
80452500:@8939
80452504:@8940
804249B0:@8942
804249BC:@8945
804249C8:@8946
804249D4:@8947
80455AA8:@895
8037A89C:@8969
80453DAC:@8975
804539BC:@8978
804539C0:@8979
8045550C:@898
804539C8:@8980
804539D0:@8981
804548E8:@8992
804548F0:@8994
804548F4:@8995
804548F8:@8996
804548FC:@8997
80454900:@8998
80454904:@8999
802BBCCC:@8@__dt__11Z2SoundInfoFv
802BBCD4:@8@getStreamFileEntry__11Z2SoundInfoF10JAISoundID
803D1368:@9
8039A960:@900
80454908:@9000
8045490C:@9001
80454910:@9002
80454914:@9003
80454918:@9004
8045491C:@9005
80454920:@9006
80454924:@9007
803BF554:@9008
8039A96C:@901
8039A978:@902
80454928:@9025
8045492C:@9026
80454930:@9027
80454934:@9028
80454938:@9029
80456418:@903
803BF578:@9030
80394C60:@9035
8045493C:@9047
80454940:@9048
80454944:@9049
80454948:@9050
8045494C:@9051
80454950:@9052
80452DA0:@9054
80454954:@9089
80454960:@9092
80454964:@9093
80454968:@9094
8045496C:@9095
80454970:@9096
80454974:@9097
80454978:@9098
8045497C:@9099
80454980:@9100
80454984:@9101
80454988:@9102
8045498C:@9103
80454990:@9104
80454994:@9105
803BF5C0:@9106
80452DA4:@9138
80455284:@914
803C5748:@916
804564A0:@922
80453DB0:@9254
80453DB4:@9255
80453DB8:@9256
80453DBC:@9257
80453DC0:@9258
80453DC4:@9259
80431400:@930
80431418:@932
80431424:@933
803CCF40:@938
80452508:@9384
8045250C:@9385
80452510:@9386
80452514:@9387
80452518:@9388
8045251C:@9389
80452520:@9390
80452524:@9391
80452528:@9392
8045252C:@9393
80452530:@9394
80452AC0:@9409
80452AC8:@9411
80452ACC:@9412
80452AD0:@9413
80452AD4:@9414
80452AD8:@9415
80452ADC:@9416
80452AE0:@9417
80452AE4:@9418
80452AE8:@9419
80452AEC:@9420
80452AF0:@9421
80452AF4:@9422
80452AF8:@9423
80452AFC:@9424
80452B04:@9426
80452B08:@9427
80452B3C:@9440
80452B40:@9441
8037AA08:@9468
803CD82C:@951
804555AC:@952
804555B0:@954
803D163C:@956
80455A68:@963
80455A6C:@964
80455A70:@965
80452DA8:@9652
80455A74:@966
80455A78:@967
80453DC8:@9676
80453DCC:@9677
80455A7C:@968
804556CC:@970
804556D0:@971
804556D4:@972
80453DD0:@9722
80453DD4:@9723
80453DD8:@9724
80453DDC:@9725
80453DE0:@9726
80453DE4:@9727
80453DE8:@9728
803C7884:@974
80456440:@975
803C7864:@977
80453DEC:@9779
80453DF0:@9780
80453DF4:@9781
80453768:@9788
80452B44:@9798
80452B48:@9799
80452B4C:@9800
80452B50:@9801
8042C9A0:@9808
8037AA40:@9811
8037AAA4:@9812
80452DAC:@9828
80452554:@9833
80452558:@9834
8045255C:@9835
80452560:@9836
80452564:@9837
80452568:@9850
8045256C:@9851
80452570:@9852
80434298:@989
80455668:@990
80455288:@991
803CEBE8:@992
803CEBF4:@993
804257D0:@9946
803CEC18:@996
803CEC24:@997
80453498:@9971
80450AD8:@wstringBase0
8034FF34:AIGetDSPSampleRate
8034FE44:AIGetStreamPlayState
8035001C:AIGetStreamSampleRate
80350048:AIGetStreamVolLeft
80350074:AIGetStreamVolRight
80350084:AIInit
8034FCB4:AIInitDMA
8034FC70:AIRegisterDMACallback
8034FE54:AISetDSPSampleRate
8034FD6C:AISetStreamPlayState
8035002C:AISetStreamVolLeft
80350058:AISetStreamVolRight
8034FD3C:AIStartDMA
8034FD54:AIStopDMA
80372D24:AMC_IsStub
803506C4:ARAlloc
80350598:ARGetDMAStatus
803507F0:ARGetSize
8035072C:ARInit
80352264:ARQInit
803522D4:ARQPostRequest
80350554:ARRegisterDMACallback
803505D4:ARStartDMA
80431FE0:AUDIO_YIELD_BUFFER
802710CC:Abs__7cSAngleCFv
803BA650:ActionNames$16655
80073734:ActionTarget__12dAttention_cFl
80271BA8:Adjust<f>__6cAngleFfff
8044C8C0:AlarmForBreak
8044C898:AlarmForTimeout
8044C870:AlarmForWA
80347A18:AlarmHandlerForTimeout
80016704:AlarmHandler__FP7OSAlarmP9OSContext
80451638:AlarmQueue
80450A2C:AnalogMode
803D3380:ArchiveHeapCheck
80451620:AreWeInitialized
8045164C:ArenaEnd
80451648:ArenaStart
80182C74:Arg0__11dCamParam_cFUc
80182C50:Arg0__11dCamParam_cFv
80182C6C:Arg1__11dCamParam_cFUc
80182C48:Arg1__11dCamParam_cFv
80182C60:Arg2__11dCamParam_cFs
80182C3C:Arg2__11dCamParam_cFv
80075BF4:ArrowStickCallBack__4dBgSFRC13cBgS_PolyInfoP10fopAc_ac_cR4cXyz
80450C20:AssertHeap
8045178C:AutoFinishing
80450863:BATTLE_BGM_WAIT_TIME__7Z2Param
8044C900:BB2
80455158:BEVEL2D_OUTCODE0
8045515C:BEVEL2D_OUTCODE1
80455180:BEVEL2D_OUTCODE10
80455184:BEVEL2D_OUTCODE11
80455160:BEVEL2D_OUTCODE2
80455164:BEVEL2D_OUTCODE3
80455168:BEVEL2D_OUTCODE4
8045516C:BEVEL2D_OUTCODE5
80455170:BEVEL2D_OUTCODE6
80455174:BEVEL2D_OUTCODE7
80455178:BEVEL2D_OUTCODE8
8045517C:BEVEL2D_OUTCODE9
80455188:BEVEL3D_OUTCODE0
8045518C:BEVEL3D_OUTCODE1
80455190:BEVEL3D_OUTCODE2
80455194:BEVEL3D_OUTCODE3
80455198:BEVEL3D_OUTCODE4
8045519C:BEVEL3D_OUTCODE5
804551A0:BEVEL3D_OUTCODE6
804551A4:BEVEL3D_OUTCODE7
80450861:BGM_CROSS_FADEIN_TIME__7Z2Param
80450862:BGM_CROSS_FADEOUT_TIME__7Z2Param
80451604:BI2DebugFlag
80451608:BI2DebugFlagHolder
80455140:BPCP_OUTCODE0
80455144:BPCP_OUTCODE1
80455150:BPCP_OUTCODE2
80455154:BPCP_OUTCODE3
80455148:BPCP_OUTCODE4
8045514C:BPCP_OUTCODE5
801829AC:Bank__9dCamera_cFv
804516EC:BarnacleEnabled
80451864:BarrelBits
80430D9C:BaseXYZ__4cXyz
80430D54:BaseXY__4cXyz
80430D6C:BaseXZ__4cXyz
80430D0C:BaseX__4cXyz
80430D84:BaseYZ__4cXyz
80430D24:BaseY__4cXyz
80430D3C:BaseZ__4cXyz
80079770:BlckConnect__4cBgWFPUsPii
80355184:BlockReadCallback
803552C4:BlockWriteCallback
8045195C:BreakPointCB
80451730:Breaking
803568F4:CARDCheck
80356364:CARDCheckExAsync
803580B4:CARDClose
80358458:CARDCreate
80358238:CARDCreateAsync
80357C20:CARDFormat
80353CD0:CARDFreeBlocks
80353F08:CARDGetFastMode
80359158:CARDGetSerialNo
80358E88:CARDGetStatus
80353AC8:CARDInit
803572F4:CARDMount
80357154:CARDMountAsync
80357F98:CARDOpen
80356A14:CARDProbe
80356A4C:CARDProbeEx
803588CC:CARDRead
80358788:CARDReadAsync
80359110:CARDSetStatus
80358F9C:CARDSetStatusAsync
803573D8:CARDUnmount
80358C48:CARDWrite
80358B34:CARDWriteAsync
80372900:CBGetBytesAvailableForRead
804512E8:CH_BUF__6JASDsp
80451D44:CLOSE_ACCEL__7daDsh_c
80450866:CLOSE_BATTLE_TRACK_FI_TIME__7Z2Param
80450867:CLOSE_BATTLE_TRACK_FO_TIME__7Z2Param
80451D50:CLOSE_BOUND_RATIO__7daDsh_c
80451D4C:CLOSE_BOUND_SPEED__7daDsh_c
80451D48:CLOSE_SPEED__7daDsh_c
80455754:COMP_BLOCKBYTES$332
8045574C:COMP_BLOCKSAMPLES$331
803A2EE0:COPYDATE_STRING__7mDoMain
80451954:CPGPLinked
80451948:CPUFifo
8037A720:CQ_patt__12dVibration_c
8037A678:CS_patt__12dVibration_c
8039ABB8:CUTOFF_TO_IIR_TABLE__7JASCalc
80346CE4:C_MTXLightOrtho
80346C18:C_MTXLightPerspective
80346A8C:C_MTXLookAt
80346FF8:C_MTXOrtho
80346F28:C_MTXPerspective
80347474:C_QUATRotAxisRad
80347500:C_QUATSlerp
803471F0:C_VECHalfAngle
803472C8:C_VECReflect
80263FC4:CalcAabBox__12cCcD_CpsAttrFv
80264368:CalcAabBox__12cCcD_CylAttrFv
802646E0:CalcAabBox__12cCcD_SphAttrFv
80263C04:CalcAabBox__12cCcD_TriAttrFv
80265BB4:CalcArea__4cCcSFv
80084824:CalcAtVec__8dCcD_CpsFv
8026EE24:CalcCenter__8cM3dGAabCFP4cXyz
8007E6E0:CalcDiffShapeAngleY__9dBgW_BaseFs
802636A0:CalcDivideInfoOverArea__15cCcD_DivideAreaFP15cCcD_DivideInfoRC8cM3dGAab
802634D4:CalcDivideInfo__15cCcD_DivideAreaFP15cCcD_DivideInfoRC8cM3dGAabUl
800772E8:CalcMovePosWork__9dBgS_AcchFv
80086754:CalcParticleAngle__4dCcSFP12dCcD_GObjInfP9cCcD_SttsP9cCcD_SttsP5csXyz
80079564:CalcPlane__4cBgWFv
8026F350:CalcPos__8cM3dGLinCFP3Vecf
80174EA4:CalcSubjectAngle__9dCamera_cFPsPs
801A4E90:CalcTevColor__18dScnKy_env_light_cFv
802653A0:CalcTgPlusDmg__4cCcSFP8cCcD_ObjP8cCcD_ObjP9cCcD_SttsP9cCcD_Stts
800861B0:CalcTgPlusDmg__4dCcSFP8cCcD_ObjP8cCcD_ObjP9cCcD_SttsP9cCcD_Stts
80084854:CalcTgVec__8dCcD_CpsFv
80163034:CalcTrimSize__9dCamera_cFv
8007703C:CalcWallBmdCyl__9dBgS_AcchFv
80075F48:CalcWallRR__12dBgS_AcchCirFv
8007732C:CalcWallRR__9dBgS_AcchFv
8015E26C:CalcZBuffer__9dInsect_cFf
80097A6C:Calc__14d2DBSplinePathFP4cXyz
80097B20:Calc__14d2DBSplinePathFPf
8007E474:CallArrowStickCallBack__4dBgWFP10fopAc_ac_cP10fopAc_ac_cR4cXyz
8007E6DC:CallArrowStickCallBack__9dBgW_BaseFP10fopAc_ac_cP10fopAc_ac_cR4cXyz
8007E444:CallRideCallBack__4dBgWFP10fopAc_ac_cP10fopAc_ac_c
8007E6D8:CallRideCallBack__9dBgW_BaseFP10fopAc_ac_cP10fopAc_ac_c
8045179C:CancelCallback
804517A4:CancelLastError
80451798:Canceling
8007DA04:CaptPolyGrpRp__4dBgWFR13dBgS_CaptPolyii
8007D8E8:CaptPolyRp__4dBgWFR13dBgS_CaptPolyi
8007DAF8:CaptPoly__4dBgWFR13dBgS_CaptPoly
8007FF1C:CaptPoly__8dBgWKColFR13dBgS_CaptPoly
803D1EA0:CardData
803493E4:CategorizeError
80181E98:Center__9dCamera_cFv
80157F68:ChairCreate__10daNpcCd2_cFf
804516E0:Chan
801614F4:ChangeModeOK__9dCamera_cFl
800885D4:Change__11dCamParam_cFl
80182CEC:ChargeBRatio__11dCamSetup_cFv
80182CFC:ChargeLatitude__11dCamSetup_cFv
80182CF4:ChargeTimer__11dCamSetup_cFv
80037B78:CheckFieldItemCreateHeap__FP10fopAc_ac_c
80182BB8:CheckFlag2__11dCamSetup_cFUs
80182CB4:CheckFlag__11dCamParam_cFUs
80182BD0:CheckFlag__11dCamSetup_cFUs
80005728:CheckHeap1__9HeapCheckFv
8000578C:CheckHeap__FUl
80037B0C:CheckItemCreateHeap__FP10fopAc_ac_c
80088918:CheckLatitudeRange__11dCamSetup_cFPs
8007378C:CheckObjectTarget__12dAttention_cFl
8006FE5C:CheckQuake__12dVibration_cFv
80037C24:CheckShopItemCreateHeap__FP10fopAc_ac_c
80341E64:CheckThreadQueue
8045185C:CheckingBits
800842C0:ChkAtHit__12dCcD_GObjInfFv
800843DC:ChkAtNoGuard__12dCcD_GObjInfFv
80265E08:ChkAtTgHitAfterCross__4cCcSFbbPC12cCcD_GObjInfPC12cCcD_GObjInfP9cCcD_SttsP9cCcD_SttsP10cCcD_GSttsP10cCcD_GStts
800861B4:ChkAtTgHitAfterCross__4dCcSFbbPC12cCcD_GObjInfPC12cCcD_GObjInfP9cCcD_SttsP9cCcD_SttsP10cCcD_GSttsP10cCcD_GStts
80087330:ChkAtTgMtrlHit__4dCcSFUcUc
80264F40:ChkAtTg__4cCcSFv
802681AC:ChkBgIndex__13cBgS_PolyInfoCFv
80086D8C:ChkCamera__4dCcSFR4cXyzR4cXyzfP10fopAc_ac_cP10fopAc_ac_cP10fopAc_ac_c
80084658:ChkCoHit__12dCcD_GObjInfFv
80265230:ChkCo__4cCcSFv
80083748:ChkEffCounter__22dCcD_GAtTgCoCommonBaseFv
800773E0:ChkGndThinCellingOff__9dBgS_AcchFv
80141404:ChkGroundHit__9dBgS_AcchCFv
800750D0:ChkGrpInf__4dBgSFRC13cBgS_PolyInfoUl
8007B0DC:ChkGrpThrough__4cBgWFiP15cBgS_GrpPassChki
8007E3D8:ChkGrpThrough__4dBgWFiP15cBgS_GrpPassChki
80077408:ChkLineDown__9dBgS_AcchFv
8007B958:ChkLock__4cBgWCFv
8007E87C:ChkLock__8dBgWKColCFv
80079EEC:ChkMemoryError__4cBgWFv
8007E6D0:ChkMemoryError__9dBgW_BaseFv
80074B40:ChkMoveBG_NoDABg__4dBgSFRC13cBgS_PolyInfo
80074ABC:ChkMoveBG__4dBgSFRC13cBgS_PolyInfo
8007B964:ChkMoveBg__4cBgWCFv
8007E884:ChkMoveBg__8dBgWKColCFv
8007E4B4:ChkMoveFlag__4dBgWCFv
8007E88C:ChkMoveFlag__8dBgWKColCFv
80264E2C:ChkNoHitAtTg__4cCcSFP8cCcD_ObjP8cCcD_Obj
8026515C:ChkNoHitCo__4cCcSFP8cCcD_ObjP8cCcD_Obj
80265E00:ChkNoHitGAtTg__4cCcSFPC12cCcD_GObjInfPC12cCcD_GObjInfP10cCcD_GSttsP10cCcD_GStts
8008734C:ChkNoHitGAtTg__4dCcSFPC12cCcD_GObjInfPC12cCcD_GObjInfP10cCcD_GSttsP10cCcD_GStts
80265E10:ChkNoHitGCo__4cCcSFP8cCcD_ObjP8cCcD_Obj
80086404:ChkNoHitGCo__4dCcSFP8cCcD_ObjP8cCcD_Obj
80078F04:ChkNoHorse__16dBgS_PolyPassChkFv
8007B948:ChkNotReady__4cBgWCFv
8007E86C:ChkNotReady__8dBgWKColCFv
800751F8:ChkPolyHSStick__4dBgSFRC13cBgS_PolyInfo
80074660:ChkPolySafe__4cBgSFRC13cBgS_PolyInfo
8007B0A8:ChkPolyThrough__4cBgWFiP16cBgS_PolyPassChk
8007E02C:ChkPolyThrough__4dBgWFiP16cBgS_PolyPassChk
800487F0:ChkPresentEnd__16dEvent_manager_cFv
800D00D0:ChkRoofHit__9dBgS_AcchCFv
8026817C:ChkSafe__13cBgS_PolyInfoCFPCvUi
80267BDC:ChkSameActorPid__8cBgS_ChkCFUi
802680F8:ChkSetInfo__13cBgS_PolyInfoCFv
8007B0B0:ChkShdwDrawThrough__4cBgWFiP16cBgS_PolyPassChk
8007E360:ChkShdwDrawThrough__4dBgWFiP16cBgS_PolyPassChk
8007FF00:ChkShdwDrawThrough__8dBgWKColFP5dBgPc
80085F28:ChkShieldFrontRange__4dCcSFP8cCcD_ObjP8cCcD_ObjiPC4cXyz
800860F8:ChkShield__4dCcSFP8cCcD_ObjP8cCcD_ObjP12dCcD_GObjInfP12dCcD_GObjInfPC4cXyz
80084460:ChkTgHit__12dCcD_GObjInfFv
802681D4:ChkUsed__9cBgW_BgIdCFv
800773FC:ChkWallSort__9dBgS_AcchFv
800858AC:Chk__12dCcMassS_MngFP4cXyzPP10fopAc_ac_cP15dCcMassS_HitInf
80263368:Chk__15cCcD_DivideInfoCFRC15cCcD_DivideInfo
803728B0:CircleBufferInitialize
803726A0:CircleBufferReadBytes
803727A8:CircleBufferWriteBytes
8034DEEC:ClampCircle
803A2170:ClampRegion
8034DDBC:ClampStick
800797BC:ClassifyPlane__4cBgWFv
8026ECF8:ClearForMinMax__8cM3dGAabFv
80268120:ClearPi__13cBgS_PolyInfoFv
80085334:ClearPointer__15dCcMassS_HitInfFv
80085CF0:Clear__12dCcMassS_MngFv
800852F0:Clear__12dCcMassS_ObjFv
8008364C:ClrActorInfo__22dCcD_GAtTgCoCommonBaseFv
80264D90:ClrAtHitInf__4cCcSFv
80085138:ClrAtHit__12cCcD_GObjInfFv
8008426C:ClrAtHit__12dCcD_GObjInfFv
802649E8:ClrAt__9cCcD_SttsFv
80083928:ClrAt__9dCcD_SttsFv
80078EC8:ClrBomb__16dBgS_PolyPassChkFv
80078E8C:ClrCam__16dBgS_PolyPassChkFv
8026395C:ClrCcMove__9cCcD_SttsFv
80264C5C:ClrCoHitInf__4cCcSFv
8008517C:ClrCoHit__12cCcD_GObjInfFv
8008460C:ClrCoHit__12dCcD_GObjInfFv
8007E69C:ClrDBgWBase__9dBgW_BaseFv
800773D0:ClrGndThinCellingOff__9dBgS_AcchFv
800D00DC:ClrGroundHit__9dBgS_AcchFv
80264868:ClrHit__10cCcD_ObjAtFv
802648E8:ClrHit__10cCcD_ObjCoFv
802648B0:ClrHit__10cCcD_ObjTgFv
80078FA0:ClrIronBall__16dBgS_PolyPassChkFv
80078EA4:ClrLink__16dBgS_PolyPassChkFv
800773A4:ClrMoveBGOnly__9dBgS_AcchFv
8007493C:ClrMoveFlag__4dBgSFv
80078E74:ClrObj__16dBgS_PolyPassChkFv
80078F88:ClrStatue__16dBgS_PolyPassChkFv
80264CF0:ClrTgHitInf__4cCcSFv
80085158:ClrTgHit__12cCcD_GObjInfFv
800843FC:ClrTgHit__12dCcD_GObjInfFv
802649EC:ClrTg__9cCcD_SttsFv
80083934:ClrTg__9dCcD_SttsFv
80075F14:ClrWallHit__12dBgS_AcchCirFv
80450A3C:CmdCalibrate
80189C14:CmdExecPaneMove0__14dFile_select_cFv
8044CBB0:CmdProbeDevice
80450A38:CmdReadOrigin
80450950:ColorBlack
80450954:ColorWhite
80189E28:CommandExec__14dFile_select_cFv
803D33F8:CommandHeapCheck
8044C830:CommandList
80344BFC:CompleteTransfer
8033EDD8:Config24MB
8033EE58:Config48MB
80074578:ConvDzb__4cBgSFPv
80083020:CopyBackVtx__6dBgWSvFv
8007ABC4:CopyOldMtx__4cBgWFv
80271418:Cos__7cDegreeCFv
80271120:Cos__7cSAngleCFv
8015D95C:CountTimer__8daItem_cFv
80358108:CreateCallbackFat
80078688:CreateHeap__16dBgS_MoveBgActorFv
80155E88:CreateHeap__20daNpcF_MoveBgActor_cFv
801503BC:CreateHeap__23daBaseNpc_moveBgActor_cFv
8015B3D8:CreateInit__8daItem_cFv
8014475C:CreateItemHeap__12daItemBase_cFPCcsssssss
80078690:Create__16dBgS_MoveBgActorFv
80155E90:Create__20daNpcF_MoveBgActor_cFv
801503C4:Create__23daBaseNpc_moveBgActor_cFv
80084FD4:CrossAtTg__12cCcD_CpsAttrCFRC12cCcD_AabAttrP4cXyz
80263D38:CrossAtTg__12cCcD_CpsAttrCFRC12cCcD_CpsAttrP4cXyz
80263D7C:CrossAtTg__12cCcD_CpsAttrCFRC12cCcD_CylAttrP4cXyz
80084FDC:CrossAtTg__12cCcD_CpsAttrCFRC12cCcD_PntAttrP4cXyz
80263DC0:CrossAtTg__12cCcD_CpsAttrCFRC12cCcD_SphAttrP4cXyz
80263E04:CrossAtTg__12cCcD_CpsAttrCFRC12cCcD_TriAttrP4cXyz
80084FE4:CrossAtTg__12cCcD_CpsAttrCFRC14cCcD_ShapeAttrP4cXyz
80084CC8:CrossAtTg__12cCcD_CylAttrCFRC12cCcD_AabAttrP4cXyz
8026417C:CrossAtTg__12cCcD_CylAttrCFRC12cCcD_CpsAttrP4cXyz
802641C8:CrossAtTg__12cCcD_CylAttrCFRC12cCcD_CylAttrP4cXyz
80084CD0:CrossAtTg__12cCcD_CylAttrCFRC12cCcD_PntAttrP4cXyz
8026420C:CrossAtTg__12cCcD_CylAttrCFRC12cCcD_SphAttrP4cXyz
80264250:CrossAtTg__12cCcD_CylAttrCFRC12cCcD_TriAttrP4cXyz
80084CD8:CrossAtTg__12cCcD_CylAttrCFRC14cCcD_ShapeAttrP4cXyz
80084B4C:CrossAtTg__12cCcD_SphAttrCFRC12cCcD_AabAttrP4cXyz
802644EC:CrossAtTg__12cCcD_SphAttrCFRC12cCcD_CpsAttrP4cXyz
80264538:CrossAtTg__12cCcD_SphAttrCFRC12cCcD_CylAttrP4cXyz
80084B54:CrossAtTg__12cCcD_SphAttrCFRC12cCcD_PntAttrP4cXyz
8026457C:CrossAtTg__12cCcD_SphAttrCFRC12cCcD_SphAttrP4cXyz
802645C0:CrossAtTg__12cCcD_SphAttrCFRC12cCcD_TriAttrP4cXyz
80084B5C:CrossAtTg__12cCcD_SphAttrCFRC14cCcD_ShapeAttrP4cXyz
80084E44:CrossAtTg__12cCcD_TriAttrCFRC12cCcD_AabAttrP4cXyz
80263A88:CrossAtTg__12cCcD_TriAttrCFRC12cCcD_CpsAttrP4cXyz
80263B58:CrossAtTg__12cCcD_TriAttrCFRC12cCcD_CylAttrP4cXyz
80084E4C:CrossAtTg__12cCcD_TriAttrCFRC12cCcD_PntAttrP4cXyz
80263B90:CrossAtTg__12cCcD_TriAttrCFRC12cCcD_SphAttrP4cXyz
80263BCC:CrossAtTg__12cCcD_TriAttrCFRC12cCcD_TriAttrP4cXyz
80084E54:CrossAtTg__12cCcD_TriAttrCFRC14cCcD_ShapeAttrP4cXyz
802649D8:CrossAtTg__14cCcD_ShapeAttrCFRC14cCcD_ShapeAttrP4cXyz
8008501C:CrossCo__12cCcD_CpsAttrCFRC12cCcD_AabAttrPf
80263ED4:CrossCo__12cCcD_CpsAttrCFRC12cCcD_CpsAttrPf
80263F24:CrossCo__12cCcD_CpsAttrCFRC12cCcD_CylAttrPf
8008502C:CrossCo__12cCcD_CpsAttrCFRC12cCcD_PntAttrPf
80263F74:CrossCo__12cCcD_CpsAttrCFRC12cCcD_SphAttrPf
80085024:CrossCo__12cCcD_CpsAttrCFRC12cCcD_TriAttrPf
80085034:CrossCo__12cCcD_CpsAttrCFRC14cCcD_ShapeAttrPf
80084D10:CrossCo__12cCcD_CylAttrCFRC12cCcD_AabAttrPf
80264310:CrossCo__12cCcD_CylAttrCFRC12cCcD_CpsAttrPf
80264288:CrossCo__12cCcD_CylAttrCFRC12cCcD_CylAttrPf
80084D20:CrossCo__12cCcD_CylAttrCFRC12cCcD_PntAttrPf
802642CC:CrossCo__12cCcD_CylAttrCFRC12cCcD_SphAttrPf
80084D18:CrossCo__12cCcD_CylAttrCFRC12cCcD_TriAttrPf
80084D28:CrossCo__12cCcD_CylAttrCFRC14cCcD_ShapeAttrPf
80084B94:CrossCo__12cCcD_SphAttrCFRC12cCcD_AabAttrPf
80264688:CrossCo__12cCcD_SphAttrCFRC12cCcD_CpsAttrPf
802645F8:CrossCo__12cCcD_SphAttrCFRC12cCcD_CylAttrPf
80084BA4:CrossCo__12cCcD_SphAttrCFRC12cCcD_PntAttrPf
80264644:CrossCo__12cCcD_SphAttrCFRC12cCcD_SphAttrPf
80084B9C:CrossCo__12cCcD_SphAttrCFRC12cCcD_TriAttrPf
80084BAC:CrossCo__12cCcD_SphAttrCFRC14cCcD_ShapeAttrPf
80084E9C:CrossCo__12cCcD_TriAttrCFRC12cCcD_AabAttrPf
80084EAC:CrossCo__12cCcD_TriAttrCFRC12cCcD_CpsAttrPf
80084E94:CrossCo__12cCcD_TriAttrCFRC12cCcD_CylAttrPf
80084EB4:CrossCo__12cCcD_TriAttrCFRC12cCcD_PntAttrPf
80084E8C:CrossCo__12cCcD_TriAttrCFRC12cCcD_SphAttrPf
80084EA4:CrossCo__12cCcD_TriAttrCFRC12cCcD_TriAttrPf
80084EBC:CrossCo__12cCcD_TriAttrCFRC14cCcD_ShapeAttrPf
802649E0:CrossCo__14cCcD_ShapeAttrCFRC14cCcD_ShapeAttrPf
8026EC88:CrossY__8cM3dGAabCFPC4cXyz
8008308C:CrrPosWork__6dBgWSvFP4cXyziii
8007DF88:CrrPos__4dBgWFRC13cBgS_PolyInfoPvbP4cXyzP5csXyzP5csXyz
80083244:CrrPos__6dBgWSvFRC13cBgS_PolyInfoPvbP4cXyzP5csXyzP5csXyz
80082F8C:CrrPos__8dBgWKColFRC13cBgS_PolyInfoPvbP4cXyzP5csXyzP5csXyz
80076AAC:CrrPos__9dBgS_AcchFR4dBgS
800837F8:Ct__10dCcD_GSttsFv
800855E4:Ct__12dCcMassS_MngFv
800742E4:Ct__4cBgSFv
80264A94:Ct__4cCcSFv
800748FC:Ct__4dBgSFv
80085ED4:Ct__4dCcSFv
80263904:Ct__9cCcD_SttsFv
800838F4:Ct__9dCcD_SttsFv
8044C8F4:Curr
80451834:CurrBufAddr
80451794:CurrCommand
8044C920:CurrDiskID
80451828:CurrTiming
8045182C:CurrTvMode
80451340:DARK_SE_FILTER_ON__7Z2Param
80451341:DARK_SE_LOW_PASS_FILTER_SETTING__7Z2Param
80372D2C:DBClose
804519D4:DBGCallback
80373514:DBGEXIImm
80373188:DBGHandler
8037338C:DBGRead
80373468:DBGReadMailbox
80373204:DBGReadStatus
803732B0:DBGWrite
80346398:DBInit
80373110:DBInitComm
803730BC:DBInitInterrupts
80372D30:DBOpen
80346434:DBPrintf
80373020:DBQueryData
80372F94:DBRead
8045170C:DBVerbose
80372D34:DBWrite
804513A0:DBfoundBlock
8045139C:DBfoundOffset
80451398:DBfoundSize
804513A4:DBnewFreeBlock
804513A8:DBnewUsedBlock
8033B56C:DCEnable
8033B5AC:DCFlushRange
8033B60C:DCFlushRangeNoSync
8033B580:DCInvalidateRange
8033B5DC:DCStoreRange
8033B638:DCStoreRangeNoSync
8033B664:DCZeroRange
804507EC:DISTANCE_FX_PARAM__7Z2Param
804507D8:DISTANCE_MAX__7Z2Param
8033B078:DLInsert
8029CF68:DMACallback__14JASAudioThreadFv
8033B990:DMAErrorHandler
803F0F50:DMC
80450CA8:DMC_initialized
804507E8:DOLBY_BEHIND_DISTANCE_MAX__7Z2Param
804507E0:DOLBY_CENTER_VALUE__7Z2Param
804507E4:DOLBY_FLONT_DISTANCE_MAX__7Z2Param
8039B360:DSPADPCM_FILTER__6JASDsp
8029EAA0:DSPAddPriorTask__FP15STRUCT_DSP_TASK
8029EA00:DSPAddTask
8035247C:DSPAssertInt
8029CFBC:DSPCallback__14JASAudioThreadFPv
80352440:DSPCheckMailFromDSP
80352430:DSPCheckMailToDSP
803524BC:DSPInit
803CF490:DSPInitCode
8039B3A0:DSPRES_FILTER__6JASDsp
80352450:DSPReadMailFromDSP
8029E4E0:DSPReleaseHalt2__FUl
8029E7E0:DSPSendCommands2__FPUlUlPFUs_v
80352468:DSPSendMailToDSP
8029E2D0:DSPSyncCallback__9JASDriverFv
8029E0BC:DSP_CreateMap2__FUl
804507C8:DSP_MIXERLEVEL
8045130C:DSP_prior_task
8034B550:DVDCancel
8034B2D4:DVDCancelAsync
8034AFAC:DVDCancelStreamAsync
80348CF4:DVDChangeDir
8034B628:DVDCheckDisk
80348958:DVDClose
803490E4:DVDCloseDir
8034BC04:DVDCompareDiskID
80348ADC:DVDConvertEntrynumToPath
80348528:DVDConvertPathToEntrynum
8034881C:DVDFastOpen
8034B17C:DVDGetCommandBlockStatus
80348C30:DVDGetCurrentDir
8034B620:DVDGetCurrentDiskID
8034B1C8:DVDGetDriveStatus
803490F0:DVDInit
804517BC:DVDInitialized
8034B068:DVDInquiryAsync
803482EC:DVDLowAudioBufferConfig
803481C8:DVDLowAudioStream
80348444:DVDLowBreak
80348458:DVDLowClearCallback
8034812C:DVDLowInquiry
80347C18:DVDLowRead
80347F70:DVDLowReadDiskID
80348260:DVDLowRequestAudioStatus
803480A0:DVDLowRequestError
80348388:DVDLowReset
80347EB0:DVDLowSeek
80348014:DVDLowStopMotor
80347F44:DVDLowWaitCoverClose
80348890:DVDOpen
80348F80:DVDOpenDir
8034AE08:DVDReadAbsAsyncForBS
8034AD2C:DVDReadAbsAsyncPrio
80348D54:DVDReadAsyncPrio
80349040:DVDReadDir
8034AED8:DVDReadDiskID
80348E44:DVDReadPrio
8034B138:DVDReset
8034B284:DVDResume
8034B274:DVDSetAutoInvalidation
8018A564:DataCopyWait2__14dFile_select_cFv
8018A4D0:DataCopyWait__14dFile_select_cFv
80189FFC:DataEraseWait2__14dFile_select_cFv
80189F68:DataEraseWait__14dFile_select_cFv
80379F50:DataFileName__29@unnamed@d_event_manager_cpp@
803BAAEC:DataSelProc
80450C24:DbPrintHeap
804516D0:Debug_BBA
80005D4C:Debug_console__FUl
8033AD58:DecrementerExceptionCallback
8033AF88:DecrementerExceptionHandler
8042542C:DefaultGap$10515
804253E4:DefaultGap$5851
804253FC:DefaultGap$6755
80425414:DefaultGap$7363
80340AA4:DefaultSwitchThreadCallback
803D20A0:DefaultTexData
8044BF90:DefaultThread
80271030:Degree__7cSAngleCFv
80144724:DeleteBase__12daItemBase_cFPCc
800786A8:Delete__16dBgS_MoveBgActorFv
80155E98:Delete__20daNpcF_MoveBgActor_cFv
801503CC:Delete__23daBaseNpc_moveBgActor_cFv
804516E4:Dev
804509FC:DmaCommand
80356BC8:DoMount
8035733C:DoUnmount
802A8FFC:Do_create__Q38JMessage18TResourceContainer10TCResourceFv
802A9048:Do_destroy__Q38JMessage18TResourceContainer10TCResourceFPQ28JMessage9TResource
80354E60:DoneCallback
803F4E74:DoorInfo
804516A4:Down
800872AC:DrawAfter__4dCcSFv
80144B94:DrawBase__12daItemBase_cFv
80265D30:DrawClear__4cCcSFv
80451970:DrawDone
8045196C:DrawDoneCB
80072BD4:Draw__12dAttention_cFv
80182560:Draw__14dCamForcusLineFv
800786A0:Draw__16dBgS_MoveBgActorFv
80155EA8:Draw__20daNpcF_MoveBgActor_cFv
801503DC:Draw__23daBaseNpc_moveBgActor_cFv
800872D0:Draw__4dCcSFv
80084BF0:Draw__8cCcD_ObjFRC8_GXColor
80163154:Draw__9dCamera_cFv
8044BA80:DriveBlock
8044BA60:DriveInfo
8029E5E0:DsetMixerLevel__Ff
8029E560:DsetupTable__FUlUlUlUlUl
803BA4A4:Dsp$13137
8029E720:DspBoot__FPFPv_v
8029E980:DspFinishWork__FUs
8029E6E0:DspHandShake__FPv
8029E8E0:DspInitWork__Fv
8029E920:DspStartWork__FUlPFUs_v
8029EF80:Dsp_Running_Check__Fv
8029EFA0:Dsp_Running_Start__Fv
8029EF00:Dsp_Update_Request__Fv
8029EE40:DsyncFrame2__FUlUlUl
8029E620:DsyncFrame2ch__FUlUlUl
8029EEA0:DsyncFrame3__FUlUlUlUlUl
8029E680:DsyncFrame4ch__FUlUlUlUlUl
80074338:Dt__4cBgSFv
80264B60:Dt__4cCcSFv
8007491C:Dt__4dBgSFv
80085F08:Dt__4dCcSFv
8044C940:DummyCommandBlock
803541D4:DummyLen
803DEFE0:DvdErr_stack
803DECC0:DvdErr_thread
80374640:DynamicNameTable
8045086B:ENDING_BLOW_MIN_FINISH_TIME__7Z2Param
80450868:ENDING_BLOW_VOL_DOWN_TIME__7Z2Param
8045086A:ENDING_BLOW_VOL_LOWER_RECOVER_TIME__7Z2Param
80450869:ENDING_BLOW_VOL_LOWER_TIME__7Z2Param
8045133C:ENEMY_LASTHIT_MUTE_VOLUME__7Z2Param
800116B4:ERROR_EXIT__15mDoExt_McaMorf2Fv
80372D00:EXI2_EnableInterrupts
80372CFC:EXI2_Init
80372D04:EXI2_Poll
80372D0C:EXI2_ReadN
80372D1C:EXI2_Reserve
80372D20:EXI2_Unreserve
80372D14:EXI2_WriteN
803436A0:EXIAttach
80343334:EXIClearInterrupts
80343994:EXIDeselect
803437AC:EXIDetach
80342FFC:EXIDma
80344238:EXIGetID
803441F8:EXIGetState
80342D00:EXIImm
80342F5C:EXIImmEx
80343E54:EXIInit
804519E4:EXIInputFlag
80343AA4:EXIIntrruptHandler
80344028:EXILock
8034356C:EXIProbe
803435EC:EXIProbeEx
80343868:EXISelect
8034337C:EXISetExiCallback
803430E8:EXISync
8034411C:EXIUnlock
80343D84:EXTIntrruptHandler
8044C570:Ecb
801A4F64:Eflight_flush_proc__18dScnKy_env_light_cFv
80371E10:EnableEXI2Interrupts
80371B7C:EnableMetroTRKInterrupts
804516E8:Enabled
8045184C:EnabledBits
80088BBC:EndEventCamera__9dCamera_cFi
803A2C08:EndofProgramInstruction$162
80071CC0:EnemyDistance__12dAttention_cFP10fopAc_ac_c
8018A2DC:ErasePaneMoveOk2__14dFile_select_cFv
8018A194:ErasePaneMoveOk__14dFile_select_cFv
802DCBD4:Erase__Q27JGadget13TNodeLinkListFPQ27JGadget13TLinkListNode
8034BA6C:ErrorCode2Num
8018A960:ErrorMsgPaneMove__14dFile_select_cFv
803D16A8:ErrorTable
8019635C:EventRecoverNotime__16ShopCam_action_cFv
80180A40:EventRecoverNotime__9dCamera_cFv
80078698:Execute__16dBgS_MoveBgActorFPPA3_A4_f
80155EA0:Execute__20daNpcF_MoveBgActor_cFPPA3_A4_f
801503D4:Execute__23daBaseNpc_moveBgActor_cFPPA3_A4_f
800473FC:Experts__16dEvent_manager_cFv
8033DF10:ExternalInterruptHandler
80181E64:Eye__9dCamera_cFv
80451838:FBSet
804555D0:FILTER_MODE_IIR__6JASDsp
80450864:FOUND_TRACK_FI_TIME__7Z2Param
80450865:FOUND_TRACK_FO_TIME__7Z2Param
804512EC:FX_BUF__6JASDsp
80451790:FatalErrorFlag
804517C8:FatalFunc
8044CE00:FifoObj
80258F20:FileSelectClose__10dScnName_cFv
80258E78:FileSelectMainNormal__10dScnName_cFv
80258E34:FileSelectMain__10dScnName_cFv
80258DD0:FileSelectOpen__10dScnName_cFv
80451974:FinishQueue
804509D8:FirstRead
804517B4:FirstTimeInBootrom
80182C8C:Flag__11dCamParam_cFlUs
80451660:FontDataAnsi
80451664:FontDataSjis
804509B0:FontEncode
8018159C:ForceLockOff__9dCamera_cFP10fopAc_ac_c
80181560:ForceLockOff__9dCamera_cFUi
80181534:ForceLockOn__9dCamera_cFP10fopAc_ac_c
8027137C:Formal__7cDegreeFv
802718B0:Formal__7cSGlobeFv
80271498:Formal__7cSPolarFv
80357484:FormatCallback
80016F2C:FormatSync__15mDoMemCd_Ctrl_cFv
80182C7C:Fovy__11dCamParam_cFUc
80182C58:Fovy__11dCamParam_cFv
800793A4:FreeArea__4cBgWFv
8045175C:FstStart
80451760:FstStringStart
80360FB0:GDFlushCurrToMem
80360F98:GDInitGDLObj
803610D4:GDOverflowed
80360FDC:GDPadCurr32
80361700:GDSetArray
8036190C:GDSetArrayRaw
80361104:GDSetVtxDescv
802CE004:GFSetBlendModeEtc__F12_GXBlendMode14_GXBlendFactor14_GXBlendFactor10_GXLogicOpUcUcUc
802CDE54:GFSetChanAmbColor__F12_GXChannelID8_GXColor
802CDE9C:GFSetFog__F10_GXFogTypeffff8_GXColor
802CDDC8:GFSetGenMode2__FUcUcUcUc11_GXCullMode
802CE0D0:GFSetTevColorS10__F11_GXTevRegID11_GXColorS10
802CE0A4:GFSetZMode__FUc10_GXCompareUc
8045194C:GPFifo
8035C094:GXAbortFrame
8035C764:GXBegin
8035A5A8:GXCPInterruptHandler
8035FEF0:GXCallDisplayList
8035D5F8:GXClearBoundingBox
80360EC4:GXClearGPMetric
8035B58C:GXClearVtxDesc
8035D304:GXCopyDisp
8035D46C:GXCopyTex
803D2190:GXDefaultProjData
803D20C0:GXDefaultVATList
8035C2F4:GXDrawDone
8035C93C:GXEnableTexOffsets
803D2538:GXEurgb60Hz480IntDf
8035C5F0:GXFinishInterruptHandler
8035BECC:GXFlush
8035AEA8:GXGetCPUFifo
8035AEA0:GXGetCurrentGXThread
8035ABD8:GXGetFifoBase
8035ABE0:GXGetFifoSize
8035AEB0:GXGetGPFifo
8035AB88:GXGetGPStatus
8035CCDC:GXGetNumXfbLines
80360204:GXGetProjectionv
80360548:GXGetScissor
8035DC1C:GXGetTexBufferSize
8035E258:GXGetTexObjFmt
8035E248:GXGetTexObjHeight
8035E278:GXGetTexObjMipMap
8035E290:GXGetTexObjTlut
8035E238:GXGetTexObjWidth
8035E260:GXGetTexObjWrapS
8035E26C:GXGetTexObjWrapT
803604AC:GXGetViewportv
8035CD6C:GXGetYScaleFactor
80359670:GXInit
8035A6DC:GXInitFifoBase
8035A7B8:GXInitFifoLimits
8035A748:GXInitFifoPtrs
8035D630:GXInitLightAttn
8035D8D8:GXInitLightColor
8035D8BC:GXInitLightDir
8035D7DC:GXInitLightDistAttn
8035D8AC:GXInitLightPos
8035D64C:GXInitLightSpot
8035E538:GXInitTexCacheRegion
8035DE40:GXInitTexObj
8035E08C:GXInitTexObjCI
8035E0D4:GXInitTexObjLOD
8035E468:GXInitTlutObj
8035E62C:GXInitTlutRegion
8035E664:GXInvalidateTexAll
8035BB6C:GXInvalidateVtxCache
8035D8E4:GXLoadLightObjImm
8036029C:GXLoadNrmMtxImm
8036024C:GXLoadPosMtxImm
80360320:GXLoadTexMtxImm
8035E414:GXLoadTexObj
8035E298:GXLoadTexObjPreLoaded
8035E4A0:GXLoadTlut
803D24C0:GXMpal480IntDf
803D2484:GXNtsc480Int
803D2448:GXNtsc480IntDf
80451958:GXOverflowSuspendInProgress
803D24FC:GXPal528IntDf
8035C4BC:GXPeekZ
8035C374:GXPixModeSync
8035C398:GXPokeAlphaMode
8035C3AC:GXPokeAlphaRead
8035C3CC:GXPokeAlphaUpdate
8035C3E4:GXPokeBlendMode
8035C448:GXPokeColorUpdate
8035C484:GXPokeDither
8035C460:GXPokeDstAlpha
8035C49C:GXPokeZMode
8035FF60:GXProject
80360ED4:GXReadXfRasMetric
803D226C:GXResetFuncInfo
8035AA8C:GXSaveCPUFifo
8035F624:GXSetAlphaCompare
8035FC70:GXSetAlphaUpdate
8035BB28:GXSetArray
8035FBF0:GXSetBlendMode
8035ABE8:GXSetBreakPtCallback
8035A7C4:GXSetCPUFifo
8035D960:GXSetChanAmbColor
8035DB6C:GXSetChanCtrl
8035DA48:GXSetChanMatColor
803605D0:GXSetClipMode
8035C9AC:GXSetCoPlanar
8035FC44:GXSetColorUpdate
8035CC84:GXSetCopyClamp
8035D070:GXSetCopyClear
8035D0E8:GXSetCopyFilter
8035C984:GXSetCullMode
8035AE54:GXSetCurrentGXThread
803602EC:GXSetCurrentMtx
8035CAFC:GXSetDispCopyDst
8035CC60:GXSetDispCopyFrame2Field
8035D2F0:GXSetDispCopyGamma
8035CA04:GXSetDispCopySrc
8035CFA4:GXSetDispCopyYScale
8035FDD8:GXSetDither
8035C25C:GXSetDrawDone
8035C5AC:GXSetDrawDoneCallback
8035C4E0:GXSetDrawSyncCallback
8035FE04:GXSetDstAlpha
8035FE40:GXSetFieldMask
8035FE78:GXSetFieldMode
8035F8B8:GXSetFog
8035FACC:GXSetFogRangeAdj
8035A8EC:GXSetGPFifo
8036067C:GXSetGPMetric
8035EEA4:GXSetIndTexCoordScale
8035ED2C:GXSetIndTexMtx
8035EFE8:GXSetIndTexOrder
8035C8BC:GXSetLineWidth
8035BE38:GXSetMisc
8035DB30:GXSetNumChans
8035F0D4:GXSetNumIndStages
8035F890:GXSetNumTevStages
8035BDFC:GXSetNumTexGens
8035FD04:GXSetPixelFmt
8035C8FC:GXSetPointSize
803600D4:GXSetProjection
80360178:GXSetProjectionv
803604D0:GXSetScissor
80360590:GXSetScissorBoxOffset
8035F268:GXSetTevAlphaIn
8035F314:GXSetTevAlphaOp
8035F37C:GXSetTevColor
8035F224:GXSetTevColorIn
8035F2AC:GXSetTevColorOp
8035F3DC:GXSetTevColorS10
8035F0F8:GXSetTevDirect
8035ECC0:GXSetTevIndirect
8035F500:GXSetTevKAlphaSel
8035F440:GXSetTevKColor
8035F4A4:GXSetTevKColorSel
8035F198:GXSetTevOp
8035F6F4:GXSetTevOrder
8035F55C:GXSetTevSwapMode
8035F5A4:GXSetTevSwapModeTable
8035BB7C:GXSetTexCoordGen2
8035E6D4:GXSetTexCoordScaleManually
8035CB30:GXSetTexCopyDst
8035CA80:GXSetTexCopySrc
8035E6AC:GXSetTexRegionCallback
8035E6C0:GXSetTlutRegionCallback
80360464:GXSetViewport
8035B5C4:GXSetVtxAttrFmt
8035B820:GXSetVtxAttrFmtv
8035AEB8:GXSetVtxDesc
8035B124:GXSetVtxDescv
8035FCD0:GXSetZCompLoc
8035FC9C:GXSetZMode
8035F668:GXSetZTexture
80450AA0:GXTexImage0Ids
80450AA8:GXTexImage1Ids
80450AB0:GXTexImage2Ids
80450AB8:GXTexImage3Ids
80450A90:GXTexMode0Ids
80450A98:GXTexMode1Ids
803D21AC:GXTexRegionAddrTable
80450AC0:GXTexTlutIds
8035C524:GXTokenInterruptHandler
80451180:G_CM3D_F_ABS_MIN
803D3358:GameHeapCheck
80083688:GetAc__22dCcD_GAtTgCoCommonBaseFv
80263A48:GetAc__8cCcD_ObjFv
80074618:GetActorPointer__4cBgSCFi
8033CCFC:GetApploaderPosition
800843A8:GetAtHitGObj__12dCcD_GObjInfFv
80084358:GetAtHitObj__12dCcD_GObjInfFv
8007B800:GetAttackThrough__4dBgWFi
80082E40:GetAttackThrough__8dBgWKColFi
80074628:GetBgWBasePointer__4cBgSCFRC13cBgS_PolyInfo
8007B164:GetBnd__4cBgWCFv
8007EB28:GetBnd__8dBgWKColCFv
80074F40:GetCamMoveBG__4dBgSFRC13cBgS_PolyInfo
8007B87C:GetCamMoveBG__4dBgWFRC13cBgS_PolyInfo
80082E6C:GetCamMoveBG__8dBgWKColFRC13cBgS_PolyInfo
80085EB8:GetCamTopPos__12dCcMassS_MngFP3Vec
80164B64:GetCameraTypeFromCameraName__9dCamera_cFPCc
80164944:GetCameraTypeFromMapToolID__9dCamera_cFll
80164C10:GetCameraTypeFromToolData__9dCamera_cFP24stage_camera2_data_class
80182994:GetCheckObjectCount__12dAttention_cFv
80084CC0:GetCoCP__12cCcD_CylAttrCFv
80037A4C:GetCoCP__12cCcD_CylAttrFv
80084B44:GetCoCP__12cCcD_SphAttrCFv
80037A54:GetCoCP__12cCcD_SphAttrFv
80084E38:GetCoCP__14cCcD_ShapeAttrCFv
80084E2C:GetCoCP__14cCcD_ShapeAttrFv
800846F0:GetCoHitObj__12dCcD_GObjInfFv
801829F0:GetCross__11cBgS_LinChkFv
8034D8C4:GetCurrentDisplayPosition
803427D8:GetDates
80074B98:GetExitId__4dBgSFRC13cBgS_PolyInfo
8007B3AC:GetExitId__4dBgWFRC13cBgS_PolyInfo
80082A20:GetExitId__8dBgWKColFRC13cBgS_PolyInfo
8033D3E0:GetFontCode
80181500:GetForceLockOnActor__9dCamera_cFv
80084BE4:GetGObjInf__12cCcD_GObjInfCFv
800851A0:GetGObjInf__12cCcD_GObjInfFv
80084268:GetGObjInf__12dCcD_GObjInfFv
800851A4:GetGObjInf__8cCcD_ObjCFv
800847C8:GetGObjInf__8cCcD_ObjFv
80263894:GetGStts__9cCcD_SttsCFv
8026389C:GetGStts__9cCcD_SttsFv
80083850:GetGStts__9dCcD_SttsFv
80074EF0:GetGroundCode__4dBgSFRC13cBgS_PolyInfo
8007B760:GetGroundCode__4dBgWFRC13cBgS_PolyInfo
80082DE4:GetGroundCode__8dBgWKColFRC13cBgS_PolyInfo
800748AC:GetGrpInf__4cBgSCFRC13cBgS_PolyInfo
8007B2B0:GetGrpInf__4cBgWCFRC13cBgS_PolyInfo
8007EB30:GetGrpInf__8dBgWKColCFRC13cBgS_PolyInfo
80077564:GetGrpPassChkInfo__8dBgS_ChkFv
800746F4:GetGrpRoomId__4cBgSCFRC13cBgS_PolyInfo
8007B0E4:GetGrpRoomIndex__4cBgWCFRC13cBgS_PolyInfo
800829F0:GetGrpRoomIndex__8dBgWKColCFRC13cBgS_PolyInfo
80075080:GetGrpSoundId__4dBgSFRC13cBgS_PolyInfo
8007DF58:GetGrpSoundId__4dBgWFRC13cBgS_PolyInfo
80082F5C:GetGrpSoundId__8dBgWKColFRC13cBgS_PolyInfo
80074C6C:GetHorseNoEntry__4dBgSFRC13cBgS_PolyInfo
8007B404:GetHorseNoEntry__4dBgWFRC13cBgS_PolyInfo
80082A80:GetHorseNoEntry__8dBgWKColFRC13cBgS_PolyInfo
8007B7DC:GetIronBallThrough__4dBgWFi
80082E14:GetIronBallThrough__8dBgWKColFi
8007B6AC:GetLinkNo__4dBgWFRC13cBgS_PolyInfo
80082D24:GetLinkNo__8dBgWKColFRC13cBgS_PolyInfo
80070844:GetLockonList__12dAttention_cFl
80074D0C:GetMagnetCode__4dBgSFRC13cBgS_PolyInfo
8007B488:GetMagnetCode__4dBgWFRC13cBgS_PolyInfo
80082B0C:GetMagnetCode__8dBgWKColFRC13cBgS_PolyInfo
8007B360:GetMaskPolyInf0_NoShift__4cBgWCFiUl
8007B78C:GetMaskPolyInf1_NoShift__4cBgWCFiUl
8026F76C:GetMinMaxCube__8cM3dGSphCFR4cXyzR4cXyz
80074D5C:GetMonkeyBarsCode__4dBgSFRC13cBgS_PolyInfo
8007B4B4:GetMonkeyBarsCode__4dBgWFRC13cBgS_PolyInfo
80082B3C:GetMonkeyBarsCode__8dBgWKColFRC13cBgS_PolyInfo
801829EC:GetNP__8cM3dGPlaFv
80264014:GetNVec__12cCcD_CpsAttrCFRC4cXyzP4cXyz
802643D0:GetNVec__12cCcD_CylAttrCFRC4cXyzP4cXyz
8026476C:GetNVec__12cCcD_SphAttrCFRC4cXyzP4cXyz
80263C9C:GetNVec__12cCcD_TriAttrCFRC4cXyzP4cXyz
8007B550:GetPolyArrowThrough__4dBgWFi
80082BF0:GetPolyArrowThrough__8dBgWKColFi
80074E50:GetPolyAtt0__4dBgSFRC13cBgS_PolyInfo
8007B704:GetPolyAtt0__4dBgWFRC13cBgS_PolyInfo
80082D84:GetPolyAtt0__8dBgWKColFRC13cBgS_PolyInfo
80074EA0:GetPolyAtt1__4dBgSFRC13cBgS_PolyInfo
8007B734:GetPolyAtt1__4dBgWFRC13cBgS_PolyInfo
80082DB4:GetPolyAtt1__8dBgWKColFRC13cBgS_PolyInfo
8007519C:GetPolyAttackThrough__4dBgSFRC13cBgS_PolyInfo
8007B5E0:GetPolyBombThrough__4dBgWFi
80082CA0:GetPolyBombThrough__8dBgWKColFi
8007B598:GetPolyBoomerangThrough__4dBgWFi
80082C48:GetPolyBoomerangThrough__8dBgWKColFi
8007B504:GetPolyCamThrough__4dBgWFi
80082B98:GetPolyCamThrough__8dBgWKColFi
80074BE8:GetPolyColor__4dBgSFRC13cBgS_PolyInfo
8007B3D8:GetPolyColor__4dBgWFRC13cBgS_PolyInfo
80082A50:GetPolyColor__8dBgWKColFRC13cBgS_PolyInfo
8007DF28:GetPolyGrpRoomInfId__4dBgWFRC13cBgS_PolyInfo
80082F2C:GetPolyGrpRoomInfId__8dBgWKColFRC13cBgS_PolyInfo
8007B574:GetPolyHSStick__4dBgWFi
80082C1C:GetPolyHSStick__8dBgWKColFi
8007B30C:GetPolyInf0__4cBgWCFiUlUl
8007B654:GetPolyInf1__4cBgWCFiUlUl
8007B824:GetPolyInf2__4cBgWCFiUlUl
8007B2F4:GetPolyInfId__4cBgWCFi
8007B52C:GetPolyLinkThrough__4dBgWFi
80082BC4:GetPolyLinkThrough__8dBgWKColFi
8007B4E0:GetPolyObjThrough__4dBgWFi
80082B6C:GetPolyObjThrough__8dBgWKColFi
80077560:GetPolyPassChkInfo__8dBgS_ChkFv
8007B5BC:GetPolyRopeThrough__4dBgWFi
80082C74:GetPolyRopeThrough__8dBgWKColFi
80086360:GetRank__4dCcSFUc
80085EB0:GetResultCam__12dCcMassS_MngCFv
80074F90:GetRoomCamId__4dBgSFRC13cBgS_PolyInfo
8007B8A8:GetRoomCamId__4dBgWFRC13cBgS_PolyInfo
80082E9C:GetRoomCamId__8dBgWKColFRC13cBgS_PolyInfo
80075100:GetRoomId__4dBgSFRC13cBgS_PolyInfo
80074FE0:GetRoomPathId__4dBgSFRC13cBgS_PolyInfo
8007B8D8:GetRoomPathId__4dBgWFRC13cBgS_PolyInfo
80082ECC:GetRoomPathId__8dBgWKColFRC13cBgS_PolyInfo
80075030:GetRoomPathPntNo__4dBgSFRC13cBgS_PolyInfo
8007B904:GetRoomPathPntNo__4dBgWFRC13cBgS_PolyInfo
80082EFC:GetRoomPathPntNo__8dBgWKColFRC13cBgS_PolyInfo
80084BE8:GetShapeAttr__8cCcD_ObjCFv
80085130:GetShapeAttr__8cCcD_ObjFv
80084814:GetShapeAttr__8dCcD_CpsFv
800848F8:GetShapeAttr__8dCcD_CylFv
80084B34:GetShapeAttr__8dCcD_SphFv
800848A4:GetShapeAttr__8dCcD_TriFv
8007B604:GetShdwThrough__4dBgWFi
80082CF8:GetShdwThrough__8dBgWKColFi
80074CBC:GetSpecialCode__4dBgSFRC13cBgS_PolyInfo
8007B430:GetSpecialCode__4dBgWFRC13cBgS_PolyInfo
8007B460:GetSpecialCode__4dBgWFi
80082AB0:GetSpecialCode__8dBgWKColFRC13cBgS_PolyInfo
80082AE0:GetSpecialCode__8dBgWKColFi
800771E4:GetSpeedY__9dBgS_AcchFv
8036ECCC:GetTRKConnected
80084548:GetTgHitGObj__12dCcD_GObjInfFv
8008457C:GetTgHitObjSe__12dCcD_GObjInfFv
800844F8:GetTgHitObj__12dCcD_GObjInfFv
8019F780:GetTimePass__20dStage_roomControl_cFv
8007B240:GetTopUnder__4cBgWCFPfPf
800829AC:GetTopUnder__8dBgWKColCFPfPf
8007B17C:GetTrans__4cBgWCFP4cXyz
8007B930:GetTriGrp__4cBgWCFi
80074744:GetTriPla__4cBgSCFRC13cBgS_PolyInfoP8cM3dGPla
8007B270:GetTriPla__4cBgWCFRC13cBgS_PolyInfo
8007E894:GetTriPla__8dBgWKColCFRC13cBgS_PolyInfo
8007E8C0:GetTriPla__8dBgWKColCFi
800747F0:GetTriPnt__4cBgSCFRC13cBgS_PolyInfoP4cXyzP4cXyzP4cXyz
8007B1B4:GetTriPnt__4cBgWCFRC13cBgS_PolyInfoP4cXyzP4cXyzP4cXyz
8007E9D4:GetTriPnt__8dBgWKColCFPC12KC_PrismDataP3VecP3VecP3Vec
8007E980:GetTriPnt__8dBgWKColCFRC13cBgS_PolyInfoP4cXyzP4cXyzP4cXyz
8007E9A4:GetTriPnt__8dBgWKColCFiP3VecP3VecP3Vec
80345CF8:GetTypeCallback
80074DAC:GetUnderwaterRoofCode__4dBgSFRC13cBgS_PolyInfo
8007B630:GetUnderwaterRoofCode__4dBgWFi
80082CCC:GetUnderwaterRoofCode__8dBgWKColFi
80372180:GetUseSerialIO
80077200:GetWallAddY__9dBgS_AcchFR3Vec
80077178:GetWallAllLowH_R__9dBgS_AcchFv
80077128:GetWallAllLowH__9dBgS_AcchFv
80076F84:GetWallAllR__9dBgS_AcchFv
80074E00:GetWallCode__4dBgSFRC13cBgS_PolyInfo
8007B6D8:GetWallCode__4dBgWFRC13cBgS_PolyInfo
80082D54:GetWallCode__8dBgWKColFRC13cBgS_PolyInfo
80263984:GetWeightF__9cCcD_SttsCFv
80264B80:GetWt__4cCcSCFUc
802A8F6C:Get_groupID__Q38JMessage18TResourceContainer10TCResourceFUs
800793C4:GlobalVtx__4cBgWFv
802717B4:Globe__7cSPolarCFP7cSGlobe
800762D8:GroundCheckInit__9dBgS_AcchFR4dBgS
80076350:GroundCheck__9dBgS_AcchFR4dBgS
8007AA50:GroundCrossGrpRp__4cBgWFP11cBgS_GndChkii
8007A8F4:GroundCrossRp__4cBgWFP11cBgS_GndChki
800744A0:GroundCross__4cBgSFP11cBgS_GndChk
8007AB9C:GroundCross__4cBgWFP11cBgS_GndChk
8007F628:GroundCross__8dBgWKColFP11cBgS_GndChk
8007654C:GroundRoofProc__9dBgS_AcchFR4dBgS
801A8538:GxFogSet_Sub__FP8_GXColor
801A85E8:GxFog_set__Fv
801A87A0:GxXFog_set__Fv
8036EE94:HandleCloseFileSupportRequest
8036EF7C:HandleOpenFileSupportRequest
8036ED84:HandlePositionFileSupportRequest
803CFC48:HankakuToCode
80450CC8:HeapAdjustEntry__6fopAcM
80450CC9:HeapAdjustUnk__6fopAcM
80451640:HeapArray
803A2EF4:HeapCheckTable
80451150:Heap__3cMl
80037900:HitSeStart__5daObjFPC4cXyziPC12dCcD_GObjInfUl
804516B8:HoldDown
804516B0:HoldUp
8044CB18:HorVer
80450C3C:HostIOHeap
803D33D0:HostioHeapCheck
803737AC:Hu_IsStub
8033B6D4:ICEnable
8033B6C4:ICFlashInvalidate
8033B690:ICInvalidateRange
804516D8:IDSerialPort1
8045177C:IDShouldBe
801F1E58:IPLSelect2Disp__12dMenu_save_cFv
801F1CEC:IPLSelectDisp1__12dMenu_save_cFv
801F1D54:IPLSelectDisp2__12dMenu_save_cFv
8044C2A8:IdleContext
8044BC78:IdleThread
803D15EC:ImmCommand
803CD8E0:IndMtx
80354DF0:InitCallback
80371560:InitMetroTRK
80371EA8:InitMetroTRKCommTable
803715F8:InitMetroTRK_BBA
80097C5C:Init__10dPathCurveFP5dPath
800740F4:Init__11cBgS_ChkElmFv
80079124:Init__12dBgS_RoofChkFv
8006FF04:Init__12dVibration_cFv
80097878:Init__14d2DBSplinePathFll
80078D0C:Init__14dBgS_SplGrpChkFv
801824C8:Init__14dCamForcusLineFv
802638A4:Init__9cCcD_SttsFiiPvUi
800761CC:Init__9dBgS_AcchFv
80083860:Init__9dCcD_SttsFiiP10fopAc_ac_c
80371C80:InitializeProgramEndTrap
80344930:InitializeUART
80451848:Initialized
8044C7F0:InputBuffer
8044C7E0:InputBufferValid
8044C810:InputBufferVcount
80339F24:InquiryCallback
8015E078:Insect_GetDemoMain__9dInsect_cFv
80110648:Insect_Release__9dInsect_cFv
8033A908:InsertAlarm
802DCBA8:Insert__Q27JGadget13TNodeLinkListFQ37JGadget13TNodeLinkList8iteratorPQ27JGadget13TLinkListNode
802DCE8C:Insert_raw__Q27JGadget38TVector<Pv,Q27JGadget14TAllocator<Pv>>FPPvUl
80451670:InterruptHandlerTable
803D0758:InterruptPrioTable
802710E8:Inv__7cSAngleCFv
80271B7C:Invert__7cSGlobeFv
80356948:IsCard
800786B0:IsDelete__16dBgS_MoveBgActorFv
80155EB0:IsDelete__20daNpcF_MoveBgActor_cFv
801503E4:IsDelete__23daBaseNpc_moveBgActor_cFv
80450D1C:IsInitOfLayerList$2308
804517E0:IsInitialized
8044F288:IsTRKConnected
802F7D00:J2DCast_F32_to_S16__7J2DPaneFfUc
802E9BE8:J2DDrawFrame__FRCQ29JGeometry8TBox2<f>Q28JUtility6TColorUc
802E9B9C:J2DDrawFrame__FffffQ28JUtility6TColorUc
802E9998:J2DDrawLine__FffffQ28JUtility6TColori
802E9B0C:J2DFillBox__FRCQ29JGeometry8TBox2<f>Q28JUtility6TColor
802E9AC4:J2DFillBox__FffffQ28JUtility6TColor
8030C9B0:J2DGetKeyFrameInterpolation<f>__FfP18J3DAnmKeyTableBasePf
8030C77C:J2DGetKeyFrameInterpolation<s>__FfP18J3DAnmKeyTableBasePs
802F42F0:J2DPrint_print_alpha_va
803D33A8:J2dHeapCheck
80311670:J3DCalcBBoardMtx__FPA4_f
80327048:J3DCalcViewBaseMtx__FPA4_fRC3VecRA3_A4_CfPA4_f
80311760:J3DCalcYBBoardMtx__FPA4_f
80054478:J3DDrawBuffer__create__FUl
8030FBCC:J3DFifoLoadNrmMtxImm3x3__FPA3_fUl
8030FB60:J3DFifoLoadNrmMtxImm__FPA4_fUl
8030FCD0:J3DFifoLoadNrmMtxToTexMtx3x3__FPA3_fUl
8030FC38:J3DFifoLoadNrmMtxToTexMtx__FPA4_fUl
8030FAE0:J3DFifoLoadPosMtxImm__FPA4_fUl
8030FD68:J3DFifoLoadTexCached__F11_GXTexMapIDUl15_GXTexCacheSizeUl15_GXTexCacheSize
8032499C:J3DGDLoadPostTexMtxImm__FPA4_fUl
8032441C:J3DGDLoadTexMtxImm__FPA4_fUl13_GXTexMtxType
8030E878:J3DGDLoadTlut__FPvUl11_GXTlutSize
8030F994:J3DGDSetFogRangeAdj__FUcUsP14_GXFogAdjTable
8030F630:J3DGDSetFog__F10_GXFogTypeffff8_GXColor
8030D210:J3DGDSetGenMode_3Param__FUcUcUc
8030D098:J3DGDSetGenMode__FUcUcUcUc11_GXCullMode
8030EE10:J3DGDSetIndTexCoordScale__F16_GXIndTexStageID14_GXIndTexScale14_GXIndTexScale14_GXIndTexScale14_GXIndTexScale
8030EB30:J3DGDSetIndTexMtx__F14_GXIndTexMtxIDPA3_fSc
8030EF08:J3DGDSetIndTexOrder__FUl13_GXTexCoordID11_GXTexMapID13_GXTexCoordID11_GXTexMapID13_GXTexCoordID11_GXTexMapID13_GXTexCoordID11_GXTexMapID
8030D364:J3DGDSetLightAttn__F10_GXLightIDffffff
8030D65C:J3DGDSetLightColor__F10_GXLightID8_GXColor
8030D938:J3DGDSetLightDir__F10_GXLightIDfff
8030D76C:J3DGDSetLightPos__F10_GXLightIDfff
8030F3FC:J3DGDSetTevColorS10__F11_GXTevRegID11_GXColorS10
8030F294:J3DGDSetTevKColor__F14_GXTevKColorID8_GXColor
8030F108:J3DGDSetTevOrder__F13_GXTevStageID13_GXTexCoordID11_GXTexMapID12_GXChannelID13_GXTexCoordID11_GXTexMapID12_GXChannelID
8030E064:J3DGDSetTexCoordGen__F13_GXTexGenType12_GXTexGenSrc
8030E234:J3DGDSetTexCoordScale2__F13_GXTexCoordIDUsUcUcUsUcUc
8030E5D4:J3DGDSetTexImgAttr__F11_GXTexMapIDUsUs9_GXTexFmt
8030E70C:J3DGDSetTexImgPtrRaw__F11_GXTexMapIDUl
8030E67C:J3DGDSetTexImgPtr__F11_GXTexMapIDPv
8030E438:J3DGDSetTexLookupMode__F11_GXTexMapID14_GXTexWrapMode14_GXTexWrapMode12_GXTexFilter12_GXTexFilterfffUcUc13_GXAnisotropy
8030E7E0:J3DGDSetTexTlut__F11_GXTexMapIDUl10_GXTlutFmt
8030DB04:J3DGDSetVtxAttrFmtv__F9_GXVtxFmtPC17_GXVtxAttrFmtListb
8045091C:J3DGDTexImage0Ids
80450924:J3DGDTexImage3Ids
8045090C:J3DGDTexMode0Ids
80450914:J3DGDTexMode1Ids
8045092C:J3DGDTexTlutIds
80311638:J3DGQRSetup7__FUlUlUlUl
8032BAD4:J3DGetKeyFrameInterpolation<f>__FfP18J3DAnmKeyTableBasePf
8032B8A0:J3DGetKeyFrameInterpolation<s>__FfP18J3DAnmKeyTableBasePs
80311CE4:J3DGetTextureMtxMayaOld__FRC17J3DTextureSRTInfoPA4_f
80311C34:J3DGetTextureMtxMaya__FRC17J3DTextureSRTInfoPA4_f
80311B80:J3DGetTextureMtxOld__FRC17J3DTextureSRTInfoRC3VecPA4_f
80311ACC:J3DGetTextureMtx__FRC17J3DTextureSRTInfoRC3VecPA4_f
80311964:J3DGetTranslateRotateMtx__FRC16J3DTransformInfoPA4_f
80311A24:J3DGetTranslateRotateMtx__FsssfffPA4_f
80314EB0:J3DLoadArrayBasePtr__F7_GXAttrPv
80314E98:J3DLoadCPCmd__FUcUl
80311E4C:J3DMtxProjConcat__FPA4_fPA4_fPA4_f
8031189C:J3DPSCalcInverseTranspose__FPA4_fPA3_f
80311F70:J3DPSMtxArrayConcat__FPA4_fPA4_fPA4_fUl
8032C7BC:J3DPSWeightMTXMultVecSR__FPA4_ffP3VecP3Vec
8032C704:J3DPSWeightMTXMultVec__FPA4_ffP3VecP3Vec
80311DF8:J3DScaleNrmMtx33__FPA3_fRC3Vec
80311D94:J3DScaleNrmMtx__FPA4_fRC3Vec
8045093C:J3DTexImage1Ids
80450944:J3DTexImage2Ids
80450978:J3DUnit01
8029F4CC:JAISeCategoryMgr_calc___5JAISeFv
8029F304:JAISeCategoryMgr_mixOut___5JAISeFbRC14JASSoundParams16JAISoundActivity
8029FC88:JAISeMgr_acceptsNewSe___16JAISeCategoryMgrCFUl
8029F9C4:JAISeMgr_calc___16JAISeCategoryMgrFv
8029FB30:JAISeMgr_freeDeadSe___16JAISeCategoryMgrFv
8029FF18:JAISeMgr_mixOut___16JAISeCategoryMgrFRC18JAISoundParamsMove16JAISoundActivity
8029F650:JAISeMgr_startID___5JAISeF10JAISoundIDPCQ29JGeometry8TVec3<f>P11JAIAudience
802A108C:JAISeqMgr_calc___6JAISeqFv
802A14FC:JAISeqMgr_mixOut___6JAISeqFRC14JASSoundParams16JAISoundActivity
802A0B64:JAISeqMgr_startID___6JAISeqF10JAISoundIDPCQ29JGeometry8TVec3<f>P11JAIAudienceii
8029F5C8:JAISound_tryDie___5JAISeFv
802A12BC:JAISound_tryDie___6JAISeqFv
802A37FC:JAISound_tryDie___9JAIStreamFv
802A388C:JAIStreamMgr_calc___9JAIStreamFv
802A34E4:JAIStreamMgr_mixOut___9JAIStreamFRC14JASSoundParams16JAISoundActivity
802A319C:JAIStreamMgr_startID___9JAIStreamF10JAISoundIDlPCQ29JGeometry8TVec3<f>P11JAIAudiencei
802A30D4:JAIStream_JASAramStreamCallback___FUlP13JASAramStreamPv
80451210:JASDram
80290F64:JASReport__FPCce
802A0A6C:JASTrack_isFreeOrStopped__20@unnamed@JAISeq_cpp@FP8JASTrack
804507C4:JAS_SYSTEM_OUTPUT_MODE__9JASDriver
802A6BF4:JAUDynamicSeqDataBlocks_receiveLoaded___FUlUl
802A5F24:JAUNewSectionHeap__FP12JKRSolidHeapb
802A5F9C:JAUNewSectionHeap__Fb
802733A8:JFWDrawDoneAlarm__Fv
80273484:JFWGXAbortAlarmHandler__FP7OSAlarmP9OSContext
80272DD0:JFWThreadAlarmHandler__FP7OSAlarmP9OSContext
802D2830:JKRDecompressFromAramToMainRam__FUlPvUlUlUlPUl
802DAFE8:JKRDecompressFromDVDToAram__FP10JKRDvdFileUlUlUlUlUlPUl
802DA1E4:JKRDecompressFromDVD__FP10JKRDvdFilePvUlUlUlUlPUl
802CEB40:JKRDefaultMemoryErrorRoutine__FPvUli
80339878:JMAEulerToQuat__FsssP10Quaternion
80182A24:JMAFastSqrt__Ff
80339A30:JMAFastVECNormalize__FPC3VecP3Vec
80339A84:JMAMTXApplyScale__FPA4_CfPA4_ffff
80339938:JMAQuatLerp__FPC10QuaternionPC10QuaternionfP10Quaternion
80339A5C:JMAVECScaleAdd__FPC3VecPC3VecP3Vecf
8027AC10:JPACalcAlphaAnm__FP18JPAEmitterWorkDataP15JPABaseParticle
8027AC98:JPACalcAlphaFlickAnm__FP18JPAEmitterWorkDataP15JPABaseParticle
8027AFDC:JPACalcChildAlphaOut__FP18JPAEmitterWorkDataP15JPABaseParticle
8027B008:JPACalcChildScaleOut__FP18JPAEmitterWorkDataP15JPABaseParticle
80277308:JPACalcClrIdxMerge__FP18JPAEmitterWorkData
80277314:JPACalcClrIdxMerge__FP18JPAEmitterWorkDataP15JPABaseParticle
802771BC:JPACalcClrIdxNormal__FP18JPAEmitterWorkData
802771E8:JPACalcClrIdxNormal__FP18JPAEmitterWorkDataP15JPABaseParticle
80277384:JPACalcClrIdxRandom__FP18JPAEmitterWorkData
80277390:JPACalcClrIdxRandom__FP18JPAEmitterWorkDataP15JPABaseParticle
80277210:JPACalcClrIdxRepeat__FP18JPAEmitterWorkData
80277240:JPACalcClrIdxRepeat__FP18JPAEmitterWorkDataP15JPABaseParticle
8027727C:JPACalcClrIdxReverse__FP18JPAEmitterWorkData
802772BC:JPACalcClrIdxReverse__FP18JPAEmitterWorkDataP15JPABaseParticle
802774BC:JPACalcColorCopy__FP18JPAEmitterWorkDataP15JPABaseParticle
80277440:JPACalcEnv__FP18JPAEmitterWorkData
80277480:JPACalcEnv__FP18JPAEmitterWorkDataP15JPABaseParticle
80280984:JPACalcKeyAnmValue__FfUsPCf
802773C4:JPACalcPrm__FP18JPAEmitterWorkData
80277404:JPACalcPrm__FP18JPAEmitterWorkDataP15JPABaseParticle
8027AA14:JPACalcScaleAnmNormal__FP18JPAEmitterWorkDataP15JPABaseParticle
8027AA20:JPACalcScaleAnmRepeatX__FP18JPAEmitterWorkDataP15JPABaseParticle
8027AA84:JPACalcScaleAnmRepeatY__FP18JPAEmitterWorkDataP15JPABaseParticle
8027AAE8:JPACalcScaleAnmReverseX__FP18JPAEmitterWorkDataP15JPABaseParticle
8027AB7C:JPACalcScaleAnmReverseY__FP18JPAEmitterWorkDataP15JPABaseParticle
8027AA08:JPACalcScaleCopy__FP18JPAEmitterWorkDataP15JPABaseParticle
8027A918:JPACalcScaleX__FP18JPAEmitterWorkDataP15JPABaseParticle
8027A990:JPACalcScaleY__FP18JPAEmitterWorkDataP15JPABaseParticle
80277B78:JPACalcTexIdxMerge__FP18JPAEmitterWorkData
80277B94:JPACalcTexIdxMerge__FP18JPAEmitterWorkDataP15JPABaseParticle
802779DC:JPACalcTexIdxNormal__FP18JPAEmitterWorkData
80277A18:JPACalcTexIdxNormal__FP18JPAEmitterWorkDataP15JPABaseParticle
80277C0C:JPACalcTexIdxRandom__FP18JPAEmitterWorkData
80277C28:JPACalcTexIdxRandom__FP18JPAEmitterWorkDataP15JPABaseParticle
80277A50:JPACalcTexIdxRepeat__FP18JPAEmitterWorkData
80277A88:JPACalcTexIdxRepeat__FP18JPAEmitterWorkDataP15JPABaseParticle
80277ACC:JPACalcTexIdxReverse__FP18JPAEmitterWorkData
80277B1C:JPACalcTexIdxReverse__FP18JPAEmitterWorkDataP15JPABaseParticle
80277E88:JPADrawBillboard__FP18JPAEmitterWorkDataP15JPABaseParticle
80278DA8:JPADrawDBillboard__FP18JPAEmitterWorkDataP15JPABaseParticle
802785F8:JPADrawDirection__FP18JPAEmitterWorkDataP15JPABaseParticle
8027A3D8:JPADrawEmitterCallBackB__FP18JPAEmitterWorkData
802791B0:JPADrawLine__FP18JPAEmitterWorkDataP15JPABaseParticle
8027A414:JPADrawParticleCallBack__FP18JPAEmitterWorkDataP15JPABaseParticle
80279110:JPADrawPoint__FP18JPAEmitterWorkDataP15JPABaseParticle
80277F70:JPADrawRotBillboard__FP18JPAEmitterWorkDataP15JPABaseParticle
80278994:JPADrawRotDirection__FP18JPAEmitterWorkDataP15JPABaseParticle
80278184:JPADrawRotYBillboard__FP18JPAEmitterWorkDataP15JPABaseParticle
80278FC8:JPADrawRotation__FP18JPAEmitterWorkDataP15JPABaseParticle
8027996C:JPADrawStripeX__FP18JPAEmitterWorkData
80279374:JPADrawStripe__FP18JPAEmitterWorkData
80278088:JPADrawYBillboard__FP18JPAEmitterWorkDataP15JPABaseParticle
802775AC:JPAGenCalcTexCrdMtxAnm__FP18JPAEmitterWorkData
8027753C:JPAGenTexCrdMtxAnm__FP18JPAEmitterWorkData
80277504:JPAGenTexCrdMtxIdt__FP18JPAEmitterWorkData
80277574:JPAGenTexCrdMtxPrj__FP18JPAEmitterWorkData
80280588:JPAGetDirMtx__FRCQ29JGeometry8TVec3<f>PA4_f
80280734:JPAGetXYZRotateMtx__FsssPA4_f
802806C0:JPAGetYZRotateMtx__FssPA4_f
80277758:JPALoadCalcTexCrdMtxAnm__FP18JPAEmitterWorkDataP15JPABaseParticle
8027B040:JPALoadExTex__FP18JPAEmitterWorkData
80277C64:JPALoadPosMtxCam__FP18JPAEmitterWorkData
80277940:JPALoadTexAnm__FP18JPAEmitterWorkData
80277990:JPALoadTexAnm__FP18JPAEmitterWorkDataP15JPABaseParticle
802778EC:JPALoadTex__FP18JPAEmitterWorkData
80277024:JPARegistAlphaEnv__FP18JPAEmitterWorkDataP15JPABaseParticle
80276DB0:JPARegistAlpha__FP18JPAEmitterWorkDataP15JPABaseParticle
8027AEBC:JPARegistChildPrmEnv__FP18JPAEmitterWorkData
80276C2C:JPARegistEnv__FP18JPAEmitterWorkData
80277138:JPARegistEnv__FP18JPAEmitterWorkDataP15JPABaseParticle
80276F10:JPARegistPrmAlphaEnv__FP18JPAEmitterWorkDataP15JPABaseParticle
80276E60:JPARegistPrmAlpha__FP18JPAEmitterWorkDataP15JPABaseParticle
80276CB0:JPARegistPrmEnv__FP18JPAEmitterWorkData
80276B90:JPARegistPrm__FP18JPAEmitterWorkData
80276ACC:JPASetLineWidth__FP18JPAEmitterWorkData
80276B4C:JPASetLineWidth__FP18JPAEmitterWorkDataP15JPABaseParticle
80276A90:JPASetPointSize__FP18JPAEmitterWorkData
80276B08:JPASetPointSize__FP18JPAEmitterWorkDataP15JPABaseParticle
80280808:JPASetRMtxSTVecfromMtx__FPA4_CfPA4_fPQ29JGeometry8TVec3<f>PQ29JGeometry8TVec3<f>
802807E0:JPASetRMtxTVecfromMtx__FPA4_CfPA4_fPQ29JGeometry8TVec3<f>
8027B33C:JPAVolumeCircle__FP18JPAEmitterWorkData
8027B4E8:JPAVolumeCube__FP18JPAEmitterWorkData
8027B87C:JPAVolumeCylinder__FP18JPAEmitterWorkData
8027B220:JPAVolumeLine__FP18JPAEmitterWorkData
8027B144:JPAVolumePoint__FP18JPAEmitterWorkData
8027B5F0:JPAVolumeSphere__FP18JPAEmitterWorkData
8027B9F8:JPAVolumeTorus__FP18JPAEmitterWorkData
80450CA4:JPTracePCB4
80280F00:JSGCreateObject__Q26JStage7TSystemFPCcQ26JStage8TEObjectUl
80280F08:JSGDestroyObject__Q26JStage7TSystemFPQ26JStage7TObject
80280B80:JSGFGetType__Q26JStage13TAmbientLightCFv
80280CE0:JSGFGetType__Q26JStage4TFogCFv
80280AA8:JSGFGetType__Q26JStage6TActorCFv
80280D88:JSGFGetType__Q26JStage6TLightCFv
80280C00:JSGFGetType__Q26JStage7TCameraCFv
80280EF0:JSGFGetType__Q26JStage7TSystemCFv
8003A05C:JSGFindNodeID__13dDemo_actor_cCFPCc
80280E4C:JSGFindNodeID__Q26JStage7TObjectCFPCc
80039528:JSGFindObject__14dDemo_system_cCFPPQ26JStage7TObjectPCcQ26JStage8TEObject
80280EF8:JSGFindObject__Q26JStage7TSystemCFPPQ26JStage7TObjectPCcQ26JStage8TEObject
80280DBC:JSGGetAngleAttenuation__Q26JStage6TLightCFPfP9_GXSpotFn
8003A0C8:JSGGetAnimationFrameMax__13dDemo_actor_cCFv
80280AEC:JSGGetAnimationFrameMax__Q26JStage6TActorCFv
80280AE0:JSGGetAnimationFrame__Q26JStage6TActorCFv
80280AF4:JSGGetAnimationTransition__Q26JStage6TActorCFv
80280AD4:JSGGetAnimation__Q26JStage6TActorCFv
80280B88:JSGGetColor__Q26JStage13TAmbientLightCFv
80280D10:JSGGetColor__Q26JStage4TFogCFv
80280D9C:JSGGetColor__Q26JStage6TLightCFv
80280E34:JSGGetData__Q26JStage7TObjectCFUlPvUl
80280DCC:JSGGetDirection__Q26JStage6TLightCFP3Vec
80280DB4:JSGGetDistanceAttenuation__Q26JStage6TLightCFPfPfP13_GXDistAttnFn
80280D00:JSGGetEndZ__Q26JStage4TFogCFv
80280E28:JSGGetFlag__Q26JStage7TObjectCFv
80280CE8:JSGGetFogFunction__Q26JStage4TFogCFv
80280D90:JSGGetLightType__Q26JStage6TLightCFv
80280E1C:JSGGetName__Q26JStage7TObjectCFv
8003A088:JSGGetNodeTransformation__13dDemo_actor_cCFUlPA4_f
80280E54:JSGGetNodeTransformation__Q26JStage7TObjectCFUlPA4_f
80280E40:JSGGetParent__Q26JStage7TObjectCFPPQ26JStage7TObjectPUl
80280DC4:JSGGetPosition__Q26JStage6TLightCFP3Vec
80038B9C:JSGGetProjectionAspect__14dDemo_camera_cCFv
80280C3C:JSGGetProjectionAspect__Q26JStage7TCameraCFv
80038B0C:JSGGetProjectionFar__14dDemo_camera_cCFv
80280C20:JSGGetProjectionFar__Q26JStage7TCameraCFv
80280C48:JSGGetProjectionField__Q26JStage7TCameraCFPf
80038B54:JSGGetProjectionFovy__14dDemo_camera_cCFv
80280C30:JSGGetProjectionFovy__Q26JStage7TCameraCFv
80038AC4:JSGGetProjectionNear__14dDemo_camera_cCFv
80280C14:JSGGetProjectionNear__Q26JStage7TCameraCFv
80280C08:JSGGetProjectionType__Q26JStage7TCameraCFv
8003A110:JSGGetRotation__13dDemo_actor_cCFP3Vec
80280AC0:JSGGetRotation__Q26JStage6TActorCFP3Vec
8003A0F4:JSGGetScaling__13dDemo_actor_cCFP3Vec
80280AB8:JSGGetScaling__Q26JStage6TActorCFP3Vec
80280AC8:JSGGetShape__Q26JStage6TActorCFv
80280CF4:JSGGetStartZ__Q26JStage4TFogCFv
80280F0C:JSGGetSystemData__Q26JStage7TSystemFUl
8003A0D0:JSGGetTextureAnimationFrameMax__13dDemo_actor_cCFv
80280B18:JSGGetTextureAnimationFrameMax__Q26JStage6TActorCFv
80280B0C:JSGGetTextureAnimationFrame__Q26JStage6TActorCFv
80280B00:JSGGetTextureAnimation__Q26JStage6TActorCFv
8003A0D8:JSGGetTranslation__13dDemo_actor_cCFP3Vec
80280AB0:JSGGetTranslation__Q26JStage6TActorCFP3Vec
80038BE4:JSGGetViewPosition__14dDemo_camera_cCFP3Vec
80280C5C:JSGGetViewPosition__Q26JStage7TCameraCFP3Vec
80038D84:JSGGetViewRoll__14dDemo_camera_cCFv
80280C74:JSGGetViewRoll__Q26JStage7TCameraCFv
80038CF8:JSGGetViewTargetPosition__14dDemo_camera_cCFP3Vec
80280C6C:JSGGetViewTargetPosition__Q26JStage7TCameraCFP3Vec
80280C50:JSGGetViewType__Q26JStage7TCameraCFv
80038C6C:JSGGetViewUpVector__14dDemo_camera_cCFP3Vec
80280C64:JSGGetViewUpVector__Q26JStage7TCameraCFP3Vec
80038EA8:JSGSetAngleAttenuation__13dDemo_light_cFf9_GXSpotFn
80280DC0:JSGSetAngleAttenuation__Q26JStage6TLightFf9_GXSpotFn
80038A40:JSGSetAnimationFrame__13dDemo_actor_cFf
80280AE8:JSGSetAnimationFrame__Q26JStage6TActorFf
80038A54:JSGSetAnimationTransition__13dDemo_actor_cFf
80280AFC:JSGSetAnimationTransition__Q26JStage6TActorFf
80038A20:JSGSetAnimation__13dDemo_actor_cFUl
80280ADC:JSGSetAnimation__Q26JStage6TActorFUl
80038F24:JSGSetColor__11dDemo_fog_cF8_GXColor
80038E5C:JSGSetColor__13dDemo_light_cF8_GXColor
80038DF0:JSGSetColor__15dDemo_ambient_cF8_GXColor
80280B9C:JSGSetColor__Q26JStage13TAmbientLightF8_GXColor
80280D24:JSGSetColor__Q26JStage4TFogF8_GXColor
80280DB0:JSGSetColor__Q26JStage6TLightF8_GXColor
800387EC:JSGSetData__13dDemo_actor_cFUlPCvUl
80280E3C:JSGSetData__Q26JStage7TObjectFUlPCvUl
80038EC0:JSGSetDirection__13dDemo_light_cFRC3Vec
80280DD0:JSGSetDirection__Q26JStage6TLightFRC3Vec
80038E8C:JSGSetDistanceAttenuation__13dDemo_light_cFff13_GXDistAttnFn
80280DB8:JSGSetDistanceAttenuation__Q26JStage6TLightFff13_GXDistAttnFn
80038F10:JSGSetEndZ__11dDemo_fog_cFf
80280D0C:JSGSetEndZ__Q26JStage4TFogFf
80280E30:JSGSetFlag__Q26JStage7TObjectFUl
80038EE8:JSGSetFogFunction__11dDemo_fog_cF10_GXFogType
80280CF0:JSGSetFogFunction__Q26JStage4TFogF10_GXFogType
80038E20:JSGSetLightType__13dDemo_light_cFQ26JStage7TELight
80280D98:JSGSetLightType__Q26JStage6TLightFQ26JStage7TELight
80280E44:JSGSetParent__Q26JStage7TObjectFPQ26JStage7TObjectUl
80038E34:JSGSetPosition__13dDemo_light_cFRC3Vec
80280DC8:JSGSetPosition__Q26JStage6TLightFRC3Vec
80038BD0:JSGSetProjectionAspect__14dDemo_camera_cFf
80280C44:JSGSetProjectionAspect__Q26JStage7TCameraFf
80038B40:JSGSetProjectionFar__14dDemo_camera_cFf
80280C2C:JSGSetProjectionFar__Q26JStage7TCameraFf
80280C4C:JSGSetProjectionField__Q26JStage7TCameraFPCf
80038B88:JSGSetProjectionFovy__14dDemo_camera_cFf
80280C38:JSGSetProjectionFovy__Q26JStage7TCameraFf
80038AF8:JSGSetProjectionNear__14dDemo_camera_cFf
80280C1C:JSGSetProjectionNear__Q26JStage7TCameraFf
80280C10:JSGSetProjectionType__Q26JStage7TCameraFQ26JStage18TECameraProjection
80280E48:JSGSetRelation__Q26JStage7TObjectFbPQ26JStage7TObjectUl
800389A8:JSGSetRotation__13dDemo_actor_cFRC3Vec
80280AC4:JSGSetRotation__Q26JStage6TActorFRC3Vec
80038980:JSGSetScaling__13dDemo_actor_cFRC3Vec
80280ABC:JSGSetScaling__Q26JStage6TActorFRC3Vec
80038A0C:JSGSetShape__13dDemo_actor_cFUl
80280AD0:JSGSetShape__Q26JStage6TActorFUl
80038EFC:JSGSetStartZ__11dDemo_fog_cFf
80280CFC:JSGSetStartZ__Q26JStage4TFogFf
80280F14:JSGSetSystemData__Q26JStage7TSystemFUlUl
80038A7C:JSGSetTextureAnimationFrame__13dDemo_actor_cFf
80280B14:JSGSetTextureAnimationFrame__Q26JStage6TActorFf
80038A68:JSGSetTextureAnimation__13dDemo_actor_cFUl
80280B08:JSGSetTextureAnimation__Q26JStage6TActorFUl
80038920:JSGSetTranslation__13dDemo_actor_cFRC3Vec
80280AB4:JSGSetTranslation__Q26JStage6TActorFRC3Vec
80038C44:JSGSetViewPosition__14dDemo_camera_cFRC3Vec
80280C60:JSGSetViewPosition__Q26JStage7TCameraFRC3Vec
80038DDC:JSGSetViewRoll__14dDemo_camera_cFf
80280C7C:JSGSetViewRoll__Q26JStage7TCameraFf
80038D5C:JSGSetViewTargetPosition__14dDemo_camera_cFRC3Vec
80280C70:JSGSetViewTargetPosition__Q26JStage7TCameraFRC3Vec
80280C58:JSGSetViewType__Q26JStage7TCameraFQ26JStage12TECameraView
80038CD0:JSGSetViewUpVector__14dDemo_camera_cFRC3Vec
80280C68:JSGSetViewUpVector__Q26JStage7TCameraFRC3Vec
80280E24:JSGUpdate__Q26JStage7TObjectFv
80334674:JSUConvertOffsetToPtr<10J3DCluster>__FPCvPCv
80332C84:JSUConvertOffsetToPtr<10J3DFogInfo>__FPCvPCv
802F41E8:JSUConvertOffsetToPtr<11_GXColorS10>__FPCvPCv
802F4290:JSUConvertOffsetToPtr<11_GXCullMode>__FPCvPCv
802F4170:JSUConvertOffsetToPtr<12J2DBlendInfo>__FPCvPCv
80332C54:JSUConvertOffsetToPtr<12J3DBlendInfo>__FPCvPCv
80332D44:JSUConvertOffsetToPtr<12J3DLightInfo>__FPCvPCv
80332C3C:JSUConvertOffsetToPtr<12J3DZModeInfo>__FPCvPCv
802F4218:JSUConvertOffsetToPtr<13J2DTexMtxInfo>__FPCvPCv
8033465C:JSUConvertOffsetToPtr<13J3DClusterKey>__FPCvPCv
80332CFC:JSUConvertOffsetToPtr<13J3DTexMtxInfo>__FPCvPCv
802F42A8:JSUConvertOffsetToPtr<14J2DIndInitData>__FPCvPCv
80332D74:JSUConvertOffsetToPtr<14J3DIndInitData>__FPCvPCv
80337B28:JSUConvertOffsetToPtr<14_GXVtxDescList>__FPCvUl
802F4200:JSUConvertOffsetToPtr<15J2DTevOrderInfo>__FPCvPCv
802F41D0:JSUConvertOffsetToPtr<15J2DTevStageInfo>__FPCvPCv
802F4230:JSUConvertOffsetToPtr<15J2DTexCoordInfo>__FPCvPCv
80332C24:JSUConvertOffsetToPtr<15J3DNBTScaleInfo>__FPCvPCv
80332BF4:JSUConvertOffsetToPtr<15J3DPatchingInfo>__FPCvPCv
80332CE4:JSUConvertOffsetToPtr<15J3DTevOrderInfo>__FPCvPCv
80332CCC:JSUConvertOffsetToPtr<15J3DTevStageInfo>__FPCvPCv
80332D2C:JSUConvertOffsetToPtr<15J3DTexCoordInfo>__FPCvPCv
802F4188:JSUConvertOffsetToPtr<16J2DAlphaCompInfo>__FPCvPCv
802F4248:JSUConvertOffsetToPtr<16J2DColorChanInfo>__FPCvPCv
80332C6C:JSUConvertOffsetToPtr<16J3DAlphaCompInfo>__FPCvPCv
80334644:JSUConvertOffsetToPtr<16J3DClusterVertex>__FPCvPCv
80332D5C:JSUConvertOffsetToPtr<16J3DColorChanInfo>__FPCvPCv
80337338:JSUConvertOffsetToPtr<16J3DJointInitData>__FPCvUl
80336764:JSUConvertOffsetToPtr<16J3DShapeInitData>__FPCvUl
80332D14:JSUConvertOffsetToPtr<16J3DTexCoord2Info>__FPCvPCv
80332BDC:JSUConvertOffsetToPtr<17J3DCurrentMtxInfo>__FPCvPCv
8033674C:JSUConvertOffsetToPtr<17J3DModelHierarchy>__FPCvPCv
80336734:JSUConvertOffsetToPtr<17_GXVtxAttrFmtList>__FPCvPCv
802F41B8:JSUConvertOffsetToPtr<18J2DTevSwapModeInfo>__FPCvPCv
8030A488:JSUConvertOffsetToPtr<18J3DAnmCRegKeyTable>__FPCvPCv
8030A470:JSUConvertOffsetToPtr<18J3DAnmKRegKeyTable>__FPCvPCv
80332C0C:JSUConvertOffsetToPtr<18J3DDisplayListInit>__FPCvPCv
80332CB4:JSUConvertOffsetToPtr<18J3DTevSwapModeInfo>__FPCvPCv
802F42D8:JSUConvertOffsetToPtr<19J2DMaterialInitData>__FPCvPCv
8030A500:JSUConvertOffsetToPtr<19J3DAnmColorKeyTable>__FPCvPCv
80332D8C:JSUConvertOffsetToPtr<19J3DMaterialInitData>__FPCvPCv
80337AF8:JSUConvertOffsetToPtr<19J3DShapeMtxInitData>__FPCvUl
8030A4B8:JSUConvertOffsetToPtr<20J3DAnmColorFullTable>__FPCvPCv
80337AE0:JSUConvertOffsetToPtr<20J3DShapeDrawInitData>__FPCvUl
80339848:JSUConvertOffsetToPtr<21J3DAnmClusterKeyTable>__FPCvPCv
80339860:JSUConvertOffsetToPtr<22J3DAnmClusterFullTable>__FPCvPCv
802F41A0:JSUConvertOffsetToPtr<23J2DTevSwapModeTableInfo>__FPCvPCv
8030A578:JSUConvertOffsetToPtr<23J3DAnmTransformKeyTable>__FPCvPCv
8030A4E8:JSUConvertOffsetToPtr<23J3DAnmVtxColorIndexData>__FPCvPCv
80334118:JSUConvertOffsetToPtr<23J3DMaterialInitData_v21>__FPCvPCv
80332C9C:JSUConvertOffsetToPtr<23J3DTevSwapModeTableInfo>__FPCvPCv
8030A4D0:JSUConvertOffsetToPtr<24J3DAnmTransformFullTable>__FPCvPCv
8030A4A0:JSUConvertOffsetToPtr<25J3DAnmTexPatternFullTable>__FPCvPCv
8030A458:JSUConvertOffsetToPtr<25J3DAnmVisibilityFullTable>__FPCvPCv
8030A518:JSUConvertOffsetToPtr<3Vec>__FPCvPCv
8030A530:JSUConvertOffsetToPtr<7ResNTAB>__FPCvPCv
803366EC:JSUConvertOffsetToPtr<7ResTIMG>__FPCvPCv
802F4278:JSUConvertOffsetToPtr<8_GXColor>__FPCvPCv
80336704:JSUConvertOffsetToPtr<A3_A4_f>__FPCvPCv
80299520:JSUConvertOffsetToPtr<Q211JASWSParser10TCtrlGroup>__FPCvUl
80299508:JSUConvertOffsetToPtr<Q211JASWSParser10TCtrlScene>__FPCvUl
802994C0:JSUConvertOffsetToPtr<Q211JASWSParser12TWaveArchive>__FPCvUl
802994D8:JSUConvertOffsetToPtr<Q211JASWSParser16TWaveArchiveBank>__FPCvUl
802994F0:JSUConvertOffsetToPtr<Q211JASWSParser5TCtrl>__FPCvUl
802994A8:JSUConvertOffsetToPtr<Q211JASWSParser5TWave>__FPCvUl
80299490:JSUConvertOffsetToPtr<Q211JASWSParser9TCtrlWave>__FPCvUl
8029A000:JSUConvertOffsetToPtr<Q213JASOscillator5Point>__FPCvUl
8029A018:JSUConvertOffsetToPtr<Q312JASBNKParser4Ver04TOsc>__FPCvUl
8029A030:JSUConvertOffsetToPtr<Q312JASBNKParser4Ver05TInst>__FPCvUl
80299FB8:JSUConvertOffsetToPtr<Q312JASBNKParser4Ver05TPerc>__FPCvUl
80299FA0:JSUConvertOffsetToPtr<Q312JASBNKParser4Ver05TPmap>__FPCvUl
80299FD0:JSUConvertOffsetToPtr<Q312JASBNKParser4Ver05TVmap>__FPCvUl
80299FE8:JSUConvertOffsetToPtr<Q312JASBNKParser4Ver07TKeymap>__FPCvUl
802F4260:JSUConvertOffsetToPtr<Uc>__FPCvPCv
80337B10:JSUConvertOffsetToPtr<Uc>__FPCvUl
802F42C0:JSUConvertOffsetToPtr<Us>__FPCvPCv
8033677C:JSUConvertOffsetToPtr<Us>__FPCvUl
8030A560:JSUConvertOffsetToPtr<f>__FPCvPCv
8030A548:JSUConvertOffsetToPtr<s>__FPCvPCv
8033671C:JSUConvertOffsetToPtr<v>__FPCvPCv
802E7F30:JUTConsole_print_f_va_
802E8528:JUTGetReportConsole
802E8538:JUTGetWarningConsole
802E8648:JUTReportConsole
802E85C8:JUTReportConsole_f
802E8540:JUTReportConsole_f_va
802E0530:JUTReport__FiiPCce
802E0600:JUTReport__FiiiPCce
8039DA20:JUTResFONT_Ascfont_fix12
802E8520:JUTSetReportConsole
802E8530:JUTSetWarningConsole
802E86FC:JUTWarningConsole
802E867C:JUTWarningConsole_f
80451034:JumpCushion$9801
8033F7FC:KillThreads
8006FE00:Kill__12dVibration_cFv
8033B8F8:L2GlobalInvalidate
8033B7EC:LCDisable
8033B7B4:LCEnable
8033B8E4:LCQueueWait
8033B814:LCStoreBlocks
8033B838:LCStoreData
8000614C:LOAD_COPYDATE__FPv
80007CD0:LRlockCheck__8mDoCPd_cFP27interface_of_controller_pad
80451750:LastCommandWasRead
804517A8:LastError
80451714:LastLength
80451740:LastReadFinished
80451748:LastReadIssued
80451720:LastResetEnd
8045104C:LatMax$14967
80451048:LatMin$14963
803D2020:LatencyTable
8045103C:LatitudeLimitMax$9807
803D1078:LeapYearDays
8007A52C:LineCheckGrpRp__4cBgWFP11cBgS_LinChkii
8007A3A0:LineCheckRp__4cBgWFP11cBgS_LinChki
8007A658:LineCheck__4cBgWFP11cBgS_LinChk
8007EE34:LineCheck__8dBgWKColFP11cBgS_LinChk
80076624:LineCheck__9dBgS_AcchFR4dBgS
800743B4:LineCross__4cBgSFP11cBgS_LinChk
8033E230:Link
8001884C:Link__7cDylPhsFP30request_of_phase_process_classs
80016AB0:LoadSync__15mDoMemCd_Ctrl_cFPvUlUl
8016E424:LockEdge__12dAttention_cFv
800735DC:LockonReleaseDistanse__12dAttention_cFv
800736CC:LockonTargetPId__12dAttention_cFl
8007353C:LockonTarget__12dAttention_cFl
800737E4:LockonTruth__12dAttention_cFv
804507C0:MAX_MIXERLEVEL__9JASDriver
804507DC:MAX_VOLUME_DISTANCE__7Z2Param
8033ECA8:MEMIntrruptHandler
80451338:MIN_DISTANCE_VOLUME__7Z2Param
8037A6D0:MQ_patt__12dVibration_c
8037A620:MS_patt__12dVibration_c
804519D0:MTRCallback
803731C8:MWCallback
80372CC8:MWEnterCriticalSection
80372CA4:MWExitCriticalSection
80372CF8:MWInitializeCriticalSection
80372C54:MWTRACE
80451D28:M_dir_base__Q212daObjMovebox5Act_c
803C3094:MainProc
80079A68:MakeBlckBnd__4cBgWFiP4cXyzP4cXyz
800799E0:MakeBlckMinMax__4cBgWFiP4cXyzP4cXyz
8007998C:MakeBlckTransMinMax__4cBgWFP4cXyzP4cXyz
80079CC4:MakeNodeTreeGrpRp__4cBgWFi
80079BDC:MakeNodeTreeRp__4cBgWFi
80079DF0:MakeNodeTree__4cBgWFv
80450A34:MakeStatus
8008730C:MassClear__4dCcSFv
8007E000:MatrixCrrPos__4dBgWFRC13cBgS_PolyInfoPvbP4cXyzP5csXyzP5csXyz
800835D8:MatrixCrrPos__6dBgWSvFRC13cBgS_PolyInfoPvbP4cXyzP5csXyzP5csXyz
80082F94:MatrixCrrPos__8dBgWKColFRC13cBgS_PolyInfoPvbP4cXyzP5csXyzP5csXyz
80451764:MaxEntryNum
8018E4CC:MemCardCheckMain__14dFile_select_cFv
803BB12C:MemCardCheckProc
8018F1CC:MemCardErrMsgWaitFormatSel2__14dFile_select_cFv
8018F128:MemCardErrMsgWaitFormatSel__14dFile_select_cFv
8018E93C:MemCardErrMsgWaitKey__14dFile_select_cFv
8018ED80:MemCardErrMsgWaitNoSaveSel__14dFile_select_cFv
8018FBF8:MemCardErrYesNoCursorMoveAnm__14dFile_select_cFv
8018F374:MemCardFormatCheck__14dFile_select_cFv
8018F080:MemCardFormatNoSelDisp__14dFile_select_cFv
8018F304:MemCardFormatWait__14dFile_select_cFv
8018F228:MemCardFormatYesSel2Disp__14dFile_select_cFv
8018EFFC:MemCardFormatYesSelDisp__14dFile_select_cFv
8018F2A4:MemCardFormat__14dFile_select_cFv
8018EA90:MemCardGotoIPLSelectDisp__14dFile_select_cFv
8018EB10:MemCardGotoIPLSelect__14dFile_select_cFv
8018EBCC:MemCardGotoIPL__14dFile_select_cFv
8018E7C4:MemCardLoadWait__14dFile_select_cFv
8018F650:MemCardMakeGameFileCheck__14dFile_select_cFv
8018F488:MemCardMakeGameFileSelDisp__14dFile_select_cFv
8018F400:MemCardMakeGameFileSel__14dFile_select_cFv
8018F5E0:MemCardMakeGameFileWait__14dFile_select_cFv
8018F580:MemCardMakeGameFile__14dFile_select_cFv
8018F974:MemCardMsgWindowClose__14dFile_select_cFv
8018F6DC:MemCardMsgWindowInitOpen__14dFile_select_cFv
8018F8D8:MemCardMsgWindowOpen__14dFile_select_cFv
8018E9D4:MemCardNoFileSpaceDisp__14dFile_select_cFv
8018ECBC:MemCardNoSaveSelDisp__14dFile_select_cFv
80190208:MemCardSaveDataClear__14dFile_select_cFv
803DFC20:MemCardStack
8018E504:MemCardStatCheck__14dFile_select_cFv
803E0C20:MemCardThread
803E0F40:MemCardWorkArea0
803BE424:MenuSaveProc
803BA890:MenuSelEndFrameTbl
803BA884:MenuSelStartFrameTbl
8024FEB4:MenuSelectAnm2__7dName_cFv
8024FFA0:MenuSelectAnm3__7dName_cFv
8024FDA0:MenuSelectAnmInit__7dName_cFv
8024FDF4:MenuSelectAnm__7dName_cFv
8024FB08:MenuSelect__7dName_cFv
804253CC:MidnaAdditionVec__25@unnamed@d_ev_camera_cpp@
80163D50:ModeFix__9dCamera_cFl
8026314C:ModuleConstructorsX
80263190:ModuleDestructorsX
8026308C:ModuleEpilog
80263088:ModuleProlog
80263090:ModuleUnresolved
8024F164:MojiSelectAnm2__7dName_cFv
8024F1E8:MojiSelectAnm3__7dName_cFv
8024F034:MojiSelectAnmInit__7dName_cFv
8024F0E0:MojiSelectAnm__7dName_cFv
8024ED4C:MojiSelect__7dName_cFv
804517B8:MotorState
80265E18:MoveAfterCheck__4cCcSFv
800872A8:MoveAfterCheck__4dCcSFv
800786C8:MoveBGCreateHeap__16dBgS_MoveBgActorFv
8014F518:MoveBGCreateHeap__23daBaseNpc_moveBgActor_cFv
800787BC:MoveBGCreate__16dBgS_MoveBgActorFPCciPFP4dBgWPvRC13cBgS_PolyInfobP4cXyzP5csXyzP5csXyz_vUlPA3_A4_f
8014F60C:MoveBGCreate__23daBaseNpc_moveBgActor_cFPCciPFP4dBgWPvRC13cBgS_PolyInfobP4cXyzP5csXyzP5csXyz_vUl
800788DC:MoveBGDelete__16dBgS_MoveBgActorFv
8014F6FC:MoveBGDelete__23daBaseNpc_moveBgActor_cFv
80078950:MoveBGExecute__16dBgS_MoveBgActorFv
8014F770:MoveBGExecute__23daBaseNpc_moveBgActor_cFv
80075774:MoveBgCrrPos__4dBgSFRC13cBgS_PolyInfobP4cXyzP5csXyzP5csXyzbb
8007595C:MoveBgMatrixCrrPos__4dBgSFRC13cBgS_PolyInfobP4cXyzP5csXyzP5csXyz
80075880:MoveBgTransPos__4dBgSFRC13cBgS_PolyInfobP4cXyzP5csXyzP5csXyz
80084954:MoveCAt__8dCcD_CylFR4cXyz
80084AC4:MoveCAt__8dCcD_SphFR4cXyz
800849C4:MoveCTg__8dCcD_CylFR4cXyz
80083830:Move__10dCcD_GSttsFv
8007AC10:Move__4cBgWFv
80265CCC:Move__4cCcSFv
800749A8:Move__4dBgSFv
8007B9C0:Move__4dBgWFv
800872B0:Move__4dCcSFv
80270E4C:MtxInit__Fv
80270EEC:MtxPosition__FP4cXyzP4cXyz
80270F58:MtxPull__Fv
80270F1C:MtxPush__Fv
80270EA4:MtxScale__FfffUc
80270E5C:MtxTrans__FfffUc
804510AC:MyClass__12dMenu_Fmap_c
80250E54:NameStrSet__7dName_cFv
801A8C04:NewAmbColGet__FP11_GXColorS10
80451830:NextBufAddr
80451754:NextCommandNumber
80271098:Norm__7cSAngleCFv
80271B30:Norm__7cSGlobeCFv
80162D38:NotRun__9dCamera_cFv
80157D00:NpcCreate__10daNpcCd2_cFi
8015605C:NpcCreate__9daNpcCd_cFi
803CD8A0:NullTexData
80451644:NumHeaps
804517AC:NumInternalRetry
80451D34:OPEN_ACCEL__7daDsh_c
80451D40:OPEN_BOUND_RATIO__7daDsh_c
80451D3C:OPEN_BOUND_SPEED__7daDsh_c
80451D30:OPEN_SIZE__7daDsh_c
80451D38:OPEN_SPEED__7daDsh_c
8033B2AC:OSAllocFromArenaLo
80006814:OSAttention
8039B174:OSC_ENV
8039B19C:OSC_ENV$261
8039B168:OSC_RELEASE_TABLE
8039B190:OSC_RELEASE_TABLE$260
8033AC3C:OSCancelAlarm
80341558:OSCancelThread
80341F00:OSCheckActiveThreads
8033C000:OSClearContext
80342650:OSClearStack
8033A8F8:OSCreateAlarm
8033B220:OSCreateHeap
8034128C:OSCreateThread
8033A7B4:OSDefaultExceptionHandler
80341714:OSDetachThread
8033D6F4:OSDisableInterrupts
80340CC4:OSDisableScheduler
8033C0E0:OSDumpContext
8033D708:OSEnableInterrupts
80340D04:OSEnableScheduler
8033A440:OSExceptionInit
80451624:OSExceptionTable
8033A718:OSExceptionVector
80341474:OSExitThread
8033C454:OSFillFPUContext
8033B124:OSFreeToHeap
8033B28C:OSGetArenaHi
8033B294:OSGetArenaLo
80339EFC:OSGetConsoleType
8033BE94:OSGetCurrentContext
80340C84:OSGetCurrentThread
8033D554:OSGetFontEncode
803408F8:OSGetGbsMode
803406B4:OSGetProgressiveMode
8033FBD8:OSGetResetButtonState
8033FAAC:OSGetResetCode
8033FE70:OSGetResetSwitchState
8033F64C:OSGetSaveRegion
80340590:OSGetSoundMode
8033BFF8:OSGetStackPointer
80341E5C:OSGetThreadPriority
80342714:OSGetTick
803426FC:OSGetTime
803407C8:OSGetWirelessID
80339F60:OSInit
8033A8A0:OSInitAlarm
8033B1B0:OSInitAlloc
8033F310:OSInitCond
8033C024:OSInitContext
8033E994:OSInitMessageQueue
8033F008:OSInitMutex
80340C74:OSInitThreadQueue
80340C90:OSIsThreadTerminated
8033EB98:OSJamMessage
8033E510:OSLink
8033E534:OSLinkFixed
8033BF20:OSLoadContext
8033F040:OSLockMutex
8033DF60:OSNotifyLink
8033DF64:OSNotifyUnlink
80006E7C:OSPanic
8033ED14:OSProtectRange
8033EABC:OSReceiveMessage
8033F660:OSRegisterResetFunction
8033A874:OSRegisterVersion
80006ABC:OSReport
80006894:OSReportDisable
800068A0:OSReportEnable
800068B8:OSReportForceEnableOff
800068AC:OSReportForceEnableOn
800068C4:OSReportInit__Fv
80006C0C:OSReport_Error
80006B3C:OSReport_FatalError
80006DCC:OSReport_System
80006CEC:OSReport_Warning
8033F8AC:OSResetSystem
8033D71C:OSRestoreInterrupts
803417B4:OSResumeThread
8033BEA0:OSSaveContext
8033BE30:OSSaveFPUContext
8033E9F4:OSSendMessage
8033AB58:OSSetAlarm
8033B29C:OSSetArenaHi
8033B2A4:OSSetArenaLo
8033BE38:OSSetCurrentContext
8033B1A0:OSSetCurrentHeap
8033C580:OSSetErrorHandler
80340968:OSSetGbsMode
8033ABC0:OSSetPeriodicAlarm
80340724:OSSetProgressiveMode
8033F640:OSSetSaveRegion
80340610:OSSetSoundMode
8033DF68:OSSetStringTable
80340AA8:OSSetSwitchThreadCallback
80341D9C:OSSetThreadPriority
8034084C:OSSetWirelessID
8033F404:OSSignalCond
80341BAC:OSSleepThread
80341A3C:OSSuspendThread
8033C388:OSSwitchFPUContext
80006798:OSSwitchFiberEx__FUlUlUlUlUlUl
80342974:OSTicksToCalendarTime
8033F254:OSTryLockMutex
8033E7A8:OSUnlink
8033F11C:OSUnlockMutex
800067F4:OSVAttention__FPCcP16__va_list_struct
80006A9C:OSVReport
8033F330:OSWaitCond
80341C98:OSWakeupThread
80341250:OSYieldThread
80157F28:ObjCreate__10daNpcCd2_cFi
801561E8:ObjCreate__9daNpcCd_cFi
8007E4A4:OffMoveFlag__4dBgWFv
8007EB6C:OffMoveFlag__8dBgWKColFv
801825E4:Off__14dCamForcusLineFv
800773EC:OnWallSort__9dBgS_AcchFv
80450738:OptYnSelEndFrameTbl
80450730:OptYnSelStartFrameTbl
8044CB80:Origin
8036ECDC:OutputData
8034E094:PADClamp
8034E1A8:PADClampCircle
8034F1A0:PADControlMotor
8034ED50:PADInit
8034E458:PADOriginCallback
8034E51C:PADOriginUpdateCallback
8034E5E8:PADProbeCallback
8034EEA0:PADRead
8034EC3C:PADRecalibrate
8034E9EC:PADReceiveCheckCallback
8034EB2C:PADReset
8034FA10:PADSetAnalogMode
8034FBA0:PADSetSamplingCallback
8034F258:PADSetSpec
8034E6C0:PADTypeAndStatusCallback
803A2548:PIo2
80339DA4:PPCDisableSpeculation
80339D00:PPCHalt
80339D44:PPCMffpscr
80339CD0:PPCMfhid0
80339D8C:PPCMfhid2
80339CE0:PPCMfl2cr
80339CC0:PPCMfmsr
80339CF0:PPCMtdec
80339D64:PPCMtfpscr
80339CD8:PPCMthid0
80339D94:PPCMthid2
80339CE8:PPCMtl2cr
80339D14:PPCMtmmcr0
80339D1C:PPCMtmmcr1
80339CC8:PPCMtmsr
80339D24:PPCMtpmc1
80339D2C:PPCMtpmc2
80339D34:PPCMtpmc3
80339D3C:PPCMtpmc4
80339D9C:PPCMtwpar
80339DCC:PPCSetFpNonIEEEMode
80339CF8:PPCSync
803464E4:PSMTXConcat
803464B0:PSMTXCopy
80346484:PSMTXIdentity
803465B0:PSMTXInverse
80346D6C:PSMTXMultVec
80346DC0:PSMTXMultVecArray
80346EA0:PSMTXMultVecArraySR
80346E4C:PSMTXMultVecSR
803469E8:PSMTXQuat
80346878:PSMTXRotAxisRad
803466A8:PSMTXRotRad
80346718:PSMTXRotTrig
80346968:PSMTXScale
80346990:PSMTXScaleApply
803468E8:PSMTXTrans
8034691C:PSMTXTransApply
803CD8F8:PSMulUnit01
80347418:PSQUATMultiply
80347090:PSVECAdd
803471B4:PSVECCrossProduct
803473C4:PSVECDistance
80347194:PSVECDotProduct
80347150:PSVECMag
803470F4:PSVECNormalize
803470D8:PSVECScale
8034739C:PSVECSquareDistance
80347138:PSVECSquareMag
803470B4:PSVECSubtract
8033CA80:PackArgs
8044C630:Packet
80451668:ParseString
8033D5B8:ParseStringS
80453914:PatternLengthMax__Q29dCamera_c23@class$3669d_camera_cpp
80451784:PauseFlag
8006FF38:Pause__12dVibration_cFv
80451788:PausingFlag
80451860:PendingBits
80088988:PlayerHideDist__11dCamSetup_cFv
80263934:PlusCcMove__9cCcD_SttsFfff
80263970:PlusDmg__9cCcD_SttsFi
8026EE68:PlusR__8cM3dGAabFf
80271AF4:Polar__7cSGlobeCFP7cSPolar
804517FC:PositionCallback
804517F8:PostCB
804517F4:PreCB
80267F40:PreCalc__11cBgS_LinChkFv
80267D44:PreCheck__11cBgS_GndChkFv
8039A2C8:PreLoadInfoT
80085690:Prepare__12dCcMassS_MngFv
80451658:Prepared
8044C8E8:Prev
80141ACC:PrmAbstract<Q312daObjMovebox5Act_c5Prm_e>__5daObjFPC10fopAc_ac_cQ312daObjMovebox5Act_c5Prm_eQ312daObjMovebox5Act_c5Prm_e
803445E8:ProbeBarnacle
8008685C:ProcAtTgHitmark__4dCcSFbbP8cCcD_ObjP8cCcD_ObjP12dCcD_GObjInfP12dCcD_GObjInfP9cCcD_SttsP9cCcD_SttsP10dCcD_GSttsP10dCcD_GSttsP4cXyzb
80075C6C:PushPullCallBack__4dBgSFRC13cBgS_PolyInfoP10fopAc_ac_csQ29dBgW_Base13PushPullLabel
801614C4:QuickStart__9dCamera_cFv
8044C7D0:RDSTHandler
80182A64:R__7cSGlobeCFv
80182A4C:R__7cSGlobeFf
802713E0:Radian__7cDegreeCFv
80271064:Radian__7cSAngleCFv
80347A88:Read
80354090:ReadArrayUnlock
80358658:ReadCallback
8033CC44:ReadDisc
8036F9CC:ReadFPSCR
8033EED8:RealMode
80451854:RecalibrateBits
804519DC:RecvDataLeng
8015ADCC:Reflect__FP4cXyzRC13cBgS_PolyInfof
80074110:Regist2__11cBgS_ChkElmFP9dBgW_BaseUiPv
80074144:Regist__4cBgSFP9dBgW_BaseUiPv
80074A08:Regist__4dBgSFP9dBgW_BaseP10fopAc_ac_c
802681C0:Regist__9cBgW_BgIdFi
80074128:Release__11cBgS_ChkElmFv
80074250:Release__4cBgSFP9dBgW_Base
802681C8:Release__9cBgW_BgIdFv
8033DF74:Relocate
8006FFF8:Remove__12dVibration_cFv
802DCBF8:Remove__Q27JGadget13TNodeLinkListFPQ27JGadget13TLinkListNode
804516C8:Reschedule
80371D38:ReserveEXI2Port
8033F78C:Reset
8044C970:ResetAlarm
80084318:ResetAtHit__12dCcD_GObjInfFv
801811B8:ResetBlure__9dCamera_cFv
804516A0:ResetCallback
800846B0:ResetCoHit__12dCcD_GObjInfFv
8045171C:ResetCoverCallback
80451690:ResetFunctionQueue
80451728:ResetOccurred
804517B0:ResetRequired
800844B8:ResetTgHit__12dCcD_GObjInfFv
801963B4:Reset__16ShopCam_action_cFv
80180C18:Reset__9dCamera_cF4cXyz4cXyz
80180BA0:Reset__9dCamera_cF4cXyz4cXyzfs
80180C68:Reset__9dCamera_cFv
80451850:ResettingBits
80450A24:ResettingChan
804517A0:ResumeFromHere
80353174:Retry
80075B84:RideCallBack__4dBgSFRC13cBgS_PolyInfoP10fopAc_ac_c
8007D330:RoofChkGrpRp__4dBgWFP12dBgS_RoofChkii
8007D208:RoofChkRp__4dBgWFP12dBgS_RoofChki
8007549C:RoofChk__4dBgSFP12dBgS_RoofChk
8007D470:RoofChk__4dBgWFP12dBgS_RoofChk
80081E18:RoofChk__8dBgWKColFP12dBgS_RoofChk
803D32E0:RootHeapCheck
80144C30:RotateYBase__12daItemBase_cFv
8033CC08:Run
8044BB78:RunQueue
804516C0:RunQueueBits
804516C4:RunQueueHint
80072924:Run__12dAttention_cFv
8006F268:Run__12dVibration_cFv
801622B4:Run__9dCamera_cFv
8007D858:RwgCaptPoly__4dBgWFiR13dBgS_CaptPoly
8007A680:RwgGroundCheckCommon__4cBgWFfUsP11cBgS_GndChk
8007A774:RwgGroundCheckGnd__4cBgWFUsP11cBgS_GndChk
8007A824:RwgGroundCheckWall__4cBgWFUsP11cBgS_GndChk
8007A200:RwgLineCheck__4cBgWFUsP11cBgS_LinChk
8007D0DC:RwgRoofChk__4dBgWFUsP12dBgS_RoofChk
8007ADF0:RwgShdwDraw__4cBgWFiP13cBgS_ShdwDraw
8007DB20:RwgSphChk__4dBgWFUsP11dBgS_SphChkPv
8007D498:RwgSplGrpChk__4dBgWFUsP14dBgS_SplGrpChk
8007C4AC:RwgWallCorrectSort__4dBgWFP9dBgS_AcchUs
8007BA40:RwgWallCorrect__4dBgWFP9dBgS_AcchUs
80450860:SCENE_CHANGE_BGM_FADEOUT_TIME__7Z2Param
803C78F0:SEND_TABLE__6JASDsp
80344BA0:SIBusy
803458FC:SIDisablePolling
80345860:SIEnablePolling
8034523C:SIEnablePollingInterrupt
80345A3C:SIGetResponse
80345968:SIGetResponseRaw
80345754:SIGetStatus
80345F90:SIGetType
80346154:SIGetTypeAsync
80345494:SIInit
80344EF8:SIInterruptHandler
80344BC0:SIIsChanBusy
80346374:SIRefreshSamplingRate
803452D4:SIRegisterPollingHandler
803457D0:SISetCommand
80346290:SISetSamplingRate
803457F4:SISetXY
80345B8C:SITransfer
803457E4:SITransferCommands
803453A0:SIUnregisterPollingHandler
804507F0:SONIC_SPEED__7Z2Param
8034F2B8:SPEC0_MakeStatus
8034F42C:SPEC1_MakeStatus
8034F5A0:SPEC2_MakeStatus
80455A90:STRM_CH_SHIFT__20JAUStdSoundTableType
80451342:SYSTEM_SE_USE_DARK_SE_SETTING__7Z2Param
80450F10:S_fubuki_ratio$8948
80451068:S_fuwan_sin$5904
8042E7E0:S_old_camctr$7488
8042E7C8:S_old_cameye$7484
80450EE8:S_parcent_bak$4131
80450EEE:S_rot_work1$7554
80450EF2:S_rot_work2$7557
803A9A94:S_xfog_table_data
80451868:SamplingCallback
8034FB40:SamplingHandler
80451700:SamplingRate
8045168C:SaveEnd
80451688:SaveStart
80016CE0:SaveSync__15mDoMemCd_Ctrl_cFv
80174EAC:SaveZoomRatio__9dCamera_cFv
8019630C:Save__16ShopCam_action_cFv
8044BB20:Scb
80088620:SearchStyle__11dCamParam_cFUl
803D2000:SectorSizeTable
80347B98:SeekTwiceBeforeRead
803C26E4:SelProc
80071488:SelectAttention__12dAttention_cFP10fopAc_ac_c
80340FF8:SelectThread
80450AF0:SendCount
804519D8:SendMailData
80046E64:Sequencer__16dEvent_manager_cFv
80267ED0:Set2__11cBgS_LinChkFPC4cXyzPC4cXyzUi
8026816C:SetActorInfo__13cBgS_PolyInfoFiPvUi
802633A8:SetArea__15cCcD_DivideAreaFRC8cM3dGAab
80078EB0:SetArrow__16dBgS_PolyPassChkFv
802653C8:SetAtTgCommonHitInf__4cCcSFP8cCcD_ObjP8cCcD_ObjP4cXyz
80265DFC:SetAtTgGObjInf__4cCcSFbbP8cCcD_ObjP8cCcD_ObjP12cCcD_GObjInfP12cCcD_GObjInfP9cCcD_SttsP9cCcD_SttsP10cCcD_GSttsP10cCcD_GSttsP4cXyz
80086AC0:SetAtTgGObjInf__4dCcSFbbP8cCcD_ObjP8cCcD_ObjP12cCcD_GObjInfP12cCcD_GObjInfP9cCcD_SttsP9cCcD_SttsP10cCcD_GSttsP10cCcD_GSttsP4cXyz
80085630:SetAttr__12dCcMassS_MngFffUcUc
801A516C:SetBaseLight__18dScnKy_env_light_cFv
80181278:SetBlureActor__9dCamera_cFP10fopAc_ac_c
80181208:SetBlureAlpha__9dCamera_cFf
80181220:SetBlurePosition__9dCamera_cFfff
80181210:SetBlureScale__9dCamera_cFfff
80078EBC:SetBomb__16dBgS_PolyPassChkFv
80078ED4:SetBoomerang__16dBgS_PolyPassChkFv
8026F1DC:SetC__8cM3dGCylFRC4cXyz
8026F648:SetC__8cM3dGSphFRC4cXyz
8026806C:SetCallback__13cBgS_ShdwDrawFPFP13cBgS_ShdwDrawP10cBgD_Vtx_tiiiP8cM3dGPla_i
80085E6C:SetCam__12dCcMassS_MngFRC8cM3dGCps
80078E80:SetCam__16dBgS_PolyPassChkFv
802655E4:SetCoCommonHitInf__4cCcSFP8cCcD_ObjP4cXyzP8cCcD_ObjP4cXyzf
80265DF4:SetCoGCorrectProc__4cCcSFP8cCcD_ObjP8cCcD_Obj
80265DF8:SetCoGObjInf__4cCcSFbbP12cCcD_GObjInfP12cCcD_GObjInfP9cCcD_SttsP9cCcD_SttsP10cCcD_GSttsP10cCcD_GStts
80086240:SetCoGObjInf__4dCcSFbbP12cCcD_GObjInfP12cCcD_GObjInfP9cCcD_SttsP9cCcD_SttsP10cCcD_GSttsP10cCcD_GStts
8026F080:SetCps__8cM3dGCpsFRC8cM3dGCps
80083718:SetEffCounterTimer__22dCcD_GAtTgCoCommonBaseFv
80340DE8:SetEffectivePriority
8026F3C0:SetEnd__8cM3dGLinFRC4cXyz
80342C0C:SetExiInterruptMask
80267BB8:SetExtChk__8cBgS_ChkFR8cBgS_Chk
800773C0:SetGndThinCellingOff__9dBgS_AcchFv
80077114:SetGroundUpY__9dBgS_AcchFf
80264894:SetGrp__10cCcD_ObjTgFUl
8026F1F8:SetH__8cM3dGCylFf
80083678:SetHitApid__22dCcD_GAtTgCoCommonBaseFUi
8026483C:SetHit__10cCcD_ObjAtFP8cCcD_Obj
802648D8:SetHit__10cCcD_ObjCoFP8cCcD_Obj
802648C8:SetHit__10cCcD_ObjTgFP8cCcD_Obj
80078EF8:SetHorse__16dBgS_PolyPassChkFv
80264900:SetIGrp__10cCcD_ObjCoFUl
8033D7E4:SetInterruptMask
80078F94:SetIronBall__16dBgS_PolyPassChkFv
80078E98:SetLink__16dBgS_PolyPassChkFv
8026EDE4:SetMax__8cM3dGAabFRC4cXyz
8026ED1C:SetMinMax__8cM3dGAabFRC4cXyz
8026ED60:SetMinMax__8cM3dGAabFRC8cM3dGAab
8026EDA4:SetMin__8cM3dGAabFRC4cXyz
80077388:SetMoveBGOnly__9dBgS_AcchFv
80077278:SetNowActorInfo__9dBgS_AcchFiPvUi
80078E68:SetObj__16dBgS_PolyPassChkFv
80074AB4:SetOldShapeAngleY__9dBgW_BaseFs
80078E0C:SetPassChkInfo__16dBgS_PolyPassChkFR16dBgS_PolyPassChk
802681A4:SetPolyIndex__13cBgS_PolyInfoFi
80268148:SetPolyInfo__13cBgS_PolyInfoFRC13cBgS_PolyInfo
80265750:SetPosCorrect__4cCcSFP8cCcD_ObjP4cXyzP8cCcD_ObjP4cXyzf
8008640C:SetPosCorrect__4dCcSFP8cCcD_ObjP4cXyzP8cCcD_ObjP4cXyzf
80267D0C:SetPos__11cBgS_GndChkFPC3Vec
80267D28:SetPos__11cBgS_GndChkFPC4cXyz
800B146C:SetPos__12dBgS_RoofChkFRC4cXyz
8026F200:SetR__8cM3dGCylFf
8026F708:SetR__8cM3dGSphFf
80078EE0:SetRope__16dBgS_PolyPassChkFv
8026F31C:SetStartEnd__8cM3dGLinFRC3VecRC3Vec
8026F2E8:SetStartEnd__8cM3dGLinFRC4cXyzRC4cXyz
80078F7C:SetStatue__16dBgS_PolyPassChkFv
8036ECC0:SetTRKConnected
80163558:SetTagData__9dCamera_cFP10fopAc_ac_clUsUc
80024DB0:SetTimePass__20dStage_roomControl_cFi
80079668:SetTri__4cBgWFv
8016300C:SetTrimSize__9dCamera_cFl
80163028:SetTrimTypeForce__9dCamera_cFl
80078EEC:SetUnderwaterRoof__16dBgS_PolyPassChkFv
80372190:SetUseSerialIO
8026491C:SetVsGrp__10cCcD_ObjCoFUl
80079484:SetVtx__4cBgWFv
80076FC0:SetWallCir__9dBgS_AcchFv
80075F80:SetWallHDirect__12dBgS_AcchCirFf
80077288:SetWallPolyIndex__9dBgS_AcchFii
80075F40:SetWallR__12dBgS_AcchCirFf
80075F58:SetWall__12dBgS_AcchCirFff
8026484C:Set__10cCcD_ObjAtFRC13cCcD_SrcObjAt
80264880:Set__10cCcD_ObjTgFRC13cCcD_SrcObjTg
80077D64:Set__11dBgS_LinChkFPC4cXyzPC4cXyzPC10fopAc_ac_c
80083944:Set__11dCcD_GObjAtFRC14dCcD_SrcGObjAt
800839A0:Set__11dCcD_GObjTgFRC14dCcD_SrcGObjTg
80084740:Set__12dCcD_GObjInfFRC15dCcD_SrcGObjInf
80085D98:Set__12dCcMassS_MngFP8cCcD_ObjUc
800852E0:Set__12dCcMassS_ObjFP8cCcD_ObjUcPFP10fopAc_ac_cP4cXyzUl_v
80268048:Set__13cBgS_ShdwDrawFR4cXyzR4cXyz
802639C4:Set__14cCcD_ObjHitInfFRC17cCcD_SrcObjHitInf
80078B90:Set__14dBgS_SplGrpChkFR4cXyzf
80263358:Set__15cCcD_DivideInfoFUlUlUl
8015FEB8:Set__15dCamMapToolDataFllP10fopAc_ac_cUsUc
80083704:Set__22dCcD_GAtTgCoCommonBaseFRC25dCcD_SrcGAtTgCoCommonBase
80079F38:Set__4cBgWFP6cBgD_tUlPA3_A4_f
80264BA8:Set__4cCcSFP8cCcD_Obj
80082F98:Set__6dBgWSvFP6cBgD_tUl
80263A1C:Set__8cCcD_ObjFRC11cCcD_SrcObj
8026EC54:Set__8cM3dGAabFPC4cXyzPC4cXyz
8026EF74:Set__8cM3dGCirFffff
8026F000:Set__8cM3dGCpsFRC4cXyzRC4cXyzf
8026F03C:Set__8cM3dGCpsFRC9cM3dGCpsS
8026F180:Set__8cM3dGCylFRC4cXyzff
8026F114:Set__8cM3dGCylFRC9cM3dGCylS
8026F624:Set__8cM3dGPlaFPC8cM3dGPla
8026F664:Set__8cM3dGSphFRC4cXyzf
8026F6A8:Set__8cM3dGSphFRC9cM3dGSphS
800847D0:Set__8dCcD_CpsFRC11dCcD_SrcCps
800848B4:Set__8dCcD_CylFRC11dCcD_SrcCyl
80084A34:Set__8dCcD_SphFRC11dCcD_SrcSph
80084884:Set__8dCcD_TriFRC11dCcD_SrcTri
80076288:Set__9dBgS_AcchFP10fopAc_ac_ciP12dBgS_AcchCir
80076248:Set__9dBgS_AcchFP4cXyzP4cXyzP10fopAc_ac_ciP12dBgS_AcchCirP4cXyzP5csXyzP5csXyz
80180AA8:Set__9dCamera_cF4cXyz4cXyz
80180AE0:Set__9dCamera_cF4cXyz4cXyzfs
80180B40:Set__9dCamera_cF4cXyz4cXyzsf
8026F4C4:SetupNP0__8cM3dGPlaFRC3VecRC3Vec
8026F52C:SetupNP__8cM3dGPlaFRC3VecRC3Vec
8007AFC0:ShdwDrawGrpRp__4cBgWFP13cBgS_ShdwDrawi
8007AEA4:ShdwDrawRp__4cBgWFP13cBgS_ShdwDrawi
80074840:ShdwDraw__4cBgSFP13cBgS_ShdwDraw
8007B084:ShdwDraw__4cBgWFP13cBgS_ShdwDraw
8007F9A4:ShdwDraw__8dBgWKColFP13cBgS_ShdwDraw
8008845C:Shift__9dCstick_cFUl
803D11FC:Si
802713F0:Sin__7cDegreeCFv
802710F8:Sin__7cSAngleCFv
804515DC:SizeOfJ3DColorBlockAmbientOnLoad
804515D8:SizeOfJ3DColorBlockLightOffLoad
80450964:SizeOfLoadAmbColors
80450968:SizeOfLoadColorChans
80450960:SizeOfLoadMatColors
801A4F24:Sndpos__18dScnKy_env_light_cFv
80450A30:Spec
8007DDE0:SphChkGrpRp__4dBgWFP11dBgS_SphChkPvii
8007DC70:SphChkRp__4dBgWFP11dBgS_SphChkPvi
80075688:SphChk__4dBgSFP11dBgS_SphChkPv
8007DF00:SphChk__4dBgWFP11dBgS_SphChkPv
800824EC:SphChk__8dBgWKColFP11dBgS_SphChkPv
8007D6F0:SplGrpChkGrpRp__4dBgWFP14dBgS_SplGrpChkii
8007D5C4:SplGrpChkRp__4dBgWFP14dBgS_SplGrpChki
80075564:SplGrpChk__4dBgSFP14dBgS_SplGrpChk
8007D830:SplGrpChk__4dBgWFP14dBgS_SplGrpChk
80082184:SplGrpChk__8dBgWKColFP14dBgS_SplGrpChk
80097B68:Spot__14d2DBSplinePathFPff
80451020:Stage__22@unnamed@d_camera_cpp@
80181170:StartBlure__9dCamera_cFiP10fopAc_ac_cff
80084908:StartCAt__8dCcD_CylFR4cXyz
80084A78:StartCAt__8dCcD_SphFR4cXyz
80088A7C:StartEventCamera__9dCamera_cFiie
8006FC0C:StartQuake__12dVibration_cFPCUcii4cXyz
8006FB10:StartQuake__12dVibration_cFii4cXyz
80181000:StartShake__9dCamera_cFlPUcl4cXyz
8006FA24:StartShock__12dVibration_cFii4cXyz
801614AC:Start__9dCamera_cFv
801614E8:Stay__9dCamera_cFv
80097904:Step__14d2DBSplinePathFv
80042BBC:Step__14dEvt_control_cFv
80451710:StopAtNextInt
8006FD94:StopQuake__12dVibration_cFi
80181158:StopShake__9dCamera_cFv
801614D0:Stop__9dCamera_cFv
80083724:SubtractEffCounter__22dCcD_GAtTgCoCommonBaseFv
804509B8:SwitchThreadCallback
80450C80:SyncWidthSound__9mDoDvdThd
80340A20:SystemCallVector
803D3308:SystemHeapCheck
803A2588:T
80343B6C:TCIntrruptHandler
803D27E8:TEVAOpTableST0
803D27FC:TEVAOpTableST1
803D27C0:TEVCOpTableST0
803D27D4:TEVCOpTableST1
803711D0:TRKAccessFile
8036F4A0:TRKAcquireMutex
8036D578:TRKAppendBuffer
8036D3F0:TRKAppendBuffer1_ui64
8036D28C:TRKAppendBuffer_ui32
8036D388:TRKAppendBuffer_ui8
803711E0:TRKCloseFile
8036CC3C:TRKConstructEvent
8036CC18:TRKDestructEvent
8036DB9C:TRKDispatchMessage
8036EC5C:TRKDoConnect
8036E084:TRKDoContinue
8036EBE4:TRKDoDisconnect
8036F4B0:TRKDoNotifyStopped
8036EB34:TRKDoOverride
8036E8E0:TRKDoReadMemory
8036E3C4:TRKDoReadRegisters
8036EB8C:TRKDoReset
8036DD14:TRKDoSetOption
8036DE64:TRKDoStep
8036DDBC:TRKDoStop
8036EB24:TRKDoSupportMask
8036EB2C:TRKDoVersions
8036E6A4:TRKDoWriteMemory
8036E134:TRKDoWriteRegisters
80372114:TRKEXICallBack
8036F818:TRKExceptionHandler
8036D6F0:TRKGetBuffer
8036D71C:TRKGetFreeBuffer
8036D974:TRKGetInput
8036CD34:TRKGetNextEvent
8036DD0C:TRKInitializeDispatcher
8036CDE8:TRKInitializeEventQueue
80371E58:TRKInitializeIntDrivenUART
8036D7E4:TRKInitializeMessageBuffers
8036F4A8:TRKInitializeMutex
8036CE8C:TRKInitializeNub
8036D860:TRKInitializeSerialHandler
803719AC:TRKInitializeTarget
8036F684:TRKInterruptHandler
8036F978:TRKInterruptHandlerEnableInterrupts
80371BF4:TRKLoadContext
8036CFD8:TRKMessageSend
8036CB20:TRKNubMainLoop
8036CE40:TRKNubWelcome
803711D8:TRKOpenFile
80371DE0:TRKPollUART
803711E8:TRKPositionFile
8036CC54:TRKPostEvent
80370134:TRKPostInterruptEvent
8036D924:TRKProcessInput
8036D4EC:TRKReadBuffer
8036D1A4:TRKReadBuffer1_ui64
8036D01C:TRKReadBuffer_ui32
8036D10C:TRKReadBuffer_ui8
80371DA4:TRKReadUARTN
8036D68C:TRKReleaseBuffer
8036F498:TRKReleaseMutex
8036F098:TRKRequestSend
8036D64C:TRKResetBuffer
803713A8:TRKRestoreExtended1Block
803711F0:TRKSaveExtended1Block
8036D61C:TRKSetBufferPosition
8036F278:TRKSuppAccessFile
8036F8B4:TRKSwapAndGo
8036FA14:TRKTargetAccessARAM
80370C94:TRKTargetAccessDefault
80370618:TRKTargetAccessExtended1
803701E0:TRKTargetAccessExtended2
80370788:TRKTargetAccessFP
80370DD4:TRKTargetAccessMemory
8036FE94:TRKTargetAddExceptionInfo
8036FF18:TRKTargetAddStopInfo
8037214C:TRKTargetContinue
8036FD20:TRKTargetGetPC
8036FFA4:TRKTargetInterrupt
80370D88:TRKTargetReadInstruction
8036FAD8:TRKTargetSetInputPendingPtr
8036FB00:TRKTargetSetStopped
8036FDE8:TRKTargetSingleStep
8036FD30:TRKTargetStepOutOfRange
8036FAE8:TRKTargetStop
8036FB10:TRKTargetStopped
8036FB20:TRKTargetSupportRequest
80371B24:TRKTargetTranslate
8036CE68:TRKTerminateNub
8036D858:TRKTerminateSerialHandler
8036D9D4:TRKTestForPacket
80371C7C:TRKUARTInterruptHandler
80370F20:TRKValidMemory32
80371D68:TRKWriteUARTN
803D3268:TRK_ISR_OFFSETS
8044F820:TRK_Use_BBA
80371878:TRK__read_aram
8037168C:TRK__write_aram
80371CD8:TRK_board_display
8036F580:TRK_fill_mem
8036F548:TRK_flush_cache
80371B9C:TRK_main
8044F818:TRK_mainError
800035C0:TRK_memcpy
80003590:TRK_memset
8036F648:TRK_ppc_memcpy
8044F290:TRK_saved_exceptionID
8044F7FC:TRKvalue128_temp
80454F18:T_JOINT_dylKeyTbl
80450760:T_JOINT_resName
80271440:Tan__7cDegreeCFv
803A7FB0:TelopData
80016730:ThdInit__15mDoMemCd_Ctrl_cFv
80182C34:ThrowCtrAdjust__11dCamSetup_cFv
80182C24:ThrowCushion__11dCamSetup_cFv
80182C1C:ThrowTimer__11dCamSetup_cFv
80182C2C:ThrowVAngle__11dCamSetup_cFv
803530D0:TimeoutHandler
800786C0:ToBack__16dBgS_MoveBgActorFv
80155EC0:ToBack__20daNpcF_MoveBgActor_cFv
801503F4:ToBack__23daBaseNpc_moveBgActor_cFv
801879B8:ToCopyPaneMove__14dFile_select_cFv
80187ADC:ToErasePaneMove__14dFile_select_cFv
800786B8:ToFore__16dBgS_MoveBgActorFv
80155EB8:ToFore__20daNpcF_MoveBgActor_cFv
801503EC:ToFore__23daBaseNpc_moveBgActor_cFv
801872C4:ToNameMove2__14dFile_select_cFv
8018721C:ToNameMove__14dFile_select_cFv
80451968:TokenCB
8026ECE4:TopPlaneYUnder__8cM3dGAabCFf
80083300:TransPosWork__6dBgWSvFP4cXyziii
8007DFC4:TransPos__4dBgWFRC13cBgS_PolyInfoPvbP4cXyzP5csXyzP5csXyz
8008351C:TransPos__6dBgWSvFRC13cBgS_PolyInfoPvbP4cXyzP5csXyzP5csXyz
80082F90:TransPos__8dBgWKColFRC13cBgS_PolyInfoPvbP4cXyzP5csXyzP5csXyz
8044C790:TypeCallback
8044C750:TypeTime
80267640:U_GetAtanTable__Fff
80182C84:U__7cSGlobeCFv
8008E894:U__7cSGlobeFRC7cSAngle
80162FD4:U__9dCamera_cFv
8026ECD0:UnderPlaneYUnder__8cM3dGAabCFf
8033E570:Undo
80018890:Unlink__7cDylPhsFP30request_of_phase_process_classs
803401FC:UnlockSram
80353414:UnlockedCallback
80344210:UnlockedHandler
80371D08:UnreserveEXI2Port
80340D44:UnsetRun
80181E20:Up__9dCamera_cFv
80358C90:UpdateIconOffsets
8034E2B4:UpdateOrigin
8034CE8C:VIConfigure
8034D694:VIFlush
8034D838:VIGetCurrentFrameBuffer
8034DA04:VIGetCurrentLine
8034DB04:VIGetDTVStatus
8034D968:VIGetNextField
8034D830:VIGetNextFrameBuffer
8034D8BC:VIGetRetraceCount
8034DA9C:VIGetTvFormat
8034C514:VIInit
8034D840:VISetBlack
8034D7C4:VISetNextFrameBuffer
8034C224:VISetPostRetraceCallback
8034C1E0:VISetPreRetraceCallback
8034C9C4:VIWaitForRetrace
804507F4:VOL_BGM_DEFAULT__7Z2Param
8045083C:VOL_BGM_PAUSING__7Z2Param
80450818:VOL_BGM_TALKING__7Z2Param
80450814:VOL_SE_ATMOSPHERE_DEFAULT__7Z2Param
8045085C:VOL_SE_ATMOSPHERE_PAUSING__7Z2Param
80450838:VOL_SE_ATMOSPHERE_TALKING__7Z2Param
8045080C:VOL_SE_CHAR_MOVE_DEFAULT__7Z2Param
80450854:VOL_SE_CHAR_MOVE_PAUSING__7Z2Param
80450830:VOL_SE_CHAR_MOVE_TALKING__7Z2Param
80450808:VOL_SE_CHAR_VOICE_DEFAULT__7Z2Param
80450850:VOL_SE_CHAR_VOICE_PAUSING__7Z2Param
8045082C:VOL_SE_CHAR_VOICE_TALKING__7Z2Param
80450804:VOL_SE_LINK_FOOTNOTE_DEFAULT__7Z2Param
8045084C:VOL_SE_LINK_FOOTNOTE_PAUSING__7Z2Param
80450828:VOL_SE_LINK_FOOTNOTE_TALKING__7Z2Param
80450800:VOL_SE_LINK_MOTION_DEFAULT__7Z2Param
80450848:VOL_SE_LINK_MOTION_PAUSING__7Z2Param
80450824:VOL_SE_LINK_MOTION_TALKING__7Z2Param
804507FC:VOL_SE_LINK_VOICE_DEFAULT__7Z2Param
80450844:VOL_SE_LINK_VOICE_PAUSING__7Z2Param
80450820:VOL_SE_LINK_VOICE_TALKING__7Z2Param
80450810:VOL_SE_OBJECT_DEFAULT__7Z2Param
80450858:VOL_SE_OBJECT_PAUSING__7Z2Param
80450834:VOL_SE_OBJECT_TALKING__7Z2Param
804507F8:VOL_SE_SYSTEM_DEFAULT__7Z2Param
80450840:VOL_SE_SYSTEM_PAUSING__7Z2Param
8045081C:VOL_SE_SYSTEM_TALKING__7Z2Param
80182A08:V__7cSGlobeCFv
8008FA58:V__7cSGlobeFRC7cSAngle
80162FB8:V__9dCamera_cFv
80182CD0:Val__11dCamParam_cFli
802713BC:Val__7cDegreeFf
8016C2CC:Val__7cSAngleCFv
80270FF8:Val__7cSAngleFRC7cSAngle
8027100C:Val__7cSAngleFf
80271004:Val__7cSAngleFs
80271A70:Val__7cSGlobeFRC4cXyz
8027196C:Val__7cSGlobeFRC7cSGlobe
80271A08:Val__7cSGlobeFfRC7cSAngleRC7cSAngle
802719A4:Val__7cSGlobeFfss
802715BC:Val__7cSPolarFRC4cXyz
80271558:Val__7cSPolarFfss
80355E14:VerifyDir
80356054:VerifyFAT
80355B90:VerifyID
80182BE8:WaitRollSpeed__11dCamSetup_cFv
80182BF0:WaitRollTimer__11dCamSetup_cFv
8024ED48:Wait__7dName_cFv
80451858:WaitingBits
8045172C:WaitingCoverClose
8044C998:WaitingQueue
8007C808:WallCorrectGrpRpSort__4dBgWFP9dBgS_Acchii
8007C360:WallCorrectGrpRp__4dBgWFP9dBgS_Acchii
8007C714:WallCorrectRpSort__4dBgWFP9dBgS_Acchi
8007C234:WallCorrectRp__4dBgWFP9dBgS_Acchi
80075374:WallCorrectSort__4dBgSFP9dBgS_Acch
8007C910:WallCorrectSort__4dBgWFP9dBgS_Acch
80080330:WallCorrectSort__8dBgWKColFP9dBgS_Acch
8007524C:WallCorrect__4dBgSFP9dBgS_Acch
8007C484:WallCorrect__4dBgWFP9dBgS_Acch
800811A0:WallCorrect__8dBgWKColFP9dBgS_Acch
804253B4:WolfAdditionVec__25@unnamed@d_ev_camera_cpp@
80451738:WorkAroundSeekLocation
80451734:WorkAroundType
8036F9F0:WriteFPSCR
8033FEF0:WriteSram
8033FE90:WriteSramCallback
803449A0:WriteUARTN
80450A28:XPatchBits
803D12D0:XYNTSC
803D1300:XYPAL
8000CED4:XYZrotM__14mDoMtx_stack_cFRC5csXyz
8000CE9C:XYZrotS__14mDoMtx_stack_cFRC5csXyz
8044C770:XferTime
800320FC:Xinit__9STControlFv
80271AB4:Xyz__7cSGlobeCFv
802716EC:Xyz__7cSPolarCFv
803D1048:YearDays
80189A24:YesNoCancelMove__14dFile_select_cFv
801F328C:YesNoSelect__12dMenu_save_cFv
8018929C:YesNoSelect__14dFile_select_cFv
8003212C:Yinit__9STControlFv
802C2EE4:Z2_B_zan_modPitch__FP17Z2SoundHandlePoolUl
802C2E9C:Z2_E_mm_modPitch__FP17Z2SoundHandlePoolUl
802C2E54:Z2_E_ms_modVol__FP17Z2SoundHandlePoolUl
802C2DE0:Z2_E_sw_modPitch__FP17Z2SoundHandlePoolUl
8000CF44:ZXYrotM__14mDoMtx_stack_cFRC5csXyz
8000CF0C:ZXYrotS__14mDoMtx_stack_cFRC5csXyz
803D3330:ZeldaHeapCheck
803CFDC8:Zenkaku2Code
803A2370:Zero
80451610:ZeroF
80451618:ZeroPS
803A7240:ZeroQuat
80430CF4:Zero__4cXyz
80451160:Zero__5csXyz
80451188:_0__7cSAngle
80451040:_120$14158
80451044:_120$14614
80451194:_180__7cSAngle
8045118C:_1__7cSAngle
80451198:_270__7cSAngle
80451190:_90__7cSAngle
80342BEC:_ExitProcess
8044F824:_MetroTRK_Has_Framing
80350318:__AICallbackStackSwitch
8035026C:__AIDHandler
8045188C:__AID_Active
8045187C:__AID_Callback
803501F0:__AISHandler
80451878:__AIS_Callback
80450A40:__AIVersion
80350370:__AI_SRC_INIT
80451888:__AI_init_flag
8034FF48:__AI_set_stream_sample_rate
803508A0:__ARChecksize
80350870:__ARClearInterrupt
80350890:__ARGetInterruptStatus
803507F8:__ARHandler
80352194:__ARQCallbackHack
804518F0:__ARQCallbackHi
804518F4:__ARQCallbackLo
804518F8:__ARQChunkSize
80352198:__ARQInterruptServiceRoutine
804518E8:__ARQRequestPendingHi
804518EC:__ARQRequestPendingLo
804518D8:__ARQRequestQueueHi
804518E0:__ARQRequestQueueLo
804518DC:__ARQRequestTailHi
804518E4:__ARQRequestTailLo
80352094:__ARQServiceQueueLo
80450A50:__ARQVersion
804518FC:__ARQ_init_flag
80450A48:__ARVersion
804518D0:__AR_BlockLength
804518B8:__AR_Callback
804518C4:__AR_ExpansionSize
804518CC:__AR_FreeBlocks
804518C0:__AR_InternalSize
804518BC:__AR_Size
804518C8:__AR_StackPointer
804518D4:__AR_init_flag
80357CDC:__CARDAccess
803555B8:__CARDAllocBlock
8044CBC0:__CARDBlock
803559E0:__CARDCheckSum
80353024:__CARDClearStatus
80357C74:__CARDCompareFileName
80352A30:__CARDDefaultApiCallback
8044CDE0:__CARDDiskNone
80352D84:__CARDEnableInterrupt
80451918:__CARDEncode
803539B8:__CARDEraseSector
80352B40:__CARDExiHandler
80352A68:__CARDExtHandler
8045191A:__CARDFastMode
803575C8:__CARDFormatRegionAsync
80353BB4:__CARDGetControlBlock
8035577C:__CARDGetDirBlock
80355414:__CARDGetFatBlock
80353B74:__CARDGetFontEncode
80357EA4:__CARDIsReadable
80357D70:__CARDIsWritable
8035701C:__CARDMountCallback
80450A72:__CARDPermMask
80353C6C:__CARDPutControlBlock
80355260:__CARDRead
80353748:__CARDReadSegment
80352E44:__CARDReadStatus
80352F34:__CARDReadVendorID
803584A0:__CARDSeek
80353B7C:__CARDSetDiskID
80353524:__CARDStart
80353E20:__CARDSync
80352A34:__CARDSyncCallback
80352C58:__CARDTxHandler
80354298:__CARDUnlock
80352D00:__CARDUnlockedHandler
8035591C:__CARDUpdateDir
803556D0:__CARDUpdateFatBlock
80450A70:__CARDVendorID
803562D8:__CARDVerify
80450A60:__CARDVersion
803553AC:__CARDWrite
8035387C:__CARDWritePage
80451880:__CallbackStack
80144754:__CreateHeap__12daItemBase_cFv
80346408:__DBExceptionDestination
803463C0:__DBExceptionDestinationAux
80451708:__DBInterface
80346418:__DBIsExceptionMarked
8033A770:__DBVECTOR
8029EB20:__DSPHandler
80450A58:__DSPVersion
80352770:__DSP_boot_task
80451914:__DSP_curr_task
80352580:__DSP_debug_printf
803525D0:__DSP_exec_task
80451910:__DSP_first_task
80451900:__DSP_init_flag
803528FC:__DSP_insert_task
8045190C:__DSP_last_task
8035299C:__DSP_remove_task
80451908:__DSP_tmp_task
8034B9B4:__DVDCheckWaitingQueue
8034B874:__DVDClearWaitingQueue
8034BA0C:__DVDDequeueWaitingQueue
803484F0:__DVDFSInit
80347674:__DVDInitWA
803476B4:__DVDInterruptHandler
8045176C:__DVDLongFileNameFlag
80348474:__DVDLowSetWAType
803484B8:__DVDLowTestAlarm
8034B914:__DVDPopWaitingQueue
8034B720:__DVDPrepareResetAsync
8034BCFC:__DVDPrintFatalMessage
8034B8AC:__DVDPushWaitingQueue
8034BB88:__DVDStoreErrorCode
8034B83C:__DVDTestAlarm
80451770:__DVDThreadQueue
804509E8:__DVDVersion
803433F8:__EXIProbe
804509C0:__EXIVersion
803669D0:__FileWrite
80451980:__GDCurrentDL
8035BF28:__GXAbort
8035B468:__GXCalculateVLim
8035AD54:__GXCleanGPFifo
80451950:__GXCurrentThread
80456580:__GXData
8035921C:__GXDefaultTexRegionCallback
80359318:__GXDefaultTlutRegionCallback
8035AC2C:__GXFifoInit
8035ACC0:__GXFifoLink
8035AC9C:__GXFifoReadDisable
8035AC78:__GXFifoReadEnable
8035F174:__GXFlushTextureState
80359C70:__GXInitGX
803594CC:__GXInitRevisionBits
80451960:__GXOverflowCount
8035C670:__GXPEInit
8035AAC0:__GXSaveCPUFifoAux
8035C834:__GXSendFlushPrim
8035C6E4:__GXSetDirtyState
8035C9E0:__GXSetGenMode
8035F144:__GXSetIndirectMask
803605F8:__GXSetMatrixIndex
8035E7F0:__GXSetSUTexRegs
8035E96C:__GXSetTmemConfig
8035BAA0:__GXSetVAT
8035B3AC:__GXSetVCD
803603D4:__GXSetViewport
8035933C:__GXShutdown
8035F140:__GXUpdateBPMask
80450A78:__GXVersion
8035ACF4:__GXWriteFifoIntEnable
8035AD24:__GXWriteFifoIntReset
8035DD78:__GetImageTileCount
8033B6E8:__LCEnable
80311630:__MTGQR7__FUl
80451650:__OSArenaHi
80450998:__OSArenaLo
8033D244:__OSBootDol
8033CDC0:__OSBootDolSimple
8033BAF0:__OSCacheInit
8033F6E4:__OSCallResetFunctions
8033F524:__OSCheckDeadLock
8033F424:__OSCheckMutex
8033F55C:__OSCheckMutexes
8033C40C:__OSContextInit
80450990:__OSCurrHeap
8033A6C0:__OSDBINTSTART
8033A6C0:__OSDBIntegrator
8033A6E8:__OSDBJUMPEND
8033A6E4:__OSDBJUMPSTART
8033A6E4:__OSDBJump
8033DBCC:__OSDispatchInterrupt
8033F864:__OSDoHotReset
8033A7B0:__OSEVEnd
8033A780:__OSEVSetNumber
8033A718:__OSEVStart
80344774:__OSEnableBarnacle
8044BAD0:__OSErrorTable
803CF3AC:__OSExceptionLocations
80339DD4:__OSFPRInit
804509A0:__OSFpscrEnableBits
8033A860:__OSGetDIConfig
80340DAC:__OSGetEffectivePriority
8033A704:__OSGetExceptionHandler
8033CCBC:__OSGetExecParams
8033D75C:__OSGetInterruptHandler
8034271C:__OSGetSystemTime
80451628:__OSInIPL
8033B2D8:__OSInitAudioSystem
8033EEF0:__OSInitMemoryProtection
80340008:__OSInitSram
80340A40:__OSInitSystemCall
8033D770:__OSInterruptInit
8045160C:__OSIsGcam
80451678:__OSLastInterrupt
80451674:__OSLastInterruptSrr0
80451680:__OSLastInterruptTime
8033BBE4:__OSLoadFPUContext
80340144:__OSLockSram
803401A0:__OSLockSramEx
8033DABC:__OSMaskInterrupts
8033E97C:__OSModuleInit
8033A80C:__OSPSInit
80340FA8:__OSPromoteThread
8033F5D0:__OSReboot
8044BAB0:__OSRebootParams
80450B99:__OSReport_Error_disable
80450BA0:__OSReport_MonopolyThread
80450B9B:__OSReport_System_disable
80450B9A:__OSReport_Warning_disable
80450B98:__OSReport_disable
80450B9C:__OSReport_enable
80341220:__OSReschedule
8033FAE4:__OSResetSWInterruptHandler
8033BD08:__OSSaveFPUContext
8033A6E8:__OSSetExceptionHandler
8033D740:__OSSetInterruptHandler
80451630:__OSStartTime
8033B494:__OSStopAudioSystem
80340580:__OSSyncSram
80340A3C:__OSSystemCallVectorEnd
80340A20:__OSSystemCallVectorStart
80340B1C:__OSThreadInit
80342780:__OSTimeToSystemTime
8033C798:__OSUnhandledException
8033F1E4:__OSUnlockAllMutex
80340538:__OSUnlockSram
8034055C:__OSUnlockSramEx
8033DB44:__OSUnmaskInterrupts
80450980:__OSVersion
80451884:__OldStack
8034FBF4:__PADDisableRecalibration
804516F8:__PADFixBits
80451870:__PADSpec
80450A20:__PADVersion
803467C8:__PSMTXRotAxisRadInternal
8033D6F4:__RAS_OSDisableInterrupts_begin
8033D700:__RAS_OSDisableInterrupts_end
80345548:__SITransfer
804509C8:__SIVersion
8035E750:__SetSURegs
8036878C:__StringRead
80366964:__StringWrite
803719F8:__TRK_copy_vectors
8036F638:__TRK_get_MSR
80005518:__TRK_reset
8036F640:__TRK_set_MSR
8037219C:__TRK_write_console
8034DB40:__VIDisplayPositionToXY
8034DD5C:__VIGetCurrentPosition
8034C310:__VIInit
8034BF6C:__VIRetraceHandler
80450A10:__VIVersion
80451990:__aborting
8008E8D0:__ami__4cXyzFRC3Vec
802711E8:__ami__7cSAngleFRC7cSAngle
802712B4:__amu__7cSAngleFf
8008E904:__apl__4cXyzFRC3Vec
8026745C:__apl__5csXyzFR5csXyz
802711D4:__apl__7cSAngleFRC7cSAngle
80271254:__apl__7cSAngleFs
80031EF0:__arraydtor$3839
80031EAC:__arraydtor$4479
80028328:__arraydtor$5375
80325800:__as__10J3DFogInfoFRC10J3DFogInfo
802B9A88:__as__10JAISoundIDFRC10JAISoundID
803256C4:__as__12J3DLightInfoFRC12J3DLightInfo
80325718:__as__13J3DTexMtxInfoFRC13J3DTexMtxInfo
8032587C:__as__15J3DNBTScaleInfoFRC15J3DNBTScaleInfo
803257DC:__as__16J3DIndTexMtxInfoFRC16J3DIndTexMtxInfo
800977D8:__as__4cXyzFRC4cXyz
80182CA8:__as__7cSAngleFRC7cSAngle
8008E774:__as__7cSGlobeFRC7cSGlobe
80451994:__atexit_curr_func
8044D440:__atexit_funcs
80365468:__begin_critical_region
80003100:__check_pad3
8028CB20:__cl__Q214JStudio_JStage77TVariableValueOutput_object_<Q214JStudio_JStage12TAdaptor_fog,Q26JStage4TFog>CFfPQ27JStudio8TAdaptor
8028B5E0:__cl__Q214JStudio_JStage81TVariableValueOutput_object_<Q214JStudio_JStage14TAdaptor_actor,Q26JStage6TActor>CFfPQ27JStudio8TAdaptor
8028C544:__cl__Q214JStudio_JStage83TVariableValueOutput_object_<Q214JStudio_JStage15TAdaptor_camera,Q26JStage7TCamera>CFfPQ27JStudio8TAdaptor
8028B064:__cl__Q314JStudio_JStage14TAdaptor_actor26TVVOutput_ANIMATION_FRAME_CFfPQ27JStudio8TAdaptor
8028D24C:__cl__Q314JStudio_JStage14TAdaptor_light20TVVOutput_direction_CFfPQ27JStudio8TAdaptor
8028DECC:__cl__Q315JStudio_JAudio214TAdaptor_sound13TVVOSetValue_CFfPQ27JStudio8TAdaptor
80285FCC:__cl__Q37JStudio14TVariableValue13TOutput_none_CFfPQ27JStudio8TAdaptor
8028892C:__cl__Q37JStudio28@unnamed@jstudio_object_cpp@54TOutputVariableValue_BOOL_<Q27JStudio14TAdaptor_actor>CFfPQ27JStudio8TAdaptor
80288874:__cl__Q37JStudio28@unnamed@jstudio_object_cpp@54TOutputVariableValue_BOOL_<Q27JStudio14TAdaptor_light>CFfPQ27JStudio8TAdaptor
802887BC:__cl__Q37JStudio28@unnamed@jstudio_object_cpp@54TOutputVariableValue_BOOL_<Q27JStudio14TAdaptor_sound>CFfPQ27JStudio8TAdaptor
802888D0:__cl__Q37JStudio28@unnamed@jstudio_object_cpp@55TOutputVariableValue_BOOL_<Q27JStudio15TAdaptor_camera>CFfPQ27JStudio8TAdaptor
80288818:__cl__Q37JStudio28@unnamed@jstudio_object_cpp@57TOutputVariableValue_BOOL_<Q27JStudio17TAdaptor_particle>CFfPQ27JStudio8TAdaptor
8036307C:__close_all
8036919C:__close_console
8045199C:__console_exit
803A2190:__constants
80361D60:__construct_array
80361F14:__construct_new_array
80361C3C:__copy
80366410:__copy_longs_aligned
80366368:__copy_longs_rev_aligned
803661FC:__copy_longs_rev_unaligned
803662A8:__copy_longs_unaligned
80451924:__cpReg
8019F474:__ct__10BOSS_LIGHTFv
80225C94:__ct__10COutFont_cFUc
80057038:__ct__10EF_MUD_EFFFv
802FC118:__ct__10J2DPictureFP7J2DPaneP20JSURandomInputStreamP10JKRArchive
802FC1D4:__ct__10J2DPictureFP7J2DPaneP20JSURandomInputStreamP11J2DMaterial
802FC708:__ct__10J2DPictureFPC7ResTIMG
802FC800:__ct__10J2DPictureFUxRCQ29JGeometry8TBox2<f>PC7ResTIMGPC7ResTLUT
802FC050:__ct__10J2DPictureFv
802FF6D8:__ct__10J2DTextBoxFP7J2DPaneP20JSURandomInputStreamP10JKRArchive
802FF75C:__ct__10J2DTextBoxFP7J2DPaneP20JSURandomInputStreamUlP11J2DMaterial
802FFBC4:__ct__10J2DTextBoxFUxRCQ29JGeometry8TBox2<f>PC7ResFONTPCcs18J2DTextBoxHBinding18J2DTextBoxVBinding
802FF660:__ct__10J2DTextBoxFv
8000E538:__ct__10J3DGXColorFv
802B995C:__ct__10JAISoundIDFRC10JAISoundID
802B9B60:__ct__10JAISoundIDFUl
8029A800:__ct__10JASChannelFPFUlP10JASChannelPQ26JASDsp8TChannelPv_vPv
802982EC:__ct__10JASDrumSetFv
802938BC:__ct__10JASSeqCtrlFv
8029A13C:__ct__10JASWaveArcFv
802A5060:__ct__10JAUSectionFP14JAUSectionHeapUll
802720F8:__ct__10JFWDisplayFP7JKRHeapQ26JUTXfb10EXfbNumberb
802D6294:__ct__10JKRArchiveFlQ210JKRArchive10EMountMode
802D95F8:__ct__10JKRDvdFileFPCc
802D96A0:__ct__10JKRDvdFileFl
802D9584:__ct__10JKRDvdFileFv
802CF030:__ct__10JKRExpHeapFPvUlP7JKRHeapb
8027D7D4:__ct__10JPATextureFPCUc
802DBDFC:__ct__10JSUPtrLinkFPv
802DBE74:__ct__10JSUPtrListFb
802E746C:__ct__10JUTConsoleFUiUib
802E0148:__ct__10JUTDbPrintFP7JUTFontP7JKRHeap
802E06DC:__ct__10JUTGamePadFQ210JUTGamePad8EPadPort
802DE9E0:__ct__10JUTNameTabFPC7ResNTAB
802DE9A0:__ct__10JUTNameTabFv
802E5888:__ct__10JUTProcBarFv
802DEF94:__ct__10JUTResFontFPC7ResFONTP7JKRHeap
802DEF48:__ct__10JUTResFontFv
80056F54:__ct__10VRKUMO_EFFFv
802BD130:__ct__10Z2AudienceFv
802CD248:__ct__10Z2AudioMgrFv
802C03C8:__ct__10Z2CreatureFv
802C5C9C:__ct__10Z2EnvSeDirFP3Vec
802C611C:__ct__10Z2EnvSeMgrFv
802B6840:__ct__10Z2SceneMgrFv
802A9E80:__ct__10Z2SoundMgrFv
800307F0:__ct__10dAttDraw_cFv
8003050C:__ct__10dAttList_cFv
80083760:__ct__10dCcD_GSttsFv
80053A00:__ct__10dDlst_2D_cFP7ResTIMGssssUc
8019AFE0:__ct__10dGov_HIO_cFv
802560A4:__ct__10dLog_HIO_cFv
80249F00:__ct__10dMsgFlow_cFv
80238C94:__ct__10dMsgUnit_cFv
801F9E2C:__ct__10dMw_DHIO_cFv
80252990:__ct__10dOvlpFd2_cFv
8025343C:__ct__10dOvlpFd3_cFv
80030D74:__ct__10dSv_zone_cFv
80018B64:__ct__10fopAc_ac_cFv
800570A8:__ct__11EF_EVIL_EFFFv
802EA1AC:__ct__11J2DMaterialFv
802F1B70:__ct__11J2DTevOrderFv
802F4110:__ct__11J2DTevStageFRC15J2DTevStageInfo
802F1940:__ct__11J2DTevStageFv
802EB260:__ct__11J2DTexCoordFv
80300C94:__ct__11J2DWindowExFP7J2DPaneP20JSURandomInputStreamUlP11J2DMaterial
8032A828:__ct__11J3DAnmColorFv
8032E39C:__ct__11J3DDeformerFP13J3DDeformData
80018C0C:__ct__11J3DLightObjFv
80336650:__ct__11J3DMaterialFv
8000E140:__ct__11J3DTevOrderFv
8003AACC:__ct__11J3DTevStageFRC15J3DTevStageInfo
8000E230:__ct__11J3DTevStageFv
8000E464:__ct__11J3DTexCoordFv
8003B240:__ct__11J3DTexNoAnmFv
802D2E44:__ct__11JKRAramHeapFUlUl
802D147C:__ct__11JKRDisposerFv
8027D730:__ct__11JPAKeyBlockFPCUc
80274010:__ct__11JPAResourceFv
802C589C:__ct__11Z2EnvSeBaseFP3Vec
802BA7DC:__ct__11Z2FxLineMgrFv
802B5F1C:__ct__11Z2StatusMgrFv
80030D38:__ct__11cBgS_ChkElmFv
80267C1C:__ct__11cBgS_GndChkFv
80267D5C:__ct__11cBgS_LinChkFv
8007A1E4:__ct__11cBgW_GrpElmFv
800791C4:__ct__11cBgW_RwgElmFv
80079754:__ct__11cBgW_TriElmFv
80070038:__ct__11dAttParam_cFl
8007757C:__ct__11dBgS_GndChkFv
80077C68:__ct__11dBgS_LinChkFv
80078A14:__ct__11dBgS_SphChkFv
80079164:__ct__11dBgS_WtrChkFv
80088464:__ct__11dCamBGChk_cFv
800884F0:__ct__11dCamParam_cFl
80088668:__ct__11dCamSetup_cFv
800466E0:__ct__11dEvDtBase_cFv
800433F0:__ct__11dEvt_info_cFv
8020D948:__ct__11dMeterMap_cFP9J2DScreen
8003A260:__ct__11dRes_info_cFv
8014E6C8:__ct__11daBaseNpc_cFv
80018944:__ct__11fapGm_HIO_cFv
80056FC8:__ct__12EF_ODOUR_EFFFv
802EB280:__ct__12J2DColorChanFv
802EB320:__ct__12J2DIndTexMtxFv
803036EC:__ct__12J2DPictureExFP7J2DPaneP20JSURandomInputStreamUlP11J2DMaterial
802EB88C:__ct__12J2DTevBlock1Fv
802EC5B8:__ct__12J2DTevBlock2Fv
802ED8BC:__ct__12J2DTevBlock4Fv
802EED64:__ct__12J2DTevBlock8Fv
803071E4:__ct__12J2DTextBoxExFP7J2DPaneP20JSURandomInputStreamUlP11J2DMaterial
8000E47C:__ct__12J3DColorChanFv
8000E0F0:__ct__12J3DIndTexMtxFv
80325A18:__ct__12J3DJointTreeFv
80312948:__ct__12J3DMatPacketFv
80325DA0:__ct__12J3DModelDataFv
80314ABC:__ct__12J3DShapeDrawFPCUcUl
8032C6E4:__ct__12J3DSkinNListFv
8003B2A0:__ct__12J3DTexMtxAnmFv
802A2D34:__ct__12JAISoundInfoFb
802A3B68:__ct__12JAIStreamMgrFb
80297D78:__ct__12JASBasicBankFv
80298014:__ct__12JASBasicInstFv
802DAF1C:__ct__12JKRADCommandFv
802D39EC:__ct__12JKRAMCommandFv
802D3304:__ct__12JKRAramBlockFUlUlUlUcb
802D4638:__ct__12JKRArcFinderFP10JKRArchivell
802D4770:__ct__12JKRDvdFinderFPCc
802D4AB4:__ct__12JKRFileCacheFPCcPCc
802D0B30:__ct__12JKRSolidHeapFPvUlP7JKRHeapb
8027A6DC:__ct__12JPABaseShapeFPCUcP7JKRHeap
802DD188:__ct__12JUTCacheFontFPC7ResFONTUlP7JKRHeap
802E1D5C:__ct__12JUTExceptionFP14JUTDirectPrint
802DEB58:__ct__12JUTGraphFifoFUl
802C1F54:__ct__12Z2CreatureFMFv
802C2578:__ct__12Z2CreatureOIFv
802AEB04:__ct__12Z2MultiSeMgrFv
802AB710:__ct__12Z2MultiSeObjFv
802CBC60:__ct__12Z2SpeechMgr2Fv
80070198:__ct__12dAttention_cFP10fopAc_ac_cUl
80075EAC:__ct__12dBgS_AcchCirFv
80078FF4:__ct__12dBgS_RoofChkFv
80083A28:__ct__12dCcD_GObjInfFv
80085350:__ct__12dCcMassS_MngFv
800855C8:__ct__12dCcMassS_ObjFv
80052B00:__ct__12dDlst_2DT2_cFv
800560F0:__ct__12dDlst_list_cFv
800415D4:__ct__12dEvt_order_cFv
80192434:__ct__12dFile_info_cFP10JKRArchiveUc
801BB498:__ct__12dMenu_Dmap_cFP10JKRExpHeapP9STControlP10CSTControlUcUc
801C66E4:__ct__12dMenu_Fmap_cFP10JKRExpHeapP9STControlP10CSTControlUcUcUcffUc
801E9118:__ct__12dMenu_Ring_cFP10JKRExpHeapP9STControlP10CSTControlUc
801EF6A0:__ct__12dMenu_save_cFv
80249CA0:__ct__12dMsgString_cFUc
80249C20:__ct__12dMsgString_cFv
80030DB0:__ct__12dSv_memory_cFv
80140B88:__ct__12daAlinkHIO_cFv
80048D60:__ct__12diff_model_cFv
80225BB8:__ct__13COutFontSet_cFv
802553FC:__ct__13CPaneMgrAlphaFP9J2DScreenUxUcP10JKRExpHeap
802553EC:__ct__13CPaneMgrAlphaFv
8019F4B4:__ct__13DUNGEON_LIGHTFv
802F1B90:__ct__13J2DGXColorS10Fv
802E96D0:__ct__13J2DOrthoGraphFffffff
802E9670:__ct__13J2DOrthoGraphFv
802F01E4:__ct__13J2DTevBlock16Fv
8032E1F8:__ct__13J3DDeformDataFv
80312778:__ct__13J3DDrawPacketFv
8000E460:__ct__13J3DGXColorS10Fv
8032C96C:__ct__13J3DSkinDeformFv
80310EF8:__ct__13J3DVertexDataFv
802963A8:__ct__13JASAramStreamFv
8029D2F4:__ct__13JASDSPChannelFv
8029BE94:__ct__13JASOscillatorFv
8028F6C4:__ct__13JASTaskThreadFiiUl
802D3BB8:__ct__13JKRAramStreamFl
802D12C4:__ct__13JKRAssertHeapFPvUlP7JKRHeapb
802D7BF0:__ct__13JKRDvdArchiveFlQ210JKRArchive15EMountDirection
802D40F0:__ct__13JKRFileLoaderFv
802D6A6C:__ct__13JKRMemArchiveFPvUl15JKRMemBreakFlag
802D69B8:__ct__13JKRMemArchiveFlQ210JKRArchive15EMountDirection
8027B038:__ct__13JPAChildShapeFPCUc
8027B13C:__ct__13JPAExTexShapeFPCUc
8027AD88:__ct__13JPAExtraShapeFPCUc
8027D088:__ct__13JPAFieldBlockFPCUcP7JKRHeap
802E87F8:__ct__13JUTDirectFileFv
802E40CC:__ct__13JUTExternalFBFP16_GXRenderModeObj8_GXGammaPvUl
802BC758:__ct__13Z2AudioCameraFv
802BF920:__ct__13Z2SoundObjMgrFv
802CAAC0:__ct__13Z2WolfHowlMgrFv
80268074:__ct__13cBgS_PolyInfoFv
80267F88:__ct__13cBgS_ShdwDrawFv
8007921C:__ct__13cBgW_NodeTreeFv
80030244:__ct__13dComIfG_inf_cFv
80038020:__ct__13dDemo_actor_cFv
801F7224:__ct__13dMenu_Skill_cFP10JKRExpHeapP9STControlP10CSTControl
8020FAB4:__ct__13dMeter2Draw_cFP10JKRExpHeap
8021BDDC:__ct__13dMeter2Info_cFv
8004BACC:__ct__13dPa_control_cFv
80030D80:__ct__13dSv_memory2_cFv
80157600:__ct__13daNpcCd_HIO_cFv
80030A2C:__ct__13mDoExt_bckAnmFv
800309E4:__ct__13mDoExt_bpkAnmFv
8003099C:__ct__13mDoExt_brkAnmFv
80030954:__ct__13mDoExt_btkAnmFv
8000F950:__ct__13mDoExt_morf_cFv
802E8B08:__ct__14J2DGrafContextFffff
802F18A0:__ct__14J2DIndTevStageFv
802EB378:__ct__14J2DIndTexOrderFv
8032AB00:__ct__14J3DAnmColorKeyFv
8032A29C:__ct__14J3DAnmVtxColorFv
803115E0:__ct__14J3DDrawMtxDataFv
8000E14C:__ct__14J3DIndTevStageFv
8000E128:__ct__14J3DIndTexOrderFv
8003B2F4:__ct__14J3DMatColorAnmFv
8033468C:__ct__14J3DModelLoaderFv
80312B20:__ct__14J3DShapePacketFv
8003B1E0:__ct__14J3DTevColorAnmFv
802A4AC4:__ct__14JAISoundHandleFv
8029CCDC:__ct__14JASAudioThreadFiiUl
802A5FE0:__ct__14JAUSectionHeapFP12JKRSolidHeapbl
802D70C0:__ct__14JKRAramArchiveFlQ210JKRArchive15EMountDirection
802D87D4:__ct__14JKRCompArchiveFlQ210JKRArchive15EMountDirection
8027E64C:__ct__14JPABaseEmitterFv
802E41E8:__ct__14JUTDirectPrintFv
802C333C:__ct__14Z2CreatureLinkFv
802C4FFC:__ct__14Z2CreatureRideFv
802C5ECC:__ct__14Z2EnvSeAutoPanFv
802AB07C:__ct__14Z2SoundHandlesFv
802BDEF0:__ct__14Z2SoundObjBaseFv
802AAB94:__ct__14Z2SoundStarterFb
80077DA4:__ct__14dBgS_CamLinChkFv
80077F5C:__ct__14dBgS_ObjLinChkFv
80078BB0:__ct__14dBgS_SplGrpChkFv
80192F10:__ct__14dBrightCheck_cFP10JKRArchive
80038F54:__ct__14dDemo_object_cFv
800304CC:__ct__14dDlst_window_cFv
80041580:__ct__14dEvt_control_cFv
8018366C:__ct__14dFile_select_cFP10JKRArchive
801B7F20:__ct__14dMenu_DmapBg_cFP10JKRExpHeapP9STControl
801D8114:__ct__14dMenu_Insect_cFP10JKRExpHeapP9STControlP10CSTControlUc
801DCDC0:__ct__14dMenu_Letter_cFP10JKRExpHeapP9STControlP10CSTControl
801E1F10:__ct__14dMenu_Option_cFP10JKRArchiveP9STControl
80201328:__ct__14dMeterButton_cFv
8020AE8C:__ct__14dMeterHaihai_cFUc
8020ED60:__ct__14dMeterString_cFi
8023C0DC:__ct__14dMsgScrnBase_cFv
8023C5C8:__ct__14dMsgScrnBoss_cFv
8024096C:__ct__14dMsgScrnHowl_cFv
8023E79C:__ct__14dMsgScrnItem_cFUcUcP10JKRExpHeap
80246FF0:__ct__14dMsgScrnTalk_cFUcUcP10JKRExpHeap
80248954:__ct__14dMsgScrnTree_cFP7JUTFontP10JKRExpHeap
8015A4D8:__ct__14daNpcCd2_HIO_cFv
8015E3F8:__ct__14daObj_SSBase_cFv
8015ED10:__ct__14daPy_anmHeap_cFUl
8000FC4C:__ct__14mDoExt_McaMorfFP12J3DModelDataP25mDoExt_McaMorfCallBack1_cP25mDoExt_McaMorfCallBack2_cP15J3DAnmTransformifiiiPvUlUl
8032A93C:__ct__15J3DAnmColorFullFv
8032AE18:__ct__15J3DAnmTevRegKeyFv
80328E40:__ct__15J3DAnmTransformFsPfPsPf
80337178:__ct__15J3DJointFactoryFRC13J3DJointBlock
80337350:__ct__15J3DShapeFactoryFRC13J3DShapeBlock
8003B18C:__ct__15J3DTevKColorAnmFv
802A2F6C:__ct__15JAISoundStarterFb
8029D0B4:__ct__15JASAudioReseterFv
802A68F4:__ct__15JAUSeqDataBlockFv
802D199C:__ct__15JKRThreadSwitchFP7JKRHeap
8019F4F8:__ct__15LIGHT_INFLUENCEFv
8019F4F4:__ct__15WIND_INF_ENTITYFv
802C0F64:__ct__15Z2CreatureEnemyFv
802BEB94:__ct__15Z2SoundObjAnimeFv
802BEB38:__ct__15Z2SoundObjArrowFv
802C54B8:__ct__15Z2SoundObjCoachFv
802CCFB8:__ct__15Z2SpeechStarterFv
80070158:__ct__15dAttDrawParam_cFv
80078104:__ct__15dBgS_BombLinChkFv
80077BA0:__ct__15dBgS_GrpPassChkFv
80078030:__ct__15dBgS_LinkLinChkFv
8007838C:__ct__15dBgS_RopeLinChkFv
80191BAC:__ct__15dFile_warning_cFP10JKRArchiveUc
801AE938:__ct__15dKantera_icon_cFv
801B78C0:__ct__15dMenu_Collect_cFP10JKRExpHeapP9STControlP10CSTControl
801C4D54:__ct__15dMenu_Fishing_cFP10JKRExpHeapP9STControlP10CSTControl
801CEC24:__ct__15dMenu_FmapMap_cFv
8020C320:__ct__15dMeterHakusha_cFPv
8023B9B4:__ct__15dMsgScrnArrow_cFv
80245934:__ct__15dMsgScrnLight_cFUcUc
802463CC:__ct__15dMsgScrnPlace_cFv
80246B34:__ct__15dMsgScrnStaff_cFUc
80196914:__ct__15dShopItemCtrl_cFv
80048CB4:__ct__15dSmplMdl_draw_cFv
800126BC:__ct__15mDoExt_3Dline_cFv
80011348:__ct__15mDoExt_McaMorf2FP12J3DModelDataP25mDoExt_McaMorfCallBack1_cP25mDoExt_McaMorfCallBack2_cP15J3DAnmTransformP15J3DAnmTransformifiiP10Z2CreatureUlUl
8001672C:__ct__15mDoMemCd_Ctrl_cFv
8002AE6C:__ct__15renderingAmap_cFv
801C051C:__ct__15renderingDmap_cFv
8032AED8:__ct__16J3DAnmTexPatternFv
8032F5D0:__ct__16J3DMaterialTableFv
802A0994:__ct__16JAISeCategoryMgrFv
802984F8:__ct__16JASBasicWaveBankFv
80293644:__ct__16JASRegisterParamFv
802A66A0:__ct__16JAUSeqCollectionFv
802DBD70:__ct__16JKRDecompCommandFv
8027BB18:__ct__16JPADynamicsBlockFPCUc
802BBE74:__ct__16Z2AudibleChannelFv
802A9A34:__ct__16Z2AudioArcLoaderFP10JAUSection
802C1BE8:__ct__16Z2CreatureSumomoFv
802BE844:__ct__16Z2SoundObjSimpleFv
800781D8:__ct__16dBgS_ArrowLinChkFv
80078460:__ct__16dBgS_HorseLinChkFv
80078624:__ct__16dBgS_MoveBgActorFv
80078D64:__ct__16dBgS_PolyPassChkFv
80046688:__ct__16dEvent_manager_cFv
801902F0:__ct__16dFile_select3D_cFv
801C2718:__ct__16dMenuMapCommon_cFv
801FF5B8:__ct__16dMeter_drawHIO_cFv
802006C8:__ct__16dMeter_fmapHIO_cFv
801FE330:__ct__16dMeter_menuHIO_cFv
802001AC:__ct__16dMeter_ringHIO_cFv
80232D6C:__ct__16dMsgObject_HIO_cFv
80244558:__ct__16dMsgScrnJimaku_cFUcP10JKRExpHeap
80244E38:__ct__16dMsgScrnKanban_cFP10JKRExpHeap
802493B4:__ct__16dMsgStringBase_cFv
80251314:__ct__16dNpcLib_lookat_cFv
8004B060:__ct__16dPa_simpleData_cFv
80194220:__ct__16dSelect_cursor_cFUcfP10JKRArchive
8014D998:__ct__16daBaseNpc_path_cFv
801410EC:__ct__16daPy_actorKeep_cFv
80140D80:__ct__16daPy_frameCtrl_cFv
800107D0:__ct__16mDoExt_McaMorfSOFP12J3DModelDataP25mDoExt_McaMorfCallBack1_cP25mDoExt_McaMorfCallBack2_cP15J3DAnmTransformifiiP10Z2CreatureUlUl
80255C68:__ct__17CPaneMgrAlphaMorfFP9J2DScreenUxUcP10JKRExpHeap
8032A4E0:__ct__17J3DAnmVtxColorKeyFv
80290848:__ct__17JASGenericMemPoolFv
80298C94:__ct__17JASSimpleWaveBankFv
802A4740:__ct__17JAUAudioArcLoaderFP10JAUSection
8027DCA0:__ct__17JPAEmitterManagerFUlUlP7JKRHeapUcUc
8027D8A0:__ct__17JPAResourceLoaderFPCUcP18JPAResourceManager
802E81CC:__ct__17JUTConsoleManagerFv
802C0C10:__ct__17Z2CreatureCitizenFv
80056344:__ct__17dDlst_shadowTri_cFv
801AFD48:__ct__17dMenu_Collect2D_cFP10JKRExpHeapP9STControlP10CSTControl
801B6454:__ct__17dMenu_Collect3D_cFP10JKRExpHeapP17dMenu_Collect2D_cP10CSTControl
801D5BD0:__ct__17dMenu_Fmap2DTop_cFP10JKRExpHeapP9STControl
802390B4:__ct__17dMsgScrn3Select_cFv
8023CC88:__ct__17dMsgScrnExplain_cFP9STControlUcbUc
801578B0:__ct__17daNpcCd_HIO_Jnt_cFv
802299EC:__ct__17jmessage_tControlFv
80015944:__ct__17mDoDvdThd_param_cFv
802F2AD0:__ct__18J2DMaterialFactoryFRC16J2DMaterialBlock
8032A30C:__ct__18J3DAnmVtxColorFullFv
8032FFEC:__ct__18J3DMaterialFactoryFRC16J3DMaterialBlock
80330234:__ct__18J3DMaterialFactoryFRC18J3DMaterialDLBlock
802A7420:__ct__18JAUStreamFileTableFv
802A4D3C:__ct__18JAU_JAIInitializerFv
802A4AD0:__ct__18JAU_JASInitializerFv
80273E10:__ct__18JPAResourceManagerFPCvP7JKRHeap
802DC638:__ct__18JSUFileInputStreamFP7JKRFile
802C48E8:__ct__18Z2LinkSoundStarterFv
802C5234:__ct__18Z2RideSoundStarterFP14Z2CreatureRide
802C1D10:__ct__18Z2SoundObjBeeGroupFv
80077A00:__ct__18dBgS_CamGndChk_WtrFv
800777B0:__ct__18dBgS_ObjGndChk_SplFv
80077678:__ct__18dBgS_ObjGndChk_WtrFv
800562D0:__ct__18dDlst_shadowReal_cFv
801CF56C:__ct__18dMenu_Fmap2DBack_cFv
80200CD4:__ct__18dMeter_cursorHIO_cFv
8019F2E8:__ct__18dScnKy_env_light_cFv
800CFCF4:__ct__18daAlink_footData_cFv
8014D804:__ct__18daBaseNpc_acMngr_cFv
8015A788:__ct__18daNpcCd2_HIO_Jnt_cFv
8019F400:__ct__19GB_MAPLE_COL_CHANGEFv
80309290:__ct__19J2DAnmKeyLoader_v15Fv
802EB2CC:__ct__19J2DIndTexCoordScaleFv
802F1934:__ct__19J2DTevSwapModeTableFv
803384E0:__ct__19J3DAnmKeyLoader_v15Fv
80329E5C:__ct__19J3DAnmTextureSRTKeyFv
8000E0E4:__ct__19J3DIndTexCoordScaleFv
8000E134:__ct__19J3DTevSwapModeTableFv
802BC248:__ct__19Z2Audience3DSettingFv
8002F314:__ct__19dComIfG_resLoader_cFv
801DA754:__ct__19dMenu_ItemExplain_cFP10JKRExpHeapP10JKRArchiveP9STControlb
802004B4:__ct__19dMeter_mapIconHIO_cFv
8024575C:__ct__19dMsgScrnLight_HIO_cFv
80049580:__ct__19dPa_followEcallBackFUcUc
8004ADF4:__ct__19dPa_simpleEcallBackFv
801941E4:__ct__19dSelect_cursorHIO_cFv
8002839C:__ct__19dStage_roomStatus_cFv
80157858:__ct__19daNpcCd_HIO_Child_cFv
80228B04:__ct__19jmessage_tReferenceFv
80015B74:__ct__19mDoDvdThd_command_cFv
80140E2C:__ct__19mDoExt_AnmRatioPackFv
8000E654:__ct__19mDoExt_invJntPacketFv
80262660:__ct__20DynamicModuleControlFPCc
80309CE8:__ct__20J2DAnmFullLoader_v15Fv
80338468:__ct__20J3DAnmFullLoader_v15Fv
803341CC:__ct__20J3DClusterLoader_v15Fv
802D4088:__ct__20JKRAramStreamCommandFv
800782B8:__ct__20dBgS_BoomerangLinChkFv
8005638C:__ct__20dDlst_shadowSimple_cFv
80232AEC:__ct__20dMsgObject_HowlHIO_cFv
80015C18:__ct__20mDoDvdThd_callback_cFPFPv_PvPv
802BE5A0:__ct__21Z2DopplerSoundObjBaseFv
80077E78:__ct__21dBgS_CamLinChk_NorWtrFv
8025DB38:__ct__21dDlst_TimerScrnDraw_cFv
801FE990:__ct__21dMeter_drawSkillHIO_cFv
8015A808:__ct__21daNpcCd2_HIO_MChild_cFv
8015A730:__ct__21daNpcCd2_HIO_WChild_cFv
80016338:__ct__21mDoDvdThd_toMainRam_cFUc
800284B8:__ct__21stage_tgsc_data_classFv
80332DA4:__ct__22J3DMaterialFactory_v21FRC20J3DMaterialBlock_v21
802A4244:__ct__22JAUAudioArcInterpreterFv
801FE8DC:__ct__22dMeter_drawInsectHIO_cFv
801FE5CC:__ct__22dMeter_drawLetterHIO_cFv
801FE4EC:__ct__22dMeter_drawOptionHIO_cFv
80259468:__ct__22dScnPly_env_debugHIO_cFv
80259440:__ct__22dScnPly_env_otherHIO_cFv
8025C13C:__ct__22dSvBit_childOtherHIO_cFv
802A6A58:__ct__23JAUDynamicSeqDataBlocksFv
801FE348:__ct__23dMeter_drawCollectHIO_cFv
801FE730:__ct__23dMeter_drawFishingHIO_cFv
8025BEA8:__ct__23dSvBit_childItZoneHIO_cFv
8025BCB0:__ct__23dSvBit_childSwZoneHIO_cFv
8014F4B4:__ct__23daBaseNpc_moveBgActor_cFv
80262284:__ct__24DynamicModuleControlBaseFv
8019B940:__ct__24dDlst_GameOverScrnDraw_cFP10JKRArchive
801FEFF0:__ct__24dMeter_drawMiniGameHIO_cFv
8022FB5C:__ct__24jmessage_string_tControlFv
80015DA4:__ct__24mDoDvdThd_mountArchive_cFUc
8027E51C:__ct__25JSUList<14JPABaseEmitter>Fv
800304C8:__ct__25dComIfG_camera_info_classFv
801FEAF0:__ct__25dMeter_drawEmpButtonHIO_cFv
801FF31C:__ct__25dMeter_drawLightDropHIO_cFv
8025C004:__ct__25dSvBit_childDarknessHIO_cFv
80016168:__ct__25mDoDvdThd_mountXArchive_cFUcQ210JKRArchive10EMountMode
8027E588:__ct__26JPANode<15JPABaseParticle>Fv
8025BE0C:__ct__26dSvBit_childItDungeonHIO_cFv
8025BF08:__ct__26dSvBit_childItOneZoneHIO_cFv
8025BC14:__ct__26dSvBit_childSwDungeonHIO_cFv
8025BD10:__ct__26dSvBit_childSwOneZoneHIO_cFv
8025C0A0:__ct__26dSvBit_childTransformHIO_cFv
8003EC90:__ct__26fmpTresTypeGroupDataList_cFv
8022F8C0:__ct__26jmessage_string_tReferenceFv
80229A28:__ct__26jmessage_tMeasureProcessorFPC19jmessage_tReference
800561C8:__ct__26mDoExt_3DlineMatSortPacketFv
802A677C:__ct__27JAUSeqDataMgr_SeqCollectionFv
801FE954:__ct__27dMeter_drawCalibrationHIO_cFv
8022B558:__ct__27jmessage_tSequenceProcessorFPC19jmessage_tReferenceP17jmessage_tControl
8022CCB0:__ct__28jmessage_tRenderingProcessorFPC19jmessage_tReference
8025BD70:__ct__29dSvBit_childItPerfectionHIO_cFv
8025BB78:__ct__29dSvBit_childSwPerfectionHIO_cFv
8025BF68:__ct__29dSvBit_childTbPerfectionHIO_cFv
8022FB98:__ct__33jmessage_string_tMeasureProcessorFPC26jmessage_string_tReference
80230A08:__ct__34jmessage_string_tSequenceProcessorFPC26jmessage_string_tReferenceP24jmessage_string_tControl
80230BC8:__ct__35jmessage_string_tRenderingProcessorFPC26jmessage_string_tReference
80079294:__ct__4cBgWFv
80264A6C:__ct__4cCcSFv
800977F4:__ct__4cXyzFRC4cXyz
8014195C:__ct__4cXyzFfff
800125DC:__ct__4cXyzFv
8007B970:__ct__4dBgWFv
8029F03C:__ct__5JAISeFP8JAISeMgrP27JAISoundStrategyMgr<5JAISe>Ul
802673F4:__ct__5csXyzFsss
80112C80:__ct__5csXyzFv
8030FDE8:__ct__6J3DSysFv
802A0A8C:__ct__6JAISeqFP9JAISeqMgrP28JAISoundStrategyMgr<6JAISeq>
8029BD14:__ct__6JASLfoFv
802E5260:__ct__6JUTXfbFPC16_GXRenderModeObjP7JKRHeapQ26JUTXfb10EXfbNumber
80074074:__ct__6dBgPlcFv
80029874:__ct__6dMap_cFiiii
8009C930:__ct__6dMdl_cFv
802F5F9C:__ct__7J2DPaneFP7J2DPaneP20JSURandomInputStreamUc
802F5D40:__ct__7J2DPaneFP7J2DPanebUxRCQ29JGeometry8TBox2<f>
802F5E88:__ct__7J2DPaneFUxRCQ29JGeometry8TBox2<f>
802F5BF8:__ct__7J2DPaneFv
80290140:__ct__7JASHeapFP11JASDisposer
802D2040:__ct__7JKRAramFUlUll
802CE138:__ct__7JKRHeapFPvUlP7JKRHeapb
802DECF8:__ct__7JUTFontFv
802AB64C:__ct__7Z2SeMgrFv
8027134C:__ct__7cDegreeFf
80270F68:__ct__7cSAngleFRC7cSAngle
80270FC8:__ct__7cSAngleFf
80270F98:__ct__7cSAngleFs
80182A48:__ct__7cSAngleFv
80271880:__ct__7cSGlobeFRC4cXyz
802717F0:__ct__7cSGlobeFRC7cSGlobe
80271850:__ct__7cSGlobeFfRC7cSAngleRC7cSAngle
80271820:__ct__7cSGlobeFfss
8016E420:__ct__7cSGlobeFv
80271468:__ct__7cSPolarFRC4cXyz
8024E408:__ct__7dName_cFP7J2DPane
80253984:__ct__8CPaneMgrFP9J2DScreenUxUcP10JKRExpHeap
80253930:__ct__8CPaneMgrFv
802F4394:__ct__8J2DPrintFP7JUTFontffQ28JUtility6TColorQ28JUtility6TColorQ28JUtility6TColorQ28JUtility6TColor
8032F170:__ct__8J3DJointFv
802A0074:__ct__8JAISeMgrFb
802A22F8:__ct__8JAISoundFv
80291228:__ct__8JASTrackFv
802E5530:__ct__8JUTFaderFiiiiQ28JUtility6TColor
802E4CF4:__ct__8JUTVideoFPC16_GXRenderModeObj
80056D0C:__ct__8RAIN_EFFFv
80056D94:__ct__8SNOW_EFFFv
80056E04:__ct__8STAR_EFFFv
802AEEA0:__ct__8Z2SeqMgrFv
80267B4C:__ct__8cBgS_ChkFv
8026EEB4:__ct__8cM3dGCirFv
8026EF88:__ct__8cM3dGCpsFv
8026F0A8:__ct__8cM3dGCylFPC4cXyzff
8026F2A8:__ct__8cM3dGLinFRC4cXyzRC4cXyz
8026F3DC:__ct__8cM3dGPlaFPC4cXyzf
801411F0:__ct__8cM3dGPlaFv
8007749C:__ct__8dBgS_ChkFv
8007E6F4:__ct__8dBgWKColFv
80140FA0:__ct__8dCcD_CpsFv
80141020:__ct__8dCcD_CylFv
80193690:__ct__8dScope_cFUc
80056E74:__ct__9CLOUD_EFFFv
80056EE4:__ct__9HOUSI_EFFFv
802F8498:__ct__9J2DScreenFv
802F9B74:__ct__9J2DWindowFP7J2DPaneP20JSURandomInputStreamP10JKRArchive
802F9C10:__ct__9J2DWindowFP7J2DPaneP20JSURandomInputStreamP11J2DMaterial
802F9A7C:__ct__9J2DWindowFv
802A1914:__ct__9JAISeqMgrFb
802A3104:__ct__9JAIStreamFP12JAIStreamMgrP31JAISoundStrategyMgr<9JAIStream>
802DB6E0:__ct__9JKRDecompFl
802D1610:__ct__9JKRThreadFP7JKRHeapUlii
802D16B8:__ct__9JKRThreadFP8OSThreadi
802D1568:__ct__9JKRThreadFUlii
80032044:__ct__9STControlFssssffss
802BBD94:__ct__9Z2AudibleFRCQ29JGeometry8TVec3<f>PCQ29JGeometry8TVec3<f>Ulb
802BCD28:__ct__9Z2SpotMicFv
800760A0:__ct__9dBgS_AcchFv
8007E5A8:__ct__9dBgW_BaseFv
8016008C:__ct__9dCamera_cFP12camera_class
80088434:__ct__9dCstick_cFv
801835F8:__ct__9dFs_HIO_cFv
8015E010:__ct__9dInsect_cFv
80035C8C:__ct__9dJntCol_cFv
801C65F8:__ct__9dMf_HIO_cFv
801EF654:__ct__9dMs_HIO_cFv
801F9AFC:__ct__9dMw_HIO_cFv
8024E3E0:__ct__9dNm_HIO_cFv
80195A2C:__ct__9dSi_HIO_cFv
8025878C:__ct__9dSn_HIO_cFv
800CF380:__ct__9daAlink_cFv
802984C4:__ct__Q210JASDrumSet5TPercFv
802A4EE8:__ct__Q210JAUSection12TSectionDataFv
802E1CA8:__ct__Q210JUTGamePad6CStickFv
802E1CD8:__ct__Q210JUTGamePad7CButtonFv
802E7340:__ct__Q210JUTProcBar5CTimeFv
802EA79C:__ct__Q211J2DMaterial21J2DMaterialAnmPointerFv
802982D4:__ct__Q212JASBasicInst7TKeymapFv
802D566C:__ct__Q212JKRFileCache11CCacheBlockFUlUlPCv
8004B688:__ct__Q213dPa_control_c7level_cFv
8029E3A0:__ct__Q214JASCallbackMgr9TCallbackFv
802A5DF4:__ct__Q214JAUSectionHeap16TSectionHeapDataFv
8028C574:__ct__Q214JStudio_JStage12TAdaptor_fogFPCQ26JStage7TSystemPQ26JStage4TFog
8028A5F0:__ct__Q214JStudio_JStage14TAdaptor_actorFPCQ26JStage7TSystemPQ26JStage6TActor
8028CB50:__ct__Q214JStudio_JStage14TAdaptor_lightFPCQ26JStage7TSystemPQ26JStage6TLight
8028B8A0:__ct__Q214JStudio_JStage15TAdaptor_cameraFPCQ26JStage7TSystemPQ26JStage7TCamera
8028B610:__ct__Q214JStudio_JStage21TAdaptor_ambientLightFPCQ26JStage7TSystemPQ26JStage13TAmbientLight
8028D828:__ct__Q215JStudio_JAudio214TAdaptor_soundFPQ215JStudio_JAudio213TCreateObject
8030CB2C:__ct__Q216J2DAnmTexPattern27J2DAnmTexPatternTIMGPointerFv
802989C0:__ct__Q216JASBasicWaveBank10TWaveGroupFv
80298C18:__ct__Q216JASBasicWaveBank11TWaveHandleFv
80298C4C:__ct__Q216JASBasicWaveBank14TGroupWaveInfoFv
80201070:__ct__Q216dMeter_fmapHIO_c13MapBlinkAnimeFv
80298F5C:__ct__Q217JASSimpleWaveBank11TWaveHandleFv
8028E60C:__ct__Q217JStudio_JParticle17TAdaptor_particleFPQ217JStudio_JParticle13TCreateObject
8004FB90:__ct__Q218dPa_modelEcallBack7model_cFv
802A665C:__ct__Q23std16__bitset_base<8>Fv
80339CB0:__ct__Q23std9pair<f,f>Fv
80339AE4:__ct__Q25JMath13TRandom_fast_FUl
802DCCD0:__ct__Q27JGadget20TVector_pointer_voidFRCQ27JGadget14TAllocator<Pv>
802871DC:__ct__Q27JStudio11TObject_fogFRCQ47JStudio3stb4data20TParse_TBlock_objectPQ27JStudio12TAdaptor_fog
80286910:__ct__Q27JStudio13TObject_actorFRCQ47JStudio3stb4data20TParse_TBlock_objectPQ27JStudio14TAdaptor_actor
80287368:__ct__Q27JStudio13TObject_lightFRCQ47JStudio3stb4data20TParse_TBlock_objectPQ27JStudio14TAdaptor_light
80287B9C:__ct__Q27JStudio13TObject_soundFRCQ47JStudio3stb4data20TParse_TBlock_objectPQ27JStudio14TAdaptor_sound
80281690:__ct__Q27JStudio14TFunctionValueFv
80286E7C:__ct__Q27JStudio14TObject_cameraFRCQ47JStudio3stb4data20TParse_TBlock_objectPQ27JStudio15TAdaptor_camera
8028B568:__ct__Q27JStudio14TVariableValueFv
80287640:__ct__Q27JStudio15TObject_messageFRCQ47JStudio3stb4data20TParse_TBlock_objectPQ27JStudio16TAdaptor_message
8028776C:__ct__Q27JStudio16TObject_particleFRCQ47JStudio3stb4data20TParse_TBlock_objectPQ27JStudio17TAdaptor_particle
802826BC:__ct__Q27JStudio19TFunctionValue_listFv
80286CFC:__ct__Q27JStudio20TObject_ambientLightFRCQ47JStudio3stb4data20TParse_TBlock_objectPQ27JStudio21TAdaptor_ambientLight
802832C4:__ct__Q27JStudio22TFunctionValue_hermiteFv
8028236C:__ct__Q27JStudio23TFunctionValue_constantFv
80281D5C:__ct__Q27JStudio24TFunctionValue_compositeFv
802823EC:__ct__Q27JStudio25TFunctionValue_transitionFv
80281D18:__ct__Q27JStudio29TFunctionValueAttribute_rangeFv
80282D34:__ct__Q27JStudio29TFunctionValue_list_parameterFv
8028566C:__ct__Q27JStudio6TParseFPQ27JStudio8TControl
80286864:__ct__Q27JStudio7TObjectFRCQ47JStudio3stb4data20TParse_TBlock_objectPQ27JStudio8TAdaptor
80285114:__ct__Q27JStudio8TControlFv
80031F64:__ct__Q27daSus_c6data_cFv
80031EE4:__ct__Q27daSus_c6room_cFv
802932C8:__ct__Q28JASTrack10MoveParam_Fv
802930DC:__ct__Q28JASTrack11TChannelMgrFP8JASTrack
802A906C:__ct__Q28JMessage18TResourceContainerFv
802A8374:__ct__Q28JMessage18TSequenceProcessorFPCQ28JMessage10TReferencePQ28JMessage8TControl
802A8A84:__ct__Q28JMessage19TRenderingProcessorFPCQ28JMessage10TReference
802A9130:__ct__Q28JMessage6TParseFPQ28JMessage18TResourceContainer
802A7548:__ct__Q28JMessage8TControlFv
80193960:__ct__Q28JUtility6TColorFv
802FF204:__ct__Q29JGeometry8TVec2<s>Fv
8018291C:__ct__Q29dCamera_c10dCamInfo_cFv
80160300:__ct__Q29dCamera_c23@class$3665d_camera_cppFv
8009784C:__ct__Q29dCamera_c26@class$3517d_ev_camera_cppFv
800CFC78:__ct__Q29daAlink_c14firePointEff_cFv
8004FBFC:__ct__Q313dPa_control_c7level_c9emitter_cFv
80280F60:__ct__Q37JStudio3ctb14TObject_TxyzRyFRCQ47JStudio3ctb4data13TParse_TBlock
8028135C:__ct__Q37JStudio3ctb6TParseFPQ37JStudio3ctb8TControl
80280FC4:__ct__Q37JStudio3ctb8TControlFv
80284460:__ct__Q37JStudio3fvb12TObject_listFRCQ47JStudio3fvb4data13TParse_TBlock
802845B0:__ct__Q37JStudio3fvb15TObject_hermiteFRCQ47JStudio3fvb4data13TParse_TBlock
80284338:__ct__Q37JStudio3fvb16TObject_constantFRCQ47JStudio3fvb4data13TParse_TBlock
80284254:__ct__Q37JStudio3fvb17TObject_compositeFRCQ47JStudio3fvb4data13TParse_TBlock
802843C8:__ct__Q37JStudio3fvb18TObject_transitionFRCQ47JStudio3fvb4data13TParse_TBlock
80284500:__ct__Q37JStudio3fvb22TObject_list_parameterFRCQ47JStudio3fvb4data13TParse_TBlock
80284ADC:__ct__Q37JStudio3fvb6TParseFPQ37JStudio3fvb8TControl
80284668:__ct__Q37JStudio3fvb8TControlFv
80289068:__ct__Q37JStudio3stb15TObject_controlFPCvUl
80289640:__ct__Q37JStudio3stb6TParseFPQ37JStudio3stb8TControl
80288AC0:__ct__Q37JStudio3stb7TObjectFRCQ47JStudio3stb4data20TParse_TBlock_object
80288A78:__ct__Q37JStudio3stb7TObjectFUlPCvUl
802890B4:__ct__Q37JStudio3stb8TControlFv
802A8EC0:__ct__Q38JMessage18TResourceContainer10TCResourceFv
803D2C18:__ctype_map
80362770:__cvt_dbl_usll
803620AC:__cvt_fp2unsigned
803626BC:__cvt_sll_flt
80140DCC:__defctor__14daPy_anmHeap_cFv
802A4A5C:__defctor__7JASHeapFv
80361CE8:__destroy_arr
80361BDC:__destroy_global_chain
80373980:__destroy_global_chain_reference
80361C6C:__destroy_new_array
80362324:__div2i
80362238:__div2u
802CED3C:__dl__FPv
802CED60:__dla__FPv
8019F438:__dt__10BOSS_LIGHTFv
80225D60:__dt__10COutFont_cFv
80056FFC:__dt__10EF_MUD_EFFFv
80053C94:__dt__10J2DAnmBaseFv
802FCFF0:__dt__10J2DPictureFv
803001E0:__dt__10J2DTextBoxFv
8003C734:__dt__10J3DAnmBaseFv
8000D948:__dt__10J3DMtxCalcFv
803172B4:__dt__10J3DPEBlockFv
803366A4:__dt__10J3DTextureFv
8029EFAC:__dt__10JAIAudibleFv
8029A918:__dt__10JASChannelFv
80298314:__dt__10JASDrumSetFv
8029A1B4:__dt__10JASWaveArcFv
802A6468:__dt__10JAUSectionFv
80272160:__dt__10JFWDisplayFv
802D6334:__dt__10JKRArchiveFv
802D9748:__dt__10JKRDvdFileFv
802CF0C0:__dt__10JKRExpHeapFv
8027D83C:__dt__10JPATextureFv
80255388:__dt__10JSUIosBaseFv
802DBE14:__dt__10JSUPtrLinkFv
802DBEAC:__dt__10JSUPtrListFv
802E755C:__dt__10JUTConsoleFv
802E07B0:__dt__10JUTGamePadFv
80191134:__dt__10JUTNameTabFv
802E599C:__dt__10JUTProcBarFv
802DF000:__dt__10JUTResFontFv
802DE234:__dt__10JUTTextureFv
80056F18:__dt__10VRKUMO_EFFFv
802BD1FC:__dt__10Z2AudienceFv
800073C8:__dt__10Z2AudioMgrFv
802C0420:__dt__10Z2CreatureFv
802C5D1C:__dt__10Z2EnvSeDirFv
802C6540:__dt__10Z2EnvSeMgrFv
800837B0:__dt__10cCcD_GSttsFv
80084040:__dt__10cCcD_ObjAtFv
80083F88:__dt__10cCcD_ObjCoFv
80083FE4:__dt__10cCcD_ObjTgFv
8003054C:__dt__10dAttDraw_cFv
800304D0:__dt__10dAttList_cFv
8008523C:__dt__10dCcD_GSttsFv
8019C06C:__dt__10dGov_HIO_cFv
8025855C:__dt__10dLog_HIO_cFv
80249F48:__dt__10dMsgFlow_cFv
80238CA4:__dt__10dMsgUnit_cFv
801F9E98:__dt__10dMw_DHIO_cFv
802572B8:__dt__10dScnLogo_cFv
80258CC8:__dt__10dScnName_cFv
80018C8C:__dt__10fopAc_ac_cFv
80014FC8:__dt__114J3DMtxCalcAnimation<64J3DMtxCalcAnimationAdaptorDefault<27J3DMtxCalcCalcTransformMaya>,24J3DMtxCalcJ3DSysInitMaya>Fv
8005706C:__dt__11EF_EVIL_EFFFv
801842FC:__dt__11J2DAnmColorFv
802EB13C:__dt__11J2DIndBlockFv
802EA2CC:__dt__11J2DMaterialFv
802EB184:__dt__11J2DTevBlockFv
80301144:__dt__11J2DWindowExFv
8032BCAC:__dt__11J3DAnmColorFv
8031726C:__dt__11J3DIndBlockFv
80332B94:__dt__11J3DMaterialFv
80314798:__dt__11J3DShapeMtxFv
80317224:__dt__11J3DTevBlockFv
8003B1F8:__dt__11J3DTexNoAnmFv
80015590:__dt__11J3DUClipperFv
8029EFF4:__dt__11JAIAudienceFv
8029A7B8:__dt__11JASDisposerFv
80298B88:__dt__11JASWaveBankFv
802D2F14:__dt__11JKRAramHeapFv
802D14E4:__dt__11JKRDisposerFv
8027D678:__dt__11JPAFieldAirFv
802C58AC:__dt__11Z2EnvSeBaseFv
802BBBE0:__dt__11Z2SoundInfoFv
8002FEF8:__dt__11cBgS_ChkElmFv
80267C94:__dt__11cBgS_GndChkFv
80267DBC:__dt__11cBgS_LinChkFv
8007A184:__dt__11cBgW_GrpElmFv
800791D4:__dt__11cBgW_RwgElmFv
800796F8:__dt__11cBgW_TriElmFv
80070110:__dt__11dAttParam_cFv
800775F0:__dt__11dBgS_GndChkFv
80077CDC:__dt__11dBgS_LinChkFv
80078AC0:__dt__11dBgS_SphChkFv
8001DF30:__dt__11dBgS_WtrChkFv
8008858C:__dt__11dCamParam_cFv
800888B8:__dt__11dCamSetup_cFv
80083C44:__dt__11dCcD_GObjAtFv
80083B8C:__dt__11dCcD_GObjCoFv
80083BE8:__dt__11dCcD_GObjTgFv
80039408:__dt__11dDemo_fog_cFv
8002AD3C:__dt__11dDrawPath_cFv
80030190:__dt__11dEvDtBase_cFv
80018C44:__dt__11dEvt_info_cFv
8020D990:__dt__11dMeterMap_cFv
801940D4:__dt__11dMeterSub_cFv
8003A280:__dt__11dRes_info_cFv
8014E89C:__dt__11daBaseNpc_cFv
80261F24:__dt__11dkWpillar_cFv
80018AE0:__dt__11fapGm_HIO_cFv
80056F8C:__dt__12EF_ODOUR_EFFFv
8030A410:__dt__12J2DAnmLoaderFv
802EB2E4:__dt__12J2DIndTexMtxFv
8030393C:__dt__12J2DPictureExFv
802EB998:__dt__12J2DTevBlock1Fv
802EC6C8:__dt__12J2DTevBlock2Fv
802ED9E4:__dt__12J2DTevBlock4Fv
802EEE8C:__dt__12J2DTevBlock8Fv
8030751C:__dt__12J2DTextBoxExFv
80339800:__dt__12J3DAnmLoaderFv
8000F9D8:__dt__12J3DFrameCtrlFv
8000E064:__dt__12J3DIndTexMtxFv
80325D24:__dt__12J3DJointTreeFv
803129A4:__dt__12J3DMatPacketFv
8032617C:__dt__12J3DModelDataFv
803283B4:__dt__12J3DMtxBufferFv
80314B00:__dt__12J3DShapeDrawFv
803228F4:__dt__12J3DTevBlock1Fv
80322714:__dt__12J3DTevBlock2Fv
80322350:__dt__12J3DTevBlock4Fv
8003B264:__dt__12J3DTexMtxAnmFv
802A2D50:__dt__12JAISoundInfoFv
80297F0C:__dt__12JASBasicBankFv
8029807C:__dt__12JASBasicInstFv
80293CAC:__dt__12JASSeqParserFv
80297FAC:__dt__12JASVoiceBankFv
802DAF5C:__dt__12JKRADCommandFv
802D3A5C:__dt__12JKRAMCommandFv
802D3378:__dt__12JKRAramBlockFv
802D4958:__dt__12JKRArcFinderFv
802D47F4:__dt__12JKRDvdFinderFv
802D4C70:__dt__12JKRFileCacheFv
802D0B8C:__dt__12JKRSolidHeapFv
8027D3AC:__dt__12JPAFieldBaseFv
8027D450:__dt__12JPAFieldDragFv
8027D3F4:__dt__12JPAFieldSpinFv
802DD208:__dt__12JUTCacheFontFv
802E40EC:__dt__12JUTExceptionFv
802DEC34:__dt__12JUTGraphFifoFv
802AEB34:__dt__12Z2MultiSeMgrFv
80007888:__dt__12Z2MultiSeObjFv
80085450:__dt__12cCcD_CpsAttrFv
800854E0:__dt__12cCcD_CylAttrFv
80083CE8:__dt__12cCcD_GObjInfFv
8008721C:__dt__12cCcD_SphAttrFv
80264938:__dt__12cCcD_TriAttrFv
80070774:__dt__12dAttention_cFv
80077414:__dt__12dBgS_AcchCirFv
800D0C6C:__dt__12dBgS_ObjAcchFv
80079090:__dt__12dBgS_RoofChkFv
800840E4:__dt__12dCcD_GObjInfFv
80030A74:__dt__12dCcMassS_MngFv
800300F4:__dt__12dCcMassS_ObjFv
8005648C:__dt__12dDlst_list_cFv
80030154:__dt__12dEvt_order_cFv
801924A0:__dt__12dFile_info_cFv
801BCDF4:__dt__12dMenu_Dmap_cFv
801C6AC8:__dt__12dMenu_Fmap_cFv
801EA708:__dt__12dMenu_Ring_cFv
8019C314:__dt__12dMenu_save_cFv
80249D28:__dt__12dMsgString_cFv
8025C6FC:__dt__12dSvBit_HIO_cFv
80140C10:__dt__12daAlinkHIO_cFv
80225BF4:__dt__13COutFontSet_cFv
8025546C:__dt__13CPaneMgrAlphaFv
8019F478:__dt__13DUNGEON_LIGHTFv
802EB0F4:__dt__13J2DColorBlockFv
8000B118:__dt__13J2DOrthoGraphFv
802F030C:__dt__13J2DTevBlock16Fv
8032C0B8:__dt__13J3DAnmClusterFv
80317138:__dt__13J3DColorBlockFv
80325008:__dt__13J3DDrawBufferFv
803127B0:__dt__13J3DDrawPacketFv
80323334:__dt__13J3DPEBlockOpaFv
80323264:__dt__13J3DPEBlockXluFv
80326134:__dt__13J3DShapeTableFv
8032E1B0:__dt__13J3DSkinDeformFv
80321F84:__dt__13J3DTevBlock16Fv
802A17BC:__dt__13JAISeqDataMgrFv
8028F724:__dt__13JASTaskThreadFv
80298BD0:__dt__13JASWaveHandleFv
802D3C08:__dt__13JKRAramStreamFv
802D1300:__dt__13JKRAssertHeapFv
802D7C98:__dt__13JKRDvdArchiveFv
802D4910:__dt__13JKRFileFinderFv
802D4148:__dt__13JKRFileLoaderFv
802D6B24:__dt__13JKRMemArchiveFv
802E881C:__dt__13JUTDirectFileFv
802680B0:__dt__13cBgS_PolyInfoFv
80267FD0:__dt__13cBgS_ShdwDrawFv
80079238:__dt__13cBgW_NodeTreeFv
80140F30:__dt__13dBgS_LinkAcchFv
8002FD74:__dt__13dComIfG_inf_cFv
80038098:__dt__13dDemo_actor_cFv
80039468:__dt__13dDemo_light_cFv
801F7348:__dt__13dMenu_Skill_cFv
802102F8:__dt__13dMeter2Draw_cFv
8021BE20:__dt__13dMeter2Info_cFv
801974E4:__dt__13dShopSystem_cFv
80157964:__dt__13daNpcCd_HIO_cFv
800306A0:__dt__13mDoExt_bckAnmFv
800306F4:__dt__13mDoExt_bpkAnmFv
80030748:__dt__13mDoExt_brkAnmFv
8003079C:__dt__13mDoExt_btkAnmFv
8000FAE8:__dt__13mDoExt_morf_cFv
80239BE0:__dt__14J2DAnmColorKeyFv
8030A358:__dt__14J2DAnmVtxColorFv
802E95D4:__dt__14J2DGrafContextFv
802EB620:__dt__14J2DTexGenBlockFv
8032BE2C:__dt__14J3DAnmColorKeyFv
8032BC50:__dt__14J3DAnmVtxColorFv
803115F4:__dt__14J3DDrawMtxDataFv
8003B2B8:__dt__14J3DMatColorAnmFv
800A4820:__dt__14J3DMaterialAnmFv
80336450:__dt__14J3DModelLoaderFv
80321A70:__dt__14J3DPEBlockFullFv
803329B0:__dt__14J3DPEBlockNullFv
80312B74:__dt__14J3DShapePacketFv
8003B1A4:__dt__14J3DTevColorAnmFv
803171DC:__dt__14J3DTexGenBlockFv
802A1774:__dt__14JAISeqDataUserFv
80007838:__dt__14JAISoundHandleFv
8029D028:__dt__14JASAudioThreadFv
802A6278:__dt__14JAUSectionHeapFv
802D7168:__dt__14JKRAramArchiveFv
802D887C:__dt__14JKRCompArchiveFv
8027E5EC:__dt__14JPABaseEmitterFv
8027D61C:__dt__14JPAFieldMagnetFv
8027D5C0:__dt__14JPAFieldNewtonFv
8027D4AC:__dt__14JPAFieldRandomFv
8027D564:__dt__14JPAFieldVortexFv
802DC23C:__dt__14JSUInputStreamFv
80054A6C:__dt__14ShdwDrawPoly_cFv
802C3500:__dt__14Z2CreatureLinkFv
802C5114:__dt__14Z2CreatureRideFv
802C5F28:__dt__14Z2EnvSeAutoPanFv
802AB0B4:__dt__14Z2SoundHandlesFv
802BDF48:__dt__14Z2SoundObjBaseFv
802AAFF0:__dt__14Z2SoundStarterFv
80083EC8:__dt__14cCcD_ObjHitInfFv
8008556C:__dt__14cCcD_ShapeAttrFv
801828D4:__dt__14d2DBSplinePathFv
80077988:__dt__14dBgS_CamGndChkFv
80077E00:__dt__14dBgS_CamLinChkFv
80165E74:__dt__14dBgS_CamSphChkFv
8001E020:__dt__14dBgS_ObjGndChkFv
80077FB8:__dt__14dBgS_ObjLinChkFv
80078C78:__dt__14dBgS_SplGrpChkFv
80192F98:__dt__14dBrightCheck_cFv
8002FDE8:__dt__14dComIfG_play_cFv
80039FFC:__dt__14dDemo_camera_cFv
80038F70:__dt__14dDemo_object_cFv
80039AAC:__dt__14dDemo_system_cFv
8025115C:__dt__14dDlst_NameIN_cFv
800301CC:__dt__14dDlst_window_cFv
8018375C:__dt__14dFile_select_cFv
801BA0BC:__dt__14dMenu_DmapBg_cFv
801D82F4:__dt__14dMenu_Insect_cFv
801DCF34:__dt__14dMenu_Letter_cFv
801E2014:__dt__14dMenu_Option_cFv
80201370:__dt__14dMeterButton_cFv
8020AEF0:__dt__14dMeterHaihai_cFv
8020EDF4:__dt__14dMeterString_cFv
8023C124:__dt__14dMsgScrnBase_cFv
8023C928:__dt__14dMsgScrnBoss_cFv
80241784:__dt__14dMsgScrnHowl_cFv
8023F51C:__dt__14dMsgScrnItem_cFv
80247A90:__dt__14dMsgScrnTalk_cFv
80248F14:__dt__14dMsgScrnTree_cFv
8003BFB0:__dt__14dRes_control_cFv
800CFD58:__dt__14daAlink_blur_cFv
8015A860:__dt__14daNpcCd2_HIO_cFv
8015E450:__dt__14daObj_SSBase_cFv
8015ED50:__dt__14daPy_anmHeap_cFv
8000FD10:__dt__14mDoExt_McaMorfFv
8015791C:__dt__14mDoHIO_entry_cFv
8000D070:__dt__14mDoMtx_stack_cFv
8030CCF8:__dt__15J2DAnmColorFullFv
801841EC:__dt__15J2DAnmTevRegKeyFv
80184370:__dt__15J2DAnmTransformFv
802F1C7C:__dt__15J2DIndBlockFullFv
802EB1F0:__dt__15J2DIndBlockNullFv
8032BEB8:__dt__15J3DAnmColorFullFv
8032BD9C:__dt__15J3DAnmTevRegKeyFv
8003B93C:__dt__15J3DAnmTransformFv
803234A0:__dt__15J3DIndBlockFullFv
803173B0:__dt__15J3DIndBlockNullFv
80332A44:__dt__15J3DTevBlockNullFv
8003B150:__dt__15J3DTevKColorAnmFv
80322E04:__dt__15J3DTexGenBlock4Fv
80311030:__dt__15J3DVertexBufferFv
802A2F88:__dt__15JAISoundStarterFv
8029D0FC:__dt__15JASAudioReseterFv
802D1E4C:__dt__15JKRThreadSwitchFv
8027D6D4:__dt__15JPAFieldGravityFv
800CFC7C:__dt__15LIGHT_INFLUENCEFv
8019F4B8:__dt__15WIND_INF_ENTITYFv
802CBCEC:__dt__15Z2SpeechStarterFv
80077C20:__dt__15cBgS_GrpPassChkFv
80030DE0:__dt__15cCcD_DivideAreaFv
80030ECC:__dt__15cCcD_DivideInfoFv
80073FC4:__dt__15dAttDrawParam_cFv
80078160:__dt__15dBgS_BombLinChkFv
80077BC4:__dt__15dBgS_GrpPassChkFv
80140EB8:__dt__15dBgS_LinkGndChkFv
8007808C:__dt__15dBgS_LinkLinChkFv
8001DFA8:__dt__15dBgS_ObjRoofChkFv
800783E8:__dt__15dBgS_RopeLinChkFv
800394C8:__dt__15dDemo_ambient_cFv
8019135C:__dt__15dDlst_FileSel_cFv
80191C18:__dt__15dFile_warning_cFv
801AE974:__dt__15dKantera_icon_cFv
801B795C:__dt__15dMenu_Collect_cFv
801C04AC:__dt__15dMenu_DmapMap_cFv
801C4D98:__dt__15dMenu_Fishing_cFv
801CED38:__dt__15dMenu_FmapMap_cFv
8020C384:__dt__15dMeterHakusha_cFv
8023BC78:__dt__15dMsgScrnArrow_cFv
80245B00:__dt__15dMsgScrnLight_cFv
802467C4:__dt__15dMsgScrnPlace_cFv
80246DD8:__dt__15dMsgScrnStaff_cFv
80252E8C:__dt__15dOvlpFd2_dlst_cFv
802538E8:__dt__15dOvlpFd3_dlst_cFv
8002AC74:__dt__15dRenderingMap_cFv
80196958:__dt__15dShopItemCtrl_cFv
80048D80:__dt__15dSmplMdl_draw_cFv
800CFDF4:__dt__15daAlink_sight_cFv
80155ED0:__dt__15daNpcF_MatAnm_cFv
8014D150:__dt__15daNpcT_JntAnm_cFv
8014D24C:__dt__15daNpcT_MatAnm_cFv
800113FC:__dt__15mDoExt_McaMorf2Fv
8002ADB0:__dt__15renderingAmap_cFv
801C0380:__dt__15renderingDmap_cFv
801CF4D0:__dt__15renderingFmap_cFv
8030CB90:__dt__16J2DAnmTexPatternFv
8032C044:__dt__16J3DAnmClusterKeyFv
8032BD20:__dt__16J3DAnmTexPatternFv
803345FC:__dt__16J3DClusterLoaderFv
8032F604:__dt__16J3DMaterialTableFv
80321BC4:__dt__16J3DPEBlockFogOffFv
803146B0:__dt__16J3DShapeMtxMultiFv
800078DC:__dt__16JAISeCategoryMgrFv
802A3B20:__dt__16JAIStreamAramMgrFv
802A3AD8:__dt__16JAIStreamDataMgrFv
80298558:__dt__16JASBasicWaveBankFv
802DBDC0:__dt__16JKRDecompCommandFv
802A9B58:__dt__16Z2AudioArcLoaderFv
8015BA3C:__dt__16Z2SoundObjSimpleFv
80078FAC:__dt__16cBgS_PolyPassChkFv
80078240:__dt__16dBgS_ArrowLinChkFv
800784BC:__dt__16dBgS_HorseLinChkFv
80140E40:__dt__16dBgS_LinkRoofChkFv
80078DB0:__dt__16dBgS_PolyPassChkFv
80039F9C:__dt__16dDemo_particle_cFv
80192EC8:__dt__16dDlst_FileInfo_cFv
801923CC:__dt__16dDlst_FileWarn_cFv
801F6B44:__dt__16dDlst_MenuSave_cFv
80190380:__dt__16dFile_select3D_cFv
801C27B4:__dt__16dMenuMapCommon_cFv
80201128:__dt__16dMeter_drawHIO_cFv
80200BCC:__dt__16dMeter_fmapHIO_cFv
8020123C:__dt__16dMeter_menuHIO_cFv
802010E0:__dt__16dMeter_ringHIO_cFv
80238BDC:__dt__16dMsgObject_HIO_cFv
80244A74:__dt__16dMsgScrnJimaku_cFv
8024534C:__dt__16dMsgScrnKanban_cFv
80249528:__dt__16dMsgStringBase_cFv
80252094:__dt__16dNpcLib_lookat_cFv
8004B024:__dt__16dPa_simpleData_cFv
801949EC:__dt__16dSelect_cursor_cFv
80140BD4:__dt__16daAlinkHIO_cut_cFv
800D0B8C:__dt__16daAlink_matAnm_cFv
801503FC:__dt__16daBaseNpc_path_cFv
8014CBAC:__dt__16daNpcT_Hermite_cFv
80140D24:__dt__16daPy_frameCtrl_cFv
80010888:__dt__16mDoExt_McaMorfSOFv
8002B150:__dt__16renderingDAmap_cFv
80255CAC:__dt__17CPaneMgrAlphaMorfFv
8030CC20:__dt__17J2DAnmVtxColorKeyFv
8032C124:__dt__17J3DAnmClusterFullFv
8032BF50:__dt__17J3DAnmVtxColorKeyFv
80332B38:__dt__17J3DColorBlockNullFv
8000D8EC:__dt__17J3DMtxCalcAnmBaseFv
803232CC:__dt__17J3DPEBlockTexEdgeFv
80290860:__dt__17JASGenericMemPoolFv
80298CF4:__dt__17JASSimpleWaveBankFv
802A49FC:__dt__17JAUAudioArcLoaderFv
802D1EFC:__dt__17JSUList<7JKRTask>Fv
802C0C6C:__dt__17Z2CreatureCitizenFv
8019117C:__dt__17dDlst_FileSel3m_cFv
8019126C:__dt__17dDlst_FileSelCp_cFv
801912E4:__dt__17dDlst_FileSelDt_cFv
801911F4:__dt__17dDlst_FileSelYn_cFv
80056270:__dt__17dDlst_shadowTri_cFv
801AFE34:__dt__17dMenu_Collect2D_cFv
801B6538:__dt__17dMenu_Collect3D_cFv
801D6700:__dt__17dMenu_Fmap2DTop_cFv
802398CC:__dt__17dMsgScrn3Select_cFv
8023D538:__dt__17dMsgScrnExplain_cFv
8004FECC:__dt__17dPa_wbPcallBack_cFv
8004FF2C:__dt__17dPa_windPcallBackFv
80259294:__dt__17dScnName_camera_cFv
8025AD04:__dt__17dScnPly_env_HIO_cFv
8025AD78:__dt__17dScnPly_reg_HIO_cFv
80140B98:__dt__17daAlinkHIO_wolf_cFv
80157810:__dt__17daNpcCd_HIO_Jnt_cFv
80039B0C:__dt__17jmessage_tControlFv
80007368:__dt__17mDoAud_zelAudio_cFv
801959C0:__dt__18J2DAnmTransformKeyFv
8030CC8C:__dt__18J2DAnmVtxColorFullFv
8003B8D0:__dt__18J3DAnmTransformKeyFv
8032BFC4:__dt__18J3DAnmVtxColorFullFv
803363F4:__dt__18J3DModelLoader_v21Fv
80336398:__dt__18J3DModelLoader_v26Fv
80322C10:__dt__18J3DTevBlockPatchedFv
80332AD0:__dt__18J3DTexGenBlockNullFv
8029FC34:__dt__18JASMemPool<5JAISe>Fv
8027E6A4:__dt__18JPAEmitterCallBackFv
8027D508:__dt__18JPAFieldConvectionFv
802DADD8:__dt__18JSUFileInputStreamFv
80273724:__dt__18JSUList<8JFWAlarm>Fv
802C3464:__dt__18Z2LinkSoundStarterFv
802C5078:__dt__18Z2RideSoundStarterFv
8008409C:__dt__18cCcD_ObjCommonBaseFv
80077A98:__dt__18dBgS_CamGndChk_WtrFv
800778E8:__dt__18dBgS_ObjGndChk_AllFv
80077848:__dt__18dBgS_ObjGndChk_SplFv
80077710:__dt__18dBgS_ObjGndChk_WtrFv
800561F8:__dt__18dDlst_shadowReal_cFv
80057D08:__dt__18dKankyo_mud_PacketFv
80058128:__dt__18dKankyo_sun_PacketFv
801CFCDC:__dt__18dMenu_Fmap2DBack_cFv
80201098:__dt__18dMeter_cursorHIO_cFv
8004FB18:__dt__18dPa_levelEcallBackFv
80050378:__dt__18dPa_modelEcallBackFv
80050038:__dt__18dPa_modelPcallBackFv
8002ABF8:__dt__18dRenderingFDAmap_cFv
801ADBBC:__dt__18dScnKy_env_light_cFv
800CFCB8:__dt__18daAlink_footData_cFv
80150524:__dt__18daBaseNpc_acMngr_cFv
801502EC:__dt__18daBaseNpc_lookat_cFv
80150444:__dt__18daBaseNpc_matAnm_cFv
8015A6E8:__dt__18daNpcCd2_HIO_Jnt_cFv
80155E40:__dt__18daNpcF_ActorMngr_cFv
8014D108:__dt__18daNpcT_ActorMngr_cFv
80140CDC:__dt__18daPy_sightPacket_cFv
801578C0:__dt__18fOpAcm_HIO_entry_cFv
8003C784:__dt__18mDoExt_transAnmBasFv
8000D034:__dt__18mDoMtx_quatStack_cFv
803092AC:__dt__19J2DAnmKeyLoader_v15Fv
80184274:__dt__19J2DAnmTextureSRTKeyFv
8030CDAC:__dt__19J2DAnmTransformFullFv
802EB290:__dt__19J2DIndTexCoordScaleFv
803384FC:__dt__19J3DAnmKeyLoader_v15Fv
8032C198:__dt__19J3DAnmTextureSRTKeyFv
8032C2AC:__dt__19J3DAnmTransformFullFv
8000E024:__dt__19J3DIndTexCoordScaleFv
8000FA8C:__dt__19J3DMtxCalcNoAnmBaseFv
80322CC8:__dt__19J3DTexGenBlockBasicFv
802934B4:__dt__19JASDefaultBankTableFv
802A1AF4:__dt__19JASMemPool<6JAISeq>Fv
8027EFA4:__dt__19JPAParticleCallBackFv
802D1F50:__dt__19JSUList<9JKRThread>Fv
8002F328:__dt__19dComIfG_resLoader_cFv
80193648:__dt__19dDlst_BrightCheck_cFv
801AED1C:__dt__19dDlst_KanteraIcon_cFv
80057C84:__dt__19dKankyo_evil_PacketFv
80058020:__dt__19dKankyo_rain_PacketFv
80057F9C:__dt__19dKankyo_snow_PacketFv
80057F18:__dt__19dKankyo_star_PacketFv
801AED64:__dt__19dMenu_Calibration_cFv
801BD144:__dt__19dMenu_DmapMapCtrl_cFv
801DAFF0:__dt__19dMenu_ItemExplain_cFv
80201028:__dt__19dMeter_mapIconHIO_cFv
80246348:__dt__19dMsgScrnLight_HIO_cFv
80050200:__dt__19dPa_followEcallBackFv
8004FE6C:__dt__19dPa_fsenthPcallBackFv
8005015C:__dt__19dPa_light8EcallBackFv
8004FE0C:__dt__19dPa_light8PcallBackFv
8004FC08:__dt__19dPa_simpleEcallBackFv
80195978:__dt__19dSelect_cursorHIO_cFv
80028418:__dt__19dStage_KeepDoorInfoFv
80028360:__dt__19dStage_roomStatus_cFv
801577A0:__dt__19daNpcCd_HIO_Child_cFv
80228CB4:__dt__19jmessage_tReferenceFv
800158FC:__dt__19mDoDvdThd_command_cFv
80140DF0:__dt__19mDoExt_AnmRatioPackFv
8000E5F8:__dt__19mDoExt_invJntPacketFv
8002B0B4:__dt__19renderingPlusDoor_cFv
800188E4:__dt__20DynamicModuleControlFv
80309D04:__dt__20J2DAnmFullLoader_v15Fv
8030A3B4:__dt__20J2DAnmVisibilityFullFv
80338484:__dt__20J3DAnmFullLoader_v15Fv
8033979C:__dt__20J3DAnmVisibilityFullFv
803341E8:__dt__20J3DClusterLoader_v15Fv
80323018:__dt__20J3DColorBlockLightOnFv
802552B8:__dt__20JSUMemoryInputStreamFv
80255328:__dt__20JSURandomInputStreamFv
80078314:__dt__20dBgS_BoomerangLinChkFv
801FE2E8:__dt__20dDlst_MENU_CAPTURE_cFv
80057E10:__dt__20dKankyo_cloud_PacketFv
80057E94:__dt__20dKankyo_housi_PacketFv
80057D8C:__dt__20dKankyo_odour_PacketFv
801B7EB8:__dt__20dMenu_Collect2DTop_cFv
801C042C:__dt__20dMenu_StageMapCtrl_cFv
80238B94:__dt__20dMsgObject_HowlHIO_cFv
800CFE68:__dt__20daAlink_lockCursor_cFv
80155B54:__dt__20daNpcF_MoveBgActor_cFv
80015BB8:__dt__20mDoDvdThd_callback_cFv
803170DC:__dt__21J3DColorBlockLightOffFv
80314730:__dt__21J3DShapeMtxConcatViewFv
80317180:__dt__21J3DTexGenBlockPatchedFv
802D9B44:__dt__21JSUList<10JKRDvdFile>Fv
802E1D08:__dt__21JSUList<10JUTGamePad>Fv
802BE5FC:__dt__21Z2DopplerSoundObjBaseFv
80077EE4:__dt__21dBgS_CamLinChk_NorWtrFv
80261394:__dt__21dDlst_TimerScrnDraw_cFv
8005820C:__dt__21dKankyo_vrkumo_PacketFv
80200E30:__dt__21dMeter_drawSkillHIO_cFv
800502E4:__dt__21dPa_setColorEcallBackFv
8025ADC0:__dt__21dScnPly_preLoad_HIO_cFv
8025C8D4:__dt__21dSvBit_childItemHIO_cFv
8015A798:__dt__21daNpcCd2_HIO_MChild_cFv
8015A678:__dt__21daNpcCd2_HIO_WChild_cFv
8001645C:__dt__21mDoDvdThd_toMainRam_cFv
8002847C:__dt__21stage_tgsc_data_classFv
803230EC:__dt__22J3DColorBlockAmbientOnFv
802A3E68:__dt__22JASMemPool<9JAIStream>Fv
802BD288:__dt__22JASMemPool<9Z2Audible>Fv
802A4260:__dt__22JAUAudioArcInterpreterFv
80083CA0:__dt__22dCcD_GAtTgCoCommonBaseFv
800580A4:__dt__22dKankyo_sunlenz_PacketFv
80200EC0:__dt__22dMeter_drawInsectHIO_cFv
80200F50:__dt__22dMeter_drawLetterHIO_cFv
80200F98:__dt__22dMeter_drawOptionHIO_cFv
8004FCC8:__dt__22dPa_hermiteEcallBack_cFv
8004FF8C:__dt__22dPa_selectTexEcallBackFv
8025ABC4:__dt__22dScnPly_env_debugHIO_cFv
8025AC0C:__dt__22dScnPly_env_otherHIO_cFv
8025C29C:__dt__22dSvBit_childOtherHIO_cFv
8014D0C0:__dt__22daNpcT_MotionSeqMngr_cFv
8003EB70:__dt__22fmpTresTypeGroupData_cFv
802DB62C:__dt__23JSUList<12JKRADCommand>Fv
802D2DF0:__dt__23JSUList<12JKRAMCommand>Fv
802D32B0:__dt__23JSUList<12JKRAramBlock>Fv
802DA820:__dt__23JSUList<12JKRDMCommand>Fv
801F6B8C:__dt__23dDlst_MenuSaveExplain_cFv
80200FE0:__dt__23dMeter_drawCollectHIO_cFv
80200F08:__dt__23dMeter_drawFishingHIO_cFv
8025C404:__dt__23dSvBit_childItZoneHIO_cFv
8025C524:__dt__23dSvBit_childSwZoneHIO_cFv
8025C970:__dt__23dSvBit_childSwitchHIO_cFv
80155FB0:__dt__23daBaseNpc_moveBgActor_cFv
802621CC:__dt__24DynamicModuleControlBaseFv
802CD7F8:__dt__24JAUStreamAramMgrBase_<1>Fv
80018328:__dt__24JPTraceParticleCallBack4Fv
802D45E4:__dt__24JSUList<13JKRFileLoader>Fv
8019BBFC:__dt__24dDlst_GameOverScrnDraw_cFv
8019C2CC:__dt__24dDlst_Gameover_CAPTURE_cFv
80200DE8:__dt__24dMeter_drawMiniGameHIO_cFv
802328DC:__dt__24jmessage_string_tControlFv
80015D44:__dt__24mDoDvdThd_mountArchive_cFv
8027E598:__dt__25JSUList<14JPABaseEmitter>Fv
80030208:__dt__25dComIfG_camera_info_classFv
80200DA0:__dt__25dMeter_drawEmpButtonHIO_cFv
80200D58:__dt__25dMeter_drawLightDropHIO_cFv
800500B8:__dt__25dPa_gen_b_light8EcallBackFv
8004FDAC:__dt__25dPa_gen_b_light8PcallBackFv
800503FC:__dt__25dPa_gen_d_light8EcallBackFv
8004FD4C:__dt__25dPa_gen_d_light8PcallBackFv
8025C32C:__dt__25dSvBit_childDarknessHIO_cFv
8025C874:__dt__25dSvBit_childTreasureHIO_cFv
80016108:__dt__25mDoDvdThd_mountXArchive_cFv
80014F3C:__dt__25mDoExt_MtxCalcAnmBlendTblFv
8031461C:__dt__26J3DShapeMtxMultiConcatViewFv
802CDB68:__dt__26JAUStreamStaticAramMgr_<1>Fv
8027E54C:__dt__26JPANode<15JPABaseParticle>Fv
80361E5C:__dt__26__partial_array_destructorFv
8025C44C:__dt__26dSvBit_childItDungeonHIO_cFv
8025C3BC:__dt__26dSvBit_childItOneZoneHIO_cFv
8025C56C:__dt__26dSvBit_childSwDungeonHIO_cFv
8025C4DC:__dt__26dSvBit_childSwOneZoneHIO_cFv
8025C2E4:__dt__26dSvBit_childTransformHIO_cFv
8003EB10:__dt__26fmpTresTypeGroupDataList_cFv
8022F94C:__dt__26jmessage_string_tReferenceFv
8022B5F4:__dt__26jmessage_tMeasureProcessorFv
80014E20:__dt__26mDoExt_3DlineMatSortPacketFv
8032C228:__dt__27J3DAnmTransformFullWithLerpFv
803145A4:__dt__27J3DShapeMtxBBoardConcatViewFv
802A1268:__dt__27JASMemPool<13JAISoundChild>Fv
802A6894:__dt__27JAUSeqDataMgr_SeqCollectionFv
80200E78:__dt__27dMeter_drawCalibrationHIO_cFv
8023299C:__dt__27jmessage_tSequenceProcessorFv
80314520:__dt__28J3DShapeMtxYBBoardConcatViewFv
8002ACE0:__dt__28dDrawPathWithNormalPattern_cFv
8004FC68:__dt__28dPa_particleTracePcallBack_cFv
8023293C:__dt__28jmessage_tRenderingProcessorFv
80014EB0:__dt__28mDoExt_MtxCalcAnmBlendTblOldFv
8002B008:__dt__28renderingPlusDoorAndCursor_cFv
800CFCF8:__dt__29dAlink_bottleWaterPcallBack_cFv
8025C494:__dt__29dSvBit_childItPerfectionHIO_cFv
8025C5B4:__dt__29dSvBit_childSwPerfectionHIO_cFv
8025C374:__dt__29dSvBit_childTbPerfectionHIO_cFv
802E1C54:__dt__30JSUList<19JUTGamePadLongPress>Fv
802AB200:__dt__31JASMemPool<17Z2SoundHandlePool>Fv
802A74E8:__dt__32JAUStreamDataMgr_StreamFileTableFv
80230A5C:__dt__33jmessage_string_tMeasureProcessorFv
80232858:__dt__34jmessage_string_tSequenceProcessorFv
802932E0:__dt__35JASMemPool_MultiThreaded<8JASTrack>Fv
802327F8:__dt__35jmessage_string_tRenderingProcessorFv
802978DC:__dt__38JASMemPool_MultiThreaded<10JASChannel>Fv
802E4194:__dt__39JSUList<Q212JUTException12JUTExMapFile>Fv
80030CCC:__dt__4cBgSFv
8007933C:__dt__4cBgWFv
80030BDC:__dt__4cCcSFv
80009184:__dt__4cXyzFv
80030C50:__dt__4dBgSFv
8007E548:__dt__4dBgWFv
8002FF40:__dt__4dCcSFv
80293334:__dt__50JASMemPool_MultiThreaded<Q28JASTrack11TChannelMgr>Fv
80018BD0:__dt__5csXyzFv
8001E098:__dt__5l_HIOFv
802E5308:__dt__6JUTXfbFv
80074080:__dt__6dBgPlcFv
800835DC:__dt__6dBgWSvFv
8002AF20:__dt__6dMap_cFv
8009C808:__dt__6dMdl_cFv
8000FA20:__dt__73J3DMtxCalcNoAnm<27J3DMtxCalcCalcTransformMaya,24J3DMtxCalcJ3DSysInitMaya>Fv
80336594:__dt__75J3DMtxCalcNoAnm<28J3DMtxCalcCalcTransformBasic,25J3DMtxCalcJ3DSysInitBasic>Fv
802F658C:__dt__7J2DPaneFv
80297EC4:__dt__7JASBankFv
80290B54:__dt__7JASHeapFv
8029828C:__dt__7JASInstFv
802D214C:__dt__7JKRAramFv
802D7B90:__dt__7JKRFileFv
802CE264:__dt__7JKRHeapFv
8001494C:__dt__7JUTFontFv
800882E0:__dt__7cDegreeFv
80030510:__dt__7cSAngleFv
8007167C:__dt__7cSGlobeFv
8024E468:__dt__7dName_cFv
803364B8:__dt__83J3DMtxCalcNoAnm<32J3DMtxCalcCalcTransformSoftimage,29J3DMtxCalcJ3DSysInitSoftimage>Fv
80253A18:__dt__8CPaneMgrFv
802F4420:__dt__8J2DPrintFv
80328350:__dt__8J3DModelFv
802A08FC:__dt__8JAISeMgrFv
8029131C:__dt__8JASTrackFv
802E5840:__dt__8JUTFaderFv
802E4DE8:__dt__8JUTVideoFv
80056CD0:__dt__8RAIN_EFFFv
80056D58:__dt__8SNOW_EFFFv
80056DC8:__dt__8STAR_EFFFv
80267B70:__dt__8cBgS_ChkFv
80083DE0:__dt__8cCcD_ObjFv
8026EED0:__dt__8cM2dGCirFv
80030E84:__dt__8cM3dGAabFv
8026EF18:__dt__8cM3dGCirFv
8026EFA4:__dt__8cM3dGCpsFv
80030E3C:__dt__8cM3dGCylFv
80036A5C:__dt__8cM3dGLinFv
8001DB90:__dt__8cM3dGPlaFv
80036AA4:__dt__8cM3dGSphFv
8007A344:__dt__8cM3dGTriFv
800774E8:__dt__8dBgS_ChkFv
8007E74C:__dt__8dBgWKColFv
8008506C:__dt__8dCcD_CpsFv
80084D60:__dt__8dCcD_CylFv
80084BF4:__dt__8dCcD_SphFv
80084EF4:__dt__8dCcD_TriFv
80140C80:__dt__8dEyeHL_cFv
8019396C:__dt__8dScope_cFv
80155BF4:__dt__8daNpcF_cFv
8014CD20:__dt__8daNpcT_cFv
80056E38:__dt__9CLOUD_EFFFv
80056EA8:__dt__9HOUSI_EFFFv
802F8540:__dt__9J2DScreenFv
802FA880:__dt__9J2DWindowFv
8000E680:__dt__9J3DPacketFv
802A20F0:__dt__9JAISeqMgrFv
802DB730:__dt__9JKRDecompFv
802D1758:__dt__9JKRThreadFv
802BD510:__dt__9Z2AudibleFv
8007E5F8:__dt__9cBgW_BgIdFv
801410A4:__dt__9cCcD_SttsFv
80075F94:__dt__9dBgS_AcchFv
8007E640:__dt__9dBgW_BaseFv
80160304:__dt__9dCamera_cFv
800851AC:__dt__9dCcD_SttsFv
800889B0:__dt__9dCstick_cFv
801913E0:__dt__9dFs_HIO_cFv
801CDA2C:__dt__9dMf_HIO_cFv
801F6BD4:__dt__9dMs_HIO_cFv
801F9EE0:__dt__9dMw_HIO_cFv
802511A4:__dt__9dNm_HIO_cFv
80195C1C:__dt__9dSi_HIO_cFv
802592DC:__dt__9dSn_HIO_cFv
800CD7AC:__dt__9daAlink_cFv
80261640:__dt__9dkWmark_cFv
802911D0:__dt__Q210JASPortCmd9TPortHeadFv
80298250:__dt__Q212JASBasicInst7TKeymapFv
8028C610:__dt__Q214JStudio_JStage12TAdaptor_fogFv
80289B00:__dt__Q214JStudio_JStage13TCreateObjectFv
8028A6B4:__dt__Q214JStudio_JStage14TAdaptor_actorFv
8028CBF4:__dt__Q214JStudio_JStage14TAdaptor_lightFv
8028B960:__dt__Q214JStudio_JStage15TAdaptor_cameraFv
8028B6AC:__dt__Q214JStudio_JStage21TAdaptor_ambientLightFv
8028CAC0:__dt__Q214JStudio_JStage77TVariableValueOutput_object_<Q214JStudio_JStage12TAdaptor_fog,Q26JStage4TFog>Fv
8028B580:__dt__Q214JStudio_JStage81TVariableValueOutput_object_<Q214JStudio_JStage14TAdaptor_actor,Q26JStage6TActor>Fv
8028C4E4:__dt__Q214JStudio_JStage83TVariableValueOutput_object_<Q214JStudio_JStage15TAdaptor_camera,Q26JStage7TCamera>Fv
80167BBC:__dt__Q214cCcD_ShapeAttr5ShapeFv
8028D550:__dt__Q215JStudio_JAudio213TCreateObjectFv
8028D8F4:__dt__Q215JStudio_JAudio214TAdaptor_soundFv
8030CB3C:__dt__Q216J2DAnmTexPattern27J2DAnmTexPatternTIMGPointerFv
80298A0C:__dt__Q216JASBasicWaveBank10TWaveGroupFv
802985E4:__dt__Q216JASBasicWaveBank11TWaveHandleFv
80298D84:__dt__Q217JASSimpleWaveBank11TWaveHandleFv
8028E3A0:__dt__Q217JStudio_JParticle13TCreateObjectFv
8028E760:__dt__Q217JStudio_JParticle17TAdaptor_particleFv
8004AB88:__dt__Q218dPa_modelEcallBack7model_cFv
80037DE4:__dt__Q220@unnamed@d_demo_cpp@24jstudio_tAdaptor_messageFv
80037E74:__dt__Q220@unnamed@d_demo_cpp@29jstudio_tCreateObject_messageFv
802A6574:__dt__Q228@unnamed@JAUSectionHeap_cpp@14TStreamDataMgrFv
80280B20:__dt__Q26JStage13TAmbientLightFv
80280C80:__dt__Q26JStage4TFogFv
80280A48:__dt__Q26JStage6TActorFv
80280D28:__dt__Q26JStage6TLightFv
80280BA0:__dt__Q26JStage7TCameraFv
80280DD4:__dt__Q26JStage7TObjectFv
80280E90:__dt__Q26JStage7TSystemFv
802DCA1C:__dt__Q27JGadget13TNodeLinkListFv
802DCCFC:__dt__Q27JGadget20TVector_pointer_voidFv
80288084:__dt__Q27JStudio11TObject_fogFv
8028717C:__dt__Q27JStudio12TAdaptor_fogFv
80285488:__dt__Q27JStudio13TCreateObjectFv
802881A4:__dt__Q27JStudio13TObject_actorFv
80288024:__dt__Q27JStudio13TObject_lightFv
80287F04:__dt__Q27JStudio13TObject_soundFv
802868B0:__dt__Q27JStudio14TAdaptor_actorFv
80287308:__dt__Q27JStudio14TAdaptor_lightFv
80287B3C:__dt__Q27JStudio14TAdaptor_soundFv
802816A0:__dt__Q27JStudio14TFunctionValueFv
802880E4:__dt__Q27JStudio14TObject_cameraFv
80286E1C:__dt__Q27JStudio15TAdaptor_cameraFv
80287FC4:__dt__Q27JStudio15TObject_messageFv
802875E0:__dt__Q27JStudio16TAdaptor_messageFv
80287F64:__dt__Q27JStudio16TObject_particleFv
8028770C:__dt__Q27JStudio17TAdaptor_particleFv
80283C84:__dt__Q27JStudio19TFunctionValue_listFv
80288144:__dt__Q27JStudio20TObject_ambientLightFv
80286C9C:__dt__Q27JStudio21TAdaptor_ambientLightFv
80283BC4:__dt__Q27JStudio22TFunctionValue_hermiteFv
80283D44:__dt__Q27JStudio23TFunctionValue_constantFv
80283DA4:__dt__Q27JStudio24TFunctionValue_compositeFv
80283CE4:__dt__Q27JStudio25TFunctionValue_transitionFv
80283C24:__dt__Q27JStudio29TFunctionValue_list_parameterFv
802856A8:__dt__Q27JStudio6TParseFv
802866B0:__dt__Q27JStudio7TObjectFv
80285FD0:__dt__Q27JStudio8TAdaptorFv
802851AC:__dt__Q27JStudio8TControlFv
802854D0:__dt__Q27JStudio8TFactoryFv
80031F28:__dt__Q27daSus_c6data_cFv
8029345C:__dt__Q28JASTrack5TListFv
802A7B48:__dt__Q28JMessage10TProcessorFv
802A7AF8:__dt__Q28JMessage10TReferenceFv
802A83B8:__dt__Q28JMessage18TSequenceProcessorFv
802A8AC0:__dt__Q28JMessage19TRenderingProcessorFv
802A9158:__dt__Q28JMessage6TParseFv
802A758C:__dt__Q28JMessage8TControlFv
8003D740:__dt__Q28dMpath_n18dTexObjAggregate_cFv
80182920:__dt__Q29dCamera_c10dCamInfo_cFv
801602C4:__dt__Q29dCamera_c23@class$3665d_camera_cppFv
80097810:__dt__Q29dCamera_c26@class$3517d_ev_camera_cppFv
800CFC3C:__dt__Q29daAlink_c14firePointEff_cFv
800D0CDC:__dt__Q29daAlink_c14hsChainShape_cFv
8028B138:__dt__Q314JStudio_JStage14TAdaptor_actor26TVVOutput_ANIMATION_FRAME_Fv
8028D258:__dt__Q314JStudio_JStage14TAdaptor_light20TVVOutput_direction_Fv
8028E094:__dt__Q315JStudio_JAudio214TAdaptor_sound13TVVOSetValue_Fv
8028E700:__dt__Q317JStudio_JParticle17TAdaptor_particle21TJPACallback_emitter_Fv
802DC8C8:__dt__Q37JGadget6binary19TParse_header_blockFv
80285F6C:__dt__Q37JStudio14TVariableValue13TOutput_none_Fv
80285E0C:__dt__Q37JStudio14TVariableValue7TOutputFv
8028875C:__dt__Q37JStudio28@unnamed@jstudio_object_cpp@54TOutputVariableValue_BOOL_<Q27JStudio14TAdaptor_actor>Fv
8028869C:__dt__Q37JStudio28@unnamed@jstudio_object_cpp@54TOutputVariableValue_BOOL_<Q27JStudio14TAdaptor_light>Fv
802885DC:__dt__Q37JStudio28@unnamed@jstudio_object_cpp@54TOutputVariableValue_BOOL_<Q27JStudio14TAdaptor_sound>Fv
802886FC:__dt__Q37JStudio28@unnamed@jstudio_object_cpp@55TOutputVariableValue_BOOL_<Q27JStudio15TAdaptor_camera>Fv
8028863C:__dt__Q37JStudio28@unnamed@jstudio_object_cpp@57TOutputVariableValue_BOOL_<Q27JStudio17TAdaptor_particle>Fv
80281554:__dt__Q37JStudio3ctb14TObject_TxyzRyFv
8028137C:__dt__Q37JStudio3ctb6TParseFv
80280F18:__dt__Q37JStudio3ctb7TObjectFv
80280FF4:__dt__Q37JStudio3ctb8TControlFv
80281274:__dt__Q37JStudio3ctb8TFactoryFv
80284DEC:__dt__Q37JStudio3fvb12TObject_listFv
80284CE4:__dt__Q37JStudio3fvb15TObject_hermiteFv
80284EF4:__dt__Q37JStudio3fvb16TObject_constantFv
80284F78:__dt__Q37JStudio3fvb17TObject_compositeFv
80284E70:__dt__Q37JStudio3fvb18TObject_transitionFv
80284D68:__dt__Q37JStudio3fvb22TObject_list_parameterFv
80284AFC:__dt__Q37JStudio3fvb6TParseFv
80283F80:__dt__Q37JStudio3fvb7TObjectFv
80284698:__dt__Q37JStudio3fvb8TControlFv
80284918:__dt__Q37JStudio3fvb8TFactoryFv
80289134:__dt__Q37JStudio3stb15TObject_controlFv
80289660:__dt__Q37JStudio3stb6TParseFv
80288B30:__dt__Q37JStudio3stb7TObjectFv
80289194:__dt__Q37JStudio3stb8TControlFv
802895B4:__dt__Q37JStudio3stb8TFactoryFv
802A8EF8:__dt__Q38JMessage18TResourceContainer10TCResourceFv
80266C18:__dv__4cXyzCFf
80365464:__end_critical_region
8026702C:__eq__4cXyzCFRC3Vec
803D29B0:__files
80003488:__fill_mem
8036283C:__fini_cpp_exceptions
80373984:__fini_cpp_exceptions_reference
80450AEC:__float_epsilon
80450AE4:__float_huge
80450AE8:__float_max
80450AE0:__float_nan
8036300C:__flush_all
803650E0:__flush_buffer
80003424:__flush_cache
8034BE04:__fstLoad
80365494:__fwrite
8000314C:__get_debug_bba
80451988:__global_destructor_chain
80182A8C:__gt__7cSAngleCFRC7cSAngle
80369274:__ieee754_acos
803694B0:__ieee754_asin
803696E8:__ieee754_atan2
80369978:__ieee754_exp
80369B9C:__ieee754_fmod
80369ED8:__ieee754_pow
8036A708:__ieee754_rem_pio2
8036C7A0:__ieee754_sqrt
8045128C:__init__memPool___46JASPoolAllocObject_MultiThreaded<10JASChannel>
80342B98:__init_cpp
80362870:__init_cpp_exceptions
803737C0:__init_cpp_exceptions_reference
80003340:__init_data
80003400:__init_hardware
800032B0:__init_registers
80342B78:__init_user
8036AAA8:__kernel_cos
8036AB9C:__kernel_rem_pio2
8036B9F0:__kernel_sin
8036BA90:__kernel_tan
8036546C:__kill_critical_regions
803D2D18:__lower_map
80182A6C:__lt__7cSAngleCFRC7cSAngle
8045192C:__memReg
803660D8:__memrchr
80266B34:__mi__4cXyzCFRC3Vec
80267490:__mi__5csXyzFR5csXyz
802711A4:__mi__7cSAngleCFRC7cSAngle
80271228:__mi__7cSAngleCFs
80271148:__mi__7cSAngleCFv
80271320:__mi__FsRC7cSAngle
80266BD0:__ml__4cXyzCFRC3Vec
80266B84:__ml__4cXyzCFf
802674E8:__ml__5csXyzFf
80271264:__ml__7cSAngleCFf
80362540:__mod2i
8036245C:__mod2u
8036581C:__msl_strnicmp
8026706C:__ne__4cXyzCFRC3Vec
80363124:__num2dec
803632C8:__num2dec_internal
802CEC4C:__nw__FUl
802CEC98:__nw__FUlP7JKRHeapi
802CEC74:__nw__FUli
802CECC4:__nwa__FUl
802CED10:__nwa__FUlP7JKRHeapi
802CECEC:__nwa__FUli
80182C14:__ops__7cSAngleCFv
80451928:__peReg
80366A28:__pformatter
80451920:__piReg
80266AE4:__pl__4cXyzCFRC3Vec
80267404:__pl__5csXyzFR5csXyz
80271174:__pl__7cSAngleCFRC7cSAngle
802711FC:__pl__7cSAngleCFs
802712F4:__pl__FsRC7cSAngle
80362BC8:__pool_free
803651A4:__prep_buffer
80362048:__ptmf_cmpr
803A2180:__ptmf_null
80362084:__ptmf_scall
80362018:__ptmf_test
803652AC:__put_char
80372258:__read_console
803628E0:__register_fragment
80361C24:__register_global_object
80362154:__restore_fpr
803621EC:__restore_gpr
80362108:__save_fpr
803621A0:__save_gpr
80003140:__set_debug_bba
8036264C:__shl2i
80362694:__shr2i
80362670:__shr2u
802F847C:__sinit_J2DPane_cpp
803255F0:__sinit_J3DDrawBuffer_cpp
8032356C:__sinit_J3DMatBlock_cpp
803147EC:__sinit_J3DShapeMtx_cpp
80310ED0:__sinit_J3DSys_cpp
8029A048:__sinit_JASBNKParser_cpp
8029116C:__sinit_JASCmdStack_cpp
8029E320:__sinit_JASDriverIF_cpp
80290B14:__sinit_JASHeapCtrl_cpp
8029BE6C:__sinit_JASLfo_cpp
80293C6C:__sinit_JASSeqCtrl_cpp
80295950:__sinit_JASSeqParser_cpp
80293388:__sinit_JASTrack_cpp
802736DC:__sinit_JFWDisplay_cpp
802D326C:__sinit_JKRAramHeap_cpp
802D3B04:__sinit_JKRAramPiece_cpp
802D2DAC:__sinit_JKRAram_cpp
802DB5E8:__sinit_JKRDvdAramRipper_cpp
802D9B00:__sinit_JKRDvdFile_cpp
802DA7DC:__sinit_JKRDvdRipper_cpp
802D45A0:__sinit_JKRFileLoader_cpp
802D1E94:__sinit_JKRThread_cpp
80339AEC:__sinit_JMATrigonometric_cpp
802E414C:__sinit_JUTException_cpp
802E1B60:__sinit_JUTGamePad_cpp
802BDEDC:__sinit_Z2Audience_cpp
802C3040:__sinit_Z2Creature_cpp
802C01EC:__sinit_Z2SoundObjMgr_cpp
802CBB7C:__sinit_Z2WolfHowlMgr_cpp
80271BD4:__sinit_c_angle_cpp
802649F8:__sinit_c_cc_d_cpp
80018388:__sinit_c_damagereaction_cpp
8026EC3C:__sinit_c_m3d_cpp
8026758C:__sinit_c_sxyz_cpp
80267290:__sinit_c_xyz_cpp
80141B04:__sinit_d_a_alink_cpp
8015A90C:__sinit_d_a_npc_cd2_cpp
80157A10:__sinit_d_a_npc_cd_cpp
8014D3D8:__sinit_d_a_npc_cpp
8015DED0:__sinit_d_a_obj_item_cpp
8007400C:__sinit_d_attention_cpp
80193608:__sinit_d_bright_check_cpp
801825FC:__sinit_d_camera_cpp
8002FD18:__sinit_d_com_inf_game_cpp
80031DC4:__sinit_d_com_static_cpp
800569B4:__sinit_d_drawlist_cpp
8009769C:__sinit_d_ev_camera_cpp
80048BD8:__sinit_d_event_lib_cpp
80192E88:__sinit_d_file_sel_info_cpp
8019238C:__sinit_d_file_sel_warning_cpp
80191428:__sinit_d_file_select_cpp
8019C0C8:__sinit_d_gameover_cpp
801ADCA4:__sinit_d_kankyo_cpp
8003D6E4:__sinit_d_map_path_cpp
80041460:__sinit_d_map_path_dmap_cpp
801AFC14:__sinit_d_menu_calibration_cpp
801B7B14:__sinit_d_menu_collect_cpp
801C05C4:__sinit_d_menu_dmap_cpp
801C2644:__sinit_d_menu_dmap_map_cpp
801C65BC:__sinit_d_menu_fishing_cpp
801CDA74:__sinit_d_menu_fmap_cpp
801DA650:__sinit_d_menu_insect_cpp
801DCC8C:__sinit_d_menu_item_explain_cpp
801E1D7C:__sinit_d_menu_letter_cpp
801E8E8C:__sinit_d_menu_option_cpp
801EF580:__sinit_d_menu_ring_cpp
801F6C1C:__sinit_d_menu_save_cpp
801F9A28:__sinit_d_menu_skill_cpp
801F9F28:__sinit_d_menu_window_HIO_cpp
801FD928:__sinit_d_menu_window_cpp
8021E9D8:__sinit_d_meter2_info_cpp
80201284:__sinit_d_meter_HIO_cpp
8024DACC:__sinit_d_msg_flow_cpp
80238B58:__sinit_d_msg_object_cpp
8023B914:__sinit_d_msg_scrn_3select_cpp
8023E668:__sinit_d_msg_scrn_explain_cpp
80244454:__sinit_d_msg_scrn_howl_cpp
80246390:__sinit_d_msg_scrn_light_cpp
8023907C:__sinit_d_msg_unit_cpp
802511EC:__sinit_d_name_cpp
802553D0:__sinit_d_pane_class_cpp
80051614:__sinit_d_particle_copoly_cpp
80050480:__sinit_d_particle_cpp
802585C0:__sinit_d_s_logo_cpp
80259324:__sinit_d_s_name_cpp
8025AC54:__sinit_d_s_play_cpp
8025C5FC:__sinit_d_save_HIO_cpp
80194140:__sinit_d_scope_cpp
80195C64:__sinit_d_select_icon_cpp
8019ABB0:__sinit_d_shop_system_cpp
8002824C:__sinit_d_stage_cpp
80018B28:__sinit_f_ap_game_cpp
8001DE14:__sinit_f_op_actor_mng_cpp
80288204:__sinit_jstudio-object_cpp
80017470:__sinit_m_Do_MemCard_cpp
80007318:__sinit_m_Do_audio_cpp
80016574:__sinit_m_Do_dvd_thread_cpp
8000B1D0:__sinit_m_Do_graphic_cpp
80015544:__sinit_m_Do_lib_cpp
800065E0:__sinit_m_Do_main_cpp
8000CFB8:__sinit_m_Do_mtx_cpp
8028B198:__sinit_object-actor_cpp
8028C180:__sinit_object-camera_cpp
8028C8A4:__sinit_object-fog_cpp
8028D2B8:__sinit_object-light_cpp
8028E0F4:__sinit_object-sound_cpp
80003154:__start
803664CC:__stdio_atexit
80451998:__stdio_exit
80368D9C:__strtoul
80362914:__sys_free
80364E00:__timesdec
8036367C:__two_exp
8039AFB8:__two_to_x$982
803628AC:__unregister_fragment
803D2E18:__upper_map
80361B14:__va_arg
803BFDC4:__vt__10COutFont_c
803A7250:__vt__10CSTControl
803A8E04:__vt__10J2DAnmBase
803CD1D8:__vt__10J2DPicture
803CD328:__vt__10J2DTextBox
803A7C38:__vt__10J3DAnmBase
803A3468:__vt__10J3DMtxCalc
803CDD20:__vt__10J3DPEBlock
803CF1E8:__vt__10J3DTexture
803C9820:__vt__10JAIAudible
803C7710:__vt__10JASDrumSet
803C7820:__vt__10JASWaveArc
803C9B24:__vt__10JAUSection
803C40A0:__vt__10JFWDisplay
803CC288:__vt__10JKRArchive
803CC438:__vt__10JKRDvdFile
803CBFD0:__vt__10JKRExpHeap
803C4598:__vt__10JPATexture
803C2DF8:__vt__10JSUIosBase
803CC9A8:__vt__10JUTConsole
803CC610:__vt__10JUTGamePad
803BB3DC:__vt__10JUTNameTab
803CC5A0:__vt__10JUTResFont
803CAC98:__vt__10Z2Audience
803CBF38:__vt__10Z2AudioMgr
803CB8C0:__vt__10Z2Creature
803C9D70:__vt__10Z2SoundMgr
803AC31C:__vt__10cCcD_GStts
803AC2C0:__vt__10cCcD_ObjAt
803AC2A8:__vt__10cCcD_ObjCo
803AC2B4:__vt__10cCcD_ObjTg
803AC310:__vt__10dCcD_GStts
803A8E20:__vt__10dDlst_2D_c
803BBD90:__vt__10dGov_HIO_c
803C300C:__vt__10dLog_HIO_c
803C1F40:__vt__10dMsgFlow_c
803C0BF0:__vt__10dMsgUnit_c
803BE8E0:__vt__10dMw_DHIO_c
803A3410:__vt__114J3DMtxCalcAnimation<64J3DMtxCalcAnimationAdaptorDefault<27J3DMtxCalcCalcTransformMaya>,24J3DMtxCalcJ3DSysInitMaya>
803CD7A8:__vt__11J2DAnmColor
803CCA40:__vt__11J2DIndBlock
803CCA78:__vt__11J2DMaterial
803CCE74:__vt__11J2DTevBlock
803CD3E8:__vt__11J2DWindowEx
803CED98:__vt__11J3DAnmColor
803CDDE8:__vt__11J3DIndBlock
803CDCF0:__vt__11J3DMaterial
803CDC44:__vt__11J3DShapeMtx
803CE958:__vt__11J3DTevBlock
803A7C84:__vt__11J3DTexNoAnm
803A3498:__vt__11J3DUClipper
803C9838:__vt__11JAIAudience
803C5B80:__vt__11JASBankList
803C7838:__vt__11JASDisposer
803C7780:__vt__11JASWaveBank
803CC168:__vt__11JKRAramHeap
803CC0F0:__vt__11JKRDisposer
803C456C:__vt__11JPAFieldAir
803CAC48:__vt__11Z2SoundInfo
803AB630:__vt__11cBgS_ChkElm
803C3F90:__vt__11cBgS_GndChk
803C3FA8:__vt__11cBgS_LinChk
803ABB90:__vt__11cBgW_GrpElm
803ABCB8:__vt__11cBgW_RwgElm
803ABB9C:__vt__11cBgW_TriElm
803A9C60:__vt__11dAttParam_c
803AB778:__vt__11dBgS_GndChk
803AB970:__vt__11dBgS_LinChk
803AB9C8:__vt__11dBgS_SphChk
803A37FC:__vt__11dBgS_WtrChk
803AC50C:__vt__11dCamParam_c
803AC500:__vt__11dCamSetup_c
803AC244:__vt__11dCcD_GObjAt
803AC22C:__vt__11dCcD_GObjCo
803AC238:__vt__11dCcD_GObjTg
803A7994:__vt__11dDemo_fog_c
803A8E44:__vt__11dDlst_2DM_c
803A8E68:__vt__11dDlst_2DT_c
803A8E38:__vt__11dDlst_2Dm_c
803A8E14:__vt__11dDlst_blo_c
803A7CF8:__vt__11dDrawPath_c
803A35D0:__vt__11dEvt_info_c
803BF2F8:__vt__11dMeterMap_c
803BB6D4:__vt__11dMeterSub_c
803A6D94:__vt__11dStage_dt_c
803B39AC:__vt__11daBaseNpc_c
803A35A0:__vt__11fapGm_HIO_c
803CD6F0:__vt__12J2DAnmLoader
803CD4B8:__vt__12J2DPictureEx
803CCDB8:__vt__12J2DTevBlock1
803CCCFC:__vt__12J2DTevBlock2
803CCC40:__vt__12J2DTevBlock4
803CCB84:__vt__12J2DTevBlock8
803CD608:__vt__12J2DTextBoxEx
803CF260:__vt__12J3DAnmLoader
803A3354:__vt__12J3DFrameCtrl
803CECF4:__vt__12J3DJointTree
803CD954:__vt__12J3DMatPacket
803CED14:__vt__12J3DModelData
803CED44:__vt__12J3DMtxBuffer
803CDC68:__vt__12J3DShapeDraw
803CE37C:__vt__12J3DTevBlock1
803CE2A0:__vt__12J3DTevBlock2
803CE1C4:__vt__12J3DTevBlock4
803C99A0:__vt__12JAISoundInfo
803C76A8:__vt__12JASBasicBank
803C76E8:__vt__12JASBasicInst
803C7650:__vt__12JASSeqParser
803C76D0:__vt__12JASVoiceBank
803C9B08:__vt__12JAUBankTable
803A2F4C:__vt__12JAUSoundInfo
803CC178:__vt__12JKRAramBlock
803CC218:__vt__12JKRArcFinder
803CC208:__vt__12JKRDvdFinder
803CC238:__vt__12JKRFileCache
803CC030:__vt__12JKRSolidHeap
803C44CC:__vt__12JPAFieldBase
803C44F4:__vt__12JPAFieldDrag
803C44E0:__vt__12JPAFieldSpin
803CC540:__vt__12JUTCacheFont
803CC6A4:__vt__12JUTException
803CC590:__vt__12JUTGraphFifo
803CB7E0:__vt__12Z2CreatureFM
803CB780:__vt__12Z2CreatureOI
803C3608:__vt__12cCcD_CpsAttr
803C35A4:__vt__12cCcD_CylAttr
803AC25C:__vt__12cCcD_GObjInf
803C3540:__vt__12cCcD_SphAttr
803C366C:__vt__12cCcD_TriAttr
803AB664:__vt__12dBgS_AcchCir
803B35C8:__vt__12dBgS_ObjAcch
803ABA50:__vt__12dBgS_RoofChk
803AC200:__vt__12dCcD_GObjInf
803A7230:__vt__12dCcMassS_Mng
803A71F4:__vt__12dCcMassS_Obj
803A8E2C:__vt__12dDlst_2DMt_c
803A8E5C:__vt__12dDlst_2DT2_c
803A6F88:__vt__12dDlst_base_c
803BB598:__vt__12dFile_info_c
803BCB10:__vt__12dMenu_Dmap_c
803BD664:__vt__12dMenu_Fmap_c
803BDF5C:__vt__12dMenu_Ring_c
803BBD78:__vt__12dMenu_save_c
803C1498:__vt__12dMsgString_c
803C33B4:__vt__12dSvBit_HIO_c
803B321C:__vt__12daAlinkHIO_c
803B3610:__vt__12daItemBase_c
803BFDE8:__vt__13COutFontSet_c
803C2E28:__vt__13CPaneMgrAlpha
803CCA84:__vt__13J2DColorBlock
803CC9E0:__vt__13J2DOrthoGraph
803CCAC8:__vt__13J2DTevBlock16
803CEDFC:__vt__13J3DAnmCluster
803CDEA0:__vt__13J3DColorBlock
803CD968:__vt__13J3DDrawPacket
803CE890:__vt__13J3DPEBlockOpa
803CE798:__vt__13J3DPEBlockXlu
803CED08:__vt__13J3DShapeTable
803CEE70:__vt__13J3DSkinDeform
803CE0E8:__vt__13J3DTevBlock16
803C9928:__vt__13JAISeqDataMgr
803C5B58:__vt__13JASTaskThread
803C7754:__vt__13JASWaveHandle
803CC1B8:__vt__13JKRAramStream
803CC090:__vt__13JKRAssertHeap
803CC398:__vt__13JKRDvdArchive
803CC228:__vt__13JKRFileFinder
803CC1C8:__vt__13JKRFileLoader
803CC2D8:__vt__13JKRMemArchive
803CB7B0:__vt__13Z2CreatureGob
803C3FD0:__vt__13cBgS_PolyInfo
803C3FC0:__vt__13cBgS_ShdwDraw
803ABCAC:__vt__13cBgW_NodeTree
803B2F28:__vt__13dBgS_LinkAcch
803A7B34:__vt__13dDemo_actor_c
803A79F0:__vt__13dDemo_light_c
803A8E8C:__vt__13dDlst_2DTri_c
803BE8C0:__vt__13dMenu_Skill_c
803BF750:__vt__13dMeter2Draw_c
803BFA1C:__vt__13dMeter2Info_c
803BBA7C:__vt__13dShopSystem_c
803B619C:__vt__13daNpcCd_HIO_c
803A3328:__vt__13mDoExt_morf_c
803CD780:__vt__14J2DAnmColorKey
803CD714:__vt__14J2DAnmVtxColor
803CC9B8:__vt__14J2DGrafContext
803CCF30:__vt__14J2DTexGenBlock
803CED70:__vt__14J3DAnmColorKey
803CEDD4:__vt__14J3DAnmVtxColor
803CEE60:__vt__14J3DMaterialAnm
803CF1F4:__vt__14J3DModelLoader
803CDFF0:__vt__14J3DPEBlockFull
803CEE90:__vt__14J3DPEBlockNull
803CD940:__vt__14J3DShapePacket
803CDE34:__vt__14J3DTexGenBlock
803C9940:__vt__14JAISeqDataUser
803C78E0:__vt__14JASAudioThread
803C9AC0:__vt__14JAUSectionHeap
803CC348:__vt__14JKRAramArchive
803CC3E8:__vt__14JKRCompArchive
803C4558:__vt__14JPAFieldMagnet
803C4544:__vt__14JPAFieldNewton
803C4508:__vt__14JPAFieldRandom
803C4530:__vt__14JPAFieldVortex
803CC4D4:__vt__14JSUInputStream
803A8DEC:__vt__14ShdwDrawPoly_c
803CB980:__vt__14Z2CreatureLink
803CB924:__vt__14Z2CreatureRide
803CAD50:__vt__14Z2SoundObjBase
803C9D80:__vt__14Z2SoundStarter
803AC2D8:__vt__14cCcD_ObjHitInf
803C36D0:__vt__14cCcD_ShapeAttr
803BA7EC:__vt__14d2DBSplinePath
803AB6B8:__vt__14dBgS_CamGndChk
803AB940:__vt__14dBgS_CamLinChk
803BA798:__vt__14dBgS_CamSphChk
803A382C:__vt__14dBgS_ObjGndChk
803AB8E0:__vt__14dBgS_ObjLinChk
803ABA08:__vt__14dBgS_SplGrpChk
803BB5FC:__vt__14dBrightCheck_c
803A7AA0:__vt__14dDemo_camera_c
803A7944:__vt__14dDemo_system_c
803A8E80:__vt__14dDlst_2DQuad_c
803C2B38:__vt__14dDlst_NameIN_c
803BB3E8:__vt__14dFile_select_c
803BCB38:__vt__14dMenu_DmapBg_c
803BD8AC:__vt__14dMenu_Insect_c
803BDB8C:__vt__14dMenu_Letter_c
803BDE54:__vt__14dMenu_Option_c
803BF258:__vt__14dMeterButton_c
803BF268:__vt__14dMeterHaihai_c
803BF308:__vt__14dMeterString_c
803C0D58:__vt__14dMsgScrnBase_c
803C0DE8:__vt__14dMsgScrnBoss_c
803C1190:__vt__14dMsgScrnHowl_c
803C0F78:__vt__14dMsgScrnItem_c
803C13C8:__vt__14dMsgScrnTalk_c
803C1420:__vt__14dMsgScrnTree_c
803B35A0:__vt__14daAlink_blur_c
803B9D78:__vt__14daNpcCd2_HIO_c
803BA088:__vt__14daObj_SSBase_c
803A32FC:__vt__14mDoExt_McaMorf
803B61B4:__vt__14mDoHIO_entry_c
803CD794:__vt__15J2DAnmColorFull
803CD728:__vt__15J2DAnmTevRegKey
803BB3B8:__vt__15J2DAnmTransform
803CCA90:__vt__15J2DIndBlockFull
803CCA08:__vt__15J2DIndBlockNull
803CED84:__vt__15J3DAnmColorFull
803CED60:__vt__15J3DAnmTevRegKey
803A7C48:__vt__15J3DAnmTransform
803CE90C:__vt__15J3DIndBlockFull
803CDD9C:__vt__15J3DIndBlockNull
803CEF0C:__vt__15J3DTevBlockNull
803CE5A0:__vt__15J3DTexGenBlock4
803C99C8:__vt__15JAISoundStarter
803CC100:__vt__15JKRThreadSwitch
803C4580:__vt__15JPAFieldGravity
803CB860:__vt__15Z2CreatureEnemy
803CACD0:__vt__15Z2SoundObjAnime
803CACF0:__vt__15Z2SoundObjArrow
803CB8F0:__vt__15Z2SoundObjCoach
803CBF24:__vt__15Z2SpeechStarter
803AB7B4:__vt__15cBgS_GrpPassChk
803A7200:__vt__15cCcD_DivideArea
803A7224:__vt__15cCcD_DivideInfo
803A9C54:__vt__15dAttDrawParam_c
803AB880:__vt__15dBgS_BombLinChk
803AB7A8:__vt__15dBgS_GrpPassChk
803B2EF8:__vt__15dBgS_LinkGndChk
803AB8B0:__vt__15dBgS_LinkLinChk
803A37CC:__vt__15dBgS_ObjRoofChk
803AB7F0:__vt__15dBgS_RopeLinChk
803A7A5C:__vt__15dDemo_ambient_c
803A8E74:__vt__15dDlst_2DPoint_c
803BB3A8:__vt__15dDlst_FileSel_c
803BB480:__vt__15dFile_warning_c
803BC228:__vt__15dKantera_icon_c
803BC75C:__vt__15dMenu_Collect_c
803BCAE0:__vt__15dMenu_DmapMap_c
803BD074:__vt__15dMenu_Fishing_c
803BD680:__vt__15dMenu_FmapMap_c
803BF2B8:__vt__15dMeterHakusha_c
803C0CF8:__vt__15dMsgScrnArrow_c
803C1298:__vt__15dMsgScrnLight_c
803C12E8:__vt__15dMsgScrnPlace_c
803C1370:__vt__15dMsgScrnStaff_c
803C2D5C:__vt__15dOvlpFd2_dlst_c
803C2DDC:__vt__15dOvlpFd3_dlst_c
803A6FD4:__vt__15dRenderingMap_c
803BB888:__vt__15dShopItemCtrl_c
803A82F8:__vt__15dSmplMdl_draw_c
803A6AAC:__vt__15dStage_roomDt_c
803B3580:__vt__15daAlink_sight_c
803B3920:__vt__15daNpcF_MatAnm_c
803B3B54:__vt__15daNpcT_JntAnm_c
803B3B6C:__vt__15daNpcT_MatAnm_c
803A3284:__vt__15mDoExt_McaMorf2
803A32DC:__vt__15mDoExt_zelAnime
803A70F4:__vt__15renderingAmap_c
803BCE68:__vt__15renderingDmap_c
803BD6E8:__vt__15renderingFmap_c
803CD738:__vt__16J2DAnmTexPattern
803CEDE8:__vt__16J3DAnmClusterKey
803CED50:__vt__16J3DAnmTexPattern
803CF0F8:__vt__16J3DClusterLoader
803CEE80:__vt__16J3DMaterialTable
803CE06C:__vt__16J3DPEBlockFogOff
803CDBFC:__vt__16J3DShapeMtxMulti
803C98C4:__vt__16JAISeCategoryMgr
803C9A08:__vt__16JAIStreamAramMgr
803C9A1C:__vt__16JAIStreamDataMgr
803C7768:__vt__16JASBasicWaveBank
803C9AF4:__vt__16JAUBankTableLink
803C9CD0:__vt__16Z2AudioArcLoader
803CB830:__vt__16Z2CreatureSumomo
803CAD10:__vt__16Z2SoundObjSimple
803ABA44:__vt__16cBgS_PolyPassChk
803AB850:__vt__16dBgS_ArrowLinChk
803AB7C0:__vt__16dBgS_HorseLinChk
803B2EC8:__vt__16dBgS_LinkRoofChk
803AB9A0:__vt__16dBgS_MoveBgActor
803ABA38:__vt__16dBgS_PolyPassChk
803A7910:__vt__16dDemo_particle_c
803BB588:__vt__16dDlst_FileInfo_c
803BB44C:__vt__16dDlst_FileWarn_c
803BE764:__vt__16dDlst_MenuSave_c
803C2DEC:__vt__16dDlst_snapShot_c
803BB35C:__vt__16dFile_select3D_c
803BD02C:__vt__16dMenuMapCommon_c
803BF118:__vt__16dMeter_drawHIO_c
803BF0F4:__vt__16dMeter_fmapHIO_c
803BF19C:__vt__16dMeter_menuHIO_c
803BF10C:__vt__16dMeter_ringHIO_c
803C0BD8:__vt__16dMsgObject_HIO_c
803C11E8:__vt__16dMsgScrnJimaku_c
803C1240:__vt__16dMsgScrnKanban_c
803C1478:__vt__16dMsgStringBase_c
803C2B88:__vt__16dNpcLib_lookat_c
803BB78C:__vt__16dSelect_cursor_c
803A6C20:__vt__16dStage_stageDt_c
803B3564:__vt__16daAlink_matAnm_c
803B3A50:__vt__16daBaseNpc_path_c
803B3B60:__vt__16daNpcT_Hermite_c
803B2E20:__vt__16daPy_frameCtrl_c
803A32B0:__vt__16mDoExt_McaMorfSO
803A7EE0:__vt__16renderingDAmap_c
803C2E18:__vt__17CPaneMgrAlphaMorf
803CD758:__vt__17J2DAnmVtxColorKey
803CEE10:__vt__17J3DAnmClusterFull
803CEDAC:__vt__17J3DAnmVtxColorKey
803CF054:__vt__17J3DColorBlockNull
803CDC90:__vt__17J3DLockedMaterial
803A343C:__vt__17J3DMtxCalcAnmBase
803CE814:__vt__17J3DPEBlockTexEdge
803C5B74:__vt__17JASBankTable<256>
803C77AC:__vt__17JASSimpleWaveBank
803C9A78:__vt__17JAUAudioArcLoader
803CB890:__vt__17Z2CreatureCitizen
803BB368:__vt__17dDlst_FileSel3m_c
803BB388:__vt__17dDlst_FileSelCp_c
803BB398:__vt__17dDlst_FileSelDt_c
803BB378:__vt__17dDlst_FileSelYn_c
803BC7C4:__vt__17dMenu_Collect2D_c
803BC790:__vt__17dMenu_Collect3D_c
803BD750:__vt__17dMenu_Fmap2DTop_c
803C0CE8:__vt__17dMsgScrn3Select_c
803C0F6C:__vt__17dMsgScrnExplain_c
803A8414:__vt__17dPa_wbPcallBack_c
803A8434:__vt__17dPa_windPcallBack
803C3140:__vt__17dScnName_camera_c
803C323C:__vt__17dScnPly_env_HIO_c
803C3248:__vt__17dScnPly_reg_HIO_c
803B6184:__vt__17daNpcCd_HIO_Jnt_c
803A7928:__vt__17jmessage_tControl
803A2F40:__vt__17mDoAud_zelAudio_c
803CD7BC:__vt__18J2DAnmTransformKey
803CD76C:__vt__18J2DAnmVtxColorFull
803A7C70:__vt__18J3DAnmTransformKey
803CEDC0:__vt__18J3DAnmVtxColorFull
803CF108:__vt__18J3DModelLoader_v21
803CF14C:__vt__18J3DModelLoader_v26
803CDCC0:__vt__18J3DPatchedMaterial
803CE458:__vt__18J3DTevBlockPatched
803CEFE8:__vt__18J3DTexGenBlockNull
803A8578:__vt__18JPAEmitterCallBack
803C451C:__vt__18JPAFieldConvection
803CC518:__vt__18JSUFileInputStream
803CB96C:__vt__18Z2LinkSoundStarter
803CB910:__vt__18Z2RideSoundStarter
803CB810:__vt__18Z2SoundObjBeeGroup
803AC2CC:__vt__18cCcD_ObjCommonBase
803AB688:__vt__18dBgS_CamGndChk_Wtr
803AB6E8:__vt__18dBgS_ObjGndChk_All
803AB718:__vt__18dBgS_ObjGndChk_Spl
803AB748:__vt__18dBgS_ObjGndChk_Wtr
803A8DF8:__vt__18dDlst_effectLine_c
803A8DCC:__vt__18dDlst_shadowPoly_c
803A9AD4:__vt__18dKankyo_mud_Packet
803A9B88:__vt__18dKankyo_sun_Packet
803BD760:__vt__18dMenu_Fmap2DBack_c
803BF0E8:__vt__18dMeter_cursorHIO_c
803A8554:__vt__18dPa_levelEcallBack
803A8488:__vt__18dPa_modelEcallBack
803A84AC:__vt__18dPa_modelPcallBack
803A7C90:__vt__18dRenderingFDAmap_c
803BC13C:__vt__18dScnKy_env_light_c
803B3A6C:__vt__18daBaseNpc_acMngr_c
803B3A14:__vt__18daBaseNpc_lookat_c
803B3A5C:__vt__18daBaseNpc_matAnm_c
803B9D60:__vt__18daNpcCd2_HIO_Jnt_c
803B3864:__vt__18daNpcF_ActorMngr_c
803B3B48:__vt__18daNpcT_ActorMngr_c
803BA14C:__vt__18daPy_sightPacket_c
803B61A8:__vt__18fOpAcm_HIO_entry_c
803A7C5C:__vt__18mDoExt_transAnmBas
803CD6DC:__vt__19J2DAnmKeyLoader_v15
803CD748:__vt__19J2DAnmTextureSRTKey
803CD7D4:__vt__19J2DAnmTransformFull
803CF238:__vt__19J3DAnmKeyLoader_v15
803CEE24:__vt__19J3DAnmTextureSRTKey
803CEE48:__vt__19J3DAnmTransformFull
803A338C:__vt__19J3DMtxCalcNoAnmBase
803CE534:__vt__19J3DTexGenBlockBasic
803C5B68:__vt__19JASDefaultBankTable
803A357C:__vt__19JPAParticleCallBack
803A9C48:__vt__19dAttDraw_CallBack_c
803BB5EC:__vt__19dDlst_BrightCheck_c
803BC218:__vt__19dDlst_KanteraIcon_c
803A9AC0:__vt__19dKankyo_evil_Packet
803A9B60:__vt__19dKankyo_rain_Packet
803A9B4C:__vt__19dKankyo_snow_Packet
803A9B38:__vt__19dKankyo_star_Packet
803A7D74:__vt__19dMenuFmapIconDisp_c
803BC364:__vt__19dMenu_Calibration_c
803BCD74:__vt__19dMenu_DmapMapCtrl_c
803BD9F4:__vt__19dMenu_ItemExplain_c
803BF100:__vt__19dMeter_mapIconHIO_c
803C12A4:__vt__19dMsgScrnLight_HIO_c
803A852C:__vt__19dPa_followEcallBack
803A8400:__vt__19dPa_fsenthPcallBack
803A8508:__vt__19dPa_light8EcallBack
803A83EC:__vt__19dPa_light8PcallBack
803A8448:__vt__19dPa_simpleEcallBack
803BB7A8:__vt__19dSelect_cursorHIO_c
803B6190:__vt__19daNpcCd_HIO_Child_c
803C0AD4:__vt__19jmessage_tReference
803A34E8:__vt__19mDoDvdThd_command_c
803A325C:__vt__19mDoExt_3DlineMat0_c
803A3248:__vt__19mDoExt_3DlineMat1_c
803A3270:__vt__19mDoExt_invJntPacket
803A7D80:__vt__19renderingPlusDoor_c
803C34C0:__vt__20DynamicModuleControl
803CD6C8:__vt__20J2DAnmFullLoader_v15
803CD704:__vt__20J2DAnmVisibilityFull
803CF24C:__vt__20J3DAnmFullLoader_v15
803CF274:__vt__20J3DAnmVisibilityFull
803CF0E8:__vt__20J3DClusterLoader_v15
803CE678:__vt__20J3DColorBlockLightOn
803CC4F0:__vt__20JSUMemoryInputStream
803CC4B0:__vt__20JSURandomInputStream
803AB820:__vt__20dBgS_BoomerangLinChk
803BF0D4:__vt__20dDlst_MENU_CAPTURE_c
803A9B24:__vt__20dKankyo_cloud_Packet
803A9B10:__vt__20dKankyo_housi_Packet
803A9AE8:__vt__20dKankyo_odour_Packet
803BC768:__vt__20dMenu_Collect2DTop_c
803BCAEC:__vt__20dMenu_StageMapCtrl_c
803C0BE4:__vt__20dMsgObject_HowlHIO_c
803B3590:__vt__20daAlink_lockCursor_c
803B3870:__vt__20daNpcF_MoveBgActor_c
803BC374:__vt__20dummy_abstract_class
803A34D8:__vt__20mDoDvdThd_callback_c
803CEA34:__vt__21J3DColorBlockLightOff
803CDC1C:__vt__21J3DShapeMtxConcatView
803CE60C:__vt__21J3DTexGenBlockPatched
803CAD30:__vt__21Z2DopplerSoundObjBase
803AB910:__vt__21dBgS_CamLinChk_NorWtr
803C3420:__vt__21dDlst_TimerScrnDraw_c
803A9AFC:__vt__21dKankyo_vrkumo_Packet
803BF148:__vt__21dMeter_drawSkillHIO_c
803A8594:__vt__21dPa_setColorEcallBack
803C3254:__vt__21dScnPly_preLoad_HIO_c
803C339C:__vt__21dSvBit_childItemHIO_c
803B9D54:__vt__21daNpcCd2_HIO_MChild_c
803B9D6C:__vt__21daNpcCd2_HIO_WChild_c
803A34A8:__vt__21mDoDvdThd_toMainRam_c
803CE708:__vt__22J3DColorBlockAmbientOn
803C9A30:__vt__22JAUAudioArcInterpreter
803AC250:__vt__22dCcD_GAtTgCoCommonBase
803A8DDC:__vt__22dDlst_shadowRealPoly_c
803A9B74:__vt__22dKankyo_sunlenz_Packet
803BF160:__vt__22dMeter_drawInsectHIO_c
803BF178:__vt__22dMeter_drawLetterHIO_c
803BF184:__vt__22dMeter_drawOptionHIO_c
803A83A0:__vt__22dPa_hermiteEcallBack_c
803A8464:__vt__22dPa_selectTexEcallBack
803C3224:__vt__22dScnPly_env_debugHIO_c
803C3230:__vt__22dScnPly_env_otherHIO_c
803C3300:__vt__22dSvBit_childOtherHIO_c
803B3B3C:__vt__22daNpcT_MotionSeqMngr_c
803BE774:__vt__23dDlst_MenuSaveExplain_c
803BF190:__vt__23dMeter_drawCollectHIO_c
803BF16C:__vt__23dMeter_drawFishingHIO_c
803C333C:__vt__23dSvBit_childItZoneHIO_c
803C336C:__vt__23dSvBit_childSwZoneHIO_c
803C33A8:__vt__23dSvBit_childSwitchHIO_c
803B3948:__vt__23daBaseNpc_moveBgActor_c
803C34F4:__vt__24DynamicModuleControlBase
803CBF58:__vt__24JAUStreamAramMgrBase_<1>
803A3568:__vt__24JPTraceParticleCallBack4
803BBD68:__vt__24dDlst_GameOverScrnDraw_c
803BBDA8:__vt__24dDlst_Gameover_CAPTURE_c
803BF130:__vt__24dMeter_drawMiniGameHIO_c
803C09E0:__vt__24jmessage_string_tControl
803A34C8:__vt__24mDoDvdThd_mountArchive_c
803BF13C:__vt__25dMeter_drawEmpButtonHIO_c
803BF124:__vt__25dMeter_drawLightDropHIO_c
803A84E4:__vt__25dPa_gen_b_light8EcallBack
803A83D8:__vt__25dPa_gen_b_light8PcallBack
803A84C0:__vt__25dPa_gen_d_light8EcallBack
803A83C4:__vt__25dPa_gen_d_light8PcallBack
803C3318:__vt__25dSvBit_childDarknessHIO_c
803C3390:__vt__25dSvBit_childTreasureHIO_c
803A34B8:__vt__25mDoDvdThd_mountXArchive_c
803A71E8:__vt__25mDoExt_McaMorfCallBack1_c
803A33E4:__vt__25mDoExt_MtxCalcAnmBlendTbl
803CDBD4:__vt__26J3DShapeMtxMultiConcatView
803CBF44:__vt__26JAUStreamStaticAramMgr_<1>
803C3348:__vt__26dSvBit_childItDungeonHIO_c
803C3330:__vt__26dSvBit_childItOneZoneHIO_c
803C3378:__vt__26dSvBit_childSwDungeonHIO_c
803C3360:__vt__26dSvBit_childSwOneZoneHIO_c
803C330C:__vt__26dSvBit_childTransformHIO_c
803C09EC:__vt__26jmessage_string_tReference
803C0A94:__vt__26jmessage_tMeasureProcessor
803A3234:__vt__26mDoExt_3DlineMatSortPacket
803CEE34:__vt__27J3DAnmTransformFullWithLerp
803CDBAC:__vt__27J3DShapeMtxBBoardConcatView
803C9B38:__vt__27JAUSeqDataMgr_SeqCollection
803BF154:__vt__27dMeter_drawCalibrationHIO_c
803C0A3C:__vt__27jmessage_tSequenceProcessor
803CDB84:__vt__28J3DShapeMtxYBBoardConcatView
803A6F94:__vt__28dDrawPathWithNormalPattern_c
803A838C:__vt__28dPa_particleTracePcallBack_c
803C09FC:__vt__28jmessage_tRenderingProcessor
803A33B8:__vt__28mDoExt_MtxCalcAnmBlendTblOld
803A7E24:__vt__28renderingPlusDoorAndCursor_c
803B35B4:__vt__29dAlink_bottleWaterPcallBack_c
803C3354:__vt__29dSvBit_childItPerfectionHIO_c
803C3384:__vt__29dSvBit_childSwPerfectionHIO_c
803C3324:__vt__29dSvBit_childTbPerfectionHIO_c
803C9B50:__vt__32JAUStreamDataMgr_StreamFileTable
803C09A0:__vt__33jmessage_string_tMeasureProcessor
803C0948:__vt__34jmessage_string_tSequenceProcessor
803C0908:__vt__35jmessage_string_tRenderingProcessor
803AB61C:__vt__4cBgS
803ABBA8:__vt__4cBgW
803C3748:__vt__4cCcS
803AB608:__vt__4dBgS
803ABA80:__vt__4dBgW
803AC3E4:__vt__4dCcS
803C9858:__vt__5JAISe
803C98F4:__vt__6JAISeq
803ABEB8:__vt__6dBgWSv
803A7030:__vt__6dMap_c
803AF978:__vt__6dMdl_c
803A3360:__vt__73J3DMtxCalcNoAnm<27J3DMtxCalcCalcTransformMaya,24J3DMtxCalcJ3DSysInitMaya>
803CF1BC:__vt__75J3DMtxCalcNoAnm<28J3DMtxCalcCalcTransformBasic,25J3DMtxCalcJ3DSysInitBasic>
803CCFD0:__vt__7J2DPane
803C76BC:__vt__7JASBank
803C76FC:__vt__7JASInst
803CC158:__vt__7JKRAram
803CC328:__vt__7JKRFile
803CBF70:__vt__7JKRHeap
803A31F0:__vt__7JUTFont
803C2B64:__vt__7dName_c
803CF190:__vt__83J3DMtxCalcNoAnm<32J3DMtxCalcCalcTransformSoftimage,29J3DMtxCalcJ3DSysInitSoftimage>
803C2E04:__vt__8CPaneMgr
803CCFA0:__vt__8J2DPrint
803CED20:__vt__8J3DModel
803CDC78:__vt__8J3DShape
803C98B0:__vt__8JAISeMgr
803C9970:__vt__8JAISound
803CC990:__vt__8JUTFader
803CC980:__vt__8JUTVideo
803C3F80:__vt__8cBgS_Chk
803AC288:__vt__8cCcD_Obj
803C3FEC:__vt__8cM2dGCir
803A7218:__vt__8cM3dGAab
803C3FE0:__vt__8cM3dGCir
803C3FF8:__vt__8cM3dGCps
803A720C:__vt__8cM3dGCyl
803A78F8:__vt__8cM3dGLin
803A37C0:__vt__8cM3dGPla
803A7904:__vt__8cM3dGSph
803ABB84:__vt__8cM3dGTri
803AB670:__vt__8dBgS_Chk
803ABDC8:__vt__8dBgWKCol
803AC170:__vt__8dCcD_Cps
803AC050:__vt__8dCcD_Cyl
803ABFC0:__vt__8dCcD_Sph
803AC0E0:__vt__8dCcD_Tri
803B2E80:__vt__8dEyeHL_c
803BB6B4:__vt__8dScope_c
803B9FA4:__vt__8daItem_c
803B38D8:__vt__8daNpcF_c
803B3A78:__vt__8daNpcT_c
803CD068:__vt__9J2DScreen
803CD108:__vt__9J2DWindow
803CD97C:__vt__9J3DPacket
803C9958:__vt__9JAISeqMgr
803C99D8:__vt__9JAIStream
803CC4A0:__vt__9JKRDecomp
803CC114:__vt__9JKRThread
803A7260:__vt__9STControl
803CACB8:__vt__9Z2Audible
803ABDB8:__vt__9cBgW_BgId
803C3728:__vt__9cCcD_Stts
803AB640:__vt__9dBgS_Acch
803ABCC8:__vt__9dBgW_Base
803AC2E4:__vt__9dCcD_Stts
803AC518:__vt__9dCstick_c
803BB400:__vt__9dFs_HIO_c
803BA078:__vt__9dInsect_c
803BD670:__vt__9dMf_HIO_c
803BE7CC:__vt__9dMs_HIO_c
803BE8EC:__vt__9dMw_HIO_c
803C2B7C:__vt__9dNm_HIO_c
803BB7B8:__vt__9dSi_HIO_c
803C314C:__vt__9dSn_HIO_c
803B32B8:__vt__9daAlink_c
803B2F70:__vt__9daPy_py_c
803C59D0:__vt__Q214JStudio_JStage12TAdaptor_fog
803C5720:__vt__Q214JStudio_JStage13TCreateObject
803C57C4:__vt__Q214JStudio_JStage14TAdaptor_actor
803C5A40:__vt__Q214JStudio_JStage14TAdaptor_light
803C5908:__vt__Q214JStudio_JStage15TAdaptor_camera
803C5888:__vt__Q214JStudio_JStage21TAdaptor_ambientLight
803C5A10:__vt__Q214JStudio_JStage77TVariableValueOutput_object_<Q214JStudio_JStage12TAdaptor_fog,Q26JStage4TFog>
803C5864:__vt__Q214JStudio_JStage81TVariableValueOutput_object_<Q214JStudio_JStage14TAdaptor_actor,Q26JStage6TActor>
803C5980:__vt__Q214JStudio_JStage83TVariableValueOutput_object_<Q214JStudio_JStage15TAdaptor_camera,Q26JStage7TCamera>
803C5A68:__vt__Q215JStudio_JAudio213TCreateObject
803C5A88:__vt__Q215JStudio_JAudio214TAdaptor_sound
803C773C:__vt__Q216JASBasicWaveBank10TWaveGroup
803C7728:__vt__Q216JASBasicWaveBank11TWaveHandle
803C7798:__vt__Q217JASSimpleWaveBank11TWaveHandle
803C5AD8:__vt__Q217JStudio_JParticle13TCreateObject
803C5B0C:__vt__Q217JStudio_JParticle17TAdaptor_particle
803A7BF4:__vt__Q220@unnamed@d_demo_cpp@24jstudio_tAdaptor_message
803A7BE4:__vt__Q220@unnamed@d_demo_cpp@29jstudio_tCreateObject_message
803C9B14:__vt__Q228@unnamed@JAUSectionHeap_cpp@14TStreamDataMgr
803C4638:__vt__Q26JStage13TAmbientLight
803C4718:__vt__Q26JStage4TFog
803C45A8:__vt__Q26JStage6TActor
803C4778:__vt__Q26JStage6TLight
803C4680:__vt__Q26JStage7TCamera
803C47E8:__vt__Q26JStage7TObject
803C4828:__vt__Q26JStage7TSystem
803C9CBC:__vt__Q27JGadget42TLinkList_factory<Q28JMessage9TResource,0>
803C54A4:__vt__Q27JStudio11TObject_fog
803C54C4:__vt__Q27JStudio12TAdaptor_fog
803A7934:__vt__Q27JStudio13TCreateObject
803C5580:__vt__Q27JStudio13TObject_actor
803C545C:__vt__Q27JStudio13TObject_light
803C533C:__vt__Q27JStudio13TObject_sound
803C55A0:__vt__Q27JStudio14TAdaptor_actor
803C547C:__vt__Q27JStudio14TAdaptor_light
803C535C:__vt__Q27JStudio14TAdaptor_sound
803C49A0:__vt__Q27JStudio14TFunctionValue
803C54E4:__vt__Q27JStudio14TObject_camera
803C5504:__vt__Q27JStudio15TAdaptor_camera
803C5418:__vt__Q27JStudio15TObject_message
803A7BC0:__vt__Q27JStudio16TAdaptor_message
803C53AC:__vt__Q27JStudio16TObject_particle
803C53CC:__vt__Q27JStudio17TAdaptor_particle
803C4920:__vt__Q27JStudio19TFunctionValue_list
803C5540:__vt__Q27JStudio20TObject_ambientLight
803C5560:__vt__Q27JStudio21TAdaptor_ambientLight
803C48E0:__vt__Q27JStudio22TFunctionValue_hermite
803C4960:__vt__Q27JStudio23TFunctionValue_constant
803C4980:__vt__Q27JStudio24TFunctionValue_composite
803C4940:__vt__Q27JStudio25TFunctionValue_transition
803C4900:__vt__Q27JStudio29TFunctionValue_list_parameter
803C4AC0:__vt__Q27JStudio6TParse
803C55F0:__vt__Q27JStudio7TObject
803C5610:__vt__Q27JStudio8TAdaptor
803C4AF4:__vt__Q27JStudio8TControl
803C4AE0:__vt__Q27JStudio8TFactory
803C9C2C:__vt__Q28JMessage10TProcessor
803C9C6C:__vt__Q28JMessage10TReference
803C9BD4:__vt__Q28JMessage18TSequenceProcessor
803C9B94:__vt__Q28JMessage19TRenderingProcessor
803C9C94:__vt__Q28JMessage6TParse
803C9B60:__vt__Q28JMessage8TControl
803B35EC:__vt__Q29daAlink_c14hsChainShape_c
803C57B4:__vt__Q314JStudio_JStage14TAdaptor_actor26TVVOutput_ANIMATION_FRAME_
803C5A30:__vt__Q314JStudio_JStage14TAdaptor_light20TVVOutput_direction_
803C5A78:__vt__Q315JStudio_JAudio214TAdaptor_sound13TVVOSetValue_
803C5AF0:__vt__Q317JStudio_JParticle17TAdaptor_particle21TJPACallback_emitter_
803C488C:__vt__Q37JGadget6binary19TParse_header_block
803C5630:__vt__Q37JStudio14TVariableValue13TOutput_none_
803C5640:__vt__Q37JStudio14TVariableValue7TOutput
803C5690:__vt__Q37JStudio28@unnamed@jstudio_object_cpp@54TOutputVariableValue_BOOL_<Q27JStudio14TAdaptor_actor>
803C5670:__vt__Q37JStudio28@unnamed@jstudio_object_cpp@54TOutputVariableValue_BOOL_<Q27JStudio14TAdaptor_light>
803C5650:__vt__Q37JStudio28@unnamed@jstudio_object_cpp@54TOutputVariableValue_BOOL_<Q27JStudio14TAdaptor_sound>
803C5680:__vt__Q37JStudio28@unnamed@jstudio_object_cpp@55TOutputVariableValue_BOOL_<Q27JStudio15TAdaptor_camera>
803C5660:__vt__Q37JStudio28@unnamed@jstudio_object_cpp@57TOutputVariableValue_BOOL_<Q27JStudio17TAdaptor_particle>
803C48C0:__vt__Q37JStudio3ctb14TObject_TxyzRy
803C4878:__vt__Q37JStudio3ctb6TParse
803C48D0:__vt__Q37JStudio3ctb7TObject
803C48B4:__vt__Q37JStudio3ctb8TControl
803C48A0:__vt__Q37JStudio3ctb8TFactory
803C4A70:__vt__Q37JStudio3fvb12TObject_list
803C4A50:__vt__Q37JStudio3fvb15TObject_hermite
803C4A90:__vt__Q37JStudio3fvb16TObject_constant
803C4AA0:__vt__Q37JStudio3fvb17TObject_composite
803C4A80:__vt__Q37JStudio3fvb18TObject_transition
803C4A60:__vt__Q37JStudio3fvb22TObject_list_parameter
803C4A1C:__vt__Q37JStudio3fvb6TParse
803C4AB0:__vt__Q37JStudio3fvb7TObject
803C4A44:__vt__Q37JStudio3fvb8TControl
803C4A30:__vt__Q37JStudio3fvb8TFactory
803C56E0:__vt__Q37JStudio3stb15TObject_control
803C56A0:__vt__Q37JStudio3stb6TParse
803C5700:__vt__Q37JStudio3stb7TObject
803C56D4:__vt__Q37JStudio3stb8TControl
803C56C0:__vt__Q37JStudio3stb8TFactory
803C9CA8:__vt__Q38JMessage18TResourceContainer10TCResource
803691A4:__write_console
800055C8:_bss_init_info
801F0B10:_close__12dMenu_save_cFv
801F7C1C:_close__13dMenu_Skill_cFv
801D8B2C:_close__14dMenu_Insect_cFv
801DDC98:_close__14dMenu_Letter_cFv
801E3DE0:_close__14dMenu_Option_cFv
801C5470:_close__15dMenu_Fishing_cFv
8019B044:_create__11dGameover_cFv
8020D9EC:_create__11dMeterMap_cFP9J2DScreen
8019411C:_create__11dMeterSub_cFv
801BD7C0:_create__12dMenu_Dmap_cFv
801C6D64:_create__12dMenu_Fmap_cFv
801EAB7C:_create__12dMenu_Ring_cFv
801EF7AC:_create__12dMenu_save_cFv
80233284:_create__12dMsgObject_cFP9msg_class
801F763C:_create__13dMenu_Skill_cFv
801843CC:_create__14dFile_select_cFv
801D8658:_create__14dMenu_Insect_cFv
801DD36C:_create__14dMenu_Letter_cFv
801E205C:_create__14dMenu_Option_cFv
802013CC:_create__14dMeterButton_cFv
8020AF6C:_create__14dMeterHaihai_cFv
8020EE70:_create__14dMeterString_cFv
801B7A0C:_create__15dMenu_Collect_cFv
801C0CD8:_create__15dMenu_DmapMap_cFUsUsUsUsPv
801C504C:_create__15dMenu_Fishing_cFv
801CEDE8:_create__15dMenu_FmapMap_cFUsUsUsUsPv
8020C400:_create__15dMeterHakusha_cFv
801903DC:_create__16dFile_select3D_cFUcUc
801AFEA4:_create__17dMenu_Collect2D_cFv
801B65A8:_create__17dMenu_Collect3D_cFv
801C231C:_create__20dMenu_StageMapCtrl_cFUsUsUsUsPv
801C235C:_create__20dMenu_StageMapCtrl_cFUsUsUsUsScPv
801FD140:_create__5dMw_cFv
8024E62C:_create__7dName_cFv
8025CA0C:_create__8dTimer_cFv
8021EA14:_create__9dMeter2_cFv
803737C0:_ctors
8015B7D4:_daItem_create__8daItem_cFv
8015BDE8:_daItem_delete__8daItem_cFv
8015BD84:_daItem_draw__8daItem_cFv
8015BA9C:_daItem_execute__8daItem_cFv
801966D4:_debugSetCamera__16ShopCam_action_cFv
8019B864:_delete__11dGameover_cFv
8020DC50:_delete__11dMeterMap_cFv
80194124:_delete__11dMeterSub_cFv
801C74A4:_delete__12dMenu_Fmap_cFv
801EABE8:_delete__12dMenu_Ring_cFv
801F0B28:_delete__12dMenu_save_cFv
80233AE8:_delete__12dMsgObject_cFv
801E2C1C:_delete__14dMenu_Option_cFv
80202A9C:_delete__14dMeterButton_cFv
8020BDAC:_delete__14dMeterHaihai_cFv
8020F49C:_delete__14dMeterString_cFv
801B7A44:_delete__15dMenu_Collect_cFv
801C0D04:_delete__15dMenu_DmapMap_cFv
801CEE3C:_delete__15dMenu_FmapMap_cFv
8020CABC:_delete__15dMeterHakusha_cFv
8019049C:_delete__16dFile_select3D_cFv
801B0100:_delete__17dMenu_Collect2D_cFv
801B6694:_delete__17dMenu_Collect3D_cFv
801C2518:_delete__20dMenu_StageMapCtrl_cFv
801FD67C:_delete__5dMw_cFv
8025D3BC:_delete__8dTimer_cFv
8021F49C:_delete__9dMeter2_cFv
801F69FC:_draw2__12dMenu_save_cFv
8019B7C4:_draw__11dGameover_cFv
8020DF1C:_draw__11dMeterMap_cFv
80192D60:_draw__12dFile_info_cFv
801BE7E0:_draw__12dMenu_Dmap_cFv
801C7650:_draw__12dMenu_Fmap_cFv
801EACC8:_draw__12dMenu_Ring_cFv
801F69B8:_draw__12dMenu_save_cFv
802339BC:_draw__12dMsgObject_cFv
801F77B0:_draw__13dMenu_Skill_cFv
80193594:_draw__14dBrightCheck_cFv
8018DD38:_draw__14dFile_select_cFv
801D8760:_draw__14dMenu_Insect_cFv
801DD50C:_draw__14dMenu_Letter_cFv
801E36CC:_draw__14dMenu_Option_cFv
80192190:_draw__15dFile_warning_cFv
801C514C:_draw__15dMenu_Fishing_cFv
801B5D70:_draw__17dMenu_Collect2D_cFv
801AEE2C:_draw__19dMenu_Calibration_cFv
801FD450:_draw__5dMw_cFv
8002AB54:_draw__6dMap_cFv
80250560:_draw__7dName_cFv
8025D33C:_draw__8dTimer_cFv
8021F370:_draw__9dMeter2_cFv
80373980:_dtors
8000569C:_eti_init_info
8019B2F4:_execute__11dGameover_cFv
80194130:_execute__11dMeterSub_cFUl
80233590:_execute__12dMsgObject_cFv
80201404:_execute__14dMeterButton_cFUlbbbbbbbbbbbbbbbbbbbbbb
8020B0F4:_execute__14dMeterHaihai_cFUl
8020F150:_execute__14dMeterString_cFUl
8020C808:_execute__15dMeterHakusha_cFUl
801D6A44:_execute__17dMenu_Fmap2DTop_cFv
801FD2D8:_execute__5dMw_cFv
80193B90:_execute__8dScope_cFUl
8025CF04:_execute__8dTimer_cFv
8021F128:_execute__9dMeter2_cFv
80365C20:_fseek
802B9D98:_load1stWaveInner_1__10Z2SceneMgrFv
802B9FC8:_load1stWaveInner_2__10Z2SceneMgrFv
8020DCE4:_move__11dMeterMap_cFUl
801BDDA4:_move__12dMenu_Dmap_cFv
801C74A8:_move__12dMenu_Fmap_cFv
801EABEC:_move__12dMenu_Ring_cFv
801F1048:_move__12dMenu_save_cFv
801F7718:_move__13dMenu_Skill_cFv
801934D0:_move__14dBrightCheck_cFv
801844FC:_move__14dFile_select_cFv
801D86C8:_move__14dMenu_Insect_cFv
801DD474:_move__14dMenu_Letter_cFv
801E3408:_move__14dMenu_Option_cFv
80191F18:_move__15dFile_warning_cFv
801B7A7C:_move__15dMenu_Collect_cFv
801C50B4:_move__15dMenu_Fishing_cFv
801904E4:_move__16dFile_select3D_cFv
801B5CD4:_move__17dMenu_Collect2D_cFv
801B66C8:_move__17dMenu_Collect3D_cFUcUc
801AEDAC:_move__19dMenu_Calibration_cFv
8002A32C:_move__6dMap_cFffif
8024E9A0:_move__7dName_cFv
801F09AC:_open__12dMenu_save_cFv
801F7A40:_open__13dMenu_Skill_cFv
801D894C:_open__14dMenu_Insect_cFv
801DDA74:_open__14dMenu_Letter_cFv
801E3B98:_open__14dMenu_Option_cFv
801C52E4:_open__15dMenu_Fishing_cFv
80029A1C:_remove__6dMap_cFv
80362154:_restfpr_14
80362158:_restfpr_15
8036215C:_restfpr_16
80362160:_restfpr_17
80362164:_restfpr_18
80362168:_restfpr_19
8036216C:_restfpr_20
80362170:_restfpr_21
80362174:_restfpr_22
80362178:_restfpr_23
8036217C:_restfpr_24
80362180:_restfpr_25
80362184:_restfpr_26
80362188:_restfpr_27
8036218C:_restfpr_28
80362190:_restfpr_29
80362194:_restfpr_30
80362198:_restfpr_31
803621EC:_restgpr_14
803621F0:_restgpr_15
803621F4:_restgpr_16
803621F8:_restgpr_17
803621FC:_restgpr_18
80362200:_restgpr_19
80362204:_restgpr_20
80362208:_restgpr_21
8036220C:_restgpr_22
80362210:_restgpr_23
80362214:_restgpr_24
80362218:_restgpr_25
8036221C:_restgpr_26
80362220:_restgpr_27
80362224:_restgpr_28
80362228:_restgpr_29
8036222C:_restgpr_30
80362230:_restgpr_31
80005544:_rom_copy_info
80362108:_savefpr_14
8036210C:_savefpr_15
80362110:_savefpr_16
80362114:_savefpr_17
80362118:_savefpr_18
8036211C:_savefpr_19
80362120:_savefpr_20
80362124:_savefpr_21
80362128:_savefpr_22
8036212C:_savefpr_23
80362130:_savefpr_24
80362134:_savefpr_25
80362138:_savefpr_26
8036213C:_savefpr_27
80362140:_savefpr_28
80362144:_savefpr_29
80362148:_savefpr_30
8036214C:_savefpr_31
803621A0:_savegpr_14
803621A4:_savegpr_15
803621A8:_savegpr_16
803621AC:_savegpr_17
803621B0:_savegpr_18
803621B4:_savegpr_19
803621B8:_savegpr_20
803621BC:_savegpr_21
803621C0:_savegpr_22
803621C4:_savegpr_23
803621C8:_savegpr_24
803621CC:_savegpr_25
803621D0:_savegpr_26
803621D4:_savegpr_27
803621D8:_savegpr_28
803621DC:_savegpr_29
803621E0:_savegpr_30
803621E4:_savegpr_31
8045078C:aPiecePriority__Q29JFWSystem11CSetUpParam
803A2630:aT
804284A8:a_eyeOfsTbl$4079
8042C790:a_eyeOfsTbl$4289
80392FC4:a_jntNumTbl$4463
80393B08:a_jntNumTbl$4692
803B3DE4:a_jntTbl_M$3905
803B6604:a_jntTbl_M$3910
803B50E4:a_jntTbl_W$3907
803B81C4:a_jntTbl_W$3912
803B4CE4:a_prmTbl_M$3906
803B7DC4:a_prmTbl_M$3911
803B5E04:a_prmTbl_W$3908
803B98BC:a_prmTbl_W$3913
80398258:a_tag$3949
80392E5C:a_transScaleTbl$3984
80393994:a_transScaleTbl$3998
80362ABC:abort
803650D0:abs
8008E790:abs__4cXyzCFv
800CE468:acceptSubjectModeChange__9daAlink_cFv
802A244C:acceptsNewAudible__8JAISoundCFv
8036C6E0:acos
8036CA30:acosf
80450664:act_type_num__12dAttention_c
803A9C04:act_type_tbl__12dAttention_c
80251534:action__16dNpcLib_lookat_cF4cXyz4cXyzP10fopAc_ac_cPA4_fi
8014CC20:action__8daNpcT_cFv
803A82A8:action_table$5100
8028AA48:adaptor_do_ANIMATION_MODE__Q214JStudio_JStage14TAdaptor_actorFQ37JStudio4data15TEOperationDataPCvUl
8028A9F0:adaptor_do_ANIMATION__Q214JStudio_JStage14TAdaptor_actorFQ37JStudio4data15TEOperationDataPCvUl
8028DC88:adaptor_do_BEGIN_FADE_IN__Q215JStudio_JAudio214TAdaptor_soundFQ37JStudio4data15TEOperationDataPCvUl
8028EAB0:adaptor_do_BEGIN_FADE_IN__Q217JStudio_JParticle17TAdaptor_particleFQ37JStudio4data15TEOperationDataPCvUl
8028DC54:adaptor_do_BEGIN__Q215JStudio_JAudio214TAdaptor_soundFQ37JStudio4data15TEOperationDataPCvUl
8028EA7C:adaptor_do_BEGIN__Q217JStudio_JParticle17TAdaptor_particleFQ37JStudio4data15TEOperationDataPCvUl
8028DE6C:adaptor_do_CONTINUOUS__Q215JStudio_JAudio214TAdaptor_soundFQ37JStudio4data15TEOperationDataPCvUl
8028D228:adaptor_do_ENABLE__Q214JStudio_JStage14TAdaptor_lightFQ37JStudio4data15TEOperationDataPCvUl
8028DD00:adaptor_do_END_FADE_OUT__Q215JStudio_JAudio214TAdaptor_soundFQ37JStudio4data15TEOperationDataPCvUl
8028EB24:adaptor_do_END_FADE_OUT__Q217JStudio_JParticle17TAdaptor_particleFQ37JStudio4data15TEOperationDataPCvUl
8028DCD0:adaptor_do_END__Q215JStudio_JAudio214TAdaptor_soundFQ37JStudio4data15TEOperationDataPCvUl
8028EAF8:adaptor_do_END__Q217JStudio_JParticle17TAdaptor_particleFQ37JStudio4data15TEOperationDataPCvUl
8028D1B0:adaptor_do_FACULTY__Q214JStudio_JStage14TAdaptor_lightFQ37JStudio4data15TEOperationDataPCvUl
8028DE88:adaptor_do_LOCATED__Q215JStudio_JAudio214TAdaptor_soundFQ37JStudio4data15TEOperationDataPCvUl
80037E44:adaptor_do_MESSAGE__Q220@unnamed@d_demo_cpp@24jstudio_tAdaptor_messageFQ37JStudio4data15TEOperationDataPCvUl
8028DEB0:adaptor_do_ON_EXIT_NOT_END__Q215JStudio_JAudio214TAdaptor_soundFQ37JStudio4data15TEOperationDataPCvUl
8028ECA4:adaptor_do_ON_EXIT_NOT_END__Q217JStudio_JParticle17TAdaptor_particleFQ37JStudio4data15TEOperationDataPCvUl
8028AB68:adaptor_do_PARENT_ENABLE__Q214JStudio_JStage14TAdaptor_actorFQ37JStudio4data15TEOperationDataPCvUl
8028BC70:adaptor_do_PARENT_ENABLE__Q214JStudio_JStage15TAdaptor_cameraFQ37JStudio4data15TEOperationDataPCvUl
8028DE34:adaptor_do_PARENT_ENABLE__Q215JStudio_JAudio214TAdaptor_soundFQ37JStudio4data15TEOperationDataPCvUl
8028EC58:adaptor_do_PARENT_ENABLE__Q217JStudio_JParticle17TAdaptor_particleFQ37JStudio4data15TEOperationDataPCvUl
8028ABF0:adaptor_do_PARENT_FUNCTION__Q214JStudio_JStage14TAdaptor_actorFQ37JStudio4data15TEOperationDataPCvUl
8028BCEC:adaptor_do_PARENT_FUNCTION__Q214JStudio_JStage15TAdaptor_cameraFQ37JStudio4data15TEOperationDataPCvUl
8028EC74:adaptor_do_PARENT_FUNCTION__Q217JStudio_JParticle17TAdaptor_particleFQ37JStudio4data15TEOperationDataPCvUl
8028AB0C:adaptor_do_PARENT_NODE__Q214JStudio_JStage14TAdaptor_actorFQ37JStudio4data15TEOperationDataPCvUl
8028BC14:adaptor_do_PARENT_NODE__Q214JStudio_JStage15TAdaptor_cameraFQ37JStudio4data15TEOperationDataPCvUl
8028DDB4:adaptor_do_PARENT_NODE__Q215JStudio_JAudio214TAdaptor_soundFQ37JStudio4data15TEOperationDataPCvUl
8028EBD8:adaptor_do_PARENT_NODE__Q217JStudio_JParticle17TAdaptor_particleFQ37JStudio4data15TEOperationDataPCvUl
8028AAC8:adaptor_do_PARENT__Q214JStudio_JStage14TAdaptor_actorFQ37JStudio4data15TEOperationDataPCvUl
8028BBD0:adaptor_do_PARENT__Q214JStudio_JStage15TAdaptor_cameraFQ37JStudio4data15TEOperationDataPCvUl
8028DD48:adaptor_do_PARENT__Q215JStudio_JAudio214TAdaptor_soundFQ37JStudio4data15TEOperationDataPCvUl
8028EB6C:adaptor_do_PARENT__Q217JStudio_JParticle17TAdaptor_particleFQ37JStudio4data15TEOperationDataPCvUl
8028EA68:adaptor_do_PARTICLE__Q217JStudio_JParticle17TAdaptor_particleFQ37JStudio4data15TEOperationDataPCvUl
8028ACA4:adaptor_do_RELATION_ENABLE__Q214JStudio_JStage14TAdaptor_actorFQ37JStudio4data15TEOperationDataPCvUl
8028AC48:adaptor_do_RELATION_NODE__Q214JStudio_JStage14TAdaptor_actorFQ37JStudio4data15TEOperationDataPCvUl
8028AC04:adaptor_do_RELATION__Q214JStudio_JStage14TAdaptor_actorFQ37JStudio4data15TEOperationDataPCvUl
8028DE50:adaptor_do_REPEAT__Q215JStudio_JAudio214TAdaptor_soundFQ37JStudio4data15TEOperationDataPCvUl
8028EC88:adaptor_do_REPEAT__Q217JStudio_JParticle17TAdaptor_particleFQ37JStudio4data15TEOperationDataPCvUl
8028A998:adaptor_do_SHAPE__Q214JStudio_JStage14TAdaptor_actorFQ37JStudio4data15TEOperationDataPCvUl
8028DC20:adaptor_do_SOUND__Q215JStudio_JAudio214TAdaptor_soundFQ37JStudio4data15TEOperationDataPCvUl
8028BDA0:adaptor_do_TARGET_PARENT_ENABLE__Q214JStudio_JStage15TAdaptor_cameraFQ37JStudio4data15TEOperationDataPCvUl
8028BD44:adaptor_do_TARGET_PARENT_NODE__Q214JStudio_JStage15TAdaptor_cameraFQ37JStudio4data15TEOperationDataPCvUl
8028BD00:adaptor_do_TARGET_PARENT__Q214JStudio_JStage15TAdaptor_cameraFQ37JStudio4data15TEOperationDataPCvUl
8028AAB4:adaptor_do_TEXTURE_ANIMATION_MODE__Q214JStudio_JStage14TAdaptor_actorFQ37JStudio4data15TEOperationDataPCvUl
8028AA5C:adaptor_do_TEXTURE_ANIMATION__Q214JStudio_JStage14TAdaptor_actorFQ37JStudio4data15TEOperationDataPCvUl
8028C6CC:adaptor_do_begin__Q214JStudio_JStage12TAdaptor_fogFv
8028A7B4:adaptor_do_begin__Q214JStudio_JStage14TAdaptor_actorFv
8028CCB0:adaptor_do_begin__Q214JStudio_JStage14TAdaptor_lightFv
8028BA1C:adaptor_do_begin__Q214JStudio_JStage15TAdaptor_cameraFv
8028B724:adaptor_do_begin__Q214JStudio_JStage21TAdaptor_ambientLightFv
8028601C:adaptor_do_begin__Q27JStudio8TAdaptorFv
8028C880:adaptor_do_data__Q214JStudio_JStage12TAdaptor_fogFPCvUlPCvUl
8028A974:adaptor_do_data__Q214JStudio_JStage14TAdaptor_actorFPCvUlPCvUl
8028D18C:adaptor_do_data__Q214JStudio_JStage14TAdaptor_lightFPCvUlPCvUl
8028BBAC:adaptor_do_data__Q214JStudio_JStage15TAdaptor_cameraFPCvUlPCvUl
8028B87C:adaptor_do_data__Q214JStudio_JStage21TAdaptor_ambientLightFPCvUlPCvUl
80286028:adaptor_do_data__Q27JStudio8TAdaptorFPCvUlPCvUl
8028C7B4:adaptor_do_end__Q214JStudio_JStage12TAdaptor_fogFv
8028A8D8:adaptor_do_end__Q214JStudio_JStage14TAdaptor_actorFv
8028CF68:adaptor_do_end__Q214JStudio_JStage14TAdaptor_lightFv
8028BAF8:adaptor_do_end__Q214JStudio_JStage15TAdaptor_cameraFv
8028B7B0:adaptor_do_end__Q214JStudio_JStage21TAdaptor_ambientLightFv
8028DA74:adaptor_do_end__Q215JStudio_JAudio214TAdaptor_soundFv
8028E97C:adaptor_do_end__Q217JStudio_JParticle17TAdaptor_particleFv
80286020:adaptor_do_end__Q27JStudio8TAdaptorFv
8028C684:adaptor_do_prepare__Q214JStudio_JStage12TAdaptor_fogFv
8028A728:adaptor_do_prepare__Q214JStudio_JStage14TAdaptor_actorFv
8028CC68:adaptor_do_prepare__Q214JStudio_JStage14TAdaptor_lightFv
8028B9D4:adaptor_do_prepare__Q214JStudio_JStage15TAdaptor_cameraFv
8028B720:adaptor_do_prepare__Q214JStudio_JStage21TAdaptor_ambientLightFv
8028D9A4:adaptor_do_prepare__Q215JStudio_JAudio214TAdaptor_soundFv
8028E850:adaptor_do_prepare__Q217JStudio_JParticle17TAdaptor_particleFv
80286018:adaptor_do_prepare__Q27JStudio8TAdaptorFv
8028C808:adaptor_do_update__Q214JStudio_JStage12TAdaptor_fogFUl
8028A92C:adaptor_do_update__Q214JStudio_JStage14TAdaptor_actorFUl
8028CFBC:adaptor_do_update__Q214JStudio_JStage14TAdaptor_lightFUl
8028BB4C:adaptor_do_update__Q214JStudio_JStage15TAdaptor_cameraFUl
8028B804:adaptor_do_update__Q214JStudio_JStage21TAdaptor_ambientLightFUl
8028DA78:adaptor_do_update__Q215JStudio_JAudio214TAdaptor_soundFUl
8028E980:adaptor_do_update__Q217JStudio_JParticle17TAdaptor_particleFUl
80286024:adaptor_do_update__Q27JStudio8TAdaptorFUl
8028638C:adaptor_getVariableValue_GXColor__Q27JStudio8TAdaptorCFP8_GXColorPCUl
80286274:adaptor_getVariableValue_Vec__Q27JStudio8TAdaptorCFP3VecPCUl
8028A550:adaptor_object_ENABLE___Q214JStudio_JStage16TAdaptor_object_FQ37JStudio4data15TEOperationDataPCvUl
8028A470:adaptor_object_data___Q214JStudio_JStage16TAdaptor_object_FPCvUlPCvUl
8028A50C:adaptor_object_findJSGObjectNode___Q214JStudio_JStage16TAdaptor_object_FPCQ26JStage7TObjectPCc
8028A4BC:adaptor_object_findJSGObject___Q214JStudio_JStage16TAdaptor_object_FPCc
80286648:adaptor_setVariableValue_FVR_INDEX___Q27JStudio8TAdaptorFPQ27JStudio8TAdaptorPQ27JStudio8TControlUlPCvUl
802865DC:adaptor_setVariableValue_FVR_NAME___Q27JStudio8TAdaptorFPQ27JStudio8TAdaptorPQ27JStudio8TControlUlPCvUl
802862AC:adaptor_setVariableValue_GXColor__Q27JStudio8TAdaptorFPCUlRC8_GXColor
80286584:adaptor_setVariableValue_IMMEDIATE___Q27JStudio8TAdaptorFPQ27JStudio8TAdaptorPQ27JStudio8TControlUlPCvUl
802865B0:adaptor_setVariableValue_TIME___Q27JStudio8TAdaptorFPQ27JStudio8TAdaptorPQ27JStudio8TControlUlPCvUl
8028656C:adaptor_setVariableValue_VOID___Q27JStudio8TAdaptorFPQ27JStudio8TAdaptorPQ27JStudio8TControlUlPCvUl
80286204:adaptor_setVariableValue_Vec__Q27JStudio8TAdaptorFPCUlRC3Vec
8028602C:adaptor_setVariableValue__Q27JStudio8TAdaptorFPQ27JStudio8TControlUlQ37JStudio4data15TEOperationDataPCvUl
802861C0:adaptor_setVariableValue_immediate__Q27JStudio8TAdaptorFPCQ37JStudio8TAdaptor27TSetVariableValue_immediate
802860CC:adaptor_setVariableValue_n__Q27JStudio8TAdaptorFPQ27JStudio8TControlPCUlUlQ37JStudio4data15TEOperationDataPCvUl
802864D8:adaptor_updateVariableValue__Q27JStudio8TAdaptorFPQ27JStudio8TControlUl
80195330:addAlpha__16dSelect_cursor_cFv
8009B940:addBombCount__FUcUc
80033F9C:addBottleNum__24dSv_player_item_record_cFUcs
80229788:addCharactor__19jmessage_tReferenceFUs
8022FA30:addCharactor__26jmessage_string_tReferenceFUs
80312758:addChildPacket__9J3DPacketFP9J3DPacket
80243F7C:addCountGuide__14dMsgScrnHowl_cFs
80243F58:addCount__14dMsgScrnHowl_cFs
8009BCB4:addData__7dTres_cFPQ27dTres_c10list_classSc
800344FC:addFishCount__18dSv_fishing_info_cFUc
801BA974:addGoldFrameAlphaRate__14dMenu_DmapBg_cFv
8022FA6C:addLineLength__26jmessage_string_tReferenceFif
80048F70:addModel__15dSmplMdl_draw_cFP12J3DModelDataiUc
80055F1C:addReal__21dDlst_shadowControl_cFUlP8J3DModel
8031221C:addResTIMG__10J3DTextureFUsPC7ResTIMG
802375E4:addSelectBomBag__12dMsgObject_cFUc
80312A04:addShapePacket__12J3DMatPacketFP14J3DShapePacket
8002CAF0:addSimpleModel__14dComIfG_play_cFP12J3DModelDataiUc
8004BA40:addTable__Q213dPa_control_c7level_cFPQ313dPa_control_c7level_c9emitter_c
80314974:addTexMtxIndexInDL__12J3DShapeDrawFUlUlUl
80314BB8:addTexMtxIndexInDL__8J3DShapeF7_GXAttrUl
80314CBC:addTexMtxIndexInVcd__8J3DShapeF7_GXAttr
8003D790:addTypeGroupData__26fmpTresTypeGroupDataList_cFUcPCQ27dTres_c6data_s
8003A840:addWarpMaterial__FP12J3DModelData
800551D4:add__18dDlst_shadowReal_cFP8J3DModel
802F6FB4:add__7J2DPaneFff
80024B44:add__Q220dStage_roomControl_c9roomDzs_cFUcUc
80031190:add__Q27daSus_c6room_cFPQ27daSus_c6data_c
80424980:add_table$7951
804249E0:add_table$8941
800159E4:addition__17mDoDvdThd_param_cFP19mDoDvdThd_command_c
802E6D3C:addrToXPos__FPvi
801ADFB4:adjustHeap__10dThunder_cFv
802E5CC4:adjustMeterLength__10JUTProcBarFUlPfffPi
801515D4:adjustMoveDisAngle__15daNpcF_Lookat_cFRssss
8014F38C:adjustShapeAngle__11daBaseNpc_cFv
80155BBC:adjustShapeAngle__8daNpcF_cFv
802D0BF4:adjustSize__12JKRSolidHeapFv
800462FC:advanceCutLocal__11dEvDtBase_cFP12dEvDtStaff_c
8004628C:advanceCut__11dEvDtBase_cFP12dEvDtEvent_c
80044170:advanceCut__12dEvDtStaff_cFi
800289D0:afterDrawPath__15renderingAmap_cFv
801C0CB8:afterDrawPath__15renderingDmap_cFv
801CF568:afterDrawPath__15renderingFmap_cFv
80040518:afterDrawPath__19renderingPlusDoor_cFv
800402FC:afterDrawPath__28renderingPlusDoorAndCursor_cFv
80041964:afterFlagProc__14dEvt_control_cFP12dEvt_order_c
8014CC48:afterJntAnm__8daNpcT_cFi
8014CC18:afterMoved__8daNpcT_cFv
8014CCA0:afterSetFaceMotionAnm__8daNpcT_cFiifi
8014CCE0:afterSetMotionAnm__8daNpcT_cFiifi
802BED68:ageSounds___15Z2SoundObjAnimeFv
80396750:ageha_tag$4250
80397078:al0_n$5218
803970A8:al1_n$5219
803970D8:al2_n$5220
80397108:al3_n$5221
802DC370:align__20JSURandomInputStreamFl
800AD170:allAnimePlay__9daAlink_cFv
8014F228:allAnmPlay__11daBaseNpc_cFv
8004B8E8:allForceOnEventMove__Q213dPa_control_c7level_cFv
80046C9C:allOffObjectCallBack__FP10fopAc_ac_cPv
800B983C:allUnequip__9daAlink_cFi
801C7B24:all_map_init__12dMenu_Fmap_cFv
801C7C2C:all_map_proc__12dMenu_Fmap_cFv
801D1DC4:allmap_move2__18dMenu_Fmap2DBack_cFP9STControl
802DD650:allocArea__12JUTCacheFontFPvUlP7JKRHeap
802DD804:allocArray__12JUTCacheFontFP7JKRHeap
802D0874:allocBack__Q210JKRExpHeap9CMemBlockFUlUcUcUcUc
80324F70:allocBuffer__13J3DDrawBufferFUl
8028F850:allocCallStack__13JASTaskThreadFPFPv_vPCvUl
8028F9EC:allocCallStack__13JASTaskThreadFPFPv_vPv
8029D4BC:allocForce__13JASDSPChannelFUcPFUlPQ26JASDsp8TChannelPv_lPv
802D0830:allocFore__Q210JKRExpHeap9CMemBlockFUlUcUcUcUc
802CF490:allocFromHead__10JKRExpHeapFUl
802CF234:allocFromHead__10JKRExpHeapFUli
802D3034:allocFromHead__11JKRAramHeapFUl
802D0D58:allocFromHead__12JKRSolidHeapFUli
802CF6D4:allocFromTail__10JKRExpHeapFUl
802CF574:allocFromTail__10JKRExpHeapFUli
802D30BC:allocFromTail__11JKRAramHeapFUl
802D0E20:allocFromTail__12JKRSolidHeapFUli
802D3434:allocHead__12JKRAramBlockFUlUcP11JKRAramHeap
802D34D0:allocTail__12JKRAramBlockFUlUcP11JKRAramHeap
802903F4:allocTail__7JASHeapFP7JASHeapUl
8031152C:allocTransformedVtxNrmArray__15J3DVertexBufferFv
80311478:allocTransformedVtxPosArray__15J3DVertexBufferFv
803378D8:allocVcdVatCmdBuffer__15J3DShapeFactoryFUl
802D2FBC:alloc__11JKRAramHeapFUlQ211JKRAramHeap10EAllocMode
8029D44C:alloc__13JASDSPChannelFUcPFUlPQ26JASDsp8TChannelPv_lPv
80290948:alloc__17JASGenericMemPoolFUl
8029021C:alloc__7JASHeapFP7JASHeapUl
802CE4D4:alloc__7JKRHeapFUli
802CE474:alloc__7JKRHeapFUliP7JKRHeap
80229848:allsetCharCountBuffer__19jmessage_tReferenceFv
80203F60:alphaAnimeButton3DB__14dMeterButton_cFUlb
802036C0:alphaAnimeButton3D__14dMeterButton_cFUlb
80204368:alphaAnimeButtonAB__14dMeterButton_cFUlb
80203E58:alphaAnimeButtonAR__14dMeterButton_cFUlb
802032C4:alphaAnimeButtonA__14dMeterButton_cFUlb
8020339C:alphaAnimeButtonB__14dMeterButton_cFUlb
802046F8:alphaAnimeButtonBin__14dMeterButton_cFUlb
802037B8:alphaAnimeButtonC__14dMeterButton_cFUlb
802254C0:alphaAnimeButtonCross__9dMeter2_cFv
80204068:alphaAnimeButtonNURE__14dMeterButton_cFUlb
80204620:alphaAnimeButtonNunC__14dMeterButton_cFUlb
80204548:alphaAnimeButtonNunZ__14dMeterButton_cFUlb
80203B1C:alphaAnimeButtonNun__14dMeterButton_cFUlb
802034A8:alphaAnimeButtonR__14dMeterButton_cFUlb
80204278:alphaAnimeButtonReel2__14dMeterButton_cFUlb
80204170:alphaAnimeButtonReel__14dMeterButton_cFUlb
80203D44:alphaAnimeButtonRemo2__14dMeterButton_cFUlb
80203C30:alphaAnimeButtonRemo__14dMeterButton_cFUlb
80203878:alphaAnimeButtonS__14dMeterButton_cFUlb
80204458:alphaAnimeButtonTate__14dMeterButton_cFUlb
802038F4:alphaAnimeButtonX__14dMeterButton_cFUlb
80203A08:alphaAnimeButtonY__14dMeterButton_cFUlb
802035AC:alphaAnimeButtonZ__14dMeterButton_cFUlb
802250F4:alphaAnimeButton__9dMeter2_cFv
8020BEA0:alphaAnimeHaihai__14dMeterHaihai_cFUl
8020CC58:alphaAnimeHakusha__15dMeterHakusha_cFUl
80224A04:alphaAnimeKantera__9dMeter2_cFv
80224F70:alphaAnimeKey__9dMeter2_cFv
802248E4:alphaAnimeLife__9dMeter2_cFv
80224D6C:alphaAnimeLightDrop__9dMeter2_cFv
80255964:alphaAnimeLoop__13CPaneMgrAlphaFsUcUcUc
80224BAC:alphaAnimeOxygen__9dMeter2_cFv
80224DC0:alphaAnimeRupee__9dMeter2_cFv
80255878:alphaAnime__13CPaneMgrAlphaFsUcUcUc
80073004:alphaAnm__10dAttDraw_cFv
803BB548:amariheartTex$3880
80450674:ang_table$4418
803A9C3C:ang_table2$4419
80144EDC:animEntry__12daItemBase_cFv
8014503C:animPlay__12daItemBase_cFffffff
80303370:animationPane__11J2DWindowExFPC15J2DAnmTransform
80306C70:animationPane__12J2DPictureExFPC15J2DAnmTransform
8030896C:animationPane__12J2DTextBoxExFPC15J2DAnmTransform
802F8228:animationPane__7J2DPaneFPC15J2DAnmTransform
801B1C3C:animationSet__17dMenu_Collect2D_cFv
802F8080:animationTransform__7J2DPaneFPC15J2DAnmTransform
802F7FCC:animationTransform__7J2DPaneFv
80158E28:animation__10daNpcCd2_cFi
802EAC78:animation__11J2DMaterialFv
80195A3C:animation__14dSelect_icon_cFv
802F9690:animation__9J2DScreenFv
80156DBC:animation__9daNpcCd_cFv
80190B44:animeEntry__16dFile_select3D_cFv
801B6FB0:animeEntry__17dMenu_Collect3D_cFv
80454F60:animeFrame$5017
80190A14:animePlay__16dFile_select3D_cFv
801B6E70:animePlay__17dMenu_Collect3D_cFv
800AD128:animePlay__9daAlink_cFP15J3DAnmTransformP16daPy_frameCtrl_c
8025FB74:anime__21dDlst_TimerScrnDraw_cFv
803919D8:anmIdx$19945
80431540:aoData$1265
80431490:aoData$1517
80038FC0:appendActor__14dDemo_object_cFP10fopAc_ac_c
802A4A80:appendBankTable__22JAUBankTableDictionaryFP23JSULink<12JAUBankTable>
802F666C:appendChild__7J2DPaneFP7J2DPane
8032F13C:appendChild__8J3DJointFP8J3DJoint
802E8240:appendConsole__17JUTConsoleManagerFP10JUTConsole
80285560:appendCreateObject__Q27JStudio8TFactoryFPQ27JStudio13TCreateObject
802A6B8C:appendDynamicSeqDataBlock__23JAUDynamicSeqDataBlocksFP15JAUSeqDataBlock
800391B8:appendLight__14dDemo_object_cFv
802E3B0C:appendMapFile__12JUTExceptionFPCc
80281060:appendObject__Q37JStudio3ctb8TControlFPQ37JStudio3ctb7TObject
80284704:appendObject__Q37JStudio3fvb8TControlFPQ37JStudio3fvb7TObject
80289228:appendObject__Q37JStudio3stb8TControlFPQ37JStudio3stb7TObject
802CFDCC:appendUsedList__10JKRExpHeapFPQ210JKRExpHeap9CMemBlock
802FF208:append__10J2DPictureFP10JUTTexturef
802FF238:append__10J2DPictureFPC7ResTIMGP10JUTPalettef
801BDD40:append__10J2DPictureFPC7ResTIMGf
802FF2F0:append__10J2DPictureFPCcP10JUTPalettef
80020338:append__10J2DPictureFPCcf
802DBF4C:append__10JSUPtrListFP10JSUPtrLink
80303EEC:append__12J2DPictureExFP10JUTTexturef
80303E5C:append__12J2DPictureExFPC7ResTIMGP10JUTPalettef
80306ED4:append__12J2DPictureExFPC7ResTIMGf
80303EA4:append__12J2DPictureExFPCcP10JUTPalettef
80306F04:append__12J2DPictureExFPCcf
802A69D8:append__16JAUSeqDataBlocksFP26JSULink<15JAUSeqDataBlock>
80292F90:append__Q28JASTrack5TListFP8JASTrack
8045165C:apploaderPosition$69
8045077C:aramAudioBufSize__Q29JFWSystem11CSetUpParam
80450780:aramGraphBufSize__Q29JFWSystem11CSetUpParam
802D25B4:aramToMainRam__7JKRAramFUlPUcUl15JKRExpandSwitchUlP7JKRHeapiPUl
80450C68:aram_cache_size
80450D9C:arcName$4309
803BA0A0:arcName$4622
8043069C:arcName$6106
80450C34:archiveHeap
80450C04:archiveHeapErrors
80396288:area_name$5814
80391EC0:arm1Vec$56040
80391ECC:arm2Vec$56041
80453228:armJointTable$56027
801CD460:arrowPosInit__12dMenu_Fmap_cFv
80238C58:arwAnimeInit__14dMsgScrnBase_cFv
8023FF30:arwAnimeInit__14dMsgScrnItem_cFv
802480F0:arwAnimeInit__14dMsgScrnTalk_cFv
8023BE34:arwAnimeInit__15dMsgScrnArrow_cFv
80238C54:arwAnimeMove__14dMsgScrnBase_cFv
8023FF54:arwAnimeMove__14dMsgScrnItem_cFv
80248114:arwAnimeMove__14dMsgScrnTalk_cFv
8023BE90:arwAnimeMove__15dMsgScrnArrow_cFv
8029F864:asSe__5JAISeFv
802A25D8:asSe__8JAISoundFv
802A1768:asSeq__6JAISeqFv
802A25E0:asSeq__8JAISoundFv
802A25E8:asStream__8JAISoundFv
802A3ACC:asStream__9JAIStreamFv
8036C700:asin
8044AA40:asinAcosTable___5JMath
802919F4:assignExtBuffer__8JASTrackFUlP14JASSoundParams
802E0BBC:assign__10JUTGamePadFv
80396468:ast_c$5856
803965A8:ast_c$6233
80087A58:at_power_check__FP11dCcU_AtInfo
80087594:at_power_get__FP11dCcU_AtInfo
8036BCA4:atan
8036C720:atan2
80267128:atan2sX_Z__4cXyzCFv
80267150:atan2sY_XZ__4cXyzCFv
80449A20:atanTable___5JMath
803A25F0:atanhi
803A2610:atanlo
8039177C:atnFinishType$6979
80391740:atnNormalType1$6976
80391754:atnNormalType2$6977
80391768:atnNormalType3$6978
803C3778:atntable
802A21BC:attachHandle__8JAISoundFP14JAISoundHandle
802DE5B0:attachPalette__10JUTTextureFP10JUTPalette
80016FB8:attach__15mDoMemCd_Ctrl_cFv
801E3F6C:atten_init__14dMenu_Option_cFv
801E3FC4:atten_move__14dMenu_Option_cFv
8009771C:attentionPos__9dCamera_cFP10fopAc_ac_c
8014EFA4:attnSttsOn__11daBaseNpc_cFii
80450670:attn_opt_hold
804315DC:audioAramHeap__9JASKernel
80431F80:audio_task
800BD6FC:autoGroundHit__9daAlink_cFv
804509EC:autoInvalidation
80453150:bFootJoint$44786
80097C74:bSpline2__10dPathCurveFf
8009544C:bSplineEvCamera__9dCamera_cFv
80398280:b_tag$3950
804505F8:backColor$3972
8018AAC4:backDatSelPaneMove__14dFile_select_cFv
8018AD38:backDatSelWait2__14dFile_select_cFv
8018AC3C:backDatSelWait__14dFile_select_cFv
800C5700:backJumpSpeedDec__9daAlink_cFv
80187824:backNameInputMove0__14dFile_select_cFv
80187908:backNameInputMove__14dFile_select_cFv
801F1A48:backSaveQuestion2__12dMenu_save_cFv
801F19A8:backSaveQuestionInitSet__12dMenu_save_cFv
801F19DC:backSaveQuestion__12dMenu_save_cFv
80187B44:backSelectMove__14dFile_select_cFv
80250074:backSpace__7dName_cFv
802E5B30:bar_subroutine__10JUTProcBarFiiiiiiiQ28JUtility6TColorQ28JUtility6TColor
80191FD4:baseMoveAnm__15dFile_warning_cFv
802784F0:basePlaneTypeXY__FPA4_fff
8027853C:basePlaneTypeXZ__FPA4_fff
80278588:basePlaneTypeX__FPA4_fff
801B91DC:baseScreenInit__14dMenu_DmapBg_cFv
80398460:base_tag$4933
800CC298:basicModelDraw__9daAlink_cFP8J3DModel
802B4BD0:battleBgmFramework__8Z2SeqMgrFv
804517D4:bb2
8044C9B8:bb2Buf
80397F40:bboxPosX$3881
80397F58:bboxPosY$3882
80397F28:bboxScale$3880
803BB71C:bck_name$3685
803BC71C:bck_name$7583
803BC73C:bck_name$7687
803BB304:bck_name$8683
803BB324:bck_name$8786
8028F354:bcopy__7JASCalcFPCvPvUl
8028F318:bcopyfast__7JASCalcFPCvPvUl
802CE438:becomeCurrentHeap__7JKRHeapFv
802D5A38:becomeCurrent__10JKRArchiveFPCc
802D4D44:becomeCurrent__12JKRFileCacheFPCc
802CE428:becomeSystemHeap__7JKRHeapFv
80028960:beforeDrawPath__15renderingAmap_cFv
801C25E4:beforeDrawPath__15renderingDmap_cFv
801CF564:beforeDrawPath__15renderingFmap_cFv
8004145C:beforeDrawPath__19renderingPlusDoor_cFv
80041934:beforeFlagProc__14dEvt_control_cFP12dEvt_order_c
8014CC1C:beforeMove__8daNpcT_cFv
800434CC:beforeProc__11dEvt_info_cFv
8019ACE8:beforeSelectSeqAction__13dShopSystem_cFP10dMsgFlow_ci
8019ACE0:beforeStartSeqAction__13dShopSystem_cFP10dMsgFlow_ci
802A4990:beginBNKList__17JAUAudioArcLoaderFUlUl
80312644:beginDL__17J3DDisplayListObjFv
80312A24:beginDiff__12J3DMatPacketFv
802A5CAC:beginNewBankTable__10JAUSectionFUlUl
8028F108:beginParticle_fadeIn___Q217JStudio_JParticle17TAdaptor_particleFv
803126F4:beginPatch__17J3DDisplayListObjFv
80272798:beginRender__10JFWDisplayFv
80007F90:beginRender__13mDoGph_gInf_cFv
8028DFA4:beginSound_fadeIn___Q215JStudio_JAudio214TAdaptor_soundFv
802A1F58:beginStartSeq___9JAISeqMgrFv
8015E87C:bgCheckAfterOffset__20daPy_boomerangMove_cFPC4cXyz
80450FCC:bgWaitFlg$58404
8015D734:bg_check__8daItem_cFv
80391B5C:bgmLabel$37391
802B5E88:bgmNowBattle__8Z2SeqMgrFf
802B5E84:bgmSetSwordUsing__8Z2SeqMgrFl
802AF010:bgmStart__8Z2SeqMgrFUlUll
802AF408:bgmStop__8Z2SeqMgrFUll
802AFDEC:bgmStreamCheckReady__8Z2SeqMgrFv
802AFE18:bgmStreamPlay__8Z2SeqMgrFv
802AFB94:bgmStreamPrepare__8Z2SeqMgrFUl
802AFEDC:bgmStreamStop__8Z2SeqMgrFUl
8019E854:bgparts_activelight_init__Fv
80353F24:bitrev
80450728:black$4166
80398A78:black_color$4634
80398DF0:black_color$4675
8037B140:black_tex
801C452C:blinkMove__16dMenuMapCommon_cFs
803BB70C:blo_name$3684
8044C9F8:block$18
80181280:blureCamera__9dCamera_cFv
803BF328:bmg_filename$3954
800EF35C:boarForceGetOff__9daAlink_cFv
8039193C:boarLocalLeft$17681
80391948:boarLocalRight$17682
80391984:boarRideOffset$19147
80105B58:boardCommon__9daAlink_cFi
80391F98:boardLocalEyeFromRoot$59879
803B2D94:bodyBrkName$69118
801F11F4:bookIconAnm__12dMenu_save_cFv
801848A0:bookIconAnm__14dFile_select_cFv
80451780:bootInfo
80451698:bootThisDol
8029D958:boot__6JASDspFPFPv_v
80451CD8:borderColor0$3975
804541C4:borderColor0$4169
80451CDC:borderColor1$3976
804541C8:borderColor1$4170
803956C8:boss_tag$4934
8010E48C:bottleModelCallBack__9daAlink_cFv
80391A14:bottleTop$32160
80392028:bottleTopPos$61387
80451890:bound_32KHz
80451898:bound_48KHz
803A2380:bp
803BB72C:bpk_name$3686
800387A8:branchFile__FPCc
8024AD54:branchNodeProc__10dMsgFlow_cFP10fopAc_ac_cPP10fopAc_ac_c
80039D4C:branch__7dDemo_cFv
803BB5D4:brightChackProc
80258FD4:brightCheckOpen__10dScnName_cFv
80259008:brightCheck__10dScnName_cFv
803BC72C:brk_name$7584
803BC74C:brk_name$7688
803BB314:brk_name$8684
803BB334:brk_name$8787
80096EDC:bspTransEvCamera__9dCamera_cFv
803BB74C:btk2_name$3688
801B1CE0:btkAnimeLoop0__17dMenu_Collect2D_cFP19J2DAnmTextureSRTKey
801D6DF8:btkAnimeLoop__17dMenu_Fmap2DTop_cFP19J2DAnmTextureSRTKeyf
801D49E0:btkAnimeLoop__18dMenu_Fmap2DBack_cFf
8014F140:btkCtrl__11daBaseNpc_cFv
803BB73C:btk_name$3687
80423FD0:buf$7371
804518B0:buffer
803DD4A0:buffer__14mDoMtx_stack_c
8003DEE0:buildFmapRegionData__24dMenu_Fmap_region_data_cFi
8003D92C:buildFmapRoomData__22dMenu_Fmap_room_data_cFiiffff
8003D9D8:buildFmapStageData__23dMenu_Fmap_stage_data_cFiff
8003E04C:buildFmapWorldData__23dMenu_Fmap_world_data_cFv
8003D868:buildTresTypeGroup__22dMenu_Fmap_room_data_cFiii
80166764:bumpCheck__9dCamera_cFUl
801B8A0C:buttonIconScreenInit__14dMenu_DmapBg_cFv
802E6DA4:byteToXLen__Fii
8028F480:bzero__7JASCalcFPvUl
8028F454:bzerofast__7JASCalcFPvUl
803CD880:c2r$1302
803D2810:c2r$334
803CC640:c3bcnt
802632AC:cAPICPad_ANY_BUTTON__FUl
8026328C:cAPICPad_recalibrate__Fv
80263328:cAPIGph_AfterOfDraw__Fv
802632F8:cAPIGph_BeforeOfDraw__Fv
802632C8:cAPIGph_Painter__Fv
8045088E:cBeginHowlTime
802681E4:cBgW_CheckBGround__Ff
802681FC:cBgW_CheckBRoof__Ff
80268210:cBgW_CheckBWall__Ff
800183DC:cCc_Init__Fv
80265E1C:cCt_Counter__Fi
800182A8:cDmrNowMidnaTalk__Fv
80450C9F:cDmr_FishingWether
80450C98:cDmr_SkipInfo
80450CB0:cDyl_DVD
80018798:cDyl_InitAsyncIsDone__Fv
80018764:cDyl_InitAsync__Fv
80018688:cDyl_InitCallback__FPv
80450CAC:cDyl_Initialized
80018544:cDyl_IsLinked__Fs
800185C0:cDyl_LinkASync__Fs
8001857C:cDyl_Unlink__Fs
80455820:cEqualCSlope__6Z2Calc
80455824:cEqualPSlope__6Z2Calc
8026FA80:cLib_addCalc0__FPfff
8026FA3C:cLib_addCalc2__FPffff
80270608:cLib_addCalcAngleS2__FPssss
80270540:cLib_addCalcAngleS__FPsssss
80270178:cLib_addCalcPos2__FP4cXyzRC4cXyzff
80270350:cLib_addCalcPosXZ2__FP4cXyzRC4cXyzff
8026FDF4:cLib_addCalcPosXZ__FP4cXyzRC4cXyzfff
8026FAB8:cLib_addCalcPos__FP4cXyzRC4cXyzfff
801A2090:cLib_addCalcU8__FPUcUcss
8026F97C:cLib_addCalc__FPfffff
80252E70:cLib_calcTimer<Sc>__FPSc
80141AE8:cLib_calcTimer<Uc>__FPUc
802585A4:cLib_calcTimer<Us>__FPUs
8014D348:cLib_calcTimer<i>__FPi
8024DAB0:cLib_calcTimer<l>__FPl
8014D32C:cLib_calcTimer<s>__FPs
80270B90:cLib_chaseAngleS__FPsss
80270740:cLib_chaseF__FPfff
80270990:cLib_chasePosXZ__FP4cXyzRC4cXyzf
802707AC:cLib_chasePos__FP4cXyzRC4cXyzf
802706D0:cLib_chaseS__FPsss
8027065C:cLib_chaseUC__FPUcUcUc
80270E24:cLib_distanceAngleS__Fss
8014D364:cLib_getRndValue<i>__Fii
8026F93C:cLib_memCpy__FPvPCvUl
8026F95C:cLib_memSet__FPviUl
80270DC0:cLib_offsetPos__FP4cXyzPC4cXyzsPC4cXyz
80270C74:cLib_targetAngleX__FPC4cXyzPC4cXyz
80270C04:cLib_targetAngleY__FPC3VecPC3Vec
80270C3C:cLib_targetAngleY__FRC3VecRC3Vec
80266098:cLsIt_Judge__FP15node_list_classPFP10node_classPv_PvPv
80266060:cLsIt_Method__FP15node_list_classPFP10node_classPv_iPv
80265EFC:cLs_Addition__FP15node_list_classP10node_class
80266040:cLs_Create__FP15node_list_class
80265FF8:cLs_GetFirst__FP15node_list_class
80265E64:cLs_Init__FP15node_list_class
80265F70:cLs_Insert__FP15node_list_classiP10node_class
80265E78:cLs_SingleCut__FP10node_class
80268260:cM2d_CrossCirLin__FR8cM2dGCirffffPfPf
8026E6F0:cM3d_2PlaneCrossLine__FRC8cM3dGPlaRC8cM3dGPlaP8cM3dGLin
8026EB38:cM3d_2PlaneLinePosNearPos__FRC8cM3dGPlaRC8cM3dGPlaPC3VecP3Vec
8026E8A0:cM3d_3PlaneCrossPos__FRC8cM3dGPlaRC8cM3dGPlaRC8cM3dGPlaP3Vec
8026891C:cM3d_CalcPla__FPC3VecPC3VecPC3VecP3VecPf
8026BE5C:cM3d_CalcSphVsTriCrossPoint__FPC8cM3dGSphPC8cM3dGTriP3Vec
8026E4FC:cM3d_CalcVecAngle__FRC3VecPsPs
8026E570:cM3d_CalcVecZAngle__FRC3VecP5csXyz
80268C5C:cM3d_Check_LinLin__FPC8cM3dGLinPC8cM3dGLinPfPf
8026EBBC:cM3d_CrawVec__FRC3VecRC3VecP3Vec
80268ED4:cM3d_CrossInfLineVsInfPlane_proc__FffPC3VecPC3VecP3Vec
8026A160:cM3d_CrossX_LinTri_proc__FPC8cM3dGTriPC3Vec
80269FBC:cM3d_CrossX_Tri__FPC8cM3dGTriPC3Vec
80269E18:cM3d_CrossX_Tri__FPC8cM3dGTriPC3Vecf
8026A488:cM3d_CrossY_LinTri_proc__FPC8cM3dGTriPC3Vec
8026A7B8:cM3d_CrossY_Tri_Front__FRC3VecRC3VecRC3VecPC3Vec
8026A2E4:cM3d_CrossY_Tri__FPC8cM3dGTriPC3Vec
8026AAE8:cM3d_CrossY_Tri__FPC8cM3dGTriPC3VecPC10cM3d_RangePf
8026A8C0:cM3d_CrossY_Tri__FPC8cM3dGTriPC3VecPf
8026A944:cM3d_CrossY_Tri__FPC8cM3dGTriPC3Vecf
8026A60C:cM3d_CrossY_Tri__FRC3VecRC3VecRC3VecRC8cM3dGPlaPC3Vec
8026AF20:cM3d_CrossZ_LinTri_proc__FPC8cM3dGTriPC3Vec
8026AD7C:cM3d_CrossZ_Tri__FPC8cM3dGTriPC3Vec
8026ABD8:cM3d_CrossZ_Tri__FPC8cM3dGTriPC3Vecf
802689E8:cM3d_Cross_AabAab__FPC8cM3dGAabPC8cM3dGAab
80268B0C:cM3d_Cross_AabCyl__FPC8cM3dGAabPC8cM3dGCyl
80268BB4:cM3d_Cross_AabSph__FPC8cM3dGAabPC8cM3dGSph
8026D114:cM3d_Cross_CpsCps__FRC8cM3dGCpsRC8cM3dGCpsP3Vec
8026D3D4:cM3d_Cross_CpsCyl__FRC8cM3dGCpsRC8cM3dGCylP3Vec
8026DAE0:cM3d_Cross_CpsSph_CrossPos__FRC8cM3dGCpsRC8cM3dGSphRC3VecP3Vec
8026DC3C:cM3d_Cross_CpsSph__FRC8cM3dGCpsRC8cM3dGSphP3Vec
8026E12C:cM3d_Cross_CpsTri__FRC8cM3dGCps8cM3dGTriP3Vec
8026C3B4:cM3d_Cross_CylCyl__FPC8cM3dGCylPC8cM3dGCylP3Vec
8026C22C:cM3d_Cross_CylCyl__FPC8cM3dGCylPC8cM3dGCylPf
8026C944:cM3d_Cross_CylLin__FPC8cM3dGCylPC8cM3dGLinP3VecP3Vec
8026D044:cM3d_Cross_CylPntPnt__FPC8cM3dGCylPC3VecPC3VecP3VecP3Vec
8026D0B0:cM3d_Cross_CylPnt__FPC8cM3dGCylPC3Vec
8026BA48:cM3d_Cross_CylSph__FPC8cM3dGCylPC8cM3dGSphP3VecPf
8026B8A4:cM3d_Cross_CylSph__FPC8cM3dGCylPC8cM3dGSphPf
8026C5D0:cM3d_Cross_CylTri__FPC8cM3dGCylPC8cM3dGTriP3Vec
80268F34:cM3d_Cross_LinPla__FPC8cM3dGLinPC8cM3dGPlaP3Vecbb
8026B4E8:cM3d_Cross_LinSph_CrossPos__FRC8cM3dGSphRC8cM3dGLinP3VecP3Vec
8026B280:cM3d_Cross_LinSph__FPC8cM3dGLinPC8cM3dGSphP3Vec
8026B17C:cM3d_Cross_LinTri_Easy__FPC8cM3dGTriPC3Vec
8026B0A4:cM3d_Cross_LinTri__FPC8cM3dGLinPC8cM3dGTriP3Vecbb
80269050:cM3d_Cross_MinMaxBoxLine__FPC3VecPC3VecPC3VecPC3Vec
8026B238:cM3d_Cross_SphPnt__FPC8cM3dGSphPC3Vec
8026BD88:cM3d_Cross_SphSph__FPC8cM3dGSphPC8cM3dGSphP3Vec
8026BC7C:cM3d_Cross_SphSph__FPC8cM3dGSphPC8cM3dGSphPf
8026BCFC:cM3d_Cross_SphSph__FPC8cM3dGSphPC8cM3dGSphPfPf
8026BF04:cM3d_Cross_SphTri__FPC8cM3dGSphPC8cM3dGTriP3Vec
8026DE2C:cM3d_Cross_TriTri__FRC8cM3dGTriRC8cM3dGTriP3Vec
80268560:cM3d_InDivPos1__FPC3VecPC3VecfP3Vec
802685B0:cM3d_InDivPos2__FPC3VecPC3VecfP3Vec
80269D64:cM3d_InclusionCheckPosIn3PosBox2d__Ffffffffff
80269C2C:cM3d_InclusionCheckPosIn3PosBox3d__FPC3VecPC3VecPC3VecPC3Vecf
8026862C:cM3d_Len2dSqPntAndSegLine__FffffffPfPfPf
80268614:cM3d_Len2dSq__Fffff
80268710:cM3d_Len3dSqPntAndSegLine__FPC8cM3dGLinPC3VecP3VecPf
8026E6C4:cM3d_PlaneCrossLineProcWork__FfffffffPfPf
80268814:cM3d_SignedLenPlaAndPos__FPC8cM3dGPlaPC3Vec
80268894:cM3d_VectorProduct2d__Fffffff
802688B4:cM3d_VectorProduct__FPC4cXyzPC4cXyzPC4cXyzP4cXyz
8026E980:cM3d_lineVsPosSuisenCross__FPC8cM3dGLinPC3VecP3Vec
8026EA5C:cM3d_lineVsPosSuisenCross__FRC3VecRC3VecRC3VecP3Vec
80267814:cM_atan2f__Fff
80267674:cM_atan2s__Fff
802679D4:cM_initRnd2__Fiii
8026785C:cM_initRnd__Fiii
802675E4:cM_rad2s__Ff
802679E4:cM_rnd2__Fv
80267ACC:cM_rndF2__Ff
80267B04:cM_rndFX2__Ff
8026798C:cM_rndFX__Ff
80267954:cM_rndF__Ff
8026786C:cM_rnd__Fv
800CFFC0:cMtx_multVec__FPA4_CfPC3VecP3Vec
802663B4:cNdIt_Judge__FP10node_classPFP10node_classPv_PvPv
80266324:cNdIt_Method__FP10node_classPFP10node_classPv_iPv
80266210:cNd_Addition__FP10node_classP10node_class
802662D8:cNd_ClearObject__FP10node_class
80266310:cNd_Create__FP10node_classPv
802661F0:cNd_Cut__FP10node_class
8026610C:cNd_First__FP10node_class
802662FC:cNd_ForcedClear__FP10node_class
80266244:cNd_Insert__FP10node_classP10node_class
802660D0:cNd_Join__FP10node_classP10node_class
8026613C:cNd_Last__FP10node_class
802660DC:cNd_LengthOf__FP10node_class
8026616C:cNd_Order__FP10node_classi
802662B0:cNd_SetObject__FP10node_classPv
802661BC:cNd_SingleCut__FP10node_class
80451350:cNearFarRatio
80266668:cPhs_Compleate__FP30request_of_phase_process_class
802666D8:cPhs_Do__FP30request_of_phase_process_classPv
802667AC:cPhs_Handler__FP30request_of_phase_process_classPPFPv_iPv
80266678:cPhs_Next__FP30request_of_phase_process_class
80266624:cPhs_Reset__FP30request_of_phase_process_class
80266630:cPhs_Set__FP30request_of_phase_process_classPPFPv_i
80266640:cPhs_UnCompleate__FP30request_of_phase_process_class
80450884:cPitchCenter
80450880:cPitchDown
80450888:cPitchUp
80450890:cR_FlatWidth
80266830:cReq_Command__FP18request_base_classUc
80266850:cReq_Create__FP18request_base_classUc
80266800:cReq_Done__FP18request_base_class
802667D4:cReq_Is_Done__FP18request_base_class
8039B9C0:cResetFilterTable
80266AB0:cTgIt_JudgeFilter__FP16create_tag_classP12judge_filter
80266A7C:cTgIt_MethodCall__FP16create_tag_classP13method_filter
802668CC:cTg_AdditionToTree__FP21node_lists_tree_classiP16create_tag_class
802669E4:cTg_Addition__FP15node_list_classP16create_tag_class
80266A34:cTg_Create__FP16create_tag_classPv
8026696C:cTg_GetFirst__FP15node_list_class
8026691C:cTg_InsertToTree__FP21node_lists_tree_classiP16create_tag_classi
80266880:cTg_IsUse__FP16create_tag_class
8026688C:cTg_SingleCutFromTree__FP16create_tag_class
802669A4:cTg_SingleCut__FP16create_tag_class
802665B4:cTrIt_Judge__FP21node_lists_tree_classPFP10node_classPv_PvPv
80266540:cTrIt_Method__FP21node_lists_tree_classPFP10node_classPv_iPv
80266460:cTr_Addition__FP21node_lists_tree_classiP10node_class
802664E8:cTr_Create__FP21node_lists_tree_classP15node_list_classi
802664A4:cTr_Insert__FP21node_lists_tree_classiP10node_classi
80266440:cTr_SingleCut__FP10node_class
803955B8:c_tag$4155
80395618:c_tag$4229
80397788:c_text$4022
803977D8:c_text1$4029
8004C0EC:calc2D__13dPa_control_cFv
8004C078:calc3D__13dPa_control_cFv
8027BDEC:calcAffect__12JPAFieldBaseFP13JPAFieldBlockP15JPABaseParticle
801D0C6C:calcAllMapPos2DFirst__18dMenu_Fmap2DBack_cFffPfPf
801D0D50:calcAllMapPos2D__18dMenu_Fmap2DBack_cFPCcffPfPf
801D0D18:calcAllMapPos2D__18dMenu_Fmap2DBack_cFffPfPf
801D0E00:calcAllMapPos2D__18dMenu_Fmap2DBack_cFffPfPffff
801D0F7C:calcAllMapPosWorld__18dMenu_Fmap2DBack_cFffPfPf
801D0AC8:calcAllMapPos__18dMenu_Fmap2DBack_cFv
801D0BF8:calcAllMapScaleRate__18dMenu_Fmap2DBack_cFv
8032D87C:calcAnmInvJointMtx__13J3DSkinDeformFP12J3DMtxBuffer
80327BD4:calcAnmMtx__8J3DModelFv
80326EF0:calcBBoardMtx__12J3DMtxBufferFv
803282B8:calcBBoardMtx__8J3DModelFv
801D4928:calcBackAlpha__18dMenu_Fmap2DBack_cFb
801D3CB8:calcBlink__18dMenu_Fmap2DBack_cFv
803281B4:calcBumpMtx__8J3DModelFv
8027331C:calcCombinationRatio__10JFWDisplayFv
80316AC8:calcCurrentMtx__11J3DMaterialFv
801BB464:calcCursor__14dMenu_DmapBg_cFv
802BDC44:calcDeltaPriority___10Z2AudienceCFfib
80316A54:calcDiffTexMtx__11J3DMaterialFPA4_Cf
80327858:calcDiffTexMtx__8J3DModelFv
80312BD4:calcDifferedBufferSize__14J3DShapePacketFUl
801EF174:calcDistance__12dMenu_Ring_cFffff
80228D28:calcDistance__19jmessage_tReferenceFv
80326ACC:calcDrawMtx__12J3DMtxBufferFUlRC3VecRA3_A4_Cf
801D5AC4:calcDrawPriority__18dMenu_Fmap2DBack_cFv
8029ABA8:calcEffect__10JASChannelFPCQ210JASChannel9PanVector
8027EEB0:calcEmitterGlobalPosition__14JPABaseEmitterCFPQ29JGeometry8TVec3<f>
8027BF18:calcFadeAffect__12JPAFieldBaseCFP13JPAFieldBlockf
80008330:calcFade__13mDoGph_gInf_cFv
80276684:calcField__11JPAResourceFP18JPAEmitterWorkDataP15JPABaseParticle
8003FCA4:calcFloorNoForObjectByMapPathRend__16renderingDAmap_cCFfi
8003F40C:calcFloorNo__10dMapInfo_cFfbi
802BDD00:calcFxMix___10Z2AudienceCFfi
80243A50:calcGuide__14dMsgScrnHowl_cFv
8009FFF8:calcHairAngle__9daAlink_cFPs
80147C38:calcJntRad__15daNpcT_JntAnm_cFfff
802DEB28:calcKeyCode__10JUTNameTabCFPCc
80276700:calcKey__11JPAResourceFP18JPAEmitterWorkData
80336A98:calcLoadBinaryDisplayListSize__14J3DModelLoaderFPCvUl
803369A0:calcLoadMaterialTableSize__14J3DModelLoaderFPCv
803367D4:calcLoadSize__14J3DModelLoaderFPCvUl
80243838:calcMain__14dMsgScrnHowl_cFv
80029D78:calcMapCenterXZ__6dMap_cFiPfPf
80029E1C:calcMapCmPerTexel__6dMap_cFiPf
803276EC:calcMaterial__8J3DModelFv
8004C134:calcMenu__13dPa_control_cFv
802BCF5C:calcMicDist__9Z2SpotMicFP9Z2Audible
802BCFE4:calcMicPriority__9Z2SpotMicFf
802BD03C:calcMicVolume__9Z2SpotMicFfif
8026F24C:calcMinMax__8cM3dGCylFP4cXyzP4cXyz
80151B68:calcMoveDisAngle__15daNpcF_Lookat_cFiP4cXyzP5csXyz4cXyzii
80053BC0:calcMtx__7J2DPaneFv
802F9A20:calcMtx__9J2DScreenFv
80313BF0:calcNBTScale__11J3DShapeMtxFRC3VecPA3_A3_fPA3_A3_f
80313EEC:calcNBTScale__16J3DShapeMtxMultiFRC3VecPA3_A3_fPA3_A3_f
80314DA8:calcNBTScale__8J3DShapeFRC3VecPA3_A3_fPA3_A3_f
802A99A0:calcNoise1f__Q26Z2Calc8FNoise1fFv
8003F570:calcNowStayFloorNo__10dMapInfo_cFfb
80326D3C:calcNrmMtx__12J3DMtxBufferFv
8032D5C4:calcNrmMtx__13J3DSkinDeformFP12J3DMtxBuffer
80328190:calcNrmMtx__8J3DModelFv
802BD704:calcOffMicSound__10Z2AudienceFf
801D2CC8:calcOffset__18dMenu_Fmap2DBack_cFUcPCcPfPf
8029ABC0:calcPan__10JASChannelFPCQ210JASChannel9PanVector
802C5D9C:calcPan__10Z2EnvSeDirFf
802C5F98:calcPan__14Z2EnvSeAutoPanFv
80259400:calcPauseTimer__9dScnPly_cFv
802BDCB0:calcPitchDoppler___10Z2AudienceCFRCQ29JGeometry8TVec3<f>RCQ29JGeometry8TVec3<f>RCQ29JGeometry8TVec3<f>f
8024414C:calcPitchLevel__14dMsgScrnHowl_cFv
802CACD4:calcPitchMod__13Z2WolfHowlMgrFff
802BDD48:calcPitch___10Z2AudienceCFP16Z2AudibleChannelPC9Z2AudiblePC13Z2AudioCamera
80332AAC:calcPostTexMtxWithoutViewMtx__18J3DTexGenBlockNullFPA4_Cf
8032181C:calcPostTexMtxWithoutViewMtx__21J3DTexGenBlockPatchedFPA4_Cf
80332AA8:calcPostTexMtx__18J3DTexGenBlockNullFPA4_Cf
803216D8:calcPostTexMtx__21J3DTexGenBlockPatchedFPA4_Cf
80323C0C:calcPostTexMtx__9J3DTexMtxFPA4_Cf
802BD5B8:calcPriority__10Z2AudienceFP10JAIAudible
802BDB44:calcRelPosDolby__10Z2AudienceFRC3Veci
802BDA44:calcRelPosPan__10Z2AudienceFRC3Veci
802BD95C:calcRelPosVolume__10Z2AudienceFRC3Vecfi
801D29B8:calcRenderingPos__18dMenu_Fmap2DBack_cFv
801D2A34:calcRenderingScale__18dMenu_Fmap2DBack_cFv
80316100:calcSizeColorBlock__11J3DMaterialFUl
80336DA0:calcSizeDraw__14J3DModelLoaderFPC12J3DDrawBlock
80336D90:calcSizeEnvelope__14J3DModelLoaderFPC16J3DEnvelopeBlock
803161C4:calcSizeIndBlock__11J3DMaterialFi
80336CD8:calcSizeInformation__14J3DModelLoaderFPC17J3DModelInfoBlockUl
80336D64:calcSizeJoint__14J3DModelLoaderFPC13J3DJointBlock
80331D00:calcSizeLockedMaterial__18J3DMaterialFactoryCFP11J3DMaterialiUl
803370A0:calcSizeMaterialDL__14J3DModelLoaderFPC18J3DMaterialDLBlockUl
803364B0:calcSizeMaterialTable__14J3DModelLoaderFPC16J3DMaterialBlockUl
80336F60:calcSizeMaterialTable__18J3DModelLoader_v26FPC16J3DMaterialBlockUl
803364A8:calcSizeMaterial__14J3DModelLoaderFPC16J3DMaterialBlockUl
80336DB4:calcSizeMaterial__18J3DModelLoader_v26FPC16J3DMaterialBlockUl
80331AFC:calcSizeNormalMaterial__18J3DMaterialFactoryCFP11J3DMaterialiUl
803161D8:calcSizePEBlock__11J3DMaterialFUlUl
80337010:calcSizePatchedMaterial__14J3DModelLoaderFPC16J3DMaterialBlockUl
80331C30:calcSizePatchedMaterial__18J3DMaterialFactoryCFP11J3DMaterialiUl
803379E8:calcSizeShapeMtx__15J3DShapeFactoryCFUlii
80336EA0:calcSizeShape__14J3DModelLoaderFPC13J3DShapeBlockUl
8031617C:calcSizeTevBlock__11J3DMaterialFi
80316150:calcSizeTexGenBlock__11J3DMaterialFUl
80336FF0:calcSizeTextureTable__14J3DModelLoaderFPC15J3DTextureBlock
80336F44:calcSizeTexture__14J3DModelLoaderFPC15J3DTextureBlock
803379D8:calcSizeVcdVatCmdBuffer__15J3DShapeFactoryFUl
80337944:calcSize__15J3DShapeFactoryFiUl
80331A7C:calcSize__18J3DMaterialFactoryCFP11J3DMaterialQ218J3DMaterialFactory12MaterialTypeiUl
8032C8E4:calcSkin_VtxNrmF32__12J3DSkinNListFPA4_fPvPv
8032C85C:calcSkin_VtxPosF32__12J3DSkinNListFPA4_fPvPv
8014B808:calcSpeedAndAngle__8daNpcT_cF4cXyziss
801EB8C0:calcStickAngle__12dMenu_Ring_cFP9STControlUc
8022CBE8:calcStringLength__27jmessage_tSequenceProcessorFv
802627C0:calcSum2__FPCUsUl
80323920:calcTexMtx__9J3DTexMtxFPA4_Cf
8030AAFC:calcTransform__18J2DAnmTransformKeyCFfUsP16J3DTransformInfo
80329A34:calcTransform__18J3DAnmTransformKeyCFfUsP16J3DTransformInfo
8030B9F0:calcTransform__19J2DAnmTextureSRTKeyCFfUsP17J3DTextureSRTInfo
80329F14:calcTransform__19J3DAnmTextureSRTKeyCFfUsP17J3DTextureSRTInfo
8032EFBC:calcTransform__27J3DMtxCalcCalcTransformMayaFRC16J3DTransformInfo
8032ED30:calcTransform__28J3DMtxCalcCalcTransformBasicFRC16J3DTransformInfo
8032EE50:calcTransform__32J3DMtxCalcCalcTransformSoftimageFRC16J3DTransformInfo
8027378C:calcViewFrustum__11J3DUClipperFv
801910D4:calcViewMtx__16dFile_select3D_cFPA4_f
801B774C:calcViewMtx__17dMenu_Collect3D_cFPA4_f
802BCDE8:calcVolumeFactor__9Z2SpotMicFi
802CABEC:calcVolumeMod__13Z2WolfHowlMgrFf
802BDBDC:calcVolume___10Z2AudienceCFfi
8024389C:calcWave__14dMsgScrnHowl_cFv
803268D4:calcWeightEnvelopeMtx__12J3DMtxBufferFv
80327C58:calcWeightEnvelopeMtx__8J3DModelFv
80070E90:calcWeight__12dAttention_cFiP10fopAc_ac_cfssPUl
80056900:calcWipe__12dDlst_list_cFv
80332AA4:calcWithoutViewMtx__18J3DTexGenBlockNullFPA4_Cf
80321584:calcWithoutViewMtx__21J3DTexGenBlockPatchedFPA4_Cf
80276840:calcWorkData_c__11JPAResourceFP18JPAEmitterWorkData
80276A0C:calcWorkData_d__11JPAResourceFP18JPAEmitterWorkData
8027E3F4:calcYBBCam__17JPAEmitterManagerFv
801C1B14:calcZoomCenter__19dMenu_DmapMapCtrl_cFPfPf
802A26B8:calc_JAISound___8JAISoundFv
802AA1B0:calc__10Z2SoundMgrFv
800150AC:calc__114J3DMtxCalcAnimation<64J3DMtxCalcAnimationAdaptorDefault<27J3DMtxCalcCalcTransformMaya>,24J3DMtxCalcJ3DSysInitMaya>Fv
803169DC:calc__11J3DMaterialFPA4_Cf
8003C82C:calc__11J3DTexNoAnmCFPUs
8027C1B8:calc__11JPAFieldAirFP18JPAEmitterWorkDataP13JPAFieldBlockP15JPABaseParticle
8027D740:calc__11JPAKeyBlockFf
802755E8:calc__11JPAResourceFP18JPAEmitterWorkDataP14JPABaseEmitter
80325CAC:calc__12J3DJointTreeFP12J3DMtxBufferRC3VecRA3_A4_Cf
802A3EBC:calc__12JAIStreamMgrFv
8027CDE4:calc__12JPAFieldDragFP18JPAEmitterWorkDataP13JPAFieldBlockP15JPABaseParticle
8027CFA8:calc__12JPAFieldSpinFP18JPAEmitterWorkDataP13JPAFieldBlockP15JPABaseParticle
802A2B7C:calc__13JAISoundChildFv
8032C3C4:calc__14J3DMaterialAnmCFP11J3DMaterial
8027C29C:calc__14JPAFieldMagnetFP18JPAEmitterWorkDataP13JPAFieldBlockP15JPABaseParticle
8027C3E0:calc__14JPAFieldNewtonFP18JPAEmitterWorkDataP13JPAFieldBlockP15JPABaseParticle
8027CCCC:calc__14JPAFieldRandomFP18JPAEmitterWorkDataP13JPAFieldBlockP15JPABaseParticle
8027C674:calc__14JPAFieldVortexFP18JPAEmitterWorkDataP13JPAFieldBlockP15JPABaseParticle
80010074:calc__14mDoExt_McaMorfFv
8032E180:calc__15J3DVtxColorCalcFP8J3DModel
8029D200:calc__15JASAudioReseterFv
8027C054:calc__15JPAFieldGravityFP18JPAEmitterWorkDataP13JPAFieldBlockP15JPABaseParticle
802BBCDC:calc__15Z2AudibleAbsPosFRCQ29JGeometry8TVec3<f>
80151350:calc__15daNpcF_Lookat_cFP10fopAc_ac_cPA4_fPP5csXyziii
8015075C:calc__15daNpcF_MatAnm_cCFP11J3DMaterial
80147858:calc__15daNpcT_JntAnm_cFf
80145788:calc__15daNpcT_MatAnm_cCFP11J3DMaterial
800116F4:calc__15mDoExt_McaMorf2Fv
8009D90C:calc__16daAlink_matAnm_cCFP11J3DMaterial
80010B68:calc__16mDoExt_McaMorfSOFv
803170D0:calc__17J3DLockedMaterialFPA4_Cf
8027DFA0:calc__17JPAEmitterManagerFUc
80332AA0:calc__18J3DTexGenBlockNullFPA4_Cf
8027CA94:calc__18JPAFieldConvectionFP18JPAEmitterWorkDataP13JPAFieldBlockP15JPABaseParticle
8014DBB4:calc__18daBaseNpc_lookat_cFP10fopAc_ac_cPA4_fs
8014D884:calc__18daBaseNpc_matAnm_cCFP11J3DMaterial
80147E3C:calc__19daNpcT_DmgStagger_cFi
803213C0:calc__21J3DTexGenBlockPatchedFPA4_Cf
8000F26C:calc__25mDoExt_MtxCalcAnmBlendTblFv
8000F4B0:calc__28mDoExt_MtxCalcAnmBlendTblOldFv
80015084:calc__73J3DMtxCalcNoAnm<27J3DMtxCalcCalcTransformMaya,24J3DMtxCalcJ3DSysInitMaya>Fv
80336628:calc__75J3DMtxCalcNoAnm<28J3DMtxCalcCalcTransformBasic,25J3DMtxCalcJ3DSysInitBasic>Fv
8033656C:calc__83J3DMtxCalcNoAnm<32J3DMtxCalcCalcTransformSoftimage,29J3DMtxCalcJ3DSysInitSoftimage>Fv
80327CF0:calc__8J3DModelFv
802A0574:calc__8JAISeMgrFv
802E9CC4:calc__9J2DTexMtxFv
80323900:calc__9J3DTexMtxFPA4_Cf
802A1C90:calc__9JAISeqMgrFv
802BBE98:calc__9Z2AudibleFv
80276608:calc_c__11JPAResourceFP18JPAEmitterWorkDataP15JPABaseParticle
80280260:calc_c__15JPABaseParticleFP18JPAEmitterWorkData
80450768:calc_mtx
8027658C:calc_p__11JPAResourceFP18JPAEmitterWorkDataP15JPABaseParticle
8027FFD0:calc_p__15JPABaseParticleFP18JPAEmitterWorkData
801E5434:calibration_close1_move__14dMenu_Option_cFv
801E5478:calibration_close2_move__14dMenu_Option_cFv
801E53E0:calibration_move_move__14dMenu_Option_cFv
801E5380:calibration_open1_move__14dMenu_Option_cFv
801E53C4:calibration_open2_move__14dMenu_Option_cFv
803BDDE8:calibration_process
802CE574:callAllDisposer__7JKRHeapFv
802DAA74:callCommand_Async__16JKRDvdAramRipperFP12JKRADCommand
80312618:callDL__17J3DDisplayListObjCFv
80272260:callDirectDraw__Fv
8029618C:call__12JASSeqReaderFUl
802900C4:callback__14JASCallbackMgrFv
8029D2D4:callback__15JASAudioReseterFPv
802D1AE4:callback__15JKRThreadSwitchFP8OSThreadP8OSThread
80262794:callback__20DynamicModuleControlFPv
80451940:calledOnce
803BB838:cam_seira_evnt_after
803BB800:cam_seira_evnt_before
803BB7C8:cam_seira_shop
80182454:camera_create__FP12camera_class
80182484:camera_delete__FP20camera_process_class
80181F70:camera_draw__FP20camera_process_class
80181ECC:camera_execute__FP20camera_process_class
803C3188:camparamarc$4608
802804C8:canCreateChild__15JPABaseParticleFP18JPAEmitterWorkData
8015F8E4:cancelBoomerangLockActor__9daPy_py_cFP10fopAc_ac_c
800E01CC:cancelBoomerangLock__9daAlink_cFP10fopAc_ac_c
800DED88:cancelBowMoveRideNotAtn__9daAlink_cFv
800DEE1C:cancelBowMove__9daAlink_cFv
8014175C:cancelChangeTextureAnime__9daPy_py_cFv
800D2B88:cancelCutCharge__9daAlink_cFv
800D0B08:cancelDragonHangBackJump__9daAlink_cFv
801418B0:cancelDragonHangBackJump__9daPy_py_cFv
800D07FC:cancelDungeonWarpReadyNeck__9daAlink_cFv
80141760:cancelDungeonWarpReadyNeck__9daPy_py_cFv
8015F4B8:cancelFmChainGrab__9daPy_py_cFv
800E91C4:cancelGoronThrowEvent__9daAlink_cFv
80141864:cancelGoronThrowEvent__9daPy_py_cFv
80108828:cancelHookshotCarry__9daAlink_cFv
80108F64:cancelHookshotMove__9daAlink_cFv
80108EEC:cancelHookshotShot__9daAlink_cFv
800B7190:cancelItemUseQuake__9daAlink_cFi
800ABB28:cancelLockAt__9daAlink_cFv
800E2DC4:cancelMagneBootsOn__9daAlink_cFv
800D0AF0:cancelOctaIealHang__9daAlink_cFv
801418AC:cancelOctaIealHang__9daPy_py_cFv
80048348:cancelStaff__16dEvent_manager_cFPCc
800EA8D0:cancelSumouMode__9daAlink_cFv
800B71EC:cancelUpperItemReadyAnime__9daAlink_cFi
8013916C:cancelWolfLock__9daAlink_cFP10fopAc_ac_c
801416A8:cancelWolfLock__9daPy_py_cFP10fopAc_ac_c
802966CC:cancel__13JASAramStreamFv
803B2C8C:cannonPortal$39242
800F47D8:canoeCommon__9daAlink_cFv
80391FB0:canoeLocalEyeFromRoot$59881
801F2134:cardFormatNoSelDisp__12dMenu_save_cFv
801F2250:cardFormatYesSel2Disp__12dMenu_save_cFv
801F20AC:cardFormatYesSelDisp__12dMenu_save_cFv
80035A04:card_to_memory__10dSv_info_cFPci
80041C90:catchCheck__14dEvt_control_cFP12dEvt_order_c
8034BD2C:cb
8034B5FC:cbForCancelSync
80348E14:cbForReadAsync
80348F5C:cbForReadSync
8034A6D4:cbForStateBusy
80349B28:cbForStateCheckID1
80349C24:cbForStateCheckID2
80349A88:cbForStateCheckID2a
80349CFC:cbForStateCheckID3
80349F34:cbForStateCoverClosed
803492DC:cbForStateError
80349498:cbForStateGettingError
80349800:cbForStateGoToRetry
80349FC0:cbForStateMotorStopped
8034925C:cbForStateReadingFST
803496FC:cbForUnrecoveredError
80349758:cbForUnrecoveredErrorRetry
80292F6C:cbSeqMain__Q28JASTrack5TListFPv
80015A90:cb__FPv
80087C04:cc_at_check__FP10fopAc_ac_cP11dCcU_AtInfo
800873D4:cc_pl_cut_bit_get__Fv
8036BEBC:ceil
80228608:change1ByteTo2Bytes__Fi
801F8F28:changeActiveColor__13dMenu_Skill_cFv
801E0BB0:changeActiveColor__14dMenu_Letter_cFv
8014CCEC:changeAnm__8daNpcT_cFPiPi
800DEBC8:changeArrowType__9daAlink_cFv
801E7718:changeBarColor__14dMenu_Option_cFb
8000D990:changeBckOnly__13mDoExt_bckAnmFP15J3DAnmTransform
8014CCAC:changeBck__8daNpcT_cFPiPi
802AFF8C:changeBgmStatus__8Z2SeqMgrFl
8009E91C:changeBlendRate__9daAlink_cFi
800ED4B8:changeBoarRunRide__9daAlink_cFv
8014CCE8:changeBtk__8daNpcT_cFPiPi
8014CCA8:changeBtp__8daNpcT_cFPiPi
800FE438:changeClimbMoveProc__9daAlink_cFi
801B2EE4:changeClothe__17dMenu_Collect2D_cFv
802285CC:changeCodeToChar__FUs
80126740:changeCommon__9daAlink_cFv
800F7E48:changeCrawlAutoMoveProc__9daAlink_cFP4cXyz
800D1088:changeCutFast__9daAlink_cFv
800D19C8:changeCutReverseProc__9daAlink_cFQ29daAlink_c11daAlink_ANM
800FC568:changeDragonActor__9daAlink_cFP10fopAc_ac_c
801418C0:changeDragonActor__9daPy_py_cFP10fopAc_ac_c
80037A84:changeDraw__12daItemBase_cFv
80153954:changeEvent__8daNpcF_cFPcPcUsUs
8032D378:changeFastSkinDL__13J3DSkinDeformFP12J3DModelData
802B2A88:changeFishingBgm__8Z2SeqMgrFl
80236C90:changeFlowGroupLocal__12dMsgObject_cFl
8023803C:changeFlowGroup__12dMsgObject_cFl
802E0204:changeFont__10JUTDbPrintFP7JUTFont
802E456C:changeFrameBuffer__14JUTDirectPrintFPvUsUs
802590F8:changeGameScene__10dScnName_cFv
802CE7B0:changeGroupID__7JKRHeapFUc
802D22DC:changeGroupIdIfNeed__7JKRAramFPUci
80236D0C:changeGroupLocal__12dMsgObject_cFs
802380C4:changeGroup__12dMsgObject_cFs
800FA78C:changeHangEndProc__9daAlink_cFv
800FA338:changeHangMoveProc__9daAlink_cFi
80108864:changeHookshotDrawModel__9daAlink_cFv
800C0084:changeItemBck__9daAlink_cFUsf
800C077C:changeItemTriggerKeepProc__9daAlink_cFUci
80228838:changeKataToHira__Fi
800FD2AC:changeLadderMoveProc__9daAlink_cFi
80126F3C:changeLink__9daAlink_cFi
80451808:changeMode
80140550:changeModelDataDirectWolf__9daAlink_cFi
80140338:changeModelDataDirect__9daAlink_cFi
8025EE24:changeNumberTexture__21dDlst_TimerScrnDraw_cFP7J2DPanei
801E0E34:changePageLight__14dMenu_Letter_cFv
8023AE68:changeProc__17dMsgScrn3Select_cFv
801B2D00:changeShield__17dMenu_Collect2D_cFv
802B1DF4:changeSubBgmStatus__8Z2SeqMgrFl
801B2A74:changeSword__17dMenu_Collect2D_cFv
801E7DF4:changeTVCheck__14dMenu_Option_cFv
80141758:changeTextureAnime__9daPy_py_cFUsUsi
8021A468:changeTextureItemB__13dMeter2Draw_cFUc
8021A71C:changeTextureItemXY__13dMeter2Draw_cFiUc
802147CC:changeTextureLife__13dMeter2Draw_cFibUc
802FD874:changeTexture__10J2DPictureFPC7ResTIMGUc
802FD9BC:changeTexture__10J2DPictureFPC7ResTIMGUcP10JUTPalette
802FD964:changeTexture__10J2DPictureFPCcUc
802FDAC8:changeTexture__10J2DPictureFPCcUcP10JUTPalette
80305F94:changeTexture__12J2DPictureExFPC7ResTIMGUc
80306134:changeTexture__12J2DPictureExFPC7ResTIMGUcP10JUTPalette
803060DC:changeTexture__12J2DPictureExFPCcUc
80306298:changeTexture__12J2DPictureExFPCcUcP10JUTPalette
802F63F8:changeUseTrans__7J2DPaneFP7J2DPane
800C1E0C:changeWarpMaterial__9daAlink_cFQ29daAlink_c21daAlink_WARP_MAT_MODE
8021DD5C:changeWater__13dMeter2Info_cFUc
8012ACCC:changeWolfBlendRate__9daAlink_cFi
801354C8:changeWolfHangEndProc__9daAlink_cFv
80126928:changeWolf__9daAlink_cFv
80316E70:change__11J3DMaterialFv
80042254:change__14dEvt_control_cFv
803170D8:change__17J3DLockedMaterialFv
80317040:change__18J3DPatchedMaterialFv
801E48AC:change_init__14dMenu_Option_cFv
801E48E8:change_move__14dMenu_Option_cFv
80451810:changed
80296DF0:channelCallback__13JASAramStreamFUlP10JASChannelPQ26JASDsp8TChannelPv
80296D74:channelProcCallback__13JASAramStreamFPv
802974AC:channelProc__13JASAramStreamFv
80297658:channelStart__13JASAramStreamFv
80291DF8:channelStart__8JASTrackFPQ28JASTrack11TChannelMgrUlUlUl
80297870:channelStop__13JASAramStreamFUs
80292CA4:channelUpdateCallback__8JASTrackFUlP10JASChannelPQ26JASDsp8TChannelPv
803CC600:channel_mask
803BFDF8:char_table$3795
804506E0:charspace$7232
80071A98:chaseAttention__12dAttention_cFv
80168744:chaseCamera__9dCamera_cFl
802BA09C:check1stDynamicWave__10Z2SceneMgrFv
80223BC4:check2DContents__9dMeter2_cFv
800D0208:checkAcceptDungeonWarpAlink__9daAlink_cFi
8014184C:checkAcceptDungeonWarpAlink__9daPy_py_cFi
801018E4:checkAcceptUseItemInWater__9daAlink_cCFUs
8011F658:checkAcceptWarp__9daAlink_cFv
800A0868:checkActorPosAngle__9daAlink_cFP10fopAc_ac_cPP4cXyz
8015E4CC:checkAnmEnd__16daPy_frameCtrl_cFv
800318B4:checkArea__13daTagStream_cFPC4cXyz
800DE990:checkArrowChargeEnd__9daAlink_cCFv
80141780:checkArrowChargeEnd__9daPy_py_cCFv
800D1920:checkAtShieldHit__9daAlink_cFR12dCcD_GObjInf
800ADC50:checkAtnLeftAnime__9daAlink_cFv
800ADCEC:checkAtnRightAnime__9daAlink_cFv
800B32B0:checkAtnWaitAnime__9daAlink_cFv
800CFF4C:checkAttentionLock__9daAlink_cFv
800A07D8:checkAttentionPosAngle__9daAlink_cFP4cXyz
800B3500:checkAttentionState__9daAlink_cFv
800B607C:checkAutoJumpAction__9daAlink_cFv
800D03F0:checkAutoJump__9daAlink_cCFv
8014156C:checkAutoJump__9daPy_py_cCFv
800194FC:checkBallModelDraw__13fopEn_enemy_cFv
8029BCC0:checkBankDispose__10JASChannelCFv
802C0120:checkBattleFinish__13Z2SoundObjMgrFv
800D0A94:checkBeeChildDrink__9daAlink_cCFv
80141834:checkBeeChildDrink__9daPy_py_cCFv
800FEEC0:checkBgClimbMove__9daAlink_cFi
800FEB90:checkBgCorrectClimbMove__9daAlink_cFP4cXyzP4cXyz
802B3EAC:checkBgmIDPlaying__8Z2SeqMgrFUl
800CF2B4:checkBoarRide__9daAlink_cCFv
80097868:checkBoarRide__9daPy_py_cCFv
800D0718:checkBoarRun__9daAlink_cCFv
80141674:checkBoarRun__9daPy_py_cCFv
801414E8:checkBoarSingleBattle__9daPy_py_cCFv
800A4BC8:checkBoarStart__9daAlink_cFv
80105B10:checkBoardRestart__9daAlink_cFv
800CF25C:checkBoardRide__9daAlink_cCFv
80097858:checkBoardRide__9daPy_py_cCFv
80106618:checkBoardSwordTriggerAction__9daAlink_cFv
800CE728:checkBodyAngleX__9daAlink_cFs
80033BEC:checkBombBag__17dSv_player_item_cFUc
8015EA48:checkBombItem__9daPy_py_cFi
800E0440:checkBoomerangAnime__9daAlink_cCFv
800E02B8:checkBoomerangCarry__9daAlink_cFP10fopAc_ac_c
800E0D8C:checkBoomerangCatchAction__9daAlink_cFv
800E0244:checkBoomerangChargeEnd__9daAlink_cFv
8015F8C8:checkBoomerangChargeTime__9daPy_py_cFv
8015F89C:checkBoomerangCharge__9daPy_py_cFv
800DFFE0:checkBoomerangLockAccept__9daAlink_cFv
800E04AC:checkBoomerangThrowAnime__9daAlink_cCFv
800E251C:checkBootsMoveAnime__9daAlink_cFi
800BB458:checkBootsOrArmorHeavy__9daAlink_cCFv
801418EC:checkBootsOrArmorHeavy__9daPy_py_cCFv
800E01A0:checkBossBabaRoom__9daAlink_cFv
801089E8:checkBossOctaIealRoom__9daAlink_cFv
800C02C8:checkBossRoom__9daAlink_cFv
800D0638:checkBottleDrinkEnd__9daAlink_cCFv
8014162C:checkBottleDrinkEnd__9daPy_py_cCFv
8015EA88:checkBottleItem__9daPy_py_cFi
800D04F4:checkBottleSwingMode__9daAlink_cCFv
801415B4:checkBottleSwingMode__9daPy_py_cCFv
800336E0:checkBottle__17dSv_player_item_cFUc
800DE780:checkBowAndSlingItem__9daAlink_cFi
800DE9E8:checkBowAnime__9daAlink_cCFv
800DE884:checkBowCameraArrowPosP__9daAlink_cFPsPs
800DFBC8:checkBowGrabLeftHand__9daAlink_cCFv
8015EB90:checkBowItem__9daPy_py_cFi
800DE9B8:checkBowReadyAnime__9daAlink_cCFv
80141624:checkBubbleFly__9daPy_py_cCFv
800720F8:checkButton__12dAttention_cFv
801FCEE8:checkCStickTrigger__5dMw_cFv
802E1AFC:checkCallback__19JUTGamePadLongPressFiUl
8018283C:checkCameraLargeDamage__9daAlink_cCFv
800D0A44:checkCanoeFishingGetLeft__9daAlink_cCFv
80141824:checkCanoeFishingGetLeft__9daPy_py_cCFv
800D0A6C:checkCanoeFishingGetRight__9daAlink_cCFv
8014182C:checkCanoeFishingGetRight__9daPy_py_cCFv
800F3F38:checkCanoeFishingRodGrabOrPut__9daAlink_cCFv
800F4008:checkCanoeJumpRide__9daAlink_cFv
800F3EB8:checkCanoePaddleGrab__9daAlink_cCFP10fopAc_ac_c
800F3CF8:checkCanoeRideTandem__9daAlink_cFv
800CF270:checkCanoeRide__9daAlink_cCFv
80097850:checkCanoeRide__9daPy_py_cCFv
800A4C40:checkCanoeStart__9daAlink_cFv
8015F698:checkCarryStartLightBallA__9daPy_py_cFv
8015F730:checkCarryStartLightBallB__9daPy_py_cFv
800C0678:checkCastleTownUseItem__9daAlink_cFUs
800C0358:checkCastleTown__9daAlink_cFv
800D70A0:checkCaughtEscapeCutTurn__9daAlink_cFv
800E7BD0:checkChainBlockPushPull__9daAlink_cFv
8014159C:checkChainBlockPushPull__9daPy_py_cFv
800E7994:checkChainEmphasys__9daAlink_cFv
8014CC80:checkChangeEvt__8daNpcT_cFv
8014CC40:checkChangeJoint__8daNpcT_cFi
80228578:checkCharInfoCharactor__Fi
801088C8:checkChaseHookshot__9daAlink_cFv
800FE058:checkClimbCode__9daAlink_cFR13cBgS_PolyInfo
800FED50:checkClimbGround__9daAlink_cFP4cXyzf
800FE6E8:checkClimbMoveSideProc__9daAlink_cFi
800FE5A0:checkClimbMoveUpDownProc__9daAlink_cFi
800D06D8:checkClimbMove__9daAlink_cCFv
80141664:checkClimbMove__9daPy_py_cCFv
800FEC70:checkClimbRoof__9daAlink_cFf
800C03A0:checkCloudSea__9daAlink_cFv
800BE26C:checkCoachGuardGame__9daAlink_cFv
80182814:checkCokkoGlide__9daAlink_cCFv
801EE63C:checkCombineBomb__12dMenu_Ring_cFi
800D1454:checkComboCnt__9daAlink_cFv
800D06B0:checkComboCutTurn__9daAlink_cCFv
8014165C:checkComboCutTurn__9daPy_py_cCFv
800D2188:checkComboReserb__9daAlink_cFv
80141388:checkCommandCatch__11dEvt_info_cFv
80141450:checkCommandDoor__11dEvt_info_cFv
802DBCF8:checkCompressed__9JKRDecompFPUc
80197670:checkController__13dShopSystem_cFUcP10dMsgFlow_c
800E1530:checkCopyRodAnime__9daAlink_cCFv
800D0A30:checkCopyRodEquip__9daAlink_cCFv
80141934:checkCopyRodEquip__9daPy_py_cCFv
80182AC4:checkCopyRodThrowAfter__9daPy_py_cCFv
800E145C:checkCopyRodTopUse__9daAlink_cFv
8014192C:checkCopyRodTopUse__9daPy_py_cFv
8015D370:checkCountTimer__8daItem_cFv
800EC814:checkCowGame__9daAlink_cFv
800F8B00:checkCrawlInHoll__9daAlink_cFP4cXyzP4cXyzP4cXyzi
800F8700:checkCrawlSideWall__9daAlink_cFP4cXyzP4cXyzP4cXyzP4cXyzPsPs
8014A05C:checkCullDraw__8daNpcT_cFv
800D23C0:checkCutAction__9daAlink_cFv
800D2C54:checkCutAtnActorChange__9daAlink_cFv
800D2890:checkCutBackState__9daAlink_cFv
800D2760:checkCutCancelNextMode__9daAlink_cFi
800D0674:checkCutCharge__9daAlink_cCFv
8014163C:checkCutCharge__9daPy_py_cCFv
800D0ECC:checkCutDashAnime__9daAlink_cCFv
800D0EFC:checkCutDashEnemyHit__9daAlink_cFR12dCcD_GObjInf
800D10E0:checkCutFastReady__9daAlink_cFv
800D102C:checkCutFinishJumpUp__9daAlink_cFv
80182888:checkCutHeadProc__9daAlink_cCFv
800D28F4:checkCutHeadState__9daAlink_cFv
800D07A4:checkCutJumpCancelTurn__9daAlink_cCFv
80088134:checkCutJumpCancelTurn__9daPy_py_cCFv
800B69CC:checkCutJumpInFly__9daAlink_cFv
800D09C8:checkCutJumpMode__9daAlink_cCFv
8014193C:checkCutJumpMode__9daPy_py_cCFv
800D6FE0:checkCutLandDamage__9daAlink_cFv
800D0688:checkCutLargeJumpCharge__9daAlink_cCFv
8014164C:checkCutLargeJumpCharge__9daPy_py_cCFv
800D2ABC:checkCutLargeTurnState__9daAlink_cCFv
800D1978:checkCutReverseAt__9daAlink_cFP12dCcD_GObjInf
800D01E0:checkCutTurnCharge__9daAlink_cCFv
800D2684:checkCutTurnCharge__9daAlink_cFv
80141644:checkCutTurnCharge__9daPy_py_cCFv
800D2368:checkCutTurnInputTrigger__9daAlink_cFv
800D13E4:checkCutTurnInput__9daAlink_cCFv
800D13AC:checkCutTypeNoBlur__9daAlink_cCFv
800D7C40:checkDamageAction__9daAlink_cFv
800A7A5C:checkDashAnime__9daAlink_cCFv
802B6734:checkDayTime__11Z2StatusMgrFv
80118D7C:checkDeadAction__9daAlink_cFi
80118C98:checkDeadHP__9daAlink_cFv
80115EC0:checkDemoAction__9daAlink_cFv
80116E60:checkDemoMoveMode__9daAlink_cCFUl
80040710:checkDispDoorS__19renderingPlusDoor_cFiif
80073838:checkDistance__12dAttention_cFP4cXyzsP4cXyzffff
800D27E4:checkDoCutAction__9daAlink_cFv
8029D1F8:checkDone__15JASAudioReseterCFv
800D29D4:checkDownAttackState__9daAlink_cFv
80037D68:checkDownDamage__10e_wb_classFv
800325A0:checkDownTrigger__9STControlFv
800D0B38:checkDragonHangRide__9daAlink_cCFv
801418B8:checkDragonHangRide__9daPy_py_cCFv
801CCFB0:checkDrawPortalIcon__12dMenu_Fmap_cFii
8015EAD8:checkDrinkBottleItem__9daPy_py_cFi
8015EC28:checkDungeonWarpItem__9daPy_py_cFi
800C0310:checkDungeon__9daAlink_cFv
800D04B8:checkElecDamage__9daAlink_cCFv
801415A4:checkElecDamage__9daPy_py_cCFv
800D7A98:checkElecReturnDamage__9daAlink_cFR12dCcD_GObjInfPP10fopAc_ac_c
800D04CC:checkEmptyBottleSwing__9daAlink_cCFv
801415AC:checkEmptyBottleSwing__9daPy_py_cCFv
800337EC:checkEmptyBottle__17dSv_player_item_cFv
8014F1C8:checkEndAnm__11daBaseNpc_cFP12J3DFrameCtrl
8014F148:checkEndAnm__11daBaseNpc_cFf
80148DD0:checkEndAnm__8daNpcT_cFP12J3DFrameCtrlf
80148D10:checkEndAnm__8daNpcT_cFf
80182D9C:checkEndMessage__12daTagMwait_cFv
801187B4:checkEndMessage__9daAlink_cFUl
801414F4:checkEndResetFlg0__9daPy_py_cCFQ29daPy_py_c11daPy_ERFLG0
80141340:checkEndResetFlg1__9daPy_py_cCFQ29daPy_py_c11daPy_ERFLG1
80141190:checkEndResetFlg2__9daPy_py_cCFQ29daPy_py_c11daPy_ERFLG2
80145A24:checkEndSequence__22daNpcT_MotionSeqMngr_cFv
800DC548:checkEnemyGroup__9daAlink_cFP10fopAc_ac_c
800B9340:checkEquipAnime__9daAlink_cCFv
801412B0:checkEquipHeavyBoots__9daPy_py_cCFv
8024A424:checkEventRender__10dMsgFlow_cFPiPiPiPi
80115C20:checkEventRun__9daAlink_cCFv
801EE228:checkExplainForce__12dMenu_Ring_cFv
80293628:checkExport__12JASTrackPortCFUl
800D079C:checkFastShotTime__9daAlink_cFv
80141790:checkFastShotTime__9daPy_py_cFv
800B97EC:checkFastUnequip__9daAlink_cFv
80159818:checkFearSituation__10daNpcCd2_cFv
800C0284:checkField__9daAlink_cFv
80118AD0:checkFinalBattle__9daAlink_cFv
801417A0:checkFireMaterial__9daPy_py_cCFv
802BA5C0:checkFirstWaves__10Z2SceneMgrFv
800F3D58:checkFishingRodAndLureItem__9daAlink_cCFv
800F3E4C:checkFishingRodGrab__9daAlink_cCFP10fopAc_ac_c
8015EA20:checkFishingRodItem__9daPy_py_cFi
80031FCC:checkFlowerBombWait__7dBomb_cFP10fopAc_ac_c
80118170:checkFlyAtnWait__9daAlink_cFv
800D0020:checkFmChainGrabAnime__9daAlink_cCFv
8014167C:checkFmChainPut__9daPy_py_cCFv
80162088:checkForceLockTarget__9dCamera_cFv
80141A04:checkForceNormalColor__9daMidna_cCFv
800D20B4:checkForceSwordSwing__9daAlink_cFv
80141A10:checkForceTiredColor__9daMidna_cCFv
800E1408:checkForestOldCentury__9daAlink_cFv
800D03C8:checkFrontRoll__9daAlink_cCFv
8001E128:checkFrontRoll__9daPy_py_cCFv
800B6A30:checkFrontWallTypeAction__9daAlink_cFv
800E82B0:checkGoatCatchActor__9daAlink_cFP10fopAc_ac_c
800D0544:checkGoatThrowAfter__9daAlink_cCFv
801415CC:checkGoatThrowAfter__9daPy_py_cCFv
800D051C:checkGoatThrow__9daAlink_cCFv
801415C4:checkGoatThrow__9daPy_py_cCFv
800D05D4:checkGoronRideWait__9daAlink_cCFv
801415FC:checkGoronRideWait__9daPy_py_cCFv
800A2280:checkGoronRide__9daAlink_cFv
80182A10:checkGoronSideMove__9daPy_py_cCFv
800E3C9C:checkGrabAnimeAndThrow__9daAlink_cCFv
800E3C6C:checkGrabAnime__9daAlink_cCFv
800E3CF4:checkGrabCarryActor__9daAlink_cFv
800E3D6C:checkGrabHeavyActor__9daAlink_cFv
800E38EC:checkGrabLineCheck__9daAlink_cFv
800E5150:checkGrabNotThrow__9daAlink_cFv
800E3F20:checkGrabRooster__9daAlink_cFv
800E3D94:checkGrabSideActor__9daAlink_cFv
800E3D1C:checkGrabSlowMoveActor__9daAlink_cFv
801182D4:checkGrabTalkActor__9daAlink_cFP10fopAc_ac_c
800E3C1C:checkGrabThrowAnime__9daAlink_cCFv
800D0704:checkGrassWhistle__9daAlink_cCFv
8014166C:checkGrassWhistle__9daPy_py_cCFv
80167FEC:checkGroundInfo__9dCamera_cFv
800B9F50:checkGroundSpecialMode__9daAlink_cFv
800C0114:checkGroupItem__9daAlink_cCFii
800DCF64:checkGuardAccept__9daAlink_cFv
800DC678:checkGuardActionChange__9daAlink_cFv
800D0468:checkGuardBreakMode__9daAlink_cCFv
80141584:checkGuardBreakMode__9daPy_py_cCFv
800FA5C8:checkHangFootWall__9daAlink_cFv
800FA85C:checkHangStartSideWall__9daAlink_cFs
800D0508:checkHawkWait__9daAlink_cCFv
801415BC:checkHawkWait__9daPy_py_cCFv
800BB4B8:checkHeavyStateOn__9daAlink_cFii
8015EBB8:checkHookshotItem__9daPy_py_cFi
8010903C:checkHookshotReadyMaterialOffMode__9daAlink_cCFv
80108600:checkHookshotReturnMode__9daAlink_cCFv
80141894:checkHookshotReturnMode__9daPy_py_cCFv
801088A0:checkHookshotRoofLv7Boss__9daAlink_cFv
80108668:checkHookshotShootReturnMode__9daAlink_cCFv
8014189C:checkHookshotShootReturnMode__9daPy_py_cCFv
801087B0:checkHookshotStickBG__9daAlink_cFR13cBgS_PolyInfo
80108A18:checkHookshotWait__9daAlink_cCFv
800EC7DC:checkHorseDashAccept__9daAlink_cFv
80141684:checkHorseElecDamage__9daPy_py_cCFv
800EF6B0:checkHorseGetOffAndSetDoStatus__9daAlink_cFv
800EF198:checkHorseGetOffDirection__9daAlink_cFv
800EF0E8:checkHorseGetOffWallCheck__9daAlink_cFP4cXyzP4cXyzs
800EF598:checkHorseGetOff__9daAlink_cFv
800ECF04:checkHorseLieAnime__9daAlink_cCFv
800ED074:checkHorseNoUpperAnime__9daAlink_cCFv
800ECD90:checkHorseNotDamageReaction__9daAlink_cCFv
800ED1F0:checkHorseNotGrab__9daAlink_cCFv
800ECDEC:checkHorseReinLeftOnly__9daAlink_cCFv
800D072C:checkHorseRideNotReady__9daAlink_cCFv
80141778:checkHorseRideNotReady__9daPy_py_cCFv
800CF284:checkHorseRide__9daAlink_cCFv
8001E130:checkHorseRide__9daPy_py_cCFv
800EDE8C:checkHorseServiceWaitAnime__9daAlink_cFv
800EDD6C:checkHorseSpecialProc__9daAlink_cFv
800A54F4:checkHorseStart__9daAlink_cFUli
800D01A8:checkHorseStart__9daAlink_cFv
80141914:checkHorseStart__9daPy_py_cFv
800ECF5C:checkHorseSubjectivity__9daAlink_cCFv
800EEE30:checkHorseSwordUpSpped__9daAlink_cFv
800ECDC4:checkHorseWaitLashAnime__9daAlink_cCFv
800EC76C:checkHorseZeldaBowMode__9daAlink_cFv
800D7BE8:checkHugeAttack__9daAlink_cCFi
800D7768:checkIcePolygonDamage__9daAlink_cFP13cBgS_PolyInfo
8029360C:checkImport__12JASTrackPortCFUl
800E70C0:checkInsectActorName__9daAlink_cFP10fopAc_ac_c
8003201C:checkInsectBombMove__7dBomb_cFP10fopAc_ac_c
80033754:checkInsectBottle__17dSv_player_item_cFv
80293B78:checkIntr__10JASSeqCtrlFv
801150E4:checkIronBallAnime__9daAlink_cCFv
80112628:checkIronBallDelete__9daAlink_cFv
80112524:checkIronBallGroundStop__9daAlink_cCFv
80141714:checkIronBallGroundStop__9daPy_py_cCFv
80113CA0:checkIronBallReturnChange__9daAlink_cFv
801124FC:checkIronBallReturn__9daAlink_cCFv
8014170C:checkIronBallReturn__9daPy_py_cCFv
80112474:checkIronBallThrowMode__9daAlink_cCFv
801124B4:checkIronBallThrowReturnMode__9daAlink_cCFv
800B6F28:checkItemActionInitStart__9daAlink_cFv
800B8988:checkItemAction__9daAlink_cFv
800B72E4:checkItemActorPointer__9daAlink_cFv
800B7528:checkItemButtonChange__9daAlink_cFv
800B7090:checkItemChangeAutoAction__9daAlink_cFv
800B994C:checkItemChangeFromButton__9daAlink_cFv
800CB5F8:checkItemDraw__9daAlink_cFv
800B92F8:checkItemEquipAnime__9daAlink_cCFv
80097EE0:checkItemGet__FUci
800C0208:checkItemSetButton__9daAlink_cFi
800D0998:checkItemSwordEquip__9daAlink_cCFv
801418FC:checkItemSwordEquip__9daPy_py_cCFv
80182D48:checkJump__9daHorse_cCFv
80110C6C:checkKandelaarEquipAnime__9daAlink_cCFv
801108B4:checkKandelaarSwing__9daAlink_cCFi
801417A8:checkKandelaarSwing__9daPy_py_cCFi
800FD5E4:checkLadderFall__9daAlink_cFv
800B5CCC:checkLandAction__9daAlink_cFi
8010B84C:checkLandHookshotHang__9daAlink_cFv
800D7C14:checkLargeAttack__9daAlink_cCFi
8019AB60:checkLeftTrigger__13dShopSystem_cFP9STControl
801E3AA4:checkLeftTrigger__14dMenu_Option_cFv
8003242C:checkLeftTrigger__9STControlFv
8011E3D8:checkLetterItem__9daAlink_cFi
800D0E08:checkLightSwordMtrl__9daAlink_cFv
802CB38C:checkLine__13Z2WolfHowlMgrFv
800C044C:checkLv2DungeonRoomSpecial__9daAlink_cFv
800B1FB8:checkLv2MiddleBossBgRide__9daAlink_cFs
800D047C:checkLv3Slide__9daAlink_cCFv
8014158C:checkLv3Slide__9daPy_py_cCFv
8010DAFC:checkLv4BossRoom__9daAlink_cFv
800E12E0:checkLv6BossRoom__9daAlink_cFv
80108784:checkLv7BossRoom__9daAlink_cFv
8011EE40:checkLv7DungeonShop__9daAlink_cFv
800BB408:checkMagicArmorHeavy__9daAlink_cCFv
800D77C8:checkMagicArmorNoDamage__9daAlink_cFv
800BFDFC:checkMagicArmorWearAbility__9daAlink_cCFv
80031BF4:checkMagneA__12daTagMagne_cFv
80031C48:checkMagneB__12daTagMagne_cFv
800E2F88:checkMagneBootsFly__9daAlink_cFv
801414CC:checkMagneBootsOn__9daPy_py_cCFv
80031C9C:checkMagneC__12daTagMagne_cFv
80031B50:checkMagnetCode__12daTagMagne_cFR13cBgS_PolyInfo
8015F398:checkMasterSwordEquip__9daPy_py_cFv
801FD0D4:checkMemSize__5dMw_cFv
800D09EC:checkMetamorphose__9daAlink_cCFv
801418DC:checkMetamorphose__9daPy_py_cCFv
800D6DC4:checkMiddleBossGoronRoom__9daAlink_cFv
801371A0:checkMidnaDisappearMode__9daAlink_cCFv
80133EF0:checkMidnaLockJumpPoint__9daAlink_cCFv
800977B4:checkMidnaRide__9daPy_py_cCFv
80141A1C:checkMidnaTired__9daMidna_cFv
80129958:checkMidnaUseAbility__9daAlink_cCFv
800D018C:checkModeFlg__9daAlink_cCFUl
800B9018:checkMoveDoAction__9daAlink_cFv
8020E45C:checkMoveStatus__11dMeterMap_cFv
800C0A9C:checkNewItemChange__9daAlink_cFUc
8010658C:checkNextActionBoard__9daAlink_cFv
800E0BE4:checkNextActionBoomerang__9daAlink_cFv
800DF814:checkNextActionBow__9daAlink_cFv
800F4924:checkNextActionCanoe__9daAlink_cFv
800E1C44:checkNextActionCopyRod__9daAlink_cFv
800B9D2C:checkNextActionFromButton__9daAlink_cFv
800BAF08:checkNextActionFromCrouch__9daAlink_cFi
800E5170:checkNextActionGrab__9daAlink_cFv
801095C8:checkNextActionHookshot__9daAlink_cFv
800EF450:checkNextActionHorse__9daAlink_cFv
801153F8:checkNextActionIronBall__9daAlink_cFv
801008EC:checkNextActionRoofHang__9daAlink_cFv
801029C8:checkNextActionSwim__9daAlink_cFv
801372B4:checkNextActionWolfFromLie__9daAlink_cFv
80129B44:checkNextActionWolf__9daAlink_cFi
800BA0D0:checkNextAction__9daAlink_cFi
8010B720:checkNextHookPoint__9daAlink_cFv
80182D78:checkNoAttention__12daTagMhint_cCFv
80182D64:checkNoAttention__12daTagMstop_cCFv
800AA5E8:checkNoCollisionCorret__9daAlink_cFv
800977A8:checkNoDraw__9daMidna_cCFv
800D084C:checkNoEquipItem__9daAlink_cCFv
80141798:checkNoEquipItem__9daPy_py_cCFv
800D6F2C:checkNoLandDamageSlidePolygon__9daAlink_cFv
80141410:checkNoResetFlg0__9daPy_py_cCFQ29daPy_py_c9daPy_FLG0
801414C0:checkNoResetFlg2__9daPy_py_cCFQ29daPy_py_c9daPy_FLG2
801411D4:checkNoResetFlg3__9daPy_py_cCFQ29daPy_py_c9daPy_FLG3
800CE294:checkNoSubjectModeCamera__9daAlink_cFv
800B9254:checkNoUpperAnime__9daAlink_cCFv
800B8374:checkNormalAction__9daAlink_cFv
80037D94:checkNormalRideMode__10e_wb_classCFv
800C0630:checkNotAutoJumpStage__9daAlink_cFv
800C0594:checkNotBattleStage__9daAlink_cFv
800F89E0:checkNotCrawlStand__9daAlink_cFP4cXyz
800F8A50:checkNotCrawlStand__9daAlink_cFP4cXyzP4cXyz
800C05DC:checkNotHeavyBootsStage__9daAlink_cFv
800B1B68:checkNotItemSinkLimit__9daAlink_cFv
800B1B28:checkNotJumpSinkLimit__9daAlink_cFv
80292220:checkNoteStop__8JASTrackCFUl
8015F424:checkNowWolfEyeUp__9daPy_py_cFv
8015A3E4:checkObstacleSub__11PathTrace_cFP10fopAc_ac_c
8015A370:checkObstacle__11PathTrace_cFP10fopAc_ac_c
800D0AC8:checkOctaIealHang__9daAlink_cCFv
801418A4:checkOctaIealHang__9daPy_py_cCFv
80108980:checkOctaIealSpecialCollect__9daAlink_cFv
8010E584:checkOilBottleItemNotGet__9daAlink_cFUs
8015EB40:checkOilBottleItem__9daPy_py_cFi
802D2248:checkOkAddress__7JKRAramFPUcUlP12JKRAramBlockUl
800B92D0:checkOneHandItemEquipAnime__9daAlink_cCFv
8015EB68:checkOpenBottleItem__9daPy_py_cFi
8024A13C:checkOpenDoor__10dMsgFlow_cFP10fopAc_ac_cPi
804509F0:checkOptionalCommand
80101B44:checkOxygenTimer__9daAlink_cFv
8032842C:checkPass__12J3DFrameCtrlFf
80159DC0:checkPathEnd__11PathTrace_cF4cXyzf
800D03B4:checkPlayerFly__9daAlink_cCFv
80077494:checkPlayerFly__9daPy_py_cCFv
8015D3CC:checkPlayerGet__8daItem_cFv
800DCF04:checkPlayerGuardAndAttack__9daAlink_cCFv
800DCE6C:checkPlayerGuard__9daAlink_cCFv
80141564:checkPlayerGuard__9daPy_py_cCFv
800CF344:checkPlayerNoDraw__9daAlink_cFv
801416CC:checkPlayerNoDraw__9daPy_py_cFv
801D7994:checkPlayerWarpAccept__17dMenu_Fmap2DTop_cFv
80141724:checkPointSubWindowMode__9daPy_py_cCFv
80159C14:checkPoint__11PathTrace_cF4cXyzf
800D7820:checkPolyDamage__9daAlink_cFv
80101CB8:checkPossibleWaterInMode__9daAlink_cCFv
800D0948:checkPriActorOwn__9daAlink_cCFPC10fopAc_ac_c
801417D8:checkPriActorOwn__9daPy_py_cCFPC10fopAc_ac_c
80256198:checkProgSelect__10dScnLogo_cFv
800E8148:checkPullBehindWall__9daAlink_cFv
800E80A4:checkPushPullTurnBlock__9daAlink_cFv
800B9010:checkRAction__9daAlink_cFv
800B8930:checkReadyItem__9daAlink_cFv
800EC8F8:checkReinRideBgCheck__9daAlink_cFv
800D00EC:checkReinRide__9daAlink_cCFv
8014CC38:checkRemoveJoint__8daNpcT_cFi
800B477C:checkRequestTalkActor__9daAlink_cFP10dAttList_cP10fopAc_ac_c
802E0C6C:checkResetCallback__10JUTGamePadFx
801413F8:checkResetFlg0__9daPy_py_cCFQ29daPy_py_c10daPy_RFLG0
802E0FA4:checkResetSwitch__10JUTGamePadFv
800B33E4:checkRestHPAnime__9daAlink_cFv
80118B34:checkRestartDead__9daAlink_cFii
800BE3E4:checkRestartRoom__9daAlink_cFv
800CFEB0:checkRideOn__9daAlink_cCFv
80182AD8:checkRide__9daPy_py_cCFv
8019AB84:checkRightTrigger__13dShopSystem_cFP9STControl
801E3AC8:checkRightTrigger__14dMenu_Option_cFv
800324A8:checkRightTrigger__9STControlFv
800D05C0:checkRollJump__9daAlink_cCFv
801415F4:checkRollJump__9daPy_py_cCFv
80100668:checkRoofHangMovePos__9daAlink_cFv
800BE2C0:checkRoofRestart__9daAlink_cFv
800244E8:checkRoomDisp__20dStage_roomControl_cCFi
800C03E8:checkRoomOnly__9daAlink_cFv
8015F660:checkRoomRestartStart__9daPy_py_cFv
800C04B4:checkRoomSpecial__9daAlink_cFv
800C0520:checkRoom__9daAlink_cFv
801416D4:checkRopeTag__9daPy_py_cFv
800BEAF8:checkSceneChange__9daAlink_cFi
800B47B4:checkServiceWaitMode__9daAlink_cFv
800E7894:checkSetChainPullAnime__9daAlink_cFs
800C0164:checkSetItemTrigger__9daAlink_cFi
80115D08:checkSetNpcTks__9daAlink_cFP4cXyzii
80141744:checkSetNpcTks__9daPy_py_cFP4cXyzii
800DC5DC:checkShieldAttackEmphasys__9daAlink_cFv
800CB53C:checkShieldDraw__9daAlink_cFv
80141210:checkShieldGet__9daPy_py_cFv
8019AB24:checkShopOpen__13dShopSystem_cFv
800B9148:checkSideRollAction__9daAlink_cFi
800D0414:checkSideStep__9daAlink_cCFv
80141574:checkSideStep__9daPy_py_cCFv
800BF500:checkSightLine__9daAlink_cFfP4cXyz
802F8834:checkSignature__9J2DScreenFP20JSURandomInputStream
800D07D4:checkSingleBoarBattleSecondBowReady__9daAlink_cCFv
8014171C:checkSingleBoarBattleSecondBowReady__9daPy_py_cCFv
800D09B4:checkSinkDead__9daAlink_cCFv
8014190C:checkSinkDead__9daPy_py_cCFv
800B5F6C:checkSlideAction__9daAlink_cFv
800B21EC:checkSlope__9daAlink_cCFv
800D0048:checkSmallUpperGuardAnime__9daAlink_cCFv
80105ABC:checkSnowCodePolygon__9daAlink_cFR13cBgS_PolyInfo
80105A98:checkSnowCode__9daAlink_cCFv
800D0138:checkSpecialDemoMode__9daAlink_cCFv
800DC5A4:checkSpecialNpc__9daAlink_cFP10fopAc_ac_c
8010DA98:checkSpinnerPathMove__9daAlink_cFv
80141800:checkSpinnerPathMove__9daPy_py_cFv
8015F814:checkSpinnerReflectEffect__9daPy_py_cFv
800CF2C8:checkSpinnerRide__9daAlink_cCFv
80097860:checkSpinnerRide__9daPy_py_cCFv
8010DB28:checkSpinnerTriggerAttack__9daAlink_cFv
80141808:checkSpinnerTriggerAttack__9daPy_py_cFv
801CB570:checkStRoomData__12dMenu_Fmap_cFv
8009DA60:checkStageName__9daAlink_cFPCc
80260AA8:checkStartAnimeEnd__21dDlst_TimerScrnDraw_cFv
8004882C:checkStartDemo__16dEvent_manager_cFv
80031F94:checkStateCarry__7dBomb_cFv
8021F7B0:checkStatus__9dMeter2_cFv
802237D4:checkSubContents__9dMeter2_cFv
800CE628:checkSubjectAction__9daAlink_cFv
800CEBD8:checkSubjectEnd__9daAlink_cFi
800EA844:checkSumouVsActor__9daAlink_cFv
800D027C:checkSumouWithstand__9daAlink_cCFv
8014185C:checkSumouWithstand__9daPy_py_cCFv
80102B1C:checkSwimAction__9daAlink_cFi
80103EE0:checkSwimButtonAccept__9daAlink_cFv
80103F24:checkSwimButtonMove__9daAlink_cFv
80103398:checkSwimFall__9daAlink_cFv
80103FE8:checkSwimNeckUpDown__9daAlink_cCFv
801033CC:checkSwimOutAction__9daAlink_cFv
80103058:checkSwimUpAction__9daAlink_cFv
800CB480:checkSwordDraw__9daAlink_cFv
800D0E98:checkSwordEquipAnime__9daAlink_cCFv
801413D8:checkSwordGet__9daPy_py_cFv
800B7390:checkSwordTwirlAction__9daAlink_cFv
800B93CC:checkSwordTwirlAnime__9daAlink_cCFv
801829E0:checkThrowDamage__9daPy_py_cCFv
8015EBD8:checkTradeItem__9daPy_py_cFi
8009BE28:checkTreasureBox__7dTres_cFPQ27dTres_c6data_s
8011A6FC:checkTreasureRupeeReturn__9daAlink_cCFi
80141840:checkTreasureRupeeReturn__9daPy_py_cCFi
8023E640:checkTriggerA__17dMsgScrnExplain_cFv
8023E654:checkTriggerB__17dMsgScrnExplain_cFv
8003219C:checkTrigger__9STControlFv
80182D1C:checkTurnStandCamera__9daHorse_cCFv
8012880C:checkUnderMove0BckNoArcWolf__9daAlink_cCFQ29daAlink_c12daAlink_WANM
800AC558:checkUnderMove0BckNoArc__9daAlink_cCFQ29daAlink_c11daAlink_ANM
800AC5B4:checkUnderMove1BckNoArc__9daAlink_cCFQ29daAlink_c11daAlink_ANM
80103F08:checkUpSwimButtonAccept__9daAlink_cFv
80032524:checkUpTrigger__9STControlFv
800E57AC:checkUpperGrabItemThrow__9daAlink_cFf
800DCDF0:checkUpperGuardAnime__9daAlink_cCFv
800E0B58:checkUpperItemActionBoomerangFly__9daAlink_cFv
800E0A9C:checkUpperItemActionBoomerang__9daAlink_cFv
800DF798:checkUpperItemActionBowFly__9daAlink_cFv
800DF0BC:checkUpperItemActionBow__9daAlink_cFv
800E1BB4:checkUpperItemActionCopyRodFly__9daAlink_cFv
800E1ADC:checkUpperItemActionCopyRod__9daAlink_cFv
800B74B4:checkUpperItemActionFly__9daAlink_cFv
80109284:checkUpperItemActionHookshot__9daAlink_cFv
80115254:checkUpperItemActionIronBall__9daAlink_cFv
800B75EC:checkUpperItemAction__9daAlink_cFv
800BAF80:checkUpperReadyThrowAnime__9daAlink_cCFv
8011087C:checkUseKandelaar__9daAlink_cFi
801417C8:checkUseKandelaar__9daPy_py_cFi
80273EA8:checkUserIndexDuplication__18JPAResourceManagerCFUs
80034644:checkVibration__19dSv_player_config_cCFv
800B58EC:checkWaitAction__9daAlink_cFv
80037C7C:checkWait__10e_wb_classFv
801D7B58:checkWarpAcceptCannon__17dMenu_Fmap2DTop_cFv
801D7AB4:checkWarpAcceptRegion4__17dMenu_Fmap2DTop_cFv
801D7A08:checkWarpAcceptRegion__17dMenu_Fmap2DTop_cFi
8011F9EC:checkWarpStart__9daAlink_cFv
80031FF4:checkWaterBomb__7dBomb_cFP10fopAc_ac_c
8011078C:checkWaterInKandelaarOffset__9daAlink_cFf
801107BC:checkWaterInKandelaar__9daAlink_cFf
80050CC4:checkWaterIn__7dPaPo_cFP4cXyzPC4cXyzPC12dKy_tevstr_cUlScff
800B1488:checkWaterPolygonUnder__9daAlink_cFv
800B9398:checkWindDashAnime__9daAlink_cCFv
800A79EC:checkWindSpeedOnAngleAnime__9daAlink_cCFi
800A7950:checkWindSpeedOnAngle__9daAlink_cCFv
800A7ABC:checkWindWallRate__9daAlink_cFRC4cXyz
8012C308:checkWolfAtnDoCharge__9daAlink_cFv
80128F0C:checkWolfAtnMoveBack__9daAlink_cFs
80128798:checkWolfAtnWait__9daAlink_cFv
801393A4:checkWolfAttackAction__9daAlink_cFv
8012A228:checkWolfAttackReverse__9daAlink_cFi
8012A330:checkWolfBarrierHitReverse__9daAlink_cFv
8012A41C:checkWolfBarrierWallHit__9daAlink_cFR13cBgS_PolyInfo
800D05E8:checkWolfChain__9daAlink_cCFv
80141604:checkWolfChain__9daPy_py_cCFv
801392E4:checkWolfComboCnt__9daAlink_cFv
800D03DC:checkWolfDash__9daAlink_cCFv
8001E120:checkWolfDash__9daPy_py_cCFv
800D0660:checkWolfDig__9daAlink_cCFv
80141634:checkWolfDig__9daPy_py_cCFv
800D0A14:checkWolfDownAttackPullOut__9daAlink_cCFv
801418E4:checkWolfDownAttackPullOut__9daPy_py_cCFv
800D095C:checkWolfEnemyBiteAllOwn__9daAlink_cCFPC10fopAc_ac_c
801417E8:checkWolfEnemyBiteAllOwn__9daPy_py_cCFPC10fopAc_ac_c
80138C44:checkWolfEnemyThrowAction__9daAlink_cFv
800D0110:checkWolfEnemyThrowAnime__9daAlink_cCFv
80129A80:checkWolfGroundSpecialMode__9daAlink_cFv
800D04A4:checkWolfHowlDemoMode__9daAlink_cCFv
80141594:checkWolfHowlDemoMode__9daPy_py_cCFv
800D0AA4:checkWolfHowlSuccessAnime__9daAlink_cCFv
80141924:checkWolfHowlSuccessAnime__9daPy_py_cCFv
800D0610:checkWolfJumpAttack__9daAlink_cCFv
80141614:checkWolfJumpAttack__9daPy_py_cCFv
8012987C:checkWolfLandAction__9daAlink_cFi
801373F8:checkWolfLieCode__9daAlink_cFv
801371FC:checkWolfLieContinue__9daAlink_cFi
801397A4:checkWolfLockAttackChargeState__9daAlink_cFv
80139048:checkWolfLockData__9daAlink_cFv
8013911C:checkWolfLock__9daAlink_cCFP10fopAc_ac_c
801416A0:checkWolfLock__9daPy_py_cCFP10fopAc_ac_c
800D0624:checkWolfRSit__9daAlink_cCFv
8014161C:checkWolfRSit__9daPy_py_cCFv
800D05AC:checkWolfRopeHang__9daAlink_cCFv
801415EC:checkWolfRopeHang__9daPy_py_cCFv
80131450:checkWolfRopeHit__9daAlink_cCFP12dCcD_GObjInfPC4cXyzi
80131628:checkWolfRopeJumpHang__9daAlink_cFv
80131408:checkWolfRope__9daAlink_cFv
801415E4:checkWolfRope__9daPy_py_cFv
80127D68:checkWolfShapeReverse__9daAlink_cCFv
80127DC4:checkWolfSideStep__9daAlink_cCFv
80127F20:checkWolfSlowDash__9daAlink_cFv
800D0598:checkWolfTagLockJumpLand__9daAlink_cCFv
801415DC:checkWolfTagLockJumpLand__9daPy_py_cCFv
800D0570:checkWolfTagLockJump__9daAlink_cCFv
801415D4:checkWolfTagLockJump__9daPy_py_cCFv
800D0444:checkWolfTriggerJump__9daAlink_cCFv
8014157C:checkWolfTriggerJump__9daPy_py_cCFv
801299A8:checkWolfUseAbility__9daAlink_cFv
8012BFA8:checkWolfWaitSlipPolygon__9daAlink_cFv
800D05FC:checkWolfWait__9daAlink_cCFv
8014160C:checkWolfWait__9daPy_py_cCFv
801413CC:checkWolf__9daPy_py_cCFv
800DCA2C:checkWoodShieldEquipNotIronBall__9daAlink_cCFv
8015F3C4:checkWoodShieldEquip__9daPy_py_cFv
8015D410:checkYogan__8daItem_cFv
800B3904:checkZeroSpeedF__9daAlink_cCFv
80103F94:checkZoraSwimMove__9daAlink_cFv
800BFDB0:checkZoraWearAbility__9daAlink_cCFv
80101890:checkZoraWearMaskDraw__9daAlink_cFv
802D0190:check__10JKRExpHeapFv
802D106C:check__12JKRSolidHeapFv
802D1414:check__13JKRAssertHeapFv
800314D4:check__7daSus_cFP10fopAc_ac_c
80031434:check__7daSus_cFScRC4cXyz
800310C8:check__Q27daSus_c6data_cFP10fopAc_ac_c
80031038:check__Q27daSus_c6data_cFRC4cXyz
80070CA0:check_distace__FP4cXyzsP4cXyzffff
80070AC0:check_event_condition__FUlUs
80070B2C:check_flontofplayer__FUlss
8009B7C4:check_itemno__Fi
802D5778:check_mount_already__10JKRArchiveFlP7JKRHeap
8016C330:check_owner_action1__22@unnamed@d_camera_cpp@FUlUl
8016C368:check_owner_action__22@unnamed@d_camera_cpp@FUlUl
800172D4:checkspace__15mDoMemCd_Ctrl_cFv
80255E98:childPaneBackupAlpha__17CPaneMgrAlphaMorfFP7J2DPane
80255A60:childPaneCount__13CPaneMgrAlphaFP7J2DPane
80255ACC:childPaneGetAlpha__13CPaneMgrAlphaFP7J2DPane
80254018:childPaneGetSize__8CPaneMgrFP7J2DPane
80255F28:childPaneSetAlphaMorf__17CPaneMgrAlphaMorfFP7J2DPanef
80255B5C:childPaneSetAlpha__13CPaneMgrAlphaFP7J2DPaneUc
80254134:childPaneSetSize__8CPaneMgrFP7J2DPaneff
80153A78:chkActorInArea__8daNpcF_cFP10fopAc_ac_c4cXyz4cXyzs
80153BDC:chkActorInAttnArea__8daNpcF_cFP10fopAc_ac_cP10fopAc_ac_ci
80154730:chkActorInSight2__8daNpcF_cFP10fopAc_ac_cfs
801539F0:chkActorInSight__8daNpcF_cFP10fopAc_ac_cf
8014ABD0:chkActorInSight__8daNpcT_cFP10fopAc_ac_cfs
80070A70:chkAttMask__12dAttention_cFUlUl
80086FBC:chkCameraPoint__4dCcSFRC4cXyzPQ214cCcD_ShapeAttr5ShapeP10fopAc_ac_cP10fopAc_ac_c
80037AF4:chkDead__12daItemBase_cFv
80037ACC:chkDraw__12daItemBase_cFv
80152EC4:chkEndAnm__8daNpcF_cFP12J3DFrameCtrlf
80152E24:chkEndAnm__8daNpcF_cFf
8014AE1C:chkFindActor__8daNpcT_cFP10fopAc_ac_cis
801549E0:chkFindPlayer2__8daNpcF_cFis
8014B0C8:chkFindWolf__8daNpcT_cFsiiffffi
80145144:chkFlag__12daItemBase_cFi
80182980:chkFlag__9dCamera_cFUl
8003ECA0:chkGetCompass__10dMapInfo_nFv
8003ECD8:chkGetMap__10dMapInfo_nFv
80146188:chkPassed1__13daNpcT_Path_cF4cXyzi
801464D8:chkPassed2__13daNpcT_Path_cF4cXyzP4cXyzii
80150A7C:chkPassedDst__13daNpcF_Path_cF4cXyz
80150A24:chkPassed__13daNpcF_Path_cF4cXyz
8014DA64:chkPnt__16daBaseNpc_path_cF4cXyz
801548F4:chkPointInArea__8daNpcF_cF4cXyz4cXyz4cXyzs
80154834:chkPointInArea__8daNpcF_cF4cXyz4cXyzfffs
8014ADA0:chkPointInArea__8daNpcT_cF4cXyz4cXyz4cXyzs
8014ACF0:chkPointInArea__8daNpcT_cF4cXyz4cXyzfffs
8007EBC4:chkPolyThrough__8dBgWKColCFP5dBgPcP16cBgS_PolyPassChkP15cBgS_GrpPassChkR4cXyz
80031D10:chkSaveFlag__12daObjCarry_cFv
80031D8C:chkSttsFlag__12daObjCarry_cFiUc
8014B024:chkWolfAction__8daNpcT_cFv
8014CC98:chkXYItems__8daNpcT_cFv
8045066C:chk_type_num__12dAttention_c
80450668:chk_type_tbl__12dAttention_c
80197808:chooseItem3__13dShopSystem_cFUc
80198250:chooseItem4__13dShopSystem_cFUc
80197DD0:chooseItem5__13dShopSystem_cFUc
80391D6C:chuchuLocalOffset$41952
80391D78:chuchuScale$41953
801EF13C:clacEllipseFunction__12dMenu_Ring_cFfff
801EF1A0:clacEllipsePlotAverage__12dMenu_Ring_cFiff
8028F69C:clamp<s,l>__7JASCalcFl
8029E3B0:clamp__14JASSoundParamsFv
802F85A8:clean__9J2DScreenFv
8004AD28:cleanupModel__18dPa_modelEcallBackFP14JPABaseEmitter
8004C054:cleanup__13dPa_control_cFv
8004FB8C:cleanup__18dPa_levelEcallBackFv
80050284:cleanup__19dPa_followEcallBackFv
8004B808:cleanup__Q213dPa_control_c7level_cFv
8004A88C:cleanup__Q218dPa_modelEcallBack7model_cFv
8004B5AC:cleanup__Q313dPa_control_c7level_c9emitter_cFv
803A3A44:clear$2359
802F8004:clearAnmTransform__7J2DPaneFv
80053BA0:clearAnmTransform__9J2DScreenFv
80450658:clearColor$5435
80122F18:clearCutTurnEffectID__9daAlink_cFv
8015ECFC:clearData__16daPy_actorKeep_cFv
80272F58:clearEfb__10JFWDisplayF8_GXColor
80272F9C:clearEfb__10JFWDisplayFiiii8_GXColor
80272F2C:clearEfb__10JFWDisplayFv
80272EB8:clearEfb_init__10JFWDisplayFv
80124E28:clearFirePointDamageEffect__9daAlink_cFi
802E1024:clearForReset__10JUTGamePadFv
80051424:clearFourAllID__8dPaPoF_cFv
8005113C:clearID__7dPaPo_cFPUlPUc
801C443C:clearIconInfo__16dMenuMapCommon_cFv
802E5214:clearIndex__6JUTXfbFv
8002B394:clearItemBombNumCount__14dComIfG_play_cFUc
802BCDA8:clearMicState__9Z2SpotMicFi
8022FAF0:clearOutfontLength__26jmessage_string_tReferenceFi
8027E354:clearResourceManager__17JPAEmitterManagerFUc
80034CF8:clearRoomItem__13dSv_zoneBit_cFv
80034CEC:clearRoomSwitch__13dSv_zoneBit_cFv
800425B4:clearSkipSystem__14dEvt_control_cFv
80051294:clearTwoAllID__8dPaPoT_cFv
801255BC:clearWoodShieldBurnEffect__9daAlink_cFv
802E75EC:clear__10JUTConsoleFv
802E08D0:clear__10JUTGamePadFv
802E5A60:clear__10JUTProcBarFv
80325D88:clear__12J3DModelDataFv
8032F5A8:clear__16J3DMaterialTableFv
802E121C:clear__Q210JUTGamePad6CStickFv
802E1050:clear__Q210JUTGamePad7CButtonFv
802E15D8:clear__Q210JUTGamePad7CRumbleFP10JUTGamePad
802E15B4:clear__Q210JUTGamePad7CRumbleFv
80041488:clear_tmpflag_for_message__21@unnamed@d_event_cpp@Fv
803C4060:clear_z_TX
80430FF0:clear_z_tobj
802738FC:clip__11J3DUClipperCFPA4_Cf3Vecf
80273A44:clip__11J3DUClipperCFPA4_CfP3VecP3Vec
802F7264:clip__7J2DPaneFRCQ29JGeometry8TBox2<f>
8025FF98:closeAnime__21dDlst_TimerScrnDraw_cFv
80291BB8:closeChild__8JASTrackFUl
8019210C:closeInit__15dFile_warning_cFv
80046DA0:closeProc__16dEvent_manager_cFP12dEvDtEvent_c
8023B148:closeProc__17dMsgScrn3Select_cFv
801F1BF8:closeSelect2__12dMenu_save_cFv
801F1B38:closeSelect__12dMenu_save_cFv
802D9938:close__10JKRDvdFileFv
80291AC8:close__8JASTrackFv
8023E43C:close_init__17dMsgScrnExplain_cFv
801DC2E4:close_init__19dMenu_ItemExplain_cFv
80194050:close_init__8dScope_cFv
8023E448:close_proc__17dMsgScrnExplain_cFv
801DC2F0:close_proc__19dMenu_ItemExplain_cFv
80194054:close_proc__8dScope_cFv
8014474C:clothCreate__12daItemBase_cFv
80061438:cloud_shadow_move__Fv
8018296C:clrFlag__9dCamera_cFUl
80293AF0:clrIntrMask__10JASSeqCtrlFUl
8014A324:clrParam__8daNpcT_cFv
80151FE0:clrRotAngle__15daNpcF_Lookat_cFv
80031CF8:clrSaveFlag__12daObjCarry_cFv
804508A8:cm2hw$539
80450908:cm2hw$552
80294BB4:cmdBankPrg__12JASSeqParserFP8JASTrackPUl
80294BD0:cmdBank__12JASSeqParserFP8JASTrackPUl
8029491C:cmdBusConnect__12JASSeqParserFP8JASTrackPUl
80294248:cmdCallF__12JASSeqParserFP8JASTrackPUl
802943CC:cmdCallTable__12JASSeqParserFP8JASTrackPUl
8029421C:cmdCall__12JASSeqParserFP8JASTrackPUl
80294770:cmdCheckPortExport__12JASSeqParserFP8JASTrackPUl
80294724:cmdCheckPortImport__12JASSeqParserFP8JASTrackPUl
802946AC:cmdChildReadPort__12JASSeqParserFP8JASTrackPUl
802945F8:cmdChildWritePort__12JASSeqParserFP8JASTrackPUl
802941F0:cmdCloseTrack__12JASSeqParserFP8JASTrackPUl
802949B4:cmdClrI__12JASSeqParserFP8JASTrackPUl
80294988:cmdDisInterrupt__12JASSeqParserFP8JASTrackPUl
80295088:cmdDump__12JASSeqParserFP8JASTrackPUl
8029483C:cmdEnvScaleSet__12JASSeqParserFP8JASTrackPUl
8029488C:cmdEnvSet__12JASSeqParserFP8JASTrackPUl
80294AE4:cmdFIRSet__12JASSeqParserFP8JASTrackPUl
80294AD4:cmdFinish__12JASSeqParserFP8JASTrackPUl
8044C820:cmdFixDevice$327
80294B70:cmdIIRCutOff__12JASSeqParserFP8JASTrackPUl
80294B1C:cmdIIRSet__12JASSeqParserFP8JASTrackPUl
80294A20:cmdIntTimer__12JASSeqParserFP8JASTrackPUl
80294340:cmdJmpF__12JASSeqParserFP8JASTrackPUl
80294398:cmdJmpTable__12JASSeqParserFP8JASTrackPUl
80294328:cmdJmp__12JASSeqParserFP8JASTrackPUl
80294448:cmdLoopE__12JASSeqParserFP8JASTrackPUl
8029441C:cmdLoopS__12JASSeqParserFP8JASTrackPUl
80294ADC:cmdNop__12JASSeqParserFP8JASTrackPUl
802944F4:cmdNoteOff__12JASSeqParserFP8JASTrackPUl
802944B4:cmdNoteOn__12JASSeqParserFP8JASTrackPUl
80294470:cmdNote__12JASSeqParserFP8JASTrackPUl
80294188:cmdOpenTrack__12JASSeqParserFP8JASTrackPUl
80294D2C:cmdParamEI__12JASSeqParserFP8JASTrackPUl
80294CB0:cmdParamE__12JASSeqParserFP8JASTrackPUl
80294C54:cmdParamII__12JASSeqParserFP8JASTrackPUl
80294BF8:cmdParamI__12JASSeqParserFP8JASTrackPUl
80294644:cmdParentReadPort__12JASSeqParserFP8JASTrackPUl
802945BC:cmdParentWritePort__12JASSeqParserFP8JASTrackPUl
80294BE4:cmdPrg__12JASSeqParserFP8JASTrackPUl
8029526C:cmdPrintf__12JASSeqParserFP8JASTrackPUl
80294528:cmdReadPort__12JASSeqParserFP8JASTrackPUl
80294F10:cmdRegLoad__12JASSeqParserFP8JASTrackPUl
80294FB4:cmdRegTblLoad__12JASSeqParserFP8JASTrackPUl
80294F40:cmdRegUni__12JASSeqParserFP8JASTrackPUl
80294DA8:cmdReg__12JASSeqParserFP8JASTrackPUl
802942D4:cmdRetF__12JASSeqParserFP8JASTrackPUl
802949E4:cmdRetI__12JASSeqParserFP8JASTrackPUl
8029429C:cmdRet__12JASSeqParserFP8JASTrackPUl
8029494C:cmdSetIntTable__12JASSeqParserFP8JASTrackPUl
8029495C:cmdSetInterrupt__12JASSeqParserFP8JASTrackPUl
80294804:cmdSetLastNote__12JASSeqParserFP8JASTrackPUl
802948C8:cmdSimpleADSR__12JASSeqParserFP8JASTrackPUl
80294A3C:cmdSyncCPU__12JASSeqParserFP8JASTrackPUl
80294AA4:cmdTempo__12JASSeqParserFP8JASTrackPUl
804516F4:cmdTypeAndStatus$372
804516F0:cmdTypeAndStatus$78
802947F4:cmdWaitByte__12JASSeqParserFP8JASTrackPUl
802947BC:cmdWait__12JASSeqParserFP8JASTrackPUl
80294588:cmdWritePort__12JASSeqParserFP8JASTrackPUl
8045155C:cnt$2330
80451564:cntUser$2379
801C1128:cnvPosTo2Dpos__20dMenu_StageMapCtrl_cCFffPfPf
8009DB64:coHitCallback__9daAlink_cFP10fopAc_ac_cP12dCcD_GObjInf
8037A548:col_dat$7609
801FA46C:collect_close_init__5dMw_cFUc
801FB1A0:collect_close_proc__5dMw_cFv
801FA798:collect_fishing_close_init__5dMw_cFUc
801FBA00:collect_fishing_close_proc__5dMw_cFv
801FA794:collect_fishing_move_init__5dMw_cFUc
801FB9AC:collect_fishing_move_proc__5dMw_cFv
801FA738:collect_fishing_open_init__5dMw_cFUc
801FB91C:collect_fishing_open_proc__5dMw_cFv
801FA90C:collect_insect_close_init__5dMw_cFUc
801FBC00:collect_insect_close_proc__5dMw_cFv
801FA908:collect_insect_move_init__5dMw_cFUc
801FBBAC:collect_insect_move_proc__5dMw_cFv
801FA8A8:collect_insect_open_init__5dMw_cFUc
801FBB1C:collect_insect_open_proc__5dMw_cFv
801FA6E0:collect_letter_close_init__5dMw_cFUc
801FB900:collect_letter_close_proc__5dMw_cFv
801FA6DC:collect_letter_move_init__5dMw_cFUc
801FB8AC:collect_letter_move_proc__5dMw_cFv
801FA680:collect_letter_open_init__5dMw_cFUc
801FB81C:collect_letter_open_proc__5dMw_cFv
801FA2D0:collect_move_init__5dMw_cFUc
801FB110:collect_move_proc__5dMw_cFv
801FA244:collect_open_init__5dMw_cFUc
801FB0B8:collect_open_proc__5dMw_cFv
801FA660:collect_option_close_init__5dMw_cFUc
801FB800:collect_option_close_proc__5dMw_cFv
801FA65C:collect_option_move_init__5dMw_cFUc
801FB7AC:collect_option_move_proc__5dMw_cFv
801FA608:collect_option_open_init__5dMw_cFUc
801FB73C:collect_option_open_proc__5dMw_cFv
801FA5E8:collect_save_close_init__5dMw_cFUc
801FB6D8:collect_save_close_proc__5dMw_cFv
801FA5E4:collect_save_move_init__5dMw_cFUc
801FB67C:collect_save_move_proc__5dMw_cFv
801FA590:collect_save_open_init__5dMw_cFUc
801FB61C:collect_save_open_proc__5dMw_cFv
801FA850:collect_skill_close_init__5dMw_cFUc
801FBB00:collect_skill_close_proc__5dMw_cFv
801FA84C:collect_skill_move_init__5dMw_cFUc
801FBAAC:collect_skill_move_proc__5dMw_cFv
801FA7F0:collect_skill_open_init__5dMw_cFUc
801FBA1C:collect_skill_open_proc__5dMw_cFv
802548BC:colorAnime__8CPaneMgrFsQ28JUtility6TColorQ28JUtility6TColorQ28JUtility6TColorQ28JUtility6TColorUc
803995C8:colorTable$3861
803995EC:colorTable$3877
80378EF8:colorTable$3993
801767F8:colosseumCamera__9dCamera_cFl
8029E47C:combine__14JASSoundParamsFRC14JASSoundParamsRC14JASSoundParams
80450C30:commandHeap
80450C00:commandHeapErrors
800170B8:command_attach__15mDoMemCd_Ctrl_cFv
80016E58:command_format__15mDoMemCd_Ctrl_cFv
8010EAC4:commonBottleDrink__9daAlink_cFi
800BA6A0:commonChangeItem__9daAlink_cFv
800BA09C:commonCheckNextAction__9daAlink_cFi
800419A8:commonCheck__14dEvt_control_cFP12dEvt_order_cUsUs
800D21D0:commonCutAction__9daAlink_cFv
800AC754:commonDoubleAnime__9daAlink_cFP15J3DAnmTransformP15J3DAnmTransformP15J3DAnmTransformP15J3DAnmTransformfffi
80120534:commonFallInit__9daAlink_cFi
80120474:commonGrabPutInit__9daAlink_cFv
8010B96C:commonHookshotRoofWait__9daAlink_cFv
8010BA6C:commonHookshotWallWait__9daAlink_cFv
800ECA3C:commonInitForceRideRein__9daAlink_cFv
80110FE0:commonKandelaarPourInit__9daAlink_cFv
801110B8:commonKandelaarPour__9daAlink_cFi
80120500:commonLargeDamageUpInit__9daAlink_cFiiss
800A2198:commonLineCheck__9daAlink_cFP4cXyzP4cXyz
800E24B0:commonMagneLineCheck__9daAlink_cFP4cXyzP4cXyz
80106650:commonProcBoardInit__9daAlink_cFQ29daAlink_c12daAlink_PROC
800C2DA4:commonProcInitNotSameProc__9daAlink_cFQ29daAlink_c12daAlink_PROC
800C1F6C:commonProcInit__9daAlink_cFQ29daAlink_c12daAlink_PROC
80100770:commonRoofHangProc__9daAlink_cFv
800ACD40:commonSingleAnime__9daAlink_cFP15J3DAnmTransformP15J3DAnmTransformffs
80120440:commonWaitTurnInit__9daAlink_cFv
802E5228:common_init__6JUTXfbFi
80165CE0:compWallMargin__9dCamera_cFP4cXyzP4cXyzf
80282094:composite_add__Q27JStudio24TFunctionValue_compositeFRCQ27JGadget44TVector_pointer<PQ27JStudio14TFunctionValue>RCQ37JStudio24TFunctionValue_composite5TDatad
80282284:composite_divide__Q27JStudio24TFunctionValue_compositeFRCQ27JGadget44TVector_pointer<PQ27JStudio14TFunctionValue>RCQ37JStudio24TFunctionValue_composite5TDatad
80281EC8:composite_index__Q27JStudio24TFunctionValue_compositeFRCQ27JGadget44TVector_pointer<PQ27JStudio14TFunctionValue>RCQ37JStudio24TFunctionValue_composite5TDatad
80282200:composite_multiply__Q27JStudio24TFunctionValue_compositeFRCQ27JGadget44TVector_pointer<PQ27JStudio14TFunctionValue>RCQ37JStudio24TFunctionValue_composite5TDatad
8028202C:composite_parameter__Q27JStudio24TFunctionValue_compositeFRCQ27JGadget44TVector_pointer<PQ27JStudio14TFunctionValue>RCQ37JStudio24TFunctionValue_composite5TDatad
80281E5C:composite_raw__Q27JStudio24TFunctionValue_compositeFRCQ27JGadget44TVector_pointer<PQ27JStudio14TFunctionValue>RCQ37JStudio24TFunctionValue_composite5TDatad
80282118:composite_subtract__Q27JStudio24TFunctionValue_compositeFRCQ27JGadget44TVector_pointer<PQ27JStudio14TFunctionValue>RCQ37JStudio24TFunctionValue_composite5TDatad
8004316C:compulsory__14dEvt_control_cFPvPCcUs
800E243C:concatMagneBootInvMtx__9daAlink_cFv
800E23FC:concatMagneBootMtx__9daAlink_cFv
80293CF4:conditionCheck__12JASSeqParserFP8JASTrackQ212JASSeqParser15BranchCondition
801E4F18:confirm_close_init__14dMenu_Option_cFv
801E4FB0:confirm_close_move__14dMenu_Option_cFv
801E4CE4:confirm_move_init__14dMenu_Option_cFv
801E4D20:confirm_move_move__14dMenu_Option_cFv
801E4B34:confirm_open_init__14dMenu_Option_cFv
801E4C10:confirm_open_move__14dMenu_Option_cFv
801E4E98:confirm_select_init__14dMenu_Option_cFv
801E4E9C:confirm_select_move__14dMenu_Option_cFv
80291DAC:connectBus__8JASTrackFii
80291B8C:connectChild__8JASTrackFUlP8JASTrack
8039B8A0:connect_table$463
80450B1C:console_position_x$3776
80450B24:console_position_y$3779
80450B2C:console_scroll$3782
80395518:cont_at$4145
803955C8:cont_at$4196
803963C8:cont_at$5842
80395540:cont_bt$4146
803955F0:cont_bt$4211
80396378:cont_bt$5835
80396328:cont_zt$5828
804345A8:context$2230
80234FF4:continueProc__12dMsgObject_cFv
802E55DC:control__8JUTFaderFv
800738CC:convPId__10dAttHint_cFUi
80073CA4:convPId__10dAttLook_cFUi
8007398C:convPId__11dAttCatch_cFUi
800432EC:convPId__14dEvt_control_cFUi
802D5624:convStrLower__12JKRFileCacheCFPc
802BD92C:convertAbsToRel__10Z2AudienceFR3VecP3Veci
802BCC7C:convertAbsToRel__13Z2AudioCameraCFR3VecP3Vec
802BCBEC:convertAbsToRel__13Z2AudioCameraFP9Z2Audiblei
802E00C4:convertSjis__10JUTResFontCFiPUs
80007B7C:convert__8mDoCPd_cFP27interface_of_controller_padP10JUTGamePad
8012589C:copyBlur__14daAlink_blur_cFPC4cXyzPC4cXyzPC4cXyz
80184A48:copyBookIconAnm__14dFile_select_cFv
801E11EC:copyDMYMenu__14dMenu_Letter_cFv
80188234:copyDataToSelectCansel__14dFile_select_cFv
8018832C:copyDataToSelectMoveAnmSet__14dFile_select_cFv
801884D0:copyDataToSelectMoveAnm__14dFile_select_cFv
8018801C:copyDataToSelectStart__14dFile_select_cFv
80187ED4:copyDataToSelect__14dFile_select_cFv
803112D0:copyLocalVtxArray__15J3DVertexBufferFUl
803111B0:copyLocalVtxNrmArray__15J3DVertexBufferFUl
80311090:copyLocalVtxPosArray__15J3DVertexBufferFUl
802CEB18:copyMemory__7JKRHeapFPvPvUl
8002A064:copyPalette__6dMap_cFiif
8002974C:copyPalette__6dMap_cFv
8018A868:copyPaneMoveOk2__14dFile_select_cFv
8018A6F8:copyPaneMoveOk__14dFile_select_cFv
80392010:copyRodTop$60447
80187BE8:copySelMoveAnmInitSet__14dFile_select_cFii
80188834:copySelectWakuAlpahAnmInit__14dFile_select_cFUcUcUcUc
80188878:copySelectWakuAlpahAnm__14dFile_select_cFUc
80188994:copyToSelBack__14dFile_select_cFv
80188B54:copyToSelPaneMove__14dFile_select_cFv
80272574:copyXfb_triple__10JFWDisplayFv
80316D68:copy__11J3DMaterialFP11J3DMaterial
8036C000:copysign
80394A10:corner_tag$3707
8003ED60:correctionOriginPos__10dMapInfo_nFScP3Vec
8036C028:cos
8036CA0C:cosf
802DF248:countBlock__10JUTResFontFv
80314E28:countBumpMtxNum__8J3DShapeCFv
8031731C:countDLSize__10J3DPEBlockFv
80317314:countDLSize__11J3DIndBlockFv
80316290:countDLSize__11J3DMaterialFv
8031730C:countDLSize__11J3DTevBlockFv
80317BBC:countDLSize__12J3DTevBlock1Fv
80317BC4:countDLSize__12J3DTevBlock2Fv
80317BCC:countDLSize__12J3DTevBlock4Fv
80317304:countDLSize__13J3DColorBlockFv
80317BE4:countDLSize__13J3DPEBlockOpaFv
80317BF4:countDLSize__13J3DPEBlockXluFv
80317BD4:countDLSize__13J3DTevBlock16Fv
80317C04:countDLSize__14J3DPEBlockFullFv
803172FC:countDLSize__14J3DTexGenBlockFv
80317BDC:countDLSize__15J3DIndBlockFullFv
80317BA4:countDLSize__15J3DTexGenBlock4Fv
80317BFC:countDLSize__16J3DPEBlockFogOffFv
80317BEC:countDLSize__17J3DPEBlockTexEdgeFv
80317BB4:countDLSize__18J3DTevBlockPatchedFv
80317BAC:countDLSize__19J3DTexGenBlockBasicFv
80317B94:countDLSize__20J3DColorBlockLightOnFv
80317B84:countDLSize__21J3DColorBlockLightOffFv
80317B9C:countDLSize__21J3DTexGenBlockPatchedFv
80317B8C:countDLSize__22J3DColorBlockAmbientOnFv
802D6150:countFile__10JKRArchiveCFPCc
802D52A0:countFile__12JKRFileCacheCFPCc
80336794:countMaterialNum__14J3DModelLoaderFPCv
802D610C:countResource__10JKRArchiveCFv
802F2C94:countStages__18J2DMaterialFactoryCFi
8033033C:countStages__18J3DMaterialFactoryCFi
80332FE0:countStages__22J3DMaterialFactory_v21CFi
80330304:countTexGens__18J3DMaterialFactoryCFi
80332FA8:countTexGens__22J3DMaterialFactory_v21CFi
803302BC:countUniqueMaterials__18J3DMaterialFactoryFv
80332F84:countUniqueMaterials__22J3DMaterialFactory_v21Fv
80005848:countUsed__FP10JKRExpHeap
80314924:countVertex__12J3DShapeDrawFUl
80395F40:count_1$4083
80395F70:count_unit_1$4084
800F85C0:crawlBgCheck__9daAlink_cFP4cXyzP4cXyzi
80391FD4:crawlOffset$60141
804505E8:crear$2224
803A3A00:crear$2239
8003913C:createAmbient__14dDemo_object_cFv
80326364:createAnmMtx__12J3DMtxBufferFP12J3DModelData
8001FA6C:createAppend__FP10fopAc_ac_cP4cXyzPUlPUlUi
80019B1C:createAppend__FUsUlPC4cXyziPC5csXyzPC4cXyzScUi
8001F6B8:createAppend__FiP4cXyzP4cXyz
80299538:createBank__12JASBNKParserFPCvP7JKRHeap
80299558:createBasicBank__12JASBNKParserFPCvP7JKRHeap
80299A3C:createBasicBank__Q212JASBNKParser4Ver0FPCvP7JKRHeap
8029963C:createBasicBank__Q212JASBNKParser4Ver1FPCvP7JKRHeap
80299034:createBasicWaveBank__11JASWSParserFPCvP7JKRHeap
80326664:createBumpMtxArray__12J3DMtxBufferFP12J3DModelDataUl
800390AC:createCamera__14dDemo_object_cFv
8027EB60:createChild__14JPABaseEmitterFP15JPABaseParticle
803157A0:createColorBlock__11J3DMaterialFUl
8004BB78:createCommon__13dPa_control_cFPCv
802E3FEC:createConsole__12JUTExceptionFPvUl
803264B8:createDoubleDrawMtx__12J3DMtxBufferFP12J3DModelDataUl
8004B064:createEmitter__19dPa_simpleEcallBackFP17JPAEmitterManager
801B90E0:createExplain__14dMenu_DmapBg_cFv
801D7640:createExplain__17dMenu_Fmap2DTop_cFP10JKRExpHeapP9STControl
802E3A08:createFB__12JUTExceptionFv
80039258:createFog__14dDemo_object_cFv
802601E4:createGetIn__21dDlst_TimerScrnDraw_cF4cXyz
802613DC:createGetIn__8dTimer_cF4cXyz
801ADF58:createHeap__10dThunder_cFv
8015EE00:createHeap__14daPy_anmHeap_cFQ214daPy_anmHeap_c16daAlinkHEAP_TYPE
800A4068:createHeap__9daAlink_cFv
802EA5C4:createIndBlock__11J2DMaterialFib
80315E78:createIndBlock__11J3DMaterialFi
803317D4:createLockedMaterial__18J3DMaterialFactoryCFP11J3DMaterialiUl
802721DC:createManager__10JFWDisplayFPC16_GXRenderModeObjP7JKRHeapQ26JUTXfb10EXfbNumberb
802D1A14:createManager__15JKRThreadSwitchFP7JKRHeap
802E81F4:createManager__17JUTConsoleManagerFP7JKRHeap
802E53B8:createManager__6JUTXfbFP7JKRHeapQ26JUTXfb10EXfbNumber
802E4C54:createManager__8JUTVideoFPC16_GXRenderModeObj
80190BA8:createMaskModel__16dFile_select3D_cFv
801B7014:createMaskModel__17dMenu_Collect3D_cFv
803273CC:createMatPacket__8J3DModelFP12J3DModelDataUl
802F937C:createMaterial__9J2DScreenFP20JSURandomInputStreamUlP10JKRArchive
80024844:createMemoryBlock__20dStage_roomControl_cFiUl
80190D68:createMirrorModel__16dFile_select3D_cFv
801B71C4:createMirrorModel__17dMenu_Collect3D_cFv
80330440:createNormalMaterial__18J3DMaterialFactoryCFP11J3DMaterialiUl
80115C50:createNpcTks__9daAlink_cFP4cXyziUl
8028D624:createObject_JAI_SOUND___Q215JStudio_JAudio213TCreateObjectFRCQ47JStudio3stb4data20TParse_TBlock_objectPQ215JStudio_JAudio213TCreateObject
8028E508:createObject_JPA_PARTICLE___Q217JStudio_JParticle13TCreateObjectFRCQ47JStudio3stb4data20TParse_TBlock_objectPQ217JStudio_JParticle13TCreateObject
8028A0F4:createObject_JSG_<Q214JStudio_JStage12TAdaptor_fog,Q26JStage4TFog>__Q214JStudio_JStage21@unnamed@control_cpp@FRCQ47JStudio3stb4data20TParse_TBlock_objectPQ26JStage7TObjectPCQ26JStage7TSystem
80289CE4:createObject_JSG_<Q214JStudio_JStage14TAdaptor_actor,Q26JStage6TActor>__Q214JStudio_JStage21@unnamed@control_cpp@FRCQ47JStudio3stb4data20TParse_TBlock_objectPQ26JStage7TObjectPCQ26JStage7TSystem
80289FF0:createObject_JSG_<Q214JStudio_JStage14TAdaptor_light,Q26JStage6TLight>__Q214JStudio_JStage21@unnamed@control_cpp@FRCQ47JStudio3stb4data20TParse_TBlock_objectPQ26JStage7TObjectPCQ26JStage7TSystem
80289DE8:createObject_JSG_<Q214JStudio_JStage15TAdaptor_camera,Q26JStage7TCamera>__Q214JStudio_JStage21@unnamed@control_cpp@FRCQ47JStudio3stb4data20TParse_TBlock_objectPQ26JStage7TObjectPCQ26JStage7TSystem
80289EEC:createObject_JSG_<Q214JStudio_JStage21TAdaptor_ambientLight,Q26JStage13TAmbientLight>__Q214JStudio_JStage21@unnamed@control_cpp@FRCQ47JStudio3stb4data20TParse_TBlock_objectPQ26JStage7TObjectPCQ26JStage7TSystem
80315F60:createPEBlock__11J3DMaterialFUlUl
80225EA8:createPane__10COutFont_cFv
802F99E8:createPane__9J2DScreenFRC18J2DScrnBlockHeaderP20JSURandomInputStreamP7J2DPaneUl
802F8B98:createPane__9J2DScreenFRC18J2DScrnBlockHeaderP20JSURandomInputStreamP7J2DPaneUlP10JKRArchive
8027EA40:createParticle__14JPABaseEmitterFv
8002C9D8:createParticle__14dComIfG_play_cFv
80330D84:createPatchedMaterial__18J3DMaterialFactoryCFP11J3DMaterialiUl
8004BCDC:createRoomScene__13dPa_control_cFv
80024460:createRoomScene__Fi
802CEDB4:createRoot__10JKRExpHeapFib
8004BEB0:createScene__13dPa_control_cFPCv
80327300:createShapePacket__8J3DModelFP12J3DModelData
8019A238:createShopItem__13dShopSystem_cFi
8027DEBC:createSimpleEmitterID__17JPAEmitterManagerFRCQ29JGeometry8TVec3<f>UsUcUcP18JPAEmitterCallBackP19JPAParticleCallBack
8002CA1C:createSimpleModel__14dComIfG_play_cFv
80299264:createSimpleWaveBank__11JASWSParserFPCvP7JKRHeap
80260574:createStart__21dDlst_TimerScrnDraw_cFUs
8020F5A4:createString__14dMeterString_cFi
802EA410:createTevBlock__11J2DMaterialFib
80315B04:createTevBlock__11J3DMaterialFi
803159A0:createTexGenBlock__11J3DMaterialFUl
8032F9C0:createTexMtxForAnimator__16J3DMaterialTableFP19J3DAnmTextureSRTKey
8028FF04:createThread__6JASDvdFliUl
8001FB50:createTimerAppend__FiUlUcUcffffUi
80007D9C:createTimg__FUsUsUl
80298FD8:createWaveBank__11JASWSParserFPCvP7JKRHeap
803263F0:createWeightEnvelopeMtx__12J3DMtxBufferFP12J3DModelData
8009BBD8:createWork__7dTres_cFv
8003F7E8:createWork__8dMpath_cFv
800351A4:createZone__10dSv_info_cFi
802CEF00:create__10JKRExpHeapFPvUlP7JKRHeapb
802CEE2C:create__10JKRExpHeapFUlP7JKRHeapb
802E73E4:create__10JUTConsoleFUiPvUl
802E7354:create__10JUTConsoleFUiUiP7JKRHeap
802E59E0:create__10JUTProcBarFv
8003F734:create__10dMapInfo_cFv
8009C7AC:create__10dMdl_mng_cFv
80257AE0:create__10dScnLogo_cFv
802588A0:create__10dScnName_cFv
801AE458:create__10dThunder_cFv
80261B54:create__11dkWpillar_cFv
80326258:create__12J3DMtxBufferFP12J3DModelDataUl
802D0A24:create__12JKRSolidHeapFUlP7JKRHeapb
802E495C:create__12JUTAssertionFv
802E1E40:create__12JUTExceptionFP14JUTDirectPrint
800490EC:create__12diff_model_cFP12J3DModelDataiUc
802D3B48:create__13JKRAramStreamFl
802D1368:create__13JKRAssertHeapFP7JKRHeap
80007E44:create__13mDoGph_gInf_cFv
8029CD4C:create__14JASAudioThreadFl
8000FD94:create__14mDoExt_McaMorfFP12J3DModelDataP25mDoExt_McaMorfCallBack1_cP25mDoExt_McaMorfCallBack2_cP15J3DAnmTransformifiiiPvUlUl
803371D0:create__15J3DJointFactoryFi
80337400:create__15J3DShapeFactoryFiUlP14_GXVtxDescList
80126650:create__15daAlink_sight_cFv
80011464:create__15mDoExt_McaMorf2FP12J3DModelDataP25mDoExt_McaMorfCallBack1_cP25mDoExt_McaMorfCallBack2_cP15J3DAnmTransformP15J3DAnmTransformifiiP10Z2CreatureUlUl
8027BBE8:create__16JPADynamicsBlockFP18JPAEmitterWorkData
80046710:create__16dEvent_manager_cFv
800108F0:create__16mDoExt_McaMorfSOFP12J3DModelDataP25mDoExt_McaMorfCallBack1_cP25mDoExt_McaMorfCallBack2_cP15J3DAnmTransformifiiP10Z2CreatureUlUl
802F2D1C:create__18J2DMaterialFactoryCFP11J2DMaterialiUlP15J2DResReferenceP15J2DResReferenceP10JKRArchive
803303C4:create__18J3DMaterialFactoryCFP11J3DMaterialQ218J3DMaterialFactory12MaterialTypeiUl
8004AB1C:create__18dPa_modelEcallBackFUc
8004AF98:create__19dPa_simpleEcallBackFP17JPAEmitterManagerUsUc
80125F14:create__20daAlink_lockCursor_cFv
80015C74:create__20mDoDvdThd_callback_cFPFPv_PvPv
80016394:create__21mDoDvdThd_toMainRam_cFPCcUcP7JKRHeap
8000E53C:create__21mDoExt_invisibleModelFP8J3DModelUc
80333068:create__22J3DMaterialFactory_v21CFP11J3DMaterialiUl
8003E028:create__23dMenu_Fmap_world_data_cFP24dMenu_Fmap_region_data_c
80015E14:create__24mDoDvdThd_mountArchive_cFPCcUcP7JKRHeap
800161E0:create__25mDoDvdThd_mountXArchive_cFPCcUcQ210JKRArchive10EMountModeP7JKRHeap
8009C650:create__6dMdl_cFP12J3DModelDataUsP12dKy_tevstr_c
802D1FA4:create__7JKRAramFUlUllll
80039678:create__7dDemo_cFv
8009BC18:create__7dTres_cFv
8007E804:create__8dBgWKColFPvPv
8003FB70:create__8dMpath_cFv
80007954:create__8mDoCPd_cFv
802DB680:create__9JKRDecompFl
800A5CC8:create__9daAlink_cFv
80015858:create__9mDoDvdThdFl
80009544:create__Q213mDoGph_gInf_c7bloom_cFv
80289B60:create__Q214JStudio_JStage13TCreateObjectFPPQ27JStudio7TObjectRCQ47JStudio3stb4data20TParse_TBlock_object
8028D5B0:create__Q215JStudio_JAudio213TCreateObjectFPPQ27JStudio7TObjectRCQ47JStudio3stb4data20TParse_TBlock_object
8028E400:create__Q217JStudio_JParticle13TCreateObjectFPPQ27JStudio7TObjectRCQ47JStudio3stb4data20TParse_TBlock_object
80037ED4:create__Q220@unnamed@d_demo_cpp@29jstudio_tCreateObject_messageFPPQ27JStudio7TObjectRCQ47JStudio3stb4data20TParse_TBlock_object
80024A34:create__Q220dStage_roomControl_c9roomDzs_cFUc
802855AC:create__Q27JStudio8TFactoryFRCQ47JStudio3stb4data20TParse_TBlock_object
8003C85C:create__Q28dMpath_n18dTexObjAggregate_cFv
802812BC:create__Q37JStudio3ctb8TFactoryFRCQ47JStudio3ctb4data13TParse_TBlock
80284960:create__Q37JStudio3fvb8TFactoryFRCQ47JStudio3fvb4data13TParse_TBlock
802895FC:create__Q37JStudio3stb8TFactoryFRCQ47JStudio3stb4data20TParse_TBlock_object
80430CCC:cross$2491
8026F408:crossInfLin__8cM3dGPlaCFRC4cXyzRC4cXyzR4cXyz
8026F22C:cross__8cM3dGCylCFPC8cM3dGCylP4cXyz
8026F208:cross__8cM3dGCylCFPC8cM3dGSphP4cXyz
8026F73C:cross__8cM3dGSphCFPC8cM3dGCylP4cXyz
8026F710:cross__8cM3dGSphCFPC8cM3dGSphP4cXyz
8026F7B0:cross__8cM3dGTriCFPC8cM3dGCylP3Vec
80391FE0:crouchOffset$60142
80267E48:ct__11cBgS_LinChkFv
8002CBE4:ct__13dComIfG_inf_cFv
8002B1DC:ct__14dComIfG_play_cFv
802639B0:ct__18cCcD_ObjCommonBaseFv
80083660:ct__22dCcD_GAtTgCoCommonBaseFv
80263A10:ct__8cCcD_ObjFv
80272040:ctor_subroutine__10JFWDisplayFb
80155BD8:ctrlBtk__8daNpcF_cFv
801490D4:ctrlBtk__8daNpcT_cFv
8014924C:ctrlFaceMotion__8daNpcT_cFv
8014951C:ctrlJoint__8daNpcT_cFP8J3DJointP8J3DModel
80149300:ctrlMotion__8daNpcT_cFv
80153718:ctrlMsgAnm__8daNpcF_cFRiRiP10fopAc_ac_ci
801493B8:ctrlMsgAnm__8daNpcT_cFPiPiP10fopAc_ac_ci
8020E070:ctrlShowMap__11dMeterMap_cFv
8014CC14:ctrlSubFaceMotion__8daNpcT_cFi
80396248:cur_tag$3868
80396268:cur_tag$4092
80451768:currentDirectory
8018050C:currentEvCamera__9dCamera_cFv
801E7D18:cursorAnime__14dMenu_Option_cFf
8024EC84:cursorAnm__7dName_cFv
801D9F8C:cursorMove__14dMenu_Insect_cFv
801B1FAC:cursorMove__17dMenu_Collect2D_cFv
801B27EC:cursorPosSet__17dMenu_Collect2D_cFv
8004817C:cutEnd__16dEvent_manager_cFi
803919A8:cutParamTable$19765
80391808:cutParamTable$7312
80391858:cutParamTable$7455
80453104:cutSplashName$41756
8004BA74:cutTable__Q213dPa_control_c7level_cFPQ313dPa_control_c7level_c9emitter_c
80015A3C:cut__17mDoDvdThd_param_cFP19mDoDvdThd_command_c
80182D28:d2s__6cAngleFf
80075D7C:dBgS_CheckBGroundPoly__FRC13cBgS_PolyInfo
80075DEC:dBgS_CheckBRoofPoly__FRC13cBgS_PolyInfo
80075D0C:dBgS_CheckBWallPoly__FRC13cBgS_PolyInfo
80075E5C:dBgS_GetNY__FRC13cBgS_PolyInfo
80075AA4:dBgS_MoveBGProc_RotY__FP4dBgWPvRC13cBgS_PolyInfobP4cXyzP5csXyzP5csXyz
80075B44:dBgS_MoveBGProc_Trans__FP4dBgWPvRC13cBgS_PolyInfobP4cXyzP5csXyzP5csXyz
80075AD8:dBgS_MoveBGProc_TypicalRotY__FP4dBgWPvRC13cBgS_PolyInfobP4cXyzP5csXyzP5csXyz
80075A24:dBgS_MoveBGProc_Typical__FP4dBgWPvRC13cBgS_PolyInfobP4cXyzP5csXyzP5csXyz
8007E4C0:dBgW_NewSet__FP6cBgD_tUlPA3_A4_f
801815F0:dCam_getAngleX__FP12camera_class
801815CC:dCam_getAngleY__FP12camera_class
80181640:dCam_getBody__Fv
80181630:dCam_getCamera__Fv
80181614:dCam_getControledAngleY__FP12camera_class
8008479C:dCcD_GetGObjInf__FP8cCcD_Obj
801829F8:dComIfG_Bgsp__Fv
8002F72C:dComIfG_TimerDeleteCheck__Fi
8002F79C:dComIfG_TimerDeleteRequest__Fi
8002F6B0:dComIfG_TimerEnd__Fii
8002F638:dComIfG_TimerReStart__Fi
8002F52C:dComIfG_TimerStart__Fis
8002F5C0:dComIfG_TimerStop__Fi
8002CC54:dComIfG_changeOpeningScene__FP11scene_classs
8002EC54:dComIfG_getNowCalcRegion__Fv
8002F478:dComIfG_getOldStageRes__FPCc
8002F4BC:dComIfG_getRoomArcName__Fi
8002F434:dComIfG_getStageRes__FPCc
8002E9D4:dComIfG_getTrigA__FUl
8002B3F4:dComIfG_get_timelayer__FPi
804061A0:dComIfG_mTimerInfo
8002D008:dComIfG_resDelete__FP30request_of_phase_process_classPCc
8002CEBC:dComIfG_resLoad__FP30request_of_phase_process_classPCc
8002CFC0:dComIfG_resLoad__FP30request_of_phase_process_classPCcP7JKRHeap
8002CD44:dComIfG_resetToOpening__FP11scene_class
8002E910:dComIfGd_setShadow__FUlScP8J3DModelP4cXyzffffR13cBgS_PolyInfoP12dKy_tevstr_csfP9_GXTexObj
8002D0B4:dComIfGd_setSimpleShadow__FP4cXyzffR13cBgS_PolyInfosfP9_GXTexObj
8002FAD4:dComIfGp_SelectWarpPt_get__Fv
8002FAAC:dComIfGp_SelectWarpPt_set__FUc
8002FAC0:dComIfGp_TargetWarpPt_get__Fv
8002FA98:dComIfGp_TargetWarpPt_set__FUc
8002FAE8:dComIfGp_TransportWarp_check__Fv
8002E83C:dComIfGp_addSelectItemNum__Fis
800CFEC4:dComIfGp_att_getCatghTarget__Fv
8002E9F0:dComIfGp_calcNowRegion__Fv
8002E348:dComIfGp_checkEmptySubHeap2D__Fv
8002B2A8:dComIfGp_checkItemGet__FUci
8002E0A8:dComIfGp_checkMapShow__Fv
80141308:dComIfGp_checkPlayerStatus0__FiUl
80141324:dComIfGp_checkPlayerStatus1__FiUl
8002E22C:dComIfGp_createSubExpHeap2D__Fv
8002E2DC:dComIfGp_destroySubExpHeap2D__Fv
80141438:dComIfGp_event_chkEventFlag__FUs
801414A4:dComIfGp_event_runCheck__Fv
80182A54:dComIfGp_evmng_cameraPlay__Fv
80141464:dComIfGp_evmng_getMyStaffId__FPCcP10fopAc_ac_ci
800D005C:dComIfGp_evmng_startCheck__FPCc
8018299C:dComIfGp_getAttention__Fv
8014194C:dComIfGp_getDoStatus__Fv
8014134C:dComIfGp_getEventManager__Fv
801412F8:dComIfGp_getEvent__Fv
801414D8:dComIfGp_getHorseActor__Fv
8002D1AC:dComIfGp_getMapTrans__FiPfPfPs
8002EE60:dComIfGp_getNowLevel__Fv
8014141C:dComIfGp_getPlayerCameraID__Fi
800CFF3C:dComIfGp_getRStatus__Fv
8002D06C:dComIfGp_getReverb__Fi
8002D2AC:dComIfGp_getRoomArrow__Fi
8002D25C:dComIfGp_getRoomCamera__Fi
8002E688:dComIfGp_getSelectItemMaxNum__Fi
8002E5C0:dComIfGp_getSelectItemNum__Fi
8002DF1C:dComIfGp_getSelectItem__Fi
801412A0:dComIfGp_getStage__Fv
8002E3D0:dComIfGp_getSubHeap2D__Fi
8002EDE0:dComIfGp_isLightDropMapVisible__Fv
8002E078:dComIfGp_mapHide__Fv
8002E048:dComIfGp_mapShow__Fv
8002E188:dComIfGp_offHeapLockFlag__Fi
8002F500:dComIfGp_ret_wp_set__FSc
8009236C:dComIfGp_saveCameraPosition__FiP4cXyzP4cXyzfs
8002E388:dComIfGp_searchUseSubHeap2D__Fi
8014119C:dComIfGp_setBottleStatus__FUcUc
8002E0E0:dComIfGp_setHeapLockFlag__FUc
800CFFA4:dComIfGp_setItemLifeCount__FfUc
801419A0:dComIfGp_setItemRupeeCount__Fl
8002D554:dComIfGp_setNextStage__FPCcsScSc
8002D2FC:dComIfGp_setNextStage__FPCcsScScfUliScsii
8002E714:dComIfGp_setSelectItemNum__Fis
8002DDF4:dComIfGp_setSelectItem__Fi
8002F518:dComIfGp_world_dark_get__Fv
8002F504:dComIfGp_world_dark_set__FUc
8002D910:dComIfGs_BossLife_public_Get__Fv
8002D8FC:dComIfGs_BossLife_public_Set__FSc
8002FA84:dComIfGs_Grass_hide_Set__FSc
8002FA04:dComIfGs_PolyDamageOff_Check__Fv
8002F9F0:dComIfGs_PolyDamageOff_Set__FSc
8002F810:dComIfGs_Wolf_Change_Check__Fv
8002E428:dComIfGs_checkGetInsectNum__Fv
8002E4CC:dComIfGs_checkGetItem__FUc
8002E974:dComIfGs_gameStart__Fv
8002E5B8:dComIfGs_getBottleMax__Fv
800CFF2C:dComIfGs_getLife__Fv
8002DCA8:dComIfGs_getMaxLifeGauge__Fv
8002DDC8:dComIfGs_getMixItemIndex__Fi
80141990:dComIfGs_getRupee__Fv
8002DD3C:dComIfGs_getSelectMixItemNoArrowIndex__Fi
802B999C:dComIfGs_getStartPoint__Fv
8002F2F0:dComIfGs_getWarpMarkFlag__Fv
8002F2CC:dComIfGs_getWarpPlayerAngleY__Fv
8002F2BC:dComIfGs_getWarpPlayerPos__Fv
8002F2DC:dComIfGs_getWarpRoomNo__Fv
8002F2AC:dComIfGs_getWarpStageName__Fv
8002D878:dComIfGs_isDungeonItemWarp__Fi
8014139C:dComIfGs_isEventBit__FUs
80141264:dComIfGs_isItemFirstBit__FUc
8002DC3C:dComIfGs_isOneZoneItem__Fii
8002DB64:dComIfGs_isOneZoneSwitch__Fii
802B9A94:dComIfGs_isSaveSwitch__Fi
8002D740:dComIfGs_isStageSwitch__Fii
8002D598:dComIfGs_isStageTbox__Fii
801828A4:dComIfGs_isTmpBit__FUs
8002FC98:dComIfGs_isVisitedRoom__Fi
8002DBD0:dComIfGs_isZoneItem__Fii
8002DA30:dComIfGs_isZoneSwitch__Fii
8002DB00:dComIfGs_offOneZoneSwitch__Fii
8002D6B4:dComIfGs_offStageSwitch__Fii
8002FC3C:dComIfGs_offVisitedRoom__Fi
8002D9CC:dComIfGs_offZoneSwitch__Fii
8002DA9C:dComIfGs_onOneZoneSwitch__Fii
8002D7D0:dComIfGs_onStageBossEnemy__Fi
8002D628:dComIfGs_onStageSwitch__Fii
8002FB80:dComIfGs_onVisitedRoom__Fi
8002D94C:dComIfGs_onZoneSwitch__Fii
8002D938:dComIfGs_sense_type_change_Get__Fv
8002D924:dComIfGs_sense_type_change_Set__FSc
8002F040:dComIfGs_setKeyNum__FiUc
8002F24C:dComIfGs_setLastWarpMarkItemData__FPCc4cXyzsScUcUc
8002DD08:dComIfGs_setMixItemIndex__FiUc
8002EEB0:dComIfGs_setSelectEquipClothes__FUc
8002EF94:dComIfGs_setSelectEquipShield__FUc
8002EEC0:dComIfGs_setSelectEquipSword__FUc
8002DCC4:dComIfGs_setSelectItemIndex__FiUc
8002F19C:dComIfGs_setWarpItemData__FPCc4cXyzsScUcUc
8002F0E0:dComIfGs_setWarpItemData__FiPCc4cXyzsScUcUc
8002F310:dComIfGs_setWarpMarkFlag__FUc
8002FA18:dComIfGs_shake_kandelaar__Fv
8002FA30:dComIfGs_shake_kandelaar_check__Fv
8002FCF4:dComIfGs_staffroll_next_go__Fv
8002FD08:dComIfGs_staffroll_next_go_check__Fv
8002FA54:dComIfGs_wolfeye_effect_check__Fv
8002FB20:dComLbG_PhaseHandler__FP30request_of_phase_process_classPPFPv_iPv
80038490:dDemo_getJaiPointer__FPCcUliPUs
80038518:dDemo_setDemoData__FP10fopAc_ac_cUcP14mDoExt_McaMorfPCciPUsUlSc
801835D0:dEnvSe_Create__FP8dEnvSe_c
801835C8:dEnvSe_Delete__FP8dEnvSe_c
80182DD4:dEnvSe_Draw__FP8dEnvSe_c
801835A0:dEnvSe_Execute__FP8dEnvSe_c
801835C0:dEnvSe_IsDelete__FP8dEnvSe_c
80182DDC:dEnvSe_getNearPathPos__FP4cXyzP4cXyzP5dPath
80043A14:dEvDt_Next_Stage__Fii
800425E8:dEv_defaultSkipProc__FPvi
80042778:dEv_defaultSkipStb__FPvi
8004261C:dEv_defaultSkipZev__FPvi
800428DC:dEv_noFinishSkipProc__FPvi
80048748:dEv_talkman_get_action__Fi
80047DAC:dEvmng_strcmp__FPCcPc
8019BFA4:dGameover_Create__FP9msg_class
8019BF84:dGameover_Delete__FP11dGameover_c
8019BF3C:dGameover_Draw__FP11dGameover_c
8019BF5C:dGameover_Execute__FP11dGameover_c
8019BF7C:dGameover_IsDelete__FP11dGameover_c
801ADD00:dKankyo_DayProc__Fv
80026898:dKankyo_create__Fv
80062ADC:dKr_cullVtx_Set__Fv
801A9D60:dKy_BossLight_set__FP4cXyzP8_GXColorfUc
801AA664:dKy_BossSpotLight_set__FP4cXyzfffP8_GXColorfUcUc
801A5C1C:dKy_Create__FPv
801A5BD4:dKy_Delete__FP17sub_kankyo__class
801A5B6C:dKy_Draw__FP17sub_kankyo__class
801A5B98:dKy_Execute__FP17sub_kankyo__class
801AC5BC:dKy_F_SP121Check__FPCciPUci
8019DD4C:dKy_FiveSenses_fullthrottle_dark__Fv
8019D8CC:dKy_FiveSenses_fullthrottle_dark_static1__Fv
8019D44C:dKy_GXInitLightDistAttn__FP12J3DLightInfoffUc
8019D2C4:dKy_GXInitLightSpot__FP12J3DLightInfofUc
801A86F8:dKy_GfFog_tevstr_set__FP12dKy_tevstr_c
801A60E0:dKy_GlobalLight_set__Fv
801A75E0:dKy_Global_amb_set__FP12dKy_tevstr_c
801A862C:dKy_GxFog_set__Fv
801A8650:dKy_GxFog_tevstr_set__FP12dKy_tevstr_c
801AC28C:dKy_Indoor_check__Fv
801A5BCC:dKy_IsDelete__FP17sub_kankyo__class
801A8168:dKy_Itemgetcol_chg_on__Fv
801AC228:dKy_Outdoor_check__Fv
801A9BE4:dKy_ParticleColor_get_actor__FP4cXyzP12dKy_tevstr_cP8_GXColorP8_GXColorP8_GXColorP8_GXColorf
801A8E20:dKy_ParticleColor_get_base__FP4cXyzP12dKy_tevstr_cP8_GXColorP8_GXColorP8_GXColorP8_GXColorf
801A9CBC:dKy_ParticleColor_get_bg__FP4cXyzP12dKy_tevstr_cP8_GXColorP8_GXColorP8_GXColorP8_GXColorf
801A8484:dKy_SordFlush_set__F4cXyzi
801A8474:dKy_Sound_get__Fv
801A8190:dKy_Sound_init__Fv
801A81C0:dKy_Sound_set__F4cXyziUii
801AC168:dKy_SunMoon_Light_Check__Fv
801AC140:dKy_TeachWind_existence_chk__Fv
801AB01C:dKy_WaterIn_Light_set__Fv
801AAC5C:dKy_WolfEyeLight_set__FP4cXyzfffP8_GXColorfUcUc
8019C388:dKy_WolfPowerup_AmbCol__FP11_GXColorS10
8019CB0C:dKy_WolfPowerup_BgAmbCol__FP11_GXColorS10
8019CCDC:dKy_WolfPowerup_FogNearFar__FPfPf
801A7AC8:dKy_actor_addcol_amb_set__Fsssf
801A7E88:dKy_actor_addcol_set__Fsssf
801A7DE8:dKy_addcol_fog_set__Fsssf
801A7C08:dKy_bg1_addcol_amb_set__Fsssf
801A7CA8:dKy_bg2_addcol_amb_set__Fsssf
801A7D48:dKy_bg3_addcol_amb_set__Fsssf
801ACD24:dKy_bg_MAxx_proc__FPv
801A7B68:dKy_bg_addcol_amb_set__Fsssf
801A7AAC:dKy_bgparts_activelight_cut__Fi
801A7A40:dKy_bgparts_activelight_set__FP15LIGHT_INFLUENCEi
801A0340:dKy_calc_color_set__FP11_GXColorS10P15color_RGB_classP15color_RGB_classP15color_RGB_classP15color_RGB_classff11_GXColorS10f
801AB280:dKy_camera_water_in_status_check__Fv
801AB270:dKy_camera_water_in_status_set__FUc
801A87E4:dKy_change_colpat__FUc
8019F264:dKy_clear_game_init__Fv
801A4C10:dKy_cloudshadow_scroll__FP12J3DModelDataP12dKy_tevstr_ci
801A880C:dKy_custom_colset__FUcUcf
801A7868:dKy_dalkmist_inf_cut__FP18DALKMIST_INFLUENCE
801A7814:dKy_dalkmist_inf_set__FP18DALKMIST_INFLUENCE
801AC870:dKy_darkworld_Area_set__FPCci
801AC57C:dKy_darkworld_check__Fv
801AC7E0:dKy_darkworld_spot_check__FPCci
801AC70C:dKy_darkworld_stage_check__FPCci
8019FAB8:dKy_daynight_check__Fv
801AC2E8:dKy_depth_dist_set__FPv
8019E13C:dKy_eflight_influence_id__F4cXyzi
801A7A00:dKy_efplight_cut__FP15LIGHT_INFLUENCE
801A797C:dKy_efplight_set__FP15LIGHT_INFLUENCE
801A80D0:dKy_fog_startendz_set__Ffff
8019FAF4:dKy_getDarktime_hour__Fv
8019FB30:dKy_getDarktime_minute__Fv
8019FBBC:dKy_getDarktime_week__Fv
801A8B38:dKy_get_dayofweek__Fv
8019D8AC:dKy_get_parcent__Ffff
8019FA10:dKy_getdaytime_hour__Fv
8019FA3C:dKy_getdaytime_minute__Fv
801A8BC8:dKy_instant_rainchg__Fv
801A8B68:dKy_instant_timechg__Ff
801A8AD8:dKy_itudemo_se__Fv
8019E430:dKy_light_influence_col__FP8_GXColorf
8019E404:dKy_light_influence_col__Fi
8019E570:dKy_light_influence_distance__F4cXyzi
8019DD6C:dKy_light_influence_id__F4cXyzi
801A76D8:dKy_light_influence_pos__Fi
8019E520:dKy_light_influence_power__Fi
8019E548:dKy_light_influence_yuragi__Fi
8019EBD0:dKy_light_size_get__FPCc
8019D1A0:dKy_lightdir_set__FffP3Vec
801A61F4:dKy_lightswitch_check__FP30stage_pure_lightvec_info_classc
801A7738:dKy_mock_light_every_set__FP15LIGHT_INFLUENCE
801A6D4C:dKy_move_room_ratio__FP12dKy_tevstr_cPSc
801AC918:dKy_murky_set__FP11J3DMaterial
801A792C:dKy_plight_cut__FP15LIGHT_INFLUENCE
801A7714:dKy_plight_near_pos__Fv
801A789C:dKy_plight_priority_set__FP15LIGHT_INFLUENCE
801A7790:dKy_plight_set__FP15LIGHT_INFLUENCE
801AB59C:dKy_pol_argument_get__FPC13cBgS_PolyInfo
801ABEA8:dKy_pol_eff2_alpha_get__FPC13cBgS_PolyInfo
801ABAA4:dKy_pol_eff2_env_get__FPC13cBgS_PolyInfoP8_GXColor
801AB93C:dKy_pol_eff2_prim_get__FPC13cBgS_PolyInfoP8_GXColor
801ABFE4:dKy_pol_eff2_ratio_get__FPC13cBgS_PolyInfo
801ABC10:dKy_pol_eff_alpha_get__FPC13cBgS_PolyInfo
801AB7D0:dKy_pol_eff_env_get__FPC13cBgS_PolyInfoP8_GXColor
801AB668:dKy_pol_eff_prim_get__FPC13cBgS_PolyInfoP8_GXColor
801ABD4C:dKy_pol_eff_ratio_get__FPC13cBgS_PolyInfo
801AB3A8:dKy_pol_efftype2_get__FPC13cBgS_PolyInfo
801AB290:dKy_pol_efftype_get__FPC13cBgS_PolyInfo
801AB4C0:dKy_pol_sound_get__FPC13cBgS_PolyInfo
8019CE5C:dKy_pos2_get_angle__FP4cXyzP4cXyzPsPs
801A8A34:dKy_rain_check__Fv
8019C3A4:dKy_sense_pat_get__Fv
801A60BC:dKy_setLight__Fv
801A75C0:dKy_setLight_again__Fv
801A5E54:dKy_setLight_init__Fv
801A8854:dKy_setLight_mine__FP12dKy_tevstr_c
801A6C20:dKy_setLight_nowroom__Fc
801A6E9C:dKy_setLight_nowroom_actor__FP12dKy_tevstr_c
801A6278:dKy_setLight_nowroom_common__Fcf
801A6C58:dKy_setLight_nowroom_grass__Fcf
801A8A54:dKy_set_actcol_ratio__Ff
801A8A44:dKy_set_allcol_ratio__Ff
801A8A64:dKy_set_bgcol_ratio__Ff
8005B830:dKy_set_eyevect_calc2__FP12camera_classP3Vecff
8005B780:dKy_set_eyevect_calc__FP12camera_classP3Vecff
801A8A74:dKy_set_fogcol_ratio__Ff
801A8B58:dKy_set_nexttime__Ff
801A8A84:dKy_set_vrboxcol_ratio__Ff
801A8AC8:dKy_set_vrboxkumocol_ratio__Ff
801A8AB8:dKy_set_vrboxsoracol_ratio__Ff
801ACD0C:dKy_shadow_mode_check__FUc
801ACCF4:dKy_shadow_mode_reset__FUc
801ACCDC:dKy_shadow_mode_set__FUc
801A88EC:dKy_tevstr_init__FP12dKy_tevstr_cScUc
8019CFE4:dKy_twi_wolflight_set__Fi
801AAD50:dKy_twilight_camelight_set__Fv
801A572C:dKy_undwater_filter_draw__Fv
801A7FC0:dKy_vrbox_addcol_kasumi_set__Fsssf
801A8060:dKy_vrbox_addcol_set__Fsssf
801A7F20:dKy_vrbox_addcol_sky0_set__Fsssf
801AC2E0:dKy_withwarp_capture_check__Fv
80056A94:dKyd_BloomInf_tbl_getp__Fi
80056A70:dKyd_darkworld_tbl_getp__Fv
800569F4:dKyd_dmenvr_getp__Fv
800569DC:dKyd_dmpalet_getp__Fv
800569E8:dKyd_dmpselect_getp__Fv
80056A00:dKyd_dmvrbox_getp__Fv
80056A7C:dKyd_light_size_tbl_getp__Fv
80056A88:dKyd_light_tw_size_tbl_getp__Fv
80056A64:dKyd_maple_col_getp__Fv
80056A18:dKyd_schejule_boss_getp__Fv
80056A0C:dKyd_schejule_getp__Fv
80056A24:dKyd_xfog_table_set__FUc
801ADF34:dKyeff2_Create__FP12kankyo_class
801ADF10:dKyeff2_Delete__FP9dKyeff2_c
801ADEA0:dKyeff2_Draw__FP9dKyeff2_c
801ADEE8:dKyeff2_Execute__FP9dKyeff2_c
801ADF08:dKyeff2_IsDelete__FP9dKyeff2_c
801ADE00:dKyeff_Create__FP12kankyo_class
801ADDDC:dKyeff_Delete__FP8dKyeff_c
801ADD38:dKyeff_Draw__FP8dKyeff_c
801ADDB4:dKyeff_Execute__FP8dKyeff_c
801ADDD4:dKyeff_IsDelete__FP8dKyeff_c
8006653C:dKyr_drawHousi__FPA4_fPPUc
8006444C:dKyr_drawLenzflare__FPA4_fP4cXyzR8_GXColorPPUc
8006562C:dKyr_drawRain__FPA4_fPPUc
80066048:dKyr_drawSibuki__FPA4_fPPUc
80067488:dKyr_drawSnow__FPA4_fPPUc
800685DC:dKyr_drawStar__FPA4_fPPUc
80063670:dKyr_drawSun__FPA4_fP4cXyzR8_GXColorPPUc
80062B4C:dKyr_draw_rev_moon__FPA4_fPPUc
8006DA7C:dKyr_evil_draw2__FPA4_fPPUc
8006E6B0:dKyr_evil_draw__FPA4_fPPUc
8006D914:dKyr_evil_init__Fv
8006DA04:dKyr_evil_move__Fv
8005B760:dKyr_get_vectle_calc__FP4cXyzP4cXyzP4cXyz
8005E8F8:dKyr_housi_move__Fv
8005BA48:dKyr_lenzflare_move__Fv
8005BED8:dKyr_moon_arrival_check__Fv
8006D01C:dKyr_mud_draw__FPA4_fPPUc
8006C790:dKyr_mud_init__Fv
8006C85C:dKyr_mud_move__Fv
8006E448:dKyr_near_bosslight_check__F4cXyz
8006BE0C:dKyr_odour_draw__FPA4_fPPUc
8006B8E4:dKyr_odour_init__Fv
8006B924:dKyr_odour_move__Fv
8005CC5C:dKyr_rain_init__Fv
8005D18C:dKyr_rain_move__Fv
8005BA24:dKyr_set_btitex__FP9_GXTexObjP7ResTIMG
8005B92C:dKyr_set_btitex_common__FP9_GXTexObjP7ResTIMG11_GXTexMapID
8006B8DC:dKyr_shstar_init__Fv
8006B8E0:dKyr_shstar_move__Fv
8005FBDC:dKyr_snow_init__Fv
8005FD48:dKyr_snow_move__Fv
80061324:dKyr_star_init__Fv
8006140C:dKyr_star_move__Fv
8005BF08:dKyr_sun_move__Fv
8006B190:dKyr_thunder_init__Fv
8006B1A8:dKyr_thunder_move__Fv
80057318:dKyw_Cloud_Draw__Fv
800572C4:dKyw_Housi_Draw__Fv
80057414:dKyw_Odour_Draw__Fv
800571C8:dKyw_Rain_Draw__Fv
8005721C:dKyw_Snow_Draw__Fv
80057270:dKyw_Star_Draw__Fv
8005710C:dKyw_Sun_Draw__Fv
80057174:dKyw_Sunlenz_Draw__Fv
8005736C:dKyw_Vrkumo_Draw__Fv
8005B60C:dKyw_custom_windpower__Ff
800572E8:dKyw_drawCloud__Fi
80057294:dKyw_drawHousi__Fi
80057198:dKyw_drawRain__Fi
800571EC:dKyw_drawSnow__Fi
80057240:dKyw_drawStar__Fi
800570DC:dKyw_drawSun__Fi
80057130:dKyw_drawSunlenz__Fi
8005733C:dKyw_drawVrkumo__Fi
800574BC:dKyw_evil_Draw__Fv
8005748C:dKyw_evil_packet__Fi
8005B61C:dKyw_evt_wind_set__Fss
8005B638:dKyw_evt_wind_set_go__Fv
8005B2F8:dKyw_get_AllWind_vec__FP4cXyzP4cXyzPf
8005B530:dKyw_get_AllWind_vecpow__FP4cXyz
8005AAF0:dKyw_get_wind_pow__Fv
8005AAE0:dKyw_get_wind_vec__Fv
8005AB00:dKyw_get_wind_vecpow__Fv
80057468:dKyw_mud_Draw__Fv
80057438:dKyw_mud_packet__Fi
800573E4:dKyw_odour_packet__Fi
8005AB64:dKyw_plight_collision_set__FP4cXyzssfffff
8005B260:dKyw_pntlight_collision_get_info__FP4cXyzP4cXyzPf
8005AE28:dKyw_pntlight_set__FP14WIND_INFLUENCE
8005AE58:dKyw_pntwind_cut__FP14WIND_INFLUENCE
8005B23C:dKyw_pntwind_get_info__FP4cXyzP4cXyzPf
8005B284:dKyw_pntwind_get_vecpow__FP4cXyz
8005AD44:dKyw_pntwind_init__Fv
8005ADFC:dKyw_pntwind_set__FP14WIND_INFLUENCE
8005B64C:dKyw_rain_set__Fi
80056AF8:dKyw_setDrawPacketListIndScreen__FP9J3DPacketi
80056B48:dKyw_setDrawPacketListSky__FP9J3DPacketi
80056BD8:dKyw_setDrawPacketListXluBg__FP9J3DPacketi
80056AA8:dKyw_setDrawPacketList__FP9J3DPacketi
800573C0:dKyw_shstar_Draw__Fv
80057390:dKyw_shstar_packet__Fi
800581AC:dKyw_wether_delete2__Fv
80057A04:dKyw_wether_delete__Fv
8005A304:dKyw_wether_draw2__Fv
8005A174:dKyw_wether_draw__Fv
800579EC:dKyw_wether_init2__Fv
800574E0:dKyw_wether_init__Fv
800582F8:dKyw_wether_move__Fv
8005A154:dKyw_wether_move_draw2__Fv
8005A0B8:dKyw_wether_move_draw__Fv
8005A340:dKyw_wether_proc__Fv
8005A57C:dKyw_wind_init__Fv
8005A5C0:dKyw_wind_set__Fv
80032654:dLib_checkActorInRectangle__FP10fopAc_ac_cP10fopAc_ac_cPC4cXyzPC4cXyz
8003261C:dLib_getEventSwitchNo__Fi
80032738:dLib_getExpandSizeFromAramArchive__FP14JKRAramArchivePCc
801C662C:dMenuFmap_getStartStageName__FPv
8021E754:dMeter2Info_getNewLetterNum__Fv
8021E2B4:dMeter2Info_getNowLifeGauge__Fv
8021E2C8:dMeter2Info_getNumberTextureName__Fi
8021E308:dMeter2Info_getPixel__FffffffPC7ResTIMG
8021E2DC:dMeter2Info_getPlusTextureName__Fv
8021E6E4:dMeter2Info_getRecieveLetterNum__Fv
8021E660:dMeter2Info_is2DActiveTouchArea__Fv
8021E688:dMeter2Info_isItemOpenCheck__Fv
8021E668:dMeter2Info_isMapOpenCheck__Fv
8014196C:dMeter2Info_offUseButton__Fi
8021E8DC:dMeter2Info_recieveLetter__Fv
8021E9D4:dMeter2Info_set2DVibrationM__Fv
8021E9D0:dMeter2Info_set2DVibration__Fv
8021E4B0:dMeter2Info_setCloth__FUcb
801419B8:dMeter2Info_setFloatingMessage__FUssb
8021E804:dMeter2Info_setNewLetterSender__Fv
8021E5D4:dMeter2Info_setShield__FUcb
8021E530:dMeter2Info_setSword__FUcb
80225B08:dMeter2_Create__FP9msg_class
80225AE8:dMeter2_Delete__FP9dMeter2_c
80225AA0:dMeter2_Draw__FP9dMeter2_c
80225AC0:dMeter2_Execute__FP9dMeter2_c
80225AE0:dMeter2_IsDelete__FP9dMeter2_c
80396EA8:dMo_soundMode
80237F80:dMsgObject_Create__FP9msg_class
80237F60:dMsgObject_Delete__FP12dMsgObject_c
80237F18:dMsgObject_Draw__FP12dMsgObject_c
80237F38:dMsgObject_Execute__FP12dMsgObject_c
80237F58:dMsgObject_IsDelete__FP12dMsgObject_c
802389F8:dMsgObject_addFundRaising__Fs
80238ADC:dMsgObject_addOffering__Fs
80238894:dMsgObject_addTotalPayment__Fs
80238730:dMsgObject_addTotalPrice__Fs
80238928:dMsgObject_getFundRaising__Fv
80232A3C:dMsgObject_getGroupID__Fv
80238A74:dMsgObject_getOffering__Fv
802387C4:dMsgObject_getTotalPayment__Fv
80238660:dMsgObject_getTotalPrice__Fv
80232A44:dMsgObject_searchSSItem__FPvPv
80238990:dMsgObject_setFundRaising__FUs
8023882C:dMsgObject_setTotalPayment__FUs
802386C8:dMsgObject_setTotalPrice__FUs
801FA03C:dMw_A_TRIGGER__Fv
801FA050:dMw_B_TRIGGER__Fv
801FD8C0:dMw_Create__FP9msg_class
801F9F98:dMw_DOWN_TRIGGER__Fv
801FD888:dMw_Delete__FP5dMw_c
801FD840:dMw_Draw__FP5dMw_c
801FD860:dMw_Execute__FP5dMw_c
801FD880:dMw_IsDelete__FP5dMw_c
801F9FAC:dMw_LEFT_TRIGGER__Fv
801F9FF4:dMw_RIGHT_TRIGGER__Fv
801FA078:dMw_START_TRIGGER__Fv
801F9F84:dMw_UP_TRIGGER__Fv
801FA064:dMw_Z_TRIGGER__Fv
801FBD80:dMw_capture_create__5dMw_cFv
801FBE14:dMw_capture_delete__5dMw_cFv
801FBFF8:dMw_collect_create__5dMw_cFv
801FC090:dMw_collect_delete__5dMw_cFb
801FC350:dMw_dmap_create__5dMw_cFv
801FC46C:dMw_dmap_delete__5dMw_cFb
801FCE78:dMw_fade_in__5dMw_cFv
801FCE08:dMw_fade_out__5dMw_cFv
801FC904:dMw_fishing_create__5dMw_cFv
801FC9A4:dMw_fishing_delete__5dMw_cFv
801FC0FC:dMw_fmap_create__5dMw_cFv
801FC264:dMw_fmap_delete__5dMw_cFb
801FCB94:dMw_insect_create__5dMw_cFUc
801FCC44:dMw_insect_delete__5dMw_cFv
801FCD0C:dMw_isButtonBit__5dMw_cFUc
801FA114:dMw_isMenuRing__Fv
801FCD24:dMw_isPush_S_Button__5dMw_cFv
801FC7BC:dMw_letter_create__5dMw_cFv
801FC85C:dMw_letter_delete__5dMw_cFv
801FCCFC:dMw_offButtonBit__5dMw_cFUc
801FA0F0:dMw_offMenuRing__Fv
801FA0AC:dMw_offPauseWindow__Fv
801FCCEC:dMw_onButtonBit__5dMw_cFUc
801FA0CC:dMw_onMenuRing__Fv
801FA08C:dMw_onPauseWindow__Fv
801FC668:dMw_option_create__5dMw_cFv
801FC70C:dMw_option_delete__5dMw_cFv
801FBE94:dMw_ring_create__5dMw_cFUc
801FBF60:dMw_ring_delete__5dMw_cFv
801FC520:dMw_save_create__5dMw_cFv
801FC5D0:dMw_save_delete__5dMw_cFv
801FCA4C:dMw_skill_create__5dMw_cFv
801FCAEC:dMw_skill_delete__5dMw_cFv
80252E44:dOvlpFd2_Create__FPv
80252E3C:dOvlpFd2_Delete__FP10dOvlpFd2_c
80252D0C:dOvlpFd2_Draw__FP10dOvlpFd2_c
80252E08:dOvlpFd2_Execute__FP10dOvlpFd2_c
80252E34:dOvlpFd2_IsDelete__FP10dOvlpFd2_c
802538BC:dOvlpFd3_Create__FPv
802538B4:dOvlpFd3_Delete__FP10dOvlpFd3_c
802537AC:dOvlpFd3_Draw__FP10dOvlpFd3_c
80253880:dOvlpFd3_Execute__FP10dOvlpFd3_c
802538AC:dOvlpFd3_IsDelete__FP10dOvlpFd3_c
80252468:dOvlpFd_Create__FPv
80252460:dOvlpFd_Delete__FP14overlap1_class
8025217C:dOvlpFd_Draw__FP14overlap1_class
8025242C:dOvlpFd_Execute__FP14overlap1_class
80252300:dOvlpFd_FadeIn__FP14overlap1_class
802521F4:dOvlpFd_FadeOut__FP14overlap1_class
80252458:dOvlpFd_IsDelete__FP14overlap1_class
802522C8:dOvlpFd_Wait__FP14overlap1_class
804510E0:dOvlpFd_execute_f
80252184:dOvlpFd_startFadeIn__Fi
80049420:dPa_cleanupGX__Fv
800497E8:dPa_group_id_change__FPUlPUc
8004D278:dPa_kankyocolor_set__FfP14JPABaseEmitterPC12dKy_tevstr_cUlPC4cXyzPC8_GXColorPC8_GXColor
8004A3AC:dPa_setWindPower__FP15JPABaseParticle
80255184:dPaneClass_setPriority__FPPvP7JKRHeapP9J2DScreenPCcUlP10JKRArchive
8025512C:dPaneClass_showNullPane__FP7J2DPane
802550E8:dPaneClass_showNullPane__FP9J2DScreen
80051898:dPath_GetNextRoomPath__FPC5dPathi
800517B0:dPath_GetPnt__FPC5dPathi
8005195C:dPath_GetPolyRoomPathVec__FRC13cBgS_PolyInfoP4cXyzPi
800517EC:dPath_GetRoomPath__Fii
80258420:dScnLogo_Create__FP11scene_class
802584A8:dScnLogo_Delete__FP10dScnLogo_c
80258484:dScnLogo_Draw__FP10dScnLogo_c
80258444:dScnLogo_Execute__FP10dScnLogo_c
802584D0:dScnLogo_IsDelete__FP10dScnLogo_c
80259258:dScnName_Create__FP11scene_class
80259230:dScnName_Delete__FP10dScnName_c
802591C0:dScnName_Draw__FP10dScnName_c
802591E0:dScnName_Execute__FP10dScnName_c
80259200:dScnName_IsDelete__FP10dScnName_c
80008424:dScnPly_BeforeOfPaint__Fv
8025AB94:dScnPly_Create__FP11scene_class
802598AC:dScnPly_Delete__FP9dScnPly_c
802594AC:dScnPly_Draw__FP9dScnPly_c
802597B8:dScnPly_Execute__FP9dScnPly_c
8025987C:dScnPly_IsDelete__F9dScnPly_c
8025BB48:dScnRoom_Create__FP11scene_class
8025B73C:dScnRoom_Delete__FP19room_of_scene_class
8025AE1C:dScnRoom_Draw__FP19room_of_scene_class
8025B564:dScnRoom_Execute__FP19room_of_scene_class
8025B674:dScnRoom_IsDelete__FP19room_of_scene_class
804506F0:dShopSystem_cameraActor
80451064:dShopSystem_camera_count
803BB8A4:dShopSystem_itemActor
804506E8:dShopSystem_itemNo
8045105C:dShopSystem_item_count
80197270:dShopSystem_searchCameraActor__FPvPv
80197098:dShopSystem_searchItemActor__FPvPv
80451058:dShopSystem_sellItemMax
80048C54:dSmplMdl_modelUpdateDL__FP8J3DModel
80026D38:dStage_Create__Fv
80026DF8:dStage_Delete__Fv
80023EF4:dStage_GetKeepDoorInfo__Fv
8002405C:dStage_GetRoomKeepDoorInfo__Fv
80023F50:dStage_KeepDoorInfoInit__FP11dStage_dt_c
80023F84:dStage_KeepDoorInfoProc__FP11dStage_dt_cP16stage_tgsc_class
80025308:dStage_RoomCameraInit__FP11dStage_dt_cPviPv
80026FE8:dStage_RoomCheck__FP11cBgS_GndChk
80024078:dStage_RoomKeepDoorInfoProc__FP11dStage_dt_cP16stage_tgsc_class
80024174:dStage_RoomKeepDoorInit__FP11dStage_dt_cPviPv
80023E94:dStage_SetErrorRoom__Fv
80023EC4:dStage_SetErrorStage__Fv
8002586C:dStage_actorCommonLayerInit__FP11dStage_dt_cPviPv
80024EFC:dStage_actorCreate__FP22stage_actor_data_classP16fopAcM_prm_class
80025A38:dStage_actorInit__FP11dStage_dt_cPviPv
80025B24:dStage_actorInit_always__FP11dStage_dt_cPviPv
8002533C:dStage_arrowInit__FP11dStage_dt_cPviPv
80024F98:dStage_cameraCreate__FP24stage_camera2_data_classii
800252B8:dStage_cameraInit__FP11dStage_dt_cPviPv
800272F0:dStage_changeScene4Event__FiScibfUlsi
800270FC:dStage_changeSceneExitId__FR13cBgS_PolyInfofUlScs
80027170:dStage_changeScene__FifUlScsi
80026730:dStage_dmapInfoInit__FP11dStage_dt_cPviPv
80025CDC:dStage_doorInfoInit__FP11dStage_dt_cPviPv
800260B4:dStage_dt_c_decode__FPvP11dStage_dt_cP9FuncTablei
80026C8C:dStage_dt_c_fieldMapLoader__FPvP11dStage_dt_c
8002635C:dStage_dt_c_offsetToPtr__FPv
80026BBC:dStage_dt_c_roomLoader__FPvP11dStage_dt_ci
80026C34:dStage_dt_c_roomReLoader__FPvP11dStage_dt_ci
80026940:dStage_dt_c_stageInitLoader__FPvP11dStage_dt_c
80026B58:dStage_dt_c_stageLoader__FPvP11dStage_dt_c
80026844:dStage_elstInfoInit__FP11dStage_dt_cPviPv
80025500:dStage_envrInfoInit__FP11dStage_dt_cPviPv
8002556C:dStage_fieldMapFiliInfo2Init__FP11dStage_dt_cPviPv
80026400:dStage_fieldMapMapPathInit__FP11dStage_dt_cPviPv
8002634C:dStage_fieldMapTresureInit__FP11dStage_dt_cPviPv
80025534:dStage_filiInfo2Init__FP11dStage_dt_cPviPv
8002558C:dStage_filiInfoInit__FP11dStage_dt_cPviPv
800261E4:dStage_floorInfoInit__FP11dStage_dt_cPviPv
80024EDC:dStage_getName2__FsSc
80024E30:dStage_getName__FsSc
80026CDC:dStage_infoCreate__Fv
80024068:dStage_initRoomKeepDoorInfo__Fv
80023F00:dStage_isBossStage__FP11dStage_dt_c
8002670C:dStage_layerTresureInit__FP11dStage_dt_cPviPv
80026670:dStage_lbnkInfoInit__FP11dStage_dt_cPviPv
800256AC:dStage_lgtvInfoInit__FP11dStage_dt_cPviPv
800261B0:dStage_mapEventInfoInit__FP11dStage_dt_cPviPv
800263D0:dStage_mapPathInitCommonLayer__FP11dStage_dt_cPviPv
800263A0:dStage_mapPathInit__FP11dStage_dt_cPviPv
80026298:dStage_mecoInfoInit__FP11dStage_dt_cPviPv
80026218:dStage_memaInfoInit__FP11dStage_dt_cPviPv
800265DC:dStage_multInfoInit__FP11dStage_dt_cPviPv
80025498:dStage_paletteInfoInit__FP11dStage_dt_cPviPv
80025EA4:dStage_pathInfoInit__FP11dStage_dt_cPviPv
80025014:dStage_playerInit__FP11dStage_dt_cPviPv
80025648:dStage_plightInfoInit__FP11dStage_dt_cPviPv
80025E70:dStage_ppntInfoInit__FP11dStage_dt_cPviPv
800254CC:dStage_pselectInfoInit__FP11dStage_dt_cPviPv
800274B0:dStage_restartRoom__FUlUli
800267DC:dStage_roomDrtgInfoInit__FP11dStage_dt_cPviPv
80024D10:dStage_roomInit__Fi
80025DA8:dStage_roomReadInit__FP11dStage_dt_cPviPv
80025E40:dStage_roomRead_dt_c_GetReverbStage__FR14roomRead_classi
800266A4:dStage_roomTresureInit__FP11dStage_dt_cPviPv
80025F78:dStage_rpatInfoInit__FP11dStage_dt_cPviPv
80025F44:dStage_rppnInfoInit__FP11dStage_dt_cPviPv
80025838:dStage_sclsInfoInit__FP11dStage_dt_cPviPv
80024DC0:dStage_searchName__FPCc
80026080:dStage_setLayerTagName__FP9FuncTableii
8002604C:dStage_soundInfoInitCL__FP11dStage_dt_cPviPv
80026018:dStage_soundInfoInit__FP11dStage_dt_cPviPv
8002617C:dStage_stEventInfoInit__FP11dStage_dt_cPviPv
80025744:dStage_stagInfoInit__FP11dStage_dt_cPviPv
80025738:dStage_stagInfo_GetParticleNo__FP21stage_stag_info_classi
80141294:dStage_stagInfo_GetSaveTbl__FP21stage_stag_info_class
80026764:dStage_stageDrtgInfoInit__FP11dStage_dt_cPviPv
8002631C:dStage_stageKeepTresureInit__FP11dStage_dt_cPviPv
80025958:dStage_tgscCommonLayerInit__FP11dStage_dt_cPviPv
80025BFC:dStage_tgscInfoInit__FP11dStage_dt_cPviPv
800255E0:dStage_vrboxInfoInit__FP11dStage_dt_cPviPv
80025614:dStage_vrboxcolInfoInit__FP11dStage_dt_cPviPv
80032918:dSv_item_rename__FUc
801AE3FC:dThunder_Create__FP12kankyo_class
801AE37C:dThunder_Delete__FP10dThunder_c
801AE000:dThunder_Draw__FP10dThunder_c
801AE19C:dThunder_Execute__FP10dThunder_c
801AE374:dThunder_IsDelete__FP10dThunder_c
80260F6C:dTimer_Create__FP9msg_class
80260F4C:dTimer_Delete__FP8dTimer_c
80260F04:dTimer_Draw__FP8dTimer_c
80260F24:dTimer_Execute__FP8dTimer_c
80260F44:dTimer_IsDelete__FP8dTimer_c
80261100:dTimer_createGetIn2D__Fl4cXyz
80261188:dTimer_createStart2D__FlUs
80261034:dTimer_createStockTimer__Fv
80260F8C:dTimer_createTimer__FlUlUcUcffff
80261244:dTimer_getRestTimeMs__Fv
802612EC:dTimer_hide__Fv
80261340:dTimer_isReadyFlag__Fv
802611F0:dTimer_isStart__Fv
80261298:dTimer_show__Fv
8019BFC4:d_GameOver_Create__FUc
8019C008:d_GameOver_Delete__FRUi
8005E8B0:d_krain_cut_turn_check__Fv
800A660C:daAlink_Create__FP10fopAc_ac_c
800CE208:daAlink_Delete__FP9daAlink_c
800CD78C:daAlink_Draw__FP9daAlink_c
800CAFA8:daAlink_Execute__FP9daAlink_c
8010E52C:daAlink_bottleModelCallBack__FP8J3DJointi
80119464:daAlink_c_getDemoIDData__FP13dDemo_actor_cPiPiPiPUsPiPi
800E3830:daAlink_checkLightBallA__FP10fopAc_ac_c
800E3858:daAlink_checkLightBallB__FP10fopAc_ac_c
8009D8B8:daAlink_coHitCallback__FP10fopAc_ac_cP12dCcD_GObjInfP10fopAc_ac_cP12dCcD_GObjInf
800A48F0:daAlink_createHeap__FP10fopAc_ac_c
80182878:daAlink_getAlinkActorClass__Fv
8009EF38:daAlink_headModelCallBack__FP8J3DJointi
8010859C:daAlink_hookshotAtHitCallBack__FP10fopAc_ac_cP12dCcD_GObjInfP10fopAc_ac_cP12dCcD_GObjInf
80110BEC:daAlink_kandelaarModelCallBack__FP8J3DJointi
8009EC28:daAlink_modelCallBack__FP8J3DJointi
800EC724:daAlink_searchBoar__FP10fopAc_ac_cPv
800B7D4C:daAlink_searchBouDoor__FP10fopAc_ac_cPv
800F3CD8:daAlink_searchCanoe__FP10fopAc_ac_cPv
800EC758:daAlink_searchCoach__FP10fopAc_ac_cPv
8013DB58:daAlink_searchEnemyCargo__FP10fopAc_ac_cPv
801350A4:daAlink_searchGiantTalk__FP10fopAc_ac_cPv
80135050:daAlink_searchGiant__FP10fopAc_ac_cPv
800E91B0:daAlink_searchGoat__FP10fopAc_ac_cPv
8013056C:daAlink_searchGoldWolf__FP10fopAc_ac_cPv
80111770:daAlink_searchHawk__FP10fopAc_ac_cPv
80105A84:daAlink_searchIceLeaf__FP10fopAc_ac_cPv
800B7F84:daAlink_searchKolin__FP10fopAc_ac_cPv
800E3880:daAlink_searchLightBall__FP10fopAc_ac_cPv
800D0D38:daAlink_searchNightStalker__FP10fopAc_ac_cPv
800CED48:daAlink_searchPeepObj__FP10fopAc_ac_cPv
8011F5D4:daAlink_searchPortal__FP10fopAc_ac_cPv
80110654:daAlink_searchTagKandelaar__FP10fopAc_ac_cPv
80110668:daAlink_searchTagKtOnFire__FP10fopAc_ac_cPv
8011174C:daAlink_searchWhistle__FP10fopAc_ac_cPv
80130580:daAlink_searchWolfHowl__FP10fopAc_ac_cPv
801392A8:daAlink_searchWolfLockEnemy__FP10fopAc_ac_cPv
8009D88C:daAlink_tgHitCallback__FP10fopAc_ac_cP12dCcD_GObjInfP10fopAc_ac_cP12dCcD_GObjInf
8009EFF0:daAlink_wolfModelCallBack__FP8J3DJointi
8014F81C:daBaseNpc_PntVsLineSegmentLengthSquare2D__FffffffPfPfPf
8014D538:daBaseNpc_addIdx__FiiPUsi
8014FB28:daBaseNpc_chkPnt__F4cXyzP4dPntUsUsii
8014D620:daBaseNpc_decIdx__FiPUsii
80150230:daBaseNpc_getGroundAngle__FP13cBgS_PolyInfos
8014D5C4:daBaseNpc_incIdx__FiPUsii
8014F8C4:daBaseNpc_putNurbs__FP4dPntiiP4dPnti
8014D584:daBaseNpc_subIdx__FiiPUsi
8015DEB0:daItem_Create__FP10fopAc_ac_c
8015DE90:daItem_Delete__FP8daItem_c
8015DE50:daItem_Draw__FP8daItem_c
8015DE70:daItem_Execute__FP8daItem_c
80031A78:daMP_c_Get_MovieRestFrame__6daMP_cFv
80031AA4:daMP_c_Set_PercentMovieVolume__6daMP_cFf
80031B24:daMP_c_THPPlayerPause__6daMP_cFv
80031AD0:daMP_c_THPPlayerPlay__6daMP_cFv
801456A4:daNocrm_Delete__FP9daNocrm_c
803B3658:daNocrm_METHODS
801455A8:daNocrm_create__FP9daNocrm_c
801456CC:daNocrm_draw__FP9daNocrm_c
801456AC:daNocrm_execute__FP9daNocrm_c
8014D67C:daNpcBase_BBasis__FiiiPi
8015056C:daNpcF_addIdx__FiiRUsi
80155854:daNpcF_chkDoBtnEqSpeak__FP10fopAc_ac_c
80155634:daNpcF_chkEvtBit__FUl
80154E5C:daNpcF_chkPassed__F4cXyzP4dPntUsUsii
80155968:daNpcF_chkPointInArea__F4cXyz4cXyz4cXyzs
801556B4:daNpcF_chkTmpBit__FUl
80155AE8:daNpcF_clearMessageTmpBit__Fv
80150654:daNpcF_decIdx__FiRUsii
80155AD4:daNpcF_getDistTableIdx__Fii
8015556C:daNpcF_getGroundAngle__FP13cBgS_PolyInfos
80155774:daNpcF_getPlayerInfoFromPlayerList__FiiR4cXyzR5csXyz
801505F8:daNpcF_incIdx__FiRUsii
80155734:daNpcF_offTmpBit__FUl
80155674:daNpcF_onEvtBit__FUl
801556F4:daNpcF_onTmpBit__FUl
80154DA8:daNpcF_pntVsLineSegmentLengthSquare2D__FffffffPfPfPf
80154E54:daNpcF_putNurbs__FP4dPntiiP4dPnti
801505AC:daNpcF_subIdx__FiiRUsi
80031648:daNpcKakashi_chkSwdTutorialStage__Fv
80031838:daNpcKakashi_clrSuccessCount__Fv
800317A4:daNpcKakashi_getSuccessCount__Fv
80031718:daNpcKakashi_getSwdTutorialResult__Fv
800316E0:daNpcKakashi_getSwdTutorialStep__Fv
800317DC:daNpcKakashi_incSuccessCount__Fv
80031754:daNpcKakashi_setSwdTutorialResult__Fb
800316A8:daNpcKakashi_setSwdTutorialStep__FUc
8003160C:daNpcMsg_setEvtNum__FUc
80145A38:daNpcT_addIdx__FiiRUsi
8014C200:daNpcT_chkActorInScreen__FP10fopAc_ac_cfffffffi
8014C5E0:daNpcT_chkDoBtnIsSpeak__FP10fopAc_ac_c
8014CAAC:daNpcT_chkEvtBit__FUl
8014698C:daNpcT_chkPassed__F4cXyzP4dPntUsUsiiP4cXyzPiPi
8014C384:daNpcT_chkPointInArea__F4cXyz4cXyz4cXyzsi
8014CB6C:daNpcT_chkTmpBit__FUl
80145B20:daNpcT_decIdx__FiRUsii
8014CA18:daNpcT_getDistTableIdx__Fii
8014C500:daNpcT_getPlayerInfoFromPlayerList__FiiP4cXyzP5csXyz
80145AC4:daNpcT_incIdx__FiRUsii
8014C700:daNpcT_judgeRace__FP5dPathPP10fopAc_ac_cP16daNpcT_pntData_ciPi
8014CA6C:daNpcT_offEvtBit__FUl
8014CB2C:daNpcT_offTmpBit__FUl
8014CA2C:daNpcT_onEvtBit__FUl
8014CAEC:daNpcT_onTmpBit__FUl
80145A78:daNpcT_subIdx__FiiRUsi
8015F97C:daPy_addCalcShort__FPsssss
804512B8:dacCallbackFunc__9JASDriver
804512C8:dacp$239
800D7208:damageMagnification__9daAlink_cFii
800D7B18:damageTimerCount__9daAlink_cFv
8019E708:darkmist_init__Fv
800080F4:darwFilter__F8_GXColor
80379C30:data$3644
80450F50:data$3831
80184BFC:dataCopyEffAnm__14dFile_select_cFv
80184B44:dataDelEffAnm__14dFile_select_cFv
801F67B8:dataSave__12dMenu_save_cFv
801902B8:dataSave__14dFile_select_cFv
801F3C7C:dataSelectAnmSet__12dMenu_save_cFv
80185C2C:dataSelectAnmSet__14dFile_select_cFv
80184E38:dataSelectInAnmSet__14dFile_select_cFv
80185040:dataSelectIn__14dFile_select_cFv
80185230:dataSelectInit__14dFile_select_cFv
80185DE0:dataSelectMoveAnime__14dFile_select_cFv
80185508:dataSelectStart__14dFile_select_cFv
801853C4:dataSelect__14dFile_select_cFv
80391EA0:dataTabl$51470
801F2840:dataWrite__12dMenu_save_cFv
80450636:data_80450636
80450680:data_80450680
804507A8:data_804507A8
8045086C:data_8045086C
80450BB5:data_80450BB5
80450BE8:data_80450BE8
80450C99:data_80450C99
80450C9A:data_80450C9A
80450C9B:data_80450C9B
80450C9C:data_80450C9C
80450C9D:data_80450C9D
80450C9E:data_80450C9E
80450CA0:data_80450CA0
80450E88:data_80450E88
80451060:data_80451060
80451274:data_80451274$0
804512F4:data_804512F4$25
80451358:data_80451358
80451359:data_80451359
80451380:data_80451380
80451458:data_80451458
804514A4:data_804514A4
804514B8:data_804514B8
80451544:data_80451544
8045158C:data_8045158C
80452F38:data_80452F38$18852
80452F39:data_80452F39$18853
8028336C:data_set__Q27JStudio22TFunctionValue_hermiteFPCfUlUl
80282DD8:data_set__Q27JStudio29TFunctionValue_list_parameterFPCfUl
80251B60:dbView__16dNpcLib_lookat_cFv
8014F4AC:dbgDraw__11daBaseNpc_cFv
803725E4:ddh_cc_close
80372618:ddh_cc_initialize
8037235C:ddh_cc_initinterrupts
803725EC:ddh_cc_open
80372380:ddh_cc_peek
803723F0:ddh_cc_post_stop
80372414:ddh_cc_pre_continue
803724F8:ddh_cc_read
80372610:ddh_cc_shutdown
80372438:ddh_cc_write
80037AE4:dead__12daItemBase_cFv
80362C20:deallocate_from_fixed_pools
80362D78:deallocate_from_var_pools
80005AD8:debugDisplay__Fv
801C47C4:debugIcon__16dMenuMapCommon_cFv
804511AC:debugPrint__9JFWSystem
800061C8:debug__Fv
801953CC:decAlpha__16dSelect_cursor_cFv
8021C1F0:decFloatingMessageTimer__13dMeter2Info_cFv
801BAA4C:decGoldFrameAlphaRate__14dMenu_DmapBg_cFv
8021DCE0:decHotSpringTimer__13dMeter2Info_cFv
8015A294:decIndex__11PathTrace_cFi
8021C238:decMsgKeyWaitTimer__13dMeter2Info_cFv
8000F8CC:decOldFrameMorfCounter__22mDoExt_MtxCalcOldFrameFv
800AA6B4:decSwordBlur__9daAlink_cFv
8014CBF4:decTmr__8daNpcT_cFv
8029883C:decWaveTable__16JASBasicWaveBankFPCQ216JASBasicWaveBank10TWaveGroup
800B4B7C:decideCommonDoStatus__9daAlink_cFv
800F88F8:decideCrawlDoStatus__9daAlink_cFv
801381F8:decideDoStatusSwimWolf__9daAlink_cFv
800B5284:decideDoStatus__9daAlink_cFv
802299AC:decideOutFontRupeeColor__19jmessage_tReferenceFi
801CC2B0:decodeFieldMapData__12dMenu_Fmap_cFv
801CC4EC:decodePortalData__12dMenu_Fmap_cFv
802DBA58:decodeSZP__9JKRDecompFPUcPUcUlUl
802DBC14:decodeSZS__9JKRDecompFPUcPUcUlUl
802DB9DC:decode__9JKRDecompFPUcPUcUlUl
80450788:decompPriority__Q29JFWSystem11CSetUpParam
802DB160:decompSZS_subroutine__FPUcUl
802AB960:decrCrowdSize__7Z2SeMgrFv
80087514:def_se_set__FP10Z2CreatureP8cCcD_ObjUlP10fopAc_ac_c
803490EC:defaultOptionalCommandChecker
803B2C40:defaultPortal$39238
8015FADC:defaultRadius__22@unnamed@d_camera_cpp@FffPf
80165EF4:defaultTriming__9dCamera_cFv
8032DA1C:deformFastVtxNrm_F32__13J3DSkinDeformCFP15J3DVertexBufferP12J3DMtxBuffer
8032D8F4:deformFastVtxPos_F32__13J3DSkinDeformCFP15J3DVertexBufferP12J3DMtxBuffer
8032DDB8:deformVtxNrm_F32__13J3DSkinDeformCFP15J3DVertexBuffer
8032DEBC:deformVtxNrm_S16__13J3DSkinDeformCFP15J3DVertexBuffer
8032DB50:deformVtxPos_F32__13J3DSkinDeformCFP15J3DVertexBufferP12J3DMtxBuffer
8032DC74:deformVtxPos_S16__13J3DSkinDeformCFP15J3DVertexBufferP12J3DMtxBuffer
8032E60C:deform_VtxNrmF32__11J3DDeformerFP15J3DVertexBufferP10J3DClusterP13J3DClusterKeyPf
8032E4A4:deform_VtxPosF32__11J3DDeformerFP15J3DVertexBufferP10J3DClusterP13J3DClusterKeyPf
8032E3BC:deform__11J3DDeformerFP15J3DVertexBufferUs
8032EAB4:deform__11J3DDeformerFP15J3DVertexBufferUsPf
8032E298:deform__13J3DDeformDataFP15J3DVertexBuffer
8032E274:deform__13J3DDeformDataFP8J3DModel
8032E064:deform__13J3DSkinDeformFP15J3DVertexBufferP12J3DMtxBuffer
8032DFDC:deform__13J3DSkinDeformFP8J3DModel
802E5378:delXfb__6JUTXfbFi
8027EC60:deleteAllParticle__14JPABaseEmitterFv
8003B998:deleteArchiveRes__11dRes_info_cFv
800DEAE4:deleteArrow__9daAlink_cFv
802BD4D4:deleteAudible__10Z2AudienceFP10JAIAudible
8025D524:deleteCheck__8dTimer_cFv
802C013C:deleteEnemyAll__13Z2SoundObjMgrFv
800C12DC:deleteEquipItem__9daAlink_cFii
801B9164:deleteExplain__14dMenu_DmapBg_cFv
801D76C0:deleteExplain__17dMenu_Fmap2DTop_cFv
802AB120:deleteHandlesPool__14Z2SoundHandlesFv
8015D480:deleteItem__8daItem_cFv
8025B150:deleteJugge__FPvPv
802C374C:deleteKantera__14Z2CreatureLinkFv
802DD29C:deleteMemBlocks_CacheFont__12JUTCacheFontFv
802DF08C:deleteMemBlocks_ResFont__10JUTResFontFv
802C04E8:deleteObject__10Z2CreatureFv
802C1FB0:deleteObject__12Z2CreatureFMFv
802C25EC:deleteObject__12Z2CreatureOIFv
8019A564:deleteObject__13dShopSystem_cFv
802C35F8:deleteObject__14Z2CreatureLinkFv
802C51EC:deleteObject__14Z2CreatureRideFv
802BDFF8:deleteObject__14Z2SoundObjBaseFv
802C0FC4:deleteObject__15Z2CreatureEnemyFv
802C1CA0:deleteObject__16Z2CreatureSumomoFv
802C0D04:deleteObject__17Z2CreatureCitizenFv
80235EBC:deleteProc__12dMsgObject_cFv
8025D9E0:deleteRequest__8dTimer_cFv
8003C194:deleteRes__14dRes_control_cFPCcP11dRes_info_ci
801484AC:deleteRes__8daNpcT_cFPCScPPCc
80031A20:deleteRoomFlower__9daGrass_cFi
800319C8:deleteRoomGrass__9daGrass_cFi
8025EC5C:deleteScreen__21dDlst_TimerScrnDraw_cFv
8002CA70:deleteSimpleModel__14dComIfG_play_cFv
801D10F4:deleteSpotPane__18dMenu_Fmap2DBack_cFv
802CDC08:deleteStreamAram__26JAUStreamStaticAramMgr_<1>FUl
8019B7BC:deleteWait_init__11dGameover_cFv
8019B7C0:deleteWait_proc__11dGameover_cFv
8023690C:delete_screen__12dMsgObject_cFb
80041DDC:demoCheck__14dEvt_control_cFP12dEvt_order_c
80041F18:demoEnd__14dEvt_control_cFv
8019B478:demoFadeIn_init__11dGameover_cFv
8019B484:demoFadeIn_proc__11dGameover_cFv
8019B4D8:demoFadeOut_init__11dGameover_cFv
8019B4E4:demoFadeOut_proc__11dGameover_cFv
80046888:demoInit__16dEvent_manager_cFv
80236CD4:demoMessageGroupLocal__12dMsgObject_cFv
8023806C:demoMessageGroup__12dMsgObject_cFv
803A2F14:desc1$3717
803A2F28:desc2$3718
802E5424:destroyManager__6JUTXfbFv
802E4CAC:destroyManager__8JUTVideoFv
800248A8:destroyMemoryBlock__20dStage_roomControl_cFv
802810DC:destroyObject__Q37JStudio3ctb8TControlFPQ37JStudio3ctb7TObject
80284780:destroyObject__Q37JStudio3fvb8TControlFPQ37JStudio3fvb7TObject
802892B0:destroyObject__Q37JStudio3stb8TControlFPQ37JStudio3stb7TObject
8028112C:destroyObject_all__Q37JStudio3ctb8TControlFv
802847D0:destroyObject_all__Q37JStudio3fvb8TControlFv
80289300:destroyObject_all__Q37JStudio3stb8TControlFv
800155DC:destroyVideo__Fv
802E5A28:destroy__10JUTProcBarFv
802CE448:destroy__7JKRHeapFv
80281320:destroy__Q37JStudio3ctb8TFactoryFPQ37JStudio3ctb7TObject
80284AA0:destroy__Q37JStudio3fvb8TFactoryFPQ37JStudio3fvb7TObject
80289604:destroy__Q37JStudio3stb8TFactoryFPQ37JStudio3stb7TObject
802D609C:detachResource__10JKRArchiveFPv
802D51F8:detachResource__12JKRFileCacheFPv
802D43A0:detachResource__13JKRFileLoaderFPvP13JKRFileLoader
80017110:detach__15mDoMemCd_Ctrl_cFv
802DDB0C:determineBlankPage__12JUTCacheFontFv
8000B68C:developKeyCheck__FUlUl
80450580:developmentMode__7mDoMain
802734FC:diagnoseGpHang__Fv
802A25F0:die_JAISound___8JAISoundFv
802A3720:die_JAIStream___9JAIStreamFv
802A1180:die___6JAISeqFv
80317438:diffAmbColor__13J3DColorBlockFv
8031A1DC:diffAmbColor__20J3DColorBlockLightOnFv
80317360:diffBlend__10J3DPEBlockFv
8031F9B8:diffBlend__14J3DPEBlockFullFv
8031F0D8:diffBlend__16J3DPEBlockFogOffFv
80317440:diffColorChan__13J3DColorBlockFv
8031A4D4:diffColorChan__20J3DColorBlockLightOnFv
80319D30:diffColorChan__21J3DColorBlockLightOffFv
8031735C:diffFog__10J3DPEBlockFv
8031F940:diffFog__14J3DPEBlockFullFv
80317444:diffLightObj__13J3DColorBlockFUl
8031A8E0:diffLightObj__20J3DColorBlockLightOnFUl
8031743C:diffMatColor__13J3DColorBlockFv
8031A358:diffMatColor__20J3DColorBlockLightOnFv
80319BB4:diffMatColor__21J3DColorBlockLightOffFv
80321938:diffTevReg__11J3DTevBlockFv
8031D1F4:diffTevReg__12J3DTevBlock1Fv
8031D434:diffTevReg__12J3DTevBlock2Fv
8031D7BC:diffTevReg__12J3DTevBlock4Fv
8031DB78:diffTevReg__13J3DTevBlock16Fv
8031D028:diffTevReg__18J3DTevBlockPatchedFv
8032193C:diffTevStageIndirect__11J3DTevBlockFv
8031D2E8:diffTevStageIndirect__12J3DTevBlock1Fv
8031D5E4:diffTevStageIndirect__12J3DTevBlock2Fv
8031D96C:diffTevStageIndirect__12J3DTevBlock4Fv
8031DD28:diffTevStageIndirect__13J3DTevBlock16Fv
8031CF78:diffTevStageIndirect__18J3DTevBlockPatchedFv
80321940:diffTevStage__11J3DTevBlockFv
8031D1F8:diffTevStage__12J3DTevBlock1Fv
8031D4D0:diffTevStage__12J3DTevBlock2Fv
8031D858:diffTevStage__12J3DTevBlock4Fv
8031DC14:diffTevStage__13J3DTevBlock16Fv
8031CE64:diffTevStage__18J3DTevBlockPatchedFv
80321944:diffTexCoordScale__11J3DTevBlockFv
8031D368:diffTexCoordScale__12J3DTevBlock1Fv
8031D694:diffTexCoordScale__12J3DTevBlock2Fv
8031DA1C:diffTexCoordScale__12J3DTevBlock4Fv
8031DDD8:diffTexCoordScale__13J3DTevBlock16Fv
8031D0C4:diffTexCoordScale__18J3DTevBlockPatchedFv
80332AC0:diffTexGen__18J3DTexGenBlockNullFv
8031AD30:diffTexGen__21J3DTexGenBlockPatchedFv
80332ABC:diffTexMtx__18J3DTexGenBlockNullFv
8031ACD0:diffTexMtx__21J3DTexGenBlockPatchedFv
80321948:diffTexNo__11J3DTevBlockFv
8031D1BC:diffTexNo__12J3DTevBlock1Fv
8031D3D0:diffTexNo__12J3DTevBlock2Fv
8031D758:diffTexNo__12J3DTevBlock4Fv
8031DB14:diffTexNo__13J3DTevBlock16Fv
8031CE00:diffTexNo__18J3DTevBlockPatchedFv
80317344:diff__10J3DPEBlockFUl
803167D8:diff__11J3DMaterialFUl
8031CD44:diff__11J3DTevBlockFUl
80317340:diff__13J3DColorBlockFUl
8031FCA0:diff__14J3DPEBlockFullFUl
8031E328:diff__15J3DIndBlockFullFUl
80317398:diff__15J3DIndBlockNullFUl
80321ACC:diff__16J3DPEBlockFogOffFUl
803170CC:diff__17J3DLockedMaterialFUl
80332AB8:diff__18J3DTexGenBlockNullFUl
8031A13C:diff__20J3DColorBlockLightOnFUl
80319B4C:diff__21J3DColorBlockLightOffFUl
8031AC68:diff__21J3DTexGenBlockPatchedFUl
803279A0:diff__8J3DModelFv
80095FD0:digHoleEvCamera__9dCamera_cFv
80278320:dirTypeEmtrDir__FPC18JPAEmitterWorkDataPC15JPABaseParticlePQ29JGeometry8TVec3<f>
802782EC:dirTypePosInv__FPC18JPAEmitterWorkDataPC15JPABaseParticlePQ29JGeometry8TVec3<f>
802782D0:dirTypePos__FPC18JPAEmitterWorkDataPC15JPABaseParticlePQ29JGeometry8TVec3<f>
8027833C:dirTypePrevPtcl__FPC18JPAEmitterWorkDataPC15JPABaseParticlePQ29JGeometry8TVec3<f>
802782B4:dirTypeVel__FPC18JPAEmitterWorkDataPC15JPABaseParticlePQ29JGeometry8TVec3<f>
80097738:directionOf__9dCamera_cFP10fopAc_ac_c
80018124:dispConsoleToTerminal__Fv
80017FD0:dispDateInfo__Fv
8019B3A0:dispFadeOut_init__11dGameover_cFv
8019B3E8:dispFadeOut_proc__11dGameover_cFv
80017F8C:dispGameInfo__Fv
80017E30:dispHeapInfo__Fv
8019B40C:dispWait_init__11dGameover_cFv
8019B454:dispWait_proc__11dGameover_cFv
801F0958:displayInit__12dMenu_save_cFv
8018CF50:displayInit__14dFile_select_cFv
80250CEC:displayInit__7dName_cFv
80451804:displayOffsetH
80451806:displayOffsetV
802A5160:dispose__10JAUSectionFv
802BE070:dispose__14Z2SoundObjBaseFv
802CEAA0:dispose__7JKRHeapFPvPv
802CEA78:dispose__7JKRHeapFPvUl
802CEAC0:dispose__7JKRHeapFv
802CE9E4:dispose_subroutine__7JKRHeapFUlUl
803A9C70:dist_table__12dAttention_c
80070C40:distace_angle_adjust__Ffsf
80070BF4:distace_weight__Ffsf
80365078:div
8026141C:dkWmark_Create__FP12kankyo_class
8026169C:dkWmark_Delete__FP9dkWmark_c
80261A18:dkWmark_Draw__FP9dkWmark_c
80261964:dkWmark_Execute__FP9dkWmark_c
80261F04:dkWpillar_Create__FP12kankyo_class
80261FEC:dkWpillar_Delete__FP11dkWpillar_c
802621AC:dkWpillar_Draw__FP11dkWpillar_c
802620A8:dkWpillar_Execute__FP11dkWpillar_c
8045147C:dmaBuf
802DB580:dmaBufferFlush__FUl
80451484:dmaCurrent
80451480:dmaEnd
801FA58C:dmap_close_init__5dMw_cFUc
801FB5DC:dmap_close_proc__5dMw_cFv
801FA588:dmap_move_init__5dMw_cFUc
801FB404:dmap_move_proc__5dMw_cFv
801FA564:dmap_open_init__5dMw_cFUc
801FB3AC:dmap_open_proc__5dMw_cFv
802F52E8:doCtrlCode__8J2DPrintFi
802E7648:doDraw__10JUTConsoleCFQ210JUTConsole12EConsoleType
802F5410:doEscapeCode__8J2DPrintFPPCUcUc
8024A2D8:doFlow__10dMsgFlow_cFP10fopAc_ac_cPP10fopAc_ac_ci
80450765:doPreLoad
802CF128:do_alloc__10JKRExpHeapFUli
802D0CB0:do_alloc__12JKRSolidHeapFUli
802D143C:do_alloc__13JKRAssertHeapFUli
8022ED10:do_arrow2__28jmessage_tRenderingProcessorFv
80229AC4:do_begin__26jmessage_tMeasureProcessorFPCvPCc
8022B658:do_begin__27jmessage_tSequenceProcessorFPCvPCc
8022CDCC:do_begin__28jmessage_tRenderingProcessorFPCvPCc
8022FBE4:do_begin__33jmessage_string_tMeasureProcessorFPCvPCc
80230AC0:do_begin__34jmessage_string_tSequenceProcessorFPCvPCc
80230CA0:do_begin__35jmessage_string_tRenderingProcessorFPCvPCc
8028679C:do_begin__Q27JStudio7TObjectFv
802A7FC4:do_begin__Q28JMessage10TProcessorFPCvPCc
80288E18:do_begin__Q37JStudio3stb7TObjectFv
802A87D0:do_begin___Q28JMessage18TSequenceProcessorFPCvPCc
802A8BA4:do_begin___Q28JMessage19TRenderingProcessorFPCvPCc
802A87A0:do_branch__Q28JMessage18TSequenceProcessorFPCvPCc
802A8798:do_branch_queryResult__Q28JMessage18TSequenceProcessorFv
802A8794:do_branch_query__Q28JMessage18TSequenceProcessorFUl
802CF928:do_changeGroupID__10JKRExpHeapFUc
802D142C:do_changeGroupID__13JKRAssertHeapFUc
802CEDA4:do_changeGroupID__7JKRHeapFUc
80229E3C:do_character__26jmessage_tMeasureProcessorFi
8022BFE0:do_character__27jmessage_tSequenceProcessorFi
8022D0A0:do_character__28jmessage_tRenderingProcessorFi
8022FC28:do_character__33jmessage_string_tMeasureProcessorFi
80230B88:do_character__34jmessage_string_tSequenceProcessorFi
80230D48:do_character__35jmessage_string_tRenderingProcessorFi
802A7FCC:do_character__Q28JMessage10TProcessorFi
8022E7CC:do_color__28jmessage_tRenderingProcessorFUc
8023256C:do_color__35jmessage_string_tRenderingProcessorFUc
8028682C:do_data__Q27JStudio7TObjectFPCvUlPCvUl
80288E28:do_data__Q37JStudio3stb7TObjectFPCvUlPCvUl
802CEFAC:do_destroy__10JKRExpHeapFv
802D0AD0:do_destroy__12JKRSolidHeapFv
802D13D8:do_destroy__13JKRAssertHeapFv
80229CB4:do_end__26jmessage_tMeasureProcessorFv
8022BA3C:do_end__27jmessage_tSequenceProcessorFv
8022CFD8:do_end__28jmessage_tRenderingProcessorFv
8022FC14:do_end__33jmessage_string_tMeasureProcessorFv
80230B7C:do_end__34jmessage_string_tSequenceProcessorFv
80230CE8:do_end__35jmessage_string_tRenderingProcessorFv
802867D4:do_end__Q27JStudio7TObjectFv
802A7FC8:do_end__Q28JMessage10TProcessorFv
80288E1C:do_end__Q37JStudio3stb7TObjectFv
802A87D4:do_end___Q28JMessage18TSequenceProcessorFv
802A8BA8:do_end___Q28JMessage19TRenderingProcessorFv
802CF924:do_fillFreeArea__10JKRExpHeapFv
802D1000:do_fillFreeArea__12JKRSolidHeapFv
802D1450:do_fillFreeArea__13JKRAssertHeapFv
802CF820:do_freeAll__10JKRExpHeapFv
802D0F14:do_freeAll__12JKRSolidHeapFv
802D1448:do_freeAll__13JKRAssertHeapFv
802CF89C:do_freeTail__10JKRExpHeapFv
802D0F74:do_freeTail__12JKRSolidHeapFv
802D144C:do_freeTail__13JKRAssertHeapFv
802CF7AC:do_free__10JKRExpHeapFPv
802D0EE4:do_free__12JKRSolidHeapFPv
802D1444:do_free__13JKRAssertHeapFPv
802D0A1C:do_getCurrentGroupId__10JKRExpHeapFv
802D1434:do_getCurrentGroupId__13JKRAssertHeapFv
802CEDAC:do_getCurrentGroupId__7JKRHeapFv
802CFBA4:do_getFreeSize__10JKRExpHeapFv
802D1294:do_getFreeSize__12JKRSolidHeapFv
802D1464:do_getFreeSize__13JKRAssertHeapFv
802CFC10:do_getMaxFreeBlock__10JKRExpHeapFv
802D129C:do_getMaxFreeBlock__12JKRSolidHeapFv
802D146C:do_getMaxFreeBlock__13JKRAssertHeapFv
802CFB24:do_getSize__10JKRExpHeapFPv
802D1038:do_getSize__12JKRSolidHeapFPv
802D145C:do_getSize__13JKRAssertHeapFPv
802CFC84:do_getTotalFreeSize__10JKRExpHeapFv
802D12A4:do_getTotalFreeSize__12JKRSolidHeapFv
802D1474:do_getTotalFreeSize__13JKRAssertHeapFv
8022E318:do_heightcenter__28jmessage_tRenderingProcessorFv
80231EF0:do_heightcenter__35jmessage_string_tRenderingProcessorFv
8022BB7C:do_isReady__27jmessage_tSequenceProcessorFv
80230B80:do_isReady__34jmessage_string_tSequenceProcessorFv
802A8780:do_isReady__Q28JMessage18TSequenceProcessorFv
8022CBE4:do_jump__27jmessage_tSequenceProcessorFPCvPCc
80230BC4:do_jump__34jmessage_string_tSequenceProcessorFPCvPCc
802A8790:do_jump__Q28JMessage18TSequenceProcessorFPCvPCc
8022C8FC:do_jump_isReady__27jmessage_tSequenceProcessorFv
80230BBC:do_jump_isReady__34jmessage_string_tSequenceProcessorFv
802A8788:do_jump_isReady__Q28JMessage18TSequenceProcessorFv
8022E960:do_linedown__28jmessage_tRenderingProcessorFs
80232690:do_linedown__35jmessage_string_tRenderingProcessorFs
80262C5C:do_link__20DynamicModuleControlFv
802631D4:do_link__24DynamicModuleControlBaseFv
802627E8:do_load__20DynamicModuleControlFv
802631DC:do_load__24DynamicModuleControlBaseFv
80262AFC:do_load_async__20DynamicModuleControlFv
802631F4:do_load_async__24DynamicModuleControlBaseFv
8022B454:do_name1__26jmessage_tMeasureProcessorFv
8022C904:do_name1__27jmessage_tSequenceProcessorFv
8022F53C:do_name1__28jmessage_tRenderingProcessorFv
8022F540:do_numset__28jmessage_tRenderingProcessorFs
802326E4:do_numset__35jmessage_string_tRenderingProcessorFs
8022EAE4:do_outfont__28jmessage_tRenderingProcessorFUcUl
802322CC:do_outfont__35jmessage_string_tRenderingProcessorFUc
8022B3EC:do_pageType__26jmessage_tMeasureProcessorFi
80287218:do_paragraph__Q27JStudio11TObject_fogFUlPCvUl
8028694C:do_paragraph__Q27JStudio13TObject_actorFUlPCvUl
802873A4:do_paragraph__Q27JStudio13TObject_lightFUlPCvUl
80287BD8:do_paragraph__Q27JStudio13TObject_soundFUlPCvUl
80286EB8:do_paragraph__Q27JStudio14TObject_cameraFUlPCvUl
8028767C:do_paragraph__Q27JStudio15TObject_messageFUlPCvUl
802877A8:do_paragraph__Q27JStudio16TObject_particleFUlPCvUl
80286D38:do_paragraph__Q27JStudio20TObject_ambientLightFUlPCvUl
80288E20:do_paragraph__Q37JStudio3stb7TObjectFUlPCvUl
802A8084:do_resetStatus___Q28JMessage10TProcessorFPCc
802A87A4:do_resetStatus___Q28JMessage18TSequenceProcessorFPCc
8022B654:do_reset__27jmessage_tSequenceProcessorFv
8022CDC8:do_reset__28jmessage_tRenderingProcessorFv
80230ABC:do_reset__34jmessage_string_tSequenceProcessorFv
80230C5C:do_reset__35jmessage_string_tRenderingProcessorFv
802A7FC0:do_reset__Q28JMessage10TProcessorFv
802CF978:do_resize__10JKRExpHeapFPvUl
802D1004:do_resize__12JKRSolidHeapFPvUl
802D1454:do_resize__13JKRAssertHeapFPvUl
8022B458:do_rubyset__26jmessage_tMeasureProcessorFPCvUl
8022CA24:do_rubyset__27jmessage_tSequenceProcessorFPCvUl
8022F148:do_rubyset__28jmessage_tRenderingProcessorFPCvUl
8023098C:do_rubyset__33jmessage_string_tMeasureProcessorFPCvUl
802320B0:do_rubyset__35jmessage_string_tRenderingProcessorFPCvUl
8022F384:do_rubystrcat__28jmessage_tRenderingProcessorFPcPcff
80232260:do_rubystrcat__35jmessage_string_tRenderingProcessorFPc
8022B0B0:do_scale__26jmessage_tMeasureProcessorFf
8022E860:do_scale__28jmessage_tRenderingProcessorFf
80232600:do_scale__35jmessage_string_tRenderingProcessorFf
802A7FD8:do_select_begin__Q28JMessage10TProcessorFUl
802A7FDC:do_select_end__Q28JMessage10TProcessorFv
802A7FE0:do_select_separate__Q28JMessage10TProcessorFv
8022E260:do_selwidthcenter__28jmessage_tRenderingProcessorFi
802A8088:do_setBegin_isReady___Q28JMessage10TProcessorCFv
802A87C0:do_setBegin_isReady___Q28JMessage18TSequenceProcessorCFv
8022B18C:do_space__26jmessage_tMeasureProcessorFUl
8022C908:do_space__27jmessage_tSequenceProcessorFUl
8022EF00:do_strcat__28jmessage_tRenderingProcessorFPcbbb
80232044:do_strcat__35jmessage_string_tRenderingProcessorFPc
8022A268:do_tag__26jmessage_tMeasureProcessorFUlPCvUl
8022C1A0:do_tag__27jmessage_tSequenceProcessorFUlPCvUl
8022D74C:do_tag__28jmessage_tRenderingProcessorFUlPCvUl
8022FDF0:do_tag__33jmessage_string_tMeasureProcessorFUlPCvUl
80230B8C:do_tag__34jmessage_string_tSequenceProcessorFUlPCvUl
80231110:do_tag__35jmessage_string_tRenderingProcessorFUlPCvUl
802A7FD0:do_tag__Q28JMessage10TProcessorFUlPCvUl
802A8090:do_tag___Q28JMessage10TProcessorFUlPCvUl
802A87E0:do_tag___Q28JMessage18TSequenceProcessorFUlPCvUl
802A8BAC:do_tag___Q28JMessage19TRenderingProcessorFUlPCvUl
8022E9C0:do_transY__28jmessage_tRenderingProcessorFsb
80262F28:do_unlink__20DynamicModuleControlFv
802631EC:do_unlink__24DynamicModuleControlBaseFv
80262BC4:do_unload__20DynamicModuleControlFv
802631E4:do_unload__24DynamicModuleControlBaseFv
8028680C:do_wait__Q27JStudio7TObjectFUl
80288E24:do_wait__Q37JStudio3stb7TObjectFUl
8022E17C:do_widthcenter__28jmessage_tRenderingProcessorFv
80231D70:do_widthcenter__35jmessage_string_tRenderingProcessorFv
802A7B40:do_word__Q28JMessage10TReferenceCFUl
80256F50:dolbyInDraw__10dScnLogo_cFv
80257058:dolbyOutDraw2__10dScnLogo_cFv
80256FD4:dolbyOutDraw__10dScnLogo_cFv
802D3944:doneDMA__12JKRAramPieceFUl
802D9AC4:doneProcess__10JKRDvdFileFlP11DVDFileInfo
80042014:doorCheck__14dEvt_control_cFP12dEvt_order_c
80238C74:dotAnimeInit__14dMsgScrnBase_cFv
8023FF78:dotAnimeInit__14dMsgScrnItem_cFv
80248138:dotAnimeInit__14dMsgScrnTalk_cFv
8023BFC4:dotAnimeInit__15dMsgScrnArrow_cFv
80238C70:dotAnimeMove__14dMsgScrnBase_cFv
8023FF9C:dotAnimeMove__14dMsgScrnItem_cFv
8024815C:dotAnimeMove__14dMsgScrnTalk_cFv
8023C010:dotAnimeMove__15dMsgScrnArrow_cFv
803679E4:double2hex
803A2390:dp_h
803A23A0:dp_l
801E80AC:dpdMenuMove__14dMenu_Option_cFv
801EF484:dpdMove__12dMenu_Ring_cFv
8019ABA8:dpdMove__13dShopSystem_cFv
801BA0B4:dpdMove__14dMenu_DmapBg_cFScScScPUcUc
801DA2FC:dpdMove__14dMenu_Insect_cFv
80453658:drArcName$4618
80050370:drawAfter__18JPAEmitterCallBackFP14JPABaseEmitter
80050014:drawAfter__18dPa_modelEcallBackFP14JPABaseEmitter
800501E0:drawAfter__19dPa_light8EcallBackFP14JPABaseEmitter
8005013C:drawAfter__25dPa_gen_b_light8EcallBackFP14JPABaseEmitter
80050098:drawAfter__25dPa_gen_d_light8EcallBackFP14JPABaseEmitter
8028F0D0:drawAfter__Q317JStudio_JParticle17TAdaptor_particle21TJPACallback_emitter_FP14JPABaseEmitter
8003D0AC:drawBack__18dRenderingFDAmap_cCFv
800196A0:drawBallModel__13fopEn_enemy_cFP12dKy_tevstr_c
801CCDDC:drawBatsumarkIcon__12dMenu_Fmap_cFv
80217904:drawButton3D__13dMeter2Draw_cFUc
80216DAC:drawButtonA__13dMeter2Draw_cFUcfffffbb
802170E4:drawButtonB__13dMeter2Draw_cFUcbfffffb
80217A10:drawButtonBin__13dMeter2Draw_cFUc
80217954:drawButtonC__13dMeter2Draw_cFUcb
80218254:drawButtonCross__13dMeter2Draw_cFff
8021764C:drawButtonR__13dMeter2Draw_cFUcUcbb
802179C0:drawButtonS__13dMeter2Draw_cFUc
80217AB4:drawButtonXY__13dMeter2Draw_cFiUcUcbb
802176EC:drawButtonZ__13dMeter2Draw_cFUc
80275EB0:drawC__11JPAResourceFP18JPAEmitterWorkData
8009D410:drawCapture__FUc
802E431C:drawChar__14JUTDirectPrintFiii
802DF7C4:drawChar_scale__10JUTResFontFffffib
8006950C:drawCloudShadow__FPA4_fPPUc
801CCE70:drawCoachIcon__12dMenu_Fmap_cFv
802460DC:drawCommon__15dMsgScrnLight_cFfffff
802FB868:drawContentsTexture__9J2DWindowFffff
80301994:drawContents__11J2DWindowExFRCQ29JGeometry8TBox2<f>
802FB338:drawContents__9J2DWindowFRCQ29JGeometry8TBox2<f>
80198878:drawCursor__13dShopSystem_cFv
801BB468:drawCursor__14dMenu_DmapBg_cFv
800412C0:drawCursor__28renderingPlusDoorAndCursor_cFRC3Vecsif
80155BD0:drawDbgInfo__8daNpcF_cFv
8014CC30:drawDbgInfo__8daNpcT_cFv
801D564C:drawDebugRegionArea__18dMenu_Fmap2DBack_cFv
801D5388:drawDebugStageArea__18dMenu_Fmap2DBack_cFv
801CD3F0:drawDebugStage__12dMenu_Fmap_cFv
80008630:drawDepth2__FP10view_classP15view_port_classi
802E8450:drawDirect__17JUTConsoleManagerCFb
802E50BC:drawDoneCallback__8JUTVideoFv
802E5088:drawDoneStart__8JUTVideoFv
80040574:drawDoor1__19renderingPlusDoor_cFv
800405B8:drawDoor2__19renderingPlusDoor_cFv
800405FC:drawDoorCommon__19renderingPlusDoor_cFPC21stage_tgsc_data_classib
802435BC:drawEffect__14dMsgScrnHowl_cFv
801CD210:drawEnterIcon__12dMenu_Fmap_cFv
80312FBC:drawFast__14J3DShapePacketFv
8031544C:drawFast__8J3DShapeCFv
80049BC0:drawFirst__FP14JPABaseEmitter
80049C20:drawFirst_l8__FP14JPABaseEmitter
801BD3B8:drawFloorScreenBack__12dMenu_Dmap_cFP9J2DScreenffP13J2DOrthoGraph
801BD524:drawFloorScreenTop__12dMenu_Dmap_cFP9J2DScreenffP13J2DOrthoGraph
80249ED0:drawFontLocal__12dMsgString_cFP10J2DTextBoxUcffffUlUc
80249BAC:drawFontLocal__16dMsgStringBase_cFP10J2DTextBoxUcffffUlUc
80226D4C:drawFont__10COutFont_cFP10J2DTextBoxUcffffUlUc
80225C70:drawFont__13COutFontSet_cFP10J2DTextBoxUcffffUlUc
80301D74:drawFrameTexture__11J2DWindowExFffffUsUsUsUsP11J2DMaterialb
802FB7C8:drawFrameTexture__9J2DWindowFP10JUTTextureffbbb
802FB634:drawFrameTexture__9J2DWindowFP10JUTTextureffffUsUsUsUsb
802E9368:drawFrame__14J2DGrafContextFRCQ29JGeometry8TBox2<f>
802FDBFC:drawFullSet__10J2DPictureFffffPA3_A4_f
80303B80:drawFullSet__12J2DPictureExFffffPA3_A4_f
803CEC90:drawFuncTable__13J3DDrawBuffer
8014CC2C:drawGhost__8daNpcT_cFv
801CCE48:drawGoldWolfIcon__12dMenu_Fmap_cFv
80242FE4:drawGuide2__14dMsgScrnHowl_cFv
802427A8:drawGuide__14dMsgScrnHowl_cFv
8020BB84:drawHaihaiBottom__14dMeterHaihai_cFff
8020B9B0:drawHaihaiLeft__14dMeterHaihai_cFff
8020BA4C:drawHaihaiRight__14dMeterHaihai_cFff
8020BAE8:drawHaihaiTop__14dMeterHaihai_cFff
801E38CC:drawHaihai__14dMenu_Option_cFv
8020B518:drawHaihai__14dMeterHaihai_cFUc
8020B814:drawHaihai__14dMeterHaihai_cFUcffff
80325500:drawHead__13J3DDrawBufferCFv
802E6FA0:drawHeapBar__10JUTProcBarFv
80041208:drawIconSingle__28renderingPlusDoorAndCursor_cFRC3Vecff
801CD10C:drawIcon__12dMenu_Fmap_cFUci
801CCB08:drawIcon__12dMenu_Fmap_cFfb
801C38E4:drawIcon__16dMenuMapCommon_cFffff
803100BC:drawInit__6J3DSysFv
801ECF9C:drawItem2__12dMenu_Ring_cFv
8000A58C:drawItem3D__Fv
8021AEC8:drawItemNum__13dMeter2Draw_cFUcf
801ECB14:drawItem__12dMenu_Ring_cFv
801A56DC:drawKankyo__18dScnKy_env_light_cFv
8021AF78:drawKanteraMeter__13dMeter2Draw_cFUcf
80214EB4:drawKanteraScreen__13dMeter2Draw_cFUc
802154A8:drawKantera__13dMeter2Draw_cFllff
801DB744:drawKantera__19dMenu_ItemExplain_cFv
80216A40:drawKey__13dMeter2Draw_cFs
802149F4:drawLife__13dMeter2Draw_cFssff
801CCD98:drawLightDropIcon__12dMenu_Fmap_cFv
80215B18:drawLightDrop__13dMeter2Draw_cFUcUcffffUc
80215290:drawMagic__13dMeter2Draw_cFssff
8004ACEC:drawModel__18dPa_modelEcallBackFP14JPABaseEmitterPA4_f
80040838:drawNormalDoorS__19renderingPlusDoor_cFPC21stage_tgsc_data_classiib
801590FC:drawNpc__10daNpcCd2_cFv
80156F74:drawNpc__9daNpcCd_cFv
801EE648:drawNumber__12dMenu_Ring_cFiiff
80158FF0:drawObj__10daNpcCd2_cFiP8J3DModelf
80156E8C:drawObj__9daNpcCd_cFiP8J3DModelf
800566D4:drawOpaDrawList__12dDlst_list_cFP13J3DDrawBuffer
8005674C:drawOpaListItem3d__12dDlst_list_cFv
8014CC28:drawOtherMdl__8daNpcT_cFv
8014F4A8:drawOtherMdls__11daBaseNpc_cFv
80155BCC:drawOtherMdls__8daNpcF_cFv
80249DE4:drawOutFontLocal__12dMsgString_cFP10J2DTextBoxf
80249C1C:drawOutFontLocal__16dMsgStringBase_cFP10J2DTextBoxf
8023C32C:drawOutFont__14dMsgScrnBase_cFfff
802FDF88:drawOut__10J2DPictureFRCQ29JGeometry8TBox2<f>RCQ29JGeometry8TBox2<f>
802FF588:drawOut__10J2DPictureFffffff
802FF524:drawOut__10J2DPictureFffffffff
80304EF0:drawOut__12J2DPictureExFRCQ29JGeometry8TBox2<f>RCQ29JGeometry8TBox2<f>
80304D88:drawOut__12J2DPictureExFffffff
803070D0:drawOut__12J2DPictureExFffffffff
802157E0:drawOxygen__13dMeter2Draw_cFllff
80275B74:drawP__11JPAResourceFP18JPAEmitterWorkData
8003CCC4:drawPath__11dDrawPath_cFv
80028A10:drawPath__15renderingAmap_cFv
8021462C:drawPikariHakusha__13dMeter2Draw_cFffffQ28JUtility6TColorQ28JUtility6TColorQ28JUtility6TColorQ28JUtility6TColor
80213FF0:drawPikari__13dMeter2Draw_cFP8CPaneMgrPffQ28JUtility6TColorQ28JUtility6TColorQ28JUtility6TColorQ28JUtility6TColorfUc
802140DC:drawPikari__13dMeter2Draw_cFffPffQ28JUtility6TColorQ28JUtility6TColorQ28JUtility6TColorQ28JUtility6TColorfUc
8020F6EC:drawPikari__14dMeterString_cFv
80260B54:drawPikari__21dDlst_TimerScrnDraw_cFi
801CCE98:drawPlayEnterIcon__12dMenu_Fmap_cFv
801CD254:drawPortalIcon__12dMenu_Fmap_cFv
802E5E3C:drawProcessBar__10JUTProcBarFv
8021632C:drawRupee__13dMeter2Draw_cFs
80049E40:drawSecond_b_light8__FP14JPABaseEmitter
80049C44:drawSecond_light8__FP14JPABaseEmitter
801EDC98:drawSelectItem__12dMenu_Ring_cFv
802FDB28:drawSelf__10J2DPictureFff
802FDB90:drawSelf__10J2DPictureFffPA3_A4_f
803008E8:drawSelf__10J2DTextBoxFff
80300950:drawSelf__10J2DTextBoxFffPA3_A4_f
8030122C:drawSelf__11J2DWindowExFffPA3_A4_f
80303AB4:drawSelf__12J2DPictureExFffPA3_A4_f
803075AC:drawSelf__12J2DTextBoxExFffPA3_A4_f
8023C300:drawSelf__14dMsgScrnBase_cFv
8023CB98:drawSelf__14dMsgScrnBoss_cFv
80241C30:drawSelf__14dMsgScrnHowl_cFv
8023FB24:drawSelf__14dMsgScrnItem_cFv
80247E4C:drawSelf__14dMsgScrnTalk_cFv
801921CC:drawSelf__15dFile_warning_cFv
80246A44:drawSelf__15dMsgScrnPlace_cFv
80246F68:drawSelf__15dMsgScrnStaff_cFv
80244D34:drawSelf__16dMsgScrnJimaku_cFv
802F8478:drawSelf__7J2DPaneFff
802F83C8:drawSelf__7J2DPaneFffPA3_A4_f
802F9120:drawSelf__9J2DScreenFffPA3_A4_f
802FB1D8:drawSelf__9J2DWindowFff
802FB240:drawSelf__9J2DWindowFffPA3_A4_f
80158F6C:drawShadow__10daNpcCd2_cFf
8002CAC4:drawSimpleModel__14dComIfG_play_cFv
801CCE04:drawSnowmanIcon__12dMenu_Fmap_cFv
802E0440:drawString__10JUTDbPrintFiiiPCUc
802E46D8:drawString__14JUTDirectPrintFUsUsPc
802E4708:drawString_f__14JUTDirectPrintFUsUsPCce
802DEE28:drawString_size_scale__7JUTFontFffffPCcUlb
80325578:drawTail__13J3DDrawBufferCFv
802FE380:drawTexCoord__10J2DPictureFffffssssssssPA3_A4_f
80303BDC:drawTexCoord__12J2DPictureExFffffssssssssPA3_A4_f
801B5F48:drawTop__17dMenu_Collect2D_cFv
80040E84:drawTreasureAfterPlayer__28renderingPlusDoorAndCursor_cFv
80040B00:drawTreasure__28renderingPlusDoorAndCursor_cFv
8006A090:drawVrkumo__FPA4_fR8_GXColorPPUc
80242198:drawWave__14dMsgScrnHowl_cFv
80056710:drawXluDrawList__12dDlst_list_cFP13J3DDrawBuffer
80056770:drawXluListItem3d__12dDlst_list_cFv
80226DB0:draw__10COutFont_cFP10J2DTextBoxfff
802FF448:draw__10J2DPictureFffUcbbb
802FF4E0:draw__10J2DPictureFffbbb
802FDC70:draw__10J2DPictureFffffbbb
803002E8:draw__10J2DTextBoxFff
80300490:draw__10J2DTextBoxFfff18J2DTextBoxHBinding
802E5E08:draw__10JUTProcBarFv
800732B0:draw__10dAttDraw_cFR4cXyzPA4_f
80053A9C:draw__10dDlst_2D_cFv
80256210:draw__10dScnLogo_cFv
80258C5C:draw__10dScnName_cFv
80301FC8:draw__11J2DWindowExFRCQ29JGeometry8TBox2<f>
80302164:draw__11J2DWindowExFRCQ29JGeometry8TBox2<f>RCQ29JGeometry8TBox2<f>
80303568:draw__11J2DWindowExFffff
80275A94:draw__11JPAResourceFP18JPAEmitterWorkDataP14JPABaseEmitter
80052C58:draw__11dDlst_2DM_cFv
80051F98:draw__11dDlst_2DT_cFv
8005312C:draw__11dDlst_2Dm_cFv
80053B64:draw__11dDlst_blo_cFv
8020DF68:draw__11dMeterMap_cFv
8019412C:draw__11dMeterSub_cFv
8014EC50:draw__11daBaseNpc_cFf
802620C8:draw__11dkWpillar_cFv
8030477C:draw__12J2DPictureExFffUcbbb
8030708C:draw__12J2DPictureExFffbbb
80304890:draw__12J2DPictureExFffffbbb
803078AC:draw__12J2DTextBoxExFff
80307AF0:draw__12J2DTextBoxExFfff18J2DTextBoxHBinding
80312A9C:draw__12J3DMatPacketFv
80314AD4:draw__12J3DShapeDrawCFv
8005364C:draw__12dDlst_2DMt_cFv
80052354:draw__12dDlst_2DT2_cFv
8002ABEC:draw__12dDlst_base_cFv
800567C4:draw__12dDlst_list_cFPP12dDlst_base_cPP12dDlst_base_c
801EF560:draw__12dMenu_Ring_cFv
80049270:draw__12diff_model_cFv
803254AC:draw__13J3DDrawBufferCFv
80312924:draw__13J3DDrawPacketFv
80051AF0:draw__13dDlst_2DTri_cFv
801F9A08:draw__13dMenu_Skill_cFv
8021151C:draw__13dMeter2Draw_cFv
8004C188:draw__13dPa_control_cFP11JPADrawInfoUc
80312F24:draw__14J3DShapePacketFv
80051CF0:draw__14dDlst_2DQuad_cFv
80251094:draw__14dDlst_NameIN_cFv
8009D194:draw__14dDvdErrorMsg_cFl
801BAB10:draw__14dMenu_DmapBg_cFv
801DA630:draw__14dMenu_Insect_cFv
801E1D5C:draw__14dMenu_Letter_cFv
801E8E6C:draw__14dMenu_Option_cFv
80202240:draw__14dMeterButton_cFv
8020B140:draw__14dMeterHaihai_cFv
8020F1B0:draw__14dMeterString_cFv
8023C274:draw__14dMsgScrnBase_cFv
80249270:draw__14dMsgScrnTree_cFv
80125BF4:draw__14daAlink_blur_cFv
802D1E1C:draw__15JKRThreadSwitchFP14JKRThreadName_
802D1C74:draw__15JKRThreadSwitchFP14JKRThreadName_P10JUTConsole
80051E5C:draw__15dDlst_2DPoint_cFv
8018DEBC:draw__15dDlst_FileSel_cFv
801B7AC0:draw__15dMenu_Collect_cFv
801C659C:draw__15dMenu_Fishing_cFv
801CEE94:draw__15dMenu_FmapMap_cFv
8020C850:draw__15dMeterHakusha_cFv
8023BDC0:draw__15dMsgScrnArrow_cFv
80245C04:draw__15dMsgScrnLight_cFPffffffUc
80245F90:draw__15dMsgScrnLight_cFPfffffffQ28JUtility6TColorQ28JUtility6TColor
8025247C:draw__15dOvlpFd2_dlst_cFv
80252F28:draw__15dOvlpFd3_dlst_cFv
80048E0C:draw__15dSmplMdl_draw_cFv
801266C0:draw__15daAlink_sight_cFv
800284D0:draw__15renderingAmap_cFv
80192D9C:draw__16dDlst_FileInfo_cFv
80192354:draw__16dDlst_FileWarn_cFv
801F6B0C:draw__16dDlst_MenuSave_cFv
80252ED4:draw__16dDlst_snapShot_cFv
801905A8:draw__16dFile_select3D_cFv
80245618:draw__16dMsgScrnKanban_cFv
80194C30:draw__16dSelect_cursor_cFv
8003FE18:draw__16renderingDAmap_cFv
8027E028:draw__17JPAEmitterManagerFPC11JPADrawInfoUc
802E8384:draw__17JUTConsoleManagerCFv
8018E0F8:draw__17dDlst_FileSel3m_cFv
8018DFFC:draw__17dDlst_FileSelCp_cFv
8018DEF4:draw__17dDlst_FileSelDt_cFv
8018E0C0:draw__17dDlst_FileSelYn_cFv
801B7F00:draw__17dMenu_Collect2D_cFv
801B696C:draw__17dMenu_Collect3D_cFv
801D6C98:draw__17dMenu_Fmap2DTop_cFv
80239DD4:draw__17dMsgScrn3Select_cFff
8023D918:draw__17dMsgScrnExplain_cFP13J2DOrthoGraph
8005036C:draw__18JPAEmitterCallBackFP14JPABaseEmitter
80053E9C:draw__18dDlst_effectLine_cFv
800543B4:draw__18dDlst_shadowPoly_cFv
800545D4:draw__18dDlst_shadowReal_cFv
8005703C:draw__18dKankyo_mud_PacketFv
80056C60:draw__18dKankyo_sun_PacketFv
801CFF34:draw__18dMenu_Fmap2DBack_cFv
8004AA34:draw__18dPa_modelEcallBackFP14JPABaseEmitter
8004A460:draw__18dPa_modelPcallBackFP14JPABaseEmitterP15JPABaseParticle
8015F1A0:draw__18daPy_sightPacket_cFv
800183D8:draw__19JPAParticleCallBackFP14JPABaseEmitterP15JPABaseParticle
801935D0:draw__19dDlst_BrightCheck_cFv
801AECB8:draw__19dDlst_KanteraIcon_cFv
800570AC:draw__19dKankyo_evil_PacketFv
80056D10:draw__19dKankyo_rain_PacketFv
80056D98:draw__19dKankyo_snow_PacketFv
80056E08:draw__19dKankyo_star_PacketFv
801AFBF4:draw__19dMenu_Calibration_cFv
801C22A8:draw__19dMenu_DmapMapCtrl_cFv
801DB514:draw__19dMenu_ItemExplain_cFP13J2DOrthoGraph
800496B0:draw__19dPa_followEcallBackFP14JPABaseEmitter
8004DD0C:draw__19dPa_fsenthPcallBackFP14JPABaseEmitterP15JPABaseParticle
8004A340:draw__19dPa_light8EcallBackFP14JPABaseEmitter
8004DD1C:draw__19dPa_light8PcallBackFP14JPABaseEmitterP15JPABaseParticle
8004AF94:draw__19dPa_simpleEcallBackFP14JPABaseEmitter
80012774:draw__19mDoExt_3DlineMat0_cFv
800135D0:draw__19mDoExt_3DlineMat1_cFv
80012220:draw__19mDoExt_invJntPacketFv
801FDFCC:draw__20dDlst_MENU_CAPTURE_cFv
8005520C:draw__20dDlst_shadowSimple_cFv
80056E78:draw__20dKankyo_cloud_PacketFv
80056EE8:draw__20dKankyo_housi_PacketFv
80056FCC:draw__20dKankyo_odour_PacketFv
801B77A4:draw__20dMenu_Collect2DTop_cFv
80126424:draw__20daAlink_lockCursor_cFv
80260690:draw__21dDlst_TimerScrnDraw_cFv
80055A14:draw__21dDlst_shadowControl_cFPA4_f
80056F58:draw__21dKankyo_vrkumo_PacketFv
800502B0:draw__21dPa_setColorEcallBackFP14JPABaseEmitter
80056C98:draw__22dKankyo_sunlenz_PacketFv
8004ADC4:draw__22dPa_selectTexEcallBackFP14JPABaseEmitter
801F6ADC:draw__23dDlst_MenuSaveExplain_cFv
800182A4:draw__24JPTraceParticleCallBack4FP14JPABaseEmitterP15JPABaseParticle
8019BCF4:draw__24dDlst_GameOverScrnDraw_cFv
8019ACF8:draw__24dDlst_Gameover_CAPTURE_cFv
8004A364:draw__25dPa_gen_b_light8EcallBackFP14JPABaseEmitter
8004E6A8:draw__25dPa_gen_b_light8PcallBackFP14JPABaseEmitterP15JPABaseParticle
8004A388:draw__25dPa_gen_d_light8EcallBackFP14JPABaseEmitter
8004ED44:draw__25dPa_gen_d_light8PcallBackFP14JPABaseEmitterP15JPABaseParticle
8001479C:draw__26mDoExt_3DlineMatSortPacketFv
8009C4FC:draw__6dMdl_cFv
802F67E0:draw__7J2DPaneFffPC14J2DGrafContextbb
803155E0:draw__8J3DShapeCFv
802E56DC:draw__8JUTFaderFv
80193C68:draw__8dScope_cFv
801522AC:draw__8daNpcF_cFiifP11_GXColorS10i
8014886C:draw__8daNpcT_cFiifP11_GXColorS10fiii
802F8ED4:draw__9J2DScreenFffPC14J2DGrafContext
802FA928:draw__9J2DWindowFRCQ29JGeometry8TBox2<f>
802FAED0:draw__9J2DWindowFRCQ29JGeometry8TBox2<f>RCQ29JGeometry8TBox2<f>
802FBFA0:draw__9J2DWindowFffff
80313044:draw__9J3DPacketFv
800CC7FC:draw__9daAlink_cFv
80009650:draw__Q213mDoGph_gInf_c7bloom_cFv
8004A8DC:draw__Q218dPa_modelEcallBack7model_cFPA4_f
80107900:draw__Q29daAlink_c14hsChainShape_cFv
8028F098:draw__Q317JStudio_JParticle17TAdaptor_particle21TJPACallback_emitter_FP14JPABaseEmitter
803012CC:draw_private__11J2DWindowExFRCQ29JGeometry8TBox2<f>RCQ29JGeometry8TBox2<f>
802FAA5C:draw_private__9J2DWindowFRCQ29JGeometry8TBox2<f>RCQ29JGeometry8TBox2<f>
802723AC:drawendXfb_single__10JFWDisplayFv
8029D340:drop__13JASDSPChannelFv
8029AF78:dspUpdateCallback__10JASChannelFUlPQ26JASDsp8TChannelPv
804256B8:dummy$36763
80424648:dummy$4203
802E50B0:dummyNoDrawWait__8JUTVideoFv
803BC10C:dummy_padding_data_0x354
80262C0C:dump2__20DynamicModuleControlFv
802631FC:dump2__24DynamicModuleControlBaseFv
802E7F7C:dumpToTerminal__10JUTConsoleFUi
802D03B8:dump__10JKRExpHeapFv
802D3218:dump__11JKRAramHeapFv
8003BE38:dump__11dRes_info_cFP11dRes_info_ci
802D10FC:dump__12JKRSolidHeapFv
802D141C:dump__13JKRAssertHeapFv
8003C638:dump__14dRes_control_cFv
80262470:dump__24DynamicModuleControlBaseFv
8003BD2C:dump_long__11dRes_info_cFP11dRes_info_ci
802D05CC:dump_sort__10JKRExpHeapFv
802D1424:dump_sort__13JKRAssertHeapFv
800065D8:dump_sort__7JKRHeapFv
8011F7D8:dungeonReturnWarp__9daAlink_cFv
8019E874:dungeonlight_init__Fv
80257FEC:dvdDataLoad__10dScnLogo_cFv
80296D94:dvdErrorCheck__13JASAramStreamFPv
80257070:dvdWaitDraw__10dScnLogo_cFv
80451100:dylPhase
80451108:dylPreLoadTime1
803C4020:e_mtx
804530F8:effDataTable$41650
804530E8:effID$41443
80391D84:effJoint$42070
80391BA0:effName$39419
80453094:effName$40765
80391D38:effName$41208
804530C8:effName$41286
804530D0:effName$41312
8045310C:effName$42224
80453110:effName$42309
80453114:effName$42340
8045309C:effName0$40950
804530A4:effName1$40951
80391CCC:effNameLarge$41096
804530B0:effNameLight$41091
804530AC:effNameNormal$41086
804530B8:effNameWater$41101
80391D94:effOffset$42071
80391DF4:effScale$42225
80037038:eff_break_tsubo__5daObjFP10fopAc_ac_c4cXyzi
803A8314:effectIDTable$5499
8029ABEC:effectOsc__10JASChannelFUlPQ213JASOscillator12EffectParams
80039F1C:emitter_create__16dDemo_particle_cFUl
8028E474:emitter_create__Q217JStudio_JParticle13TCreateObjectFUl
8028E4E4:emitter_destroy__Q217JStudio_JParticle13TCreateObjectFP14JPABaseEmitter
8021F6EC:emphasisButtonDelete__9dMeter2_cFv
80451800:encoderType
802A49B4:endBNKList__17JAUAudioArcLoaderFv
80047ADC:endCheckOld__16dEvent_manager_cFPCc
80047A78:endCheck__16dEvent_manager_cFs
80037C04:endControl__8daItem_cFv
80312698:endDL__17J3DDisplayListObjFv
80117CF8:endDemoMode__9daAlink_cFv
80312A4C:endDiff__12J3DMatPacketFv
80236D00:endFlowGroupLocal__12dMsgObject_cFv
80238098:endFlowGroup__12dMsgObject_cFv
80272AB0:endFrame__10JFWDisplayFv
8027268C:endGX__10JFWDisplayFv
80117C34:endHighModel__9daAlink_cFv
802A5D9C:endNewBankTable__10JAUSectionFv
8028F1C0:endParticle_fadeOut___Q217JStudio_JParticle17TAdaptor_particleFUl
80312714:endPatch__17J3DDisplayListObjFv
80235CC0:endProc__12dMsgObject_cFv
800421C0:endProc__14dEvt_control_cFv
80046DAC:endProc__16dEvent_manager_cFsi
800E8334:endPushPull__9daAlink_cFv
80272A04:endRender__10JFWDisplayFv
8028E054:endSound_fadeOut___Q215JStudio_JAudio214TAdaptor_soundFUl
802A1FE8:endStartSeq___9JAISeqMgrFP6JAISeqP14JAISoundHandle
804505AC:end__14mDoMtx_stack_c
8004974C:end__19dPa_followEcallBackFv
80039CF8:end__7dDemo_cFv
8025D920:end__8dTimer_cFi
801F2F38:endingDataCheck__12dMenu_save_cFv
801F2F08:endingNoSave2__12dMenu_save_cFv
801F2E88:endingNoSave__12dMenu_save_cFv
8001C9CC:enemySearchJugge__FPvPv
803BA25C:engine_tbl__9dCamera_c
802E021C:enter__10JUTDbPrintFiiiPCci
802D1A70:enter__15JKRThreadSwitchFP9JKRThreadi
80010680:entryDL__14mDoExt_McaMorfFv
80012144:entryDL__15mDoExt_McaMorf2Fv
800111C0:entryDL__16mDoExt_McaMorfSOFv
8000E7C0:entryDL__21mDoExt_invisibleModelFP4cXyz
8032548C:entryImm__13J3DDrawBufferFP9J3DPacketUs
8032F254:entryIn__8J3DJointFv
80325404:entryInvalidSort__13J3DDrawBufferFP12J3DMatPacket
8000D9E8:entryJoint__13mDoExt_bckAnmFP12J3DModelDataUsf
8000E6C8:entryJoint__21mDoExt_invisibleModelFP4cXyz
803251E4:entryMatAnmSort__13J3DDrawBufferFP12J3DMatPacket
8032FAF4:entryMatColorAnimator__16J3DMaterialTableFP11J3DAnmColor
8032509C:entryMatSort__13J3DDrawBufferFP12J3DMatPacket
80327184:entryModelData__8J3DModelFP12J3DModelDataUlUl
803253B4:entryModelSort__13J3DDrawBufferFP12J3DMatPacket
80325458:entryNonSort__13J3DDrawBufferFP12J3DMatPacket
803121A4:entryNum__10J3DTextureFUs
804515E0:entryNum__13J3DDrawBuffer
8009C668:entryObj__6dMdl_cFP10dMdl_obj_c
8027E344:entryResourceManager__17JPAEmitterManagerFP18JPAResourceManagerUc
8002CB68:entrySimpleModel__14dComIfG_play_cFP8J3DModeli
8032FE70:entryTevRegAnimator__16J3DMaterialTableFP15J3DAnmTevRegKey
8032FCC4:entryTexMtxAnimator__16J3DMaterialTableFP19J3DAnmTextureSRTKey
8032FBC8:entryTexNoAnimator__16J3DMaterialTableFP16J3DAnmTexPattern
8034897C:entryToPath
800565EC:entryZSortXluDrawList__12dDlst_list_cFP13J3DDrawBufferP9J3DPacketR4cXyz
8032529C:entryZSort__13J3DDrawBufferFP12J3DMatPacket
8009C724:entry__10dMdl_mng_cFP12J3DModelDataUsP12dKy_tevstr_c
8009C8D8:entry__10dMdl_mng_cFP12J3DModelDataUsi
8003194C:entry__10daMirror_cFP8J3DModel
80313048:entry__12J3DMatPacketFP13J3DDrawBuffer
8009CB14:entry__12dEyeHL_mng_cFP8dEyeHL_c
8000D9CC:entry__13mDoExt_bckAnmFP12J3DModelDataf
8000D518:entry__13mDoExt_bpkAnmFP16J3DMaterialTablef
8000D7A8:entry__13mDoExt_brkAnmFP16J3DMaterialTablef
8000D6D8:entry__13mDoExt_btkAnmFP16J3DMaterialTablef
8000D5E8:entry__13mDoExt_btpAnmFP16J3DMaterialTables
800422C0:entry__14dEvt_control_cFv
80048EBC:entry__15dSmplMdl_draw_cFP8J3DModeli
801CE188:entry__15renderingFmap_cFP23dMenu_Fmap_world_data_cifff
8003FD08:entry__16renderingDAmap_cFfffiSc
8014D81C:entry__18daBaseNpc_acMngr_cFP10fopAc_ac_c
801506BC:entry__18daNpcF_ActorMngr_cFP10fopAc_ac_c
801506D8:entry__18daNpcF_ActorMngr_cFUi
801456E0:entry__18daNpcT_ActorMngr_cFP10fopAc_ac_c
80327E4C:entry__8J3DModelFv
8009C964:entry__8dEyeHL_cFP12J3DModelDataPCc
80312750:entry__9J3DPacketFP13J3DDrawBuffer
8004B94C:entry__Q213dPa_control_c7level_cFUsP14JPABaseEmitterP18dPa_levelEcallBack
8004B544:entry__Q313dPa_control_c7level_c9emitter_cFUlUsP14JPABaseEmitterP18dPa_levelEcallBack
8019EC98:envcolor_init__Fv
802BA630:eraseBgmWave__10Z2SceneMgrFUl
8018A3B0:eraseEndBackSelectWait__14dFile_select_cFv
8018A444:eraseEndBackSelect__14dFile_select_cFv
802BA5C8:eraseSeWave__10Z2SceneMgrFUl
8029A2EC:eraseSetup__10JASWaveArcFv
8029A640:erase__10JASWaveArcFv
802E4288:erase__14JUTDirectPrintFiiii
802DCA58:erase__Q27JGadget13TNodeLinkListFQ37JGadget13TNodeLinkList8iterator
802DCAA0:erase__Q27JGadget13TNodeLinkListFQ37JGadget13TNodeLinkList8iteratorQ37JGadget13TNodeLinkList8iterator
802DCDC4:erase__Q27JGadget20TVector_pointer_voidFPPvPPv
801F4FB4:errCurMove__12dMenu_save_cFUcUc
8018FB80:errCurMove__14dFile_select_cFUc
801F4A10:errDispInitSet__12dMenu_save_cFi
8018E2B4:errDispInitSet__14dFile_select_cFii
801F5054:errYesNoCursorMoveAnm__12dMenu_save_cFv
801F4E48:errYesNoSelect__12dMenu_save_cFUcUc
8018FA2C:errYesNoSelect__14dFile_select_cFv
804519A8:errno
802E1FCC:errorHandler__12JUTExceptionFUsP9OSContextUlUl
801F5EF4:errorMoveAnmInitSet__12dMenu_save_cFii
8018E130:errorMoveAnmInitSet__14dFile_select_cFii
801F5F84:errorMoveAnm__12dMenu_save_cFv
8018E1C0:errorMoveAnm__14dFile_select_cFv
804508C8:errorRetry__12JKRDvdRipper
804508D0:errorRetry__16JKRDvdAramRipper
801F5190:errorTxtChangeAnm__12dMenu_save_cFv
8018FD30:errorTxtChangeAnm__14dFile_select_cFv
801F50C4:errorTxtSet__12dMenu_save_cFUs
8018FC64:errorTxtSet__14dFile_select_cFUs
8024C3FC:event000__10dMsgFlow_cFP20mesg_flow_node_eventP10fopAc_ac_c
8024C488:event001__10dMsgFlow_cFP20mesg_flow_node_eventP10fopAc_ac_c
8024C514:event002__10dMsgFlow_cFP20mesg_flow_node_eventP10fopAc_ac_c
8024C550:event003__10dMsgFlow_cFP20mesg_flow_node_eventP10fopAc_ac_c
8024C590:event004__10dMsgFlow_cFP20mesg_flow_node_eventP10fopAc_ac_c
8024C5F0:event005__10dMsgFlow_cFP20mesg_flow_node_eventP10fopAc_ac_c
8024C654:event006__10dMsgFlow_cFP20mesg_flow_node_eventP10fopAc_ac_c
8024C694:event007__10dMsgFlow_cFP20mesg_flow_node_eventP10fopAc_ac_c
8024C6D8:event008__10dMsgFlow_cFP20mesg_flow_node_eventP10fopAc_ac_c
8024C744:event009__10dMsgFlow_cFP20mesg_flow_node_eventP10fopAc_ac_c
8024C76C:event010__10dMsgFlow_cFP20mesg_flow_node_eventP10fopAc_ac_c
8024C7F8:event011__10dMsgFlow_cFP20mesg_flow_node_eventP10fopAc_ac_c
8024C884:event012__10dMsgFlow_cFP20mesg_flow_node_eventP10fopAc_ac_c
8024C88C:event013__10dMsgFlow_cFP20mesg_flow_node_eventP10fopAc_ac_c
8024C8CC:event014__10dMsgFlow_cFP20mesg_flow_node_eventP10fopAc_ac_c
8024C994:event015__10dMsgFlow_cFP20mesg_flow_node_eventP10fopAc_ac_c
8024CA5C:event016__10dMsgFlow_cFP20mesg_flow_node_eventP10fopAc_ac_c
8024CA94:event017__10dMsgFlow_cFP20mesg_flow_node_eventP10fopAc_ac_c
8024CBB0:event018__10dMsgFlow_cFP20mesg_flow_node_eventP10fopAc_ac_c
8024CCA4:event019__10dMsgFlow_cFP20mesg_flow_node_eventP10fopAc_ac_c
8024CCAC:event020__10dMsgFlow_cFP20mesg_flow_node_eventP10fopAc_ac_c
8024CD84:event021__10dMsgFlow_cFP20mesg_flow_node_eventP10fopAc_ac_c
8024CDAC:event022__10dMsgFlow_cFP20mesg_flow_node_eventP10fopAc_ac_c
8024CE40:event023__10dMsgFlow_cFP20mesg_flow_node_eventP10fopAc_ac_c
8024CF2C:event024__10dMsgFlow_cFP20mesg_flow_node_eventP10fopAc_ac_c
8024CF54:event025__10dMsgFlow_cFP20mesg_flow_node_eventP10fopAc_ac_c
8024CF9C:event026__10dMsgFlow_cFP20mesg_flow_node_eventP10fopAc_ac_c
8024D004:event027__10dMsgFlow_cFP20mesg_flow_node_eventP10fopAc_ac_c
8024D3C4:event028__10dMsgFlow_cFP20mesg_flow_node_eventP10fopAc_ac_c
8024D500:event029__10dMsgFlow_cFP20mesg_flow_node_eventP10fopAc_ac_c
8024D544:event030__10dMsgFlow_cFP20mesg_flow_node_eventP10fopAc_ac_c
8024D5BC:event031__10dMsgFlow_cFP20mesg_flow_node_eventP10fopAc_ac_c
8024D5EC:event032__10dMsgFlow_cFP20mesg_flow_node_eventP10fopAc_ac_c
8024D6BC:event033__10dMsgFlow_cFP20mesg_flow_node_eventP10fopAc_ac_c
8024D788:event034__10dMsgFlow_cFP20mesg_flow_node_eventP10fopAc_ac_c
8024D7C8:event035__10dMsgFlow_cFP20mesg_flow_node_eventP10fopAc_ac_c
8024D870:event036__10dMsgFlow_cFP20mesg_flow_node_eventP10fopAc_ac_c
8024D8C4:event037__10dMsgFlow_cFP20mesg_flow_node_eventP10fopAc_ac_c
8024D918:event038__10dMsgFlow_cFP20mesg_flow_node_eventP10fopAc_ac_c
8024D93C:event039__10dMsgFlow_cFP20mesg_flow_node_eventP10fopAc_ac_c
8024D970:event040__10dMsgFlow_cFP20mesg_flow_node_eventP10fopAc_ac_c
8024DA78:event041__10dMsgFlow_cFP20mesg_flow_node_eventP10fopAc_ac_c
8024DAA8:event042__10dMsgFlow_cFP20mesg_flow_node_eventP10fopAc_ac_c
8017F828:eventCamera__9dCamera_cFl
8024ADEC:eventNodeProc__10dMsgFlow_cFP10fopAc_ac_cPP10fopAc_ac_c
8004886C:eventUpdate__17dEvLib_callback_cFv
80041480:event_debug_evnt__21@unnamed@d_event_cpp@Fv
8001B058:event_second_actor__FUs
8014A224:evtChange__8daNpcT_cFv
8014CC68:evtCutProc__8daNpcT_cFv
8014CC70:evtEndProc__8daNpcT_cFv
8014A0B0:evtOrder__8daNpcT_cFv
8014997C:evtProc__8daNpcT_cFv
8014CC78:evtTalk__8daNpcT_cFv
803BE8A4:evt_id$4557
80434578:exCallbackObject
80450798:exConsoleBufferSize__Q29JFWSystem11CSetUpParam
8000B768:exceptionReadPad__FPUlPUl
8000B798:exceptionRestart__Fv
8001814C:exception_addition__FP10JUTConsole
800E3A14:exchangeGrabActor__9daAlink_cFP10fopAc_ac_c
801416B8:exchangeGrabActor__9daPy_py_cFP10fopAc_ac_c
802723F4:exchangeXfb_double__10JFWDisplayFv
802724FC:exchangeXfb_triple__10JFWDisplayFv
801A5288:exeKankyo__18dScnKy_env_light_cFv
80291060:execAllCommand__10JASPortCmdFv
80291094:execCommandOnce__Q210JASPortCmd9TPortHeadFv
8029110C:execCommandStay__Q210JASPortCmd9TPortHeadFv
8029559C:execCommand__12JASSeqParserFP8JASTrackM12JASSeqParserFPCvPvP8JASTrackPUl_lUlPUl
80252C68:execFadeIn__10dOvlpFd2_cFv
80253730:execFadeIn__10dOvlpFd3_cFv
80252A78:execFadeOut__10dOvlpFd2_cFv
802535AC:execFadeOut__10dOvlpFd3_cFv
802529F4:execFirstSnap__10dOvlpFd2_cFv
80253518:execFirstSnap__10dOvlpFd3_cFv
80097E8C:execItemGet__FUc
80252BC0:execNextSnap__10dOvlpFd2_cFv
8025368C:execNextSnap__10dOvlpFd3_cFv
80295570:execNoteOff__12JASSeqParserFP8JASTrackUl
80295498:execNoteOnGate__12JASSeqParserFP8JASTrackUlUlUlUl
80295540:execNoteOnMidi__12JASSeqParserFP8JASTrackUlUlUl
8021135C:exec__13dMeter2Draw_cFUl
80238C3C:exec__14dMsgScrnBase_cFv
8023CA88:exec__14dMsgScrnBoss_cFv
80241A70:exec__14dMsgScrnHowl_cFv
8023F888:exec__14dMsgScrnItem_cFv
80247D34:exec__14dMsgScrnTalk_cFv
80249118:exec__14dMsgScrnTree_cFv
80246924:exec__15dMsgScrnPlace_cFv
80246EE8:exec__15dMsgScrnStaff_cFv
80244C2C:exec__16dMsgScrnJimaku_cFv
80245528:exec__16dMsgScrnKanban_cFv
800489F8:executeAction__17dEvLib_callback_cFv
80050374:executeAfter__18JPAEmitterCallBackFP14JPABaseEmitter
8004AE1C:executeAfter__19dPa_simpleEcallBackFP14JPABaseEmitter
8004F6C4:executeAfter__22dPa_hermiteEcallBack_cFP14JPABaseEmitter
8028F060:executeAfter__Q317JStudio_JParticle17TAdaptor_particle21TJPACallback_emitter_FP14JPABaseEmitter
80048B48:executeRun__17dEvLib_callback_cFv
80048A70:executeStart__17dEvLib_callback_cFv
80258BC8:execute__10dScnName_cFv
8014EAD0:execute__11daBaseNpc_cFv
80262014:execute__11dkWpillar_cFv
8009D354:execute__14dDvdErrorMsg_cFv
8004DC28:execute__17dPa_wbPcallBack_cFP14JPABaseEmitterP15JPABaseParticle
8004B4E0:execute__17dPa_windPcallBackFP14JPABaseEmitterP15JPABaseParticle
80050368:execute__18JPAEmitterCallBackFP14JPABaseEmitter
800183D4:execute__19JPAParticleCallBackFP14JPABaseEmitterP15JPABaseParticle
80070178:execute__19dAttDraw_CallBack_cFUsP16J3DTransformInfo
800495BC:execute__19dPa_followEcallBackFP14JPABaseEmitter
8004DCA0:execute__19dPa_fsenthPcallBackFP14JPABaseEmitterP15JPABaseParticle
8004DD10:execute__19dPa_light8PcallBackFP14JPABaseEmitterP15JPABaseParticle
8009D790:execute__19dShutdownErrorMsg_cFv
80015CF0:execute__20mDoDvdThd_callback_cFv
800164BC:execute__21mDoDvdThd_toMainRam_cFv
8001817C:execute__24JPTraceParticleCallBack4FP14JPABaseEmitterP15JPABaseParticle
80015EDC:execute__24mDoDvdThd_mountArchive_cFv
8004DD14:execute__25dPa_gen_b_light8PcallBackFP14JPABaseEmitterP15JPABaseParticle
8004DD18:execute__25dPa_gen_d_light8PcallBackFP14JPABaseEmitterP15JPABaseParticle
800162B0:execute__25mDoDvdThd_mountXArchive_cFv
8004FAD4:execute__28dPa_particleTracePcallBack_cFP14JPABaseEmitterP15JPABaseParticle
80124A2C:execute__29dAlink_bottleWaterPcallBack_cFP14JPABaseEmitterP15JPABaseParticle
800315A4:execute__7daSus_cFv
80183480:execute__8dEnvSe_cFv
801ADD5C:execute__8dKyeff_cFv
80152014:execute__8daNpcF_cFv
8014852C:execute__8daNpcT_cFv
801ADEC4:execute__9dKyeff2_cFv
800C8700:execute__9daAlink_cFv
801452DC:execute__9daNocrm_cFv
8004B6F8:execute__Q213dPa_control_c7level_cFPQ313dPa_control_c7level_c9emitter_c
8004B7A8:execute__Q213dPa_control_c7level_cFv
80031150:execute__Q27daSus_c6data_cFv
8028ECC0:execute__Q317JStudio_JParticle17TAdaptor_particle21TJPACallback_emitter_FP14JPABaseEmitter
80182FD8:execute_common__8dEnvSe_cFP18dStage_SoundInfo_cPScUc
80451778:executing
803629CC:exit
8036C740:exp
801D9504:explain_close_init__14dMenu_Insect_cFv
801D95AC:explain_close_move__14dMenu_Insect_cFv
801D9264:explain_move_init__14dMenu_Insect_cFv
801D9268:explain_move_move__14dMenu_Insect_cFv
801D8E00:explain_open_init__14dMenu_Insect_cFv
801D91E4:explain_open_move__14dMenu_Insect_cFv
804512BC:extMixCallback__9JASDriver
802DCCC8:extend_default__Q27JGadget6vectorFUlUlUl
80046C88:extraOffObjectCallBack__FP10fopAc_ac_cPv
80046C74:extraOnObjectCallBack__FP10fopAc_ac_cPv
802835B0:extrapolateParameter_clamp__Q27JStudio13functionvalueFdd
80283570:extrapolateParameter_raw__Q27JStudio13functionvalueFdd
80283574:extrapolateParameter_repeat__Q27JStudio13functionvalueFdd
802818B8:extrapolateParameter_turn__Q27JStudio13functionvalueFdd
8009778C:eyePos__9dCamera_cFP10fopAc_ac_c
8045314C:fFootJoint$44785
80182D10:fabs__3stdFf
80182A3C:fabsf__3stdFf
803A38F8:fadeFase$2276
800080D0:fadeOut__13mDoGph_gInf_cFf
80007FD8:fadeOut__13mDoGph_gInf_cFfR8_GXColor
80008028:fadeOut_f__13mDoGph_gInf_cFfR8_GXColor
80391D60:fairyScale$41951
80396970:fame_tag$3884
80397D10:fame_tag$4307
802B2E3C:fanfareFramework__8Z2SeqMgrFv
80018A44:fapGm_After__Fv
80018AA0:fapGm_Create__Fv
80018A6C:fapGm_Execute__Fv
803962A0:farea_name$5815
803964F0:farea_name$6125
8000B95C:fault_callback_scroll__FUsP9OSContextUlUl
803977B0:fc_text$4023
80397800:fc_text1$4030
803659F8:fclose
802E88FC:fclose__13JUTDirectFileFv
80397208:fenu_t0$5282
80397288:fenu_t1$5310
80397228:fenu_t2$5289
80397248:fenu_t3$5296
80397268:fenu_t4$5303
803972A8:fenu_t5$5317
803972F8:fenut_0$5325
80397358:fenut_1$5333
803973B8:fenut_2$5341
80397418:fenut_3$5349
80397478:fenut_4$5357
802E8730:fetch32byte__13JUTDirectFileFv
802D8050:fetchResource__13JKRDvdArchiveFPQ210JKRArchive12SDIFileEntryPUl
802D8168:fetchResource__13JKRDvdArchiveFPvUlPQ210JKRArchive12SDIFileEntryPUl
802D6DDC:fetchResource__13JKRMemArchiveFPQ210JKRArchive12SDIFileEntryPUl
802D6E10:fetchResource__13JKRMemArchiveFPvUlPQ210JKRArchive12SDIFileEntryPUl
802D75E0:fetchResource__14JKRAramArchiveFPQ210JKRArchive12SDIFileEntryPUl
802D76F4:fetchResource__14JKRAramArchiveFPvUlPQ210JKRArchive12SDIFileEntryPUl
802D8F40:fetchResource__14JKRCompArchiveFPQ210JKRArchive12SDIFileEntryPUl
802D90C0:fetchResource__14JKRCompArchiveFPvUlPQ210JKRArchive12SDIFileEntryPUl
802D8474:fetchResource_subroutine__13JKRDvdArchiveFlUlUlP7JKRHeapiiPPUc
802D826C:fetchResource_subroutine__13JKRDvdArchiveFlUlUlPUcUlii
802D6F5C:fetchResource_subroutine__13JKRMemArchiveFPUcUlPUcUli
802D7914:fetchResource_subroutine__14JKRAramArchiveFUlUlP7JKRHeapiPPUc
802D7858:fetchResource_subroutine__14JKRAramArchiveFUlUlPUcUli
802D44C4:fetchVolumeName__13JKRFileLoaderFPclPCc
803658C0:fflush
803962F0:ffont_name$5822
803964B8:ffont_name$6110
802E8958:fgets__13JUTDirectFileFPvi
802B594C:fieldBgmFramework__8Z2SeqMgrFv
802B545C:fieldBgmStart__8Z2SeqMgrFv
802B556C:fieldRidingMute__8Z2SeqMgrFv
803ADD88:field_item_res__10dItem_data
80450778:fifoBufSize__Q29JFWSystem11CSetUpParam
8018FF9C:fileInfoScaleAnm__14dFile_select_cFv
8018FEF4:fileRecScaleAnm2__14dFile_select_cFv
8018FE64:fileRecScaleAnmInitSet2__14dFile_select_cFff
8018FE18:fileRecScaleAnm__14dFile_select_cFv
80397EF8:filiPosX$3878
80397F10:filiPosY$3879
80397EE0:filiScale$3877
802E9260:fillBox__14J2DGrafContextFRCQ29JGeometry8TBox2<f>
80450B00:fillcheck_check_frame
80397EB0:finaPosX$3875
80397EC8:finaPosY$3876
80397E98:finaScale$3874
802CE93C:findAllHeap__7JKRHeapCFPv
802D53B8:findCacheBlock__12JKRFileCacheCFPCv
802D53E4:findCacheBlock__12JKRFileCacheCFUl
80299600:findChunk__Q212JASBNKParser4Ver1FPCvUl
802D641C:findDirectory__10JKRArchiveCFPCcUl
802D5410:findFile__12JKRFileCacheCFPcPCc
802CE83C:findFromRoot__7JKRHeapFPv
802D65A4:findFsResource__10JKRArchiveCFPCcUl
802D6770:findIdResource__10JKRArchiveCFUs
802D6684:findIdxResource__10JKRArchiveCFUl
80325C00:findImportantMtxIndex__12J3DJointTreeFv
80293B28:findIntr__10JASSeqCtrlFv
802D66AC:findNameResource__10JKRArchiveCFPCc
802D46C4:findNextFile__12JKRArcFinderFv
802D4874:findNextFile__12JKRDvdFinderFv
80299E68:findOscPtr__Q212JASBNKParser4Ver0FP12JASBasicBankPCQ312JASBNKParser4Ver07THeaderPCQ312JASBNKParser4Ver04TOsc
802D6734:findPtrResource__10JKRArchiveCFPCv
802D63E0:findResType__10JKRArchiveCFUl
8004846C:findShutterCallBack__FP10fopAc_ac_cPv
802D64F4:findTypeResource__10JKRArchiveCFUlPCc
802838C8:findUpperBound_binary_current<Q37JStudio22TFunctionValue_hermite15TIterator_data_,d,Q23std7less<d>>__7JGadgetFQ37JStudio22TFunctionValue_hermite15TIterator_data_Q37JStudio22TFunctionValue_hermite15TIterator_data_Q37JStudio22TFunctionValue_hermite15TIterator_data_RCdQ23std7less<d>
80283858:findUpperBound_binary_current<Q37JStudio22TFunctionValue_hermite15TIterator_data_,d>__7JGadgetFQ37JStudio22TFunctionValue_hermite15TIterator_data_Q37JStudio22TFunctionValue_hermite15TIterator_data_Q37JStudio22TFunctionValue_hermite15TIterator_data_RCd
80283634:findUpperBound_binary_current<Q37JStudio29TFunctionValue_list_parameter15TIterator_data_,d,Q23std7less<d>>__7JGadgetFQ37JStudio29TFunctionValue_list_parameter15TIterator_data_Q37JStudio29TFunctionValue_list_parameter15TIterator_data_Q37JStudio29TFunctionValue_list_parameter15TIterator_data_RCdQ23std7less<d>
802835DC:findUpperBound_binary_current<Q37JStudio29TFunctionValue_list_parameter15TIterator_data_,d>__7JGadgetFQ37JStudio29TFunctionValue_list_parameter15TIterator_data_Q37JStudio29TFunctionValue_list_parameter15TIterator_data_Q37JStudio29TFunctionValue_list_parameter15TIterator_data_RCd
802D4438:findVolume__13JKRFileLoaderFPPCc
802CE894:find__7JKRHeapCFPv
802815B4:find_if<Q37JGadget37TLinkList<Q37JStudio3ctb7TObject,-12>8iterator,Q37JStudio6object18TPRObject_ID_equal>__3stdFQ37JGadget37TLinkList<Q37JStudio3ctb7TObject,-12>8iteratorQ37JGadget37TLinkList<Q37JStudio3ctb7TObject,-12>8iteratorQ37JStudio6object18TPRObject_ID_equal
80285018:find_if<Q37JGadget37TLinkList<Q37JStudio3fvb7TObject,-12>8iterator,Q37JStudio6object18TPRObject_ID_equal>__3stdFQ37JGadget37TLinkList<Q37JStudio3fvb7TObject,-12>8iteratorQ37JGadget37TLinkList<Q37JStudio3fvb7TObject,-12>8iteratorQ37JStudio6object18TPRObject_ID_equal
80289928:find_if<Q37JGadget37TLinkList<Q37JStudio3stb7TObject,-12>8iterator,Q37JStudio6object18TPRObject_ID_equal>__3stdFQ37JGadget37TLinkList<Q37JStudio3stb7TObject,-12>8iteratorQ37JGadget37TLinkList<Q37JStudio3stb7TObject,-12>8iteratorQ37JStudio6object18TPRObject_ID_equal
80397FD0:finfoPosX$3887
80397FE8:finfoPosY$3888
80397FB8:finfoScale$3886
802A50F8:finishBuild__10JAUSectionFv
80043E78:finishCheck__12dEvDtEvent_cFv
8029C900:finishDSPFrame__9JASDriverFv
80235AD4:finishProc__12dMsgObject_cFv
80296868:finishTask__13JASAramStreamFPv
803917F4:finishType$6985
8029D9C4:finishWork__6JASDspFUs
80397E68:fipaPosX$3872
80397E80:fipaPosY$3873
80397E50:fipaScale$3871
80271CD0:firstInit__9JFWSystemFv
8029676C:firstLoadTask__13JASAramStreamFPv
80395D90:fish_n$4060
80395DC0:fish_p0$4061
80395DF0:fish_p1$4062
80395E20:fish_p2$4063
80395E50:fish_p3$4064
80395E80:fish_p4$4065
80395EB0:fish_p5$4066
801B5738:fishing_close_init__17dMenu_Collect2D_cFv
801B5774:fishing_close_proc__17dMenu_Collect2D_cFv
801B568C:fishing_move_init__17dMenu_Collect2D_cFv
801B56C8:fishing_move_proc__17dMenu_Collect2D_cFv
801B5580:fishing_open_init__17dMenu_Collect2D_cFv
801B561C:fishing_open_proc__17dMenu_Collect2D_cFv
80398018:fishnPosX$3890
80398030:fishnPosY$3891
80398000:fishnScale$3889
803A2220:fix_pool_sizes
8017DFAC:fixedFrameCamera__9dCamera_cFl
800897E8:fixedFrameEvCamera__9dCamera_cFv
80095010:fixedFramesEvCamera__9dCamera_cFv
8017E730:fixedPositionCamera__9dCamera_cFl
8008B9B0:fixedPositionEvCamera__9dCamera_cFv
8019D790:fl_data_ratio_set__Ffff
804512F8:flag
80043D60:flagCheck__11dEvDtFlag_cFi
80043E30:flagMaxCheck__11dEvDtFlag_cFi
80043DC8:flagSet__11dEvDtFlag_cFi
8036719C:float2str
8019D7A0:float_kankyo_color_ratio_set__Fffffffff
8036C0FC:floor
801BD6C4:floorChangeMode__12dMenu_Dmap_cFv
801BFCAC:floorChange_init_proc__12dMenu_Dmap_cFv
801BFD5C:floorChange_proc__12dMenu_Dmap_cFv
801BFA84:floorSelect_init_proc__12dMenu_Dmap_cFv
801BFA88:floorSelect_proc__12dMenu_Dmap_cFv
803BC96C:floor_init_process
803BC99C:floor_move_process
80395648:floor_tag$4932
8029DA6C:flushBuffer__6JASDspFv
804517E8:flushFlag
802E499C:flushMessage__12JUTAssertionFv
802E4A54:flushMessage_dbPrint__12JUTAssertionFv
802E02DC:flush__10JUTDbPrintFiiii
802E02A4:flush__10JUTDbPrintFv
8029DF8C:flush__Q26JASDsp8TChannelFv
803BC070:flush_col$7304
803BC080:flush_col2$7305
803BC090:flush_col3$7306
802E4960:flush_subroutine__12JUTAssertionFv
801FA560:fmap_close_init__5dMw_cFUc
801FB36C:fmap_close_proc__5dMw_cFv
801FA55C:fmap_move_init__5dMw_cFUc
801FB298:fmap_move_proc__5dMw_cFv
801FA538:fmap_open_init__5dMw_cFUc
801FB240:fmap_open_proc__5dMw_cFv
8036C760:fmod
80395FD0:fname_0$4086
8023C4F4:fontAlpha__14dMsgScrnBase_cFf
8023CC84:fontAlpha__14dMsgScrnBoss_cFf
80246B30:fontAlpha__15dMsgScrnPlace_cFf
80246FEC:fontAlpha__15dMsgScrnStaff_cFf
80244E34:fontAlpha__16dMsgScrnJimaku_cFf
80395568:font_at$4147
803963F0:font_at$5843
80396558:font_at$6194
80395590:font_bt$4148
803963A0:font_bt$5836
80396530:font_bt$6176
8037B3E0:font_data
80396350:font_zt$5829
80396508:font_zt$6148
803740C0:fontdata$8224
803740D4:fontdata$8253
803740E8:fontdata$8287
804506D0:fontsize$7230
800A3430:footBgCheck__9daAlink_cFv
8018295C:footHeightOf__9dCamera_cFP10fopAc_ac_c
8045322C:footJointTable$56137
80391EF0:footVec$56152
800197BC:fopAcIt_Executor__FPFPvPv_iPv
800197F8:fopAcIt_Judge__FPFPvPv_PvPv
80019AA8:fopAcM_CreateAppend__Fv
8001A138:fopAcM_DeleteHeap__FP10fopAc_ac_c
800198A4:fopAcM_FastCreate__FsPFPv_iPvPv
800977C0:fopAcM_GetID__FPCv
801412BC:fopAcM_GetName__FPv
80182D5C:fopAcM_GetParam__FPCv
80019C78:fopAcM_Log__FPC10fopAc_ac_cPCc
800199BC:fopAcM_SearchByID__FUiPP10fopAc_ac_c
80019A2C:fopAcM_SearchByName__FsPP10fopAc_ac_c
8001A538:fopAcM_SetMax__FP10fopAc_ac_cfff
8001A528:fopAcM_SetMin__FP10fopAc_ac_cfff
8001A5DC:fopAcM_addAngleY__FP10fopAc_ac_css
8001A60C:fopAcM_calcSpeed__FP10fopAc_ac_c
8001A188:fopAcM_callCallback__FP10fopAc_ac_cPFP10fopAc_ac_c_iP7JKRHeap
8001CBA0:fopAcM_cancelCarryNow__FP10fopAc_ac_c
8001D1FC:fopAcM_carryOffRevise__FP10fopAc_ac_c
8001AC40:fopAcM_checkCullingBox__FPA4_fffffff
8001C870:fopAcM_createBokkuri__FUsPC4cXyziiiPC4cXyzii
80019F78:fopAcM_createChildFromOffset__FsUiUlPC4cXyziPC5csXyzPC4cXyzScPFPv_i
80019EF0:fopAcM_createChild__FsUiUlPC4cXyziPC5csXyzPC4cXyzScPFPv_i
8001C078:fopAcM_createDemoItem__FPC4cXyziiPC5csXyziPC4cXyzUc
8001CAD8:fopAcM_createDisappear__FPC10fopAc_ac_cPC4cXyzUcUcUc
8001C0D4:fopAcM_createItemForBoss__FPC4cXyziiPC5csXyzPC4cXyzffi
8001C1B8:fopAcM_createItemForDirectGet__FPC4cXyziiPC5csXyzPC4cXyzff
8001C174:fopAcM_createItemForMidBoss__FPC4cXyziiPC5csXyzPC4cXyzii
8001BBE8:fopAcM_createItemForPresentDemo__FPC4cXyziUciiPC5csXyzPC4cXyz
8001C1FC:fopAcM_createItemForSimpleDemo__FPC4cXyziiPC5csXyzPC4cXyzff
8001BC74:fopAcM_createItemForTrBoxDemo__FPC4cXyziiiPC5csXyzPC4cXyz
8001BE14:fopAcM_createItemFromEnemyID__FUcPC4cXyziiPC5csXyzPC4cXyzPfPf
8001BF64:fopAcM_createItemFromTable__FPC4cXyziiiPC5csXyziPC4cXyzPfPfb
8001C240:fopAcM_createItem__FPC4cXyziiiPC5csXyzPC4cXyzi
8001C95C:fopAcM_createWarpHole__FPC4cXyzPC5csXyziUcUcUc
80019D98:fopAcM_create__FsUlPC4cXyziPC5csXyzPC4cXyzSc
80019D18:fopAcM_create__FsUsUlPC4cXyziPC5csXyzPC4cXyzScPFPv_i
8001ACEC:fopAcM_cullingCheck__FPC10fopAc_ac_c
80019C7C:fopAcM_delete__FP10fopAc_ac_c
80019CB8:fopAcM_delete__FUi
8001D10C:fopAcM_effHamonSet__FPUlPC4cXyzff
8001D020:fopAcM_effSmokeSet1__FPUlPUlPC4cXyzPC5csXyzfPC12dKy_tevstr_ci
8001A4B0:fopAcM_entrySolidHeap__FP10fopAc_ac_cPFP10fopAc_ac_c_iUl
8001A1E8:fopAcM_entrySolidHeap___FP10fopAc_ac_cPFP10fopAc_ac_c_iUl
8001C3E0:fopAcM_fastCreateItem2__FPC4cXyziiiiPC5csXyzPC4cXyz
8001C5B0:fopAcM_fastCreateItem__FPC4cXyziiPC5csXyzPC4cXyzPfPfiiPFPv_i
80019E6C:fopAcM_fastCreate__FPCcUlPC4cXyziPC5csXyzPC4cXyzPFPv_iPv
80019E04:fopAcM_fastCreate__FsUlPC4cXyziPC5csXyzPC4cXyzScPFPv_iPv
8001D6F0:fopAcM_findObject4EventCB__FP10fopAc_ac_cPv
8001D5EC:fopAcM_findObjectCB__FPC10fopAc_ac_cPv
8001BB74:fopAcM_getEventPartner__FPC10fopAc_ac_c
8001BB44:fopAcM_getItemEventPartner__FPC10fopAc_ac_c
8001BCFC:fopAcM_getItemNoFromTableNo__FUc
8001DBD8:fopAcM_getPolygonAngle__FPC8cM3dGPlas
8001DAE4:fopAcM_getPolygonAngle__FRC13cBgS_PolyInfos
8001D5A4:fopAcM_getProcNameString__FPC10fopAc_ac_c
8001BB14:fopAcM_getTalkEventPartner__FPC10fopAc_ac_c
8001D9A8:fopAcM_getWaterStream__FPC4cXyzRC13cBgS_PolyInfoP4cXyzPii
8001D890:fopAcM_getWaterY__FPC4cXyzPf
8001DE10:fopAcM_initManager__Fv
8001CA1C:fopAcM_myRoomSearchEnemy__FSc
80141230:fopAcM_onSwitch__FPC10fopAc_ac_ci
8001B334:fopAcM_orderCatchEvent__FP10fopAc_ac_cP10fopAc_ac_cUsUs
8001B5E4:fopAcM_orderChangeEventId__FP10fopAc_ac_csUsUs
8001B244:fopAcM_orderDoorEvent__FP10fopAc_ac_cP10fopAc_ac_cUsUs
8001B9D0:fopAcM_orderItemEvent__FP10fopAc_ac_cUsUs
8001B8E0:fopAcM_orderMapToolAutoNextEvent__FP10fopAc_ac_cUcsUsUsUs
8001B7B4:fopAcM_orderMapToolEvent__FP10fopAc_ac_cUcsUsUsUs
8001B67C:fopAcM_orderOtherEventId__FP10fopAc_ac_csUcUsUsUs
8001B4E0:fopAcM_orderOtherEvent__FP10fopAc_ac_cP10fopAc_ac_cPCcUsUsUs
8001B3CC:fopAcM_orderOtherEvent__FP10fopAc_ac_cPCcUsUsUs
8001B908:fopAcM_orderPotentialEvent__FP10fopAc_ac_cUsUsUs
8001B19C:fopAcM_orderSpeakEvent__FP10fopAc_ac_cUsUs
8001B068:fopAcM_orderTalkEvent__FP10fopAc_ac_cP10fopAc_ac_cUsUs
8001B0FC:fopAcM_orderTalkItemBtnEvent__FUsP10fopAc_ac_cP10fopAc_ac_cUsUs
8001BA7C:fopAcM_orderTreasureEvent__FP10fopAc_ac_cP10fopAc_ac_cUsUs
8001CDFC:fopAcM_otherBgCheck__FPC10fopAc_ac_cPC10fopAc_ac_c
8001CC5C:fopAcM_otoCheck__FPC10fopAc_ac_cf
8001CFD8:fopAcM_plAngleCheck__FPC10fopAc_ac_cs
8001A6CC:fopAcM_posMoveF__FP10fopAc_ac_cPC4cXyz
8001A660:fopAcM_posMove__FP10fopAc_ac_cPC4cXyz
8001D1F4:fopAcM_riverStream__FP4cXyzPsPff
8001AAE0:fopAcM_rollPlayerCrash__FPC10fopAc_ac_cfUlffif
8001A738:fopAcM_searchActorAngleX__FPC10fopAc_ac_cPC10fopAc_ac_c
8001A710:fopAcM_searchActorAngleY__FPC10fopAc_ac_cPC10fopAc_ac_c
8001A914:fopAcM_searchActorDistance2__FPC10fopAc_ac_cPC10fopAc_ac_c
8001AA94:fopAcM_searchActorDistanceXZ2__FPC10fopAc_ac_cPC10fopAc_ac_c
8001A964:fopAcM_searchActorDistanceXZ__FPC10fopAc_ac_cPC10fopAc_ac_c
8001A7E0:fopAcM_searchActorDistance__FPC10fopAc_ac_cPC10fopAc_ac_c
8001D7A0:fopAcM_searchFromName4Event__FPCcs
8001D698:fopAcM_searchFromName__FPCcUlUl
8001A79C:fopAcM_seenActorAngleY__FPC10fopAc_ac_cPC10fopAc_ac_c
8001CB48:fopAcM_setCarryNow__FP10fopAc_ac_ci
8001A578:fopAcM_setCullSizeBox2__FP10fopAc_ac_cP12J3DModelData
8001A548:fopAcM_setCullSizeBox__FP10fopAc_ac_cffffff
8001A564:fopAcM_setCullSizeSphere__FP10fopAc_ac_cffff
8001D42C:fopAcM_setEffectMtx__FPC10fopAc_ac_cPC12J3DModelData
80019934:fopAcM_setRoomLayer__FPvi
800198C4:fopAcM_setStageLayer__FPv
8001CED0:fopAcM_wayBgCheck__FPC10fopAc_ac_cff
80019860:fopAcTg_ActorQTo__FP16create_tag_class
80019880:fopAcTg_Init__FP16create_tag_classPv
80019834:fopAcTg_ToActorQ__FP16create_tag_class
8001904C:fopAc_Create__FPv
80018FCC:fopAc_Delete__FPv
80018D0C:fopAc_Draw__FPv
80018DD8:fopAc_Execute__FPv
80018CE0:fopAc_IsActor__FPv
80018F78:fopAc_IsDelete__FPv
8001E310:fopCamM_Create__FisPv
8001E308:fopCamM_GetParam__FP12camera_class
8001E378:fopCamM_Init__Fv
8001E374:fopCamM_Management__Fv
8001E270:fopCam_Create__FPv
8001E21C:fopCam_Delete__FP12camera_class
8001E140:fopCam_Draw__FP12camera_class
8001E180:fopCam_Execute__FP12camera_class
8001E1C8:fopCam_IsDelete__FP12camera_class
80020444:fopDwIt_Begin__Fv
80020400:fopDwIt_GetTag__Fv
80020480:fopDwIt_Next__FP16create_tag_class
80020518:fopDwTg_CreateQueue__Fv
800204D4:fopDwTg_DrawQTo__FP16create_tag_class
800204F4:fopDwTg_Init__FP16create_tag_classPv
800204AC:fopDwTg_ToDrawQ__FP16create_tag_classi
8001F660:fopKyM_CreateAppend__Fv
8001F768:fopKyM_Create__FsPFPv_iPv
8001F748:fopKyM_Delete__FPv
8001F90C:fopKyM_createMpillar__FPC4cXyzf
8001F87C:fopKyM_createWpillar__FPC4cXyzfi
8001F7B8:fopKyM_create__FsiP4cXyzP4cXyzPFPv_i
8001F818:fopKyM_fastCreate__FsiP4cXyzP4cXyzPFPv_i
8001F3B4:fopKy_Create__FPv
8001F368:fopKy_Delete__FPv
8001F284:fopKy_Draw__FPv
8001F2C0:fopKy_Execute__FPv
8001F314:fopKy_IsDelete__FPv
80450CE8:fopKy_KANKYO_TYPE
80020108:fopMsgM_Create__FsPFPv_iPv
8001FA4C:fopMsgM_Delete__FPv
8001FA44:fopMsgM_GetAppend__FPv
8001FA24:fopMsgM_SearchByID__FUi
8002039C:fopMsgM_createExpHeap__FUlP7JKRHeap
8001FC4C:fopMsgM_create__FsP10fopAc_ac_cP4cXyzPUlPUlPFPv_i
800203E0:fopMsgM_destroyExpHeap__FP10JKRExpHeap
800200C0:fopMsgM_messageGet__FPcUl
8001FFC4:fopMsgM_messageSetDemo__FUl
8001FD34:fopMsgM_messageSet__FUlP10fopAc_ac_cUl
8001FE84:fopMsgM_messageSet__FUlUl
80020100:fopMsgM_setMessageID__FUi
8001F9B4:fopMsgM_setStageLayer__FPv
80020160:fopMsgM_valueIncrease__FiiUc
8001F588:fopMsg_Create__FPv
8001F53C:fopMsg_Delete__FPv
8001F488:fopMsg_Draw__FPv
8001F4B0:fopMsg_Execute__FPv
8001F4E8:fopMsg_IsDelete__FPv
80450CF0:fopMsg_MSG_TYPE
8001E698:fopOvlpM_Cancel__Fv
8001E5D0:fopOvlpM_ClearOfReq__Fv
8001E51C:fopOvlpM_Done__FP18overlap_task_class
8001E6E8:fopOvlpM_Init__Fv
8001E5A8:fopOvlpM_IsDoingReq__Fv
8001E574:fopOvlpM_IsDone__Fv
8001E504:fopOvlpM_IsOutReq__FP18overlap_task_class
8001E558:fopOvlpM_IsPeek__Fv
8001E650:fopOvlpM_Management__Fv
8001E604:fopOvlpM_Request__FsUs
8001E4C4:fopOvlpM_SceneIsStart__Fv
8001E484:fopOvlpM_SceneIsStop__Fv
8001E540:fopOvlpM_ToldAboutID__FUi
8001EA88:fopOvlpReq_Cancel__FP21overlap_request_class
8001E9F0:fopOvlpReq_Handler__FP21overlap_request_class
8001EAB4:fopOvlpReq_Is_PeektimeLimit__FP21overlap_request_class
8001EAD8:fopOvlpReq_OverlapClr__FP21overlap_request_class
8001E954:fopOvlpReq_Request__FP21overlap_request_classsUs
8001EAC4:fopOvlpReq_SetPeektime__FP21overlap_request_classUs
8001E904:fopOvlpReq_phase_Create__FP21overlap_request_class
8001E6EC:fopOvlpReq_phase_Done__FP21overlap_request_class
8001E854:fopOvlpReq_phase_IsComplete__FP21overlap_request_class
8001E8A4:fopOvlpReq_phase_IsCreated__FP21overlap_request_class
8001E748:fopOvlpReq_phase_IsDone__FP21overlap_request_class
8001E794:fopOvlpReq_phase_IsWaitOfFadeout__FP21overlap_request_class
8001E7E4:fopOvlpReq_phase_WaitOfFadeout__FP21overlap_request_class
8001E41C:fopOvlp_Create__FPv
8001E3F4:fopOvlp_Delete__FPv
8001E37C:fopOvlp_Draw__FPv
8001E3A4:fopOvlp_Execute__FPv
8001E3CC:fopOvlp_IsDelete__FPv
8001EC74:fopScnIt_Judge__FPFPvPv_PvPv
8001ECE0:fopScnM_ChangeReq__FP11scene_classssUs
8001ED84:fopScnM_CreateReq__FssUsUl
8001ED3C:fopScnM_DeleteReq__FP11scene_class
8001EE30:fopScnM_Init__Fv
8001EE10:fopScnM_Management__Fv
8001EDCC:fopScnM_ReRequest__FsUl
8001ECB0:fopScnM_SearchByID__FUi
80020594:fopScnPause_Disable__FP11scene_class
80020548:fopScnPause_Enable__FP11scene_class
8001EFB0:fopScnRq_Cancel__FP19scene_request_class
8001EF24:fopScnRq_Execute__FP19scene_request_class
8001EFF0:fopScnRq_FadeRequest__FsUs
8001F11C:fopScnRq_Handler__Fv
8001EF6C:fopScnRq_PostMethod__FPvP19scene_request_class
8001F0FC:fopScnRq_ReRequest__FUisPv
8001F034:fopScnRq_Request__FiP11scene_classsPvsUs
8001EE34:fopScnRq_phase_ClearOverlap__FP19scene_request_class
8001EEE4:fopScnRq_phase_Done__FP19scene_request_class
8001EE64:fopScnRq_phase_Execute__FP19scene_request_class
8001EE84:fopScnRq_phase_IsDoingOverlap__FP19scene_request_class
8001EEB4:fopScnRq_phase_IsDoneOverlap__FP19scene_request_class
8001F188:fopScnTg_Init__FP15scene_tag_classPv
8001F13C:fopScnTg_QueueTo__FP15scene_tag_class
8001F15C:fopScnTg_ToQueue__FP15scene_tag_class
8001EC00:fopScn_Create__FPv
8001EBAC:fopScn_Delete__FPv
8001EB34:fopScn_Draw__FP11scene_class
8001EB5C:fopScn_Execute__FP11scene_class
8001EB84:fopScn_IsDelete__FPv
8001F248:fopVw_Create__FPv
8001F220:fopVw_Delete__FP10view_class
8001F1A8:fopVw_Draw__FP10view_class
8001F1D0:fopVw_Execute__FP10view_class
8001F1F8:fopVw_IsDelete__FPv
8001FCC0:fop_Timer_create__FsUcUlUcUcffffPFPv_i
802E8860:fopen__13JUTDirectFileFPCc
8027E220:forceDeleteAllEmitter__17JPAEmitterManagerFv
8027E2D8:forceDeleteEmitter__17JPAEmitterManagerFP14JPABaseEmitter
8027E278:forceDeleteGroupEmitter__17JPAEmitterManagerFUc
80043EFC:forceFinish__12dEvDtEvent_cFv
8004B8B4:forceOnEventMove__Q213dPa_control_c7level_cFUl
8015F438:forceRestartRoom__9daPy_py_cFiUli
8029DD60:forceStop__Q26JASDsp8TChannelFv
8026242C:force_unlink__24DynamicModuleControlBaseFv
8018EFAC:formatNoSelDispInitSet__14dFile_select_cFv
8018F17C:formatYesSel2DispInitSet__14dFile_select_cFv
8018EF5C:formatYesSelDispInitSet__14dFile_select_cFv
80016EA8:format__15mDoMemCd_Ctrl_cFv
8016608C:forwardCheckAngle__9dCamera_cFv
80288BE8:forward__Q37JStudio3stb7TObjectFUl
802894B4:forward__Q37JStudio3stb8TControlFUl
8005CF78:forward_overhead_bg_chk__FP4cXyzf
80286734:forward_value__Q27JStudio7TObjectFUl
80020820:fpcBs_Create__FsUiPv
80020720:fpcBs_DeleteAppend__FP18base_process_class
800207BC:fpcBs_Delete__FP18base_process_class
800206C4:fpcBs_Execute__FP18base_process_class
80020760:fpcBs_IsDelete__FP18base_process_class
8002064C:fpcBs_Is_JustOfType__Fii
8002069C:fpcBs_MakeOfId__Fv
8002065C:fpcBs_MakeOfType__FPi
8002091C:fpcBs_SubCreate__FP18base_process_class
80020A94:fpcCtIt_JudgeInLayer__FUiPFPvPv_PvPv
80020A04:fpcCtIt_Judge__FPFPvPv_PvPv
800209C8:fpcCtIt_Method__FPFPvPv_iPv
80020A40:fpcCtIt_filter_JudgeInLayer__FP10create_tagP16fpcCtIt_jilprm_c
80020C14:fpcCtRq_Cancel__FP14create_request
80020B20:fpcCtRq_CreateQTo__FP14create_request
80020DB0:fpcCtRq_Create__FP11layer_classUlP27create_request_method_class
80020BA0:fpcCtRq_Delete__FP14create_request
80020CC8:fpcCtRq_Do__FP14create_request
80020D84:fpcCtRq_Handler__Fv
80020AE8:fpcCtRq_IsCreatingByID__FUi
80020CAC:fpcCtRq_IsDoing__FP14create_request
80020B5C:fpcCtRq_ToCreateQ__FP14create_request
80020ACC:fpcCtRq_isCreatingByID__FP10create_tagPUi
80020E64:fpcCtTg_CreateQTo__FP10create_tag
80020E84:fpcCtTg_Init__FP10create_tagPv
80020E38:fpcCtTg_ToCreateQ__FP10create_tag
80020EEC:fpcCt_Abort__FP18base_process_class
80020F10:fpcCt_Handler__Fv
80020EA8:fpcCt_IsCreatingByID__FUi
80020EC8:fpcCt_IsDoing__FP18base_process_class
80020F7C:fpcDtTg_DeleteQTo__FP16delete_tag_class
80020F9C:fpcDtTg_Do__FP16delete_tag_classPFPv_i
8002101C:fpcDtTg_Init__FP16delete_tag_classPv
80020F30:fpcDtTg_IsEmpty__Fv
80020F48:fpcDtTg_ToDeleteQ__FP16delete_tag_class
800212A4:fpcDt_Delete__FPv
800210D4:fpcDt_Handler__Fv
80021040:fpcDt_IsComplete__Fv
80021188:fpcDt_ToDeleteQ__FP18base_process_class
8002110C:fpcDt_ToQueue__FP18base_process_class
80021060:fpcDt_deleteMethod__FP18base_process_class
80021308:fpcDwPi_Get__FPC19draw_priority_class
80021318:fpcDwPi_Init__FP19draw_priority_classs
80021310:fpcDwPi_Set__FP19draw_priority_classs
80023954:fpcDw_Execute__FP18base_process_class
800239F4:fpcDw_Handler__FPFPFPvPv_i_iPFPvPv_i
800214C4:fpcEx_ExecuteQTo__FP18base_process_class
800213C4:fpcEx_Execute__FP18base_process_class
80021568:fpcEx_Handler__FPFPvPv_i
8002139C:fpcEx_IsExist__FUi
80021358:fpcEx_SearchByID__FUi
80021338:fpcEx_Search__FPFPvPv_PvPv
80021510:fpcEx_ToExecuteQ__FP18base_process_class
80021418:fpcEx_ToLineQ__FP18base_process_class
80023A98:fpcFCtRq_Delete__FP19fast_create_request
80023A48:fpcFCtRq_Do__FP19fast_create_request
80023AA0:fpcFCtRq_Request__FP11layer_classsPFPvPv_iPvPv
8002202C:fpcLd_Free__Fs
80022008:fpcLd_IsLoaded__Fs
80022050:fpcLd_Load__Fs
80021FB8:fpcLd_Use__Fs
80021B14:fpcLf_Create__FP14leafdraw_class
80021AD0:fpcLf_Delete__FP14leafdraw_class
80021A24:fpcLf_DrawMethod__FP21leafdraw_method_classPv
80021A48:fpcLf_Draw__FP14leafdraw_class
80021A80:fpcLf_Execute__FP14leafdraw_class
80021A00:fpcLf_GetPriority__FPC14leafdraw_class
80021AA8:fpcLf_IsDelete__FP14leafdraw_class
800236C0:fpcLnIt_MethodCall__FP16create_tag_classP13method_filter
80023728:fpcLnIt_Queue__FPFPvPv_i
8002368C:fpcLnTg_Init__FP8line_tagPv
800235A8:fpcLnTg_Move__FP8line_tagi
80023600:fpcLnTg_QueueTo__FP8line_tag
80023634:fpcLnTg_ToQueue__FP8line_tagi
80021F64:fpcLn_Create__Fv
80021C60:fpcLyIt_AllJudge__FPFPvPv_PvPv
80021C28:fpcLyIt_Judge__FP11layer_classPFPvPv_PvPv
80021BC0:fpcLyIt_OnlyHereLY__FP11layer_classPFPvPv_iPv
80021B88:fpcLyIt_OnlyHere__FP11layer_classPFPvPv_iPv
80021EB0:fpcLyTg_Init__FP26layer_management_tag_classUiPv
80021E2C:fpcLyTg_Move__FP26layer_management_tag_classUiUsUs
80021DCC:fpcLyTg_QueueTo__FP26layer_management_tag_class
80021CD4:fpcLyTg_ToQueue__FP26layer_management_tag_classUiUsUs
800215CC:fpcLy_CancelMethod__FP24process_method_tag_class
80021588:fpcLy_CancelQTo__FP24process_method_tag_class
8002189C:fpcLy_Cancel__FP11layer_class
800218C8:fpcLy_Create__FP11layer_classPvP15node_list_classi
800216C4:fpcLy_CreatedMesg__FP11layer_class
800216B4:fpcLy_CreatingMesg__FP11layer_class
800216F4:fpcLy_CurrentLayer__Fv
800217E8:fpcLy_Delete__FP11layer_class
80021688:fpcLy_DeletedMesg__FP11layer_class
80021678:fpcLy_DeletingMesg__FP11layer_class
800215F8:fpcLy_IntoQueue__FP11layer_classiP16create_tag_classi
800216A0:fpcLy_IsCreatingMesg__FP11layer_class
80021664:fpcLy_IsDeletingMesg__FP11layer_class
8002174C:fpcLy_Layer__FUi
80021640:fpcLy_QueueTo__FP11layer_classP16create_tag_class
800217BC:fpcLy_Regist__FP11layer_class
800216DC:fpcLy_RootLayer__Fv
800216FC:fpcLy_Search__FUi
800216EC:fpcLy_SetCurrentLayer__FP11layer_class
800215A8:fpcLy_ToCancelQ__FP11layer_classP24process_method_tag_class
8002161C:fpcLy_ToQueue__FP11layer_classiP16create_tag_class
80022118:fpcM_Delete__FPv
800220C0:fpcM_DrawIterater__FPFPvPv_i
800220A0:fpcM_Draw__FPv
800220F8:fpcM_Execute__FPv
800222F4:fpcM_FastCreate__FsPFPv_iPvPv
800222B8:fpcM_Init__Fv
80022138:fpcM_IsCreating__FUi
80022348:fpcM_IsPause__FPvUc
800223B4:fpcM_JudgeInLayer__FUiPFPvPv_PvPv
80022158:fpcM_Management__FPFv_vPFv_v
80022390:fpcM_PauseDisable__FPvUc
8002236C:fpcM_PauseEnable__FPvUc
80023764:fpcMtdIt_Method__FP15node_list_classPFPv_i
80023788:fpcMtdTg_Do__FP24process_method_tag_class
800237F8:fpcMtdTg_Init__FP24process_method_tag_classPFPv_iPv
800237D8:fpcMtdTg_MethodQTo__FP24process_method_tag_class
800237B8:fpcMtdTg_ToMethodQ__FP15node_list_classP24process_method_tag_class
800224CC:fpcMtd_Create__FP20process_method_classPv
800224A8:fpcMtd_Delete__FP20process_method_classPv
80022460:fpcMtd_Execute__FP20process_method_classPv
80022484:fpcMtd_IsDelete__FP20process_method_classPv
80022428:fpcMtd_Method__FPFPv_iPv
80022AA4:fpcNdRq_Cancel__FP19node_create_request
80022E14:fpcNdRq_ChangeNode__FUlP18process_node_classsPv
80022F3C:fpcNdRq_CreateNode__FUlsPv
80022C9C:fpcNdRq_Create__FUl
80022EB0:fpcNdRq_DeleteNode__FUlP18process_node_class
80022A3C:fpcNdRq_Delete__FP19node_create_request
80022990:fpcNdRq_DoPhase__FP19node_create_request
800229D8:fpcNdRq_Execute__FP19node_create_request
80022AFC:fpcNdRq_Handler__Fv
80022C50:fpcNdRq_IsIng__FP18process_node_class
80022BE4:fpcNdRq_IsPossibleTarget__FP18process_node_class
80023098:fpcNdRq_ReChangeNode__FUisPv
80023110:fpcNdRq_ReRequest__FUisPv
800227C4:fpcNdRq_RequestQTo__FP19node_create_request
80022FE8:fpcNdRq_Request__FUliP18process_node_classsPvP32node_create_request_method_class
80022804:fpcNdRq_ToRequestQ__FP19node_create_request
800228A8:fpcNdRq_phase_Create__FP19node_create_request
8002293C:fpcNdRq_phase_Delete__FP19node_create_request
80022850:fpcNdRq_phase_IsCreated__FP19node_create_request
80022904:fpcNdRq_phase_IsDeleteTiming__FP19node_create_request
8002290C:fpcNdRq_phase_IsDeleted__FP19node_create_request
80022728:fpcNd_Create__FP18process_node_class
800226C4:fpcNd_Delete__FP18process_node_class
800224F0:fpcNd_DrawMethod__FP21nodedraw_method_classPv
80022514:fpcNd_Draw__FP18process_node_class
80022580:fpcNd_Execute__FP18process_node_class
800225DC:fpcNd_IsCreatingFromUnder__FPv
8002265C:fpcNd_IsDeleteTiming__FP18process_node_class
8002269C:fpcNd_IsDelete__FP18process_node_class
800238D4:fpcPause_Disable__FPvUc
80023868:fpcPause_Enable__FPvUc
80023948:fpcPause_Init__FPv
80023844:fpcPause_IsEnable__FPvUc
80023564:fpcPf_Get__Fs
800232E8:fpcPi_Change__FP22process_priority_classUiUsUs
80023268:fpcPi_Delete__FP22process_priority_class
80023214:fpcPi_GetFromQueue__Fv
80023428:fpcPi_Handler__Fv
800234BC:fpcPi_Init__FP22process_priority_classPvUiUsUs
80023130:fpcPi_IsInQueue__FP22process_priority_class
800232B4:fpcPi_IsNormal__FUiUsUs
80023150:fpcPi_QueueTo__FP22process_priority_class
80023188:fpcPi_ToQueue__FP22process_priority_class
80023D8C:fpcSCtRq_Cancel__FP29standard_create_request_class
80023D84:fpcSCtRq_Delete__FP29standard_create_request_class
80023D14:fpcSCtRq_Handler__FP29standard_create_request_class
80023D94:fpcSCtRq_Request__FP11layer_classsPFPvPv_iPvPv
80023BC4:fpcSCtRq_phase_CreateProcess__FP29standard_create_request_class
80023D0C:fpcSCtRq_phase_Done__FP29standard_create_request_class
80023C64:fpcSCtRq_phase_IsComplete__FP29standard_create_request_class
80023B70:fpcSCtRq_phase_Load__FP29standard_create_request_class
80023CBC:fpcSCtRq_phase_PostMethod__FP29standard_create_request_class
80023C2C:fpcSCtRq_phase_SubCreateProcess__FP29standard_create_request_class
80023590:fpcSch_JudgeByID__FPvPv
80023578:fpcSch_JudgeForPName__FPvPv
8001D900:fpoAcM_relativePos__FPC10fopAc_ac_cPC4cXyzP4cXyz
8036679C:fprintf
80451524:fpscr__12JUTException
803651D8:fputs
80450AD0:fragmentID
8044D430:fragmentinfo
80450B34:frame$3939
80451548:frameBuffer$2222
80325068:frameInit__13J3DDrawBufferFv
8000FBC0:frameUpdate__13mDoExt_morf_cFv
802C064C:framework__10Z2CreatureFUlSc
802C66B0:framework__10Z2EnvSeMgrFv
802B9C50:framework__10Z2SceneMgrFv
802AA67C:framework__10Z2SoundMgrFv
802C20E8:framework__12Z2CreatureFMFUlSc
802C2864:framework__12Z2CreatureOIFUlSc
802CC9D0:framework__12Z2SpeechMgr2Fv
802C3780:framework__14Z2CreatureLinkFUlSc
802BE038:framework__14Z2SoundObjBaseFUlSc
802C10D4:framework__15Z2CreatureEnemyFUlSc
802BE6B8:framework__21Z2DopplerSoundObjBaseFUlSc
80362B58:free
802CE5CC:freeAll__7JKRHeapFv
80071A68:freeAttention__12dAttention_cFv
802A1A08:freeDeadSeq___9JAISeqMgrFv
802A3D70:freeDeadStream___12JAIStreamMgrFv
800E4BD4:freeGrabItem__9daAlink_cFv
801904A0:freeHeap__16dFile_select3D_cFv
802CE5F8:freeTail__7JKRHeapFv
8029BBFC:free__10JASChannelFv
8029D320:free__13JASDSPChannelFv
80290994:free__17JASGenericMemPoolFPvUl
80263260:free__3cMlFPv
802904E4:free__7JASHeapFv
802CE548:free__7JKRHeapFPv
802CE500:free__7JKRHeapFPvP7JKRHeap
802D08CC:free__Q210JKRExpHeap9CMemBlockFP10JKRExpHeap
800D6E24:freezeTimerDamage__9daAlink_cFv
8036C244:frexp
80391E24:frontOffset$45186
80365BB4:fseek
80396490:fst_c$5857
803978A0:ft_off$4044
80397850:ft_on$4037
80397BA0:ftag_name0$4154
80396AE8:ftag_name0$4616
80397BD8:ftag_name1$4155
80396B18:ftag_name1$4617
80397B30:ftag_sub0$4152
80396A88:ftag_sub0$4614
80397B68:ftag_sub1$4153
80396AB8:ftag_sub1$4615
80365E90:ftell
80394FD0:ftext_op$4771
80394FB8:ftext_sv$4770
80398098:ftext_tag$5462
803A9C18:ftp_table$4417
80394938:ftv_btnA$3745
803971E0:ftv_btnA$5276
80396440:fuji_c$5850
8023C4A4:fukiAlpha__14dMsgScrnBase_cFf
8023CBF0:fukiAlpha__14dMsgScrnBoss_cFf
8024205C:fukiAlpha__14dMsgScrnHowl_cFf
802400CC:fukiAlpha__14dMsgScrnItem_cFf
802482B4:fukiAlpha__14dMsgScrnTalk_cFf
802492F8:fukiAlpha__14dMsgScrnTree_cFf
80246A9C:fukiAlpha__15dMsgScrnPlace_cFf
80246FC0:fukiAlpha__15dMsgScrnStaff_cFf
80244D8C:fukiAlpha__16dMsgScrnJimaku_cFf
802456A0:fukiAlpha__16dMsgScrnKanban_cFf
8023670C:fukiPosCalc__12dMsgObject_cFb
80238C5C:fukiPosCalc__14dMsgScrnBase_cFUc
80240174:fukiPosCalc__14dMsgScrnItem_cFUc
8024835C:fukiPosCalc__14dMsgScrnTalk_cFUc
8023C458:fukiScale__14dMsgScrnBase_cFf
8023CC7C:fukiScale__14dMsgScrnBoss_cFf
80242034:fukiScale__14dMsgScrnHowl_cFf
802400A4:fukiScale__14dMsgScrnItem_cFf
802482AC:fukiScale__14dMsgScrnTalk_cFf
802493AC:fukiScale__14dMsgScrnTree_cFf
80246B28:fukiScale__15dMsgScrnPlace_cFf
80246FE4:fukiScale__15dMsgScrnStaff_cFf
80244E2C:fukiScale__16dMsgScrnJimaku_cFf
80245754:fukiScale__16dMsgScrnKanban_cFf
8023C480:fukiTrans__14dMsgScrnBase_cFff
8023CC80:fukiTrans__14dMsgScrnBoss_cFff
80242038:fukiTrans__14dMsgScrnHowl_cFff
802400A8:fukiTrans__14dMsgScrnItem_cFff
802482B0:fukiTrans__14dMsgScrnTalk_cFff
802493B0:fukiTrans__14dMsgScrnTree_cFff
80246B2C:fukiTrans__15dMsgScrnPlace_cFff
80246FE8:fukiTrans__15dMsgScrnStaff_cFff
80244E30:fukiTrans__16dMsgScrnJimaku_cFff
80245758:fukiTrans__16dMsgScrnKanban_cFff
80369114:fwide
803657A0:fwrite
80397760:fxy_text$4016
803D32A8:gDBCommTable
8044D8B8:gTRKBigEndian
8044F338:gTRKCPUState
8044D890:gTRKEventQueue
803D3244:gTRKExceptionStatus
8044F270:gTRKFramingState
804519B8:gTRKInputPendingPtr
800035E4:gTRKInterruptVectorTable
80005518:gTRKInterruptVectorTableEnd
803A2B60:gTRKMemMap
8044D8C0:gTRKMsgBufs
803D3238:gTRKRestoreFlags
8044F768:gTRKSaveState
8044F294:gTRKState
803D3254:gTRKStepStatus
80424B0C:g_AttDwHIO
80430CD8:g_Counter
803F1BBC:g_HIO
804510E8:g_LogHIO
8043028C:g_MsgObject_HIO_c
804306D4:g_MsgScrnLight_HIO_c
80450604:g_blackColor
803C3528:g_cAPI_Interface
80450600:g_clearColor
80430110:g_cursorHIO
80450610:g_dComIfAc_gameInfo
804061C0:g_dComIfG_gameInfo
80450618:g_dComIfGoat_gameInfo
8042EBC8:g_drawHIO
8043079C:g_envHIO
8042CA54:g_env_light
8042E82C:g_fmHIO
8042FC60:g_fmapHIO
803A35E0:g_fopAcTg_Queue
803A35B0:g_fopAc_Method
80450CB8:g_fopAc_type
803A3860:g_fopCam_Method
804505D0:g_fopDwTg_Queue
803A3940:g_fopKy_Method
803A3958:g_fopMsg_Method
803A3878:g_fopOvlp_Method
803A3918:g_fopScnTg_SceneList
803A38B0:g_fopScn_Method
803A3928:g_fopVw_Method
80450D00:g_fpcBs_type
803A3990:g_fpcCtTg_Queue
803A39A0:g_fpcDtTg_Queue
803A39E8:g_fpcLf_Method
80450D30:g_fpcLf_type
804505D8:g_fpcLn_Queue
804505E0:g_fpcNd_IsCheckOfDeleteTiming
803A3A20:g_fpcNd_Method
80450D40:g_fpcNd_type
80450D50:g_fpcPf_ProfileList_p
8042C9EC:g_fsHIO
80450BBC:g_mDoAud_audioHeap
803DBF4C:g_mDoAud_zelAudio
803EAF40:g_mDoMemCd_control
803A2FD8:g_mDoMtx_identity
8042DD70:g_mEnvSeMgr
804510B0:g_menuHIO
80430188:g_meter2_info
8042E84C:g_msHIO
804510D0:g_msg_unit
8042E9A8:g_mwDHIO
8042E86C:g_mwHIO
80430734:g_nmHIO
803A2F60:g_ntscZeldaIntDf
803A2F9C:g_ntscZeldaProg
80451120:g_preLoadHIO
803B2DCC:g_profile_ALINK
803BA6F8:g_profile_CAMERA
803BA73C:g_profile_CAMERA2
803BA81C:g_profile_ENVSE
803BBD40:g_profile_GAMEOVER
803B9F74:g_profile_ITEM
803BC0B4:g_profile_KANKYO
803BC16C:g_profile_KYEFF
803BC1AC:g_profile_KYEFF2
803BC1EC:g_profile_KY_THUNDER
803C2FE4:g_profile_LOGO_SCENE
803BF094:g_profile_MENUWINDOW
803C3018:g_profile_MENU_SCENE
803BFA68:g_profile_METER2
803C0BB0:g_profile_MSG_OBJECT
803C3118:g_profile_NAMEEX_SCENE
803C30F0:g_profile_NAME_SCENE
803B3678:g_profile_NO_CHG_ROOM
803C31FC:g_profile_OPENING_SCENE
803C2BAC:g_profile_OVERLAP0
803C2BD4:g_profile_OVERLAP1
803C2C9C:g_profile_OVERLAP10
803C2CC4:g_profile_OVERLAP11
803C2D34:g_profile_OVERLAP2
803C2DB4:g_profile_OVERLAP3
803C2BFC:g_profile_OVERLAP6
803C2C24:g_profile_OVERLAP7
803C2C4C:g_profile_OVERLAP8
803C2C74:g_profile_OVERLAP9
803C31D4:g_profile_PLAY_SCENE
803C3288:g_profile_ROOM_SCENE
803C33F8:g_profile_TIMER
803C32D8:g_profile_WARNING2_SCENE
803C32B0:g_profile_WARNING_SCENE
803C3444:g_profile_WMARK
803C3484:g_profile_WPILLAR
80451128:g_regHIO
8042FAFC:g_ringHIO
8045060C:g_saftyWhiteColor
804307EC:g_save_bit_HIO
80451050:g_siHIO
804510F0:g_snHIO
80450608:g_whiteColor
80455818:ga4cSignature__Q28JMessage4data
804553F8:ga4cSignature__Q37JStudio3ctb4data
80455450:ga4cSignature__Q37JStudio3fvb4data
804554D8:ga4cSignature__Q37JStudio3stb4data
80455460:ga8cSignature__Q27JStudio4data
801F2D78:gameContinue2__12dMenu_save_cFv
801F2DA0:gameContinue3__12dMenu_save_cFv
801F2B5C:gameContinueDisp__12dMenu_save_cFv
801F2BF8:gameContinue__12dMenu_save_cFv
801F23A4:gameFileMakeSelInitSet__12dMenu_save_cFv
80450C28:gameHeap
80450BF8:gameHeapErrors
80090514:gameOverEvCamera__9dCamera_cFv
804530F4:ganonNameID$41522
8039A9F0:gapfnExtrapolateParameter___Q27JStudio27@unnamed@functionvalue_cpp@
80292008:gateOn__8JASTrackFUlUlfUl
8039AB88:gauDataSize_TEParagraph_data__Q37JStudio3stb4data
80372B98:gdev_cc_close
80372BCC:gdev_cc_initialize
80372908:gdev_cc_initinterrupts
80372BA0:gdev_cc_open
8037292C:gdev_cc_peek
8037299C:gdev_cc_post_stop
803729C0:gdev_cc_pre_continue
80372AA4:gdev_cc_read
80372BC4:gdev_cc_shutdown
803729E4:gdev_cc_write
8021D44C:get2ndTexture__13dMeter2Info_cFUc
8021D4B8:get3rdTexture__13dMeter2Info_cFUc
8021D4FC:get4thTexture__13dMeter2Info_cFUc
80070880:getActionBtnB__12dAttention_cFv
80070974:getActionBtnXY__12dAttention_cFv
8021A2F4:getActionString__13dMeter2Draw_cFUcUcPUc
80039128:getActiveCamera__14dDemo_object_cFv
8014BB00:getActorDistance__8daNpcT_cFP10fopAc_ac_cii
801506EC:getActorP__18daNpcF_ActorMngr_cFv
80145708:getActorP__18daNpcT_ActorMngr_cFv
80232A20:getActorPos__19jmessage_tReferenceFv
80073864:getActor__10dAttList_cFv
8023819C:getActor__12dMsgObject_cFv
80038128:getActor__13dDemo_actor_cFv
80039088:getActor__14dDemo_object_cFUc
8014D838:getActor__18daBaseNpc_acMngr_cFv
8009D884:getAlinkArcName__9daAlink_cFv
801D2B5C:getAllMapZoomRate__18dMenu_Fmap2DBack_cFv
8000DF54:getAlphaComp__10J3DPEBlockFv
803219E0:getAlphaComp__14J3DPEBlockFullFv
80321B44:getAlphaComp__16J3DPEBlockFogOffFv
80255828:getAlphaRate__13CPaneMgrAlphaFv
8023E5CC:getAlphaRatio__17dMsgScrnExplain_cFv
801DC7AC:getAlphaRatio__19dMenu_ItemExplain_cFv
8000DFF0:getAmbColor__13J3DColorBlockFUl
80322F50:getAmbColor__20J3DColorBlockLightOnFUl
803230D8:getAmbColor__22J3DColorBlockAmbientOnFUl
8003218C:getAngleStick__10CSTControlFv
8003216C:getAngleStick__9STControlFv
800A3D0C:getAnimeResource__9daAlink_cFP14daPy_anmHeap_cUsUl
800CFFE0:getAnmMtx__8J3DModelFi
801580F0:getAnmP__10daNpcCd2_cFii
80156248:getAnmP__9daNpcCd_cFii
80014E94:getAnmTransform__10J3DMtxCalcFUc
80014E9C:getAnmTransform__10J3DMtxCalcFv
80014FB8:getAnmTransform__17J3DMtxCalcAnmBaseFv
800D00BC:getAnm__25mDoExt_MtxCalcAnmBlendTblFi
802D77F8:getAramAddress_Entry__14JKRAramArchiveFPQ210JKRArchive12SDIFileEntry
802D781C:getAramAddress__14JKRAramArchiveFPCc
80290B08:getAramHeap__9JASKernelFv
80024940:getArcBank__20dStage_roomControl_cFi
80298C8C:getArcCount__16JASBasicWaveBankCFv
80298F98:getArcCount__17JASSimpleWaveBankCFv
8003BA9C:getArcHeader__FP10JKRArchive
80031870:getArcName__12daSetBgObj_cFP10fopAc_ac_c
801F9E1C:getArrowFlag__9dMw_HIO_cFv
800DE64C:getArrowFlyData__9daAlink_cCFPfPfi
800DE760:getArrowIncAtMaxStart__9daAlink_cCFv
800DE770:getArrowIncAtMax__9daAlink_cCFv
800DE740:getArrowIncAtR__9daAlink_cCFv
80036AEC:getArrowOffsetPosAndAngle__9dJntCol_cCFPC4cXyzPC5csXyzP4cXyzP4cXyz
800DCA80:getArrowShieldOffset__9daAlink_cCFPC4cXyzPC5csXyzP4cXyzP4cXyz
8002753C:getArrow__15dStage_roomDt_cCFv
80027E28:getArrow__16dStage_stageDt_cCFv
802DE004:getAscent__10JUTResFontCFv
800D0360:getAtnActorID__9daAlink_cCFv
8000B1E4:getAtnActorID__9daPy_py_cCFv
8015F3FC:getAttentionOffsetY__9daPy_py_cFv
8015496C:getAttentionPos__8daNpcF_cFP10fopAc_ac_c
8015436C:getAttnActorP__8daNpcF_cFiPFPvPv_Pvffffsii
8014B3EC:getAttnPos__8daNpcT_cFP10fopAc_ac_c
80282728:getAttributeSet__Q27JStudio19TFunctionValue_listFv
8028334C:getAttributeSet__Q27JStudio22TFunctionValue_hermiteFv
802823BC:getAttributeSet__Q27JStudio23TFunctionValue_constantFv
80281DC0:getAttributeSet__Q27JStudio24TFunctionValue_compositeFv
80282454:getAttributeSet__Q27JStudio25TFunctionValue_transitionFv
80282DA8:getAttributeSet__Q27JStudio29TFunctionValue_list_parameterFv
802BB158:getAudibleSwFull__11Z2SoundInfoF10JAISoundID
802BB448:getAudibleSw__11Z2SoundInfoCF10JAISoundID
802D4094:getAvailable__20JSURandomInputStreamCFv
8003A23C:getBLightInf__13door_param2_cFP10fopAc_ac_c
8003A1C4:getBRoomNo__13door_param2_cFP10fopAc_ac_c
801CF298:getBackColor__15dMenu_FmapMap_cCFv
8003FE4C:getBackColor__16renderingDAmap_cCFv
80051578:getBackLeftEffType__8dPaPoF_cCFi
800515CC:getBackLeftEmitter__8dPaPoF_cFii
8003A1AC:getBackOption__13door_param2_cFP10fopAc_ac_c
8005156C:getBackRightEffType__8dPaPoF_cCFi
80051584:getBackRightEmitter__8dPaPoF_cFii
8014CC5C:getBackboneJointNo__8daNpcT_cFv
802A4AA0:getBank__12JAUBankTableCFUl
80293528:getBank__17JASBankTable<256>CFUl
800D0358:getBaseAnimeFrameRate__9daAlink_cCFv
8014168C:getBaseAnimeFrameRate__9daPy_py_cCFv
800AC328:getBaseAnimeFrame__9daAlink_cCFv
80141694:getBaseAnimeFrame__9daPy_py_cCFv
800EDB48:getBaseHorseAnime__9daAlink_cFPQ29daAlink_c11daAlink_ANM
80150C60:getBeforeIdx__13daNpcF_Path_cFv
80150CA8:getBeforePos__13daNpcF_Path_cFR4cXyz
802BB00C:getBgmSeqResourceID__11Z2SoundInfoCF10JAISoundID
80302A4C:getBlackWhite__11J2DWindowExCFPQ28JUtility6TColorPQ28JUtility6TColor
80306664:getBlackWhite__12J2DPictureExCFPQ28JUtility6TColorPQ28JUtility6TColor
803084CC:getBlackWhite__12J2DTextBoxExCFPQ28JUtility6TColorPQ28JUtility6TColor
801DFA4C:getBlack__10J2DPictureCFv
801DFA34:getBlack__10J2DTextBoxCFv
80302C88:getBlack__11J2DWindowExCFv
803068F8:getBlack__12J2DPictureExCFv
803086FC:getBlack__12J2DTextBoxExCFv
80254000:getBlack__9J2DWindowCFv
8000DF4C:getBlend__10J3DPEBlockFv
80321A00:getBlend__14J3DPEBlockFullFv
80321B64:getBlend__16J3DPEBlockFogOffFv
80296710:getBlockSamples__13JASAramStreamCFv
800D0860:getBoardCutTurnOffsetAngleY__9daAlink_cCFv
801417B0:getBoardCutTurnOffsetAngleY__9daPy_py_cCFv
801066B8:getBoardRowAnmSpeed__9daAlink_cFv
800BB084:getBodyAngleXAtnActor__9daAlink_cFi
800BB020:getBodyAngleXBasePos__9daAlink_cFP4cXyz
80141654:getBokoFlamePos__9daPy_py_cFP4cXyz
800DE750:getBombArrowFlyExplodeTime__9daAlink_cCFv
800E37D0:getBombAtR__9daAlink_cCFv
800E3790:getBombBoundRate__9daAlink_cCFv
8023759C:getBombBuyPriceLocal__12dMsgObject_cFUc
800E37C0:getBombEffScale__9daAlink_cCFv
800E3760:getBombExplodeTime__9daAlink_cCFv
800E3810:getBombExplodeWaterEffectLimit__9daAlink_cCFv
801F9E14:getBombFlag__9dMw_HIO_cFv
800E3770:getBombGravity__9daAlink_cCFv
800E3820:getBombInsectLimitAngle__9daAlink_cCFv
800E3780:getBombMaxFallSpeed__9daAlink_cCFv
800E37B0:getBombMaxSpeedY__9daAlink_cCFv
8023738C:getBombName__12dMsgObject_cFv
800340F8:getBombNum__21dSv_player_item_max_cCFUc
80033F7C:getBombNum__24dSv_player_item_record_cCFUc
800E37A0:getBombStopSpeedY__9daAlink_cCFv
800E37F0:getBombWaterGravity__9daAlink_cCFv
800E3800:getBombWaterMaxFallSpeed__9daAlink_cCFv
800E0190:getBoomBgThroughTime__9daAlink_cCFv
800E00B0:getBoomCatchSpeed__9daAlink_cCFv
800E00C0:getBoomFlyMax__9daAlink_cCFv
800E011C:getBoomLockMax__9daAlink_cFv
800E0010:getBoomSpeed__9daAlink_cFv
800E0210:getBoomerangActor__9daAlink_cFv
8009C27C:getBossIconFloorNo__7dTres_cFPi
800D02E0:getBottleMtx__9daAlink_cFv
8014155C:getBottleMtx__9daPy_py_cFv
80034030:getBottleNum__24dSv_player_item_record_cCFUc
8010E568:getBottleOpenAppearItem__9daAlink_cCFv
801418F4:getBottleOpenAppearItem__9daPy_py_cCFv
802F7100:getBounds__7J2DPaneFv
80254FB8:getBounds__8CPaneMgrFP7J2DPane
80228530:getBtiName__10COutFont_cFi
80145180:getBtpFrm__12daItemBase_cFv
80218238:getButtonCrossParentInitTransY__13dMeter2Draw_cFv
8021BDD0:getButtonTimer__13dMeter2Draw_cFv
802E1500:getButton__Q210JUTGamePad6CStickFUl
8021BC24:getCameraSubject__13dMeter2Draw_cFv
8002752C:getCamera__15dStage_roomDt_cCFv
80027E18:getCamera__16dStage_stageDt_cCFv
800F3BDC:getCanoeBackMaxSpeed__9daAlink_cCFv
800F3BEC:getCanoeCres__9daAlink_cCFv
8021BBB4:getCanoeFishing__13dMeter2Draw_cFv
800F3CCC:getCanoeLocalPaddleTop__9daAlink_cFv
800F3C44:getCanoeMaxRotSpeed__9daAlink_cCFv
800F3BB0:getCanoeMaxSpeed__9daAlink_cCFv
800F3DFC:getCanoePaddleMatrix__9daAlink_cFv
800F3C18:getCanoeSpeedRate__9daAlink_cCFv
802BB0D8:getCategory__11Z2SoundInfoCF10JAISoundID
802DFD58:getCellHeight__10JUTResFontCFv
80014DF4:getCellHeight__7JUTFontCFv
802DFD0C:getCellWidth__10JUTResFontCFv
80014DC8:getCellWidth__7JUTFontCFv
80051488:getCenterEffType__7dPaPo_cCFi
80051524:getCenterEmitter__7dPaPo_cFii
80209D7C:getCenterPosCalc__14dMeterButton_cFUcPci
8018280C:getChainGrabActor__9daAlink_cFv
800E794C:getChainStickAngleY__9daAlink_cCFs
8029E150:getChannelLevel_dsp__9JASDriverFv
802BC204:getChannel__9Z2AudibleFi
8022F784:getCharInfo__28jmessage_tRenderingProcessorFfffff
8023A97C:getCharSpace__17dMsgScrn3Select_cFv
802B3F40:getChildTrackVolume__8Z2SeqMgrFP14JAISoundHandlei
8029F854:getChildTrack__5JAISeFi
802A1730:getChildTrack__6JAISeqFi
802A3AC4:getChildTrack__9JAIStreamFi
8029F6E0:getChild__5JAISeFi
802A1578:getChild__6JAISeqFi
802A3950:getChild__9JAIStreamFi
800FE3C4:getClimbDirectionFromAngle__9daAlink_cFv
800FE034:getClimbMoveSideAnmSpeed__9daAlink_cFv
800FE010:getClimbMoveUpDownAnmSpeed__9daAlink_cFv
800D01A0:getClothesChangeWaitTimer__9daAlink_cCFv
801418C4:getClothesChangeWaitTimer__9daPy_py_cCFv
800740C4:getCode__6dBgPlcCFiPP5sBgPc
801451B4:getCollisionH__12daItemBase_cFv
801451D0:getCollisionR__12daItemBase_cFv
80148184:getColorAnmP__8daNpcT_cFPCci
8000E008:getColorChanNum__13J3DColorBlockCFv
80322F78:getColorChanNum__20J3DColorBlockLightOnCFv
803231D8:getColorChanNum__21J3DColorBlockLightOffCFv
8031746C:getColorChanOffset__13J3DColorBlockCFv
80323000:getColorChanOffset__20J3DColorBlockLightOnCFv
80323240:getColorChanOffset__21J3DColorBlockLightOffCFv
8000DFF8:getColorChan__13J3DColorBlockFUl
80322FA8:getColorChan__20J3DColorBlockLightOnFUl
80323208:getColorChan__21J3DColorBlockLightOffFUl
802EB390:getColor__11J2DAnmColorCFUsP8_GXColor
8032BF4C:getColor__11J3DAnmColorCFUsP8_GXColor
8030B200:getColor__14J2DAnmColorKeyCFUsP8_GXColor
8030363C:getColor__14J2DAnmVtxColorCFUcUsP8_GXColor
8032AB54:getColor__14J3DAnmColorKeyCFUsP8_GXColor
8032C040:getColor__14J3DAnmVtxColorCFUcUsP8_GXColor
8030AFC8:getColor__15J2DAnmColorFullCFUsP8_GXColor
8032A990:getColor__15J3DAnmColorFullCFUsP8_GXColor
801CF2A0:getColor__15dMenu_FmapMap_cFi
801C0C48:getColor__15renderingDmap_cFi
8030B704:getColor__17J2DAnmVtxColorKeyCFUcUsP8_GXColor
8032A53C:getColor__17J3DAnmVtxColorKeyCFUcUsP8_GXColor
8030B4C4:getColor__18J2DAnmVtxColorFullCFUcUsP8_GXColor
8032A368:getColor__18J3DAnmVtxColorFullCFUcUsP8_GXColor
80028DF4:getColor__6dMap_cFi
80290AC8:getCommandHeap__9JASKernelFv
80284210:getCompositeData_add___Q37JStudio3fvb17@unnamed@fvb_cpp@FPCv
80284234:getCompositeData_divide___Q37JStudio3fvb17@unnamed@fvb_cpp@FPCv
802841F8:getCompositeData_index___Q37JStudio3fvb17@unnamed@fvb_cpp@FPCv
80284228:getCompositeData_multiply___Q37JStudio3fvb17@unnamed@fvb_cpp@FPCv
80284204:getCompositeData_parameter___Q37JStudio3fvb17@unnamed@fvb_cpp@FPCv
802841EC:getCompositeData_raw___Q37JStudio3fvb17@unnamed@fvb_cpp@FPCv
8028421C:getCompositeData_subtract___Q37JStudio3fvb17@unnamed@fvb_cpp@FPCv
80284240:getCompositeOperation___Q37JStudio3fvb17@unnamed@fvb_cpp@FQ47JStudio3fvb4data11TEComposite
8003EF70:getConstRestartIconPointer__10dMapInfo_nFv
80303534:getContentsMaterial__11J2DWindowExCFv
802FC024:getContentsMaterial__9J2DWindowCFv
80302E74:getContentsTexture__11J2DWindowExCFUc
802FBFE8:getContentsTexture__9J2DWindowCFUc
800E1330:getCopyRodBallDisMax__9daAlink_cCFv
800E1320:getCopyRodBallReturnSpeed__9daAlink_cCFv
800E1310:getCopyRodBallSpeed__9daAlink_cCFv
800E1390:getCopyRodCameraActor__9daAlink_cFv
800E1374:getCopyRodControllActor__9daAlink_cFv
802CB370:getCorrectLineNum__13Z2WolfHowlMgrFv
802CB320:getCorrectLine__13Z2WolfHowlMgrFUc
80188950:getCptoNum__14dFile_select_cFUc
800F7C50:getCrawlMoveAnmSpeed__9daAlink_cFv
800F7C74:getCrawlMoveSpeed__9daAlink_cFv
800F81C0:getCrawlMoveVec__9daAlink_cFP4cXyzP4cXyzP4cXyziiPUc
80266C6C:getCrossProduct__4cXyzCFRC3Vec
8026F5D4:getCrossYLessD__8cM3dGPlaCFRC3VecPf
8026F57C:getCrossY__8cM3dGPlaCFRC4cXyzPf
801B7434:getCrystalNum__17dMenu_Collect3D_cFv
80317328:getCullMode__13J3DColorBlockCFv
80322FF0:getCullMode__20J3DColorBlockLightOnCFv
80323230:getCullMode__21J3DColorBlockLightOffCFv
801BD1D4:getCurFloorPos__12dMenu_Dmap_cFv
802907E0:getCurOffset__7JASHeapFv
8027EF30:getCurrentCreateNumber__14JPABaseEmitterCFv
8029A130:getCurrentDir__16JASWaveArcLoaderFv
8034D900:getCurrentFieldEvenOdd
801969A0:getCurrentPos__15dShopItemCtrl_cFi
801EDFDC:getCursorPos__12dMenu_Ring_cFUc
800D26EC:getCutDirection__9daAlink_cFv
800D1424:getCutTurnDirection__9daAlink_cCFv
80027D18:getDMap__15dStage_roomDt_cCFv
80028210:getDMap__16dStage_stageDt_cCFv
8029DA38:getDSPHandle__6JASDspFi
8029E158:getDSPLevel__9JASDriverFv
8029DA30:getDSPMixerLevel__6JASDspFv
8029C9E8:getDacRate__9JASDriverFv
8029C9F8:getDacSize__9JASDriverFv
800D74F4:getDamageVec__9daAlink_cFP12dCcD_GObjInf
8019FBCC:getDarkDaytime__18dScnKy_env_light_cFv
8015B0B8:getData__12daItemBase_cFv
802A728C:getData__13JAUSoundTableCF10JAISoundID
8003E2BC:getData__22dMenuFmapIconPointer_cFv
802850AC:getData__Q47JStudio3fvb4data17TParse_TParagraphCFPQ57JStudio3fvb4data17TParse_TParagraph5TData
802899BC:getData__Q47JStudio3stb4data16TParse_TSequenceCFPQ57JStudio3stb4data16TParse_TSequence5TData
80289A08:getData__Q47JStudio3stb4data17TParse_TParagraphCFPQ57JStudio3stb4data17TParse_TParagraph5TData
80289A80:getData__Q47JStudio3stb4data22TParse_TParagraph_dataCFPQ57JStudio3stb4data22TParse_TParagraph_data5TData
8019FA08:getDaytime__18dScnKy_env_light_cFv
80028FB4:getDecoLineColor__15renderingAmap_cFii
8003D68C:getDecoLineColor__18dRenderingFDAmap_cFii
80028CF4:getDecorationLineWidth__15renderingAmap_cFi
8003D6B8:getDecorationLineWidth__18dRenderingFDAmap_cFi
801BD1E8:getDefaultCurFloorPos__12dMenu_Dmap_cFv
80038338:getDemoIDData__13dDemo_actor_cFPiPiPiPUsPUc
801180EC:getDemoLookActor__9daAlink_cFv
802DE010:getDescent__10JUTResFontCFv
802D5AC0:getDirEntry__10JKRArchiveCFPQ210JKRArchive9SDirEntryUl
800B3494:getDirectionFromAngle__9daAlink_cFs
80131C00:getDirectionRopeMove__9daAlink_cCFv
8020D7E4:getDispPosInside_OffsetX__11dMeterMap_cFv
8020D7EC:getDispPosOutSide_OffsetX__11dMeterMap_cFv
800288C4:getDispType__15renderingAmap_cCFv
8002A1BC:getDispType__6dMap_cCFv
80154278:getDistTableIdx__8daNpcF_cFii
8014B010:getDistTable__12dAttention_cFi
802BC218:getDistVolBit__9Z2AudibleFv
80317384:getDither__10J3DPEBlockCFv
80321A58:getDither__14J3DPEBlockFullCFv
80321BBC:getDither__16J3DPEBlockFogOffCFv
802AEDC0:getDolbyPower__12Z2MultiSeMgrFv
8003A194:getDoorModel__13door_param2_cFP10fopAc_ac_c
80027D38:getDoor__15dStage_roomDt_cCFv
80028230:getDoor__16dStage_stageDt_cCFv
80141884:getDpdFarFlg__9daPy_py_cCFv
80027D28:getDrTg__15dStage_roomDt_cCFv
80028220:getDrTg__16dStage_stageDt_cCFv
8027EF40:getDrawCount__14JPABaseEmitterCFv
80145FB4:getDstPosH__13daNpcT_Path_cF4cXyzP4cXyzii
80150DE0:getDstPos__13daNpcF_Path_cF4cXyzR4cXyz
80145E38:getDstPos__13daNpcT_Path_cF4cXyzP4cXyzi
802D551C:getDvdPathName__12JKRFileCacheCFPCc
8009D87C:getE3Zhint__9daAlink_cFv
80027DD8:getElst__15dStage_roomDt_cFv
80026AE8:getElst__16dStage_stageDt_cFv
8004B918:getEmitter__Q213dPa_control_c7level_cFUl
802A7044:getEndSoundIndex__17JAUSoundAnimationCFf
800E37E0:getEnemyBombColorR__9daAlink_cCFv
802C0074:getEnemyID__13Z2SoundObjMgrFPCcP26JSULink<15Z2CreatureEnemy>
800276E0:getEnvrInfo__15dStage_roomDt_cCFv
80027E90:getEnvrInfo__16dStage_stageDt_cCFv
800278A0:getEnvrNumInfo__15dStage_roomDt_cCFv
80027EF0:getEnvrNumInfo__16dStage_stageDt_cCFv
801597C0:getEscapeTag__10daNpcCd2_cFv
800894C4:getEvActor__9dCamera_cFPc
800895F4:getEvActor__9dCamera_cFPcPc
80088D90:getEvFloatData__9dCamera_cFPfPc
80089154:getEvFloatData__9dCamera_cFPfPcf
80088E58:getEvFloatListData__9dCamera_cFPPfPc
80088CB0:getEvIntData__9dCamera_cFPiPc
8008908C:getEvIntData__9dCamera_cFPiPci
8008933C:getEvStringData__9dCamera_cFPcPcPc
80088FE0:getEvStringPntData__9dCamera_cFPc
8008941C:getEvStringPntData__9dCamera_cFPcPc
8008922C:getEvXyzData__9dCamera_cFP4cXyzPc4cXyz
80088F1C:getEvXyzListData__9dCamera_cFPP4cXyzPc
800474BC:getEventData__16dEvent_manager_cFs
80047454:getEventData__16dEvent_manager_cFsi
8024A528:getEventId__10dMsgFlow_cFPi
80047758:getEventIdx__16dEvent_manager_cFP10fopAc_ac_cPCcUc
80047698:getEventIdx__16dEvent_manager_cFP10fopAc_ac_cUc
80047514:getEventIdx__16dEvent_manager_cFPCcUcl
80043480:getEventName__11dEvt_info_cFv
80046480:getEventName__18dEvent_exception_cFv
8003A20C:getEventNo2__13door_param2_cFP10fopAc_ac_c
8003A200:getEventNo__13door_param2_cFP10fopAc_ac_c
800481F4:getEventPrio__16dEvent_manager_cFP10fopAc_ac_cs
80034A04:getEventReg__11dSv_event_cCFUs
801542A0:getEvtAreaTagP__8daNpcF_cFii
8014BEE4:getEvtAreaTagP__8daNpcT_cFii
8003A224:getExitNo__13door_param2_cFP10fopAc_ac_c
802D6978:getExpandSize__10JKRArchiveCFPQ210JKRArchive12SDIFileEntry
801CC284:getExpandedResSize__10JKRArchiveCFPCv
802D8698:getExpandedResSize__13JKRDvdArchiveCFPCv
802D7030:getExpandedResSize__13JKRMemArchiveCFPCv
802D7A64:getExpandedResSize__14JKRAramArchiveCFPCv
802D9360:getExpandedResSize__14JKRCompArchiveCFPCv
8014D0A8:getEyeballLMaterialNo__8daNpcT_cFv
8014D0B8:getEyeballMaterialNo__8daNpcT_cFv
8014D0B0:getEyeballRMaterialNo__8daNpcT_cFv
8003A230:getFLightInf__13door_param2_cFP10fopAc_ac_c
8003A1B8:getFRoomNo__13door_param2_cFP10fopAc_ac_c
80053E18:getFX__8cM_rnd_cFf
80053DE0:getF__8cM_rnd_cFf
8014CCB0:getFaceMotionAnm__8daNpcT_cF26daNpcT_faceMotionAnmData_c
801C6018:getFigure__15dMenu_Fishing_cFi
802D625C:getFileAttribute__10JKRArchiveCFUl
80027B14:getFileList2Info__15dStage_roomDt_cCFv
800280AC:getFileList2Info__16dStage_stageDt_cCFv
800193FC:getFileListInfo__15dStage_roomDt_cCFv
80028114:getFileListInfo__16dStage_stageDt_cCFv
802A7484:getFilePath__18JAUStreamFileTableCFi
802D9AF8:getFileSize__10JKRDvdFileCFv
802F7A8C:getFirstChildPane__7J2DPaneFv
800159DC:getFirstCommand__17mDoDvdThd_param_cFv
8003E1C0:getFirstData__22dMenuFmapIconPointer_cFv
80040A94:getFirstData__28renderingPlusDoorAndCursor_cFUc
8002ABAC:getFirstData__6dMap_cFUc
8009C360:getFirstData__7dTres_cFUc
800402E0:getFirstDrawLayerNo__16renderingDAmap_cFv
8003FFF4:getFirstDrawRoomNo__16renderingDAmap_cFv
802D61B0:getFirstFile__10JKRArchiveCFPCc
802D531C:getFirstFile__12JKRFileCacheCFPCc
801CE75C:getFirstRegion__15renderingFmap_cFv
8003E350:getFirstRoomData__22dMenuFmapIconPointer_cFv
801CE6A8:getFirstRoomPointer__15renderingFmap_cFv
80040134:getFirstRoomPointer__16renderingDAmap_cFv
801CE80C:getFirstRoom__15renderingFmap_cFv
801CE7A8:getFirstStage__15renderingFmap_cFv
802B9994:getFirst__19JSUList<9JAIStream>CFv
8021BB6C:getFishingType__13dMeter2Draw_cFv
80027B2C:getFloorInfo__15dStage_roomDt_cCFv
80028150:getFloorInfo__16dStage_stageDt_cCFv
8003F24C:getFloorParameter__10dMapInfo_nFfPScPfPfPfPf
8019AB00:getFlowNodeNum__13dShopSystem_cFv
803351A4:getFmtType__FP17_GXVtxAttrFmtList7_GXAttr
802C93E4:getFogDensity__10Z2EnvSeMgrFv
8031738C:getFogOffset__10J3DPEBlockCFv
80321A60:getFogOffset__14J3DPEBlockFullCFv
8000DF5C:getFog__10J3DPEBlockFv
803219A0:getFog__14J3DPEBlockFullFv
802288FC:getFontCCColorTable__FUcUc
802DFDD8:getFontCode__10JUTResFontCFi
802289A8:getFontGCColorTable__FUcUc
802EA164:getFontNo__11J2DTevBlockCFv
802F27DC:getFontNo__12J2DTevBlock1CFv
802F2538:getFontNo__12J2DTevBlock2CFv
802F2294:getFontNo__12J2DTevBlock4CFv
802F1FF4:getFontNo__12J2DTevBlock8CFv
802F1D54:getFontNo__13J2DTevBlock16CFv
8023A94C:getFontSize__17dMsgScrn3Select_cFv
802DDFE0:getFontType__10JUTResFontCFv
8021C7F4:getFont__10J2DTextBoxCFv
802F2ABC:getFont__11J2DTevBlockFv
802F2A18:getFont__12J2DTevBlock1Fv
802F2778:getFont__12J2DTevBlock2Fv
802F24D4:getFont__12J2DTevBlock4Fv
802F2234:getFont__12J2DTevBlock8Fv
80307DC0:getFont__12J2DTextBoxExCFv
802F1F94:getFont__13J2DTevBlock16Fv
8014CC90:getFootLJointNo__8daNpcT_cFv
8014CC88:getFootRJointNo__8daNpcT_cFv
80303510:getFrameMaterial__11J2DWindowExCFUc
802FC01C:getFrameMaterial__9J2DWindowCFUc
8029CA04:getFrameSamples__9JASDriverFv
80302E0C:getFrameTexture__11J2DWindowExCFUcUc
802FBE60:getFrameTexture__9J2DWindowCFUcUc
802AB2D8:getFreeHandle__14Z2SoundHandlesFv
802A2CF4:getFreeHandle__15JAISoundHandlesFv
802D3134:getFreeSize__11JKRAramHeapFv
802CE72C:getFreeSize__7JKRHeapFv
800D6DB4:getFreezeB__9daAlink_cCFv
800D6DA4:getFreezeG__9daAlink_cCFv
800D6D94:getFreezeR__9daAlink_cCFv
80285BCC:getFromTransformation_SRxyzT__Q27JStudio4mathFP3VecP3VecP3VecPA4_Cf
8003A1A0:getFrontOption__13door_param2_cFP10fopAc_ac_c
800B4B2C:getFrontRollRate__9daAlink_cFv
802D56C8:getFsResource__12JKRFileCacheFPCc
802E199C:getGamePad__10JUTGamePadFi
801D9D4C:getGetInsectNum__14dMenu_Insect_cFv
800D09DC:getGiantPuzzleAimAngle__9daAlink_cCFv
80141874:getGiantPuzzleAimAngle__9daPy_py_cCFv
802D5B38:getGlbResource__10JKRArchiveFUlPCcP10JKRArchive
802D4224:getGlbResource__13JKRFileLoaderFPCc
802D4270:getGlbResource__13JKRFileLoaderFPCcP13JKRFileLoader
802F79A8:getGlbVtx__7J2DPaneCFUc
802542E8:getGlobalPosX__8CPaneMgrFv
80254364:getGlobalPosY__8CPaneMgrFv
80254EBC:getGlobalVtxCenter__8CPaneMgrFP7J2DPanebs
80254C90:getGlobalVtx__8CPaneMgrFP7J2DPanePA3_A4_fUcbs
802DDBBC:getGlyphFromAram__12JUTCacheFontFPQ212JUTCacheFont15TGlyphCacheInfoPQ212JUTCacheFont10TCachePagePiPi
800483E0:getGoal__16dEvent_manager_cFv
800E8314:getGoatCatchDistance2__9daAlink_cFv
800D0370:getGrabActorID__9daAlink_cCFv
8001E138:getGrabActorID__9daPy_py_cCFv
800E3BCC:getGrabThrowRate__9daAlink_cFv
802E9C88:getGrafType__13J2DOrthoGraphCFv
802E9664:getGrafType__14J2DGrafContextCFv
800B0098:getGroundAngle__9daAlink_cFP13cBgS_PolyInfos
800D0350:getGroundY__9daAlink_cFv
80298FB0:getGroupCount__11JASWSParserFPCv
800740DC:getGrpCode__6dBgPlcCFi
80244304:getGuideDataSize__14dMsgScrnHowl_cFv
8024438C:getGuideDataType__14dMsgScrnHowl_cFi
8020D480:getHakushaNum__15dMeterHakusha_cFv
802AB254:getHandleSoundID__14Z2SoundHandlesF10JAISoundID
802A2C98:getHandleSoundID__15JAISoundHandlesF10JAISoundID
802AB2A0:getHandleUserData__14Z2SoundHandlesFUl
8029D948:getHandle__13JASDSPChannelFUl
800F9FFC:getHangDirectionFromAngle__9daAlink_cFv
800F9FDC:getHangMoveAnmSpeed__9daAlink_cFv
80101874:getHangPos__13daObjSwHang_cFv
8014CC4C:getHeadJointNo__8daNpcT_cFv
800D0334:getHeadMtx__9daAlink_cFv
801416FC:getHeadMtx__9daPy_py_cFv
802D091C:getHeapBlock__Q210JKRExpHeap9CMemBlockFPv
802D0A10:getHeapType__10JKRExpHeapFv
802D1288:getHeapType__12JKRSolidHeapFv
802D1408:getHeapType__13JKRAssertHeapFv
802DE01C:getHeight__10JUTResFontCFv
80280568:getHeight__15JPABaseParticleCFPC14JPABaseEmitter
800874F0:getHitId__FP8cCcD_Obji
800845B0:getHitSeID__12dCcD_GObjInfFUci
80036C44:getHitmarkPosAndAngle__9dJntCol_cCFPC4cXyzPC5csXyzP4cXyzP5csXyzi
8016C314:getHoldA__8mDoCPd_cFUl
801085BC:getHookshotTopPos__9daAlink_cFv
8014188C:getHookshotTopPos__9daPy_py_cFv
800ED0D4:getHorseReinHandPos__9daAlink_cFP4cXyzP4cXyz
801CD8B4:getHowlRegionID__12dMenu_Fmap_cFv
80182870:getHsSubChainTopPos__9daAlink_cCFv
8003C400:getIDRes__14dRes_control_cFPCcUsP11dRes_info_ci
802B9988:getID__8JAISoundCFv
80029058:getIconGroupNumber__15renderingAmap_cCFUc
80040AE4:getIconGroupNumber__16renderingDAmap_cCFUc
801BC848:getIconPos__12dMenu_Dmap_cFScf
80040ADC:getIconPosition__28renderingPlusDoorAndCursor_cCFPQ27dTres_c15typeGroupData_c
80029038:getIconPosition__6dMap_cCFPQ27dTres_c15typeGroupData_c
801C4738:getIconSizeX__16dMenuMapCommon_cFUc
801C4778:getIconSizeY__16dMenuMapCommon_cFUc
800284BC:getIconSize__15renderingAmap_cCFUc
802D5CE4:getIdxResource__10JKRArchiveFUl
802381D4:getIdx__12dMsgObject_cFv
8014DB04:getIdx__16daBaseNpc_path_cFv
802EA184:getIndTevStage__11J2DTevBlockFUl
8000DF84:getIndTevStage__11J3DTevBlockFUl
802F2994:getIndTevStage__12J2DTevBlock1FUl
802F26F4:getIndTevStage__12J2DTevBlock2FUl
802F2450:getIndTevStage__12J2DTevBlock4FUl
802F21B0:getIndTevStage__12J2DTevBlock8FUl
803228D8:getIndTevStage__12J3DTevBlock1FUl
803226E8:getIndTevStage__12J3DTevBlock2FUl
80322324:getIndTevStage__12J3DTevBlock4FUl
802F1F10:getIndTevStage__13J2DTevBlock16FUl
80321F58:getIndTevStage__13J3DTevBlock16FUl
80322AE4:getIndTevStage__18J3DTevBlockPatchedFUl
802EA18C:getIndTexCoordScale__11J2DIndBlockFUl
8000DF64:getIndTexCoordScale__11J3DIndBlockFUl
802F1C68:getIndTexCoordScale__15J2DIndBlockFullFUl
8032348C:getIndTexCoordScale__15J3DIndBlockFullFUl
802EA194:getIndTexMtx__11J2DIndBlockFUl
8000DF6C:getIndTexMtx__11J3DIndBlockFUl
802F1C38:getIndTexMtx__15J2DIndBlockFullFUl
80323450:getIndTexMtx__15J3DIndBlockFullFUl
802EA19C:getIndTexOrder__11J2DIndBlockFUl
8000DF74:getIndTexOrder__11J3DIndBlockFUl
802F1BCC:getIndTexOrder__15J2DIndBlockFullFUl
803233D4:getIndTexOrder__15J3DIndBlockFullFUl
802EA1A4:getIndTexStageNum__11J2DIndBlockCFv
8000DF7C:getIndTexStageNum__11J3DIndBlockCFv
802F1BA8:getIndTexStageNum__15J2DIndBlockFullCFv
803233A4:getIndTexStageNum__15J3DIndBlockFullCFv
802DEA58:getIndex__10JUTNameTabCFPCc
801C25C0:getInitDispCenter__19dMenu_DmapMapCtrl_cFPfPf
8024A784:getInitNodeIndex__10dMsgFlow_cFUs
801C2598:getInitWholeMapScale__19dMenu_DmapMapCtrl_cFPfffff
801D9DCC:getInsectItemID__14dMenu_Insect_cFii
8023741C:getInsectName__12dMsgObject_cFv
80297E00:getInstParam__12JASBasicBankCFiiiP12JASInstParam
80297F74:getInstParam__12JASVoiceBankCFiiiP12JASInstParam
80297E80:getInst__12JASBasicBankCFi
800D029C:getInvMtx__9daAlink_cFv
80141514:getInvMtx__9daPy_py_cFv
80112458:getIronBallBgHit__9daAlink_cCFv
80141814:getIronBallBgHit__9daPy_py_cCFv
8011243C:getIronBallCenterPos__9daAlink_cFv
8014181C:getIronBallCenterPos__9daPy_py_cFv
80047D4C:getIsAddvance__16dEvent_manager_cFi
8002B384:getItemBombNumCount__14dComIfG_play_cFUc
80238638:getItemEquipButton__12dMsgObject_cFv
80094240:getItemEvCamera__9dCamera_cFv
800D0368:getItemID__9daAlink_cCFv
801416B0:getItemID__9daPy_py_cCFv
801EE15C:getItemMaxNum__12dMenu_Ring_cFUc
80037A5C:getItemNo__12daItemBase_cFv
801EE058:getItemNum__12dMenu_Ring_cFUc
8015DFD8:getItemPos__9daPy_py_cCFv
8021BC54:getItemSubject__13dMeter2Draw_cFv
801B46FC:getItemTag__17dMenu_Collect2D_cFiib
8021CC80:getItemType__13dMeter2Info_cFUc
801EEA84:getItem__12dMenu_Ring_cFiUc
80033030:getItem__17dSv_player_item_cCFib
8028AECC:getJSG_SRT___Q214JStudio_JStage14TAdaptor_actorFPCQ27JStudio8TControl
8028BEB8:getJSG_position___Q214JStudio_JStage15TAdaptor_cameraFPCQ27JStudio8TControl
8028C09C:getJSG_targetPosition___Q214JStudio_JStage15TAdaptor_cameraFPCQ27JStudio8TControl
80110C28:getKandelaarFlamePos__9daAlink_cFv
8006F160:getKandelaarFlamePos__9daPy_py_cFv
8029822C:getKeyRegion__12JASBasicInstFi
8032BF44:getKind__11J3DAnmColorCFv
8032C114:getKind__13J3DAnmClusterCFv
8003A188:getKind__13door_param2_cFP10fopAc_ac_c
8032BEB0:getKind__14J3DAnmColorKeyCFv
8032C038:getKind__14J3DAnmVtxColorCFv
8032BF3C:getKind__15J3DAnmColorFullCFv
8032BE24:getKind__15J3DAnmTevRegKeyCFv
8003C77C:getKind__15J3DAnmTransformCFv
8032C0B0:getKind__16J3DAnmClusterKeyCFv
8032BD94:getKind__16J3DAnmTexPatternCFv
8032C190:getKind__17J3DAnmClusterFullCFv
8032BFBC:getKind__17J3DAnmVtxColorKeyCFv
8003C800:getKind__18J3DAnmTransformKeyCFv
8032C030:getKind__18J3DAnmVtxColorFullCFv
8032C220:getKind__19J3DAnmTextureSRTKeyCFv
8032C318:getKind__19J3DAnmTransformFullCFv
803397F8:getKind__20J3DAnmVisibilityFullCFv
8032C2A4:getKind__27J3DAnmTransformFullWithLerpCFv
800FD288:getLadderMoveAnmSpeed__9daAlink_cFv
800FCF58:getLadderUnitCount__9daAlink_cCFv
80182D04:getLashDashStart__9daHorse_cCFv
8002C97C:getLayerNo__14dComIfG_play_cFi
8002C950:getLayerNo_common__14dComIfG_play_cFPCcii
8002B434:getLayerNo_common_common__14dComIfG_play_cFPCcii
80027CFC:getLbnk__15dStage_roomDt_cCFv
800281C4:getLbnk__16dStage_stageDt_cCFv
802DDFEC:getLeading__10JUTResFontCFv
8005147C:getLeftEffType__8dPaPoT_cCFi
800514DC:getLeftEmitter__8dPaPoT_cFii
80182AB4:getLeftFootPosP__9daPy_py_cFv
800CF2DC:getLeftHandMatrix__9daAlink_cFv
80141534:getLeftHandMatrix__9daPy_py_cFv
8015DFF4:getLeftHandPos__9daPy_py_cCFv
800CF298:getLeftItemMatrix__9daAlink_cFv
80141524:getLeftItemMatrix__9daPy_py_cFv
802DC82C:getLength__18JSUFileInputStreamCFv
802DC628:getLength__20JSUMemoryInputStreamCFv
80237478:getLetterName__12dMsgObject_cFv
801E1678:getLetterNum__14dMenu_Letter_cFv
80034340:getLightDropNum__16dSv_light_drop_cCFUc
80027974:getLightVecInfoNum__15dStage_roomDt_cCFv
80027FB4:getLightVecInfoNum__16dStage_stageDt_cCFv
80027964:getLightVecInfo__15dStage_roomDt_cCFv
80027F4C:getLightVecInfo__16dStage_stageDt_cCFv
80317454:getLight__13J3DColorBlockFUl
80322FCC:getLight__20J3DColorBlockLightOnFUl
8025DA54:getLimitTimeMs__8dTimer_cFv
8002AD84:getLineColor__11dDrawPath_cFii
801CF208:getLineColor__15dMenu_FmapMap_cFii
80028EE4:getLineColor__15renderingAmap_cFii
8022FB24:getLineCountNowPage__26jmessage_string_tReferenceFv
80230C20:getLineCountNowPage__35jmessage_string_tRenderingProcessorFv
802E75DC:getLineFromObjectSize__10JUTConsoleFUlUi
8022FA38:getLineLength__26jmessage_string_tReferenceFi
8022EECC:getLineLength__28jmessage_tRenderingProcessorFi
80228DE0:getLineMax__19jmessage_tReferenceFv
802E81A8:getLineOffset__10JUTConsoleCFv
80033354:getLineUpItem__17dSv_player_item_cCFi
80028C90:getLineWidthSub__15renderingAmap_cFi
801C0B48:getLineWidthZoomBig__15renderingDmap_cFi
801C0BAC:getLineWidthZoomSmall__15renderingDmap_cFi
801CF12C:getLineWidth__15dMenu_FmapMap_cFi
80028DD4:getLineWidth__15renderingAmap_cFi
801C0C10:getLineWidth__15renderingDmap_cFi
800D02A4:getLinkBackBone1Matrix__9daAlink_cFv
80141544:getLinkBackBone1Matrix__9daPy_py_cFv
802AB3D0:getLowPrioSound__14Z2SoundHandlesF10JAISoundID
8029D5D0:getLowestActiveChannel__13JASDSPChannelFv
8029D540:getLowestChannel__13JASDSPChannelFi
8003A254:getMBLightInf__13door_param2_cFP10fopAc_ac_c
8003A248:getMFLightInf__13door_param2_cFP10fopAc_ac_c
800E2738:getMagneBootsLocalAngleY__9daAlink_cFsi
800D087C:getMagneBootsTopVec__9daAlink_cFv
801417C0:getMagneBootsTopVec__9daPy_py_cFv
801417B8:getMagneHitPos__9daPy_py_cFv
800AC450:getMainBckData__9daAlink_cCFQ29daAlink_c11daAlink_ANM
801D2678:getMapAreaGlobalCenterPosX__18dMenu_Fmap2DBack_cFv
801D26C8:getMapAreaGlobalCenterPosY__18dMenu_Fmap2DBack_cFv
801D2658:getMapAreaGlobalPosX__18dMenu_Fmap2DBack_cFv
801D2668:getMapAreaGlobalPosY__18dMenu_Fmap2DBack_cFv
801D2718:getMapAreaSizeX__18dMenu_Fmap2DBack_cFv
801D2728:getMapAreaSizeY__18dMenu_Fmap2DBack_cFv
801C0EE0:getMapBlendPer__20dMenu_StageMapCtrl_cCFv
8020D690:getMapDispEdgeBottomY_Layout__11dMeterMap_cFv
8020D72C:getMapDispEdgeLeftX_Layout__11dMeterMap_cFv
8020D75C:getMapDispEdgeTop__11dMeterMap_cFv
8020D528:getMapDispSizeTypeNo__11dMeterMap_cFv
80027B04:getMapEventInfo__15dStage_roomDt_cCFv
80028070:getMapEventInfo__16dStage_stageDt_cCFv
80025370:getMapInfo2__15dStage_roomDt_cCFi
80025404:getMapInfo2__16dStage_stageDt_cCFi
800253FC:getMapInfoBase__15dStage_roomDt_cCFv
80025490:getMapInfoBase__16dStage_stageDt_cCFv
800275CC:getMapInfo__15dStage_roomDt_cCFv
80027E58:getMapInfo__16dStage_stageDt_cCFv
800874C4:getMapInfo__FSc
80029A8C:getMapMinMaxXZ__6dMap_cFiPfPfPfPf
80027D70:getMapPath__15dStage_roomDt_cFv
8002823C:getMapPath__16dStage_stageDt_cFv
8003EF20:getMapPlayerAngleY__10dMapInfo_nFv
8003EE5C:getMapPlayerPos__10dMapInfo_nFv
8003F0F8:getMapRestartAngleY__10dMapInfo_nFv
8003F02C:getMapRestartPos__10dMapInfo_nFv
801D2880:getMapScissorAreaCenterPosX__18dMenu_Fmap2DBack_cFv
801D28D0:getMapScissorAreaCenterPosY__18dMenu_Fmap2DBack_cFv
801D2738:getMapScissorAreaLX__18dMenu_Fmap2DBack_cFv
801D2790:getMapScissorAreaLY__18dMenu_Fmap2DBack_cFv
801D2860:getMapScissorAreaSizeRealX__18dMenu_Fmap2DBack_cFv
801D2998:getMapScissorAreaSizeRealY__18dMenu_Fmap2DBack_cFv
801D27E8:getMapScissorAreaSizeX__18dMenu_Fmap2DBack_cFv
801D2920:getMapScissorAreaSizeY__18dMenu_Fmap2DBack_cFv
801B7504:getMaskMdlVisible__17dMenu_Collect3D_cFv
80317464:getMatColorOffset__13J3DColorBlockCFv
80322FF8:getMatColorOffset__20J3DColorBlockLightOnCFv
80323238:getMatColorOffset__21J3DColorBlockLightOffCFv
8000E000:getMatColor__13J3DColorBlockFUl
80322EE4:getMatColor__20J3DColorBlockLightOnFUl
803231B0:getMatColor__21J3DColorBlockLightOffFUl
80014E84:getMaterialID__19mDoExt_3DlineMat0_cFv
80014E7C:getMaterialID__19mDoExt_3DlineMat1_cFv
8025603C:getMaterial__10J2DPictureCFv
8025602C:getMaterial__10J2DTextBoxCFv
8030353C:getMaterial__11J2DWindowExCFRQ29J2DWindow9TMaterial
80256034:getMaterial__12J2DPictureExCFv
80256024:getMaterial__12J2DTextBoxExCFv
802FC000:getMaterial__9J2DWindowCFRQ29J2DWindow9TMaterial
802CE7DC:getMaxAllocatableSize__7JKRHeapFi
802BDED4:getMaxChannels__10Z2AudienceFv
802CE758:getMaxFreeBlock__7JKRHeapFv
802F27AC:getMaxStage__12J2DTevBlock1Fv
802F2508:getMaxStage__12J2DTevBlock2Fv
802F2264:getMaxStage__12J2DTevBlock4Fv
802F1FC4:getMaxStage__12J2DTevBlock8Fv
802F1D24:getMaxStage__13J2DTevBlock16Fv
800243B0:getMemoryBlock__20dStage_roomControl_cFi
80027B64:getMemoryConfig__15dStage_roomDt_cCFv
80028160:getMemoryConfig__16dStage_stageDt_cCFv
80027BC8:getMemoryMap__15dStage_roomDt_cCFv
80028170:getMemoryMap__16dStage_stageDt_cCFv
802DD35C:getMemorySize__12JUTCacheFontFPC7ResFONTPUsPUlPUsPUlPUsPUlPUl
8003DB48:getMenuFmapStageData__24dMenu_Fmap_region_data_cFi
80251048:getMenuPosIdx__7dName_cFUc
8023413C:getMessageGroup__12dMsgObject_cFUl
80234128:getMessageIDAlways__12dMsgObject_cFUl
802383D0:getMessageID__12dMsgObject_cFv
802340D4:getMessageIndexAlways__12dMsgObject_cFUl
80233F84:getMessageIndex__12dMsgObject_cFUl
80249A70:getMessageLocal__16dMsgStringBase_cFUlPc
802A8C44:getMessageText_messageCode__Q28JMessage10TProcessorCFUl
80249BF8:getMessage__16dMsgStringBase_cFUlPc
800B4928:getMetamorphoseFarAngle__9daAlink_cCFv
800B4918:getMetamorphoseFarDis__9daAlink_cCFv
800B4908:getMetamorphoseNearDis__9daAlink_cCFv
80182ABC:getMidnaActor__9daPy_py_cFv
800D0A28:getMidnaAtnPos__9daAlink_cCFv
80141500:getMidnaAtnPos__9daPy_py_cCFv
801B749C:getMirrorNum__17dMenu_Collect3D_cFv
80032A8C:getMixItemIndex__21dSv_player_status_a_cCFi
800491F4:getModelData__12diff_model_cFv
800C1DAC:getModelJointMtx__9daAlink_cFUs
801416F4:getModelJointMtx__9daPy_py_cFUs
800D0290:getModelMtx__9daAlink_cFv
8014150C:getModelMtx__9daPy_py_cFv
8004AD58:getModel__18dPa_modelEcallBackFP14JPABaseEmitter
80263218:getModuleName__20DynamicModuleControlCFv
800188DC:getModuleName__24DynamicModuleControlBaseCFv
80263000:getModuleSize__20DynamicModuleControlCFv
80263210:getModuleSize__24DynamicModuleControlBaseCFv
80263070:getModuleTypeString__20DynamicModuleControlCFv
80263200:getModuleTypeString__24DynamicModuleControlBaseCFv
8024F59C:getMoji__7dName_cFv
8014CCF0:getMotionAnm__8daNpcT_cF22daNpcT_motionAnmData_c
800A21E0:getMoveBGActorName__9daAlink_cFR13cBgS_PolyInfoi
800ADD88:getMoveGroundAngleSpeedRate__9daAlink_cFv
8016E4A4:getMsgCmdCut__9dCamera_cFl
8016E448:getMsgCmdSpeaker__9dCamera_cFv
8024A6EC:getMsgDataBlock__10dMsgFlow_cFPCc
80238174:getMsgDtPtr__12dMsgObject_cFv
8024A538:getMsgNo__10dMsgFlow_cFv
8003A218:getMsgNo__13door_param2_cFP10fopAc_ac_c
80238500:getMsgOutputType__12dMsgObject_cFv
8024A548:getMsg__10dMsgFlow_cFv
80027C2C:getMulti__15dStage_roomDt_cCFv
80028180:getMulti__16dStage_stageDt_cCFv
80047E10:getMyActIdx__16dEvent_manager_cFiPCPCciii
80047FC8:getMyDataP__16dEvent_manager_cFiPCci
80047F5C:getMyNowCutName__16dEvent_manager_cFi
80047B1C:getMyStaffId__16dEvent_manager_cFPCcP10fopAc_ac_ci
80048144:getMySubstanceNum__16dEvent_manager_cFiPCc
800480EC:getMySubstanceP__16dEvent_manager_cFiPCci
80317334:getNBTScale__14J3DTexGenBlockFv
80322DFC:getNBTScale__15J3DTexGenBlock4Fv
80322CC0:getNBTScale__19J3DTexGenBlockBasicFv
802D56F4:getNameResource__12JKRFileCacheFUlPCc
802F9640:getNameResource__9J2DScreenFPCc
802DEAF8:getName__10JUTNameTabCFUs
8030CF44:getName__15J2DResReferenceCFUs
8014BE2C:getNearestActorP__8daNpcT_cFs
800A142C:getNeckAimAngle__9daAlink_cFP4cXyzPsPsPsPs
800A093C:getNeckAimPos__9daAlink_cFP4cXyzPii
8014CC54:getNeckJointNo__8daNpcT_cFv
802FEC64:getNewColor__10J2DPictureFPQ28JUtility6TColor
802F7AC4:getNextChildPane__7J2DPaneFv
8003E3D8:getNextData__22dMenuFmapIconPointer_cFv
80040AB8:getNextData__28renderingPlusDoorAndCursor_cFPQ27dTres_c15typeGroupData_c
8002ABCC:getNextData__6dMap_cFPQ27dTres_c15typeGroupData_c
8009C3B4:getNextData__7dTres_cFPCQ27dTres_c15typeGroupData_c
8009C39C:getNextData__7dTres_cFPQ27dTres_c15typeGroupData_c
800402E8:getNextDrawLayerNo__16renderingDAmap_cFi
80040094:getNextDrawRoomNo__16renderingDAmap_cFi
80150C18:getNextIdx__13daNpcF_Path_cFv
801BEF28:getNextItem__12dMenu_Dmap_cFi
80150D44:getNextPos__13daNpcF_Path_cFR4cXyz
801CE93C:getNextRegion__15renderingFmap_cFv
8003E37C:getNextRoomData__22dMenuFmapIconPointer_cFv
801CE9A4:getNextRoomPointer__15renderingFmap_cFv
800401E8:getNextRoomPointer__16renderingDAmap_cFv
801CE84C:getNextRoom__15renderingFmap_cFv
8003E3A4:getNextStageData__22dMenuFmapIconPointer_cFv
801CE8B8:getNextStage__15renderingFmap_cFv
801BF334:getNextStatus__12dMenu_Dmap_cFv
801C77F0:getNextStatus__12dMenu_Fmap_cFPUc
80279364:getNext__FP26JPANode<15JPABaseParticle>
802381E8:getNodeIdx__12dMsgObject_cFv
801CD350:getNowFmapRegionData__12dMenu_Fmap_cFv
801CD368:getNowFmapStageData__12dMenu_Fmap_cFv
802CACCC:getNowInputValue__13Z2WolfHowlMgrFv
80215DA8:getNowLightDropRateCalc__13dMeter2Draw_cFv
8024A540:getNowMsgNo__10dMsgFlow_cFv
802CACB0:getNowPitch__13Z2WolfHowlMgrFv
80243F94:getNowPlotPitch__14dMsgScrnHowl_cFf
80237A9C:getNowTalkFlowNo__12dMsgObject_cFv
8002B3B0:getNowVibration__14dComIfG_play_cFv
801598E8:getNpcMdlDataP__10daNpcCd2_cFi
80157524:getNpcMdlDataP__9daNpcCd_cFi
802DC20C:getNthLink__10JSUPtrListCFUl
802A08D0:getNumActiveSe__8JAISeMgrCFv
802E16F8:getNumBit__FPUci
8029F6D8:getNumChild__5JAISeCFv
802A1570:getNumChild__6JAISeqCFv
802A3948:getNumChild__9JAIStreamCFv
802A7478:getNumFiles__18JAUStreamFileTableCFv
802F5AC4:getNumberF32__8J2DPrintFPPCUcffi
802F59C0:getNumberS32__8J2DPrintFPPCUclli
8021A29C:getNumberTexture__13dMeter2Draw_cFi
8025EECC:getNumber__21dDlst_TimerScrnDraw_cFi
8015994C:getObjMdlDataP__10daNpcCd2_cFi
80157588:getObjMdlDataP__9daNpcCd_cFi
8003C6B8:getObjectResName2Index__14dRes_control_cFPCcPCc
802E75CC:getObjectSizeFromBufferSize__10JUTConsoleFUiUi
80281190:getObject__Q37JStudio3ctb8TControlFPCvUl
80284834:getObject__Q37JStudio3fvb8TControlFPCvUl
80289364:getObject__Q37JStudio3stb8TControlFPCvUl
80281230:getObject_index__Q37JStudio3ctb8TControlFUl
802848D4:getObject_index__Q37JStudio3fvb8TControlFUl
80037CF4:getOff__10e_wb_classFv
80027CC0:getOldMulti__15dStage_roomDt_cCFv
80028188:getOldMulti__16dStage_stageDt_cCFv
802CB650:getOnLineNum__13Z2WolfHowlMgrFv
80243EEC:getOnLineNum__14dMsgScrnHowl_cFi
802A6094:getOpenSection__14JAUSectionHeapFv
80299F8C:getOscTableEndPtr__Q212JASBNKParser4Ver0FPCQ213JASOscillator5Point
80228A54:getOutFontNumberType__Fi
80028C4C:getOutSideBlackLineNumber__15renderingAmap_cFv
802BBED0:getOuterParams__9Z2AudibleFi
8022FA98:getOutfontLength__26jmessage_string_tReferenceFi
8029E180:getOutputMode__9JASDriverFv
800738B4:getPId__10dAttHint_cFPv
800432C8:getPId__14dEvt_control_cFPv
801F9E24:getPachinkoFlag__9dMw_HIO_cFv
80029C10:getPack__6dMap_cFiPfPf
80249A48:getPageMax__16dMsgStringBase_cFi
80027610:getPaletteInfo__15dStage_roomDt_cCFv
80027E70:getPaletteInfo__16dStage_stageDt_cCFv
800277D0:getPaletteNumInfo__15dStage_roomDt_cCFv
80027ED0:getPaletteNumInfo__16dStage_stageDt_cCFv
802EB884:getPalette__11J2DTevBlockFUl
802F29F8:getPalette__12J2DTevBlock1FUl
802F2758:getPalette__12J2DTevBlock2FUl
802F24B4:getPalette__12J2DTevBlock4FUl
802F2214:getPalette__12J2DTevBlock8FUl
802F1F74:getPalette__13J2DTevBlock16FUl
8030BFF0:getPalette__16J2DAnmTexPatternCFUs
802AECE0:getPanPower__12Z2MultiSeMgrFv
802A96F4:getParamByExp__6Z2CalcFffffffQ26Z2Calc9CurveSign
80164878:getParamTargetActor__9dCamera_cFl
802983CC:getParam__10JASDrumSetCFiiP12JASInstParam
8024B130:getParam__10dMsgFlow_cFPUc
8024B108:getParam__10dMsgFlow_cFPUcPUc
8024B0F0:getParam__10dMsgFlow_cFPUsPUsPUc
802980F8:getParam__12JASBasicInstCFiiP12JASInstParam
802F7AFC:getParentPane__7J2DPaneFv
80027AD4:getPath2Inf__15dStage_roomDt_cCFv
80028040:getPath2Inf__16dStage_stageDt_cCFv
80027A88:getPathInf__15dStage_roomDt_cCFv
80028020:getPathInf__16dStage_stageDt_cCFv
801D2AC8:getPathScale__18dMenu_Fmap2DBack_cFf
801C0F54:getPixelCenterX__20dMenu_StageMapCtrl_cCFv
801C0F74:getPixelCenterZ__20dMenu_StageMapCtrl_cCFv
801C0F24:getPixelStageSizeX__20dMenu_StageMapCtrl_cCFv
801C0F3C:getPixelStageSizeZ__20dMenu_StageMapCtrl_cCFv
80028B04:getPlayerCursorSize__15renderingAmap_cFv
801C0B40:getPlayerCursorSize__15renderingDmap_cFv
801C1194:getPlayerDrawInfo__20dMenu_StageMapCtrl_cCFPfPfPs
801BC788:getPlayerIconPos__12dMenu_Dmap_cFScf
80031CF0:getPlayerNo__11daTagMist_cFv
80027554:getPlayerNum__15dStage_roomDt_cCFv
80027E40:getPlayerNum__16dStage_stageDt_cCFv
801CD95C:getPlayerPos2D__12dMenu_Fmap_cFv
801C22F8:getPlayerStayFloorNo__20dMenu_StageMapCtrl_cCFv
8021BCAC:getPlayerSubject__13dMeter2Draw_cFv
80025004:getPlayer__15dStage_roomDt_cCFv
8002500C:getPlayer__16dStage_stageDt_cCFv
80027768:getPlightInfo__15dStage_roomDt_cCFv
80027EC0:getPlightInfo__16dStage_stageDt_cCFv
80027928:getPlightNumInfo__15dStage_roomDt_cCFv
80027FF0:getPlightNumInfo__16dStage_stageDt_cCFv
80244108:getPlotPitch__14dMsgScrnHowl_cFf
80027AC4:getPnt2Inf__15dStage_roomDt_cCFv
80028030:getPnt2Inf__16dStage_stageDt_cCFv
80027A20:getPntInf__15dStage_roomDt_cCFv
80028010:getPntInf__16dStage_stageDt_cCFv
8014DB14:getPntPos__16daBaseNpc_path_cFUs
80228ACC:getPohNum__Fv
801CE3C0:getPointStagePathInnerNo__15renderingFmap_cFP24dMenu_Fmap_region_data_cffiPiPi
8003DB70:getPointStagePathInnerNo__24dMenu_Fmap_region_data_cFffiPiPi
802F7DB8:getPointer__7J2DPaneFP20JSURandomInputStreamUlP10JKRArchive
8007EB70:getPolyCode__8dBgWKColCFiP5dBgPc
8004CF90:getPolyColor__13dPa_control_cFR13cBgS_PolyInfoiP8_GXColorP8_GXColorPUcPf
802AAF74:getPortData__14Z2SoundStarterFP14JAISoundHandleUlSc
80237334:getPortalName__12dMsgObject_cFv
80037C1C:getPosP__12daShopItem_cFv
80031D24:getPos__12daObjCarry_cFi
802DC85C:getPosition__18JSUFileInputStreamCFv
8003E578:getPosition__19dMenuFmapIconDisp_cFPiPiPfPfPPCQ27dTres_c6data_s
802DC630:getPosition__20JSUMemoryInputStreamCFv
8027936C:getPrev__FP26JPANode<15JPABaseParticle>
802BB0E0:getPriority__11Z2SoundInfoCF10JAISoundID
8003819C:getPrm_Morf__13dDemo_actor_cFv
8015E4B0:getProcessID__14daObj_SSBase_cFv
801CB1DC:getProcess__12dMenu_Fmap_cFv
802584FC:getProgressiveMode__10dScnLogo_cFv
80027678:getPselectInfo__15dStage_roomDt_cCFv
80027E80:getPselectInfo__16dStage_stageDt_cCFv
80027838:getPselectNumInfo__15dStage_roomDt_cCFv
80027EE0:getPselectNumInfo__16dStage_stageDt_cCFv
800E8354:getPushPullAnimeSpeed__9daAlink_cFv
8004BB70:getRM_ID__13dPa_control_cFUs
802A98D4:getRandom_0_1__6Z2CalcFv
802A9814:getRandom__6Z2CalcFfff
801CB200:getRegionCursor__12dMenu_Fmap_cFv
801D2B64:getRegionMapZoomRate__18dMenu_Fmap2DBack_cFi
801CD2FC:getRegionStageNum__12dMenu_Fmap_cFi
800ECE10:getReinHandType__9daAlink_cCFv
800EC87C:getReinRideDirection__9daAlink_cFv
802DDFD8:getResFont__10JUTResFontCFv
8003C288:getResInfoLoaded__14dRes_control_cFPCcP11dRes_info_ci
8003C1E4:getResInfo__14dRes_control_cFPCcP11dRes_info_ci
80290C04:getResMaxSize__15JASResArcLoaderFPC10JKRArchive
8019ACF0:getResName2__13dShopSystem_cFi
8014EE3C:getResName__11daBaseNpc_cFv
8030CF10:getResReference__15J2DResReferenceCFUs
802F9280:getResReference__9J2DScreenFP20JSURandomInputStreamUl
802D60D8:getResSize__10JKRArchiveCFPCv
802D526C:getResSize__12JKRFileCacheCFPCv
80290BD0:getResSize__15JASResArcLoaderFPC10JKRArchiveUs
8030BF9C:getResTIMG__16J2DAnmTexPatternCFUs
80273FCC:getResUserWork__18JPAResourceManagerCFUs
8003C37C:getRes__14dRes_control_cFPCcPCcP11dRes_info_ci
8003C2EC:getRes__14dRes_control_cFPCclP11dRes_info_ci
8025AE24:getResetArchiveBank__FiPPCUc
800157F4:getResetData__6mDoRstFv
802D5BE8:getResource__10JKRArchiveFPCc
802D5C64:getResource__10JKRArchiveFUlPCc
802D5D38:getResource__10JKRArchiveFUs
802D4DD8:getResource__12JKRFileCacheFPCc
802D4EDC:getResource__12JKRFileCacheFUlPCc
802DE078:getResource__15JUTResReferenceFP14JSUInputStreamUlP10JKRArchive
802DE120:getResource__15JUTResReferenceFPCvUlP10JKRArchive
802DE1BC:getResource__15JUTResReferenceFUlP10JKRArchive
80249700:getResource__16dMsgStringBase_cFv
80273E68:getResource__18JPAResourceManagerCFUs
802A7C54:getResource_groupID__Q28JMessage10TProcessorCFUs
8025DA9C:getRestTimeMs__8dTimer_cFv
80028B10:getRestartCursorSize__15renderingAmap_cFv
801C25E8:getRestartCursorSize__15renderingDmap_cFv
801C1218:getRestartDrawInfo__20dMenu_StageMapCtrl_cCFPfPfPs
80233FD8:getRevoMessageIndex__12dMsgObject_cFUl
8018289C:getRideActor__9daAlink_cFv
80051470:getRightEffType__8dPaPoT_cCFi
80051494:getRightEmitter__8dPaPoT_cFii
80182AAC:getRightFootPosP__9daPy_py_cFv
800CF2F8:getRightHandMatrix__9daAlink_cFv
8014153C:getRightHandMatrix__9daPy_py_cFv
80182B9C:getRightHandPos__9daPy_py_cCFv
800CF328:getRightItemMatrix__9daAlink_cFv
8014152C:getRightItemMatrix__9daPy_py_cFv
800B0150:getRoofAngle__9daAlink_cFP13cBgS_PolyInfos
801005CC:getRoofHangFMoveAnmSpeed__9daAlink_cCFv
801005F0:getRoofHangSMoveAnmSpeed__9daAlink_cCFv
8003F19C:getRoomCenter__10dMapInfo_nFiPfPf
8003F1F4:getRoomMinMaxXZ__10dMapInfo_nFiPfPfPfPf
8003FFEC:getRoomNoSingle__16renderingDAmap_cFv
8002A254:getRoomNoSingle__6dMap_cFv
80031DB8:getRoomNo__12daObjCarry_cFi
800493FC:getRoomNo__12diff_model_cFv
80145508:getRoomNo__9daNocrm_cFi
80027590:getRoom__15dStage_roomDt_cCFv
80024DB8:getRoom__16dStage_stageDt_cCFv
8029A0A0:getRootHeap__16JASWaveArcLoaderFv
80292D88:getRootTrack__8JASTrackFv
8004AD90:getRotAxis__18dPa_modelEcallBackFP14JPABaseEmitter
8014E6AC:getRot__18daBaseNpc_lookat_cFi
80037C14:getRotateP__12daShopItem_cFv
802859DC:getRotation_xyz__Q27JStudio4mathFPA4_ffff
8023A98C:getRubyCharSpace__17dMsgScrn3Select_cFv
8023A95C:getRubyFontSize__17dMsgScrn3Select_cFv
800483E8:getRunEventName__16dEvent_manager_cFv
80032AA8:getRupeeMax__21dSv_player_status_a_cCFv
800350A8:getSave2__10dSv_save_cFi
800350BC:getSave__10dSv_info_cFi
800BE9D4:getSceneExitMoveAngle__9daAlink_cFv
80280FBC:getScheme__Q37JStudio3ctb14TObject_TxyzRyCFv
800272E0:getSclsInfo__15dStage_roomDt_cCFv
800272E8:getSclsInfo__16dStage_stageDt_cCFv
802F8894:getScreenInformation__9J2DScreenFP20JSURandomInputStream
80238258:getScrnDrawPtr__12dMsgObject_cFv
802BB6DC:getSeInfo__11Z2SoundInfoCF10JAISoundIDP5JAISe
80391A5C:getSeType$37390
800D0794:getSearchBallScale__9daAlink_cCFv
80141788:getSearchBallScale__9daPy_py_cCFv
8023763C:getSelectBombBagIDLocal__12dMsgObject_cFv
802385B4:getSelectBombBagID__12dMsgObject_cFv
802374D0:getSelectBombNum__12dMsgObject_cFv
8023768C:getSelectBombPriceLocal__12dMsgObject_cFv
802385E0:getSelectBombPrice__12dMsgObject_cFv
80237E58:getSelectCursorPosLocal__12dMsgObject_cFv
80238440:getSelectCursorPos__12dMsgObject_cFv
80032A5C:getSelectItemIndex__21dSv_player_status_a_cCFi
801E76EC:getSelectType__14dMenu_Option_cFv
80238574:getSelectWordFlag__12dMsgObject_cFv
80238528:getSelectWord__12dMsgObject_cFi
802A6754:getSeqDataRegion__16JAUSeqCollectionFP16JAISeqDataRegion
802A61D0:getSeqData__14JAUSectionHeapF10JAISoundIDP10JAISeqData
802A66FC:getSeqData__16JAUSeqCollectionFiiP10JAISeqData
802A6928:getSeqData__16JAUSeqDataBlocksF10JAISoundID
802A6AA8:getSeqData__23JAUDynamicSeqDataBlocksF10JAISoundIDP14JAISeqDataUserP10JAISeqDatab
802A683C:getSeqData__27JAUSeqDataMgr_SeqCollectionF10JAISoundIDP10JAISeqData
802BB8B4:getSeqInfo__11Z2SoundInfoCF10JAISoundIDP6JAISeq
8014519C:getShadowSize__12daItemBase_cFv
80097870:getShadowTalkAtnPos__9daAlink_cFv
8014151C:getShadowTalkAtnPos__9daPy_py_cFv
802644B8:getShapeAccess__12cCcD_CylAttrCFPQ214cCcD_ShapeAttr5Shape
80264808:getShapeAccess__12cCcD_SphAttrCFPQ214cCcD_ShapeAttr5Shape
80263A64:getShapeAccess__14cCcD_ShapeAttrCFPQ214cCcD_ShapeAttr5Shape
800B3630:getShapeAngleYAtnActor__9daAlink_cFv
800D0198:getShieldChangeWaitTimer__9daAlink_cCFv
801418CC:getShieldChangeWaitTimer__9daPy_py_cCFv
8014BFB0:getShopItemTagP__8daNpcT_cFv
8004D23C:getSimple__13dPa_control_cFUs
800D09AC:getSinkShapeOffset__9daAlink_cCFv
80141904:getSinkShapeOffset__9daPy_py_cCFv
802CE700:getSize__7JKRHeapFPv
802CE6B0:getSize__7JKRHeapFPvP7JKRHeap
801F9470:getSkillNum__13dMenu_Skill_cFv
8004290C:getSkipEventName__14dEvt_control_cFv
800B1FD8:getSlidePolygon__9daAlink_cFP8cM3dGPla
802372CC:getSmellName__12dMsgObject_cFv
80237DD8:getSmellTypeMessageIDLocal__12dMsgObject_cFv
802383E4:getSmellTypeMessageID__12dMsgObject_cFv
802BF890:getSoundID__15Z2SoundObjAnimeFPC22JAUSoundAnimationSoundRCQ29JGeometry8TVec3<f>f
80027AF4:getSoundInfCL__15dStage_roomDt_cCFv
80028060:getSoundInfCL__16dStage_stageDt_cCFv
80027AE4:getSoundInf__15dStage_roomDt_cCFv
80028050:getSoundInf__16dStage_stageDt_cCFv
802BBB48:getSoundInfo___11Z2SoundInfoCF10JAISoundIDP8JAISound
802BB090:getSoundType__11Z2SoundInfoCF10JAISoundID
80034684:getSound__19dSv_player_config_cFv
800D0228:getSpinnerActor__9daAlink_cFv
80141770:getSpinnerActor__9daPy_py_cFv
8010D93C:getSpinnerGravity__9daAlink_cCFv
8010D95C:getSpinnerJumpRate__9daAlink_cCFv
8010D94C:getSpinnerMaxFallSpeed__9daAlink_cCFv
8010D9F4:getSpinnerRideDecSpeedMax__9daAlink_cCFv
8010DA04:getSpinnerRideDecSpeedMin__9daAlink_cCFv
8010DA14:getSpinnerRideDecSpeedRate__9daAlink_cCFv
8010D96C:getSpinnerRideMoveTime__9daAlink_cFv
8010DA24:getSpinnerRideRotAngleMax__9daAlink_cCFv
8010DA34:getSpinnerRideRotAngleMin__9daAlink_cCFv
8010D9B0:getSpinnerRideSpeedF__9daAlink_cFv
8015F7C8:getSpinnerRideSpeed__9daPy_py_cCFv
801D2C4C:getSpotMapZoomRate__18dMenu_Fmap2DBack_cFv
800279B0:getStagInfo__15dStage_roomDt_cCFv
8002483C:getStagInfo__16dStage_stageDt_cCFv
801CB230:getStageCursor__12dMenu_Fmap_cFv
80043278:getStageEventDt__14dEvt_control_cFv
801D2C88:getStageOriginPath__18dMenu_Fmap2DBack_cFUcPfPf
801CB260:getStageTransX__12dMenu_Fmap_cFv
801CB290:getStageTransZ__12dMenu_Fmap_cFv
802A6F70:getStartSoundIndex__17JAUSoundAnimationCFf
800437F0:getStartTelopNo__Fv
802368F8:getStatusLocal__12dMsgObject_cFv
80024384:getStatusRoomDt__20dStage_roomControl_cFi
8023822C:getStatus__12dMsgObject_cFv
80016D74:getStatus__15mDoMemCd_Ctrl_cFUl
80029160:getStayType__15renderingAmap_cCFv
8004331C:getStbDemoData__14dEvt_control_cFPc
800B3F2C:getStickAngleDistanceRate__9daAlink_cFv
800A2160:getStickAngleFromPlayerShape__9daAlink_cCFPs
801417F8:getStickAngleFromPlayerShape__9daPy_py_cCFPs
801EB624:getStickInfo__12dMenu_Ring_cFP9STControl
802BBA88:getStreamFileEntry__11Z2SoundInfoF10JAISoundID
802A74AC:getStreamFileEntry__32JAUStreamDataMgr_StreamFileTableF10JAISoundID
802A6440:getStreamFileEntry__Q228@unnamed@JAUSectionHeap_cpp@14TStreamDataMgrF10JAISoundID
802BBA10:getStreamFilePath__11Z2SoundInfoF10JAISoundID
802BB8E0:getStreamInfo__11Z2SoundInfoCF10JAISoundIDP9JAIStream
8021C370:getStringKana__13dMeter2Info_cFUlPcP14JMSMesgEntry_c
8021C544:getStringKanji__13dMeter2Info_cFUlPcP14JMSMesgEntry_c
8021C6A4:getStringLength__13dMeter2Info_cFP10J2DTextBoxPc
8021C7FC:getStringLength__13dMeter2Info_cFP7JUTFontffPc
80236DE4:getStringLocal__12dMsgObject_cFUlP10J2DTextBoxP10J2DTextBoxP7JUTFontP10COutFont_cPcPcPcPs
80249768:getStringLocal__16dMsgStringBase_cFUlP10J2DTextBoxP10J2DTextBoxP7JUTFontP10COutFont_cUc
802498D8:getStringPageLocal__16dMsgStringBase_cFUlUcUcP10J2DTextBoxP10J2DTextBoxP7JUTFontP10COutFont_cUc
801E1D10:getStringPage__12dMsgString_cFUlUcUcP10J2DTextBoxP10J2DTextBoxP7JUTFontP10COutFont_cUc
80249BD0:getStringPage__16dMsgStringBase_cFUlUcUcP10J2DTextBoxP10J2DTextBoxP7JUTFontP10COutFont_cUc
80300658:getStringPtr__10J2DTextBoxCFv
802380F4:getString__12dMsgObject_cFUlP10J2DTextBoxP10J2DTextBoxP7JUTFontP10COutFont_cPcPcPcPs
80191B6C:getString__12dMsgString_cFUlP10J2DTextBoxP10J2DTextBoxP7JUTFontP10COutFont_cUc
8021C250:getString__13dMeter2Info_cFUlPcP14JMSMesgEntry_c
80249BB0:getString__16dMsgStringBase_cFUlP10J2DTextBoxP10J2DTextBoxP7JUTFontP10COutFont_cUc
8029CCD4:getSubFrameCounter__9JASDriverFv
8029C9F0:getSubFrames__9JASDriverFv
800465E8:getSubstance__16dEvent_manager_cFP11dEvDtData_ci
800D0274:getSumouCounter__9daAlink_cCFv
80141854:getSumouCounter__9daPy_py_cCFv
801411B0:getSumouMode__9daPy_py_cCFv
802BBAC8:getSwBit__11Z2SoundInfoCF10JAISoundID
8003A1DC:getSwbit2__13door_param2_cFP10fopAc_ac_c
8003A1E8:getSwbit3__13door_param2_cFP10fopAc_ac_c
8003A1D0:getSwbit__13door_param2_cFP10fopAc_ac_c
80101A18:getSwimFrontMaxSpeed__9daAlink_cCFv
80101AA8:getSwimMaxFallSpeed__9daAlink_cCFv
800D0F5C:getSwordAtType__9daAlink_cFv
800D09E4:getSwordChangeWaitTimer__9daAlink_cCFv
801418D4:getSwordChangeWaitTimer__9daPy_py_cCFv
80290AC0:getSystemHeap__9JASKernelFv
802906F0:getTailHeap__7JASHeapFv
8029077C:getTailOffset__7JASHeapFv
80237B54:getTalkHeap__12dMsgObject_cFv
80159E54:getTargetPoint__11PathTrace_cFP3Vec
8004372C:getTelopNo__FPCc
800437C4:getTelopNo__Fv
8029F868:getTempoMgr__5JAISeFv
802A176C:getTempoMgr__6JAISeqFv
802A3AD0:getTempoMgr__9JAIStreamFv
8030C0F0:getTevColorReg__15J2DAnmTevRegKeyCFUsP11_GXColorS10
8032B1F8:getTevColorReg__15J3DAnmTevRegKeyCFUsP11_GXColorS10
802EA13C:getTevColor__11J2DTevBlockFUl
8000DFC8:getTevColor__11J3DTevBlockFUl
802F2848:getTevColor__12J2DTevBlock1FUl
802F25A4:getTevColor__12J2DTevBlock2FUl
802F2300:getTevColor__12J2DTevBlock4FUl
802F2060:getTevColor__12J2DTevBlock8FUl
803224A8:getTevColor__12J3DTevBlock2FUl
803220E4:getTevColor__12J3DTevBlock4FUl
802F1DC0:getTevColor__13J2DTevBlock16FUl
80321D18:getTevColor__13J3DTevBlock16FUl
80322B50:getTevColor__18J3DTevBlockPatchedFUl
80145164:getTevFrm__12daItemBase_cFv
802EA14C:getTevKAlphaSel__11J2DTevBlockFUl
8000DFA8:getTevKAlphaSel__11J3DTevBlockFUl
802F28C0:getTevKAlphaSel__12J2DTevBlock1FUl
802F261C:getTevKAlphaSel__12J2DTevBlock2FUl
802F2378:getTevKAlphaSel__12J2DTevBlock4FUl
802F20D8:getTevKAlphaSel__12J2DTevBlock8FUl
8032256C:getTevKAlphaSel__12J3DTevBlock2FUl
803221A8:getTevKAlphaSel__12J3DTevBlock4FUl
802F1E38:getTevKAlphaSel__13J2DTevBlock16FUl
80321DDC:getTevKAlphaSel__13J3DTevBlock16FUl
802EA154:getTevKColorSel__11J2DTevBlockFUl
8000DFB0:getTevKColorSel__11J3DTevBlockFUl
802F28A8:getTevKColorSel__12J2DTevBlock1FUl
802F2604:getTevKColorSel__12J2DTevBlock2FUl
802F2360:getTevKColorSel__12J2DTevBlock4FUl
802F20C0:getTevKColorSel__12J2DTevBlock8FUl
80322544:getTevKColorSel__12J3DTevBlock2FUl
80322180:getTevKColorSel__12J3DTevBlock4FUl
802F1E20:getTevKColorSel__13J2DTevBlock16FUl
80321DB4:getTevKColorSel__13J3DTevBlock16FUl
80322BEC:getTevKColorSel__18J3DTevBlockPatchedFUl
802EA15C:getTevKColor__11J2DTevBlockFUl
8000DFC0:getTevKColor__11J3DTevBlockFUl
802F2888:getTevKColor__12J2DTevBlock1FUl
802F25E4:getTevKColor__12J2DTevBlock2FUl
802F2340:getTevKColor__12J2DTevBlock4FUl
802F20A0:getTevKColor__12J2DTevBlock8FUl
80322514:getTevKColor__12J3DTevBlock2FUl
80322150:getTevKColor__12J3DTevBlock4FUl
802F1E00:getTevKColor__13J2DTevBlock16FUl
80321D84:getTevKColor__13J3DTevBlock16FUl
80322BBC:getTevKColor__18J3DTevBlockPatchedFUl
8030C3B4:getTevKonstReg__15J2DAnmTevRegKeyCFUsP8_GXColor
8032B4BC:getTevKonstReg__15J3DAnmTevRegKeyCFUsP8_GXColor
802EA144:getTevOrder__11J2DTevBlockFUl
8000DFB8:getTevOrder__11J3DTevBlockFUl
802F2808:getTevOrder__12J2DTevBlock1FUl
802F2564:getTevOrder__12J2DTevBlock2FUl
802F22C0:getTevOrder__12J2DTevBlock4FUl
802F2020:getTevOrder__12J2DTevBlock8FUl
80322800:getTevOrder__12J3DTevBlock1FUl
8032243C:getTevOrder__12J3DTevBlock2FUl
80322078:getTevOrder__12J3DTevBlock4FUl
802F1D80:getTevOrder__13J2DTevBlock16FUl
80321CAC:getTevOrder__13J3DTevBlock16FUl
80322A1C:getTevOrder__18J3DTevBlockPatchedFUl
80152BE0:getTevRegKeyAnmP__8daNpcF_cFPci
80148148:getTevRegKeyAnmP__8daNpcT_cFPCci
80322964:getTevRegOffset__11J3DTevBlockCFv
80322704:getTevRegOffset__12J3DTevBlock2CFv
80322340:getTevRegOffset__12J3DTevBlock4CFv
80321F74:getTevRegOffset__13J3DTevBlock16CFv
80322C00:getTevRegOffset__18J3DTevBlockPatchedCFv
802EA17C:getTevStageNum__11J2DTevBlockCFv
8000DFD0:getTevStageNum__11J3DTevBlockCFv
802F28D0:getTevStageNum__12J2DTevBlock1CFv
802F2630:getTevStageNum__12J2DTevBlock2CFv
802F238C:getTevStageNum__12J2DTevBlock4CFv
802F20EC:getTevStageNum__12J2DTevBlock8CFv
8032281C:getTevStageNum__12J3DTevBlock1CFv
8032258C:getTevStageNum__12J3DTevBlock2CFv
803221C8:getTevStageNum__12J3DTevBlock4CFv
802F1E4C:getTevStageNum__13J2DTevBlock16CFv
80321DFC:getTevStageNum__13J3DTevBlock16CFv
803229B8:getTevStageNum__18J3DTevBlockPatchedCFv
802EA134:getTevStage__11J2DTevBlockFUl
8000DF8C:getTevStage__11J3DTevBlockFUl
802F2914:getTevStage__12J2DTevBlock1FUl
802F2674:getTevStage__12J2DTevBlock2FUl
802F23D0:getTevStage__12J2DTevBlock4FUl
802F2130:getTevStage__12J2DTevBlock8FUl
8032289C:getTevStage__12J3DTevBlock1FUl
8032260C:getTevStage__12J3DTevBlock2FUl
80322248:getTevStage__12J3DTevBlock4FUl
802F1E90:getTevStage__13J2DTevBlock16FUl
80321E7C:getTevStage__13J3DTevBlock16FUl
80322AA8:getTevStage__18J3DTevBlockPatchedFUl
802EA12C:getTevSwapModeTable__11J2DTevBlockFUl
8000DFA0:getTevSwapModeTable__11J3DTevBlockFUl
802F2970:getTevSwapModeTable__12J2DTevBlock1FUl
802F26D0:getTevSwapModeTable__12J2DTevBlock2FUl
802F242C:getTevSwapModeTable__12J2DTevBlock4FUl
802F218C:getTevSwapModeTable__12J2DTevBlock8FUl
803226B0:getTevSwapModeTable__12J3DTevBlock2FUl
803222EC:getTevSwapModeTable__12J3DTevBlock4FUl
802F1EEC:getTevSwapModeTable__13J2DTevBlock16FUl
80321F20:getTevSwapModeTable__13J3DTevBlock16FUl
801599C4:getTexAnmP__10daNpcCd2_cFi
8000DFE0:getTexCoord__14J3DTexGenBlockFUl
80322D64:getTexCoord__21J3DTexGenBlockPatchedFUl
8000DFE8:getTexGenNum__14J3DTexGenBlockCFv
80322D48:getTexGenNum__21J3DTexGenBlockPatchedCFv
80317428:getTexMtxOffset__14J3DTexGenBlockCFv
80322D98:getTexMtxOffset__21J3DTexGenBlockPatchedCFv
802EB7E0:getTexMtx__14J2DTexGenBlockFUlR9J2DTexMtx
8000DFD8:getTexMtx__14J3DTexGenBlockFUl
80322D88:getTexMtx__21J3DTexGenBlockPatchedFUl
80323558:getTexNoOffset__11J3DTevBlockCFv
803228EC:getTexNoOffset__12J3DTevBlock1CFv
803226FC:getTexNoOffset__12J3DTevBlock2CFv
80322338:getTexNoOffset__12J3DTevBlock4CFv
80321F6C:getTexNoOffset__13J3DTevBlock16CFv
80322BF8:getTexNoOffset__18J3DTevBlockPatchedCFv
80323F88:getTexNoReg__FPv
802EA170:getTexNo__11J2DTevBlockCFUl
8000DF94:getTexNo__11J3DTevBlockCFUl
802F27C4:getTexNo__12J2DTevBlock1CFUl
802F2520:getTexNo__12J2DTevBlock2CFUl
802F227C:getTexNo__12J2DTevBlock4CFUl
802F1FDC:getTexNo__12J2DTevBlock8CFUl
803227C8:getTexNo__12J3DTevBlock1CFUl
80322404:getTexNo__12J3DTevBlock2CFUl
80322040:getTexNo__12J3DTevBlock4CFUl
802F1D3C:getTexNo__13J2DTevBlock16CFUl
80321C74:getTexNo__13J3DTevBlock16CFUl
8030BEE8:getTexNo__16J2DAnmTexPatternCFUsPUs
8032AF50:getTexNo__16J3DAnmTexPatternCFUsPUs
803229E4:getTexNo__18J3DTevBlockPatchedCFUl
8014EF28:getTexPtrnAnmP__11daBaseNpc_cFPci
80152B68:getTexPtrnAnmP__8daNpcF_cFPci
801480D0:getTexPtrnAnmP__8daNpcT_cFPCci
80152BA4:getTexSRTKeyAnmP__8daNpcF_cFPci
8014810C:getTexSRTKeyAnmP__8daNpcT_cFPCci
8023A9AC:getTextBoxGlobalPosX__17dMsgScrn3Select_cFi
8023A9D8:getTextBoxGlobalPosY__17dMsgScrn3Select_cFi
8023A934:getTextBoxWidth__17dMsgScrn3Select_cFv
802FF634:getTextureCount__10J2DPictureCFv
80306350:getTextureCount__12J2DPictureExCFv
802E9EBC:getTextureMtxMaya__9J2DTexMtxFRC17J2DTextureSRTInfoPA4_f
802E9D2C:getTextureMtx__9J2DTexMtxFRC17J2DTextureSRTInfo3VecPA4_f
800539DC:getTexture__10J2DPictureCFUc
802EB87C:getTexture__11J2DTevBlockFUl
803062F8:getTexture__12J2DPictureExCFUc
802F29D8:getTexture__12J2DTevBlock1FUl
802F2738:getTexture__12J2DTevBlock2FUl
802F2494:getTexture__12J2DTevBlock4FUl
802F21F4:getTexture__12J2DTevBlock8FUl
802F1F54:getTexture__13J2DTevBlock16FUl
8028FEFC:getThreadPointer__6JASDvdFv
8015F8D0:getThrowBoomerangActor__9daPy_py_cFv
8025D9F0:getTimeMs__8dTimer_cFv
80032804:getTime__11dLib_time_cFv
8002CBAC:getTimerLimitTimeMs__14dComIfG_play_cFv
8002CBBC:getTimerMode__14dComIfG_play_cFv
8002CB9C:getTimerNowTimeMs__14dComIfG_play_cFv
8002CBDC:getTimerPtr__14dComIfG_play_cFv
8002CBCC:getTimerType__14dComIfG_play_cFv
8034C268:getTiming
802FF1D0:getTlutID__10J2DPictureFPC7ResTIMGUc
8003F760:getTopBottomFloorNo__8dMpath_cFPScPSc
802D31AC:getTotalFreeSize__11JKRAramHeapFv
802CE784:getTotalFreeSize__7JKRHeapFv
802CFD64:getTotalUsedSize__10JKRExpHeapCFv
8029F84C:getTrack__5JAISeFv
802A1728:getTrack__6JAISeqFv
802A3ABC:getTrack__9JAIStreamFv
80010710:getTransform__14mDoExt_McaMorfFUsP16J3DTransformInfo
80191130:getTransform__15J2DAnmTransformCFUsP16J3DTransformInfo
80011250:getTransform__16mDoExt_McaMorfSOFUsP16J3DTransformInfo
8030CD7C:getTransform__18J2DAnmTransformKeyCFUsP16J3DTransformInfo
8003C808:getTransform__18J3DAnmTransformKeyCFUsP16J3DTransformInfo
8030A590:getTransform__19J2DAnmTransformFullCFUsP16J3DTransformInfo
80328E90:getTransform__19J3DAnmTransformFullCFUsP16J3DTransformInfo
803291F0:getTransform__27J3DAnmTransformFullWithLerpCFUsP16J3DTransformInfo
80285B44:getTransformation_SRxyzT__Q27JStudio4mathFPA4_fRC3VecRC3VecRC3Vec
80292AA4:getTransposeTotal__8JASTrackCFv
801C0FF8:getTreasureList__20dMenu_StageMapCtrl_cFPfPfPScPUcPSc
80027D0C:getTresure__15dStage_roomDt_cCFv
80028200:getTresure__16dStage_stageDt_cCFv
800569A8:getTriMax__22dDlst_shadowRealPoly_cFv
8007E850:getTriNrm__8dBgWKColCFP12KC_PrismDataPP3Vec
800569A0:getTri__22dDlst_shadowRealPoly_cFv
80182BF8:getTrigA__8mDoCPd_cFUl
80148058:getTrnsfrmAnmP__8daNpcT_cFPCci
8014EE44:getTrnsfrmKeyAnmP__11daBaseNpc_cFPci
80152B2C:getTrnsfrmKeyAnmP__8daNpcF_cFPci
80148094:getTrnsfrmKeyAnmP__8daNpcT_cFPCci
8009C49C:getTypeGroupNoToType__7dTres_cFUc
802FF2E8:getTypeID__10J2DPictureCFv
80300C68:getTypeID__10J2DTextBoxCFv
802A7160:getTypeID__13JAUSoundTableCF10JAISoundID
80053C3C:getTypeID__7J2DPaneCFv
802F9A18:getTypeID__9J2DScreenCFv
802FBF98:getTypeID__9J2DWindowCFv
8009C4B0:getTypeToTypeGroupNo__7dTres_cFUc
802984EC:getType__10JASDrumSetCFv
803147E0:getType__11J3DShapeMtxCFv
802F27A0:getType__12J2DTevBlock1Fv
802F24FC:getType__12J2DTevBlock2Fv
802F2258:getType__12J2DTevBlock4Fv
802F1FB8:getType__12J2DTevBlock8Fv
80322798:getType__12J3DTevBlock1Fv
803223D4:getType__12J3DTevBlock2Fv
80322010:getType__12J3DTevBlock4Fv
80297F68:getType__12JASBasicBankCFv
802982E0:getType__12JASBasicInstCFv
80298008:getType__12JASVoiceBankCFv
802F1D18:getType__13J2DTevBlock16Fv
80323328:getType__13J3DPEBlockOpaFv
80323258:getType__13J3DPEBlockXluFv
80321C44:getType__13J3DTevBlock16Fv
8032194C:getType__14J3DPEBlockFullFv
803329A4:getType__14J3DPEBlockNullFv
802F1B94:getType__15J2DIndBlockFullFv
802EB1E4:getType__15J2DIndBlockNullFv
80323390:getType__15J3DIndBlockFullFv
803173A4:getType__15J3DIndBlockNullFv
80332A38:getType__15J3DTevBlockNullFv
80322DA8:getType__15J3DTexGenBlock4Fv
80321B00:getType__16J3DPEBlockFogOffFv
8031470C:getType__16J3DShapeMtxMultiCFv
80332B2C:getType__17J3DColorBlockNullFv
803232C0:getType__17J3DPEBlockTexEdgeFv
80322998:getType__18J3DTevBlockPatchedFv
80332AC4:getType__18J3DTexGenBlockNullFv
80322C6C:getType__19J3DTexGenBlockBasicFv
80322E80:getType__20J3DColorBlockLightOnFv
80323560:getType__21J3DColorBlockLightOffFv
8031478C:getType__21J3DShapeMtxConcatViewCFv
80322E74:getType__21J3DTexGenBlockPatchedFv
80323074:getType__22J3DColorBlockAmbientOnFv
80314688:getType__26J3DShapeMtxMultiConcatViewCFv
80314610:getType__27J3DShapeMtxBBoardConcatViewCFv
8031458C:getType__28J3DShapeMtxYBBoardConcatViewCFv
80282720:getType__Q27JStudio19TFunctionValue_listCFv
80283344:getType__Q27JStudio22TFunctionValue_hermiteCFv
802823B4:getType__Q27JStudio23TFunctionValue_constantCFv
80281DB8:getType__Q27JStudio24TFunctionValue_compositeCFv
8028244C:getType__Q27JStudio25TFunctionValue_transitionCFv
80282DA0:getType__Q27JStudio29TFunctionValue_list_parameterCFv
80165158:getUSOAngle__9dCamera_cF7cSAngle
800AC610:getUnderUpperAnime__9daAlink_cFQ29daAlink_c11daAlink_ANMPP15J3DAnmTransformPP15J3DAnmTransformiUl
802FF100:getUsableTlut__10J2DPictureFUc
80306DC8:getUsableTlut__12J2DPictureExFUc
8031459C:getUseMtxIndex__11J3DShapeMtxCFUs
80314720:getUseMtxIndex__16J3DShapeMtxMultiCFUs
8031469C:getUseMtxIndex__26J3DShapeMtxMultiConcatViewCFUs
80273E08:getUseMtxNum__11J3DShapeMtxCFv
80314718:getUseMtxNum__16J3DShapeMtxMultiCFv
80314694:getUseMtxNum__26J3DShapeMtxMultiConcatViewCFv
800058A0:getUsedCount__9HeapCheckCFv
802E8184:getUsedLine__10JUTConsoleCFv
802CFCE8:getUsedSize__10JKRExpHeapCFUc
8003E510:getValidData__22dMenuFmapIconPointer_cFv
8003217C:getValueStick__10CSTControlFv
8003215C:getValueStick__9STControlFv
8029BFC8:getValue__13JASOscillatorCFv
8029BD44:getValue__6JASLfoCFv
80053E60:getValue__8cM_rnd_cFff
80282858:getValue__Q27JStudio19TFunctionValue_listFd
8028344C:getValue__Q27JStudio22TFunctionValue_hermiteFd
802823E4:getValue__Q27JStudio23TFunctionValue_constantFd
80281E28:getValue__Q27JStudio24TFunctionValue_compositeFd
802824F4:getValue__Q27JStudio25TFunctionValue_transitionFd
80282F10:getValue__Q27JStudio29TFunctionValue_list_parameterFd
80034694:getVibration__19dSv_player_config_cFv
80038A90:getView__Fv
8030C048:getVisibility__20J2DAnmVisibilityFullCFUsPUc
8002771C:getVrboxInfo__15dStage_roomDt_cCFv
80027EA0:getVrboxInfo__16dStage_stageDt_cCFv
800278DC:getVrboxNumInfo__15dStage_roomDt_cCFv
80027F00:getVrboxNumInfo__16dStage_stageDt_cCFv
8002772C:getVrboxcolInfo__15dStage_roomDt_cCFv
80027EB0:getVrboxcolInfo__16dStage_stageDt_cCFv
800278EC:getVrboxcolNumInfo__15dStage_roomDt_cCFv
80027F10:getVrboxcolNumInfo__16dStage_stageDt_cCFv
800B01FC:getWallEdgePos__9daAlink_cFRC4cXyzP8cM3dGPlaP8cM3dGPlaP4cXyzi
800E7EE4:getWallGrabStatus__9daAlink_cFv
801DCB54:getWarpMarkFlag__19dMenu_ItemExplain_cFv
80167EF4:getWaterSurfaceHeight__9dCamera_cFP4cXyz
80298C6C:getWaveArc__16JASBasicWaveBankFUl
80298F18:getWaveArc__17JASSimpleWaveBankFUl
80298640:getWaveGroup__16JASBasicWaveBankFUl
802988DC:getWaveHandle__16JASBasicWaveBankCFUl
80298E60:getWaveHandle__17JASSimpleWaveBankCFUl
80298B54:getWaveID__Q216JASBasicWaveBank10TWaveGroupCFi
80298C64:getWaveInfo__Q216JASBasicWaveBank11TWaveHandleCFv
80298F90:getWaveInfo__Q217JASSimpleWaveBank11TWaveHandleCFv
802BA698:getWaveLoadStatus__10Z2SceneMgrFUlUl
80298B64:getWavePtr__Q216JASBasicWaveBank11TWaveHandleCFv
80298F38:getWavePtr__Q217JASSimpleWaveBank11TWaveHandleCFv
80014EA8:getWeight__10J3DMtxCalcCFUc
8032C11C:getWeight__13J3DAnmClusterCFUs
8032A218:getWeight__16J3DAnmClusterKeyCFUs
8032A184:getWeight__17J3DAnmClusterFullCFUs
801DFA40:getWhite__10J2DPictureCFv
801DFA28:getWhite__10J2DTextBoxCFv
80302CE8:getWhite__11J2DWindowExCFv
80306958:getWhite__12J2DPictureExCFv
8030875C:getWhite__12J2DTextBoxExCFv
8025400C:getWhite__9J2DWindowCFv
802DFC64:getWidthEntry__10JUTResFontCFiPQ27JUTFont6TWidth
802DDFF8:getWidth__10JUTResFontCFv
80280548:getWidth__15JPABaseParticleCFPC14JPABaseEmitter
800D02CC:getWolfBackbone2Matrix__9daAlink_cFv
80141554:getWolfBackbone2Matrix__9daPy_py_cFv
800D0A9C:getWolfHowlMgrP__9daAlink_cFv
8014191C:getWolfHowlMgrP__9daPy_py_cFv
801370E4:getWolfLieMoveAnmSpeed__9daAlink_cFv
8013712C:getWolfLieMoveSpeed__9daAlink_cFv
801391DC:getWolfLockActorEnd__9daAlink_cFv
800D02B8:getWolfMouthMatrix__9daAlink_cFv
8014154C:getWolfMouthMatrix__9daPy_py_cFv
801316A4:getWolfRopeMoveSpeed__9daAlink_cFv
80138188:getWolfSwimMoveAnmSpeed__9daAlink_cFv
80133D6C:getWolfTagJumpTime__9daAlink_cCFv
80238514:getWord__12dMsgObject_cFv
80229730:getWord__19jmessage_tReferenceFi
8000DF3C:getZCompLoc__10J3DPEBlockCFv
80321A3C:getZCompLoc__14J3DPEBlockFullCFv
80321BA0:getZCompLoc__16J3DPEBlockFogOffCFv
8000DF44:getZMode__10J3DPEBlockFv
80321A20:getZMode__14J3DPEBlockFullFv
80321B84:getZMode__16J3DPEBlockFogOffFv
80141944:getZeldaActor__9daHorse_cFv
8002D9B0:getZoneNo__20dStage_roomControl_cFi
801C1BA4:getZoomCmPerPixel__19dMenu_DmapMapCtrl_cFv
801C18C0:getZoomMinMaxCheck__19dMenu_DmapMapCtrl_cFPfPfPfPfPbPb
801019B8:getZoraSwim__9daAlink_cCFv
8030CE7C:get__13J2DDataManageFP14JSUInputStream
8030CE18:get__13J2DDataManageFPCc
80053CEC:get__8cM_rnd_cFv
8004B874:get__Q213dPa_control_c7level_cFUl
8019D878:get_parcent__Ffff
8005B708:get_vectle_calc__FP4cXyzP4cXyzP4cXyz
8001D3D4:get_vectle_calc__FPC4cXyzPC4cXyzP4cXyz
802381C0:getpTalkActor__12dMsgObject_cFv
802CD904:gframeProcess__10Z2AudioMgrFv
8001DCBC:gndCheck__11fopAcM_gc_cFPC4cXyz
8042564C:grabCarryOffset0$14254
80425664:grabCarryOffset1$14258
8042567C:grabCarryOffset2$14262
80425694:grabCarryOffset3$14266
800E5B6C:grabLineCheck__9daAlink_cFP4cXyzP4cXyz
8045069C:grassWhistleArcName$33096
80453020:grassWhistleIdx$33097
801657EC:groundHeight__9dCamera_cFP4cXyz
804554D0:gu32Mask_TSequence_value_signExpansion__Q37JStudio3stb4data
80241F28:guide_demo_play_init__14dMsgScrnHowl_cFv
80241F34:guide_demo_play_proc__14dMsgScrnHowl_cFv
80241DFC:guide_off_init__14dMsgScrnHowl_cFv
80241E00:guide_off_proc__14dMsgScrnHowl_cFv
8024202C:guide_off_test_init__14dMsgScrnHowl_cFv
80242030:guide_off_test_proc__14dMsgScrnHowl_cFv
80241D58:guide_on_init__14dMsgScrnHowl_cFv
80241D5C:guide_on_proc__14dMsgScrnHowl_cFv
80241E7C:guide_stop_init__14dMsgScrnHowl_cFv
80241E80:guide_stop_proc__14dMsgScrnHowl_cFv
8044CE80:gxData
80397138:haihail_n$5238
80397160:haihair_n$5239
803BF288:haku_tag$3719
803A2340:halF
8039D39C:halftofull
80451C50:hamon_name$6107
800A39B8:handBgCheck__9daAlink_cFv
80391A44:handCenterOffsetVec$34213
800FA070:hangMoveBgCheck__9daAlink_cFsP4cXyz
802A6A18:hasFailedBlock__16JAUSeqDataBlocksF10JAISoundID
80029078:hasMap__15renderingAmap_cCFv
801C084C:hasMap__15renderingDmap_cCFv
802CDA6C:hasReset__10Z2AudioMgrCFv
803B2DA0:headBrkName$69119
8009ECA0:headModelCallBack__9daAlink_cFi
8029673C:headerLoadTask__13JASAramStreamFPv
80296920:headerLoad__13JASAramStreamFUli
801F4928:headerTxtChangeAnm__12dMenu_save_cFv
8018D25C:headerTxtChangeAnm__14dFile_select_cFv
801F485C:headerTxtSet__12dMenu_save_cFUs
8018D0E4:headerTxtSet__14dFile_select_cFUsUcUc
802E6E0C:heapBar__FP7JKRHeapiiiii
800058C4:heapDisplay__9HeapCheckCFv
80450C0C:heapErrors
802B5F70:heartGaugeOn__11Z2StatusMgrFv
80391B8C:heartPieceMessage$37580
80395078:heart_tag$5922
80164D2C:heightOf__9dCamera_cFP10fopAc_ac_c
80145B7C:hermite__13daNpcT_Path_cFR4cXyzR4cXyzR4cXyzR4cXyzR16daNpcT_Hermite_cR4cXyz
8015FA4C:hideActor__22@unnamed@d_camera_cpp@FP10fopAc_ac_c
80209CEC:hideAll__14dMeterButton_cFv
8025EB20:hideDenominator__21dDlst_TimerScrnDraw_cFv
80037A64:hide__12daItemBase_cFv
80255608:hide__13CPaneMgrAlphaFv
803258A0:hide__13J3DShapeTableFv
8020A94C:hide_button__14dMeterButton_cFUc
800965AC:hintTalkEvCamera__9dCamera_cFv
803C78B8:history$267
80153578:hitChk2__8daNpcF_cFP8dCcD_Cylii
8014AA40:hitChk__8daNpcT_cFP12dCcD_GObjInfUl
803917A4:hitFinishType$6981
80391790:hitType$6980
80424AAC:hokuto_position$9424
80391A08:hookRoot$29726
801083C8:hookshotAtHitCallBack__9daAlink_cFP12dCcD_GObjInfP10fopAc_ac_cP12dCcD_GObjInf
80178E50:hookshotCamera__9dCamera_cFl
8010B3AC:hookshotRoofTurn__9daAlink_cFv
800EF394:horseGetOffEnd__9daAlink_cFv
80391930:horseLocalBack$17680
80391FA4:horseLocalEyeFromRoot$59880
80391918:horseLocalLeft$17678
80391924:horseLocalRight$17679
80450F28:howa_loop_cnt$10108
801CD814:howlArrowPosInit__12dMenu_Fmap_cFv
801CAC30:howl_demo1_init__12dMenu_Fmap_cFv
801CAC7C:howl_demo1_move__12dMenu_Fmap_cFv
801CAD48:howl_demo2_init__12dMenu_Fmap_cFv
801CAD54:howl_demo2_move__12dMenu_Fmap_cFv
801CAD9C:howl_demo3_init__12dMenu_Fmap_cFv
801CADA0:howl_demo3_move__12dMenu_Fmap_cFv
803919FC:hsVec$28749
803BF350:i_action_num$8471
80396860:i_evtID$4383
8045442C:i_expID$6473
80397A18:i_id$4087
80397D80:i_id0$4478
80397A34:i_id1$4088
80397D9C:i_id1$4479
803A7270:i_item_lst$4006
804505C8:i_msgID
80454424:i_nameID$6472
803960D0:i_swBit$7362
80430158:i_text_buf$8454
800A6DCC:iceSlipBgCheck__9daAlink_cFv
801BD208:iconMoveCalc__12dMenu_Dmap_cFv
801B893C:iconScaleAnmInit__14dMenu_DmapBg_cFffUc
801B8954:iconScaleAnm__14dMenu_DmapBg_cFv
801C3EC4:iconScale__16dMenuMapCommon_cFifff
80395688:icon_tag$4933
804534B4:id$11798
804534D4:id$4592
804534FC:id$4857
80453480:id$7388
804517D8:idTmp
80054500:imageDraw__18dDlst_shadowReal_cFPA4_f
800557C8:imageDraw__21dDlst_shadowControl_cFPA4_f
8028F2E8:imixcopy__7JASCalcFPCsPCsPsUl
8029BF68:incCounter__13JASOscillatorFf
8029BDD8:incCounter__6JASLfoFf
8015A264:incIndex__11PathTrace_cFi
80298790:incWaveTable__16JASBasicWaveBankFPCQ216JASBasicWaveBank10TWaveGroup
802AB93C:incrCrowdSize__7Z2SeMgrFv
802A266C:increasePrepareCount_JAISound___8JAISoundFv
80325EC8:indexToPtr__12J3DModelDataFv
80322774:indexToPtr__12J3DTevBlock1Fv
803223B0:indexToPtr__12J3DTevBlock2Fv
80321FEC:indexToPtr__12J3DTevBlock4Fv
80321C20:indexToPtr__13J3DTevBlock16Fv
80332A14:indexToPtr__15J3DTevBlockNullFv
80322974:indexToPtr__18J3DTevBlockPatchedFv
8031E098:indexToPtr_private__11J3DTevBlockFUl
801BF4A4:infoModeChange_init_proc__12dMenu_Dmap_cFv
801BF528:infoModeChange_proc__12dMenu_Dmap_cFv
801622B0:infoReport__9dCamera_cFv
8029194C:inherit__8JASTrackFRC8JASTrack
80450F2C:init$10109
80450F3C:init$10308
80450F68:init$1055
80450F34:init$10883
80450FB8:init$11203
80450FB9:init$11207
80450FBA:init$11211
80450FBB:init$11215
80450D20:init$113
8045103E:init$11469
80450F44:init$11587
80450D28:init$116
80451042:init$11919
80450F4C:init$11959
80451046:init$12264
8045104A:init$12268
80450D08:init$13
8045154C:init$134
80450D4C:init$149
80450E50:init$1672
80450B20:init$1677
80450B28:init$1680
80450B30:init$1683
80451000:init$1834
80451010:init$1837
80450E48:init$1867
80450E49:init$1870
80450FB2:init$1930
80450FF8:init$2005
804510BC:init$2118
80450EE0:init$2153
80450D10:init$22
80450E9E:init$2305
80451560:init$231
804512F5:init$26
80451568:init$280
80451158:init$296
80451200:init$298
80450FBC:init$33110
80450FBD:init$33113
80450F88:init$3387
804511F8:init$365
80450FC5:init$37209
80450FC6:init$37212
80450FC7:init$37215
804512D4:init$374
80450FC4:init$37466
80450EEC:init$4132
80450F89:init$4295
804515EC:init$461
804515CC:init$465
80450F8A:init$4717
804519A0:init$49
8045106A:init$5117
8045106B:init$5121
80451244:init$528
80450FD0:init$53406
80450FD1:init$55897
80450EFD:init$5641
804511D8:init$579
804512CC:init$58
804511E0:init$587
80451028:init$6037
80451030:init$6040
80450F0D:init$6542
80450F1D:init$6985
80450FEC:init$7237
80451038:init$7253
80451039:init$7257
804511C8:init$741
80450EF0:init$7555
80450EF4:init$7558
80450EFC:init$7920
80451330:init$80
80450F8B:init$8022
80450F04:init$8367
80450F0C:init$8937
80450F14:init$8949
80450D39:init$924
80450DF0:init$932
80450F1C:init$9422
80450DF1:init$947
80450DF2:init$960
80450DF3:init$973
80450F24:init$9848
80451134:init$localstatic4$create__9dkWmark_cFv
80451070:init$localstatic4$draw__10dThunder_cFv
80451231:init$localstatic4$getMemPool__43JASPoolAllocObject_MultiThreaded<8JASTrack>Fv
80451262:init$localstatic4$getMemPool__46JASPoolAllocObject_MultiThreaded<10JASChannel>Fv
80451230:init$localstatic4$getMemPool__58JASPoolAllocObject_MultiThreaded<Q28JASTrack11TChannelMgr>Fv
80451310:init$localstatic4$getMemPool___26JASPoolAllocObject<5JAISe>Fv
80451320:init$localstatic4$getMemPool___27JASPoolAllocObject<6JAISeq>Fv
80451328:init$localstatic4$getMemPool___30JASPoolAllocObject<9JAIStream>Fv
80451354:init$localstatic4$getMemPool___30JASPoolAllocObject<9Z2Audible>Fv
80451318:init$localstatic4$getMemPool___35JASPoolAllocObject<13JAISoundChild>Fv
80451348:init$localstatic4$getMemPool___39JASPoolAllocObject<17Z2SoundHandlePool>Fv
80451071:init$localstatic6$draw__10dThunder_cFv
8029C388:initAI__9JASDriverFPFv_v
800489A8:initAction__17dEvLib_callback_cFv
8015D9F0:initAction__8daItem_cFv
8029D3C8:initAll__13JASDSPChannelFv
8015DE38:initAngle__8daItem_cFv
802C0628:initAnime__10Z2CreatureFPvbff
802BEBFC:initAnime__15Z2SoundObjAnimeFPvbff
802CE378:initArena__7JKRHeapFPPcPUli
8029DEC4:initAutoMixer__Q26JASDsp8TChannelFv
80019404:initBallModel__13fopEn_enemy_cFv
8029BC0C:initBankDisposeMsgQueue__10JASChannelFv
800BF37C:initBasAnime__9daAlink_cFv
8015B0C4:initBaseMtx__8daItem_cFv
801256EC:initBlur__14daAlink_blur_cFfiPC4cXyzPC4cXyzPC4cXyz
800E03D0:initBoomerangUpperAnimeSpeed__9daAlink_cFi
8029DAC8:initBuffer__6JASDspFv
8021350C:initButtonCross__13dMeter2Draw_cFv
802126E4:initButton__13dMeter2Draw_cFv
80151648:initCalc__15daNpcF_Lookat_cFP10fopAc_ac_cPA4_fP4cXyzP5csXyzPfR4cXyzi
800F3FC4:initCanoeRide__9daAlink_cFv
800E13AC:initCopyRodUpperAnimeSpeed__9daAlink_cFi
800D2BFC:initCutAtnActorSearch__9daAlink_cFv
800D0F90:initCutTurnAt__9daAlink_cFfi
802BA7FC:initDataArc__11Z2FxLineMgrFP10JKRArchiveP7JKRHeap
8015EDAC:initData__14daPy_anmHeap_cFv
800A3F98:initDemoBck__9daAlink_cFPP13mDoExt_bckAnmPCc
800A3F00:initDemoModel__9daAlink_cFPP8J3DModelPCcUl
802BC6A4:initDolbyDist__19Z2Audience3DSettingFv
802C8A90:initEtcSe__10Z2EnvSeMgrFUcUcUcUc
802C8730:initFallSe__10Z2EnvSeMgrFUcUcUcUc
80024CA8:initFileList2__15dStage_roomDt_cFv
8029DFB0:initFilter__Q26JASDsp8TChannelFv
80124EA8:initFirePointDamageEffectAll__9daAlink_cFv
80124FA4:initFirePointDamageEffect__9daAlink_cFPC4cXyzP12dCcD_GObjInf
800F3DA0:initFishingRodHand__9daAlink_cFv
8015DAAC:initFlag__8daItem_cFv
800ECAAC:initForceRideBoar__9daAlink_cFv
800ECB58:initForceRideHorse__9daAlink_cFv
801C0F94:initGetTreasureList__20dMenu_StageMapCtrl_cFUcSc
800E53AC:initGrabNextMode__9daAlink_cFv
800BB644:initGravity__9daAlink_cFv
802441FC:initGuideData__14dMsgScrnHowl_cFv
802AB118:initHandlesPool__14Z2SoundHandlesFUc
80109170:initHookshotReady__9daAlink_cFv
8010B644:initHookshotRoofWaitActor__9daAlink_cFP10fopAc_ac_c
801090EC:initHookshotUpperAnimeSpeed__9daAlink_cFi
802A4D60:initJAInterface__18JAU_JAIInitializerFv
802A4B28:initJASystem__18JAU_JASInitializerFP12JKRSolidHeap
8007E7D0:initKCollision__8dBgWKColFPv
8011130C:initKandelaarSwing__9daAlink_cFv
802C3710:initKantera__14Z2CreatureLinkFP3Vec
80211BEC:initLife__13dMeter2Draw_cFv
80212190:initLightDrop__13dMeter2Draw_cFv
802E085C:initList__10JUTGamePadFv
80071240:initList__12dAttention_cFUl
800ABAE0:initLockAt__9daAlink_cFv
802C950C:initLv3WaterSe__10Z2EnvSeMgrFUcUcUcUc
80211E64:initMagic__13dMeter2Draw_cFv
800A3E98:initModelEnv__9daAlink_cFUsUl
800A3D7C:initModel__9daAlink_cFP12J3DModelDataUlUl
800A3E30:initModel__9daAlink_cFUsUl
80161D84:initMonitor__9dCamera_cFv
8032CF44:initMtxIndexArray__13J3DSkinDeformFP12J3DModelData
8015E5B0:initOffset__20daPy_boomerangMove_cFPC4cXyz
8000F848:initOldFrameMorf__22mDoExt_MtxCalcOldFrameFfUsUs
80161550:initPad__9dCamera_cFv
802AA908:initParams__10Z2SoundMgrFv
802A0358:initParams__8JAISeMgrFv
8000D320:initPlay__14mDoExt_baseAnmFsifss
802C80F8:initRiverSe__10Z2EnvSeMgrFUcUcUcUc
802901AC:initRootHeap__7JASHeapFPvUl
80048B1C:initRun__17dEvLib_callback_cFv
80212404:initRupeeKey__13dMeter2Draw_cFv
8015DBF0:initScale__8daItem_cFv
802C6AC0:initSceneEnvSe__10Z2EnvSeMgrFlScf
802AB750:initSe__7Z2SeMgrFv
800B3844:initServiceWaitTime__9daAlink_cFv
800CB694:initShadowScaleLight__9daAlink_cFv
80325910:initShapeNodes__13J3DShapeTableFP14J3DDrawMtxDataP13J3DVertexData
80197338:initShopSystem__13dShopSystem_cFv
8032C9B0:initSkinInfo__13J3DSkinDeformFP12J3DModelData
8015DC40:initSpeed__8daItem_cFi
8029BEC4:initStart__13JASOscillatorFPCQ213JASOscillator4Data
80048A50:initStart__17dEvLib_callback_cFv
802C6C84:initStaticEnvSe__10Z2EnvSeMgrFUcUcUcUcP3Vec
801406A8:initStatusWindow__9daAlink_cFv
802C7FBC:initStrongWindSe__10Z2EnvSeMgrFv
8029631C:initSystem__13JASAramStreamFUlUl
80153D1C:initTalk__8daNpcF_cFiPP10fopAc_ac_c
8014BBF0:initTalk__8daNpcT_cFiPP10fopAc_ac_c
800CC7DC:initTevCustomColor__9daAlink_cFv
802DE744:initTexObj__10JUTTextureF7_GXTlut
802DE658:initTexObj__10JUTTextureFv
802918FC:initTimed__8JASTrackFv
802A29DC:initTrack_JAISound___8JAISoundFP8JASTrack
802BC308:initVolumeDist__19Z2Audience3DSettingFv
801319F0:initWolfRopeShapeAngle__9daAlink_cFv
8003514C:initZone__10dSv_info_cFv
80024338:initZone__20dStage_roomControl_cFv
801C1E00:initZoomInCenterHold__20dMenu_StageMapCtrl_cFUc
801C1C40:initZoomIn__20dMenu_StageMapCtrl_cFUc
801C1CEC:initZoomIn__20dMenu_StageMapCtrl_cFUcff
801C1F2C:initZoomOut__20dMenu_StageMapCtrl_cFUc
801C1F70:initZoomWait__20dMenu_StageMapCtrl_cFff
80293924:init__10JASSeqCtrlFv
802E0898:init__10JUTGamePadFv
802DE608:init__10JUTTextureFv
802CD34C:init__10Z2AudioMgrFP12JKRSolidHeapUlPvP10JKRArchive
802C05B0:init__10Z2CreatureFP3VecP3VecP3VecUcUcUc
802C0530:init__10Z2CreatureFP3VecP3VecUcUc
80073958:init__10dAttHint_cFv
80073CD4:init__10dAttLook_cFv
8003F6FC:init__10dMapInfo_cFv
80249F90:init__10dMsgFlow_cFP10fopAc_ac_ciiPP10fopAc_ac_c
80034FCC:init__10dSv_info_cFv
8003501C:init__10dSv_save_cFv
80034F44:init__10dSv_zone_cFi
80015034:init__114J3DMtxCalcAnimation<64J3DMtxCalcAnimationAdaptorDefault<27J3DMtxCalcCalcTransformMaya>,24J3DMtxCalcJ3DSysInitMaya>FRC3VecRA3_A4_Cf
80273778:init__11J3DUClipperFv
80274080:init__11JPAResourceFP7JKRHeap
800739BC:init__11dAttCatch_cFv
8004616C:init__11dEvDtBase_cFPci
80046138:init__11dEvDtBase_cFv
80043E58:init__11dEvDtFlag_cFv
80034954:init__11dSv_event_cFv
803283FC:init__12J3DFrameCtrlFs
80296148:init__12JASSeqReaderFPv
80296108:init__12JASSeqReaderFv
8029354C:init__12JASTrackPortFv
802C1FFC:init__12Z2CreatureFMFP3VecP3VecP3VecP3VecP3VecP3VecUcUcUcUcUcUc
802C2670:init__12Z2CreatureOIFP3VecP3VecP3VecP3VecP3VecP3VecP3VecP3VecP3VecP3VecP3VecP3VecP3Vec
80052B4C:init__12dDlst_2DT2_cFP7ResTIMGffffUcUcUcff
80056390:init__12dDlst_list_cFv
80044134:init__12dEvDtStaff_cFv
8025C1F8:init__12dSvBit_HIO_cFv
80034B14:init__12dSv_danBit_cFSc
80034750:init__12dSv_memBit_cFv
80034A64:init__12dSv_memory_cFv
800346A4:init__12dSv_player_cFv
80049368:init__12diff_model_cFv
802A2AB0:init__13JAISoundChildFv
8029649C:init__13JASAramStreamFUlUlPFUlP13JASAramStreamPv_vPv
802A7114:init__13JAUSoundTableFPCv
8027ADBC:init__13JPAExtraShapeFv
8027D0C0:init__13JPAFieldBlockFP7JKRHeap
802BC788:init__13Z2AudioCameraFv
802C24B0:init__13Z2CreatureGobFP3VecP3VecP3VecUcUcUc
801F79EC:init__13dMenu_Skill_cFv
80210FB0:init__13dMeter2Draw_cFv
8021BE68:init__13dMeter2Info_cFv
80034A84:init__13dSv_memory2_cFv
80034CA0:init__13dSv_zoneBit_cFv
8000D7DC:init__13mDoExt_bckAnmFP15J3DAnmTransformiifssb
8000DA08:init__13mDoExt_blkAnmFP13J3DDeformDataP13J3DAnmClusteriifss
8000D47C:init__13mDoExt_bpkAnmFP16J3DMaterialTableP11J3DAnmColoriifss
8000D70C:init__13mDoExt_brkAnmFP16J3DMaterialTableP15J3DAnmTevRegKeyiifss
8000D63C:init__13mDoExt_btkAnmFP16J3DMaterialTableP19J3DAnmTextureSRTKeyiifss
8000D54C:init__13mDoExt_btpAnmFP16J3DMaterialTableP16J3DAnmTexPatterniifss
8027E6EC:init__14JPABaseEmitterFP17JPAEmitterManagerP11JPAResource
802C3638:init__14Z2CreatureLinkFP3VecP3VecP3Vec
802C520C:init__14Z2CreatureRideFP3VecP3VecUcUc
802BDFB0:init__14Z2SoundObjBaseFP3VecUc
8002B22C:init__14dComIfG_play_cFv
801D8914:init__14dMenu_Insect_cFv
801DDA20:init__14dMenu_Letter_cFv
8023C16C:init__14dMsgScrnBase_cFv
80034A1C:init__14dSv_MiniGame_cFv
80310FD8:init__15J3DVertexBufferFv
802BBD18:init__15Z2AudibleAbsPosFPQ29JGeometry8TVec3<f>RCQ29JGeometry8TVec3<f>PCQ29JGeometry8TVec3<f>
802C10B4:init__15Z2CreatureEnemyFP3VecP3VecP3VecUcUcUc
802C1094:init__15Z2CreatureEnemyFP3VecP3VecUcUc
802BEBDC:init__15Z2SoundObjAnimeFP3VecUc
802BEB74:init__15Z2SoundObjArrowFP3VecUc
802C54FC:init__15Z2SoundObjCoachFP3VecUc
80192160:init__15dFile_warning_cFv
801C522C:init__15dMenu_Fishing_cFv
80024CB4:init__15dStage_roomDt_cFv
80034EB4:init__15dSv_zoneActor_cFv
800123D0:init__15mDoExt_3Dline_cFUsii
801CE15C:init__15renderingFmap_cFPUcUsUsUsUs
80293664:init__16JASRegisterParamFv
802A66AC:init__16JAUSeqCollectionFPCv
8027BB4C:init__16JPADynamicsBlockFv
802BE880:init__16Z2SoundObjSimpleFP3VecUc
8025140C:init__16dNpcLib_lookat_cFP8J3DModelPiP5csXyzP5csXyz
80024C1C:init__16dStage_stageDt_cFv
800342DC:init__16dSv_light_drop_cFv
8009D8E4:init__16daAlink_matAnm_cFv
8003FCC8:init__16renderingDAmap_cFPUcUsUsUsUs
802A73D4:init__17JAUSoundNameTableFPCv
802C0CE4:init__17Z2CreatureCitizenFP3VecP3VecUcUc
80032C0C:init__17dSv_horse_place_cFv
800343DC:init__17dSv_letter_info_cFv
80034518:init__17dSv_player_info_cFv
80032F90:init__17dSv_player_item_cFv
800342B4:init__17dSv_player_wolf_cFv
802A742C:init__18JAUStreamFileTableFPCv
802C1D4C:init__18Z2SoundObjBeeGroupFP3VecUc
800463DC:init__18dEvent_exception_cFv
800344C8:init__18dSv_fishing_info_cFv
802BC284:init__19Z2Audience3DSettingFv
800345AC:init__19dSv_player_config_cFv
800125E0:init__19mDoExt_3DlineMat0_cFUsUsi
80013360:init__19mDoExt_3DlineMat1_cFUsUsP7ResTIMGi
800241E8:init__20dStage_roomControl_cFv
800341AC:init__20dSv_player_collect_cFv
802BE65C:init__21Z2DopplerSoundObjBaseFP3VecUc
80055684:init__21dDlst_shadowControl_cFv
80033E40:init__21dSv_player_get_item_cFv
80034040:init__21dSv_player_item_max_cFv
80032958:init__21dSv_player_status_a_cFv
80032B50:init__21dSv_player_status_b_cFv
8003E114:init__22dMenuFmapIconPointer_cFP24dMenu_Fmap_region_data_cP23dMenu_Fmap_stage_data_cUcii
8025C178:init__22dSvBit_childOtherHIO_cFv
8025BEDC:init__23dSvBit_childItZoneHIO_cFv
8025BCE4:init__23dSvBit_childSwZoneHIO_cFv
8032ECAC:init__24J3DMtxCalcJ3DSysInitMayaFRC3VecRA3_A4_Cf
80033F00:init__24dSv_player_item_record_cFv
8032EC28:init__25J3DMtxCalcJ3DSysInitBasicFRC3VecRA3_A4_Cf
8025C038:init__25dSvBit_childDarknessHIO_cFv
80032CC8:init__25dSv_player_return_place_cFv
8025BE40:init__26dSvBit_childItDungeonHIO_cFv
8025BF3C:init__26dSvBit_childItOneZoneHIO_cFv
8025BC48:init__26dSvBit_childSwDungeonHIO_cFv
8025BD44:init__26dSvBit_childSwOneZoneHIO_cFv
8025C0D4:init__26dSvBit_childTransformHIO_cFv
8022F9AC:init__26jmessage_string_tReferenceFP10J2DTextBoxP10J2DTextBoxP7JUTFontP10COutFont_cUc
80032EB0:init__27dSv_player_last_mark_info_cFv
8025BDA4:init__29dSvBit_childItPerfectionHIO_cFv
8025BBAC:init__29dSvBit_childSwPerfectionHIO_cFv
8025BF9C:init__29dSvBit_childTbPerfectionHIO_cFv
80032D60:init__33dSv_player_field_last_stay_info_cFv
80263220:init__3cMlFP7JKRHeap
8001505C:init__73J3DMtxCalcNoAnm<27J3DMtxCalcCalcTransformMaya,24J3DMtxCalcJ3DSysInitMaya>FRC3VecRA3_A4_Cf
80336600:init__75J3DMtxCalcNoAnm<28J3DMtxCalcCalcTransformBasic,25J3DMtxCalcJ3DSysInitBasic>FRC3VecRA3_A4_Cf
8024E6D4:init__7dName_cFv
80050C9C:init__7dPaPo_cFP9dBgS_Acchff
80336524:init__83J3DMtxCalcNoAnm<32J3DMtxCalcCalcTransformSoftimage,29J3DMtxCalcJ3DSysInitSoftimage>FRC3VecRA3_A4_Cf
802915D4:init__8JASTrackFv
80053CDC:init__8cM_rnd_cFiii
80271D18:init__9JFWSystemFv
800320AC:init__9STControlFv
80035CA0:init__9dJntCol_cFP10fopAc_ac_cPC13dJntColData_cP8J3DModeli
801F9B38:init__9dMw_HIO_cFv
8029DCA4:init__Q26JASDsp8TChannelFv
80293148:init__Q28JASTrack11TChannelMgrFv
8027F8C8:init_c__15JPABaseParticleFP18JPAEmitterWorkDataP15JPABaseParticle
803A2538:init_jk
8027EFEC:init_p__15JPABaseParticleFP18JPAEmitterWorkData
801821E0:init_phase1__FP12camera_class
80182260:init_phase2__FP12camera_class
802F594C:initchar__8J2DPrintFv
80035BD0:initdata_to_card__10dSv_info_cFPci
8029B004:initialUpdateDSPChannel__10JASChannelFPQ26JASDsp8TChannel
8024E7A4:initial__7dName_cFv
80226CF8:initialize__10COutFont_cFv
802F17FC:initialize__10J2DPEBlockFv
802EB24C:initialize__11J2DIndBlockFv
802F2A40:initialize__11J2DTevBlockFv
80316240:initialize__11J3DMaterialFv
802EBA50:initialize__12J2DTevBlock1Fv
802EC7A0:initialize__12J2DTevBlock2Fv
802EDAC4:initialize__12J2DTevBlock4Fv
802EEF6C:initialize__12J2DTevBlock8Fv
80326214:initialize__12J3DMtxBufferFv
803177E8:initialize__12J3DTevBlock1Fv
80317810:initialize__12J3DTevBlock2Fv
803178EC:initialize__12J3DTevBlock4Fv
801F0938:initialize__12dMenu_save_cFv
80225C3C:initialize__13COutFontSet_cFv
802EB394:initialize__13J2DColorBlockFv
802F03EC:initialize__13J2DTevBlock16Fv
80324F08:initialize__13J3DDrawBufferFv
80317A00:initialize__13J3DTevBlock16Fv
80150900:initialize__13daNpcF_Path_cFv
80145C40:initialize__13daNpcT_Path_cFv
802EB510:initialize__14J2DTexGenBlockFv
8032C320:initialize__14J3DMaterialAnmFv
80317B58:initialize__14J3DPEBlockFullFv
801E8210:initialize__14dMenu_Option_cFv
802F1664:initialize__15J2DIndBlockFullFv
80317B28:initialize__15J3DIndBlockFullFv
803176D4:initialize__15J3DTevBlockNullFv
80317674:initialize__15J3DTexGenBlock4Fv
80151038:initialize__15daNpcF_Lookat_cFv
80150738:initialize__15daNpcF_MatAnm_cFv
80146C98:initialize__15daNpcT_JntAnm_cFv
80145764:initialize__15daNpcT_MatAnm_cFv
80317B34:initialize__16J3DPEBlockFogOffFv
80150870:initialize__16daNpcF_SPCurve_cFP5dPathi
80317044:initialize__17J3DLockedMaterialFv
801B0570:initialize__17dMenu_Collect2D_cFv
80316FB8:initialize__18J3DPatchedMaterialFv
803176E0:initialize__18J3DTevBlockPatchedFv
801506B0:initialize__18daNpcF_ActorMngr_cFv
801456D4:initialize__18daNpcT_ActorMngr_cFv
803176A4:initialize__19J3DTexGenBlockBasicFv
8026275C:initialize__20DynamicModuleControlFv
80317580:initialize__20J3DColorBlockLightOnFv
8031747C:initialize__21J3DColorBlockLightOffFv
80317644:initialize__21J3DTexGenBlockPatchedFv
803174DC:initialize__22J3DColorBlockAmbientOnFv
80145898:initialize__22daNpcT_MotionSeqMngr_cFv
802F5DD0:initialize__7J2DPaneFP7J2DPanebUxRCQ29JGeometry8TBox2<f>
802F5F08:initialize__7J2DPaneFUxRCQ29JGeometry8TBox2<f>
80327100:initialize__8J3DModelFv
80314B48:initialize__8J3DShapeFv
801528C8:initialize__8daNpcF_cFv
80160470:initialize__9dCamera_cFP12camera_classP10fopAc_ac_cUlUl
80282758:initialize__Q27JStudio19TFunctionValue_listFv
802833BC:initialize__Q27JStudio22TFunctionValue_hermiteFv
802823D0:initialize__Q27JStudio23TFunctionValue_constantFv
80281DE0:initialize__Q27JStudio24TFunctionValue_compositeFv
80282484:initialize__Q27JStudio25TFunctionValue_transitionFv
80282E08:initialize__Q27JStudio29TFunctionValue_list_parameterFv
802DF0B0:initialize_state__10JUTResFontFv
802DD320:initialize_state__12JUTCacheFontFv
802DED24:initialize_state__7JUTFontFv
804519B0:initialized$60
80255D48:initiateAlphaMorf__17CPaneMgrAlphaMorfFv
802554E0:initiateAlpha__13CPaneMgrAlphaFP7J2DPaneP10JKRExpHeap
80049934:initiateLighting8__FR8_GXColors
802FCCDC:initiate__10J2DPictureFPC7ResTIMGPC7ResTLUT
802FFC58:initiate__10J2DTextBoxFPC7ResFONTPCcs18J2DTextBoxHBinding18J2DTextBoxVBinding
802D97E4:initiate__10JKRDvdFileFv
802DBF14:initiate__10JSUPtrListFv
802DF0DC:initiate__10JUTResFontFPC7ResFONTP7JKRHeap
80303640:initiate__12J2DPictureExFPC7ResTIMGPC7ResTLUT
802DD4EC:initiate__12JUTCacheFontFPC7ResFONTPvUlP7JKRHeap
801AEA68:initiate__15dKantera_icon_cFv
801C28D8:initiate__16dMenuMapCommon_cFP10JKRArchive
802E5454:initiate__6JUTXfbFUsUsP7JKRHeapQ26JUTXfb10EXfbNumber
802F5CB8:initiate__7J2DPaneFv
80253C08:initiate__8CPaneMgrFP7J2DPaneP10JKRExpHeap
802D0810:initiate__Q210JKRExpHeap9CMemBlockFPQ210JKRExpHeap9CMemBlockPQ210JKRExpHeap9CMemBlockUlUcUc
80049B30:initiate_b_Lighting8__FR8_GXColor
802FA604:initinfo2__9J2DWindowFv
802FCE9C:initinfo__10J2DPictureFv
802294A8:inputNumber__19jmessage_tReferenceFv
802358D4:inputProc__12dMsgObject_cFv
801B5C1C:insect_close_init__17dMenu_Collect2D_cFv
801FA9F0:insect_close_init__5dMw_cFUc
801B5C58:insect_close_proc__17dMenu_Collect2D_cFv
801FBD64:insect_close_proc__5dMw_cFv
801B5B70:insect_move_init__17dMenu_Collect2D_cFv
801FA9EC:insect_move_init__5dMw_cFUc
801B5BAC:insect_move_proc__17dMenu_Collect2D_cFv
801FBD08:insect_move_proc__5dMw_cFv
801FA9E8:insect_open2_init__5dMw_cFUc
801FBC78:insect_open2_proc__5dMw_cFv
801B5A60:insect_open_init__17dMenu_Collect2D_cFv
801FA964:insect_open_init__5dMw_cFUc
801B5B00:insect_open_proc__17dMenu_Collect2D_cFv
801FBC1C:insect_open_proc__5dMw_cFv
80396690:insect_tag$4249
802F6714:insertChild__7J2DPaneFP7J2DPaneP7J2DPane
80290608:insertChild__7JASHeapFP7JASHeapP7JASHeapPvUlb
803040E4:insertCommon__12J2DPictureExFUcf
802F2A6C:insertTexture__11J2DTevBlockFUlP10JUTTexture
802F2A7C:insertTexture__11J2DTevBlockFUlPC7ResTIMG
802F2A74:insertTexture__11J2DTevBlockFUlPC7ResTIMGP10JUTPalette
802EBDE4:insertTexture__12J2DTevBlock1FUlP10JUTTexture
802F29A8:insertTexture__12J2DTevBlock1FUlPC7ResTIMG
802EBCC0:insertTexture__12J2DTevBlock1FUlPC7ResTIMGP10JUTPalette
802ECDE8:insertTexture__12J2DTevBlock2FUlP10JUTTexture
802F2708:insertTexture__12J2DTevBlock2FUlPC7ResTIMG
802ECAE8:insertTexture__12J2DTevBlock2FUlPC7ResTIMGP10JUTPalette
802EE1D4:insertTexture__12J2DTevBlock4FUlP10JUTTexture
802F2464:insertTexture__12J2DTevBlock4FUlPC7ResTIMG
802EDE04:insertTexture__12J2DTevBlock4FUlPC7ResTIMGP10JUTPalette
802EF67C:insertTexture__12J2DTevBlock8FUlP10JUTTexture
802F21C4:insertTexture__12J2DTevBlock8FUlPC7ResTIMG
802EF2B0:insertTexture__12J2DTevBlock8FUlPC7ResTIMGP10JUTPalette
802F0AFC:insertTexture__13J2DTevBlock16FUlP10JUTTexture
802F1F24:insertTexture__13J2DTevBlock16FUlPC7ResTIMG
802F0730:insertTexture__13J2DTevBlock16FUlPC7ResTIMGP10JUTPalette
802FD524:insert__10J2DPictureFP10JUTTextureUcf
802FD168:insert__10J2DPictureFPC7ResTIMGP10JUTPaletteUcf
801BDD70:insert__10J2DPictureFPC7ResTIMGUcf
802FD4B4:insert__10J2DPictureFPCcP10JUTPaletteUcf
80020368:insert__10J2DPictureFPCcUcf
802DC094:insert__10JSUPtrListFP10JSUPtrLinkP10JSUPtrLink
80304048:insert__12J2DPictureExFP10JUTTextureUcf
80303F34:insert__12J2DPictureExFPC7ResTIMGP10JUTPaletteUcf
80307058:insert__12J2DPictureExFPC7ResTIMGUcf
80303FD8:insert__12J2DPictureExFPCcP10JUTPaletteUcf
80307024:insert__12J2DPictureExFPCcUcf
80049408:insert__12diff_model_cFP11modelList_c
802DCDA4:insert__Q27JGadget20TVector_pointer_voidFPPvRCPv
802DD130:insert__Q27JGadget38TVector<Pv,Q27JGadget14TAllocator<Pv>>FPPvRCPv
802DCE1C:insert__Q27JGadget38TVector<Pv,Q27JGadget14TAllocator<Pv>>FPPvUlRCPv
802DD54C:internal_initiate__12JUTCacheFontFPC7ResFONTPvUlP7JKRHeap
802817D8:interpolateValue_BSpline_nonuniform__Q27JStudio13functionvalueFdPCdPCd
80281774:interpolateValue_BSpline_uniform__Q27JStudio13functionvalueFddddd
80281710:interpolateValue_hermite__Q27JStudio13functionvalueFddddddd
80293ABC:interrupt__10JASSeqCtrlFQ210JASSeqCtrl8IntrType
8029DAA0:invalChannelAll__6JASDspFv
802DDEE0:invalidiateAllCache__12JUTCacheFontFv
8018EA3C:iplSelDispInit__14dFile_select_cFv
801F1C94:iplSelInitSet__12dMenu_save_cFv
801F1C70:iplSelMsgInitSet__12dMenu_save_cFv
80391A38:ironBallPosVec$34212
802B9978:isActive__12JAIStreamMgrCFv
802AB504:isActive__14Z2SoundHandlesCFv
8029DD6C:isActive__Q26JASDsp8TChannelCFv
80035724:isActor__10dSv_info_cCFii
8003D818:isArrival__22dMenu_Fmap_room_data_cFv
8003D95C:isArrival__23dMenu_Fmap_stage_data_cFv
802259F8:isArrowEquip__9dMeter2_cFv
8009B6D4:isArrow__FUc
8021BCC0:isBButtonShow__13dMeter2Draw_cFb
8009B688:isBomb__FUc
8023720C:isBookMessage__12dMsgObject_cFv
80228F3C:isBook__19jmessage_tReferenceFv
802371F8:isBossMessage__12dMsgObject_cFv
80228ED4:isBossName__19jmessage_tReferenceFv
8009B708:isBottleItem__FUc
8021B0C8:isButtonVisible__13dMeter2Draw_cFv
80237934:isCameraCancelFlag__12dMsgObject_cFv
801D9E7C:isCatchInsect__14dMenu_Insect_cFUc
801D9F3C:isCatchNotGiveInsect__14dMenu_Insect_cFUc
8022986C:isCharSend__19jmessage_tReferenceFv
80029104:isCheckFloor__15renderingAmap_cCFv
801C2624:isCheckFloor__15renderingDmap_cCFv
801BE670:isClose__12dMenu_Dmap_cFv
801CB038:isClose__12dMenu_Fmap_cFv
801EB3CC:isClose__12dMenu_Ring_cFv
80209474:isClose__14dMeterButton_cFv
8003424C:isCollectCrystal__20dSv_player_collect_cCFUc
80034290:isCollectMirror__20dSv_player_collect_cCFUc
80034208:isCollect__20dSv_player_collect_cCFiUc
8025B174:isCreatingCallback__FP10create_tagPUi
8025B194:isCreating__FUi
80032BB0:isDarkClearLV__21dSv_player_status_b_cCFi
80194138:isDead__11dMeterSub_cFv
80193FA0:isDead__8dScope_cFv
8021C950:isDirectUseItem__13dMeter2Info_cFi
8020E70C:isDmapScreen__11dMeterMap_cFv
8003E6E8:isDrawDisp__19dMenuFmapIconDisp_cFv
80029190:isDrawIconSingle2__15renderingAmap_cCFPCQ27dTres_c6data_sbbi
801C086C:isDrawIconSingle2__15renderingDmap_cCFPCQ27dTres_c6data_sbbi
800409E0:isDrawIconSingle__16renderingDAmap_cCFPCQ27dTres_c6data_siibbPC3Vec
80028BB4:isDrawOutSideTrim__15renderingAmap_cFv
801CE4D4:isDrawPath__15renderingFmap_cFv
800402C0:isDrawPath__16renderingDAmap_cFv
800409B4:isDrawRoomIcon__16renderingDAmap_cCFii
8002A294:isDrawRoomIcon__6dMap_cCFii
801CE4DC:isDrawRoom__15renderingFmap_cFv
8003FE70:isDrawRoom__16renderingDAmap_cCFii
8002A1DC:isDrawRoom__6dMap_cCFii
8002ABF0:isDrawType__11dDrawPath_cFi
801CF1D4:isDrawType__15dMenu_FmapMap_cFi
800296EC:isDrawType__6dMap_cFi
80237B68:isDraw__12dMsgObject_cFv
80034934:isDungeonItem__12dSv_memBit_cCFi
8020D650:isEnableDispMapAndMapDispSizeTypeNo__11dMeterMap_cFv
8020D49C:isEnableDispMap__11dMeterMap_cFv
802E2F18:isEnablePad__12JUTExceptionCFv
801C2538:isEnableZoomIn__20dMenu_StageMapCtrl_cFv
801C2028:isEnableZoomMove__19dMenu_DmapMapCtrl_cCFv
801C2578:isEnableZoomOut__20dMenu_StageMapCtrl_cFv
80288988:isEqual__Q37JStudio6object7TIDDataFRCQ37JStudio6object7TIDDataRCQ37JStudio6object7TIDData
802DA7D4:isErrorRetry__12JKRDvdRipperFv
800349BC:isEventBit__11dSv_event_cCFUs
801FCF84:isEventCheck__5dMw_cFv
8020D698:isEventRunCheck__11dMeterMap_cFv
8003F758:isExistMapPathData__8dMpath_cFv
80206D70:isFastSet__14dMeterButton_cFi
8029DD7C:isFinish__Q26JASDsp8TChannelCFv
80033EC8:isFirstBit__21dSv_player_get_item_cCFUc
801B05A8:isFishIconVisible__17dMenu_Collect2D_cFv
801975F8:isFlag__13dShopSystem_cFi
801CEAE0:isFlashRoomNoCheck__15dMenu_FmapMap_cCFi
8021C1DC:isFloatingMessageVisible__13dMeter2Info_cFv
8020E620:isFmapScreen__11dMeterMap_cFv
801D9DE4:isGetInsect__14dMenu_Insect_cFii
802370A8:isGetItemMessage__12dMsgObject_cFv
801D9ED4:isGiveInsect__14dMenu_Insect_cFUc
801D9E20:isGiveInsect__14dMenu_Insect_cFii
8009B77C:isHeart__FUc
80196A3C:isHomePos__15dShopItemCtrl_cFi
802378D4:isHowlHearingModeLocal__12dMsgObject_cFv
80238588:isHowlHearingMode__12dMsgObject_cFv
802370E8:isHowlMessage__12dMsgObject_cFv
80228FA4:isHowl__19jmessage_tReferenceFv
802BCCC0:isInSight__13Z2AudioCameraCFR3Vec
801B071C:isInsectIconVisible__17dMenu_Collect2D_cFv
8009B79C:isInsect__FUc
8030437C:isInsert__12J2DPictureExCFUc
80035590:isItem__10dSv_info_cCFii
80034C74:isItem__12dSv_danBit_cCFi
800348EC:isItem__12dSv_memBit_cCFi
80034E50:isItem__13dSv_zoneBit_cCFi
802370BC:isKanbanMessage__12dMsgObject_cFv
80228E6C:isKanban__19jmessage_tReferenceFv
801BF464:isKeyCheck__12dMenu_Dmap_cFv
80242080:isKeyCheck__14dMsgScrnHowl_cFv
801B5F84:isKeyCheck__17dMenu_Collect2D_cFv
80225960:isKeyVisible__9dMeter2_cFv
80237980:isKillMessageFlag__12dMsgObject_cFv
802E0108:isLeadByte_1Byte__7JUTFontFi
802E0110:isLeadByte_2Byte__7JUTFontFi
802E0118:isLeadByte_ShiftJIS__7JUTFontFi
802DFDA4:isLeadByte__10JUTResFontCFi
8020FA88:isLeadByte__14dMeterString_cFi
8003444C:isLetterGetFlag__17dSv_letter_info_cCFi
8003449C:isLetterReadFlag__17dSv_letter_info_cCFi
802AE524:isLevelSe__7Z2SeMgrF10JAISoundID
8003439C:isLightDropGetFlag__16dSv_light_drop_cCFUc
8022994C:isLightEnd__19jmessage_tReferenceFv
802298DC:isLightSend__19jmessage_tReferenceFv
801CD92C:isLightVesselGet__12dMenu_Fmap_cFv
801451EC:isLoadRoom__Fi
801580A8:isM___10daNpcCd2_cFv
80156228:isM___9daNpcCd_cFv
80032AF8:isMagicFlag__21dSv_player_status_a_cCFUc
801BD690:isMapMoveState__12dMenu_Dmap_cFv
8020D900:isMapOpenCheck__11dMeterMap_cFv
80047930:isMapToolCamera__16dEvent_manager_cFUcl
802CCF88:isMidnaSpeak__12Z2SpeechMgr2Fv
802370FC:isMidonaMessage__12dMsgObject_cFv
80237138:isMidonaNormalTalkWait__12dMsgObject_cFv
802371B0:isMidonaTalkWait__12dMsgObject_cFv
80228FD8:isMidona__19jmessage_tReferenceFv
801EEC98:isMixItemOff__12dMenu_Ring_cFv
801EEB58:isMixItemOn__12dMenu_Ring_cFv
80237588:isMouthCheckLocal__12dMsgObject_cFv
802383A4:isMouthCheck__12dMsgObject_cFv
801EB2B4:isMoveEnd__12dMenu_Ring_cFv
802B61BC:isMovieDemo__11Z2StatusMgrFv
8003A1F4:isMsgDoor__13door_param2_cFP10fopAc_ac_c
80237550:isMsgSendControlLocal__12dMsgObject_cFv
802382F4:isMsgSendControl__12dMsgObject_cFv
8023757C:isMsgSendLocal__12dMsgObject_cFv
80238378:isMsgSend__12dMsgObject_cFv
80292AF4:isMute__8JASTrackCFv
8030321C:isNeedSetAnm__11J2DWindowExFUc
802CC2FC:isNonVerbal__12Z2SpeechMgr2Fv
80034E98:isOneItem__13dSv_zoneBit_cCFi
80034DE0:isOneSwitch__13dSv_zoneBit_cCFi
801BE328:isOpen__12dMenu_Dmap_cFv
801CADC4:isOpen__12dMenu_Fmap_cFv
801EB0A4:isOpen__12dMenu_Ring_cFv
801412D4:isOrderOK__14dEvt_control_cFv
802408A4:isOugiID__14dMsgScrnItem_cFv
801B5FAC:isOutCheck__17dMenu_Collect2D_cFv
80028C60:isOutSideBlackLine__15renderingAmap_cFv
802288A8:isOutfontKanjiCode__Fi
80225A64:isPachinkoEquip__9dMeter2_cFv
8014D9A8:isPath__16daBaseNpc_path_cFv
801FCDD8:isPauseReady__5dMw_cFv
802371E4:isPlaceMessage__12dMsgObject_cFv
80228EA0:isPlaceName__19jmessage_tReferenceFv
8016C34C:isPlayerCharging__22@unnamed@d_camera_cpp@FUl
8016C25C:isPlayerFlying__22@unnamed@d_camera_cpp@FP9daAlink_c
802AAAC4:isPlayingSoundID__10Z2SoundMgrF10JAISoundID
80258520:isProgressiveMode__10dScnLogo_cFv
8025B67C:isReadRoom__Fi
80032E78:isRegionBit__33dSv_player_field_last_stay_info_cCFi
8008E750:isRelChar__25@unnamed@d_ev_camera_cpp@Fc
80304728:isRemove__12J2DPictureExCFUc
8002911C:isRendAllRoom__15renderingAmap_cCFv
801C2614:isRendAllRoom__15renderingDmap_cCFv
800296F8:isRendAllRoom__6dMap_cCFv
80029114:isRendCursor__15renderingAmap_cCFv
801C2634:isRendCursor__15renderingDmap_cCFv
800290C0:isRendDoor__15renderingAmap_cCFv
801C261C:isRendDoor__15renderingDmap_cCFv
8002B000:isRendIcon__15renderingAmap_cCFv
801C263C:isRendIcon__15renderingDmap_cCFv
8002910C:isRendRestart__15renderingAmap_cCFv
801C262C:isRendRestart__15renderingDmap_cCFv
801CF55C:isRenderingFloor__15renderingFmap_cFi
8003FE54:isRenderingFloor__16renderingDAmap_cFi
801CB2C0:isRoomCheck__12dMenu_Fmap_cFii
801CCA98:isRoomDataBit__12dMenu_Fmap_cFi
801E80A0:isRumbleSupported__14dMenu_Option_cFv
802D6394:isSameName__10JKRArchiveCFRQ210JKRArchive8CArcNameUlUs
80314F5C:isSameVcdVatCmd__8J3DShapeFP8J3DShape
80312A74:isSame__12J3DMatPacketCFP12J3DMatPacket
80049388:isSame__12diff_model_cFP12J3DModelDatai
80237228:isSaveMessage__12dMsgObject_cFv
80228F08:isSaveSeq__19jmessage_tReferenceFv
80238C60:isSelect__14dMsgScrnBase_cFv
80240008:isSelect__14dMsgScrnItem_cFv
802481D8:isSelect__14dMsgScrnTalk_cFv
80239C64:isSelect__17dMsgScrn3Select_cFv
802369D8:isSend__12dMsgObject_cFv
80302BE8:isSetBlackWhite__11J2DWindowExCFQ28JUtility6TColorQ28JUtility6TColor
80306824:isSetBlackWhite__12J2DPictureExCFQ28JUtility6TColorQ28JUtility6TColor
80308668:isSetBlackWhite__12J2DTextBoxExCFQ28JUtility6TColorQ28JUtility6TColor
802256DC:isShowLightDrop__9dMeter2_cFv
801D2508:isShowRegion__18dMenu_Fmap2DBack_cFi
8020E4C8:isShow__11dMeterMap_cFUl
801B061C:isSkillIconVisible__17dMenu_Collect2D_cFv
80197650:isSoldOutItemFlag__13dShopSystem_cFi
802AE5B0:isSoundCulling__7Z2SeMgrF10JAISoundID
80029744:isSpecialOutline__6dMap_cFv
80237214:isStaffMessage__12dMsgObject_cFv
80228F70:isStaffRoll__19jmessage_tReferenceFv
800889F8:isStageEvent__25@unnamed@d_ev_camera_cpp@Fi
8025DB10:isStart__8dTimer_cFv
802CEBA8:isSubHeap__7JKRHeapCFP7JKRHeap
801CE224:isSwitchSpecialOff__15renderingFmap_cFi
80035360:isSwitch__10dSv_info_cCFii
80034BE8:isSwitch__12dSv_danBit_cCFi
80034860:isSwitch__12dSv_memBit_cCFi
80034D50:isSwitch__13dSv_zoneBit_cCFi
801CE288:isSwitch__15renderingFmap_cFPCQ211dDrawPath_c11group_class
8003FD9C:isSwitch__16renderingDAmap_cFPCQ211dDrawPath_c11group_class
80030FCC:isSwitch__Q27daSus_c6data_cFv
801BF410:isSync__12dMenu_Dmap_cFv
801C7AFC:isSync__12dMenu_Fmap_cFv
801F7950:isSync__13dMenu_Skill_cFv
801D88EC:isSync__14dMenu_Insect_cFv
801DD934:isSync__14dMenu_Letter_cFv
801E3A7C:isSync__14dMenu_Option_cFv
801C5204:isSync__15dMenu_Fishing_cFv
8023723C:isTalkMessage__12dMsgObject_cFv
8023C574:isTalkNow__14dMsgScrnBase_cFv
800347E8:isTbox__12dSv_memBit_cCFi
80323F64:isTexNoReg__FPv
80032BEC:isTransformLV__21dSv_player_status_b_cCFi
802C01E4:isTwilightBattle__13Z2SoundObjMgrFv
802FF63C:isUsed__10J2DPictureFPC7ResFONT
802FF09C:isUsed__10J2DPictureFPC7ResTIMG
80300BFC:isUsed__10J2DTextBoxFPC7ResFONT
80300C70:isUsed__10J2DTextBoxFPC7ResTIMG
803035FC:isUsed__11J2DWindowExFPC7ResFONT
80302EDC:isUsed__11J2DWindowExFPC7ResTIMG
803071A4:isUsed__12J2DPictureExFPC7ResFONT
80306A24:isUsed__12J2DPictureExFPC7ResTIMG
80308828:isUsed__12J2DTextBoxExFPC7ResFONT
80308A28:isUsed__12J2DTextBoxExFPC7ResTIMG
802F74B8:isUsed__7J2DPaneFPC7ResFONT
802F7430:isUsed__7J2DPaneFPC7ResTIMG
802F9620:isUsed__9J2DScreenFPC7ResFONT
802F9600:isUsed__9J2DScreenFPC7ResTIMG
802FC02C:isUsed__9J2DWindowFPC7ResFONT
802FBEDC:isUsed__9J2DWindowFPC7ResTIMG
8029F8B0:isUsingSeqData__16JAISeCategoryMgrFRC16JAISeqDataRegion
802A0168:isUsingSeqData__8JAISeMgrFRC16JAISeqDataRegion
802A1804:isUsingSeqData__9JAISeqMgrFRC16JAISeqDataRegion
8025564C:isVisible__13CPaneMgrAlphaFv
8003ED10:isVisitedRoom__10dMapInfo_nFi
80034AEC:isVisitedRoom__13dSv_memory2_cFi
801D8088:isWarpAccept__17dMenu_Fmap2DTop_cFv
802670AC:isZero__4cXyzCFv
80034F1C:is__15dSv_zoneActor_cCFi
801824C0:is_camera_delete__FPv
80167CB8:is_player__22@unnamed@d_camera_cpp@FP10fopAc_ac_c
800482CC:issueStaff__16dEvent_manager_cFPCc
80450FC0:it$36766
80450E4C:it$4206
8015D688:itemActionForArrow__8daItem_cFv
8015D700:itemActionForBoomerang__8daItem_cFv
8015D56C:itemActionForHeart__8daItem_cFv
8015D4AC:itemActionForRupee__8daItem_cFv
800B26FC:itemActionTrigger__9daAlink_cFv
800B25E8:itemButtonCheck__9daAlink_cFUc
800B2604:itemButton__9daAlink_cFv
801BFC78:itemCarryCheck__12dMenu_Dmap_cFv
8004212C:itemCheck__14dEvt_control_cFP12dEvt_order_c
800B9640:itemEquip__9daAlink_cFUs
8015B254:itemGetCoCallBack__FP10fopAc_ac_cP12dCcD_GObjInfP10fopAc_ac_cP12dCcD_GObjInf
8015CEEC:itemGetNextExecute__8daItem_cFv
8015B320:itemGetTgCallBack__FP10fopAc_ac_cP12dCcD_GObjInfP10fopAc_ac_cP12dCcD_GObjInf
8015D0A8:itemGet__8daItem_cFv
801BF278:itemInfoCloseAnm__12dMenu_Dmap_cFv
801BF180:itemInfoOpenAnm__12dMenu_Dmap_cFv
801BF18C:itemInfoWait__12dMenu_Dmap_cFv
801BEAFC:itemInfo_init_proc__12dMenu_Dmap_cFv
801BEB0C:itemInfo_proc__12dMenu_Dmap_cFv
803BC918:itemInfo_subProcess
8002B2C8:itemInit__14dComIfG_play_cFv
80198950:itemRotate__13dShopSystem_cFv
801BEFCC:itemSelectAnmInit__12dMenu_Dmap_cFv
801BF030:itemSelectAnm__12dMenu_Dmap_cFv
801BEB44:itemSelect__12dMenu_Dmap_cFv
80395118:itemTag$6441
804532B0:itemTalkType$67468
800B25CC:itemTriggerCheck__9daAlink_cFUc
800B2634:itemTrigger__9daAlink_cFv
800B96A4:itemUnequip__9daAlink_cFUsf
80198A2C:itemZoom__13dShopSystem_cFP4cXyz
800994BC:item_func_AIR_LETTER__Fv
800994F0:item_func_ANCIENT_DOCUMENT2__Fv
80099488:item_func_ANCIENT_DOCUMENT__Fv
800985A0:item_func_ARMOR__Fv
800980C8:item_func_ARROW_10__Fv
80098110:item_func_ARROW_1__Fv
800980E0:item_func_ARROW_20__Fv
800980F8:item_func_ARROW_30__Fv
80098AB0:item_func_ARROW_LV1__Fv
80098AC8:item_func_ARROW_LV2__Fv
80098AE0:item_func_ARROW_LV3__Fv
80099284:item_func_ASHS_SCRIBBLING__Fv
80098EE4:item_func_BEE_CHILD__Fv
80098B04:item_func_BEE_ROD__Fv
80099164:item_func_BILL__Fv
80098BA4:item_func_BLUE_BOTTLE__Fv
80097F68:item_func_BLUE_RUPEE__Fv
80098050:item_func_BOMB_10__Fv
80098078:item_func_BOMB_20__Fv
800980A0:item_func_BOMB_30__Fv
80098028:item_func_BOMB_5__Fv
80098AFC:item_func_BOMB_ARROW__Fv
80098A14:item_func_BOMB_BAG_LV1__Fv
80098A10:item_func_BOMB_BAG_LV2__Fv
80098208:item_func_BOMB_INSECT_10__Fv
80098230:item_func_BOMB_INSECT_20__Fv
80098258:item_func_BOMB_INSECT_30__Fv
800981E0:item_func_BOMB_INSECT_5__Fv
80098A48:item_func_BOMB_IN_BAG__Fv
80098718:item_func_BOOMERANG__Fv
80099598:item_func_BOSSRIDER_KEY__Fv
800983EC:item_func_BOSS_KEY__Fv
800987B4:item_func_BOW__Fv
80099338:item_func_CHUCHU_BLACK__Fv
80098FE0:item_func_CHUCHU_BLUE__Fv
80099010:item_func_CHUCHU_GREEN__Fv
80099070:item_func_CHUCHU_PURPLE__Fv
80098F80:item_func_CHUCHU_RARE__Fv
80098FB0:item_func_CHUCHU_RED__Fv
800992B8:item_func_CHUCHU_YELLOW2__Fv
80099040:item_func_CHUCHU_YELLOW__Fv
80098374:item_func_COMPUS__Fv
800989DC:item_func_COPY_ROD_2__Fv
80098864:item_func_COPY_ROD__Fv
80098EB4:item_func_DROP_BOTTLE__Fv
8009939C:item_func_DROP_CONTAINER02__Fv
800993CC:item_func_DROP_CONTAINER03__Fv
8009936C:item_func_DROP_CONTAINER__Fv
8009841C:item_func_DUNGEON_BACK__Fv
800985CC:item_func_DUNGEON_EXIT_2__Fv
800983A4:item_func_DUNGEON_EXIT__Fv
80098B18:item_func_EMPTY_BOTTLE__Fv
80098D54:item_func_FAIRY_BOTTLE__Fv
80098E80:item_func_FAIRY_DROP__Fv
800993FC:item_func_FILLED_CONTAINER__Fv
80098968:item_func_FISHING_ROD_1__Fv
80099478:item_func_F_ANT__Fv
80099428:item_func_F_BEETLE__Fv
80099430:item_func_F_BUTTERFLY__Fv
80099450:item_func_F_DANGOMUSHI__Fv
80099470:item_func_F_DRAGONFLY__Fv
80099440:item_func_F_GRASSHOPPER__Fv
80099460:item_func_F_LADYBUG__Fv
80099458:item_func_F_MANTIS__Fv
80099480:item_func_F_MAYFLY__Fv
80099448:item_func_F_NANAFUSHI__Fv
80099468:item_func_F_SNAIL__Fv
80099438:item_func_F_STAG_BEETLE__Fv
80098B74:item_func_GREEN_BOTTLE__Fv
80097F50:item_func_GREEN_RUPEE__Fv
80098C04:item_func_HALF_MILK_BOTTLE__Fv
80098B00:item_func_HAWK_ARROW__Fv
80098690:item_func_HAWK_EYE__Fv
80097F2C:item_func_HEART__Fv
800987FC:item_func_HOOKSHOT__Fv
8009921C:item_func_HORSE_FLUTE__Fv
80098D84:item_func_HOT_SPRING2__Fv
80098D24:item_func_HOT_SPRING__Fv
80098830:item_func_HVY_BOOTS__Fv
80098508:item_func_HYLIA_SHIELD__Fv
800991E8:item_func_IRIAS_PENDANT__Fv
80098780:item_func_IRONBALL__Fv
80098B10:item_func_JEWEL_BEE_ROD__Fv
80098B08:item_func_JEWEL_ROD__Fv
80098B14:item_func_JEWEL_WORM_ROD__Fv
8009829C:item_func_KAKERA_HEART__Fv
800995D8:item_func_KANTERA2__Fv
800988E8:item_func_KANTERA__Fv
800995E8:item_func_KEY_OF_CARAVAN__Fv
8009961C:item_func_KEY_OF_FILONE__Fv
800995DC:item_func_L2_KEY_PIECES1__Fv
800995E0:item_func_L2_KEY_PIECES2__Fv
800995E4:item_func_L2_KEY_PIECES3__Fv
80099130:item_func_LETTER__Fv
80098A7C:item_func_LIGHT_ARROW__Fv
80099368:item_func_LIGHT_DROP__Fv
80098928:item_func_LIGHT_SWORD__Fv
80099558:item_func_LINKS_SAVINGS__Fv
80098AF8:item_func_LURE_ROD__Fv
800990A0:item_func_LV1_SOUP__Fv
800995EC:item_func_LV2_BOSS_KEY__Fv
800990D0:item_func_LV2_SOUP__Fv
80099100:item_func_LV3_SOUP__Fv
800995A4:item_func_LV5_BOSS_KEY__Fv
80099524:item_func_LV7_DUNGEON_EXIT__Fv
80098010:item_func_L_MAGIC__Fv
800985A8:item_func_MAGIC_LV1__Fv
80098344:item_func_MAP__Fv
8009848C:item_func_MASTER_SWORD__Fv
80098BD4:item_func_MILK_BOTTLE__Fv
80099400:item_func_MIRROR_PIECE_2__Fv
80099404:item_func_MIRROR_PIECE_3__Fv
80099408:item_func_MIRROR_PIECE_4__Fv
80099474:item_func_M_ANT__Fv
80099424:item_func_M_BEETLE__Fv
8009942C:item_func_M_BUTTERFLY__Fv
8009944C:item_func_M_DANGOMUSHI__Fv
8009946C:item_func_M_DRAGONFLY__Fv
8009943C:item_func_M_GRASSHOPPER__Fv
8009945C:item_func_M_LADYBUG__Fv
80099454:item_func_M_MANTIS__Fv
8009947C:item_func_M_MAYFLY__Fv
80099444:item_func_M_NANAFUSHI__Fv
80099464:item_func_M_SNAIL__Fv
80099434:item_func_M_STAG_BEETLE__Fv
80098DBC:item_func_NORMAL_BOMB__Fv
80098DB4:item_func_OIL2__Fv
80098C94:item_func_OIL_BOTTLE2__Fv
800992E8:item_func_OIL_BOTTLE3__Fv
80098C34:item_func_OIL_BOTTLE__Fv
80098DB8:item_func_OIL__Fv
80097FC8:item_func_ORANGE_RUPEE__Fv
80098128:item_func_PACHINKO_SHOT__Fv
8009899C:item_func_PACHINKO__Fv
80098E38:item_func_POKE_BOMB__Fv
80099588:item_func_POU_FIRE1__Fv
8009958C:item_func_POU_FIRE2__Fv
80099590:item_func_POU_FIRE3__Fv
80099594:item_func_POU_FIRE4__Fv
80099484:item_func_POU_SPIRIT__Fv
80097FB0:item_func_PURPLE_RUPEE__Fv
80099250:item_func_RAFRELS_MEMO__Fv
8009825C:item_func_RECOVER_FAILY__Fv
80098CC4:item_func_RED_BOTTLE2__Fv
80098B44:item_func_RED_BOTTLE__Fv
80097F98:item_func_RED_RUPEE__Fv
80098504:item_func_SHIELD__Fv
80099318:item_func_SHOP_BEE_CHILD__Fv
80097FE0:item_func_SILVER_RUPEE__Fv
80099570:item_func_SMALL_KEY2__Fv
80098284:item_func_SMALL_KEY__Fv
8009941C:item_func_SMELL_CHILDREN__Fv
80099418:item_func_SMELL_FISH__Fv
80099420:item_func_SMELL_MEDICINE__Fv
80099414:item_func_SMELL_POH__Fv
80099410:item_func_SMELL_PUMPKIN__Fv
8009940C:item_func_SMELL_YELIA_POUCH__Fv
8009874C:item_func_SPINNER__Fv
800995D4:item_func_SURFBOARD__Fv
80098450:item_func_SWORD__Fv
80097FF8:item_func_S_MAGIC__Fv
800995A0:item_func_TASTE__Fv
8009850C:item_func_TKS_LETTER__Fv
8009959C:item_func_TOMATO_PUREE__Fv
80098280:item_func_TRIPLE_HEART__Fv
80098CF4:item_func_UGLY_SOUP__Fv
800982B4:item_func_UTUWA_HEART__Fv
80098600:item_func_WALLET_LV1__Fv
80098614:item_func_WALLET_LV2__Fv
80098628:item_func_WALLET_LV3__Fv
80098168:item_func_WATER_BOMB_10__Fv
80098190:item_func_WATER_BOMB_20__Fv
800981B8:item_func_WATER_BOMB_30__Fv
80098140:item_func_WATER_BOMB_5__Fv
80098DF0:item_func_WATER_BOMB__Fv
80098C64:item_func_WATER_BOTTLE__Fv
80098540:item_func_WEAR_CASUAL__Fv
80098564:item_func_WEAR_KOKIRI__Fv
800985A4:item_func_WEAR_ZORA__Fv
800984C8:item_func_WOOD_SHIELD__Fv
80099198:item_func_WOOD_STATUE__Fv
800986C4:item_func_WOOD_STICK__Fv
80098B0C:item_func_WORM_ROD__Fv
80098EB0:item_func_WORM__Fv
80098898:item_func_W_HOOKSHOT__Fv
80097F80:item_func_YELLOW_RUPEE__Fv
8009863C:item_func_ZORAS_JEWEL__Fv
80099634:item_func_noentry__Fv
803AF178:item_func_ptr
8009B3E4:item_getcheck_func_AIR_LETTER__Fv
8009B428:item_getcheck_func_ANCIENT_DOCUMENT2__Fv
8009B3A0:item_getcheck_func_ANCIENT_DOCUMENT__Fv
80099CC8:item_getcheck_func_ARMOR__Fv
80099868:item_getcheck_func_ARROW_10__Fv
800998F8:item_getcheck_func_ARROW_1__Fv
80099898:item_getcheck_func_ARROW_20__Fv
800998C8:item_getcheck_func_ARROW_30__Fv
8009A308:item_getcheck_func_ARROW_LV1__Fv
8009A378:item_getcheck_func_ARROW_LV2__Fv
8009A3E8:item_getcheck_func_ARROW_LV3__Fv
8009ACE0:item_getcheck_func_ASHS_SCRIBBLING__Fv
8009A978:item_getcheck_func_BEE_CHILD__Fv
8009A470:item_getcheck_func_BEE_ROD__Fv
8009AB8C:item_getcheck_func_BILL__Fv
8009A5AC:item_getcheck_func_BLUE_BOTTLE__Fv
80099678:item_getcheck_func_BLUE_RUPEE__Fv
800997D8:item_getcheck_func_BOMB_10__Fv
80099808:item_getcheck_func_BOMB_20__Fv
80099838:item_getcheck_func_BOMB_30__Fv
800997A8:item_getcheck_func_BOMB_5__Fv
8009A460:item_getcheck_func_BOMB_ARROW__Fv
8009A278:item_getcheck_func_BOMB_BAG_LV1__Fv
8009A248:item_getcheck_func_BOMB_BAG_LV2__Fv
80099980:item_getcheck_func_BOMB_INSECT_10__Fv
800999B0:item_getcheck_func_BOMB_INSECT_20__Fv
800999E0:item_getcheck_func_BOMB_INSECT_30__Fv
80099978:item_getcheck_func_BOMB_INSECT_5__Fv
8009A2A8:item_getcheck_func_BOMB_IN_BAG__Fv
80099E30:item_getcheck_func_BOOMERANG__Fv
8009B4E0:item_getcheck_func_BOSSRIDER_KEY__Fv
80099AB4:item_getcheck_func_BOSS_KEY__Fv
80099EFC:item_getcheck_func_BOW__Fv
8009AD68:item_getcheck_func_CHUCHU_BLACK__Fv
8009A9E8:item_getcheck_func_CHUCHU_BLUE__Fv
8009AA1C:item_getcheck_func_CHUCHU_GREEN__Fv
8009AA84:item_getcheck_func_CHUCHU_PURPLE__Fv
8009A980:item_getcheck_func_CHUCHU_RARE__Fv
8009A9B4:item_getcheck_func_CHUCHU_RED__Fv
8009AD24:item_getcheck_func_CHUCHU_YELLOW2__Fv
8009AA50:item_getcheck_func_CHUCHU_YELLOW__Fv
80099A68:item_getcheck_func_COMPUS__Fv
8009A240:item_getcheck_func_COPY_ROD_2__Fv
80099FC8:item_getcheck_func_COPY_ROD__Fv
8009A948:item_getcheck_func_DROP_BOTTLE__Fv
8009ADFC:item_getcheck_func_DROP_CONTAINER02__Fv
8009AE2C:item_getcheck_func_DROP_CONTAINER03__Fv
8009ADCC:item_getcheck_func_DROP_CONTAINER__Fv
80099AE4:item_getcheck_func_DUNGEON_BACK__Fv
80099D30:item_getcheck_func_DUNGEON_EXIT_2__Fv
80099A70:item_getcheck_func_DUNGEON_EXIT__Fv
8009A510:item_getcheck_func_EMPTY_BOTTLE__Fv
8009A780:item_getcheck_func_FAIRY_BOTTLE__Fv
8009A8E0:item_getcheck_func_FAIRY_DROP__Fv
8009AE5C:item_getcheck_func_FILLED_CONTAINER__Fv
8009A0C8:item_getcheck_func_FISHING_ROD_1__Fv
8009B300:item_getcheck_func_F_ANT__Fv
8009AF40:item_getcheck_func_F_BEETLE__Fv
8009AFA0:item_getcheck_func_F_BUTTERFLY__Fv
8009B120:item_getcheck_func_F_DANGOMUSHI__Fv
8009B2A0:item_getcheck_func_F_DRAGONFLY__Fv
8009B060:item_getcheck_func_F_GRASSHOPPER__Fv
8009B1E0:item_getcheck_func_F_LADYBUG__Fv
8009B180:item_getcheck_func_F_MANTIS__Fv
8009B360:item_getcheck_func_F_MAYFLY__Fv
8009B0C0:item_getcheck_func_F_NANAFUSHI__Fv
8009B240:item_getcheck_func_F_SNAIL__Fv
8009B000:item_getcheck_func_F_STAG_BEETLE__Fv
8009A578:item_getcheck_func_GREEN_BOTTLE__Fv
80099648:item_getcheck_func_GREEN_RUPEE__Fv
8009A614:item_getcheck_func_HALF_MILK_BOTTLE__Fv
8009A468:item_getcheck_func_HAWK_ARROW__Fv
80099DD0:item_getcheck_func_HAWK_EYE__Fv
80099640:item_getcheck_func_HEART__Fv
80099F40:item_getcheck_func_HOOKSHOT__Fv
8009AC58:item_getcheck_func_HORSE_FLUTE__Fv
8009A7B4:item_getcheck_func_HOT_SPRING2__Fv
8009A74C:item_getcheck_func_HOT_SPRING__Fv
80099F84:item_getcheck_func_HVY_BOOTS__Fv
80099BF0:item_getcheck_func_HYLIA_SHIELD__Fv
8009AC14:item_getcheck_func_IRIAS_PENDANT__Fv
80099EB8:item_getcheck_func_IRONBALL__Fv
8009A4D0:item_getcheck_func_JEWEL_BEE_ROD__Fv
8009A490:item_getcheck_func_JEWEL_ROD__Fv
8009A4F0:item_getcheck_func_JEWEL_WORM_ROD__Fv
80099A28:item_getcheck_func_KAKERA_HEART__Fv
8009B580:item_getcheck_func_KANTERA2__Fv
8009A050:item_getcheck_func_KANTERA__Fv
8009B618:item_getcheck_func_KEY_OF_CARAVAN__Fv
8009B678:item_getcheck_func_KEY_OF_FILONE__Fv
8009B588:item_getcheck_func_L2_KEY_PIECES1__Fv
8009B5B8:item_getcheck_func_L2_KEY_PIECES2__Fv
8009B5E8:item_getcheck_func_L2_KEY_PIECES3__Fv
8009AB48:item_getcheck_func_LETTER__Fv
8009A2D8:item_getcheck_func_LIGHT_ARROW__Fv
8009AD9C:item_getcheck_func_LIGHT_DROP__Fv
8009A094:item_getcheck_func_LIGHT_SWORD__Fv
8009B4B0:item_getcheck_func_LINKS_SAVINGS__Fv
8009A458:item_getcheck_func_LURE_ROD__Fv
8009AAB8:item_getcheck_func_LV1_SOUP__Fv
8009B648:item_getcheck_func_LV2_BOSS_KEY__Fv
8009AAE8:item_getcheck_func_LV2_SOUP__Fv
8009AB18:item_getcheck_func_LV3_SOUP__Fv
8009B548:item_getcheck_func_LV5_BOSS_KEY__Fv
8009B46C:item_getcheck_func_LV7_DUNGEON_EXIT__Fv
800997A0:item_getcheck_func_L_MAGIC__Fv
80099D28:item_getcheck_func_MAGIC_LV1__Fv
80099A38:item_getcheck_func_MAP__Fv
80099B5C:item_getcheck_func_MASTER_SWORD__Fv
8009A5E0:item_getcheck_func_MILK_BOTTLE__Fv
8009AE64:item_getcheck_func_MIRROR_PIECE_2__Fv
8009AE6C:item_getcheck_func_MIRROR_PIECE_3__Fv
8009AE74:item_getcheck_func_MIRROR_PIECE_4__Fv
8009B2D0:item_getcheck_func_M_ANT__Fv
8009AF10:item_getcheck_func_M_BEETLE__Fv
8009AF70:item_getcheck_func_M_BUTTERFLY__Fv
8009B0F0:item_getcheck_func_M_DANGOMUSHI__Fv
8009B270:item_getcheck_func_M_DRAGONFLY__Fv
8009B030:item_getcheck_func_M_GRASSHOPPER__Fv
8009B1B0:item_getcheck_func_M_LADYBUG__Fv
8009B150:item_getcheck_func_M_MANTIS__Fv
8009B330:item_getcheck_func_M_MAYFLY__Fv
8009B090:item_getcheck_func_M_NANAFUSHI__Fv
8009B210:item_getcheck_func_M_SNAIL__Fv
8009AFD0:item_getcheck_func_M_STAG_BEETLE__Fv
8009A850:item_getcheck_func_NORMAL_BOMB__Fv
8009A7E8:item_getcheck_func_OIL2__Fv
8009A6B0:item_getcheck_func_OIL_BOTTLE2__Fv
8009AD58:item_getcheck_func_OIL_BOTTLE3__Fv
8009A648:item_getcheck_func_OIL_BOTTLE__Fv
8009A81C:item_getcheck_func_OIL__Fv
80099738:item_getcheck_func_ORANGE_RUPEE__Fv
80099928:item_getcheck_func_PACHINKO_SHOT__Fv
8009A1FC:item_getcheck_func_PACHINKO__Fv
8009A8B0:item_getcheck_func_POKE_BOMB__Fv
8009B4C0:item_getcheck_func_POU_FIRE1__Fv
8009B4C8:item_getcheck_func_POU_FIRE2__Fv
8009B4D0:item_getcheck_func_POU_FIRE3__Fv
8009B4D8:item_getcheck_func_POU_FIRE4__Fv
8009B390:item_getcheck_func_POU_SPIRIT__Fv
80099708:item_getcheck_func_PURPLE_RUPEE__Fv
8009AC9C:item_getcheck_func_RAFRELS_MEMO__Fv
80099A10:item_getcheck_func_RECOVER_FAILY__Fv
8009A6E4:item_getcheck_func_RED_BOTTLE2__Fv
8009A544:item_getcheck_func_RED_BOTTLE__Fv
800996D8:item_getcheck_func_RED_RUPEE__Fv
80099BC0:item_getcheck_func_SHIELD__Fv
8009AD60:item_getcheck_func_SHOP_BEE_CHILD__Fv
80099768:item_getcheck_func_SILVER_RUPEE__Fv
8009B4B8:item_getcheck_func_SMALL_KEY2__Fv
80099A20:item_getcheck_func_SMALL_KEY__Fv
8009AED8:item_getcheck_func_SMELL_CHILDREN__Fv
8009AEBC:item_getcheck_func_SMELL_FISH__Fv
8009AEF4:item_getcheck_func_SMELL_MEDICINE__Fv
8009AEA0:item_getcheck_func_SMELL_POH__Fv
8009AE98:item_getcheck_func_SMELL_PUMPKIN__Fv
8009AE7C:item_getcheck_func_SMELL_YELIA_POUCH__Fv
80099E74:item_getcheck_func_SPINNER__Fv
8009B578:item_getcheck_func_SURFBOARD__Fv
80099B28:item_getcheck_func_SWORD__Fv
80099798:item_getcheck_func_S_MAGIC__Fv
8009B518:item_getcheck_func_TASTE__Fv
80099C20:item_getcheck_func_TKS_LETTER__Fv
8009B4E8:item_getcheck_func_TOMATO_PUREE__Fv
80099A18:item_getcheck_func_TRIPLE_HEART__Fv
8009A718:item_getcheck_func_UGLY_SOUP__Fv
80099A30:item_getcheck_func_UTUWA_HEART__Fv
80099D74:item_getcheck_func_WALLET_LV1__Fv
80099D7C:item_getcheck_func_WALLET_LV2__Fv
80099D84:item_getcheck_func_WALLET_LV3__Fv
80099960:item_getcheck_func_WATER_BOMB_10__Fv
80099968:item_getcheck_func_WATER_BOMB_20__Fv
80099970:item_getcheck_func_WATER_BOMB_30__Fv
80099958:item_getcheck_func_WATER_BOMB_5__Fv
8009A880:item_getcheck_func_WATER_BOMB__Fv
8009A67C:item_getcheck_func_WATER_BOTTLE__Fv
80099C64:item_getcheck_func_WEAR_CASUAL__Fv
80099C94:item_getcheck_func_WEAR_KOKIRI__Fv
80099CF8:item_getcheck_func_WEAR_ZORA__Fv
80099B90:item_getcheck_func_WOOD_SHIELD__Fv
8009ABD0:item_getcheck_func_WOOD_STATUE__Fv
80099E00:item_getcheck_func_WOOD_STICK__Fv
8009A4B0:item_getcheck_func_WORM_ROD__Fv
8009A914:item_getcheck_func_WORM__Fv
8009A00C:item_getcheck_func_W_HOOKSHOT__Fv
800996A8:item_getcheck_func_YELLOW_RUPEE__Fv
80099D8C:item_getcheck_func_ZORAS_JEWEL__Fv
80099638:item_getcheck_func_noentry__Fv
803AF578:item_getcheck_func_ptr
803AED78:item_info__10dItem_data
80453B58:item_no$5460
803AC5A0:item_resource__10dItem_data
803BB8C0:item_seira_shop
80395748:item_tag$5040
804561AE:j2dDefaultAlphaCmp
804561A0:j2dDefaultBlendInfo
8045617C:j2dDefaultColInfo
804561A8:j2dDefaultColorChanInfo
803A1BF4:j2dDefaultIndTevStageInfo
80456190:j2dDefaultIndTexCoordScaleInfo
803A1BC4:j2dDefaultIndTexMtxInfo
80456184:j2dDefaultIndTexOrderNull
804561A4:j2dDefaultPEBlockDither
80456188:j2dDefaultTevColor
80456194:j2dDefaultTevKColor
80456180:j2dDefaultTevOrderInfoNull
803A1BE0:j2dDefaultTevStageInfo
80456198:j2dDefaultTevSwapMode
8045619C:j2dDefaultTevSwapModeTable
804561AC:j2dDefaultTevSwapTableID
803A1B80:j2dDefaultTexCoordInfo
803A1BA0:j2dDefaultTexMtxInfo
80450C38:j2dHeap
80436E60:j3dAlphaCmpTable
804563FA:j3dDefaultAlphaCmpID
804563C4:j3dDefaultAmbInfo
804563EC:j3dDefaultBlendInfo
804563C0:j3dDefaultColInfo
804563F0:j3dDefaultColorChanInfo
803A1FBC:j3dDefaultFogInfo
803A1FB0:j3dDefaultIndTevStageInfo
804563DC:j3dDefaultIndTexCoordScaleInfo
803A1F80:j3dDefaultIndTexMtxInfo
804563D0:j3dDefaultIndTexOrderNull
803A1EC8:j3dDefaultLightInfo
803A1E5C:j3dDefaultMtx
803A1FE8:j3dDefaultNBTScaleInfo
804563C8:j3dDefaultNumChans
803A1E50:j3dDefaultScale
804563D4:j3dDefaultTevColor
804563E0:j3dDefaultTevKColor
804563CC:j3dDefaultTevOrderInfoNull
803A1F9C:j3dDefaultTevStageInfo
804563E4:j3dDefaultTevSwapMode
804563E8:j3dDefaultTevSwapModeTable
804563F8:j3dDefaultTevSwapTableID
803A1EFC:j3dDefaultTexCoordInfo
803A1F1C:j3dDefaultTexMtxInfo
803A1E30:j3dDefaultTransformInfo
80451598:j3dDefaultViewNo
804563FC:j3dDefaultZModeID
803CD8B0:j3dIdentityMtx
80434AC8:j3dSys
80436A60:j3dTevSwapTableTable
80434C98:j3dTexCoordTable
80437160:j3dZModeTable
803A85D0:j_o_id__8dPa_name
803C7920:jdsp
80159258:jntNodeCB__10daNpcCd2_cFP8J3DJointP8J3DModel
80157084:jntNodeCB__9daNpcCd_cFP8J3DJointP8J3DModel
802D00B4:joinTwoBlocks__10JKRExpHeapFPQ210JKRExpHeap9CMemBlock
8009DD90:jointControll__9daAlink_cFi
804530C0:jointID$41285
803C4220:jpa_crd
803C42E0:jpa_dl
803C4300:jpa_dl_x
803C40C0:jpa_pos
803C42C4:jpa_resource_padding
804248AC:jpcName$4821
80072344:judgementStatus4Hold__12dAttention_cFv
800725F0:judgementStatus4Switch__12dAttention_cFv
80396418:juji_c$5849
80396580:juji_c$6209
80398828:juji_i_tag$5269
80398850:juji_m_tag$5270
80167CD8:jutOutCheck__9dCamera_cFP4cXyzf
803B2C50:kBridgePortal$39239
8039A488:kColor$localstatic3$draw__9dkWmark_cFv
80453278:kandelaarAnm$62207
801108EC:kandelaarModelCallBack__9daAlink_cFv
80391A20:kandelaarOffset$32655
8019D61C:kankyo_color_ratio_calc__FP8_GXColor11_GXColorS10f
8019D5BC:kankyo_color_ratio_calc_common__Fsf
8019D68C:kankyo_color_ratio_set__FUcUcfUcUcfsf
803950D0:kaz_n$6347
800BF854:keepItemData__9daAlink_cFv
80182AD0:keepLock__12dAttention_cFi
801F61FC:ketteiTxtDispAnmInit__12dMenu_save_cFUc
8018D4F8:ketteiTxtDispAnmInit__14dFile_select_cFUc
801F6278:ketteiTxtDispAnm__12dMenu_save_cFv
8018D574:ketteiTxtDispAnm__14dFile_select_cFv
8020E9CC:keyCheck__11dMeterMap_cFv
80450C16:key_ganon$699
80450C15:key_link$698
80395730:key_tag$5002
80398800:key_tag$5165
801FA13C:key_wait_init__5dMw_cFUc
801FAA48:key_wait_proc__5dMw_cFv
80450C17:key_zelda$700
8001598C:kick__17mDoDvdThd_param_cFv
8029D910:killActiveChannel__13JASDSPChannelFv
802258A0:killSubContents__9dMeter2_cFUc
80379C58:l_100x100BoxVertexList
8042861C:l_Cd2_HIO
80425984:l_Cd_HIO
8042CA2C:l_HIO
803F5784:l_RoomKeepDoorInfo
80450F60:l_SetCounter
80450BC0:l_affCommand
80450718:l_alphaCompInfo
80451DF0:l_alphaCompInfo$3775
80450710:l_alphaCompInfoOPA
80450BC4:l_arcCommand
803B281C:l_atCpsSrc
803B27D8:l_atCylSrc
80450694:l_autoDownHeight
80450690:l_autoUpHeight
80452C58:l_bArcName
803A8A60:l_backSubMat
8039A7E8:l_base
804255A4:l_boarBaseAnime
80451E84:l_bossStartColor
803B6514:l_btpTWTbl
803B6424:l_btpTbl
80452C80:l_cWShdArcName
804255EC:l_canoeBaseAnime
80450688:l_captureAlpha
803A89A0:l_clearMat
80450648:l_color$4033
8045064C:l_color$5004
80450650:l_color$5326
8038FA60:l_crawlBackOffset
8038FA90:l_crawlBackUpOffset
8038FA54:l_crawlFrontOffset
8038FA78:l_crawlFrontUpOffset
8038FB08:l_crawlLSideFrontOffset
8038FAF0:l_crawlLSideOffset
8038FB20:l_crawlMinSideOffset
8038FB14:l_crawlRSideFrontOffset
8038FAFC:l_crawlRSideOffset
8038FAD8:l_crawlSideOffset
8038FAA8:l_crawlStandUpOffset
8038FA48:l_crawlStartFrontOffset
8038FA6C:l_crawlTopOffset
8038FAC0:l_crawlTopUpOffset
803A35F0:l_cullSizeBox
803A3740:l_cullSizeSphere
803C2788:l_cur0TagName$4610
803C27C8:l_cur1TagName$4611
80450638:l_cursorColor$4709
803B2754:l_cylSrc
803BA808:l_dEnvSe_Method
803BBD2C:l_dGameover_Method
803BC0A0:l_dKy_Method
803BC198:l_dKyeff2_Method
803BC158:l_dKyeff_Method
803BFA54:l_dMeter2_Method
803C0B9C:l_dMsgObject_Method
803BF080:l_dMw_Method
803C2D20:l_dOvlpFd2_Method
803C2DA0:l_dOvlpFd3_Method
803C2B98:l_dOvlpFd_Method
803C2FD0:l_dScnLogo_Method
803C30DC:l_dScnName_Method
803C31C0:l_dScnPly_Method
803C3274:l_dScnRoom_Method
803BC1D8:l_dThunder_Method
803C33E4:l_dTimer_Method
803B2DAC:l_daAlink_Method
803B9F54:l_daItem_Method
803A9198:l_darkworld_tbl
803BCBC0:l_data
8038FA38:l_defaultGetEventName
80451E8C:l_destinationStartColor
803C3430:l_dkWmark_Method
803C3470:l_dkWpillar_Method
80451E58:l_doorWhite
80451E60:l_doorWhite2
80451E5C:l_doorWhiteNoStay
80451E64:l_doorWhiteNoStay2
8037A178:l_drawlistSize
80395950:l_dungeon_offColor$3841
80378E8C:l_dungeon_offColor$3937
80395974:l_dungeon_onColor$3842
80378EB0:l_dungeon_onColor$3938
803961D0:l_dungeon_onColor$4186
80396218:l_dungeon_pointColor$4188
80395998:l_dungeon_stayColor$3843
80378ED4:l_dungeon_stayColor$3939
803961F4:l_dungeon_stayColor$4187
80450FB0:l_dvdError$1906
80450D38:l_dvdError$923
80451E78:l_entranceLv8StartColor
80451E74:l_entranceStartColor
803A6650:l_envLayerFuncTable$5142
803A9894:l_envr_default
803C2F04:l_execFunc
803A953C:l_field_data
803F1DD8:l_fopCamM_id
80450CF8:l_fopDwTg_id
803F1DE8:l_fopOvlpM_Request
804505B0:l_fopOvlpM_overlap
80450CE0:l_fopScnRq_IsUsingOfOverlap
803F4CF0:l_fpcLn_Line
803A39B0:l_fpcLy_Crear
80450D18:l_fpcLy_CurrLayer_p
803A39DC:l_fpcLy_LayerList
803A3A38:l_fpcNdRq_Queue
803F4E58:l_fpcPi_Queue
803A8A00:l_frontMat
803A8800:l_frontNoZSubMat
803A87C0:l_frontZMat
803A6638:l_funcTable$5136
803A66BC:l_funcTable$5163
803A67F4:l_funcTable$5168
803A689C:l_funcTable$5173
803A68FC:l_funcTable$5178
80425544:l_halfAtnWaitBaseAnime
80450CCC:l_hio
804256AC:l_hookSnowSandHitScale
8042558C:l_horseBaseAnime
803BB4A8:l_htag$3879
80452C78:l_hyShdArcName
80379D3C:l_iconPosData$4686
80378E48:l_iconSize$3698
80451E9C:l_iconTex0$4523
80451EAC:l_iconTex0$4605
803A8D7C:l_imageDrawColor$5405
8038FBBC:l_insectNameList
803A3020:l_invisibleMat$7041
8042552C:l_ironBallBaseAnime
8038FB50:l_ironBallCenterVec
8038FB44:l_ironBallChainVec
80450F58:l_isFinalBossStg
803BD87C:l_itemno$4346
803BD894:l_itemno$4364
803A71D0:l_itemno$6402
803B29AC:l_jntColData
803B2868:l_jntColPos0
803B2880:l_jntColPos1
803B28F8:l_jntColPos10
803B2910:l_jntColPos11
803B2928:l_jntColPos12
803B2940:l_jntColPos13
803B2958:l_jntColPos14
803B2970:l_jntColPos15
803B2988:l_jntColPos16
803B29A0:l_jntColPos17
803B288C:l_jntColPos2
803B28A4:l_jntColPos4
803B28BC:l_jntColPos6
803B28C8:l_jntColPos8
803B28E0:l_jntColPos9
80452C60:l_kArcName
803A8E98:l_kydata_BloomInf_tbl
80425574:l_lWaitBaseAnime
80450698:l_ladderAnmBaseTransY
803A65FC:l_layerFuncTable$5053
803A6620:l_layerFuncTable$5131
803A668C:l_layerFuncTable$5158
803A6644:l_layerFuncTableA$5141
803A8308:l_lifeBallColor
804510D8:l_lightCount
803A92A8:l_light_size_tbl
803A93C8:l_light_size_tbl_tw
804541B0:l_lineWidthPatData$4134
804541B8:l_lineWidthPatData2$4135
80454064:l_lineWidthPatOff$3807
8045407C:l_lineWidthPatOff$3820
80451CC0:l_lineWidthPatOff$3899
8045406C:l_lineWidthPatOn$3808
80454084:l_lineWidthPatOn$3821
80451CC8:l_lineWidthPatOn$3900
80454074:l_lineWidthPatStay$3809
8045408C:l_lineWidthPatStay$3822
80451CD0:l_lineWidthPatStay$3901
804255D4:l_localBoarRidePos
804255BC:l_localHorseRidePos
80452C70:l_mArcName
804541CC:l_mapBaseColor$4181
80451E48:l_mapBaseColor$4239
803A9410:l_maple_col
803A3160:l_mat1DL
803A30C0:l_matDL
803A8D00:l_matDL$5404
803C2808:l_menu_icon_tag$4617
803C28A0:l_menu_msg$4619
803C2828:l_menu_tag$4618
803BA6D8:l_method$17952
803A3590:l_method$3807
80450758:l_method$3851
803C3260:l_method$4056
803C2FC4:l_method$4611
803C3194:l_method$4860
803A71B8:l_method$5017
803A71C4:l_method$5051
803C2574:l_mojiEisu
803C1F5C:l_mojiHira
803C2060:l_mojiHira2
803C2164:l_mojiHira3
803C2268:l_mojikata
803C236C:l_mojikata2
803C2470:l_mojikata3
80450744:l_msgNum$3881
804506CC:l_msgNum$7082
80450740:l_msgNum0$3868
80454328:l_msgNum2$3920
804506C8:l_msgNum2$7002
803C2AF8:l_nameCurTagName$4643
803C2AB8:l_nameTagName$4642
8037A1A4:l_nonSortId
803BADB8:l_nouseTag$6546
80451E88:l_npc0StartColor
80451E90:l_npcYkmStartColor
80451E94:l_npcYkwStartColor
803BAD30:l_numTex$5621
803A3B18:l_objectName
80379D5C:l_offset$4703
8042E808:l_offsetPos$localstatic3$draw__10dThunder_cFv
80395860:l_paletteDmap_m
803DEC60:l_param__9mDoDvdThd
803AF99C:l_peepEventName
80399FE0:l_preLoad_dylKeyTbl
803A987C:l_pselect_default
8042555C:l_rWaitBaseAnime
80450654:l_realImageSize$5383
803A65CC:l_roomFuncTable$5052
804246F8:l_runAction
80452C88:l_sWShdArcName
8042E814:l_scale$localstatic5$draw__10dThunder_cFv
804505B8:l_scnRqID
803A88E0:l_shadowProjMat
803A8C80:l_shadowSealDL
803A8C20:l_shadowSealTex2DL
803A8BC0:l_shadowSealTexDL
803A88A0:l_shadowVolDL
803A8940:l_shadowVolMat
803A882C:l_shadowVolPos
803A8B60:l_shadowVolumeDL
803BA0C0:l_sightDL
803A8A9C:l_simpleShadowPos
80451E80:l_smallKeyStartColor
803B2798:l_sphSrc
80450F80:l_start
804246E0:l_startAction
80378F08:l_stayType$4046
80425604:l_sumouBaseAnimeSp
8038FB38:l_swordTopLocalM
8038FB2C:l_swordTopLocalN
803C28B0:l_tagName$4635
803BDFD8:l_tagName0$3857
803BAD40:l_tagName0$6517
803BE010:l_tagName00$3879
803BDFF0:l_tagName000$3866
803BAE98:l_tagName000$6897
803BE000:l_tagName000U$3867
803BAEA8:l_tagName001$6898
803BAEB8:l_tagName002$6899
803BAEC8:l_tagName003$6900
803BAED8:l_tagName004$6901
803BAEE8:l_tagName005$6902
803BE020:l_tagName00U$3880
803BAFB8:l_tagName011$7080
803BAFD0:l_tagName011U$7081
80396F08:l_tagName012$3918
803BAEF8:l_tagName012$6999
80396F18:l_tagName013$3919
803BAF08:l_tagName013$7000
803BAF18:l_tagName013U$7001
803BAFA0:l_tagName1$7079
803BE088:l_tagName10$3899
80396F38:l_tagName10$3929
803BAF38:l_tagName10$7011
803BAD20:l_tagName101$5620
803BE098:l_tagName11$3900
80396F48:l_tagName11$3930
803BAF48:l_tagName11$7012
803BE0A8:l_tagName12$3909
803BADA0:l_tagName12$6539
803BA8A0:l_tagName13
803BE130:l_tagName13$3937
803BAE80:l_tagName131$6576
803BAE40:l_tagName18$6559
803BAE58:l_tagName19$6560
803BE120:l_tagName20$3929
803BAE70:l_tagName20$6568
803BE0C0:l_tagName21$3916
803BAE30:l_tagName21$6552
803BE0D0:l_tagName211$3917
803BE030:l_tagName3$3887
803BAD58:l_tagName3$6528
803BE048:l_tagName4$3888
803BAD70:l_tagName4$6529
803BE060:l_tagName5$3889
803BAD88:l_tagName5$6530
803BAF58:l_tagName6$7076
803BAF70:l_tagName7$7077
803BAF88:l_tagName8$7078
803BE078:l_tagName9$3898
80396F28:l_tagName9$3928
803BAF28:l_tagName9$7010
80450598:l_tevColor0$4208
803A8D8C:l_tevColorChan$5438
8045062C:l_tevOrderInfo$3773
803798A4:l_tevStageInfo$3774
80451E68:l_tex0$4406
80450628:l_texCoordInfo$3772
80450FB1:l_texCopied$1929
80379840:l_texMtxInfo
803DDC60:l_threadStack__9mDoDvdThd
803DD940:l_thread__9mDoDvdThd
803A9434:l_time_attribute
803A94B8:l_time_attribute_boss
80451E98:l_tksStartColor
80424668:l_translation$5232
80379C88:l_treasureDispList$4524
80379CB8:l_treasureDispList$4606
80451E7C:l_treasureStartColor
803A9918:l_vr_box_data
80452C50:l_wArcName
80425514:l_waitBaseAnime
80450F84:l_wcsbuf_num
803C3158:l_wipeType$4081
8042561C:l_wolfBaseAnime
804256F8:l_wolfBiteHitMarkScale
8038FB5C:l_wolfFootOnFrame
803B2B68:l_wolfJntColData
803B2A84:l_wolfJntColPos0
803B2A9C:l_wolfJntColPos1
803B2B08:l_wolfJntColPos10
803B2B20:l_wolfJntColPos12
803B2B38:l_wolfJntColPos14
803B2B50:l_wolfJntColPos16
803B2AA8:l_wolfJntColPos2
803B2AC0:l_wolfJntColPos4
803B2AD8:l_wolfJntColPos6
803B2AF0:l_wolfJntColPos8
8038FA9C:l_wolfLieBackUpOffset
8038FA84:l_wolfLieFrontUpOffset
8038FAE4:l_wolfLieSideOffset
8038FAB4:l_wolfLieStandUpOffset
8038FACC:l_wolfLieTopUpOffset
80425634:l_wolfRopeBaseAnime
8038FA20:l_wolfWorldChangeEventName
8038FA10:l_worldChangeEventName
80452C68:l_zArcName
804520C4:l_zSortId
8045070C:l_zmodeUpDisable
80450708:l_zmodeUpEnable
80391E48:label$45760
80453668:lastGanonArcName$4620
804512B4:lastRspMadep__9JASDriver
80026AF0:layerActorLoader__FPvP11dStage_dt_ci
80026914:layerMemoryInfoLoader__FPvP11dStage_dt_ci
800269B4:layerTableLoader__FPvP11dStage_dt_ci
80450D24:layer_id$2311
8044F810:lc_base
8036C2D0:ldexp
80391990:leftOffset$19386
803B2D58:leftRotLarge$41097
803B2D40:leftRotLight$41092
803B2D34:leftRotNormal$41087
803B2D7C:leftRotWater$41102
80391CD8:leftTransLarge$41100
80391C9C:leftTransLight$41095
80391C84:leftTransNormal$41090
80391D20:leftTransWater$41105
80391ED8:leg1Vec$56150
80391EE4:leg2Vec$56151
80396FE8:let2_n$5215
801806D4:letCamera__9dCamera_cFl
80396FB8:let_n$5214
801B54C8:letter_close_init__17dMenu_Collect2D_cFv
801B5504:letter_close_proc__17dMenu_Collect2D_cFv
803BF81C:letter_data__12dMenu_Letter
801DD95C:letter_init_calc__14dMenu_Letter_cFv
801B541C:letter_move_init__17dMenu_Collect2D_cFv
801B5458:letter_move_proc__17dMenu_Collect2D_cFv
801B5310:letter_open_init__17dMenu_Collect2D_cFv
801B53AC:letter_open_proc__17dMenu_Collect2D_cFv
80398320:life_tag$4931
80398500:lifet1_tag$4934
803985A0:lifet2_tag$4935
80391C48:lightALocalTrans$40830
80391C3C:lightAParticleScale$40829
80450700:lightMask
803BBEAC:lightMaskData
803BBDC4:lightStatusBase
8042E07C:lightStatusData
80450704:lightStatusPt
801CA5CC:light_demo1_init__12dMenu_Fmap_cFv
801CA7A4:light_demo1_move__12dMenu_Fmap_cFv
801CA7E0:light_demo2_init__12dMenu_Fmap_cFv
801CA814:light_demo2_move__12dMenu_Fmap_cFv
8015FA2C:limitf__22@unnamed@d_camera_cpp@Ffff
80252018:limitter__16dNpcLib_lookat_cFPssss
8014DB40:limitter__18daBaseNpc_lookat_cFsPsss
80167BF8:lineBGCheckBoth__9dCamera_cFP4cXyzP4cXyzP11dBgS_LinChkUl
801658C0:lineBGCheck__9dCamera_cFP4cXyzP4cXyzP11dBgS_LinChkUl
801659F4:lineBGCheck__9dCamera_cFP4cXyzP4cXyzP4cXyzUl
80165AF0:lineBGCheck__9dCamera_cFP4cXyzP4cXyzUl
8001DC68:lineCheck__11fopAcM_lc_cFPC4cXyzPC4cXyzPC10fopAc_ac_c
80165B60:lineCollisionCheckBush__9dCamera_cFP4cXyzP4cXyz
80174E50:lineCollisionCheck__22@unnamed@d_camera_cpp@F4cXyz4cXyzP10fopAc_ac_cP10fopAc_ac_cP10fopAc_ac_c
8008FA94:lineCollisionCheck__25@unnamed@d_ev_camera_cpp@F4cXyz4cXyzP10fopAc_ac_cP10fopAc_ac_cP10fopAc_ac_c
802E9564:lineTo__14J2DGrafContextFQ29JGeometry8TVec2<f>
802E9488:line__14J2DGrafContextFQ29JGeometry8TVec2<f>Q29JGeometry8TVec2<f>
80396D10:line_tag$4914
802A968C:linearTransform__6Z2CalcFfffffb
804506D8:linespace$7231
8015F55C:linkGrabSubjectNoDraw__9daPy_py_cFP10fopAc_ac_c
802622D0:link__24DynamicModuleControlBaseFv
803F1E10:lists$2216
803A1C70:lit_1557
803A1C80:lit_1566
803A1C90:lit_1575
803A1CA0:lit_1581
803A1CB0:lit_1587
803A1CC0:lit_1596
803A1CD0:lit_1605
803A1CE0:lit_1612
803A2350:ln2HI
803A2360:ln2LO
802B9D40:load1stDynamicWave__10Z2SceneMgrFv
802BA120:load2ndDynamicWave__10Z2SceneMgrFv
800BFE48:loadAramBmd__9daAlink_cFUsUl
800BFF70:loadAramItemBrk__9daAlink_cFUsP8J3DModel
800BFFCC:loadAramItemBtk__9daAlink_cFUsP8J3DModel
800C0028:loadAramItemBtp__9daAlink_cFUsP8J3DModel
800BFF04:loadAram__9daAlink_cFUsUl
802BA770:loadBgmWave__10Z2SceneMgrFUl
80334C20:loadBinaryDisplayList__14J3DModelLoaderFPCvUl
802DDD98:loadCache_char_subroutine__12JUTCacheFontFPib
8015F118:loadDataDemoRID__14daPy_anmHeap_cFUsUs
8015F068:loadDataIdx__14daPy_anmHeap_cFUs
8015F0D0:loadDataPriIdx__14daPy_anmHeap_cFUs
8015EF84:loadData__14daPy_anmHeap_cFUs
8025B1D0:loadDemoArchive__Fi
802A5EC0:loadDynamicSeq__14JAUSectionHeapF10JAISoundIDb
802A6C18:loadDynamicSeq__23JAUDynamicSeqDataBlocksF10JAISoundIDbP14JAISeqDataUser
8009258C:loadEvCamera__9dCamera_cFv
8031322C:loadExecute__17J3DDifferedTexMtxFPA4_Cf
802DFBE8:loadFont__10JUTResFontFi11_GXTexMapIDPQ27JUTFont6TWidth
8031204C:loadGX__10J3DTextureCFUs11_GXTexMapID
802DFF60:loadImage__10JUTResFontFi11_GXTexMapID
802DDCE4:loadImage__12JUTCacheFontFi11_GXTexMapID
80334ABC:loadMaterialTable__14J3DModelLoaderFPCv
80140070:loadModelDVD__9daAlink_cFv
8031396C:loadMtxConcatView_NCPU__21J3DShapeMtxConcatViewCFiUs
803138C8:loadMtxConcatView_PCPU__21J3DShapeMtxConcatViewCFiUs
80313A14:loadMtxConcatView_PNCPU__21J3DShapeMtxConcatViewCFiUs
80313AC8:loadMtxConcatView_PNGP_LOD__21J3DShapeMtxConcatViewCFiUs
80313828:loadMtxConcatView_PNGP__21J3DShapeMtxConcatViewCFiUs
80313188:loadMtxIndx_NCPU__11J3DShapeMtxCFiUs
80313128:loadMtxIndx_PCPU__11J3DShapeMtxCFiUs
803131D4:loadMtxIndx_PNCPU__11J3DShapeMtxCFiUs
803130E4:loadMtxIndx_PNGP__11J3DShapeMtxCFiUs
80324160:loadNBTScale__FR11J3DNBTScale
8030FEE4:loadNrmMtxIndx__6J3DSysCFiUs
80314598:loadNrmMtx__21J3DShapeMtxConcatViewCFiUs
80313D28:loadNrmMtx__21J3DShapeMtxConcatViewCFiUsPA4_f
803146AC:loadNrmMtx__26J3DShapeMtxMultiConcatViewCFiUs
8031419C:loadNrmMtx__26J3DShapeMtxMultiConcatViewCFiUsPA4_f
8030FEC0:loadPosMtxIndx__6J3DSysCFiUs
803243BC:loadPostTexMtx__9J3DTexMtxCFUl
80315300:loadPreDrawSetting__8J3DShapeCFv
80277CC8:loadPrjAnm__FPC18JPAEmitterWorkDataPA4_Cf
80277C90:loadPrj__FPC18JPAEmitterWorkDataPA4_Cf
801483F8:loadRes__8daNpcT_cFPCScPPCc
80290D18:loadResourceAsync__15JASResArcLoaderFP10JKRArchiveUsPUcUlPFUlUl_vUl
80290C7C:loadResourceCallback__15JASResArcLoaderFPv
8003B30C:loadResource__11dRes_info_cFv
80158BB8:loadResrc__10daNpcCd2_cFii
80156B4C:loadResrc__9daNpcCd_cFii
8002451C:loadRoom__20dStage_roomControl_cFiPUcb
802BA704:loadSeWave__10Z2SceneMgrFUl
8029A258:loadSetup__10JASWaveArcFUl
803166DC:loadSharedDL__11J3DMaterialFv
80317088:loadSharedDL__17J3DLockedMaterialFv
80316FFC:loadSharedDL__18J3DPatchedMaterialFv
80140274:loadShieldModelDVD__9daAlink_cFv
802BA56C:loadStaticWaves__10Z2SceneMgrFv
8029A580:loadTail__10JASWaveArcFP7JASHeap
80323644:loadTexCoordGens__FUlP11J3DTexCoord
80324358:loadTexMtx__9J3DTexMtxCFUl
80323F94:loadTexNo__FUlRCUs
802F2A44:loadTexture__11J2DTevBlockF11_GXTexMapIDUl
802EC570:loadTexture__12J2DTevBlock1F11_GXTexMapIDUl
802ED874:loadTexture__12J2DTevBlock2F11_GXTexMapIDUl
802EED1C:loadTexture__12J2DTevBlock4F11_GXTexMapIDUl
802F019C:loadTexture__12J2DTevBlock8F11_GXTexMapIDUl
802F161C:loadTexture__13J2DTevBlock16F11_GXTexMapIDUl
8027EF50:loadTexture__14JPABaseEmitterFUc11_GXTexMapID
8029A378:loadToAramCallback__10JASWaveArcFPv
80296848:loadToAramTask__13JASAramStreamFPv
802DA9C0:loadToAram_Async__16JKRDvdAramRipperFP10JKRDvdFileUl15JKRExpandSwitchPFUl_vUlUlPUl
802DA918:loadToAram__16JKRDvdAramRipperFP10JKRDvdFileUl15JKRExpandSwitchUlUlPUl
802DA874:loadToAram__16JKRDvdAramRipperFlUl15JKRExpandSwitchUlUlPUl
802D9D10:loadToMainRAM__12JKRDvdRipperFP10JKRDvdFilePUc15JKRExpandSwitchUlP7JKRHeapQ212JKRDvdRipper15EAllocDirectionUlPiPUl
802D9B98:loadToMainRAM__12JKRDvdRipperFPCcPUc15JKRExpandSwitchUlP7JKRHeapQ212JKRDvdRipper15EAllocDirectionUlPiPUl
802D9C54:loadToMainRAM__12JKRDvdRipperFlPUc15JKRExpandSwitchUlP7JKRHeapQ212JKRDvdRipper15EAllocDirectionUlPiPUl
80314EEC:loadVtxArray__8J3DShapeCFv
802A5948:loadWaveArc__10JAUSectionFUlUl
802FF29C:load__10J2DPictureF11_GXTexMapIDUc
802FF268:load__10J2DPictureFUc
8029A4C0:load__10JASWaveArcFP7JASHeap
802DE95C:load__10JUTPaletteFv
802DE840:load__10JUTTextureF11_GXTexMapID
80323590:load__11J3DLightObjCFUl
8031668C:load__11J3DMaterialFv
80313B94:load__11J3DShapeMtxCFv
80317330:load__11J3DTevBlockFv
802EA098:load__12J2DIndTexMtxFUc
80305264:load__12J2DPictureExF11_GXTexMapIDUc
80307134:load__12J2DPictureExFUc
8031AD64:load__12J3DTevBlock1Fv
8031AFA4:load__12J3DTevBlock2Fv
8031B4C0:load__12J3DTevBlock4Fv
80317324:load__13J3DColorBlockFv
8031E408:load__13J3DPEBlockOpaFv
8031E98C:load__13J3DPEBlockXluFv
8031BA04:load__13J3DTevBlock16Fv
80296AE8:load__13JASAramStreamFv
802EA044:load__14J2DIndTevStageFUc
802EA0FC:load__14J2DIndTexOrderFUc
803347E0:load__14J3DModelLoaderFPCvUl
8031F3C0:load__14J3DPEBlockFullFv
803329A0:load__14J3DPEBlockNullFv
8031E12C:load__15J3DIndBlockFullFv
8031739C:load__15J3DIndBlockNullFv
8031A948:load__15J3DTexGenBlock4Fv
800169B4:load__15mDoMemCd_Ctrl_cFv
8031EC50:load__16J3DPEBlockFogOffFv
80313E4C:load__16J3DShapeMtxMultiCFv
8031706C:load__17J3DLockedMaterialFv
8031E6C8:load__17J3DPEBlockTexEdgeFv
802A478C:load__17JAUAudioArcLoaderFPCv
80316FE0:load__18J3DPatchedMaterialFv
80322970:load__18J3DTevBlockPatchedFv
80332AB0:load__18J3DTexGenBlockNullFv
80309308:load__19J2DAnmKeyLoader_v15FPCv
802EA0CC:load__19J2DIndTexCoordScaleFUc
80338D44:load__19J3DAnmKeyLoader_v15FPCv
8031A9E8:load__19J3DTexGenBlockBasicFv
8002F3B4:load__19dComIfG_resLoader_cFPPCcP7JKRHeap
80309A80:load__20J2DAnmFullLoader_v15FPCv
80308A6C:load__20J2DAnmLoaderDataBaseFPCv
80338558:load__20J3DAnmFullLoader_v15FPCv
80337B40:load__20J3DAnmLoaderDataBaseFPCv24J3DAnmLoaderDataBaseFlag
80334244:load__20J3DClusterLoader_v15FPCv
803187F4:load__20J3DColorBlockLightOnFv
80317C0C:load__21J3DColorBlockLightOffFv
80313C54:load__21J3DShapeMtxConcatViewCFv
80322E70:load__21J3DTexGenBlockPatchedFv
8031816C:load__22J3DColorBlockAmbientOnFv
803346BC:load__22J3DModelLoaderDataBaseFPCvUl
80334130:load__24J3DClusterLoaderDataBaseFPCv
80313FA4:load__26J3DShapeMtxMultiConcatViewCFv
803142D4:load__27J3DShapeMtxBBoardConcatViewCFv
803143E4:load__28J3DShapeMtxYBBoardConcatViewCFv
802E9C90:load__9J2DTexMtxFUl
803238C4:load__9J3DTexMtxCFUl
802623EC:load_async__24DynamicModuleControlBaseFv
8027D8E0:load_jpc__17JPAResourceLoaderFPCUcP18JPAResourceManager
8003AE14:loaderBasicBmd__11dRes_info_cFUlPv
80017274:loadfile__15mDoMemCd_Ctrl_cFv
80450660:loc_type_num__12dAttention_c
803A9BF8:loc_type_tbl__12dAttention_c
80392088:localBoomCatchPos$74910
803918B8:localCenter$11047
80391F50:localEye$59873
80391F8C:localEyeFromRoot$59878
80391E18:localFootOffset$45107
80391F2C:localHandPos$56752
80392034:localHead$61779
80391F44:localHeadCenter$59872
80391F5C:localHeadTop$59874
80391954:localHorseRun$18095
80391960:localHorseRun$18103
80391EFC:localLeftFootOffset$56542
80391F14:localLeftToeOffset$56544
8039196C:localOffset$18237
80391C54:localOffset$40952
803919E4:localPaddleTop$20605
803918C4:localPos$11819
80391F08:localRightFootOffset$56543
80391F20:localRightToeOffset$56545
80391C60:localScale0$40953
80391C6C:localScale1$40954
803918DC:localSidePos$14270
802F475C:locate__8J2DPrintFff
80072D80:lockSoundStart__12dAttention_cFUl
802A2220:lockWhenPrepared__15JAISoundStatus_Fv
8032767C:lock__8J3DModelFv
8016C384:lockonCamera__9dCamera_cFl
80257C64:logoInitGC__10dScnLogo_cFv
80368030:long2str
80367D1C:longlong2str
80296210:loopEnd__12JASSeqReaderFv
802961CC:loopStart__12JASSeqReaderFUl
80391C24:loseScale$40014
800722EC:lostCheck__12dAttention_cFv
802A94D4:lower_bound<PCUl,Ul>__3stdFPCUlPCUlRCUl
801BF8A0:lv5_talk_init_proc__12dMenu_Dmap_cFv
801BF8F8:lv5_talk_proc__12dMenu_Dmap_cFv
80450E78:mAllCenterX__8dMpath_c
80450E7C:mAllCenterZ__8dMpath_c
80450E80:mAllSizeX__8dMpath_c
80450E84:mAllSizeZ__8dMpath_c
80450D70:mArcBankData__20dStage_roomControl_c
80450D6C:mArcBankName__20dStage_roomControl_c
803A696C:mArcBank__20dStage_roomControl_c
80451368:mAudioMgrPtr__10Z2AudioMgr
80450BE7:mAutoForcus__13mDoGph_gInf_c
80450590:mBackColor__13mDoGph_gInf_c
80450BBA:mBgmSet__17mDoAud_zelAudio_c
80450BE4:mBlureFlag__13mDoGph_gInf_c
803DD43C:mBlureMtx__13mDoGph_gInf_c
80450BE5:mBlureRate__13mDoGph_gInf_c
80450634:mBottomFloorNo__8dMpath_c
803B375C:mCcDCyl__11daBaseNpc_c
803B37E0:mCcDCyl__8daNpcF_c
803B36D8:mCcDCyl__8daNpcT_c
80392680:mCcDObjData__8daNpcT_c
803926E0:mCcDObjInfo__8daNpcF_c
803926B0:mCcDObj__11daBaseNpc_c
803B37A0:mCcDSph__11daBaseNpc_c
803B3824:mCcDSph__8daNpcF_c
803B371C:mCcDSph__8daNpcT_c
80450B1A:mCheckHeap
803DD8E4:mClipper__14mDoLib_clipper
80451388:mCodeEnd__7JKRHeap
80451384:mCodeStart__7JKRHeap
804515F8:mCurrentMtxCalc__8J3DJoint
80434BE4:mCurrentMtx__6J3DSys
80434C14:mCurrentS__6J3DSys
80451590:mDataManage__9J2DScreen
80450F90:mData__12dEnemyItem_c
803792E8:mData__12daShopItem_c
80423FFC:mData__7daSus_c
80450BF0:mDebugFill__6mDoMch
80406194:mDemoArcName__20dStage_roomControl_c
80450B18:mDisplayHeapSize
80006FC0:mDoAud_Create__Fv
80007164:mDoAud_Execute__Fv
800071F8:mDoAud_load1stDynamicWave__Fv
80007284:mDoAud_resetProcess__Fv
800072C4:mDoAud_resetRecover__Fv
8014113C:mDoAud_seStartLevel__FUlPC3VecUlSc
80007254:mDoAud_setFadeInStart__FUc
80007224:mDoAud_setFadeOutStart__FUc
800D008C:mDoAud_setLinkGroupInfo__FUc
800CFEF4:mDoAud_setLinkHp__Fll
800071BC:mDoAud_setSceneName__FPCcll
8001665C:mDoDvdErr_ThdCleanup__Fv
8001659C:mDoDvdErr_ThdInit__Fv
800166A4:mDoDvdErr_Watch__FPv
80450C88:mDoDvdErr_initialized
80014D64:mDoExt_GetCurrentRunningThread__Fv
80014C54:mDoExt_J3DModel__create__FP12J3DModelDataUlUl
80450C40:mDoExt_SaveCurrentHeap
8000F158:mDoExt_adjustSolidHeapToSystem__FP12JKRSolidHeap
8000F08C:mDoExt_adjustSolidHeap__FP12JKRSolidHeap
8000DE8C:mDoExt_brkAnmRemove__FP12J3DModelData
8000DDF0:mDoExt_btkAnmRemove__FP12J3DModelData
8000DAA8:mDoExt_changeMaterial__FP8J3DModel
8000EDB8:mDoExt_createArchiveHeap__FUlP7JKRHeap
8000ECC0:mDoExt_createAssertHeap__FP7JKRHeap
8000ED88:mDoExt_createCommandHeap__FUlP7JKRHeap
8000ECEC:mDoExt_createDbPrintHeap__FUlP7JKRHeap
8000ED1C:mDoExt_createGameHeap__FUlP7JKRHeap
8000EDFC:mDoExt_createJ2dHeap__FUlP7JKRHeap
8000EFF4:mDoExt_createSolidHeapFromGameToCurrent__FPP7JKRHeapUlUl
8000F044:mDoExt_createSolidHeapFromGameToCurrent__FUlUl
8000EED8:mDoExt_createSolidHeapFromGame__FUlUl
8000EF20:mDoExt_createSolidHeapFromSystem__FUlUl
8000EF68:mDoExt_createSolidHeapToCurrent__FPP7JKRHeapUlP7JKRHeapUl
8000EFBC:mDoExt_createSolidHeapToCurrent__FUlP7JKRHeapUl
8000EE40:mDoExt_createSolidHeap__FUlP7JKRHeapUl
8000ED58:mDoExt_createZeldaHeap__FUlP7JKRHeap
8000F1AC:mDoExt_destroyExpHeap__FP10JKRExpHeap
8000F18C:mDoExt_destroySolidHeap__FP12JKRSolidHeap
80450C44:mDoExt_font0
80450C48:mDoExt_font0_getCount
80450C50:mDoExt_font1
80450C54:mDoExt_font1_getCount
80450C5C:mDoExt_font2
80450C60:mDoExt_font2_getCount
8000EDF4:mDoExt_getArchiveHeapPtr__Fv
8000EDEC:mDoExt_getArchiveHeap__Fv
8000ECE4:mDoExt_getAssertHeap__Fv
8000EDB0:mDoExt_getCommandHeap__Fv
8000F1EC:mDoExt_getCurrentHeap__Fv
8000ED14:mDoExt_getDbPrintHeap__Fv
8000ED50:mDoExt_getGameHeap__Fv
8000EE38:mDoExt_getHostIOHeap__Fv
8000EE30:mDoExt_getJ2dHeap__Fv
800149F0:mDoExt_getMesgFont__Fv
80014B04:mDoExt_getRubyFont__Fv
80014BA0:mDoExt_getSubFont__Fv
8000ED80:mDoExt_getZeldaHeap__Fv
80014994:mDoExt_initFont0__Fv
80014AA4:mDoExt_initFont1__Fv
80014B40:mDoExt_initFont2__Fv
80014804:mDoExt_initFontCommon__FPP7JUTFontPP7ResFONTP7JKRHeapPCcP10JKRArchiveUcUlUl
8000DBD8:mDoExt_modelDiff__FP8J3DModel
8000DD64:mDoExt_modelEntryDL__FP8J3DModel
8000DB10:mDoExt_modelTexturePatch__FP12J3DModelData
8000DCC4:mDoExt_modelUpdateDL__FP8J3DModel
8000DC2C:mDoExt_modelUpdate__FP8J3DModel
80014A2C:mDoExt_removeMesgFont__Fv
80014BDC:mDoExt_removeSubFont__Fv
8000F220:mDoExt_resIDToIndex__FP10JKRArchiveUs
80450C4C:mDoExt_resfont0
80450C58:mDoExt_resfont1
80450C64:mDoExt_resfont2
8000F1F4:mDoExt_restoreCurrentHeap__Fv
80014D5C:mDoExt_setAraCacheSize__FUl
8000F1CC:mDoExt_setCurrentHeap__FP7JKRHeap
8000D0AC:mDoExt_setJ3DData__FPA4_fPC16J3DTransformInfoUs
8000E834:mDoExt_setupShareTexture__FP12J3DModelDataP12J3DModelData
8000EA80:mDoExt_setupStageTexture__FP12J3DModelData
80008474:mDoGph_AfterOfDraw__Fv
80008450:mDoGph_BeforeOfDraw__Fv
80008420:mDoGph_BlankingOFF__Fv
8000841C:mDoGph_BlankingON__Fv
8000B174:mDoGph_Create__Fv
8000A604:mDoGph_Painter__Fv
800094B4:mDoGph_drawFilterQuad__FScSc
800154EC:mDoLib_pos2camera__FP3VecP3Vec
80015310:mDoLib_project__FP3VecP3Vec
8001513C:mDoLib_setResTimgObj__FPC7ResTIMGP9_GXTexObjUlP10_GXTlutObj
8000BD44:mDoMch_Create__Fv
8000B668:mDoMch_HeapCheckAll__Fv
8000B73C:mDoMch_IsProgressiveMode__Fv
8001787C:mDoMemCdRWm_BuildHeader__FP22mDoMemCdRWm_HeaderData
80017CB4:mDoMemCdRWm_CalcCheckSumGameData__FPvUl
80017C74:mDoMemCdRWm_CalcCheckSum__FPvUl
80017B4C:mDoMemCdRWm_CheckCardStat__FP12CARDFileInfo
8001769C:mDoMemCdRWm_Restore__FP12CARDFileInfoPvUl
800179E4:mDoMemCdRWm_SetCardStat__FP12CARDFileInfo
80017D38:mDoMemCdRWm_SetCheckSumGameData__FPUcUc
80017498:mDoMemCdRWm_Store__FP12CARDFileInfoPvUl
80017CEC:mDoMemCdRWm_TestCheckSumGameData__FPv
8001741C:mDoMemCd_main__FPv
8000CC00:mDoMtx_MtxToRot__FPA4_CfP5csXyz
8000CB5C:mDoMtx_QuatConcat__FPC10QuaternionPC10QuaternionP10Quaternion
8000C164:mDoMtx_XYZrotM__FPA4_fsss
8000C0CC:mDoMtx_XYZrotS__FPA4_fsss
8000C39C:mDoMtx_XrotM__FPA4_fs
8000C344:mDoMtx_XrotS__FPA4_fs
8000C434:mDoMtx_YrotM__FPA4_fs
8000C3DC:mDoMtx_YrotS__FPA4_fs
8000C2A0:mDoMtx_ZXYrotM__FPA4_fsss
8000C208:mDoMtx_ZXYrotS__FPA4_fsss
8000C4CC:mDoMtx_ZrotM__FPA4_fs
8000C474:mDoMtx_ZrotS__FPA4_fs
8000C8D0:mDoMtx_concatProjView__FPA4_CfPA4_CfPA4_f
8000C9B0:mDoMtx_inverseTranspose__FPA4_CfPA4_f
8000C710:mDoMtx_lookAt__FPA4_fPC3VecPC3VecPC3Vecs
8000C50C:mDoMtx_lookAt__FPA4_fPC3VecPC3Vecs
803DD7B8:mDoMtx_quatStack
80450C18:mDoMtx_stack
803DB740:mDoPrintf_FiberStack
80006A10:mDoPrintf_VReport
800068DC:mDoPrintf_vprintf_Interrupt__FPCcP16__va_list_struct
80006964:mDoPrintf_vprintf_Thread__FPCcP16__va_list_struct
80006984:mDoPrintf_vprintf__FPCcP16__va_list_struct
8001574C:mDoRst_resetCallBack__FiPv
80015614:mDoRst_reset__FiUli
80450E90:mEcallback__18dPa_modelEcallBack
80450EA0:mEmitterMng__13dPa_control_c
804514E8:mEnabled__Q210JUTGamePad7CRumble
8045137C:mErrorHandler__7JKRHeap
803C1CCC:mEventList__10dMsgFlow_c
80450594:mFadeColor__13mDoGph_gInf_c
80450BDC:mFadeRate__13mDoGph_gInf_c
80450BE0:mFadeSpeed__13mDoGph_gInf_c
80450BE6:mFade__13mDoGph_gInf_c
80450BC8:mFader__13mDoGph_gInf_c
804257E8:mFindActorPList__8daNpcF_c
80425708:mFindActorPtrs__8daNpcT_c
80450FF0:mFindCount__8daNpcF_c
80450FDC:mFindCount__8daNpcT_c
80451138:mFirst__24DynamicModuleControlBase
80450C74:mFovyRate__14mDoLib_clipper
803DD3E8:mFrameBufferTexObj__13mDoGph_gInf_c
80450BD0:mFrameBufferTex__13mDoGph_gInf_c
80450BCC:mFrameBufferTimg__13mDoGph_gInf_c
80450EA8:mFsenthPcallBack__13dPa_control_c
803B9E98:mFuncPtr__8daItem_c
803F1CC4:mGndCheck__11fopAcM_gc_c
804514C0:mGpStatus__12JUTGraphFifo
80450CD0:mGroundY__11fopAcM_gc_c
80450588:mHeapBriefType
80450BB8:mInitFlag__17mDoAud_zelAudio_c
804515F4:mJoint__10J3DMtxCalc
8045113C:mLast__24DynamicModuleControlBase
80450E64:mLayerList__8dMpath_c
804247F8:mLifeBall__13dPa_control_c
80450EAC:mLight8EcallBack__13dPa_control_c
80450EB0:mLight8PcallBack__13dPa_control_c
803F1C48:mLineCheck__11fopAcM_lc_c
80451360:mLinkPtr__14Z2CreatureLink
804514D0:mListInitialized__10JUTGamePad
80450E6C:mMaxX__8dMpath_c
80450E74:mMaxZ__8dMpath_c
803A6920:mMemoryBlock__20dStage_roomControl_c
80451394:mMemorySize__7JKRHeap
80450E68:mMinX__8dMpath_c
80450E70:mMinZ__8dMpath_c
80450E98:mModel__18dPa_modelEcallBack
804510C0:mMoji$3770
804515F0:mMtxBuffer__10J3DMtxCalc
80434330:mMutex__12JKRAramPiece
804510A0:mMySelfPointer__9dMf_HIO_c
80450630:mNextRoomNo__10dMapInfo_c
80450D66:mNextStayNo__20dStage_roomControl_c
80450D68:mNoChangeRoom__20dStage_roomControl_c
80451278:mNoLoad__16JASBasicWaveBank
80450E60:mNowStayFloorNoDecisionFlg__10dMapInfo_c
80450E58:mNowStayFloorNo__10dMapInfo_c
80450E5C:mNowStayRoomNo__10dMapInfo_c
80450F9C:mNum__7dTres_c
80450D65:mOldStayNo__20dStage_roomControl_c
804514D4:mPadAssign__10JUTGamePad
80434420:mPadButton__10JUTGamePad
804343E4:mPadList__10JUTGamePad
804344E0:mPadMStick__10JUTGamePad
80434520:mPadSStick__10JUTGamePad
804343F0:mPadStatus__10JUTGamePad
80434C20:mParentS__6J3DSys
80450EC8:mParticleTracePCB__13dPa_control_c
80450E94:mPcallback__18dPa_modelEcallBack
80450DC0:mPlayerNo__11daTagMist_c
804245AC:mPos__12daObjCarry_c
80450D60:mProcID__20dStage_roomControl_c
803C184C:mQueryList__10dMsgFlow_c
804505A0:mRenderModeObj__15mDoMch_render_c
80450C78:mResetData__6mDoRst
80450BB9:mResetFlag__17mDoAud_zelAudio_c
803F1D24:mRoofCheck__11fopAcM_rc_c
80450CD4:mRoofY__11fopAcM_rc_c
80450DCC:mRoomNo__12daObjCarry_c
804505F0:mRoomReadId__20dStage_roomControl_c
8042447C:mRoom__7daSus_c
80450DC1:mSaveFlag__12daObjCarry_c
80450B19:mSelectHeapBar
80450D8A:mSetTop__7daSus_c
804248D0:mSimpleTexObj__21dDlst_shadowControl_c
80450FF4:mSrchActorName__8daNpcF_c
80450FD8:mSrchName__8daNpcT_c
80450EC4:mStatus__13dPa_control_c
803F6094:mStatus__20dStage_roomControl_c
804514E4:mStatus__Q210JUTGamePad7CRumble
80450D64:mStayNo__20dStage_roomControl_c
80451588:mStrBuffSize__8J2DPrint
80451580:mStrBuff__8J2DPrint
80450DC4:mSttsFlag__12daObjCarry_c
80450C70:mSystemFar__14mDoLib_clipper
80450DBC:mTagMagne__12daTagMagne_c
80450635:mTopFloorNo__8dMpath_c
80424794:mTsubo__13dPa_control_c
80450F98:mTypeGroupData__7dTres_c
80425438:mTypeGroupListAll__7dTres_c
804513C4:mUserPostCallback__15JKRThreadSwitch
804513C0:mUserPreCallback__15JKRThreadSwitch
80451390:mUserRamEnd__7JKRHeap
8045138C:mUserRamStart__7JKRHeap
80450720:mViewOffsetY__17dMenu_Collect3D_c
804508F8:mVisible__Q212JUTAssertion23@unnamed@JUTAssert_cpp@
80450EA4:mWaterBubblePcallBack__13dPa_control_c
803F1D80:mWaterCheck__11fopAcM_wt_c
80450CD8:mWaterY__11fopAcM_wt_c
80424870:mWindViewMatrix__13dPa_control_c
8045065C:mWipeColor__12dDlst_list_c
804248F0:mWipeDlst__12dDlst_list_c
80450ED4:mWipeRate__12dDlst_list_c
80450ED8:mWipeSpeed__12dDlst_list_c
80450ED0:mWipe__12dDlst_list_c
803DD408:mZbufferTexObj__13mDoGph_gInf_c
80450BD8:mZbufferTex__13mDoGph_gInf_c
80450BD4:mZbufferTimg__13mDoGph_gInf_c
8038E658:m__17daAlinkHIO_bow_c0
8038DE8C:m__17daAlinkHIO_cut_c0
8038E714:m__18daAlinkHIO_bomb_c0
8038E6C8:m__18daAlinkHIO_boom_c0
8038EC48:m__18daAlinkHIO_grab_c0
8038EB50:m__18daAlinkHIO_item_c0
8038D6BC:m__18daAlinkHIO_move_c0
8038ED2C:m__18daAlinkHIO_swim_c0
8038F9F8:m__18daAlinkHIO_wolf_c0
8038D664:m__19daAlinkHIO_basic_c0
8038E870:m__19daAlinkHIO_board_c0
8038E610:m__19daAlinkHIO_canoe_c0
8038DF9C:m__19daAlinkHIO_guard_c0
8038E5A4:m__19daAlinkHIO_horse_c0
8038D8CC:m__19daAlinkHIO_slide_c0
8038F138:m__19daAlinkHIO_wlLie_c0
8038E90C:m__20daAlinkHIO_bottle_c0
8038E01C:m__20daAlinkHIO_crouch_c0
8038DCF0:m__20daAlinkHIO_cutDaL_c0
8038DD0C:m__20daAlinkHIO_cutDaR_c0
8038D9E4:m__20daAlinkHIO_cutFnL_c0
8038DAC0:m__20daAlinkHIO_cutFnR_c0
8038DA3C:m__20daAlinkHIO_cutFnS_c0
8038DA10:m__20daAlinkHIO_cutFnV_c0
8038D964:m__20daAlinkHIO_cutNmL_c0
8038D984:m__20daAlinkHIO_cutNmR_c0
8038D944:m__20daAlinkHIO_cutNmV_c0
8038E54C:m__20daAlinkHIO_damage_c0
8038EB8C:m__20daAlinkHIO_ladder_c0
8038E840:m__20daAlinkHIO_pickUp_c0
8038F9C0:m__20daAlinkHIO_wlBall_c0
8038F95C:m__20daAlinkHIO_wlGrab_c0
8038F048:m__20daAlinkHIO_wlHowl_c0
8038EE28:m__20daAlinkHIO_wlMove_c0
8038F124:m__20daAlinkHIO_wlPush_c0
8038F46C:m__20daAlinkHIO_wlRope_c0
8038F8B4:m__20daAlinkHIO_wlSwim_c0
8038D714:m__21daAlinkHIO_atnMove_c0
8038EAFC:m__21daAlinkHIO_copyRod_c0
8038DD44:m__21daAlinkHIO_cutDown_c0
8038DAEC:m__21daAlinkHIO_cutFnJU_c0
8038DA68:m__21daAlinkHIO_cutFnSl_c0
8038DA94:m__21daAlinkHIO_cutFnSm_c0
8038DDB8:m__21daAlinkHIO_cutHead_c0
8038DB40:m__21daAlinkHIO_cutJump_c0
8038D9A4:m__21daAlinkHIO_cutNmSL_c0
8038D9C4:m__21daAlinkHIO_cutNmSR_c0
8038DB84:m__21daAlinkHIO_cutTurn_c0
8038E454:m__21daAlinkHIO_damFall_c0
8038E36C:m__21daAlinkHIO_damHuge_c0
8038E4C0:m__21daAlinkHIO_damSwim_c0
8038E7CC:m__21daAlinkHIO_fmChain_c0
8038DF4C:m__21daAlinkHIO_gAtKick_c0
8038DF28:m__21daAlinkHIO_gAtPush_c0
8038DC1C:m__21daAlinkHIO_hoCutLA_c0
8038DC3C:m__21daAlinkHIO_hoCutLB_c0
8038DC5C:m__21daAlinkHIO_hoCutRA_c0
8038DC7C:m__21daAlinkHIO_hoCutRB_c0
8038E760:m__21daAlinkHIO_huLight_c0
8038EA30:m__21daAlinkHIO_spinner_c0
8038F858:m__21daAlinkHIO_wlChain_c0
8038F184:m__21daAlinkHIO_wlLight_c0
8038F7DC:m__21daAlinkHIO_wlPoint_c0
8038F3F0:m__21daAlinkHIO_wlSlide_c0
8038EB34:m__21daAlinkHIO_zwLight_c0
8038E068:m__22daAlinkHIO_autoJump_c0
8038D82C:m__22daAlinkHIO_backJump_c0
8038E428:m__22daAlinkHIO_damHorse_c0
8038E2B0:m__22daAlinkHIO_damLarge_c0
8038E9C0:m__22daAlinkHIO_hookshot_c0
8038EA70:m__22daAlinkHIO_ironBall_c0
8038E210:m__22daAlinkHIO_pushpull_c0
8038EBFC:m__22daAlinkHIO_roofHang_c0
8038D864:m__22daAlinkHIO_sideStep_c0
8038DF70:m__22daAlinkHIO_turnMove_c0
8038E1B8:m__22daAlinkHIO_wallFall_c0
8038E1F4:m__22daAlinkHIO_wallHang_c0
8038E1E0:m__22daAlinkHIO_wallMove_c0
8038F748:m__22daAlinkHIO_wlAtBite_c0
8038F658:m__22daAlinkHIO_wlAtDown_c0
8038F618:m__22daAlinkHIO_wlAtLand_c0
8038F6F4:m__22daAlinkHIO_wlAtLock_c0
8038F558:m__22daAlinkHIO_wlAtRoll_c0
8038F4A4:m__22daAlinkHIO_wlAtWaLr_c0
8038F4E0:m__22daAlinkHIO_wlAtWaSc_c0
8038F51C:m__22daAlinkHIO_wlAtWaTl_c0
8038F7A4:m__22daAlinkHIO_wlAttack_c0
8038F3C4:m__22daAlinkHIO_wlDamage_c0
8038E49C:m__23daAlinkHIO_damCaught_c0
8038E24C:m__23daAlinkHIO_damNormal_c0
8038D7BC:m__23daAlinkHIO_frontRoll_c0
8038E77C:m__23daAlinkHIO_kandelaar_c0
8038E11C:m__23daAlinkHIO_smallJump_c0
8038E164:m__23daAlinkHIO_wallCatch_c0
8038F5B4:m__23daAlinkHIO_wlAtCjump_c0
8038F578:m__23daAlinkHIO_wlAtNjump_c0
8038EF70:m__23daAlinkHIO_wlAtnMove_c0
8038F374:m__23daAlinkHIO_wlDamFall_c0
8038F308:m__23daAlinkHIO_wlDamHuge_c0
8038EF28:m__23daAlinkHIO_wlMoveNoP_c0
8038E7F4:m__24daAlinkHIO_magneBoots_c0
8038F0A8:m__24daAlinkHIO_wlAutoJump_c0
8038F010:m__24daAlinkHIO_wlBackJump_c0
8038F29C:m__24daAlinkHIO_wlDamLarge_c0
8038EFA8:m__24daAlinkHIO_wlSideStep_c0
8038F1A0:m__24daAlinkHIO_wlWallHang_c0
8038DD28:m__25daAlinkHIO_cutDaCharge_c0
8038DC9C:m__25daAlinkHIO_hoCutCharge_c0
8038F3B4:m__25daAlinkHIO_wlDamCaught_c0
8038F23C:m__25daAlinkHIO_wlDamNormal_c0
8038DE18:m__26daAlinkHIO_cutLargeJump_c0
8038D768:m__26daAlinkHIO_noActAtnMove_c0
80450D90:m_aim_rate__8daYkgr_c
80450D8E:m_alpha__8daYkgr_c
80450D8D:m_alpha_flag__8daYkgr_c
8038FCA8:m_anmDataTable__9daAlink_c
80450E0C:m_audio__7dDemo_c
80450EB4:m_b_Light8EcallBack__13dPa_control_c
80450EB8:m_b_Light8PcallBack__13dPa_control_c
803DD428:m_bloom__13mDoGph_gInf_c
80450E44:m_branchData__7dDemo_c
80450620:m_branchId__7dDemo_c
80450E40:m_branchType__7dDemo_c
80450748:m_cloth_item$3797
80450E04:m_control__7dDemo_c
80450D88:m_count__9daArrow_c
803DD2E8:m_cpadInfo__8mDoCPd_c
80393950:m_cylDat__10daNpcCd2_c
80392E18:m_cylDat__9daNpcCd_c
803B9F10:m_cyl_src__8daItem_c
80450EBC:m_d_Light8EcallBack__13dPa_control_c
80450EC0:m_d_Light8PcallBack__13dPa_control_c
803792B0:m_data__12daItemBase_c
80450E24:m_data__7dDemo_c
80424588:m_deleteRoom__15dGrass_packet_c
80424594:m_deleteRoom__16dFlower_packet_c
803B22E0:m_demoInitTable__9daAlink_c
80450DD8:m_diffTime__11dLib_time_c
8045101C:m_dropAngleY__20daPy_boomerangMove_c
80450F74:m_dzb_id__16dBgS_MoveBgActor
80450FE4:m_dzb_id__23daBaseNpc_moveBgActor_c
803A8748:m_emitterFourData__8dPaPoF_c
803A8670:m_emitterTwoData__8dPaPoT_c
80450D98:m_emitter__8daYkgr_c
8042457C:m_entryModel__10daMirror_c
8045101E:m_eventKeepFlg__20daPy_boomerangMove_c
80450FC8:m_eye_move_flg__16daAlink_matAnm_c
803B2CEC:m_fEffParamProc__9daAlink_c
803914A8:m_faceTexDataTable__9daAlink_c
80450E18:m_factory__7dDemo_c
80450D8C:m_flag__8daYkgr_c
80450DB4:m_flower__9daGrass_c
80450E34:m_frameNoMsg__7dDemo_c
80450E28:m_frame__7dDemo_c
803DD2D8:m_gamePad__8mDoCPd_c
80450DB0:m_grass__9daGrass_c
80391900:m_handLeftInSidePos__9daAlink_c
803918E8:m_handLeftOutSidePos__9daAlink_c
8039190C:m_handRightInSidePos__9daAlink_c
803918F4:m_handRightOutSidePos__9daAlink_c
8037A780:m_hitSeID__12dCcD_GObjInf
803952B8:m_kamen_offset_x$7578
80394310:m_kamen_offset_x$8678
803952CC:m_kamen_offset_y$7579
80394324:m_kamen_offset_y$8679
803952E0:m_kamen_scale$7580
80394338:m_kamen_scale$8680
8038FC38:m_mainBckFishing__9daAlink_c
8038FBD4:m_mainBckShield__9daAlink_c
8038FC24:m_mainBckSword__9daAlink_c
80450E1C:m_mesgControl__7dDemo_c
80450E14:m_message__7dDemo_c
80451018:m_midnaActor__9daPy_py_c
803952F4:m_mirror_offset_x$7682
8039434C:m_mirror_offset_x$8781
80395308:m_mirror_offset_y$7683
80394360:m_mirror_offset_y$8782
8039531C:m_mirror_scale$7684
80394374:m_mirror_scale$8783
80450E38:m_mode__7dDemo_c
80450FC9:m_morf_frame__16daAlink_matAnm_c
803AC3A4:m_mtrl_hit_tbl__4dCcS
80450FA0:m_myObj__10dMdl_mng_c
80450DA8:m_myObj__10daMirror_c
80450DB8:m_myObj__6daMP_c
80450DAC:m_myObj__9daGrass_c
804505C0:m_name$3788
80450F70:m_name__16dBgS_MoveBgActor
80450FE0:m_name__23daBaseNpc_moveBgActor_c
80451130:m_nowID__9dkWmark_c
80450FA8:m_obj__12dEyeHL_mng_c
80450E20:m_object__7dDemo_c
80454194:m_other__22dMfm_HIO_prm_res_src_s
80450E10:m_particle__7dDemo_c
80450D94:m_path__8daYkgr_c
803B0A28:m_procInitTable__9daAlink_c
80450D80:m_res__22dMap_HIO_prm_res_dst_s
80451088:m_res__22dMdm_HIO_prm_res_dst_s
80450D74:m_roomDzs__20dStage_roomControl_c
80450E30:m_rotationY__7dDemo_c
80450F78:m_set_func__16dBgS_MoveBgActor
80450FE8:m_set_func__23daBaseNpc_moveBgActor_c
80450750:m_shield_item$3799
80450E08:m_stage__7dDemo_c
80450E3C:m_status__7dDemo_c
80450DE0:m_stopTime__11dLib_time_c
8045074C:m_sword_item$3798
80450E00:m_system__7dDemo_c
80424684:m_texObjAgg__8dMpath_n
80450DE8:m_timeStopped__11dLib_time_c
80450D67:m_time_pass__20dStage_roomControl_c
804506A8:m_timer_max__8daItem_c
80450DF8:m_top__12daTagHstop_c
80450DA4:m_top__13daTagStream_c
80450E2C:m_translation__7dDemo_c
803A86D0:m_typeFourData__8dPaPoF_c
803A8628:m_typeTwoData__8dPaPoT_c
80430CB4:m_virtual_center__14cCcD_ShapeAttr
80391010:m_wlAnmDataTable__9daAlink_c
80451090:m_zoomCenterMaxX__20dMenu_StageMapCtrl_c
80451098:m_zoomCenterMaxZ__20dMenu_StageMapCtrl_c
8045108C:m_zoomCenterMinX__20dMenu_StageMapCtrl_c
80451094:m_zoomCenterMinZ__20dMenu_StageMapCtrl_c
80176074:magneCamera__9dCamera_cFl
80006454:main
8000628C:main01__Fv
80015AD8:mainLoop__17mDoDvdThd_param_cFv
8014F09C:mainProc__11daBaseNpc_cFv
802D233C:mainRamToAram__7JKRAramFPUcUlUl15JKRExpandSwitchUlP7JKRHeapiPUl
803DB420:mainThread
803D3420:mainThreadStack
804511A8:mainThread__9JFWSystem
800167D0:main__15mDoMemCd_Ctrl_cFv
80155BC0:main__8daNpcF_cFv
800157FC:main__9mDoDvdThdFPv
8032423C:makeAlphaCmpTable__Fv
802EA84C:makeAnmPointer__11J2DMaterialFv
800DEA3C:makeArrow__9daAlink_cFv
8027A454:makeColorTable__FPP8_GXColorPC16JPAClrAnmKeyDataUcsP7JKRHeap
80316620:makeDisplayList__11J3DMaterialFv
80317064:makeDisplayList__17J3DLockedMaterialFv
80316FD8:makeDisplayList__18J3DPatchedMaterialFv
80316344:makeDisplayList_private__11J3DMaterialFP17J3DDisplayListObj
8010F45C:makeFairy__9daAlink_cFP4cXyzUl
801F2514:makeGameFileDisp__12dMenu_save_cFv
801F23FC:makeGameFileSelDisp__12dMenu_save_cFv
802F8990:makeHierarchyPanes__9J2DScreenFP7J2DPaneP20JSURandomInputStreamUlP10JKRArchive
80325A9C:makeHierarchy__12J3DJointTreeFP8J3DJointPPC17J3DModelHierarchyP16J3DMaterialTableP13J3DShapeTable
800BFD74:makeItemType__9daAlink_cFv
800713CC:makeList__12dAttention_cFv
80053C00:makeMatrix__7J2DPaneFff
802F7540:makeMatrix__7J2DPaneFffff
802F7B18:makePaneExStream__7J2DPaneFP7J2DPaneP20JSURandomInputStream
802F60C4:makePaneStream__7J2DPaneFP7J2DPaneP20JSURandomInputStream
80186088:makeRecInfo__14dFile_select_cFUc
8003CD38:makeResTIMG__15dRenderingMap_cCFP7ResTIMGUsUsPUcPUcUs
80325F94:makeSharedDL__12J3DModelDataFv
80316668:makeSharedDisplayList__11J3DMaterialFv
80317068:makeSharedDisplayList__17J3DLockedMaterialFv
80316FDC:makeSharedDisplayList__18J3DPatchedMaterialFv
80324314:makeTevSwapTable__Fv
80324194:makeTexCoordTable__Fv
80315260:makeVcdVatCmd__8J3DShapeFv
80314F98:makeVtxArrayCmd__8J3DShapeFv
803242A8:makeZModeTable__Fv
800372A0:make_eff_break_gm_kotubo__5daObjFP10fopAc_ac_c
80037330:make_eff_break_gm_ootubo__5daObjFP10fopAc_ac_c
80037210:make_eff_break_kotubo2__5daObjFP10fopAc_ac_c
80037180:make_eff_break_kotubo__5daObjFP10fopAc_ac_c
8006F1A4:makebits__25@unnamed@d_vibration_cpp@FUlll
8006F168:makedata__25@unnamed@d_vibration_cpp@FPUsUll
8015EDC4:mallocBuffer__14daPy_anmHeap_cFv
8017D974:manualCamera__9dCamera_cFl
801BDF48:mapBgAnime__12dMenu_Dmap_cFv
801D1D50:mapBlink__18dMenu_Fmap2DBack_cFPs
801BDF6C:mapControl__12dMenu_Dmap_cFv
801B88F4:mapIconScaleSet__14dMenu_DmapBg_cFUc
801BF688:mapModeChange_init_proc__12dMenu_Dmap_cFv
801BF70C:mapModeChange_proc__12dMenu_Dmap_cFv
801BF9D4:mapMode_init_proc__12dMenu_Dmap_cFv
801BF9E0:mapMode_proc__12dMenu_Dmap_cFv
801B884C:mapScreenAnime__14dMenu_DmapBg_cFv
801B8110:mapScreenInit__14dMenu_DmapBg_cFv
803BCF18:map_icon_size
804246A0:map_tool_name$4449
804246B4:map_tool_name$4498
804246C8:map_tool_name$4511
80090230:maptoolIdEvCamera__9dCamera_cFv
801FD094:markMemSize__5dMw_cFv
803983C0:mark_tag$4932
803F1C30:max$5114
80450770:maxStdHeaps__Q29JFWSystem11CSetUpParam
804518A8:max_wait
802B5E80:mbossBgmMuteProcess__8Z2SeqMgrFv
801F1720:memCardCheck__12dMenu_save_cFv
801F2708:memCardCommandEnd2__12dMenu_save_cFv
801F2698:memCardCommandEnd__12dMenu_save_cFv
801F27CC:memCardDataLoadWait__12dMenu_save_cFv
801F298C:memCardDataSaveWait2__12dMenu_save_cFv
801F28E4:memCardDataSaveWait__12dMenu_save_cFv
801F1EE0:memCardErrGoIPLSel2__12dMenu_save_cFv
801F1DD4:memCardErrGoIPLSel__12dMenu_save_cFv
801F1F80:memCardErrGotoIPL__12dMenu_save_cFv
801F219C:memCardErrMsgWaitFormatSel2__12dMenu_save_cFv
801F2000:memCardErrMsgWaitFormatSel__12dMenu_save_cFv
801F191C:memCardErrMsgWaitKey__12dMenu_save_cFv
801F232C:memCardFormatWait__12dMenu_save_cFv
801F22CC:memCardFormat__12dMenu_save_cFv
801F247C:memCardMakeGameFileSel__12dMenu_save_cFv
801F260C:memCardMakeGameFileWait__12dMenu_save_cFv
801F25AC:memCardMakeGameFile__12dMenu_save_cFv
801F12F0:memCardWatch__12dMenu_save_cFv
80450584:memMargin__7mDoMain
80431B04:memPool_$localstatic3$getMemPool__43JASPoolAllocObject_MultiThreaded<8JASTrack>Fv
80431B34:memPool_$localstatic3$getMemPool__46JASPoolAllocObject_MultiThreaded<10JASChannel>Fv
80431AF4:memPool_$localstatic3$getMemPool__58JASPoolAllocObject_MultiThreaded<Q28JASTrack11TChannelMgr>Fv
80434084:memPool_$localstatic3$getMemPool___26JASPoolAllocObject<5JAISe>Fv
804340CC:memPool_$localstatic3$getMemPool___27JASPoolAllocObject<6JAISeq>Fv
804340FC:memPool_$localstatic3$getMemPool___30JASPoolAllocObject<9JAIStream>Fv
804341E4:memPool_$localstatic3$getMemPool___30JASPoolAllocObject<9Z2Audible>Fv
804340B0:memPool_$localstatic3$getMemPool___35JASPoolAllocObject<13JAISoundChild>Fv
804341C4:memPool_$localstatic3$getMemPool___39JASPoolAllocObject<17Z2SoundHandlePool>Fv
80431B7C:memPool___46JASPoolAllocObject_MultiThreaded<10JASChannel>
80263228:memalignB__3cMlFiUl
80366104:memchr
8036608C:memcmp
80003540:memcpy
80366130:memmove
80035798:memory_to_card__10dSv_info_cFPci
80003458:memset
80397048:menu2_n$5217
80397188:menu3_n$5256
8024FFA4:menuAbtnSelect__7dName_cFv
80250380:menuCursorMove2__7dName_cFv
80250284:menuCursorMove__7dName_cFv
8024FAF4:menuCursorPosSet__7dName_cFv
8018DA10:menuCursorShow__14dFile_select_cFv
801E55B8:menuHide__14dMenu_Option_cFi
802B2DAC:menuInBgm__8Z2SeqMgrFv
802ADD58:menuInSe__7Z2SeMgrFv
802B613C:menuIn__11Z2StatusMgrFv
80186B48:menuMoveAnmInitSet__14dFile_select_cFii
80186CAC:menuMoveAnm__14dFile_select_cFv
802B2DF4:menuOutBgm__8Z2SeqMgrFv
802B617C:menuOut__11Z2StatusMgrFv
80186E14:menuSelectAnmSet__14dFile_select_cFv
80186A80:menuSelectCansel__14dFile_select_cFv
80186F98:menuSelectMoveAnm__14dFile_select_cFv
801868EC:menuSelectStart__14dFile_select_cFv
80186774:menuSelect__14dFile_select_cFv
801E54F8:menuShow__14dMenu_Option_cFi
801E5494:menuVisible__14dMenu_Option_cFv
8018D884:menuWakuAlpahAnmInit__14dFile_select_cFUcUcUcUc
8018D8C8:menuWakuAlpahAnm__14dFile_select_cFUc
80397018:menu_n$5216
80397218:menu_t0$5283
80397298:menu_t1$5311
80397238:menu_t2$5290
80397258:menu_t3$5297
80397278:menu_t4$5304
803972B8:menu_t5$5318
803972C8:menut_0$5324
80397328:menut_1$5332
80397388:menut_2$5340
803973E8:menut_3$5348
80397448:menut_4$5356
80451840:message$351
801F31B4:messageChange__12dMenu_save_cFv
8024AB30:messageNodeProc__10dMsgFlow_cFP10fopAc_ac_cPP10fopAc_ac_c
8022CB10:messageSePlay__27jmessage_tSequenceProcessorFUcUcP4cXyz
802ADB14:messageSePlay__7Z2SeMgrFUsP3VecSc
8009CB88:messageSet__FUlb
8020E754:meter_map_move__11dMeterMap_cFUl
803BA6E4:method
803A3AFC:method$2262
803A3AA8:methods$2376
803A3AC0:methods$2386
803A3AD0:methods$2397
800B26AC:midnaTalkTrigger__9daAlink_cCFv
803F1C18:min$5077
804518A0:min_wait
802BD71C:mixChannelOut__10Z2AudienceFRC14JASSoundParamsP10JAIAudiblei
8029CB70:mixExtraTrack__9JASDriverFPsUlPFl_Ps
8029CC50:mixInterleaveTrack__9JASDriverFPsUlPFl_Ps
8029CAC0:mixMonoTrackWide__9JASDriverFPsUlPFl_Ps
8029CA10:mixMonoTrack__9JASDriverFPsUlPFl_Ps
802A2280:mixOutAll__14JAISoundParamsFRC14JASSoundParamsP14JASSoundParamsf
802AA528:mixOut__10Z2SoundMgrFv
802A4118:mixOut__12JAIStreamMgrFv
802A2B28:mixOut__13JAISoundChildFP8JASTrack
802A0704:mixOut__8JAISeMgrFv
802A1EFC:mixOut__9JAISeqMgrFv
8029F0F8:mixOut___5JAISeFRC14JASSoundParams
802A1348:mixOut___6JAISeqFRC14JASSoundParams16JAISoundActivity
802AB830:modHeightAtCamera__7Z2SeMgrFPPC3Vec
80192D5C:modeMove__12dFile_info_cFv
8019350C:modeMove__14dBrightCheck_cFv
80191F94:modeMove__15dFile_warning_cFv
80192D58:modeWait__12dFile_info_cFv
80193508:modeWait__14dBrightCheck_cFv
80191F90:modeWait__15dFile_warning_cFv
803B9DC4:mode_proc$4678
8015CCD0:mode_wait__8daItem_cFv
8015CC4C:mode_wait_init__8daItem_cFv
8015CDCC:mode_water__8daItem_cFv
8015CC88:mode_water_init__8daItem_cFv
800106AC:modelCalc__14mDoExt_McaMorfFv
80012170:modelCalc__15mDoExt_McaMorf2Fv
800111EC:modelCalc__16mDoExt_McaMorfSOFv
800CC25C:modelCalc__9daAlink_cFP8J3DModel
8009EB58:modelCallBack__9daAlink_cFi
800CC2E0:modelDraw__9daAlink_cFP8J3DModeli
8036C494:modf
8033631C:modifyMaterial__14J3DModelLoaderFUl
8033168C:modifyPatchedCurrentMtx__18J3DMaterialFactoryCFP11J3DMateriali
8018D344:modoruTxtChange__14dFile_select_cFUc
801F60A4:modoruTxtDispAnmInit__12dMenu_save_cFUc
8018D3A0:modoruTxtDispAnmInit__14dFile_select_cFUc
801F6120:modoruTxtDispAnm__12dMenu_save_cFv
8018D41C:modoruTxtDispAnm__14dFile_select_cFv
8024F1EC:mojiChange__7dName_cFUc
802501B0:mojiListChange__7dName_cFv
8000A290:motionBlure__FP10view_class
802626D0:mountCallback__20DynamicModuleControlFPv
802D57E4:mount__10JKRArchiveFPCcQ210JKRArchive10EMountModeP7JKRHeapQ210JKRArchive15EMountDirection
802D5840:mount__10JKRArchiveFPvP7JKRHeapQ210JKRArchive15EMountDirection
802D58C8:mount__10JKRArchiveFlQ210JKRArchive10EMountModeP7JKRHeapQ210JKRArchive15EMountDirection
802D49B4:mount__12JKRFileCacheFPCcP7JKRHeapPCc
80017148:mount__15mDoMemCd_Ctrl_cFv
802231C8:move2DContents__9dMeter2_cFv
80042FA8:moveApproval__14dEvt_control_cFPv
80224354:moveArrowNum__9dMeter2_cFv
80243DCC:moveBaseLength__14dMsgScrnHowl_cFb
80223E00:moveBombNum__9dMeter2_cFv
80224258:moveBottleNum__9dMeter2_cFv
802222A0:moveButton3D__9dMeter2_cFv
80221244:moveButtonA__9dMeter2_cFv
802217F4:moveButtonB__9dMeter2_cFv
80222364:moveButtonC__9dMeter2_cFv
80222E88:moveButtonCross__9dMeter2_cFv
80221EC8:moveButtonR__9dMeter2_cFv
80222494:moveButtonS__9dMeter2_cFv
80222518:moveButtonXY__9dMeter2_cFv
80222000:moveButtonZ__9dMeter2_cFv
80195940:moveCenter__16dSelect_cursor_cFP7J2DPaneff
80198488:moveCursor0__13dShopSystem_cFiUc
80198708:moveCursor1__13dShopSystem_cFiUc
80198444:moveCursor__13dShopSystem_cFiUc
802A2F14:moveDolby__18JAISoundParamsMoveFfUl
801C12B4:moveFloor__20dMenu_StageMapCtrl_cFv
802A2E64:moveFxMix__18JAISoundParamsMoveFfUl
80220180:moveKantera__9dMeter2_cFv
802210AC:moveKey__9dMeter2_cFv
8021FD60:moveLife__9dMeter2_cFv
801C4600:moveLightDropAnime__16dMenuMapCommon_cFv
80220888:moveLightDrop__9dMeter2_cFv
80243BE0:moveLineV__14dMsgScrnHowl_cFb
8022051C:moveOxygen__9dMeter2_cFv
80224680:movePachinkoNum__9dMeter2_cFv
802A2EBC:movePan__18JAISoundParamsMoveFfUl
802A2E0C:movePitch__18JAISoundParamsMoveFfUl
80220C30:moveRupee__9dMeter2_cFv
800CBA38:moveShadowScaleLight__9daAlink_cFv
802230FC:moveSubContents__9dMeter2_cFv
802230F8:moveTouchSubMenu__9dMeter2_cFv
802A2DB4:moveVolume__18JAISoundParamsMoveFfUl
8003F6C8:move__10dMapInfo_cFif
801964C8:move__16ShopCam_action_cFv
8023D7D8:move__17dMsgScrnExplain_cFv
801DB470:move__19dMenu_ItemExplain_cFv
801C2234:move__20dMenu_StageMapCtrl_cFv
802F6F60:move__7J2DPaneFff
8023DD90:move_init__17dMsgScrnExplain_cFv
801DBB50:move_init__19dMenu_ItemExplain_cFv
80194048:move_init__8dScope_cFv
801DC1E0:move_next_init__19dMenu_ItemExplain_cFv
801DC214:move_next_proc__19dMenu_ItemExplain_cFv
803BEDF0:move_proc
8023DDB4:move_proc__17dMsgScrnExplain_cFv
801DBB7C:move_proc__19dMenu_ItemExplain_cFv
8019404C:move_proc__8dScope_cFv
8015CAB8:move_proc_call__8daItem_cFv
8023DE8C:move_select_init__17dMsgScrnExplain_cFv
801DBCB4:move_select_init__19dMenu_ItemExplain_cFv
8023E0F4:move_select_proc__17dMsgScrnExplain_cFv
801DBF44:move_select_proc__19dMenu_ItemExplain_cFv
803BFCAC:mpIconName$5045
80453660:msDemoArcName$4619
804506C0:msgTbl
801F34BC:msgTxtSet__12dMenu_save_cFUsb
801F4DAC:msgWindowClose__12dMenu_save_cFv
801F4B84:msgWindowInitOpen__12dMenu_save_cFv
801F4D10:msgWindowOpen__12dMenu_save_cFv
8037B180:msg_data
80451520:msr__12JUTException
80430DB8:mtx
803CDB70:mtxCache$1263
803A8D9C:mtx_adj$5842
80378898:mtx_adj$6195
800E247C:multVecMagneBootInvMtx__9daAlink_cFP4cXyz
8023C234:multiDraw__14dMsgScrnBase_cFv
802AA9E8:multiVolumeSoundID__10Z2SoundMgrF10JAISoundIDf
802B9A24:muteSceneBgm__8Z2SeqMgrFUlf
802927A0:mute__8JASTrackFb
8000B7C8:myExceptionCallback__FUsP9OSContextUlUl
8000B1EC:myGetHeapTypeByString__FP7JKRHeap
8003BD00:myGetMemBlockSize0__FPv
8003BC98:myGetMemBlockSize__FPv
8000B5C8:myHeapCheckRecursive__FP7JKRHeap
8000B3EC:myMemoryErrorRoutine__FPvUli
800158DC:my_DVDConvertPathToEntrynum__FPCc
800155D8:my_OSCancelAlarmAll__Fv
8000BCF4:my_PrintHeap__FPCcUl
800067C8:my_PutString__FPCc
8000BCF8:my_SysPrintHeap__FPCcPvUl
80451080:myclass__12dMenu_Dmap_c
804506A4:nColor0$42525
804530D8:name0$41422
804530E0:name1$41423
8024EC10:nameCheck__7dName_cFv
8024F914:nameCursorMove__7dName_cFv
801876A0:nameInput2Move__14dFile_select_cFv
8018774C:nameInput2__14dFile_select_cFv
8018759C:nameInputFade__14dFile_select_cFv
80187384:nameInputWait__14dFile_select_cFv
801873BC:nameInput__14dFile_select_cFv
80190074:nameMoveAnmInitSet__14dFile_select_cFii
80190124:nameMoveAnm__14dFile_select_cFv
801874F8:nameToDataSelectMove__14dFile_select_cFv
80395FA0:name_0$4085
80396000:name_id$4087
80396950:name_tag$3883
80397CF0:name_tag$4306
802F3FE0:newAlphaComp__18J2DMaterialFactoryCFi
80332768:newAlphaComp__18J3DMaterialFactoryCFi
80333EE0:newAlphaComp__22J3DMaterialFactory_v21CFi
80331F50:newAmbColor__18J3DMaterialFactoryCFii
802BD338:newAudible__10Z2AudienceFRCQ29JGeometry8TVec3<f>10JAISoundIDPCQ29JGeometry8TVec3<f>Ul
802A2474:newAudible__8JAISoundFRCQ29JGeometry8TVec3<f>PCQ29JGeometry8TVec3<f>UlP11JAIAudience
802A5A50:newBank__10JAUSectionFPCvUl
802F405C:newBlend__18J2DMaterialFactoryCFi
803327E8:newBlend__18J3DMaterialFactoryCFi
80333F60:newBlend__22J3DMaterialFactory_v21CFi
802F36CC:newColorChanNum__18J2DMaterialFactoryCFi
80331D74:newColorChanNum__18J3DMaterialFactoryCFi
80333834:newColorChanNum__22J3DMaterialFactory_v21CFi
802F3704:newColorChan__18J2DMaterialFactoryCFii
80331DAC:newColorChan__18J3DMaterialFactoryCFii
8033386C:newColorChan__22J3DMaterialFactory_v21CFii
802A57F0:newCopy__10JAUSectionFPCvUll
802F38E0:newCullMode__18J2DMaterialFactoryCFi
803320CC:newCullMode__18J3DMaterialFactoryCFi
80333B30:newCullMode__22J3DMaterialFactory_v21CFi
80056018:newData__13dDlst_peekZ_cFssPUl
80031248:newData__7daSus_cFScRC4cXyzRC4cXyzUcUcUc
80312DBC:newDifferedDisplayList__14J3DShapePacketFUl
803275FC:newDifferedDisplayList__8J3DModelFUl
8031280C:newDisplayList__13J3DDrawPacketFUl
80312488:newDisplayList__17J3DDisplayListObjFUl
802F40D8:newDither__18J2DMaterialFactoryCFi
803328C4:newDither__18J3DMaterialFactoryCFi
8033403C:newDither__22J3DMaterialFactory_v21CFi
802A60AC:newDynamicSeqBlock__14JAUSectionHeapFUl
802A4930:newDynamicSeqBlock__17JAUAudioArcLoaderFUl
8033268C:newFog__18J3DMaterialFactoryCFi
80333E04:newFog__22J3DMaterialFactory_v21CFi
802F3968:newFontNo__18J2DMaterialFactoryCFi
802F3E24:newIndTevStage__18J2DMaterialFactoryCFii
803324B4:newIndTevStage__18J3DMaterialFactoryCFii
802F3F78:newIndTexCoordScale__18J2DMaterialFactoryCFii
80332648:newIndTexCoordScale__18J3DMaterialFactoryCFii
802F3D20:newIndTexMtx__18J2DMaterialFactoryCFii
8033240C:newIndTexMtx__18J3DMaterialFactoryCFii
802F3CB8:newIndTexOrder__18J2DMaterialFactoryCFii
803323C8:newIndTexOrder__18J3DMaterialFactoryCFii
802F3C88:newIndTexStageNum__18J2DMaterialFactoryCFi
803323A0:newIndTexStageNum__18J3DMaterialFactoryCFi
80297DA4:newInstTable__12JASBasicBankFUcP7JKRHeap
802F362C:newMatColor__18J2DMaterialFactoryCFii
80331D18:newMatColor__18J3DMaterialFactoryCFii
803337D8:newMatColor__22J3DMaterialFactory_v21CFii
802908C8:newMemPool__17JASGenericMemPoolFUli
803328FC:newNBTScale__18J3DMaterialFactoryCFi
80334074:newNBTScale__22J3DMaterialFactory_v21CFi
80298370:newPercArray__10JASDrumSetFUcP7JKRHeap
8003C260:newResInfo__14dRes_control_cFP11dRes_info_ci
802A5500:newSeSeqCollection__10JAUSectionFPCvUl
802A0484:newSe___8JAISeMgrFiUl
8033784C:newShapeDraw__15J3DShapeFactoryCFii
803375BC:newShapeMtx__15J3DShapeFactoryCFUlii
80316E90:newSharedDisplayList__11J3DMaterialFUl
80325E14:newSharedDisplayList__12J3DModelDataFUl
8004D128:newSimple__13dPa_control_cFUsUcPUl
80312898:newSingleDisplayList__13J3DDrawPacketFUl
80312508:newSingleDisplayList__17J3DDisplayListObjFUl
80316F24:newSingleSharedDisplayList__11J3DMaterialFUl
802A52A0:newSoundNameTable__10JAUSectionFPCvUlb
802A51E4:newSoundTable__10JAUSectionFPCvUlb
802A5598:newStaticSeqDataBlock___10JAUSectionF10JAISoundIDUl
802A5730:newStaticSeqData__10JAUSectionF10JAISoundID
802A56C8:newStaticSeqData__10JAUSectionF10JAISoundIDPCvUl
802CDCEC:newStreamAram__26JAUStreamStaticAramMgr_<1>FPUl
802A535C:newStreamFileTable__10JAUSectionFPCvb
802A4174:newStream___12JAIStreamMgrFv
802F3A1C:newTevColor__18J2DMaterialFactoryCFii
803321A0:newTevColor__18J3DMaterialFactoryCFii
80333C04:newTevColor__22J3DMaterialFactory_v21CFii
802F3AB4:newTevKColor__18J2DMaterialFactoryCFii
80332210:newTevKColor__18J3DMaterialFactoryCFii
80333C74:newTevKColor__22J3DMaterialFactory_v21CFii
802F39A8:newTevOrder__18J2DMaterialFactoryCFii
80332154:newTevOrder__18J3DMaterialFactoryCFii
80333BB8:newTevOrder__22J3DMaterialFactory_v21CFii
802F3B54:newTevStageNum__18J2DMaterialFactoryCFi
8033226C:newTevStageNum__18J3DMaterialFactoryCFi
80333CD0:newTevStageNum__22J3DMaterialFactory_v21CFi
802F3B8C:newTevStage__18J2DMaterialFactoryCFii
803322A4:newTevStage__18J3DMaterialFactoryCFii
80333D08:newTevStage__22J3DMaterialFactory_v21CFii
802F3BEC:newTevSwapModeTable__18J2DMaterialFactoryCFii
80332304:newTevSwapModeTable__18J3DMaterialFactoryCFii
80333D68:newTevSwapModeTable__22J3DMaterialFactory_v21CFii
802F3790:newTexCoord__18J2DMaterialFactoryCFii
80331FE4:newTexCoord__18J3DMaterialFactoryCFii
80333A48:newTexCoord__22J3DMaterialFactory_v21CFii
802F3758:newTexGenNum__18J2DMaterialFactoryCFi
80331FAC:newTexGenNum__18J3DMaterialFactoryCFi
80333A10:newTexGenNum__22J3DMaterialFactory_v21CFi
802F3804:newTexMtx__18J2DMaterialFactoryCFii
80332044:newTexMtx__18J3DMaterialFactoryCFii
80333AA8:newTexMtx__22J3DMaterialFactory_v21CFii
802F3920:newTexNo__18J2DMaterialFactoryCFii
8033210C:newTexNo__18J3DMaterialFactoryCFii
80333B70:newTexNo__22J3DMaterialFactory_v21CFii
802A5B84:newVoiceBank__10JAUSectionFUlUl
802A4900:newVoiceBank__17JAUAudioArcLoaderFUlUl
802A5854:newWaveBank__10JAUSectionFUlPCv
8033288C:newZCompLoc__18J3DMaterialFactoryCFi
80334004:newZCompLoc__22J3DMaterialFactory_v21CFi
8033282C:newZMode__18J3DMaterialFactoryCFi
80333FA4:newZMode__22J3DMaterialFactory_v21CFi
80450A68:next
80071960:nextAttention__12dAttention_cFv
804511DC:nextCount$2650
8003E490:nextData__22dMenuFmapIconPointer_cFv
8018AD9C:nextModeWait__14dFile_select_cFv
801635E4:nextMode__9dCamera_cFl
80451125:nextPauseTimer__9dScnPly_c
80257284:nextSceneChange__10dScnLogo_cFv
804511D0:nextTick$2642
80163D5C:nextType__9dCamera_cFl
804505A8:next__14mDoMtx_stack_c
80256E48:nintendoInDraw__10dScnLogo_cFv
80256ECC:nintendoOutDraw__10dScnLogo_cFv
803A38D8:noFadeFase$2275
8018E9B0:noFileSpaceDispInit__14dFile_select_cFv
80277C8C:noLoadPrj__FPC18JPAEmitterWorkDataPA4_Cf
8018EC4C:noSaveSelDispInit__14dFile_select_cFv
8024AFF8:nodeProc__10dMsgFlow_cFP10fopAc_ac_cPP10fopAc_ac_c
80266DC4:normZC__4cXyzCFv
80266D30:normZP__4cXyzCFv
80266CE4:norm__4cXyzCFv
803A835C:normalID$5532
804530F0:normalNameID$41521
80391FC8:normalOffset$60101
80391E78:normalType0$50859
80391E8C:normalType1$50860
803917B8:normalType1$6982
803917CC:normalType2$6983
803917E0:normalType3$6984
80266FDC:normalizeRS__4cXyzFv
8032EBCC:normalizeWeight__11J3DDeformerFiPf
80266F48:normalizeZP__4cXyzFv
80266EF4:normalize__4cXyzFv
8045333C:notColor0$76211
800D1788:notSwordHitVibActor__9daAlink_cFP10fopAc_ac_c
800B4950:notTalk__9daAlink_cFv
80292708:noteOffAll__8JASTrackFUs
80292198:noteOff__8JASTrackFUlUs
80293220:noteOff__Q28JASTrack11TChannelMgrFUlUs
80297C40:noteOnOsc__7JASBankFiUcUcUsPFUlP10JASChannelPQ26JASDsp8TChannelPv_vPv
80297930:noteOn__7JASBankFPC7JASBankiUcUcUsPFUlP10JASChannelPQ26JASDsp8TChannelPv_vPv
80291F38:noteOn__8JASTrackFUlUlUl
803DD470:now__14mDoMtx_stack_c
803BC010:now_shadow_alpha$5927
803A24B8:npio2_hw
80450640:numTelopData
803B2C64:oBridgePortal$39240
80451248:oRandom$1099
80451334:oRandom$401
8025B0F0:objectDeleteJugge__FPvPv
8025B2EC:objectSetCheck__FP19room_of_scene_class
8017D97C:observeCamera__9dCamera_cFl
80453650:ocArcName$4615
800356B4:offActor__10dSv_info_cFii
8032E230:offAllFlag__13J3DDeformDataFUl
80237968:offCameraCancelFlag__12dMsgObject_cFv
80141200:offCondition__11dEvt_info_cFUs
800349A4:offEventBit__11dSv_event_cFUs
80033E94:offFirstBit__21dSv_player_get_item_cFUc
801975DC:offFlag__13dShopSystem_cFi
800E8298:offGoatStopGame__9daAlink_cFv
80110840:offKandelaarModel__9daAlink_cFv
80237530:offMsgSendControlLocal__12dMsgObject_cFv
802382C8:offMsgSendControl__12dMsgObject_cFv
8023756C:offMsgSendLocal__12dMsgObject_cFv
8023834C:offMsgSend__12dMsgObject_cFv
8014112C:offNoResetFlg0__9daPy_py_cFQ29daPy_py_c9daPy_FLG0
8014135C:offNoResetFlg1__9daPy_py_cFQ29daPy_py_c9daPy_FLG1
8014136C:offNoResetFlg2__9daPy_py_cFQ29daPy_py_c9daPy_FLG2
80034DC8:offOneSwitch__13dSv_zoneBit_cFi
80101C94:offOxygenTimer__9daAlink_cFv
80259BFC:offReset__9dScnPly_cFv
800D0180:offSetFlg__16daAlink_matAnm_cFv
800429B4:offSkipFade__14dEvt_control_cFv
80197634:offSoldOutItemFlag__13dShopSystem_cFi
8009C1F0:offStatus__7dTres_cFUcii
80031D78:offSttsFlag__12daObjCarry_cFiUc
800352B0:offSwitch__10dSv_info_cFii
80034BC0:offSwitch__12dSv_danBit_cFi
80034838:offSwitch__12dSv_memBit_cFi
80034D2C:offSwitch__13dSv_zoneBit_cFi
800D1310:offSwordModel__9daAlink_cFv
800347C4:offTbox__12dSv_memBit_cFi
80034AC8:offVisitedRoom__13dSv_memory2_cFi
8003AC1C:offWarpMaterial__11dRes_info_cFP12J3DModelData
80127CAC:offWolfEyeUp__9daAlink_cFv
80034EF8:off__15dSv_zoneActor_cFi
803BBD0C:offset$4331
80452FA8:offsetAngle$25945
8003EDC0:offsetPlus__10dMapInfo_nFPC21dStage_FileList2_dt_cP3Vec
80391E0C:offsetPos$42227
804512D0:old_time$264
8004B504:onActive__Q313dPa_control_c7level_c9emitter_cFv
80035644:onActor__10dSv_info_cFii
800080A0:onBlure__13mDoGph_gInf_cFPA4_Cf
80008078:onBlure__13mDoGph_gInf_cFv
80237950:onCameraCancelFlag__12dMsgObject_cFv
8003422C:onCollectCrystal__20dSv_player_collect_cFUc
80034270:onCollectMirror__20dSv_player_collect_cFUc
801411E0:onCondition__11dEvt_info_cFUs
80032B94:onDarkClearLV__21dSv_player_status_b_cFi
8021C934:onDirectUseItem__13dMeter2Info_cFi
8029A664:onDispose__10JASWaveArcFv
80290BCC:onDispose__11JASDisposerFv
80034918:onDungeonItem__12dSv_memBit_cFi
80298FA4:onEraseDone__10JASWaveArcFv
80298B2C:onEraseDone__Q216JASBasicWaveBank10TWaveGroupFv
8003498C:onEventBit__11dSv_event_cFUs
802B579C:onFieldBgmJumpEnd__8Z2SeqMgrFv
802B5750:onFieldBgmJumpStart__8Z2SeqMgrFv
80033E60:onFirstBit__21dSv_player_get_item_cFUc
801975C0:onFlag__13dShopSystem_cFi
801419F4:onForcePanic__9daMidna_cFv
800C1DE0:onFrollCrashFlg__9daAlink_cFUci
8001E11C:onFrollCrashFlg__9daPy_py_cFUci
80181490:onHorseDush__9dCamera_cFv
800354E0:onItem__10dSv_info_cFii
80034C4C:onItem__12dSv_danBit_cFi
800348C4:onItem__12dSv_memBit_cFi
80034E24:onItem__13dSv_zoneBit_cFi
80237994:onKillMessageFlag__12dMsgObject_cFv
80034428:onLetterGetFlag__17dSv_letter_info_cFi
80034474:onLetterReadFlag__17dSv_letter_info_cFi
80034368:onLightDropGetFlag__16dSv_light_drop_cFUc
80298FA0:onLoadDone__10JASWaveArcFv
80298B04:onLoadDone__Q216JASBasicWaveBank10TWaveGroupFv
80126710:onLockFlg__15daAlink_sight_cFv
801416F0:onMagneGrab__9daPy_py_cFff
80163C38:onModeChange__9dCamera_cFll
80237520:onMsgSendControlLocal__12dMsgObject_cFv
8023829C:onMsgSendControl__12dMsgObject_cFv
8023755C:onMsgSendLocal__12dMsgObject_cFv
80238320:onMsgSend__12dMsgObject_cFv
801412C4:onNoResetFlg0__9daPy_py_cFQ29daPy_py_c9daPy_FLG0
8014111C:onNoResetFlg2__9daPy_py_cFQ29daPy_py_c9daPy_FLG2
80141A84:onNoServiceWait__9daMidna_cFv
80034E7C:onOneItem__13dSv_zoneBit_cFi
80034DAC:onOneSwitch__13dSv_zoneBit_cFi
800D6F00:onPressedDamage__9daAlink_cFRC4cXyzs
801417D4:onPressedDamage__9daPy_py_cFRC4cXyzs
80032E4C:onRegionBit__33dSv_player_field_last_stay_info_cFi
801647B0:onRoomChange__9dCamera_cFl
801CCA70:onRoomDataBit__12dMenu_Fmap_cFi
800D0818:onSceneChangeAreaJump__9daAlink_cFUcUcP10fopAc_ac_c
80141768:onSceneChangeAreaJump__9daPy_py_cFUcUcP10fopAc_ac_c
800CF314:onSceneChangeArea__9daAlink_cFUcUcP10fopAc_ac_c
80141764:onSceneChangeArea__9daPy_py_cFUcUcP10fopAc_ac_c
800D0830:onSceneChangeDead__9daAlink_cFUci
8014176C:onSceneChangeDead__9daPy_py_cFUci
800429A8:onSkipFade__14dEvt_control_cFv
80197618:onSoldOutItemFlag__13dShopSystem_cFi
8010DA44:onSpinnerPathForceRemove__9daAlink_cFv
80141810:onSpinnerPathForceRemove__9daPy_py_cFv
8009C168:onStatus__7dTres_cFUcii
80031D64:onSttsFlag__12daObjCarry_cFiUc
8016469C:onStyleChange__9dCamera_cFll
80035200:onSwitch__10dSv_info_cFii
80034B98:onSwitch__12dSv_danBit_cFi
80034810:onSwitch__12dSv_memBit_cFi
80034D04:onSwitch__13dSv_zoneBit_cFi
800347A0:onTbox__12dSv_memBit_cFi
80032BD0:onTransformLV__21dSv_player_status_b_cFi
8016444C:onTypeChange__9dCamera_cFll
802B299C:onVariantBgmJumpEnd__8Z2SeqMgrFb
80034AA4:onVisitedRoom__13dSv_memory2_cFi
8003AB30:onWarpMaterial__11dRes_info_cFP12J3DModelData
80138B6C:onWolfEnemyBiteAll__9daAlink_cFP10fopAc_ac_cQ29daPy_py_c9daPy_FLG2
801417E0:onWolfEnemyBiteAll__9daPy_py_cFP10fopAc_ac_cQ29daPy_py_c9daPy_FLG2
80127C54:onWolfEyeUp__9daAlink_cFv
80034ED4:on__15dSv_zoneActor_cFi
802A8700:on_branch__Q28JMessage18TSequenceProcessorFPCvPCc
802A86D4:on_branch_queryResult__Q28JMessage18TSequenceProcessorFv
802A86A0:on_branch_query__Q28JMessage18TSequenceProcessorFUl
802A8690:on_branch_register__Q28JMessage18TSequenceProcessorFPFPCQ28JMessage18TSequenceProcessorUl_PCvPCvUl
802A85A4:on_isReady__Q28JMessage18TSequenceProcessorFv
802A8610:on_jump__Q28JMessage18TSequenceProcessorFPCvPCc
802A85E4:on_jump_isReady__Q28JMessage18TSequenceProcessorFv
802A85D0:on_jump_register__Q28JMessage18TSequenceProcessorFPFPCQ28JMessage18TSequenceProcessor_PCvUl
802A8C24:on_message__Q28JMessage10TProcessorCFUl
802A7E38:on_select_begin__Q28JMessage10TProcessorFPFPQ28JMessage10TProcessor_PCcPCvPCcUl
802A7EDC:on_select_end__Q28JMessage10TProcessorFv
802A7F34:on_select_separate__Q28JMessage10TProcessorFv
802A7FE4:on_tag___Q28JMessage10TProcessorFv
80455628:one$776
80450900:oneFrameRate
80450904:oneFrameRateUser
8017F25C:oneSideCamera__9dCamera_cFl
804507B8:one__11JASWaveInfo
803974D8:op_tx$5393
8023AA04:open1Proc__17dMsgScrn3Select_cFv
8023AAF4:open2Proc__17dMsgScrn3Select_cFv
80291C30:openChild__8JASTrackFUl
801DC3C8:openExplainDmap__19dMenu_ItemExplain_cFUcUcUcbUc
801DC738:openExplainTx__19dMenu_ItemExplain_cFUlUl
801EF48C:openExplain__12dMenu_Ring_cFUc
8023E558:openExplain__17dMsgScrnExplain_cFUlUcUcUcb
801DC340:openExplain__19dMenu_ItemExplain_cFUcUcUcb
801920B8:openInit__15dFile_warning_cFv
80234318:openProc__12dMsgObject_cFv
801F36B4:openSaveSelect2__12dMenu_save_cFv
801F37A0:openSaveSelect3__12dMenu_save_cFv
801F3588:openSaveSelect__12dMenu_save_cFv
802D9850:open__10JKRDvdFileFPCc
802D98C4:open__10JKRDvdFileFl
802D7DB4:open__13JKRDvdArchiveFl
802D6D30:open__13JKRMemArchiveFPvUl15JKRMemBreakFlag
802D6BCC:open__13JKRMemArchiveFlQ210JKRArchive15EMountDirection
802D72A8:open__14JKRAramArchiveFl
802D89BC:open__14JKRCompArchiveFl
8023DBE4:open_init__17dMsgScrnExplain_cFv
801DB820:open_init__19dMenu_ItemExplain_cFv
80193FB4:open_init__8dScope_cFv
8023DC7C:open_proc__17dMsgScrnExplain_cFv
801DBAB4:open_proc__19dMenu_ItemExplain_cFv
80193FD0:open_proc__8dScope_cFv
8023DAD8:open_request_init__17dMsgScrnExplain_cFv
8023DADC:open_request_proc__17dMsgScrnExplain_cFv
801B5258:option_close_init__17dMenu_Collect2D_cFv
801B5294:option_close_proc__17dMenu_Collect2D_cFv
801B51AC:option_move_init__17dMenu_Collect2D_cFv
801B51E8:option_move_proc__17dMenu_Collect2D_cFv
801B5094:option_open_init__17dMenu_Collect2D_cFv
801B513C:option_open_proc__17dMenu_Collect2D_cFv
802D3614:orderAsync__12JKRAramPieceFiUlUlUlP12JKRAramBlockPFUl_v
802DB900:orderAsync__9JKRDecompFPUcPUcUlUlPFUl_v
8014EFF4:orderEvent__11daBaseNpc_cFiPc
80048940:orderEvent__17dEvLib_callback_cFiii
8015387C:orderEvent__8daNpcF_cFiPcUsUsUcUs
800415D8:orderOld__14dEvt_control_cFUsUsUsUsPvPvPCv
800B7B7C:orderPeep__9daAlink_cFv
80046A58:orderStartDemo__16dEvent_manager_cFv
802D3838:orderSync__12JKRAramPieceFiUlUlUlP12JKRAramBlock
802DB988:orderSync__9JKRDecompFPUcPUcUlUl
800B7BF8:orderTalk__9daAlink_cFi
800B80C4:orderZTalk__9daAlink_cFv
80041668:order__14dEvt_control_cFUsUsUsUsPvPvsUc
80047984:order__16dEvent_manager_cFs
80431B58:osc$213
80451270:oscp$214
802349D8:outnowProc__12dMsgObject_cFv
80266CBC:outprod__4cXyzCFRC3Vec
80234CCC:outwaitProc__12dMsgObject_cFv
80451984:overflowcb
8005CDD0:overhead_bg_chk__Fv
8029226C:overwriteOsc__8JASTrackFP10JASChannel
803D2838:p2f$358
804519E0:pEXIInputFlag
803C432C:p_direction
804507A0:p_dl
804349C0:p_name$494
803C4354:p_plane
803C4320:p_prj
803C4340:p_rot
80070018:padLockButton__25@unnamed@d_attention_cpp@Fl
803DECA8:padding
80229034:pageSend__19jmessage_tReferenceFv
803961B0:palNo$3985
801E80B4:paneResize__14dMenu_Option_cFUx
80254638:paneScale__8CPaneMgrFff
8020AE68:paneTrans__14dMeterButton_cFP8CPaneMgrffUc
802545B0:paneTrans__8CPaneMgrFff
802E21FC:panic_f__12JUTExceptionFPCciPCce
802E20C0:panic_f_va__12JUTExceptionFPCciPCcP16__va_list_struct
8017A2A0:paraRailCamera__9dCamera_cFl
803BC0DC:parcent_tabel$9036
802857E4:parseBlock_block__Q27JStudio6TParseFRCQ47JStudio3stb4data13TParse_TBlockUl
802897E8:parseBlock_block__Q37JStudio3stb6TParseFRCQ47JStudio3stb4data13TParse_TBlockUl
802858F0:parseBlock_block_ctb___Q27JStudio6TParseFRCQ47JStudio3stb4data13TParse_TBlockUl
80285844:parseBlock_block_fvb___Q27JStudio6TParseFRCQ47JStudio3stb4data13TParse_TBlockUl
802A92F4:parseBlock_next__Q28JMessage6TParseFPPCvPUlUl
80281470:parseBlock_next__Q37JStudio3ctb6TParseFPPCvPUlUl
80284BF0:parseBlock_next__Q37JStudio3fvb6TParseFPPCvPUlUl
8028978C:parseBlock_next__Q37JStudio3stb6TParseFPPCvPUlUl
80289820:parseBlock_object__Q37JStudio3stb6TParseFRCQ47JStudio3stb4data20TParse_TBlock_objectUl
802A9490:parseCharacter_1Byte__Q28JMessage6localeFPPCc
802A94A8:parseCharacter_2Byte__Q28JMessage6localeFPPCc
802A9528:parseCharacter_ShiftJIS__Q28JMessage6localeFPPCc
802A958C:parseCharacter_UTF8__Q28JMessage6localeFPPCc
802956B0:parseCommand__12JASSeqParserFP8JASTrackUcUs
80285708:parseHeader__Q27JStudio6TParseFRCQ47JStudio3stb4data14TParse_THeaderUl
802897E0:parseHeader__Q37JStudio3stb6TParseFRCQ47JStudio3stb4data14TParse_THeaderUl
802A91B8:parseHeader_next__Q28JMessage6TParseFPPCvPUlUl
802813DC:parseHeader_next__Q37JStudio3ctb6TParseFPPCvPUlUl
80284B5C:parseHeader_next__Q37JStudio3fvb6TParseFPPCvPUlUl
802896C0:parseHeader_next__Q37JStudio3stb6TParseFPPCvPUlUl
802955C8:parseNoteOff__12JASSeqParserFP8JASTrackUc
80295600:parseNoteOn__12JASSeqParserFP8JASTrackUc
80295864:parseRegCommand__12JASSeqParserFP8JASTracki
802DC864:parseVariableUInt_16_32_following__Q27JGadget6binaryFPCvPUlPUlPQ37JGadget6binary5TEBit
802958D4:parse__12JASSeqParserFP8JASTrack
802A42A8:parse__22JAUAudioArcInterpreterFPCv
802F4B4C:parse__8J2DPrintFPCUciiPUsRQ28J2DPrint5TSizeUcb
80368288:parse_format
802DC910:parse_next__Q37JGadget6binary19TParse_header_blockFPPCvUl
80451F90:particleID$5076
8000DBD0:patchLight__13J3DColorBlockFv
803196E0:patchLight__20J3DColorBlockLightOnFv
803190AC:patchLight__21J3DColorBlockLightOffFv
80317434:patchMatColor__13J3DColorBlockFv
80319534:patchMatColor__20J3DColorBlockLightOnFv
80318F00:patchMatColor__21J3DColorBlockLightOffFv
80323540:patchTevReg__11J3DTevBlockFv
8031C2E4:patchTevReg__12J3DTevBlock1Fv
8031C48C:patchTevReg__12J3DTevBlock2Fv
8031C788:patchTevReg__12J3DTevBlock4Fv
8031CAB0:patchTevReg__13J3DTevBlock16Fv
8031BFE0:patchTevReg__18J3DTevBlockPatchedFv
8000DBC8:patchTexNoAndTexCoordScale__11J3DTevBlockFv
8031C2E8:patchTexNoAndTexCoordScale__12J3DTevBlock1Fv
8031C558:patchTexNoAndTexCoordScale__12J3DTevBlock2Fv
8031C854:patchTexNoAndTexCoordScale__12J3DTevBlock4Fv
8031CB7C:patchTexNoAndTexCoordScale__13J3DTevBlock16Fv
8031C0AC:patchTexNoAndTexCoordScale__18J3DTevBlockPatchedFv
8032413C:patchTexNo_PtrToIdx__FUlRCUs
8032353C:patchTexNo__11J3DTevBlockFv
8031C274:patchTexNo__12J3DTevBlock1Fv
8031C3F8:patchTexNo__12J3DTevBlock2Fv
8031C6F4:patchTexNo__12J3DTevBlock4Fv
8031CA1C:patchTexNo__13J3DTevBlock16Fv
8031BF4C:patchTexNo__18J3DTevBlockPatchedFv
8000DBCC:patch__10J3DPEBlockFv
80316740:patch__11J3DMaterialFv
8000DBD4:patch__11J3DTevBlockFv
8031C3CC:patch__12J3DTevBlock1Fv
8031C6A8:patch__12J3DTevBlock2Fv
8031C9D0:patch__12J3DTevBlock4Fv
8031733C:patch__13J3DColorBlockFv
8031CCF8:patch__13J3DTevBlock16Fv
8031F890:patch__14J3DPEBlockFullFv
8031AB18:patch__15J3DTexGenBlock4Fv
803170C8:patch__17J3DLockedMaterialFv
8031C228:patch__18J3DTevBlockPatchedFv
80332AB4:patch__18J3DTexGenBlockNullFv
8031ABC0:patch__19J3DTexGenBlockBasicFv
803194E8:patch__20J3DColorBlockLightOnFv
80318EB4:patch__21J3DColorBlockLightOffFv
8031AA88:patch__21J3DTexGenBlockPatchedFv
802AA6B0:pauseAllGameSound__10Z2SoundMgrFb
80089730:pauseEvCamera__9dCamera_cFv
80451124:pauseTimer__9dScnPly_c
80296684:pause__13JASAramStreamFb
8028FE88:pause__13JASTaskThreadFb
8029FEEC:pause__16JAISeCategoryMgrFb
80292A3C:pause__8JASTrackFb
80451930:peCount
80056080:peekData__13dDlst_peekZ_cFv
802DC458:peek__20JSURandomInputStreamFPvl
80095E7C:peepHoleEvCamera__9dCamera_cFv
803A3890:phaseMethod$2260
80259C70:phase_00__FP9dScnPly_c
80018804:phase_01__7cDylPhsFPv
8002CEFC:phase_01__FP12phaseParam_c
80259CAC:phase_01__FP9dScnPly_c
8001880C:phase_02__7cDylPhsFPs
8002CF5C:phase_02__FP12phaseParam_c
80018844:phase_03__7cDylPhsFPv
8002CFB8:phase_03__FP12phaseParam_c
80257910:phase_0__FP10dScnLogo_c
8025B870:phase_0__FP19room_of_scene_class
80259D7C:phase_0__FP9dScnPly_c
8025A438:phase_1_0__FP9dScnPly_c
802579BC:phase_1__FP10dScnLogo_c
8025B8A4:phase_1__FP19room_of_scene_class
80259D84:phase_1__FP9dScnPly_c
80257A70:phase_2__FP10dScnLogo_c
8025B980:phase_2__FP19room_of_scene_class
8025A4F8:phase_2__FP9dScnPly_c
8025BAC4:phase_3__FP19room_of_scene_class
8025A5D4:phase_3__FP9dScnPly_c
8002CEB4:phase_3__FPc
8025BAF8:phase_4__FP19room_of_scene_class
8025A654:phase_4__FP9dScnPly_c
8025A9F4:phase_5__FP9dScnPly_c
8025AAC0:phase_6__FP9dScnPly_c
8025AB8C:phase_compleate__FPv
80453670:pigGanonArcName$4621
8020AA84:pikariCheck__14dMeterButton_cFv
803AC418:plCutLRC
800873B0:pl_cut_LRC__Fi
802E90E4:place__14J2DGrafContextFRCQ29JGeometry8TBox2<f>
802E961C:place__14J2DGrafContextFffff
802F6D18:place__7J2DPaneFRCQ29JGeometry8TBox2<f>
80152F40:playAllAnm__8daNpcF_cFv
80148E4C:playAllAnm__8daNpcT_cFv
8020F66C:playBckAnimation__14dMeterString_cFf
80260AD4:playBckAnimation__21dDlst_TimerScrnDraw_cFf
8020BF00:playBckAnime__14dMeterHaihai_cFP18J2DAnmTransformKey
802C1D6C:playBeeGroupSound__18Z2SoundObjBeeGroupF10JAISoundIDUc
8020C1CC:playBpkAnime__14dMeterHaihai_cFP11J2DAnmColor
8020C078:playBtkAnime__14dMeterHaihai_cFP19J2DAnmTextureSRTKey
80153150:playExpressionAnm__8daNpcF_cFPPPQ28daNpcF_c18daNpcF_anmPlayData
800AFCF0:playFaceTextureAnime__9daAlink_cFv
8029AA60:playForce__10JASChannelFv
80153264:playMotionAnm__8daNpcF_cFPPPQ28daNpcF_c18daNpcF_anmPlayData
8024EC4C:playNameSet__7dName_cFi
802CCA18:playOneShotVoice__12Z2SpeechMgr2FUcUsP3VecSc
80213E94:playOxygenBpkAnimation__13dMeter2Draw_cFP11J2DAnmColor
80213CEC:playPikariBckAnimation__13dMeter2Draw_cFf
80213E3C:playPikariBpkAnimation__13dMeter2Draw_cFf
802C6C1C:playSceneEnvSe__10Z2EnvSeMgrFv
802A0C04:playSeqData___6JAISeqFRC14JASSoundParams16JAISoundActivity
8029DCE0:playStart__Q26JASDsp8TChannelFv
8029DD44:playStop__Q26JASDsp8TChannelFv
802C1C24:playSumomoBgm__16Z2CreatureSumomoFUl
802C0E18:playVoice__17Z2CreatureCitizenFi
8029A9F0:play__10JASChannelFv
800105C8:play__14mDoExt_McaMorfFP3VecUlSc
8000D428:play__14mDoExt_baseAnmFv
800120A0:play__15mDoExt_McaMorf2FUlSc
800110B0:play__16mDoExt_McaMorfSOFUlSc
801458C0:play__22daNpcT_MotionSeqMngr_cFUsPiPf
8019B384:playerAnmWait_init__11dGameover_cFv
8019B388:playerAnmWait_proc__11dGameover_cFv
800A4CB4:playerInit__9daAlink_cFv
800D0B60:playerStartCollisionSE__9daAlink_cFUlUl
80141754:playerStartCollisionSE__9daPy_py_cFUlUl
80451078:player_px
8045107C:player_py
802BF898:playsSound__15Z2SoundObjAnimeFPC22JAUSoundAnimationSoundRCQ29JGeometry8TVec3<f>f
8019E694:plight_init__Fv
8019E734:plight_set__Fv
8005AE90:pntwind_get_info__FP4cXyzP4cXyzPfUc
8005AD98:pntwind_set__FP14WIND_INFLUENCE
8016517C:pointInSight__9dCamera_cFP4cXyz
80164CAC:popInfo__9dCamera_cFPQ29dCamera_c10dCamInfo_c
8000CD14:pop__14mDoMtx_stack_cFv
80097694:portalWarpEvCamera__9dCamera_cFv
801CC8DC:portalWarpMapMove__12dMenu_Fmap_cFP9STControl
801C9A4C:portal_demo1_init__12dMenu_Fmap_cFv
801C9B64:portal_demo1_move__12dMenu_Fmap_cFv
801C9C7C:portal_demo2_init__12dMenu_Fmap_cFv
801C9CC8:portal_demo2_move__12dMenu_Fmap_cFv
801C9D60:portal_demo3_init__12dMenu_Fmap_cFv
801C9DB4:portal_demo3_move__12dMenu_Fmap_cFv
801C9EB8:portal_demo4_init__12dMenu_Fmap_cFv
801C9F14:portal_demo4_move__12dMenu_Fmap_cFv
801C9F7C:portal_demo5_init__12dMenu_Fmap_cFv
801C9FBC:portal_demo5_move__12dMenu_Fmap_cFv
801CA158:portal_demo6_init__12dMenu_Fmap_cFv
801CA15C:portal_demo6_move__12dMenu_Fmap_cFv
801C91D8:portal_warp_forbid_init__12dMenu_Fmap_cFv
801C9238:portal_warp_forbid_proc__12dMenu_Fmap_cFv
801C8B48:portal_warp_map_init__12dMenu_Fmap_cFv
801C8C0C:portal_warp_map_proc__12dMenu_Fmap_cFv
801C90A4:portal_warp_select_init__12dMenu_Fmap_cFv
801C90A8:portal_warp_select_proc__12dMenu_Fmap_cFv
80424728:pos$4424
8015FB28:posInLine2D__22@unnamed@d_camera_cpp@FP4cXyzP4cXyzP4cXyz
80037620:posMoveF_grade__5daObjFP10fopAc_ac_cPC4cXyzPC4cXyzffPC4cXyzffPC4cXyz
800374EC:posMoveF_grade_acc__Q25daObj21@unnamed@d_a_obj_cpp@FP4cXyzPC10fopAc_ac_cPC4cXyzffPC4cXyzPC4cXyz
800373F0:posMoveF_resist_acc__Q25daObj21@unnamed@d_a_obj_cpp@FP4cXyzPC10fopAc_ac_cPC4cXyzff
800373C0:posMoveF_stream__5daObjFP10fopAc_ac_cPC4cXyzPC4cXyzff
8015E654:posMove__20daPy_boomerangMove_cFP4cXyzPsP10fopAc_ac_cs
800BBF68:posMove__9daAlink_cFv
8009775C:positionOf__9dCamera_cFP10fopAc_ac_c
8007B9EC:positionWallCorrect__4dBgWFP9dBgS_AcchfR8cM3dGPlaP4cXyzf
80094A70:possessedEvCamera__9dCamera_cFv
801CE560:postDrawPath__15renderingFmap_cFv
8003FFC4:postDrawPath__16renderingDAmap_cFv
801CE5B8:postRenderingMap__15renderingFmap_cFv
8003D320:postRenderingMap__18dRenderingFDAmap_cFv
802E5144:postRetraceProc__8JUTVideoFUl
80041FA0:potentialCheck__14dEvt_control_cFP12dEvt_order_c
8036C780:pow
8028F578:pow2__7JASCalcFf
801CE410:preDrawPath__15renderingFmap_cFv
8003FF14:preDrawPath__16renderingDAmap_cFv
802725F8:preGX__10JFWDisplayFv
80110C94:preKandelaarDraw__9daAlink_cFv
80450764:preLoadNo
8025611C:preLoad_dyl__10dScnLogo_cFv
802560B4:preLoad_dyl_create__10dScnLogo_cFv
802560F8:preLoad_dyl_remove__10dScnLogo_cFv
8003D188:preRenderingMap__18dRenderingFDAmap_cFv
802E4E50:preRetraceProc__8JUTVideoFUl
80181664:preparation__FP20camera_process_class
802D3574:prepareCommand__12JKRAramPieceFiUlUlUlP12JKRAramBlockPFUl_v
802DB858:prepareCommand__9JKRDecompFPUcPUcUlUlPFUl_v
802722B8:prepareCopyDisp__10JFWDisplayFv
80312E08:prepareDraw__14J3DShapePacketCFv
802968C8:prepareFinishTask__13JASAramStreamFPv
803282EC:prepareShapePackets__8J3DModelFv
8028DF04:prepareSound___Q215JStudio_JAudio214TAdaptor_soundFv
802FD098:prepareTexture__10J2DPictureFUc
802F2AB4:prepareTexture__11J2DTevBlockFUc
803039CC:prepareTexture__12J2DPictureExFUc
802EBC0C:prepareTexture__12J2DTevBlock1FUc
802ECA18:prepareTexture__12J2DTevBlock2FUc
802EDD34:prepareTexture__12J2DTevBlock4FUc
802EF1E0:prepareTexture__12J2DTevBlock8FUc
802F0660:prepareTexture__13J2DTevBlock16FUc
8027C07C:prepare__11JPAFieldAirFP18JPAEmitterWorkDataP13JPAFieldBlock
80276A8C:prepare__12JPAFieldBaseFP18JPAEmitterWorkDataP13JPAFieldBlock
8027CE64:prepare__12JPAFieldSpinFP18JPAEmitterWorkDataP13JPAFieldBlock
8029655C:prepare__13JASAramStreamFli
8027C24C:prepare__14JPAFieldMagnetFP18JPAEmitterWorkDataP13JPAFieldBlock
8027C36C:prepare__14JPAFieldNewtonFP18JPAEmitterWorkDataP13JPAFieldBlock
8027C56C:prepare__14JPAFieldVortexFP18JPAEmitterWorkDataP13JPAFieldBlock
8027BFB4:prepare__15JPAFieldGravityFP18JPAEmitterWorkDataP13JPAFieldBlock
8027C814:prepare__18JPAFieldConvectionFP18JPAEmitterWorkDataP13JPAFieldBlock
802827A8:prepare__Q27JStudio19TFunctionValue_listFv
80283428:prepare__Q27JStudio22TFunctionValue_hermiteFv
802823E0:prepare__Q27JStudio23TFunctionValue_constantFv
80281E24:prepare__Q27JStudio24TFunctionValue_compositeFv
802824D0:prepare__Q27JStudio25TFunctionValue_transitionFv
80282E60:prepare__Q27JStudio29TFunctionValue_list_parameterFv
80283FC8:prepare__Q37JStudio3fvb7TObjectFRCQ47JStudio3fvb4data13TParse_TBlockPQ37JStudio3fvb8TControl
8029F78C:prepare___5JAISeFv
802A0F90:prepare___6JAISeqFRC14JASSoundParams16JAISoundActivity
802A33F4:prepare___9JAIStreamFv
802844E0:prepare_data___Q37JStudio3fvb12TObject_listFRCQ57JStudio3fvb4data17TParse_TParagraph5TDataPQ37JStudio3fvb8TControl
80284630:prepare_data___Q37JStudio3fvb15TObject_hermiteFRCQ57JStudio3fvb4data17TParse_TParagraph5TDataPQ37JStudio3fvb8TControl
802843B8:prepare_data___Q37JStudio3fvb16TObject_constantFRCQ57JStudio3fvb4data17TParse_TParagraph5TDataPQ37JStudio3fvb8TControl
802842D4:prepare_data___Q37JStudio3fvb17TObject_compositeFRCQ57JStudio3fvb4data17TParse_TParagraph5TDataPQ37JStudio3fvb8TControl
80284448:prepare_data___Q37JStudio3fvb18TObject_transitionFRCQ57JStudio3fvb4data17TParse_TParagraph5TDataPQ37JStudio3fvb8TControl
80284580:prepare_data___Q37JStudio3fvb22TObject_list_parameterFRCQ57JStudio3fvb4data17TParse_TParagraph5TDataPQ37JStudio3fvb8TControl
8029F6EC:prepare_getSeqData___5JAISeFv
802A0EDC:prepare_getSeqData___6JAISeqFv
802A3230:prepare_prepareStream___9JAIStreamFv
802A3498:prepare_startStream___9JAIStreamFv
802FF320:prepend__10J2DPictureFP10JUTTexturef
802FF3B0:prepend__10J2DPictureFPC7ResTIMGP10JUTPalettef
802FF3E0:prepend__10J2DPictureFPC7ResTIMGf
802FF350:prepend__10J2DPictureFPCcP10JUTPalettef
802FF380:prepend__10J2DPictureFPCcf
802DBFF0:prepend__10JSUPtrListFP10JSUPtrLink
80306F34:prepend__12J2DPictureExFP10JUTTexturef
80306FC4:prepend__12J2DPictureExFPC7ResTIMGP10JUTPalettef
80306FF4:prepend__12J2DPictureExFPC7ResTIMGf
80306F64:prepend__12J2DPictureExFPCcP10JUTPalettef
80306F94:prepend__12J2DPictureExFPCcf
802DDFAC:prepend__12JUTCacheFontFPQ212JUTCacheFont15TGlyphCacheInfo
804511C4:prevFrame$2597
80451024:prev_plat1$8536
8045102C:prev_plat2$8539
802E34C0:printContext__12JUTExceptionFUsP9OSContextUlUl
802E2E70:printDebugInfo__12JUTExceptionFQ212JUTException9EInfoPageUsP9OSContextUlUl
802F4828:printReturn__8J2DPrintFPCcff18J2DTextBoxHBinding18J2DTextBoxVBindingffUc
802E45A4:printSub__14JUTDirectPrintFUsUsPCcP16__va_list_structb
802E7C38:print__10JUTConsoleFPCc
802F4778:print__8J2DPrintFffUcPCce
80017E08:print__FPCc
80450BA4:print_counts
80450BA8:print_errors
802E7BB8:print_f__10JUTConsoleFPCce
80017D7C:print_f__FPCce
80450BB4:print_initialized
80450BB0:print_systems
80450BAC:print_warings
8036687C:printf
802FCD70:private_initiate__10J2DPictureFPC7ResTIMGPC7ResTLUT
802F4468:private_initiate__8J2DPrintFP7JUTFontffQ28JUtility6TColorQ28JUtility6TColorQ28JUtility6TColorQ28JUtility6TColorb
802FC8E8:private_readStream__10J2DPictureFP7J2DPaneP20JSURandomInputStreamP10JKRArchive
802FFE88:private_readStream__10J2DTextBoxFP7J2DPaneP20JSURandomInputStreamP10JKRArchive
802FA118:private_readStream__9J2DWindowFP7J2DPaneP20JSURandomInputStreamP10JKRArchive
802F8778:private_set__9J2DScreenFP20JSURandomInputStreamUlP10JKRArchive
800C39EC:procAtnActorMoveInit__9daAlink_cFv
800C3A44:procAtnActorMove__9daAlink_cFv
800C38CC:procAtnActorWaitInit__9daAlink_cFv
800C397C:procAtnActorWait__9daAlink_cFv
800C3810:procAtnMoveInit__9daAlink_cFv
800C3868:procAtnMove__9daAlink_cFv
800C5E68:procAutoJumpInit__9daAlink_cFi
800C61EC:procAutoJump__9daAlink_cFv
800C57A4:procBackJumpInit__9daAlink_cFi
800C5A54:procBackJumpLandInit__9daAlink_cFi
800C5AF0:procBackJumpLand__9daAlink_cFv
800C5964:procBackJump__9daAlink_cFv
800F38E8:procBoarRunInit__9daAlink_cFv
800F3998:procBoarRun__9daAlink_cFv
801074AC:procBoardCutInit__9daAlink_cFv
801075D4:procBoardCutTurnInit__9daAlink_cFv
80107744:procBoardCutTurn__9daAlink_cFv
8010755C:procBoardCut__9daAlink_cFv
80107218:procBoardJumpInit__9daAlink_cFfi
80107300:procBoardJump__9daAlink_cFv
80106774:procBoardRideInit__9daAlink_cFv
801069D0:procBoardRide__9daAlink_cFv
80106E88:procBoardRowInit__9daAlink_cFv
80106F00:procBoardRow__9daAlink_cFv
801073D0:procBoardSubjectivityInit__9daAlink_cFv
80107418:procBoardSubjectivity__9daAlink_cFv
80107060:procBoardTurnInit__9daAlink_cFv
801070DC:procBoardTurn__9daAlink_cFv
80106A38:procBoardWaitInit__9daAlink_cFP10fopAc_ac_c
80106BCC:procBoardWait__9daAlink_cFv
800E11D8:procBoomerangCatchInit__9daAlink_cFv
800E1248:procBoomerangCatch__9daAlink_cFv
800E1060:procBoomerangMoveInit__9daAlink_cFv
800E10F4:procBoomerangMove__9daAlink_cFv
800E0F10:procBoomerangSubjectInit__9daAlink_cFv
800E0FA0:procBoomerangSubject__9daAlink_cFv
800E3048:procBootsEquipInit__9daAlink_cFv
800E30DC:procBootsEquip__9daAlink_cFv
8011C81C:procBossAtnWaitInit__9daAlink_cFv
800FC77C:procBossBodyHangInit__9daAlink_cFP10fopAc_ac_c
800FC870:procBossBodyHang__9daAlink_cFv
8010F54C:procBottleDrinkInit__9daAlink_cFUs
8010F698:procBottleDrink__9daAlink_cFv
801102D0:procBottleGetInit__9daAlink_cFi
80110518:procBottleGet__9daAlink_cFv
8010F6F4:procBottleOpenInit__9daAlink_cFUs
8010F8E4:procBottleOpen__9daAlink_cFv
8010FC38:procBottleSwingInit__9daAlink_cFP10fopAc_ac_ci
8010FF58:procBottleSwing__9daAlink_cFv
800DFE3C:procBowMoveInit__9daAlink_cFv
800DFEC0:procBowMove__9daAlink_cFv
800DFD6C:procBowSubjectInit__9daAlink_cFv
800DFDDC:procBowSubject__9daAlink_cFv
800F70F0:procCanoeBoomerangMoveInit__9daAlink_cFv
800F715C:procCanoeBoomerangMove__9daAlink_cFv
800F6FA4:procCanoeBoomerangSubjectInit__9daAlink_cFv
800F7010:procCanoeBoomerangSubject__9daAlink_cFv
800F7404:procCanoeBottleDrinkInit__9daAlink_cFUs
800F7550:procCanoeBottleDrink__9daAlink_cFv
800F6DF0:procCanoeBowMoveInit__9daAlink_cFv
800F6E44:procCanoeBowMove__9daAlink_cFv
800F6D10:procCanoeBowSubjectInit__9daAlink_cFv
800F6D64:procCanoeBowSubject__9daAlink_cFv
800F69D4:procCanoeFishingGetInit__9daAlink_cFv
800F6A70:procCanoeFishingGet__9daAlink_cFv
800F67C0:procCanoeFishingReelInit__9daAlink_cFv
800F6874:procCanoeFishingReel__9daAlink_cFv
800F6464:procCanoeFishingWaitInit__9daAlink_cFv
800F659C:procCanoeFishingWait__9daAlink_cFv
800F4DF8:procCanoeGetOffInit__9daAlink_cFv
800F5048:procCanoeGetOff__9daAlink_cFv
800F6EB0:procCanoeGrabMoveInit__9daAlink_cFv
800F6EFC:procCanoeGrabMove__9daAlink_cFv
800F731C:procCanoeHookshotMoveInit__9daAlink_cFv
800F7388:procCanoeHookshotMove__9daAlink_cFv
800F7208:procCanoeHookshotSubjectInit__9daAlink_cFv
800F7274:procCanoeHookshotSubject__9daAlink_cFv
800F4C78:procCanoeJumpRideInit__9daAlink_cFP10fopAc_ac_c
800F4D84:procCanoeJumpRide__9daAlink_cFv
800F75BC:procCanoeKandelaarPourInit__9daAlink_cFv
800F7684:procCanoeKandelaarPour__9daAlink_cFv
800F6140:procCanoePaddleGrabInit__9daAlink_cFv
800F6188:procCanoePaddleGrab__9daAlink_cFv
800F5EA8:procCanoePaddlePutInit__9daAlink_cFi
800F5FEC:procCanoePaddlePut__9daAlink_cFv
800F5D04:procCanoePaddleShiftInit__9daAlink_cFi
800F5DB8:procCanoePaddleShift__9daAlink_cFv
800F4A50:procCanoeRideInit__9daAlink_cFv
800F4B90:procCanoeRide__9daAlink_cFv
800F6320:procCanoeRodGrabInit__9daAlink_cFv
800F6394:procCanoeRodGrab__9daAlink_cFv
800F571C:procCanoeRowInit__9daAlink_cFi
800F5A1C:procCanoeRow__9daAlink_cFv
800F6BEC:procCanoeSubjectivityInit__9daAlink_cFv
800F6C30:procCanoeSubjectivity__9daAlink_cFv
800F51E4:procCanoeWaitInit__9daAlink_cFi
800F542C:procCanoeWait__9daAlink_cFv
800FF818:procClimbDownStartInit__9daAlink_cFs
800FF9A8:procClimbDownStart__9daAlink_cFv
800FFDB0:procClimbMoveSideInit__9daAlink_cFv
800FFF4C:procClimbMoveSide__9daAlink_cFv
800FFAB0:procClimbMoveUpDownInit__9daAlink_cFi
800FFC58:procClimbMoveUpDown__9daAlink_cFv
801003E4:procClimbToRoofInit__9daAlink_cFv
80100464:procClimbToRoof__9daAlink_cFv
800FF450:procClimbUpStartInit__9daAlink_cFi
800FF704:procClimbUpStart__9daAlink_cFv
801000F8:procClimbWaitInit__9daAlink_cFii
80100258:procClimbWait__9daAlink_cFv
8011C904:procCoCaughtInit__9daAlink_cFv
8011BE54:procCoDeadInit__9daAlink_cFi
8011C1B4:procCoDead__9daAlink_cFv
8011BB40:procCoDemoPushMoveInit__9daAlink_cFv
8011BABC:procCoDemoPushPullWaitInit__9daAlink_cFv
800DB140:procCoElecDamageInit__9daAlink_cFP10fopAc_ac_cP12dCcD_GObjInfi
800DB418:procCoElecDamage__9daAlink_cFv
8011D268:procCoEyeAwayInit__9daAlink_cFv
8011CDE0:procCoFogDeadInit__9daAlink_cFv
8011CF60:procCoFogDead__9daAlink_cFv
8011A798:procCoGetItemInit__9daAlink_cFv
8011AC28:procCoGetItem__9daAlink_cFv
8011D544:procCoGetReadySitInit__9daAlink_cFv
8011D64C:procCoGetReadySit__9daAlink_cFv
8011D304:procCoGlareInit__9daAlink_cFv
8011D3CC:procCoGlare__9daAlink_cFv
80111FF0:procCoHorseCallWaitInit__9daAlink_cFi
801120C8:procCoHorseCallWait__9daAlink_cFv
800D96DC:procCoLargeDamageInit__9daAlink_cFiissP12dCcD_GObjInfi
800DA82C:procCoLargeDamageWallInit__9daAlink_cFiiss
800DAC28:procCoLargeDamageWall__9daAlink_cFv
800D9E88:procCoLargeDamage__9daAlink_cFv
800DBED8:procCoLavaReturnInit__9daAlink_cFi
800DC214:procCoLavaReturn__9daAlink_cFv
8011C62C:procCoLookAroundInit__9daAlink_cFv
8011C760:procCoLookAround__9daAlink_cFv
8011B914:procCoLookWaitInit__9daAlink_cFv
8011BA20:procCoLookWait__9daAlink_cFv
800C77F4:procCoMetamorphoseInit__9daAlink_cFv
800C82E8:procCoMetamorphoseOnlyInit__9daAlink_cFv
800C83A0:procCoMetamorphoseOnly__9daAlink_cFv
800C7C64:procCoMetamorphose__9daAlink_cFv
8011D110:procCoNodInit__9daAlink_cFv
8011D1F4:procCoNod__9daAlink_cFv
8011A214:procCoOpenTreasureInit__9daAlink_cFv
8011A42C:procCoOpenTreasure__9daAlink_cFv
800CF100:procCoPeepSubjectivityInit__9daAlink_cFv
800CF1B8:procCoPeepSubjectivity__9daAlink_cFv
800DAC84:procCoPolyDamageInit__9daAlink_cFv
800DAD90:procCoPolyDamage__9daAlink_cFv
800E875C:procCoPushMoveInit__9daAlink_cFii
800E89F0:procCoPushMove__9daAlink_cFv
800E8428:procCoPushPullWaitInit__9daAlink_cFi
800E857C:procCoPushPullWait__9daAlink_cFv
8011C890:procCoQuakeWaitInit__9daAlink_cFv
800DBE00:procCoSandWallHitInit__9daAlink_cFv
800DBE74:procCoSandWallHit__9daAlink_cFv
800CED84:procCoSubjectivityInit__9daAlink_cFv
800CEE08:procCoSubjectivity__9daAlink_cFv
800DC278:procCoSwimFreezeReturnInit__9daAlink_cFv
800DC474:procCoSwimFreezeReturn__9daAlink_cFv
800CEF70:procCoSwimSubjectivityInit__9daAlink_cFv
800CF018:procCoSwimSubjectivity__9daAlink_cFv
80119D98:procCoTalkInit__9daAlink_cFv
80119F64:procCoTalk__9daAlink_cFv
801195F8:procCoToolDemoInit__9daAlink_cFv
801196D8:procCoToolDemo__9daAlink_cFv
8011B3F0:procCoTurnBackInit__9daAlink_cFv
8011B46C:procCoTurnBack__9daAlink_cFv
8011D6D0:procCoTwGateInit__9daAlink_cFv
8011D7D4:procCoTwGate__9daAlink_cFv
8011A4C0:procCoUnequipInit__9daAlink_cFv
8011A5CC:procCoUnequip__9daAlink_cFv
8011FD4C:procCoWarpInit__9daAlink_cFii
80120124:procCoWarp__9daAlink_cFv
800E1F68:procCopyRodMoveInit__9daAlink_cFv
800E1FFC:procCopyRodMove__9daAlink_cFv
800E2308:procCopyRodReviveInit__9daAlink_cFv
800E23A4:procCopyRodRevive__9daAlink_cFv
800E1E20:procCopyRodSubjectInit__9daAlink_cFv
800E1EB0:procCopyRodSubject__9daAlink_cFv
800E20C8:procCopyRodSwingInit__9daAlink_cFv
800E21FC:procCopyRodSwing__9daAlink_cFv
800F99FC:procCrawlAutoMoveInit__9daAlink_cFiP4cXyz
800F9ABC:procCrawlAutoMove__9daAlink_cFv
800F9D7C:procCrawlEndInit__9daAlink_cFiss
800F9F30:procCrawlEnd__9daAlink_cFv
800F9474:procCrawlMoveInit__9daAlink_cFss
800F95B8:procCrawlMove__9daAlink_cFv
800F9210:procCrawlStartInit__9daAlink_cFv
800F9384:procCrawlStart__9daAlink_cFv
800C7690:procCrouchInit__9daAlink_cFv
800C76F8:procCrouch__9daAlink_cFv
800D53C8:procCutDownInit__9daAlink_cFv
800D58A0:procCutDownLandInit__9daAlink_cFP13fopEn_enemy_c
800D5ADC:procCutDownLand__9daAlink_cFv
800D57F8:procCutDown__9daAlink_cFv
8011EAE8:procCutFastReadyInit__9daAlink_cFv
8011EB8C:procCutFastReady__9daAlink_cFv
800D34D8:procCutFinishInit__9daAlink_cFi
800D3ADC:procCutFinishJumpUpInit__9daAlink_cFv
800D3DD8:procCutFinishJumpUpLandInit__9daAlink_cFv
800D3ECC:procCutFinishJumpUpLand__9daAlink_cFv
800D3CCC:procCutFinishJumpUp__9daAlink_cFv
800D382C:procCutFinish__9daAlink_cFv
800D5C88:procCutHeadInit__9daAlink_cFv
800D6130:procCutHeadLandInit__9daAlink_cFv
800D618C:procCutHeadLand__9daAlink_cFv
800D5FC8:procCutHead__9daAlink_cFv
800D42FC:procCutJumpInit__9daAlink_cFi
800D452C:procCutJumpLandInit__9daAlink_cFi
800D4684:procCutJumpLand__9daAlink_cFv
800D43F8:procCutJump__9daAlink_cFv
800D6238:procCutLargeJumpChargeInit__9daAlink_cFv
800D62A0:procCutLargeJumpCharge__9daAlink_cFv
800D6374:procCutLargeJumpInit__9daAlink_cFv
800D66C0:procCutLargeJumpLandInit__9daAlink_cFi
800D67FC:procCutLargeJumpLand__9daAlink_cFv
800D6484:procCutLargeJump__9daAlink_cFv
800D2F58:procCutNormalInit__9daAlink_cFi
800D31B8:procCutNormal__9daAlink_cFv
800D4068:procCutReverseInit__9daAlink_cFQ29daAlink_c11daAlink_ANM
800D41FC:procCutReverse__9daAlink_cFv
800D4C68:procCutTurnChargeInit__9daAlink_cFv
800D4D04:procCutTurnCharge__9daAlink_cFv
800D47DC:procCutTurnInit__9daAlink_cFii
800D4DDC:procCutTurnMoveInit__9daAlink_cFi
800D4EFC:procCutTurnMove__9daAlink_cFv
800D4A74:procCutTurn__9daAlink_cFv
800D8F3C:procDamageInit__9daAlink_cFP12dCcD_GObjInfi
800D9514:procDamage__9daAlink_cFv
8011BD6C:procDemoBoomerangCatchInit__9daAlink_cFv
8011BDF0:procDemoBoomerangCatch__9daAlink_cFv
801195C0:procDemoCommon__9daAlink_cFv
800C66DC:procDiveJumpInit__9daAlink_cFv
800C6798:procDiveJump__9daAlink_cFv
800DB6A4:procDkCaughtInit__9daAlink_cFUi
800DB860:procDkCaught__9daAlink_cFv
8011B57C:procDoorOpenInit__9daAlink_cFv
8011B71C:procDoorOpen__9daAlink_cFv
8011F084:procDungeonWarpInit__9daAlink_cFv
8011EE94:procDungeonWarpReadyInit__9daAlink_cFv
8011EFB8:procDungeonWarpReady__9daAlink_cFv
8011F360:procDungeonWarpSceneStartInit__9daAlink_cFv
8011F460:procDungeonWarpSceneStart__9daAlink_cFv
8011F0F4:procDungeonWarp__9daAlink_cFv
800C6A48:procFallInit__9daAlink_cFif
800C6D20:procFall__9daAlink_cFv
800F7760:procFishingCastInit__9daAlink_cFv
800F7814:procFishingCast__9daAlink_cFv
800F7988:procFishingFoodInit__9daAlink_cFv
800F7AA8:procFishingFood__9daAlink_cFv
800C8460:procFloorDownReboundInit__9daAlink_cFv
800C84D0:procFloorDownRebound__9daAlink_cFv
800E7DD8:procFmChainStrongPullInit__9daAlink_cFv
800E7E50:procFmChainStrongPull__9daAlink_cFv
800E7C30:procFmChainUpInit__9daAlink_cFv
800E7CC0:procFmChainUp__9daAlink_cFv
800C4F14:procFrontRollCrashInit__9daAlink_cFv
800C4FFC:procFrontRollCrash__9daAlink_cFv
800C494C:procFrontRollInit__9daAlink_cFv
800C5160:procFrontRollSuccessInit__9daAlink_cFv
800C5240:procFrontRollSuccess__9daAlink_cFv
800C4B40:procFrontRoll__9daAlink_cFv
8011E9F8:procGanonFinishInit__9daAlink_cFv
8011EA78:procGanonFinish__9daAlink_cFv
800E9894:procGoatCatchInit__9daAlink_cFP10fopAc_ac_cf
800E9BD0:procGoatCatch__9daAlink_cFv
800E9344:procGoatMoveInit__9daAlink_cFv
800E9434:procGoatMove__9daAlink_cFv
8011D474:procGoatStopReadyInit__9daAlink_cFv
8011D4D4:procGoatStopReady__9daAlink_cFv
800EA2A8:procGoatStrokeInit__9daAlink_cFv
800EA3AC:procGoatStroke__9daAlink_cFv
800EA3F4:procGoronMoveInit__9daAlink_cFv
800EA4CC:procGoronMove__9daAlink_cFv
800C854C:procGoronRideWaitInit__9daAlink_cFP10fopAc_ac_c
800C85D8:procGoronRideWait__9daAlink_cFv
800E637C:procGrabMiss__9daAlink_cFv
800E672C:procGrabPutInit__9daAlink_cFv
800E6914:procGrabPut__9daAlink_cFv
800E5CBC:procGrabReadyInit__9daAlink_cFv
800E5EC8:procGrabReady__9daAlink_cFv
800E6D6C:procGrabReboundInit__9daAlink_cFi
800E6E0C:procGrabRebound__9daAlink_cFv
800E6EEC:procGrabStandInit__9daAlink_cFv
800E6FE0:procGrabStand__9daAlink_cFv
800E63F0:procGrabThrowInit__9daAlink_cFi
800E65F8:procGrabThrow__9daAlink_cFv
800E5FD0:procGrabUpInit__9daAlink_cFv
800E6230:procGrabUp__9daAlink_cFv
800E6A9C:procGrabWaitInit__9daAlink_cFv
800E6C34:procGrabWait__9daAlink_cFv
80111894:procGrassWhistleGetInit__9daAlink_cFv
801119D8:procGrassWhistleGet__9daAlink_cFv
80111A9C:procGrassWhistleWaitInit__9daAlink_cFiiisP4cXyz
80111CA4:procGrassWhistleWait__9daAlink_cFv
800DDA10:procGuardAttackInit__9daAlink_cFv
800DDBA8:procGuardAttack__9daAlink_cFv
800DDE58:procGuardBreakInit__9daAlink_cFv
800DDF2C:procGuardBreak__9daAlink_cFv
800DD3E4:procGuardSlipInit__9daAlink_cFiP12dCcD_GObjInf
800DD894:procGuardSlip__9daAlink_cFv
8011CBD4:procHandPatInit__9daAlink_cFv
8011CCA8:procHandPat__9daAlink_cFv
800FBBC8:procHangClimbInit__9daAlink_cFf
800FBCD4:procHangClimb__9daAlink_cFv
800FAECC:procHangFallStartInit__9daAlink_cFP8cM3dGPla
800FB1A4:procHangFallStart__9daAlink_cFv
800FC2F4:procHangLeverDownInit__9daAlink_cFv
800FC390:procHangLeverDown__9daAlink_cFv
800FB650:procHangMoveInit__9daAlink_cFi
800FB790:procHangMove__9daAlink_cFv
800FC178:procHangReadyInit__9daAlink_cFv
800FC240:procHangReady__9daAlink_cFv
800FAA7C:procHangStartInit__9daAlink_cFv
800FAE14:procHangStart__9daAlink_cFv
800FB2A0:procHangUpInit__9daAlink_cFi
800FB328:procHangUp__9daAlink_cFv
800FB43C:procHangWaitInit__9daAlink_cFv
800FB544:procHangWait__9daAlink_cFv
800FBE04:procHangWallCatchInit__9daAlink_cFv
800FC0D8:procHangWallCatch__9daAlink_cFv
801121B4:procHawkCatchInit__9daAlink_cFv
80112220:procHawkCatch__9daAlink_cFv
80112278:procHawkSubjectInit__9daAlink_cFv
80112304:procHawkSubject__9daAlink_cFv
8010BD90:procHookshotFlyInit__9daAlink_cFv
8010BEF0:procHookshotFly__9daAlink_cFv
8010BC08:procHookshotMoveInit__9daAlink_cFv
8010BCA4:procHookshotMove__9daAlink_cFv
8010CF6C:procHookshotRoofBootsInit__9daAlink_cFP10fopAc_ac_c
8010D034:procHookshotRoofBoots__9daAlink_cFv
8010CC80:procHookshotRoofShootInit__9daAlink_cFP10fopAc_ac_c
8010CD60:procHookshotRoofShoot__9daAlink_cFv
8010C830:procHookshotRoofWaitInit__9daAlink_cFiP10fopAc_ac_ci
8010C9F4:procHookshotRoofWait__9daAlink_cFv
8010BAA8:procHookshotSubjectInit__9daAlink_cFv
8010BB48:procHookshotSubject__9daAlink_cFv
8010D5F4:procHookshotWallShootInit__9daAlink_cFv
8010D6CC:procHookshotWallShoot__9daAlink_cFv
8010D174:procHookshotWallWaitInit__9daAlink_cFisi
8010D38C:procHookshotWallWait__9daAlink_cFv
800F25B4:procHorseBoomerangMoveInit__9daAlink_cFv
800F2628:procHorseBoomerangMove__9daAlink_cFv
800F2454:procHorseBoomerangSubjectInit__9daAlink_cFv
800F24C8:procHorseBoomerangSubject__9daAlink_cFv
800F2934:procHorseBottleDrinkInit__9daAlink_cFUs
800F2AD8:procHorseBottleDrink__9daAlink_cFv
800F224C:procHorseBowMoveInit__9daAlink_cFv
800F22A8:procHorseBowMove__9daAlink_cFv
800F2150:procHorseBowSubjectInit__9daAlink_cFv
800F21B4:procHorseBowSubject__9daAlink_cFv
800F2D84:procHorseComebackInit__9daAlink_cFv
800F2DE4:procHorseComeback__9daAlink_cFv
800F1894:procHorseCutChargeReadyInit__9daAlink_cFv
800F194C:procHorseCutChargeReady__9daAlink_cFv
800F13D8:procHorseCutInit__9daAlink_cFv
800F1AAC:procHorseCutTurnInit__9daAlink_cFv
800F1BA4:procHorseCutTurn__9daAlink_cFv
800F1688:procHorseCut__9daAlink_cFv
800F1D18:procHorseDamageInit__9daAlink_cFP12dCcD_GObjInf
800F2028:procHorseDamage__9daAlink_cFv
800F36E4:procHorseGetKeyInit__9daAlink_cFv
800F3754:procHorseGetKey__9daAlink_cFv
800F038C:procHorseGetOffInit__9daAlink_cFi
800F0620:procHorseGetOff__9daAlink_cFv
800F2334:procHorseGrabMoveInit__9daAlink_cFv
800F2390:procHorseGrabMove__9daAlink_cFv
800F3430:procHorseHangInit__9daAlink_cFP12dCcD_GObjInfi
800F3580:procHorseHang__9daAlink_cFv
800F2824:procHorseHookshotMoveInit__9daAlink_cFv
800F2898:procHorseHookshotMove__9daAlink_cFv
800F26F4:procHorseHookshotSubjectInit__9daAlink_cFv
800F2770:procHorseHookshotSubject__9daAlink_cFv
800F1060:procHorseJumpInit__9daAlink_cFv
800F10F8:procHorseJump__9daAlink_cFv
800F2B4C:procHorseKandelaarPourInit__9daAlink_cFv
800F2C78:procHorseKandelaarPour__9daAlink_cFv
800F1188:procHorseLandInit__9daAlink_cFv
800F1204:procHorseLand__9daAlink_cFv
800F3818:procHorseLookDownInit__9daAlink_cFv
800F3894:procHorseLookDown__9daAlink_cFv
800EF95C:procHorseRideInit__9daAlink_cFv
800EFDC4:procHorseRide__9daAlink_cFv
800F2EE0:procHorseRunInit__9daAlink_cFv
800F2F98:procHorseRun__9daAlink_cFv
800F1294:procHorseSubjectivityInit__9daAlink_cFv
800F12F8:procHorseSubjectivity__9daAlink_cFv
800F0C6C:procHorseTurnInit__9daAlink_cFv
800F0CE4:procHorseTurn__9daAlink_cFv
800F0980:procHorseWaitInit__9daAlink_cFv
800F0AA4:procHorseWait__9daAlink_cFv
8015C708:procInitBoomHitWait__8daItem_cFv
8015C41C:procInitBoomerangCarry__8daItem_cFv
8015BFEC:procInitForceGet__8daItem_cFv
8015C200:procInitGetDemoEvent__8daItem_cFv
8015BE60:procInitNormal__8daItem_cFv
8015C058:procInitSimpleGetDemo__8daItem_cFv
8015C5F4:procInitSwOnWait__8daItem_cFv
800E70FC:procInsectCatchInit__9daAlink_cFv
800E71D4:procInsectCatch__9daAlink_cFv
801155EC:procIronBallMoveInit__9daAlink_cFv
80115674:procIronBallMove__9daAlink_cFv
801159F0:procIronBallReturnInit__9daAlink_cFv
80115AA0:procIronBallReturn__9daAlink_cFv
801154E4:procIronBallSubjectInit__9daAlink_cFv
80115564:procIronBallSubject__9daAlink_cFv
8011577C:procIronBallThrowInit__9daAlink_cFv
80115860:procIronBallThrow__9daAlink_cFv
8011167C:procKandelaarPourInit__9daAlink_cFv
80111724:procKandelaarPour__9daAlink_cFv
80111440:procKandelaarSwingInit__9daAlink_cFv
801115CC:procKandelaarSwing__9daAlink_cFv
800FDC18:procLadderDownEndInit__9daAlink_cFi
800FDCCC:procLadderDownEnd__9daAlink_cFv
800FD9CC:procLadderDownStartInit__9daAlink_cFv
800FDB74:procLadderDownStart__9daAlink_cFv
800FDD90:procLadderMoveInit__9daAlink_cFiiP4cXyz
800FDF50:procLadderMove__9daAlink_cFv
800FD824:procLadderUpEndInit__9daAlink_cFi
800FD8E8:procLadderUpEnd__9daAlink_cFv
800FD648:procLadderUpStartInit__9daAlink_cFv
800FD7B0:procLadderUpStart__9daAlink_cFv
800DAE10:procLandDamageInit__9daAlink_cFi
800DB060:procLandDamage__9daAlink_cFv
800C6F18:procLandInit__9daAlink_cFf
800C6FE4:procLand__9daAlink_cFv
800DA180:procLargeDamageUpInit__9daAlink_cFiiss
800DA554:procLargeDamageUp__9daAlink_cFv
8011DDD4:procLookAroundTurnInit__9daAlink_cFv
8011DED8:procLookAroundTurn__9daAlink_cFv
8011C9D0:procLookUpInit__9daAlink_cFv
8011CA98:procLookUpToGetItemInit__9daAlink_cFv
8011CB20:procLookUpToGetItem__9daAlink_cFv
8011CA4C:procLookUp__9daAlink_cFv
800E3218:procMagneBootsFlyInit__9daAlink_cFv
800E3454:procMagneBootsFly__9daAlink_cFv
8015C738:procMainBoomHitWait__8daItem_cFv
8015C514:procMainBoomerangCarry__8daItem_cFv
8015BFE8:procMainEnemyCarry__8daItem_cFv
8015C038:procMainForceGet__8daItem_cFv
8015C3BC:procMainGetDemoEvent__8daItem_cFv
8015BEA4:procMainNormal__8daItem_cFv
8015C134:procMainSimpleGetDemo__8daItem_cFv
8015C648:procMainSwOnWait__8daItem_cFv
8011ED18:procMasterSwordPullInit__9daAlink_cFv
8011ED8C:procMasterSwordPull__9daAlink_cFv
8011EBDC:procMasterSwordStickInit__9daAlink_cFv
8011EC60:procMasterSwordStick__9daAlink_cFv
8011BC74:procMonkeyMoveInit__9daAlink_cFv
8011BD18:procMonkeyMove__9daAlink_cFv
800C36CC:procMoveInit__9daAlink_cFv
800C3C3C:procMoveTurnInit__9daAlink_cFi
800C3D38:procMoveTurn__9daAlink_cFv
800C3730:procMove__9daAlink_cFv
8011E448:procNotUseItemInit__9daAlink_cFi
8011E57C:procNotUseItem__9daAlink_cFv
801058A0:procOctaIealSpitInit__9daAlink_cFv
80105A00:procOctaIealSpit__9daAlink_cFv
800E75EC:procPickPutInit__9daAlink_cFi
800E76E0:procPickPut__9daAlink_cFv
800E7254:procPickUpInit__9daAlink_cFv
800E7460:procPickUp__9daAlink_cFv
800C2DDC:procPreActionUnequipInit__9daAlink_cFiP10fopAc_ac_c
800C2EAC:procPreActionUnequip__9daAlink_cFv
800E8D1C:procPullMoveInit__9daAlink_cFi
800E8F44:procPullMove__9daAlink_cFv
800C6850:procRollJumpInit__9daAlink_cFv
800C692C:procRollJump__9daAlink_cFv
80100DA4:procRoofHangFrontMoveInit__9daAlink_cFv
80100EEC:procRoofHangFrontMove__9daAlink_cFv
8010121C:procRoofHangSideMoveInit__9daAlink_cFv
80101308:procRoofHangSideMove__9daAlink_cFv
80100A10:procRoofHangStartInit__9daAlink_cFRC13cBgS_PolyInfoRC4cXyzi
80100AE4:procRoofHangStart__9daAlink_cFv
801013B8:procRoofHangTurnInit__9daAlink_cFv
80101534:procRoofHangTurn__9daAlink_cFv
80100BB4:procRoofHangWaitInit__9daAlink_cFi
80100D38:procRoofHangWait__9daAlink_cFv
801016AC:procRoofSwitchHangInit__9daAlink_cFP10fopAc_ac_c
801017AC:procRoofSwitchHang__9daAlink_cFv
800DBD1C:procScreamWaitInit__9daAlink_cFv
800DBDA4:procScreamWait__9daAlink_cFv
800C3098:procServiceWaitInit__9daAlink_cFv
800C30F0:procServiceWait__9daAlink_cFv
800C5328:procSideRollInit__9daAlink_cFi
800C5484:procSideRoll__9daAlink_cFv
800C3DA0:procSideStepInit__9daAlink_cFi
800C40F0:procSideStepLandInit__9daAlink_cFv
800C4278:procSideStepLand__9daAlink_cFv
800C3F60:procSideStep__9daAlink_cFv
800C4378:procSlideInit__9daAlink_cFs
800C47AC:procSlideLandInit__9daAlink_cFi
800C4894:procSlideLand__9daAlink_cFv
800C4514:procSlide__9daAlink_cFv
800C5C28:procSlipInit__9daAlink_cFv
800C5CA4:procSlip__9daAlink_cFv
800C70F8:procSmallJumpInit__9daAlink_cFi
800C72D4:procSmallJump__9daAlink_cFv
8010DC64:procSpinnerReadyInit__9daAlink_cFv
8010DDCC:procSpinnerReady__9daAlink_cFv
8010DE78:procSpinnerWaitInit__9daAlink_cFv
8010DF4C:procSpinnerWait__9daAlink_cFv
800DB5B0:procStEscapeInit__9daAlink_cFv
800DB610:procStEscape__9daAlink_cFv
800C74D4:procStepMoveInit__9daAlink_cFv
800C755C:procStepMove__9daAlink_cFv
800EB624:procSumouActionInit__9daAlink_cFiii
800EBCE0:procSumouAction__9daAlink_cFv
800EAC4C:procSumouMoveInit__9daAlink_cFv
800EAD84:procSumouMove__9daAlink_cFv
800EA950:procSumouReadyInit__9daAlink_cFv
800EAA28:procSumouReady__9daAlink_cFv
800EC538:procSumouShikoInit__9daAlink_cFv
800EC5F4:procSumouShiko__9daAlink_cFv
800EB208:procSumouSideMoveInit__9daAlink_cFv
800EB2BC:procSumouSideMove__9daAlink_cFv
800EC0F8:procSumouStaggerInit__9daAlink_cFv
800EC170:procSumouStagger__9daAlink_cFv
800EC20C:procSumouWinLoseInit__9daAlink_cFv
800EC3D8:procSumouWinLose__9daAlink_cFv
8010519C:procSwimDamageInit__9daAlink_cFP12dCcD_GObjInf
80105728:procSwimDamage__9daAlink_cFv
80104958:procSwimDiveInit__9daAlink_cFv
80104AA0:procSwimDive__9daAlink_cFv
80104EB8:procSwimHookshotMoveInit__9daAlink_cFv
80104FC4:procSwimHookshotMove__9daAlink_cFv
80104C50:procSwimHookshotSubjectInit__9daAlink_cFv
80104D7C:procSwimHookshotSubject__9daAlink_cFv
80104670:procSwimMoveInit__9daAlink_cFv
801047B8:procSwimMove__9daAlink_cFv
801040F8:procSwimUpInit__9daAlink_cFv
801041E8:procSwimUp__9daAlink_cFv
801042F8:procSwimWaitInit__9daAlink_cFi
801044B4:procSwimWait__9daAlink_cFv
8011E8E0:procSwordPushInit__9daAlink_cFv
8011E960:procSwordPush__9daAlink_cFv
8011E6E0:procSwordReadyInit__9daAlink_cFv
8011E748:procSwordReady__9daAlink_cFv
800D698C:procSwordUnequipSpInit__9daAlink_cFv
800D6A38:procSwordUnequipSp__9daAlink_cFv
800C3224:procTiredWaitInit__9daAlink_cFv
800C3338:procTiredWait__9daAlink_cFv
8011DF68:procTradeItemOutInit__9daAlink_cFv
8011E060:procTradeItemOut__9daAlink_cFv
800DE008:procTurnMoveInit__9daAlink_cFi
800DE380:procTurnMove__9daAlink_cFv
8015C2A4:procWaitGetDemoEvent__8daItem_cFv
800C33B8:procWaitInit__9daAlink_cFv
800C3A94:procWaitTurnInit__9daAlink_cFv
800C3B1C:procWaitTurn__9daAlink_cFv
800C3504:procWait__9daAlink_cFv
8012DBA8:procWolfAtnActorMoveInit__9daAlink_cFv
8012DC44:procWolfAtnActorMove__9daAlink_cFv
8013C8C8:procWolfAttackReverseInit__9daAlink_cFv
8013C9EC:procWolfAttackReverse__9daAlink_cFv
8012E9C8:procWolfAutoJumpInit__9daAlink_cFi
8012EB94:procWolfAutoJump__9daAlink_cFv
8012E398:procWolfBackJumpInit__9daAlink_cFi
8012E5F4:procWolfBackJumpLandInit__9daAlink_cFss
8012E684:procWolfBackJumpLand__9daAlink_cFv
8012E508:procWolfBackJump__9daAlink_cFv
8013DB6C:procWolfCargoCarryInit__9daAlink_cFv
8013DC5C:procWolfCargoCarry__9daAlink_cFv
8013E240:procWolfChainReadyInit__9daAlink_cFv
8013E2A8:procWolfChainReady__9daAlink_cFv
8013DDF8:procWolfChainUpInit__9daAlink_cFv
8013DE70:procWolfChainUp__9daAlink_cFv
8013E6C0:procWolfChainWaitInit__9daAlink_cFv
8013E80C:procWolfChainWait__9daAlink_cFv
801360EC:procWolfDamageInit__9daAlink_cFP12dCcD_GObjInf
80136508:procWolfDamage__9daAlink_cFv
8012D474:procWolfDashInit__9daAlink_cFv
8012D8C0:procWolfDashReverseInit__9daAlink_cFi
8012DA5C:procWolfDashReverse__9daAlink_cFv
8012D590:procWolfDash__9daAlink_cFv
8013ED44:procWolfDigInit__9daAlink_cFv
8013F4A8:procWolfDigThroughInit__9daAlink_cFi
8013F7C4:procWolfDigThrough__9daAlink_cFv
8013F1F0:procWolfDig__9daAlink_cFv
8013B964:procWolfDownAtLandInit__9daAlink_cFP13fopEn_enemy_c
8013BA44:procWolfDownAtLand__9daAlink_cFv
8013BC94:procWolfDownAtMissLandInit__9daAlink_cFv
8013BD54:procWolfDownAtMissLand__9daAlink_cFv
8013B528:procWolfDownAttackInit__9daAlink_cFv
8013B808:procWolfDownAttack__9daAlink_cFv
8013CCF4:procWolfEnemyHangBiteInit__9daAlink_cFv
8013CDEC:procWolfEnemyHangBite__9daAlink_cFv
8013CB48:procWolfEnemyThrowInit__9daAlink_cFi
8013CC5C:procWolfEnemyThrow__9daAlink_cFv
8012EDD0:procWolfFallInit__9daAlink_cFif
8012EFB8:procWolfFall__9daAlink_cFv
8013DF30:procWolfGanonCatchInit__9daAlink_cFv
8013E034:procWolfGanonCatch__9daAlink_cFv
8013FA14:procWolfGetSmellInit__9daAlink_cFv
8013FC24:procWolfGetSmell__9daAlink_cFv
80135160:procWolfGiantPuzzleInit__9daAlink_cFv
801351F8:procWolfGiantPuzzle__9daAlink_cFv
8013D588:procWolfGrabPutInit__9daAlink_cFv
8013D65C:procWolfGrabPut__9daAlink_cFv
8013D818:procWolfGrabThrowInit__9daAlink_cFv
8013D86C:procWolfGrabThrow__9daAlink_cFv
8013D0D4:procWolfGrabUpInit__9daAlink_cFv
8013D3FC:procWolfGrabUp__9daAlink_cFv
80135CD8:procWolfHangFallStartInit__9daAlink_cFP8cM3dGPla
80135F00:procWolfHangFallStart__9daAlink_cFv
801355EC:procWolfHangReadyInit__9daAlink_cFv
80135668:procWolfHangReady__9daAlink_cFv
801356F0:procWolfHangWallCatchInit__9daAlink_cFi
80135AF4:procWolfHangWallCatch__9daAlink_cFv
80130700:procWolfHowlDemoInit__9daAlink_cFv
80130BC4:procWolfHowlDemo__9daAlink_cFv
8012E754:procWolfHowlInit__9daAlink_cFi
8012E83C:procWolfHowl__9daAlink_cFv
80139DE0:procWolfJumpAttackInit__9daAlink_cFi
8013A7EC:procWolfJumpAttackKickInit__9daAlink_cFv
8013A8A0:procWolfJumpAttackKick__9daAlink_cFv
8013AC44:procWolfJumpAttackNormalLandInit__9daAlink_cFi
8013ACF4:procWolfJumpAttackNormalLand__9daAlink_cFv
8013A8FC:procWolfJumpAttackSlideLandInit__9daAlink_cFiii
8013AAC4:procWolfJumpAttackSlideLand__9daAlink_cFv
8013A4F8:procWolfJumpAttack__9daAlink_cFv
80136C18:procWolfLandDamageInit__9daAlink_cFi
80136DE4:procWolfLandDamage__9daAlink_cFv
8012F138:procWolfLandInit__9daAlink_cFv
8012F1F0:procWolfLand__9daAlink_cFv
80136624:procWolfLargeDamageUpInit__9daAlink_cFiiss
801369E4:procWolfLargeDamageUp__9daAlink_cFv
80137C90:procWolfLieAutoMoveInit__9daAlink_cFiP4cXyz
80137D4C:procWolfLieAutoMove__9daAlink_cFv
80137634:procWolfLieMoveInit__9daAlink_cFi
801377F0:procWolfLieMove__9daAlink_cFv
80137420:procWolfLieStartInit__9daAlink_cFi
8013753C:procWolfLieStart__9daAlink_cFv
8013BE24:procWolfLockAttackInit__9daAlink_cFi
8013C630:procWolfLockAttackTurnInit__9daAlink_cFi
8013C7A4:procWolfLockAttackTurn__9daAlink_cFv
8013C3E4:procWolfLockAttack__9daAlink_cFv
8012D050:procWolfMidnaRideShockInit__9daAlink_cFv
8012D104:procWolfMidnaRideShock__9daAlink_cFv
8012D380:procWolfMoveInit__9daAlink_cFv
8012D3E4:procWolfMove__9daAlink_cFv
8013D930:procWolfPushInit__9daAlink_cFv
8013DA8C:procWolfPush__9daAlink_cFv
801398A8:procWolfRollAttackChargeInit__9daAlink_cFv
80139908:procWolfRollAttackCharge__9daAlink_cFv
8013B2A0:procWolfRollAttackInit__9daAlink_cFii
801399C4:procWolfRollAttackMoveInit__9daAlink_cFv
80139A70:procWolfRollAttackMove__9daAlink_cFv
8013B424:procWolfRollAttack__9daAlink_cFv
80132738:procWolfRopeHangInit__9daAlink_cFi
80132914:procWolfRopeHang__9daAlink_cFv
80131C74:procWolfRopeMoveInit__9daAlink_cFii
80131DA0:procWolfRopeMove__9daAlink_cFv
80133054:procWolfRopeStaggerInit__9daAlink_cFi
80133164:procWolfRopeStagger__9daAlink_cFv
8013384C:procWolfRopeSubjectivityInit__9daAlink_cFv
80133930:procWolfRopeSubjectivity__9daAlink_cFv
80132D68:procWolfRopeTurnInit__9daAlink_cFv
80132E88:procWolfRopeTurn__9daAlink_cFv
80136F54:procWolfScreamWaitInit__9daAlink_cFv
80136FF8:procWolfScreamWait__9daAlink_cFv
8012CBE4:procWolfServiceWaitInit__9daAlink_cFi
8012CD28:procWolfServiceWait__9daAlink_cFv
8012DEC8:procWolfSideStepInit__9daAlink_cFi
8012E1E8:procWolfSideStepLandInit__9daAlink_cFs
8012E2DC:procWolfSideStepLand__9daAlink_cFv
8012E0AC:procWolfSideStep__9daAlink_cFv
8012F278:procWolfSitInit__9daAlink_cFi
8012F358:procWolfSit__9daAlink_cFv
8012FE80:procWolfSlideInit__9daAlink_cFsi
801300D4:procWolfSlideLandInit__9daAlink_cFv
80130138:procWolfSlideLand__9daAlink_cFv
8012FC38:procWolfSlideReadyInit__9daAlink_cFsi
8012FD2C:procWolfSlideReady__9daAlink_cFv
8012FFA4:procWolfSlide__9daAlink_cFv
8012F634:procWolfSlipInit__9daAlink_cFv
8012F840:procWolfSlipTurnInit__9daAlink_cFi
8012FB18:procWolfSlipTurnLandInit__9daAlink_cFv
8012FBB4:procWolfSlipTurnLand__9daAlink_cFv
8012F9C0:procWolfSlipTurn__9daAlink_cFv
8012F6EC:procWolfSlip__9daAlink_cFv
80130440:procWolfSlopeStartInit__9daAlink_cFi
801304D4:procWolfSlopeStart__9daAlink_cFv
8011D0A0:procWolfSmellWaitInit__9daAlink_cFv
8011D82C:procWolfSnowEscapeInit__9daAlink_cFv
8011D8F8:procWolfSnowEscape__9daAlink_cFv
8012F41C:procWolfStepMoveInit__9daAlink_cFv
8012F500:procWolfStepMove__9daAlink_cFv
8013890C:procWolfSwimEndWaitInit__9daAlink_cFi
80138A18:procWolfSwimEndWait__9daAlink_cFv
8013871C:procWolfSwimMoveInit__9daAlink_cFv
801387A0:procWolfSwimMove__9daAlink_cFv
801383D8:procWolfSwimUpInit__9daAlink_cFv
80138484:procWolfSwimUp__9daAlink_cFv
8013852C:procWolfSwimWaitInit__9daAlink_cFi
80138644:procWolfSwimWait__9daAlink_cFv
80134000:procWolfTagJumpInit__9daAlink_cFP10fopAc_ac_c
80134DB8:procWolfTagJumpLandInit__9daAlink_cFP10fopAc_ac_c
80134EBC:procWolfTagJumpLand__9daAlink_cFv
80134838:procWolfTagJump__9daAlink_cFv
8012CF68:procWolfTiredWaitInit__9daAlink_cFv
8012CFEC:procWolfTiredWait__9daAlink_cFv
8013ADF0:procWolfWaitAttackInit__9daAlink_cFi
8013AFC0:procWolfWaitAttack__9daAlink_cFv
8012D1A8:procWolfWaitInit__9daAlink_cFv
801301E4:procWolfWaitSlipInit__9daAlink_cFv
80130268:procWolfWaitSlip__9daAlink_cFv
8012DD08:procWolfWaitTurnInit__9daAlink_cFv
8012DDB4:procWolfWaitTurn__9daAlink_cFv
8012D2A8:procWolfWait__9daAlink_cFv
8011DB04:procZoraMoveInit__9daAlink_cFv
8011DB9C:procZoraMove__9daAlink_cFv
80073970:proc__10dAttHint_cFv
80073CEC:proc__10dAttLook_cFv
800739DC:proc__11dAttCatch_cFv
802B33A8:processBgmFramework__8Z2SeqMgrFv
802B5F7C:processHeartGaugeSound__11Z2StatusMgrFv
802AE184:processSeFramework__7Z2SeMgrFv
8027EE14:processTermination__14JPABaseEmitterFv
8027EDD4:processTillStartFrame__14JPABaseEmitterFv
802B671C:processTime__11Z2StatusMgrFv
802A8418:process__Q28JMessage18TSequenceProcessorFPCc
802A8B20:process__Q28JMessage19TRenderingProcessorFPCc
802A81EC:process_character___Q28JMessage10TProcessorFv
80450D0C:process_id$2216
802A8A50:process_onBranch___Q28JMessage18TSequenceProcessorFPCQ28JMessage18TSequenceProcessorUl
802A8A18:process_onBranch_limited___Q28JMessage18TSequenceProcessorFPCQ28JMessage18TSequenceProcessorUl
802A828C:process_onCharacterEnd_normal___Q28JMessage10TProcessorFPQ28JMessage10TProcessor
802A82F4:process_onCharacterEnd_select___Q28JMessage10TProcessorFPQ28JMessage10TProcessor
802A89EC:process_onJump___Q28JMessage18TSequenceProcessorFPCQ28JMessage18TSequenceProcessor
802A89B8:process_onJump_limited___Q28JMessage18TSequenceProcessorFPCQ28JMessage18TSequenceProcessor
802A8358:process_onSelect___Q28JMessage10TProcessorFPQ28JMessage10TProcessor
802A833C:process_onSelect_limited___Q28JMessage10TProcessorFPQ28JMessage10TProcessor
80288F80:process_paragraph_reserved___Q37JStudio3stb7TObjectFUlPCvUl
80288E2C:process_sequence___Q37JStudio3stb7TObjectFv
802A8944:process_setMessageCode___Q28JMessage18TSequenceProcessorFPCQ28JMessage18TSequenceProcessorUsUs
802A892C:process_setMessageIndex_reserved___Q28JMessage18TSequenceProcessorFUs
80256B3C:progChangeDraw__10dScnLogo_cFv
80256264:progInDraw__10dScnLogo_cFv
802568E0:progOutDraw__10dScnLogo_cFv
8025631C:progSelDraw__10dScnLogo_cFv
80256AC0:progSet2Draw__10dScnLogo_cFv
80256A3C:progSetDraw__10dScnLogo_cFv
802DF13C:protected_initiate__10JUTResFontFPC7ResFONTP7JKRHeap
8044D540:protopool$192
80054688:psdRealCallBack__FP13cBgS_ShdwDrawP10cBgD_Vtx_tiiiP8cM3dGPla
80322770:ptrToIndex__12J3DTevBlock1Fv
803223AC:ptrToIndex__12J3DTevBlock2Fv
80321FE8:ptrToIndex__12J3DTevBlock4Fv
8031DED0:ptrToIndex__13J3DTevBlock16Fv
80332A10:ptrToIndex__15J3DTevBlockNullFv
8031DFB4:ptrToIndex__18J3DTevBlockPatchedFv
80164C64:pushInfo__9dCamera_cFPQ29dCamera_c10dCamInfo_cs
8000CCC8:push__14mDoMtx_stack_cFv
80182964:push_any_key__9dCamera_cFv
8022B4E0:push_word__26jmessage_tMeasureProcessorFPc
8022CAAC:push_word__27jmessage_tSequenceProcessorFv
8022F734:push_word__28jmessage_tRenderingProcessorFv
802327BC:push_word__35jmessage_string_tRenderingProcessorFPCc
80391C18:pushedSlip$40013
800E5830:putObjLineCheck__9daAlink_cFR11dBgS_LinChkP4cXyzP10fopAc_ac_c
800350F0:putSave__10dSv_info_cFi
803CEAC8:qMtx$1001
803CEB58:qMtx$1063
803CDAB0:qMtx$895
803CEAF8:qMtx2$1002
803CEB88:qMtx2$1064
803CDAE0:qMtx2$896
8000CF7C:quatM__14mDoMtx_stack_cFPC10Quaternion
80037788:quat_rotBaseY__5daObjFP10QuaternionRC4cXyz
8024B138:query001__10dMsgFlow_cFP21mesg_flow_node_branchP10fopAc_ac_ci
8024B180:query002__10dMsgFlow_cFP21mesg_flow_node_branchP10fopAc_ac_ci
8024B208:query003__10dMsgFlow_cFP21mesg_flow_node_branchP10fopAc_ac_ci
8024B250:query004__10dMsgFlow_cFP21mesg_flow_node_branchP10fopAc_ac_ci
8024B2C0:query005__10dMsgFlow_cFP21mesg_flow_node_branchP10fopAc_ac_ci
8024B2F8:query006__10dMsgFlow_cFP21mesg_flow_node_branchP10fopAc_ac_ci
8024B32C:query007__10dMsgFlow_cFP21mesg_flow_node_branchP10fopAc_ac_ci
8024B45C:query008__10dMsgFlow_cFP21mesg_flow_node_branchP10fopAc_ac_ci
8024B4A4:query009__10dMsgFlow_cFP21mesg_flow_node_branchP10fopAc_ac_ci
8024B4D0:query010__10dMsgFlow_cFP21mesg_flow_node_branchP10fopAc_ac_ci
8024B504:query011__10dMsgFlow_cFP21mesg_flow_node_branchP10fopAc_ac_ci
8024B54C:query012__10dMsgFlow_cFP21mesg_flow_node_branchP10fopAc_ac_ci
8024B584:query013__10dMsgFlow_cFP21mesg_flow_node_branchP10fopAc_ac_ci
8024B5BC:query014__10dMsgFlow_cFP21mesg_flow_node_branchP10fopAc_ac_ci
8024B5F4:query015__10dMsgFlow_cFP21mesg_flow_node_branchP10fopAc_ac_ci
8024B62C:query016__10dMsgFlow_cFP21mesg_flow_node_branchP10fopAc_ac_ci
8024B664:query017__10dMsgFlow_cFP21mesg_flow_node_branchP10fopAc_ac_ci
8024B6A8:query018__10dMsgFlow_cFP21mesg_flow_node_branchP10fopAc_ac_ci
8024B6EC:query019__10dMsgFlow_cFP21mesg_flow_node_branchP10fopAc_ac_ci
8024B730:query020__10dMsgFlow_cFP21mesg_flow_node_branchP10fopAc_ac_ci
8024B774:query021__10dMsgFlow_cFP21mesg_flow_node_branchP10fopAc_ac_ci
8024B8E4:query022__10dMsgFlow_cFP21mesg_flow_node_branchP10fopAc_ac_ci
8024B918:query023__10dMsgFlow_cFP21mesg_flow_node_branchP10fopAc_ac_ci
8024B954:query024__10dMsgFlow_cFP21mesg_flow_node_branchP10fopAc_ac_ci
8024B974:query025__10dMsgFlow_cFP21mesg_flow_node_branchP10fopAc_ac_ci
8024B9BC:query026__10dMsgFlow_cFP21mesg_flow_node_branchP10fopAc_ac_ci
8024B9E8:query027__10dMsgFlow_cFP21mesg_flow_node_branchP10fopAc_ac_ci
8024BA4C:query028__10dMsgFlow_cFP21mesg_flow_node_branchP10fopAc_ac_ci
8024BAA0:query029__10dMsgFlow_cFP21mesg_flow_node_branchP10fopAc_ac_ci
8024BAE0:query030__10dMsgFlow_cFP21mesg_flow_node_branchP10fopAc_ac_ci
8024BB18:query031__10dMsgFlow_cFP21mesg_flow_node_branchP10fopAc_ac_ci
8024BB74:query032__10dMsgFlow_cFP21mesg_flow_node_branchP10fopAc_ac_ci
8024BB9C:query033__10dMsgFlow_cFP21mesg_flow_node_branchP10fopAc_ac_ci
8024BBE4:query034__10dMsgFlow_cFP21mesg_flow_node_branchP10fopAc_ac_ci
8024BC14:query035__10dMsgFlow_cFP21mesg_flow_node_branchP10fopAc_ac_ci
8024BC3C:query036__10dMsgFlow_cFP21mesg_flow_node_branchP10fopAc_ac_ci
8024BC80:query037__10dMsgFlow_cFP21mesg_flow_node_branchP10fopAc_ac_ci
8024BCC4:query038__10dMsgFlow_cFP21mesg_flow_node_branchP10fopAc_ac_ci
8024BDB0:query039__10dMsgFlow_cFP21mesg_flow_node_branchP10fopAc_ac_ci
8024BE4C:query040__10dMsgFlow_cFP21mesg_flow_node_branchP10fopAc_ac_ci
8024BF50:query041__10dMsgFlow_cFP21mesg_flow_node_branchP10fopAc_ac_ci
8024BFEC:query042__10dMsgFlow_cFP21mesg_flow_node_branchP10fopAc_ac_ci
8024C0A8:query043__10dMsgFlow_cFP21mesg_flow_node_branchP10fopAc_ac_ci
8024C144:query044__10dMsgFlow_cFP21mesg_flow_node_branchP10fopAc_ac_ci
8024C18C:query045__10dMsgFlow_cFP21mesg_flow_node_branchP10fopAc_ac_ci
8024C218:query046__10dMsgFlow_cFP21mesg_flow_node_branchP10fopAc_ac_ci
8024C248:query047__10dMsgFlow_cFP21mesg_flow_node_branchP10fopAc_ac_ci
8024C250:query048__10dMsgFlow_cFP21mesg_flow_node_branchP10fopAc_ac_ci
8024C2A0:query049__10dMsgFlow_cFP21mesg_flow_node_branchP10fopAc_ac_ci
8024C2FC:query050__10dMsgFlow_cFP21mesg_flow_node_branchP10fopAc_ac_ci
8024C340:query051__10dMsgFlow_cFP21mesg_flow_node_branchP10fopAc_ac_ci
8024C3A0:query052__10dMsgFlow_cFP21mesg_flow_node_branchP10fopAc_ac_ci
8024C3D4:query053__10dMsgFlow_cFP21mesg_flow_node_branchP10fopAc_ac_ci
802E3BA0:queryMapAddress__12JUTExceptionFPcUllPUlPUlPcUlbb
802E3C90:queryMapAddress_single__12JUTExceptionFPcUllPUlPUlPcUlbb
803F4DDC:queue$3717
80451168:r0
80451174:r02
80424944:r09o$4964
8045116C:r1
80451178:r12
80451170:r2
8045117C:r22
80167C24:radiusActorInSight__9dCamera_cFP10fopAc_ac_cP10fopAc_ac_cP10fopAc_ac_c
80165238:radiusActorInSight__9dCamera_cFP10fopAc_ac_cP10fopAc_ac_cP4cXyzP4cXyzfsf
80179590:railCamera__9dCamera_cFl
8005CDA8:rain_bg_chk__FP19dKankyo_rain_Packeti
8036881C:raise
8006F1D8:randombit__25@unnamed@d_vibration_cpp@Fll
80281A08:range_getParameter__Q27JStudio29TFunctionValueAttribute_rangeCFddd
80281918:range_initialize__Q27JStudio29TFunctionValueAttribute_rangeFv
8028194C:range_prepare__Q27JStudio29TFunctionValueAttribute_rangeFv
802819F4:range_set__Q27JStudio29TFunctionValueAttribute_rangeFdd
8016E410:rangef__22@unnamed@d_camera_cpp@Ffff
803AC328:rank_tbl
80255658:rateCalc__13CPaneMgrAlphaFssUc
8008813C:rationalBezierRatio__8dCamMathFff
80397F88:rboxPosX$3884
80397FA0:rboxPosY$3885
80397F70:rboxScale$3883
803393C4:readAnmCluster__19J3DAnmKeyLoader_v15FPC20J3DAnmClusterKeyData
80338B20:readAnmCluster__20J3DAnmFullLoader_v15FPC21J3DAnmClusterFullData
80309848:readAnmColor__19J2DAnmKeyLoader_v15FPC18J3DAnmColorKeyData
803392B0:readAnmColor__19J3DAnmKeyLoader_v15FPC18J3DAnmColorKeyData
80309E1C:readAnmColor__20J2DAnmFullLoader_v15FPC19J3DAnmColorFullData
803388BC:readAnmColor__20J3DAnmFullLoader_v15FPC19J3DAnmColorFullData
80309FDC:readAnmTevReg__19J2DAnmKeyLoader_v15FPC19J3DAnmTevRegKeyData
80339458:readAnmTevReg__19J3DAnmKeyLoader_v15FPC19J3DAnmTevRegKeyData
80309F10:readAnmTexPattern__20J2DAnmFullLoader_v15FPC24J3DAnmTexPatternFullData
803389B0:readAnmTexPattern__20J3DAnmFullLoader_v15FPC24J3DAnmTexPatternFullData
80309634:readAnmTextureSRT__19J2DAnmKeyLoader_v15FPC23J3DAnmTextureSRTKeyData
803390B0:readAnmTextureSRT__19J3DAnmKeyLoader_v15FPC23J3DAnmTextureSRTKeyData
80309570:readAnmTransform__19J2DAnmKeyLoader_v15FPC22J3DAnmTransformKeyData
80338FEC:readAnmTransform__19J3DAnmKeyLoader_v15FPC22J3DAnmTransformKeyData
80309D60:readAnmTransform__20J2DAnmFullLoader_v15FPC23J3DAnmTransformFullData
80338800:readAnmTransform__20J3DAnmFullLoader_v15FPC23J3DAnmTransformFullData
8030A190:readAnmVisibility__20J2DAnmFullLoader_v15FPC24J3DAnmVisibilityFullData
80338A7C:readAnmVisibility__20J3DAnmFullLoader_v15FPC24J3DAnmVisibilityFullData
8030995C:readAnmVtxColor__19J2DAnmKeyLoader_v15FPC21J3DAnmVtxColorKeyData
8033960C:readAnmVtxColor__19J3DAnmKeyLoader_v15FPC21J3DAnmVtxColorKeyData
8030A234:readAnmVtxColor__20J2DAnmFullLoader_v15FPC22J3DAnmVtxColorFullData
80338BB4:readAnmVtxColor__20J3DAnmFullLoader_v15FPC22J3DAnmVtxColorFullData
801CB938:readAreaData__12dMenu_Fmap_cFUcb
802A9AC8:readBFCA__16Z2AudioArcLoaderFPCv
802A48A8:readBMS__17JAUAudioArcLoaderFUlPCvUl
802A48D4:readBMS_fromArchive__17JAUAudioArcLoaderFUl
802A4804:readBNK__17JAUAudioArcLoaderFUlPCv
802A4834:readBSC__17JAUAudioArcLoaderFPCvUl
802A4968:readBSFT__17JAUAudioArcLoaderFPCv
802A9B54:readBSTN__16Z2AudioArcLoaderFPCvUl
802A4880:readBSTN__17JAUAudioArcLoaderFPCvUl
802A4858:readBST__17JAUAudioArcLoaderFPCvUl
803342F8:readCluster__20J3DClusterLoader_v15FPC15J3DClusterBlock
802A9A70:readCommandMore__16Z2AudioArcLoaderFUl
802A4314:readCommandMore__22JAUAudioArcInterpreterFUl
802A431C:readCommand___22JAUAudioArcInterpreterFv
802D99B4:readData__10JKRDvdFileFPvll
802DC67C:readData__18JSUFileInputStreamFPvl
802DC534:readData__20JSUMemoryInputStreamFPvl
80335480:readDraw__14J3DModelLoaderFPC12J3DDrawBlock
8029C7E0:readDspBuffer__9JASDriverFPsUl
803353F0:readEnvelop__14J3DModelLoaderFPC16J3DEnvelopeBlock
802935A0:readExport__12JASTrackPortFUl
801CC094:readFieldMapData__12dMenu_Fmap_cFPPvPCcbb
802D3CD8:readFromAram__13JKRAramStreamFv
802D5720:readFsResource__12JKRFileCacheFPvUlPCc
802D5ECC:readIdxResource__10JKRArchiveFPvUlUl
8029357C:readImport__12JASTrackPortFUl
80335048:readInformation__14J3DModelLoaderFPC17J3DModelInfoBlockUl
8021CF08:readItemTexture__13dMeter2Info_cFUcPvP10J2DPicturePvP10J2DPicturePvP10J2DPicturePvP10J2DPicturei
80335530:readJoint__14J3DModelLoaderFPC13J3DJointBlock
80336168:readMaterialDL__14J3DModelLoaderFPC18J3DMaterialDLBlockUl
803364A4:readMaterialTable__14J3DModelLoaderFPC16J3DMaterialBlockUl
80335CE4:readMaterialTable__18J3DModelLoader_v26FPC16J3DMaterialBlockUl
803364A0:readMaterialTable_v21__14J3DModelLoaderFPC20J3DMaterialBlock_v21Ul
80335E20:readMaterialTable_v21__18J3DModelLoader_v21FPC20J3DMaterialBlock_v21Ul
8033649C:readMaterial__14J3DModelLoaderFPC16J3DMaterialBlockUl
80335614:readMaterial__18J3DModelLoader_v26FPC16J3DMaterialBlockUl
80336498:readMaterial_v21__14J3DModelLoaderFPC20J3DMaterialBlock_v21Ul
80335890:readMaterial_v21__18J3DModelLoader_v21FPC20J3DMaterialBlock_v21Ul
802A49D8:readMaxSeCategory__17JAUAudioArcLoaderFiii
80236BF8:readMessageGroupLocal__12dMsgObject_cFPP25mDoDvdThd_mountXArchive_c
8023800C:readMessageGroup__12dMsgObject_cFPP25mDoDvdThd_mountXArchive_c
802962B0:readMidiValue__12JASSeqReaderFv
8002645C:readMult__FP11dStage_dt_cP14dStage_Multi_cb
802D574C:readNameResource__12JKRFileCacheFPvUlUlPCc
802E2F54:readPad__12JUTExceptionFPUlPUl
80336028:readPatchedMaterial__14J3DModelLoaderFPC16J3DMaterialBlockUl
802928D0:readPortSelf__8JASTrackFUl
8029297C:readPort__8JASTrackFUl
80293FC8:readReg__12JASSeqParserCFP8JASTrackUl
802D5E30:readResource__10JKRArchiveFPvUlPCc
802D5D8C:readResource__10JKRArchiveFPvUlUlPCc
802D5F40:readResource__10JKRArchiveFPvUlUs
802D4F64:readResource__12JKRFileCacheFPvUlPCc
802D503C:readResource__12JKRFileCacheFPvUlUlPCc
801CBF04:readRoomData__12dMenu_Fmap_cFPCcP23dMenu_Fmap_stage_data_cPviUc
801CC51C:readRoomDzsData__12dMenu_Fmap_cFPPvUlPCc
8004BDFC:readScene__13dPa_control_cFUcPP21mDoDvdThd_toMainRam_c
80335AF4:readShape__14J3DModelLoaderFPC13J3DShapeBlockUl
80335F5C:readTextureTable__14J3DModelLoaderFPC15J3DTextureBlock
80335C18:readTexture__14J3DModelLoaderFPC15J3DTextureBlock
803351D0:readVertex__14J3DModelLoaderFPC14J3DVertexBlock
802A47AC:readWS__17JAUAudioArcLoaderFUlPCvUl
801CB770:readWorldData__12dMenu_Fmap_cFUc
802E08E4:read__10JUTGamePadFv
802DC298:read__14JSUInputStreamFPvl
802937B8:read__16JASRegisterParamFQ216JASRegisterParam5RegID
802D9518:read__7JKRFileFPvll
80007A94:read__8mDoCPd_cFv
801F8218:read_close_init__13dMenu_Skill_cFv
801DEE20:read_close_init__14dMenu_Letter_cFv
801F826C:read_close_move__13dMenu_Skill_cFv
801DEE6C:read_close_move__14dMenu_Letter_cFv
801F8114:read_move_init__13dMenu_Skill_cFv
801DE70C:read_move_init__14dMenu_Letter_cFv
801F8150:read_move_move__13dMenu_Skill_cFv
801DE824:read_move_move__14dMenu_Letter_cFv
801DEBD8:read_next_fadein_init__14dMenu_Letter_cFv
801DED04:read_next_fadein_move__14dMenu_Letter_cFv
801DEA48:read_next_fadeout_init__14dMenu_Letter_cFv
801DEA94:read_next_fadeout_move__14dMenu_Letter_cFv
801F7F24:read_open_init__13dMenu_Skill_cFv
801DE334:read_open_init__14dMenu_Letter_cFv
801F7FF8:read_open_move__13dMenu_Skill_cFv
801DE564:read_open_move__14dMenu_Letter_cFv
80054854:realPolygonCheck__FP4cXyzffP4cXyzP18dDlst_shadowPoly_c
802A6EDC:rearrangeLoadingSeqs___23JAUDynamicSeqDataBlocksFv
802E1A98:recalibrate__10JUTGamePadFUl
80007D74:recalibrate__8mDoCPd_cFv
8045186C:recalibrated$388
8029BC48:receiveBankDisposeMsg__10JASChannelFv
8032F3F8:recursiveCalc__8J3DJointFv
802CFF1C:recycleFreeBlock__10JKRExpHeapFPQ210JKRExpHeap9CMemBlock
802816E8:refer_initialize__Q27JStudio29TFunctionValueAttribute_referFv
801D34DC:regionGridDraw__18dMenu_Fmap2DBack_cFv
801D4B2C:regionMapMove__18dMenu_Fmap2DBack_cFP9STControl
801D3AF8:regionOriginDraw__18dMenu_Fmap2DBack_cFv
801D2DA8:regionTextureDraw__18dMenu_Fmap2DBack_cFv
801C8518:region_map_init__12dMenu_Fmap_cFv
801C8600:region_map_proc__12dMenu_Fmap_cFv
802C8C24:registEtcSePos__10Z2EnvSeMgrFP3Vec
802C886C:registFallSePos__10Z2EnvSeMgrFP3Vec
802C9F58:registLv3WaterSePos__10Z2EnvSeMgrFUcP3Vec
802AEB70:registMultiSePos__12Z2MultiSeMgrFP3Vec
80273F8C:registRes__18JPAResourceManagerFP11JPAResource
802C8234:registRiverSePos__10Z2EnvSeMgrFP3Vec
80273FAC:registTex__18JPAResourceManagerFP10JPATexture
802C780C:registWindowPos__10Z2EnvSeMgrFP3Vec
802C92C8:registWolfSmellSePos__10Z2EnvSeMgrFP3Vec
8028FFA8:regist__14JASCallbackMgrFPFPv_lPv
8029E240:registerDspSyncCallback__9JASDriverFPFPv_lPv
8029C9DC:registerMixCallback__9JASDriverFPFl_Ps10JASMixMode
8029E274:registerSubFrameCallback__9JASDriverFPFPv_lPv
8044CA28:regs
8031073C:reinitGX__6J3DSysFv
8031079C:reinitGenMode__6J3DSysFv
80310D44:reinitIndStages__6J3DSysFv
803107E8:reinitLighting__6J3DSysFv
80310E3C:reinitPixelProc__6J3DSysFv
80310A3C:reinitTevStages__6J3DSysFv
80310998:reinitTexture__6J3DSysFv
80310894:reinitTransform__6J3DSysFv
80253B2C:reinit__8CPaneMgrFv
8029E1C4:rejectCallback__9JASDriverFPFPv_lPv
80290030:reject__14JASCallbackMgrFPFPv_lPv
8015FBF8:relationalPos2__22@unnamed@d_camera_cpp@FP10fopAc_ac_cP10fopAc_ac_cP4cXyzf7cSAngle
80164E20:relationalPos__9dCamera_cFP10fopAc_ac_cP10fopAc_ac_cP4cXyzf
80164D6C:relationalPos__9dCamera_cFP10fopAc_ac_cP4cXyz
80391C30:releaeScale$40567
802931B0:releaseAll__Q28JASTrack11TChannelMgrFv
802A0E48:releaseChildTracks___6JAISeqFv
8029F6E8:releaseChild__5JAISeFi
802A165C:releaseChild__6JAISeqFi
802A3A24:releaseChild__9JAIStreamFi
8029D9A4:releaseHalt__6JASDspFUl
802A21A0:releaseHandle__8JAISoundFv
802A5EF8:releaseIdleDynamicSeqDataBlock__14JAUSectionHeapFv
802A6D48:releaseIdleDynamicSeqDataBlock__23JAUDynamicSeqDataBlocksFP14JAISeqDataUser
802A6E00:releaseIdleDynamicSeqDataBlock___23JAUDynamicSeqDataBlocksFP14JAISeqDataUserUl
802A6270:releaseSeqData__14JAUSectionHeapFv
8029F91C:releaseSeqData__16JAISeCategoryMgrFRC16JAISeqDataRegion
802A67DC:releaseSeqData__27JAUSeqDataMgr_SeqCollectionFv
802A01D8:releaseSeqData__8JAISeMgrFRC16JAISeqDataRegion
802A1870:releaseSeqData__9JAISeqMgrFRC16JAISeqDataRegion
802A2184:releaseSound__14JAISoundHandleFv
8029AAD0:release__10JASChannelFUs
8029BFE4:release__13JASOscillatorFv
801CC61C:removeAreaData__12dMenu_Fmap_cFv
802E82B0:removeConsole__17JUTConsoleManagerFP10JUTConsole
802C0190:removeEnemy__13Z2SoundObjMgrFP26JSULink<15Z2CreatureEnemy>
802CFEB4:removeFreeBlock__10JKRExpHeapFPQ210JKRExpHeap9CMemBlock
8032F64C:removeMatColorAnimator__16J3DMaterialTableFP11J3DAnmColor
80049058:removeModel__15dSmplMdl_draw_cFP12J3DModelDatai
802810AC:removeObject__Q37JStudio3ctb8TControlFPQ37JStudio3ctb7TObject
80284750:removeObject__Q37JStudio3fvb8TControlFPQ37JStudio3fvb7TObject
80289278:removeObject__Q37JStudio3stb8TControlFPQ37JStudio3stb7TObject
802D5FB4:removeResourceAll__10JKRArchiveFv
802D50D4:removeResourceAll__12JKRFileCacheFv
802D6ED0:removeResourceAll__13JKRMemArchiveFv
802D9260:removeResourceAll__14JKRCompArchiveFv
802D603C:removeResource__10JKRArchiveFPv
802D5164:removeResource__12JKRFileCacheFPv
802D4308:removeResource__13JKRFileLoaderFPvP13JKRFileLoader
802D6F20:removeResource__13JKRMemArchiveFPv
802D92F4:removeResource__14JKRCompArchiveFPv
80158CBC:removeResrc__10daNpcCd2_cFii
80156C50:removeResrc__9daNpcCd_cFii
801CC7A8:removeRoomData__12dMenu_Fmap_cFP23dMenu_Fmap_stage_data_c
8004BF3C:removeRoomScene__13dPa_control_cFb
8004BFD4:removeScene__13dPa_control_cFb
8002CB30:removeSimpleModel__14dComIfG_play_cFP12J3DModelDatai
8032F880:removeTevRegAnimator__16J3DMaterialTableFP15J3DAnmTevRegKey
8032F7B4:removeTexMtxAnimator__16J3DMaterialTableFP19J3DAnmTextureSRTKey
8032F6F8:removeTexNoAnimator__16J3DMaterialTableFP16J3DAnmTexPattern
802F2A94:removeTexture__11J2DTevBlockFUl
802EC0A8:removeTexture__12J2DTevBlock1FUl
802ED21C:removeTexture__12J2DTevBlock2FUl
802EE6A0:removeTexture__12J2DTevBlock4FUl
802EFB48:removeTexture__12J2DTevBlock8FUl
802F0FC8:removeTexture__13J2DTevBlock16FUl
802CFEE8:removeUsedBlock__10JKRExpHeapFPQ210JKRExpHeap9CMemBlock
802FD814:remove__10J2DPictureFP10JUTTexture
802FD6F4:remove__10J2DPictureFUc
802FF410:remove__10J2DPictureFv
802DC15C:remove__10JSUPtrListFP10JSUPtrLink
8003F754:remove__10dMapInfo_cFv
8009C864:remove__10dMdl_mng_cFv
8024A4C4:remove__10dMsgFlow_cFv
80031990:remove__10daMirror_cFv
8030466C:remove__12J2DPictureExFP10JUTTexture
8030446C:remove__12J2DPictureExFUc
80304608:remove__12J2DPictureExFv
8009CB34:remove__12dEyeHL_mng_cFP8dEyeHL_c
80049210:remove__12diff_model_cFi
800392D4:remove__14dDemo_object_cFv
800431E8:remove__14dEvt_control_cFv
802A69F8:remove__16JAUSeqDataBlocksFP26JSULink<15JAUSeqDataBlock>
80046C0C:remove__16dEvent_manager_cFv
8004ABC4:remove__18dPa_modelEcallBackFv
801506E0:remove__18daNpcF_ActorMngr_cFv
801456FC:remove__18daNpcT_ActorMngr_cFv
80039910:remove__7dDemo_cFv
8009BC60:remove__7dTres_cFv
8009CA28:remove__8dEyeHL_cFv
8003FC70:remove__8dMpath_cFv
800095F8:remove__Q213mDoGph_gInf_c7bloom_cFv
80024ABC:remove__Q220dStage_roomControl_c9roomDzs_cFv
8003C8F4:remove__Q28dMpath_n18dTexObjAggregate_cFv
80450794:renderMode__Q29JFWSystem11CSetUpParam
802A76BC:render__Q28JMessage8TControlFv
8003D3C0:renderingDecoration__18dRenderingFDAmap_cFPCQ211dDrawPath_c10line_class
8003CDAC:renderingMap__15dRenderingMap_cFv
8003C94C:rendering__11dDrawPath_cFPCQ211dDrawPath_c10line_class
8003CA40:rendering__11dDrawPath_cFPCQ211dDrawPath_c10poly_class
8003CC24:rendering__11dDrawPath_cFPCQ211dDrawPath_c10room_class
8003CBBC:rendering__11dDrawPath_cFPCQ211dDrawPath_c11floor_class
8003CB00:rendering__11dDrawPath_cFPCQ211dDrawPath_c11group_class
801CF0B4:rendering__15dMenu_FmapMap_cFPCQ211dDrawPath_c10line_class
80028A30:rendering__15renderingAmap_cFPCQ211dDrawPath_c10line_class
80028B3C:rendering__15renderingAmap_cFPCQ211dDrawPath_c10poly_class
800289F0:rendering__15renderingAmap_cFPCQ211dDrawPath_c10room_class
8029DD50:replyFinishRequest__Q26JASDsp8TChannelFv
800738FC:request__10dAttHint_cFP10fopAc_ac_ci
80073D08:request__10dAttLook_cFP10fopAc_ac_cfffsi
80073A08:request__11dAttCatch_cFP10fopAc_ac_cUcfffsi
80450D48:request_id$2360
80029818:resCopy__6dMap_cFv
80257AB4:resLoad__FP30request_of_phase_process_classP10dScnLogo_c
80258878:resLoad__FP30request_of_phase_process_classPc
804510F8:resPhase
80451110:resPreLoadTime0
80451118:resPreLoadTime1
802A0CA4:reserveChildTracks___6JAISeqFi
80024954:resetArchiveBank__20dStage_roomControl_cFi
8025AF24:resetArchiveBank__Fi
800AA9DC:resetAtCollision__9daAlink_cFi
800BF4E0:resetBasAnime__9daAlink_cFv
802B4128:resetBattleBgmParams__8Z2SeqMgrFv
80229810:resetCharCountBuffer__19jmessage_tReferenceFv
802297B0:resetCharactor__19jmessage_tReferenceFv
8022FA34:resetCharactor__26jmessage_string_tReferenceFv
800D1430:resetCombo__9daAlink_cFi
8029BE2C:resetCounter__6JASLfoFv
802B9AC4:resetCrowdSize__7Z2SeMgrFv
80117B90:resetDemoBck__9daAlink_cFv
800AFCBC:resetFacePriAnime__9daAlink_cFv
800AFB74:resetFacePriBck__9daAlink_cFv
800AFC2C:resetFacePriBtk__9daAlink_cFv
800AFBD0:resetFacePriBtp__9daAlink_cFv
800AFC88:resetFacePriTexture__9daAlink_cFv
80124B68:resetFairyEffect__9daAlink_cFv
802AA430:resetFilterAll__10Z2SoundMgrFv
8021C218:resetFloatingMessage__13dMeter2Info_cFv
80451944:resetFuncRegistered
80259AC4:resetGame__9dScnPly_cFv
801086DC:resetHookshotMode__9daAlink_cFv
802420D4:resetLine__14dMsgScrnHowl_cFv
8021CC00:resetMeterString__13dMeter2Info_cFv
8021E0C4:resetMiniGameItem__13dMeter2Info_cFb
802AB80C:resetModY__7Z2SeMgrFv
8004AC90:resetModel__18dPa_modelEcallBackFP14JPABaseEmitter
803130A8:resetMtxLoadCache__11J3DShapeMtxFv
802AECBC:resetMultiSePos__12Z2MultiSeMgrFv
80110F88:resetOilBottleModel__9daAlink_cFv
80027C90:resetOldMulti__15dStage_roomDt_cFv
8002582C:resetOldMulti__16dStage_stageDt_cFv
802CD974:resetProcess__10Z2AudioMgrFUlb
802CD9CC:resetRecover__10Z2AudioMgrFv
8022900C:resetReference__19jmessage_tReferenceFv
802A4F68:resetRegisteredBankTables__Q210JAUSection12TSectionDataFv
802A4FE4:resetRegisteredWaveBankTables__Q210JAUSection12TSectionDataFv
8022E12C:resetRendering__28jmessage_tRenderingProcessorFv
801CCAC4:resetRoomDataBit__12dMenu_Fmap_cFv
8009EB18:resetRootMtx__9daAlink_cFv
802C699C:resetSceneInner__10Z2EnvSeMgrFv
802C6998:resetScene__10Z2EnvSeMgrFv
80237610:resetSelectBomBag__12dMsgObject_cFv
802A0434:resetSeqDataMgr__8JAISeMgrFv
80117C90:resetSpecialEvent__9daAlink_cFv
802CAB8C:resetState__13Z2WolfHowlMgrFv
80140AC8:resetStatusWindow__9daAlink_cFv
80249DB4:resetStringLocal__12dMsgString_cFP10J2DTextBox
80249C18:resetStringLocal__16dMsgStringBase_cFP10J2DTextBox
800ADAEC:resetUnderAnime__9daAlink_cFQ29daAlink_c13daAlink_UNDERf
800AD724:resetUpperAnime__9daAlink_cFQ29daAlink_c13daAlink_UPPERf
8021C9DC:resetWarpStatus__13dMeter2Info_cFv
800AA714:resetWolfAtCollision__9daAlink_cFv
80138F18:resetWolfBallGrab__9daAlink_cFv
80138C04:resetWolfEnemyBiteAll__9daAlink_cFv
80229744:resetWord__19jmessage_tReferenceFv
80228448:reset__10COutFont_cFP10J2DTextBox
80317348:reset__10J3DPEBlockFP10J3DPEBlock
8003F714:reset__10dMapInfo_cFv
8009C8C0:reset__10dMdl_mng_cFv
8031734C:reset__11J3DIndBlockFP11J3DIndBlock
80316E14:reset__11J3DMaterialFv
80317350:reset__11J3DTevBlockFP11J3DTevBlock
803205D4:reset__12J3DTevBlock1FP11J3DTevBlock
803206AC:reset__12J3DTevBlock2FP11J3DTevBlock
8032098C:reset__12J3DTevBlock4FP11J3DTevBlock
80056538:reset__12dDlst_list_cFv
80317358:reset__13J3DColorBlockFP13J3DColorBlock
80320E24:reset__13J3DTevBlock16FP11J3DTevBlock
8032129C:reset__14J3DPEBlockFullFP10J3DPEBlock
80317354:reset__14J3DTexGenBlockFP14J3DTexGenBlock
80042518:reset__14dEvt_control_cFPv
80042468:reset__14dEvt_control_cFv
803210B0:reset__15J3DIndBlockFullFP11J3DIndBlock
803173A0:reset__15J3DIndBlockNullFP11J3DIndBlock
80332A0C:reset__15J3DTevBlockNullFP11J3DTevBlock
803201A0:reset__15J3DTexGenBlock4FP14J3DTexGenBlock
803211B4:reset__16J3DPEBlockFogOffFP10J3DPEBlock
803170D4:reset__17J3DLockedMaterialFv
80006FB4:reset__17mDoAud_zelAudio_cFv
8031703C:reset__18J3DPatchedMaterialFv
80320418:reset__18J3DTevBlockPatchedFP11J3DTevBlock
800544F0:reset__18dDlst_shadowReal_cFv
803202DC:reset__19J3DTexGenBlockBasicFP14J3DTexGenBlock
8031FF34:reset__20J3DColorBlockLightOnFP13J3DColorBlock
8031FD08:reset__21J3DColorBlockLightOffFP13J3DColorBlock
80320084:reset__21J3DTexGenBlockPatchedFP14J3DTexGenBlock
80055768:reset__21dDlst_shadowControl_cFv
8031FDE4:reset__22J3DColorBlockAmbientOnFP13J3DColorBlock
80039F04:reset__7dDemo_cFv
8009BC6C:reset__7dTres_cFv
800313BC:reset__7daSus_cFv
8003FBD0:reset__8dMpath_cFv
802A6614:reset__Q23std16__bitset_base<8>FUl
80030FBC:reset__Q27daSus_c6data_cFv
800311FC:reset__Q27daSus_c6room_cFv
802A7B90:reset__Q28JMessage10TProcessorFv
802A75D4:reset__Q28JMessage8TControlFv
80288BD0:reset__Q37JStudio3stb7TObjectFPCv
80289404:reset__Q37JStudio3stb8TControlFv
80300AF8:resize__10J2DTextBoxFff
802F6FF8:resize__7J2DPaneFff
802CE684:resize__7JKRHeapFPvUl
802CE624:resize__7JKRHeapFPvUlP7JKRHeap
802FB000:resize__9J2DWindowFff
801F30B8:restartInit__12dMenu_save_cFv
8025D86C:restart__8dTimer_cFUc
8008FAE8:restorePosEvCamera__9dCamera_cFv
80016A0C:restore__15mDoMemCd_Ctrl_cFv
8029D1D4:resume__15JASAudioReseterFv
80293B00:retIntr__10JASSeqCtrlFv
8029627C:ret__12JASSeqReaderFv
804517E4:retraceCount
804517EC:retraceQueue
801F2F4C:retryQuestion0__12dMenu_save_cFv
801F2FB4:retryQuestion1__12dMenu_save_cFv
801F3040:retryQuestion2__12dMenu_save_cFv
8000A160:retry_captue_frame__FP10view_classP15view_port_classi
800E08C4:returnBoomerang__9daAlink_cFi
800E1A30:returnCopyRod__9daAlink_cFv
800BF884:returnKeepItemData__9daAlink_cFv
80034DFC:revOneSwitch__13dSv_zoneBit_cFi
8003542C:revSwitch__10dSv_info_cFii
80034C14:revSwitch__12dSv_danBit_cFi
8003488C:revSwitch__12dSv_memBit_cFi
80034D78:revSwitch__13dSv_zoneBit_cFi
8014DA48:reverseDir__16daBaseNpc_path_cFv
80150BBC:reverse__13daNpcF_Path_cFv
80145DA0:reverse__13daNpcT_Path_cFv
802FF65C:rewriteAlpha__10J2DPictureFv
80300C90:rewriteAlpha__10J2DTextBoxFv
80302DF4:rewriteAlpha__11J2DWindowExFv
80306A0C:rewriteAlpha__12J2DPictureExFv
80308810:rewriteAlpha__12J2DTextBoxExFv
802F83CC:rewriteAlpha__7J2DPaneFv
802FC04C:rewriteAlpha__9J2DWindowFv
8017ADC0:rideCamera__9dCamera_cFl
800ECBD0:rideGetOff__9daAlink_cFv
8039199C:rightOffset$19387
803A832C:ringID$5531
801FA240:ring_close_init__5dMw_cFUc
801FB064:ring_close_proc__5dMw_cFv
801FA23C:ring_move_init__5dMw_cFUc
801FB01C:ring_move_proc__5dMw_cFv
801FA220:ring_open_init__5dMw_cFUc
801FAFDC:ring_open_proc__5dMw_cFv
803B2D88:rodTopOffset$61388
8008A974:rollingEvCamera__9dCamera_cFv
8006F184:rollshift__25@unnamed@d_vibration_cpp@FUlll
8001DD1C:roofCheck__11fopAcM_rc_cFPC4cXyz
800469EC:roomFinish__16dEvent_manager_cFi
80046904:roomInit__16dEvent_manager_cFi
801CE5EC:roomSetteing__15renderingFmap_cFv
804511A0:rootHeap__9JFWSystem
804508C0:rootPath
803F4DB0:rootlayer$3716
80450F30:rot$10882
80450F38:rot$11307
80450F40:rot$11586
80450F48:rot$11958
80450EF8:rot$7919
80450F00:rot$8366
80450F08:rot$8936
80450F18:rot$9421
80450F20:rot$9847
8003EDEC:rotAngle__10dMapInfo_nFPC21dStage_FileList2_dt_cP3Vec
80278494:rotTypeXYZ__FffRA3_A4_f
80278414:rotTypeX__FffRA3_A4_f
802783D4:rotTypeY__FffRA3_A4_f
80278454:rotTypeZ__FffRA3_A4_f
802F720C:rotate__7J2DPaneFf
802F71DC:rotate__7J2DPaneFff13J2DRotateAxisf
803678B8:round_decimal
800720F4:runDebugDisp__12dAttention_cFv
80071E84:runDrawProc__12dAttention_cFv
80180738:runEventRecoveryTrans__9dCamera_cFv
80071DEC:runSoundProc__12dAttention_cFv
802E1EA8:run__12JUTExceptionFv
8028FD4C:run__13JASTaskThreadFv
802D3C68:run__13JKRAramStreamFv
8029CDEC:run__14JASAudioThreadFv
802D21DC:run__7JKRAramFv
802DB790:run__9JKRDecompFv
802D1E14:run__9JKRThreadFv
8004360C:runningEventID__14dEvt_control_cFs
80391B7C:rupeeCount$37407
803987C0:rupeet1_tag$5152
803987E0:rupeet2_tag$5153
8019D56C:s16_data_ratio_set__Fssf
8039AFD0:sAdsTable__8JASTrack
8039C980:sAffordTail__8Z2MdnPrm
8039C918:sAfford__8Z2MdnPrm
80451140:sAllocBytes__20DynamicModuleControl
804514DC:sAnalogMode__10JUTGamePad
8016C2D4:sAngleX__22@unnamed@d_camera_cpp@FR4cXyz
8017D934:sAngleY__22@unnamed@d_camera_cpp@FR4cXyz
8039C8A8:sApologizeTail__8Z2MdnPrm
8039C844:sApologize__8Z2MdnPrm
80451214:sAramBase__9JASKernel
804342DC:sAramCommandList__7JKRAram
80451290:sAramHeap__16JASWaveArcLoader
8043430C:sAramList__11JKRAramHeap
804513C8:sAramObject__7JKRAram
80434324:sAramPieceCommandList__12JKRAramPiece
80451408:sAramStreamObject__13JKRAramStream
80451144:sArchive__20DynamicModuleControl
803CC6B8:sAsciiTable__14JUTDirectPrint
80451298:sBankDisposeListSize__10JASChannel
80431BF0:sBankDisposeList__10JASChannel
80431B90:sBankDisposeMsgQ__10JASChannel
80431BB0:sBankDisposeMsg__10JASChannel
80451258:sBlockSize__13JASAramStream
80455EE0:sBoringTail__8Z2MdnPrm
8039C420:sBoring__8Z2MdnPrm
80271CAC:sBs_ClearArea__FPvUl
80271C8C:sBs_FillArea_s__FPvUls
80451220:sBuffer
80451240:sCallBackFunc__12JASSeqParser
804514F0:sCallbackArg__Q210JUTGamePad13C3ButtonReset
804514EC:sCallback__Q210JUTGamePad13C3ButtonReset
803CC5F0:sChannelMask__Q210JUTGamePad7CRumble
8045125C:sChannelMax__13JASAramStream
80455EF8:sCheerfulTail__8Z2MdnPrm
8039C5D8:sCheerful__8Z2MdnPrm
804508DC:sClampMode__10JUTGamePad
803C5E80:sCmdInfo__12JASSeqParser
8045121C:sCommandHeap__9JASKernel
80431684:sCommandListOnce__10JASPortCmd
8043169C:sCommandListStay__10JASPortCmd
80455F00:sConfusedTail__8Z2MdnPrm
8039C644:sConfused__8Z2MdnPrm
80450C90:sConsole
80451518:sConsoleBufferSize__12JUTException
80451514:sConsoleBuffer__12JUTException
8045151C:sConsole__12JUTException
80434240:sCorrectDuo
804341F8:sCorrectPhrase
803CC660:sCpuExpName__12JUTException
80451420:sCurrentDirID__10JKRArchive
803C77E0:sCurrentDir__16JASWaveArcLoader
804514BC:sCurrentFifo__12JUTGraphFifo
80451374:sCurrentHeap__7JKRHeap
804515A8:sCurrentPipeline__11J3DShapeMtx
804515AC:sCurrentScaleFlag__11J3DShapeMtx
80451418:sCurrentVolume__13JKRFileLoader
8039B1D0:sCurveTableLinear__13JASOscillator
8039B214:sCurveTableSampleCell__13JASOscillator
8039B258:sCurveTableSqRoot__13JASOscillator
8039B29C:sCurveTableSquare__13JASOscillator
804512F0:sDSPVolume__6JASDsp
804507B0:sDacRate__9JASDriver
80450870:sDeathMtBottom
80450874:sDeathMtTop
804514C8:sDebugPrint__10JUTDbPrint
804514B0:sDecompObject__9JKRDecomp
804316B4:sDefaultBankTable__8JASTrack
80450C81:sDefaultDirection
804508B0:sDefaultFillFlag__7JKRHeap
80451238:sDefaultParser__10JASSeqCtrl
80455F28:sDesideTail__8Z2MdnPrm
8039C8B4:sDeside__8Z2MdnPrm
803CD900:sDifferedRegister
80451528:sDirectPrint__14JUTDirectPrint
80431C58:sDmaDacBuffer__9JASDriver
804512E0:sDspChannels__13JASDSPChannel
804512A0:sDspDacBuffer__9JASDriver
804512B0:sDspDacCallback__9JASDriver
804512A8:sDspDacReadBuffer__9JASDriver
804512A4:sDspDacWriteBuffer__9JASDriver
804512AC:sDspStatus__9JASDriver
80431C78:sDspSyncCallback__9JASDriver
804343B4:sDvdAramAsyncList__16JKRDvdAramRipper
80434384:sDvdAsyncList__12JKRDvdRipper
8043436C:sDvdList__10JKRDvdFile
804342B0:sEndMesgQueue__7JKRTask
8039AFE8:sEnvOsc__8JASTrack
804515D4:sEnvelopeFlag__8J3DShape
80451508:sErrorManager__12JUTException
803C648C:sExtCmdInfo__12JASSeqParser
80451148:sFileCache__20DynamicModuleControl
803CC838:sFontData2__14JUTDirectPrint
803CC738:sFontData__14JUTDirectPrint
80431C40:sFreeRunLfo__6JASLfo
80434C70:sGDLObj__17J3DDisplayListObj
803CBCC0:sGuideData
803CBC80:sHealingSong
80455F08:sHostilityTail__8Z2MdnPrm
8039C6B0:sHostility__8Z2MdnPrm
803CBC68:sHowlLightPrelude
803CBC74:sHowlSoulRequiem
804508A0:sHowlTobikusa
803CBC50:sHowlUmakusa
803CBC5C:sHowlZeldaSong
80450B10:sHungUpTime__7mDoMain
804511BC:sInitCalled__9JFWSystem
80450B88:sInstance__27JASGlobalInstance<7Z2SeMgr>
80450B6C:sInstance__28JASGlobalInstance<8JAISeMgr>
80450B84:sInstance__28JASGlobalInstance<8Z2SeqMgr>
80450B68:sInstance__29JASGlobalInstance<9JAISeqMgr>
80450B44:sInstance__31JASGlobalInstance<10Z2Audience>
80450B3C:sInstance__31JASGlobalInstance<10Z2EnvSeMgr>
80450B80:sInstance__31JASGlobalInstance<10Z2SceneMgr>
80450B60:sInstance__31JASGlobalInstance<10Z2SoundMgr>
80450B40:sInstance__32JASGlobalInstance<11Z2FxLineMgr>
80450B4C:sInstance__32JASGlobalInstance<11Z2SoundInfo>
80450B7C:sInstance__32JASGlobalInstance<11Z2StatusMgr>
80450B5C:sInstance__33JASGlobalInstance<12JAISoundInfo>
80450B64:sInstance__33JASGlobalInstance<12JAIStreamMgr>
80450B50:sInstance__33JASGlobalInstance<12JAUSoundInfo>
80450B70:sInstance__33JASGlobalInstance<12Z2SpeechMgr2>
80450B58:sInstance__34JASGlobalInstance<13JAUSoundTable>
80450B48:sInstance__34JASGlobalInstance<13Z2SoundObjMgr>
80450B38:sInstance__34JASGlobalInstance<13Z2WolfHowlMgr>
80450B8C:sInstance__35JASGlobalInstance<14JASAudioThread>
80450CC0:sInstance__35JASGlobalInstance<14JAUSectionHeap>
80450B74:sInstance__35JASGlobalInstance<14Z2SoundStarter>
80450B78:sInstance__36JASGlobalInstance<15JAISoundStarter>
80450B54:sInstance__38JASGlobalInstance<17JAUSoundNameTable>
80450B90:sInstance__40JASGlobalInstance<19JASDefaultBankTable>
804515C8:sInterruptFlag$903
804515E8:sInterruptFlag$965
804515A0:sInterruptFlag__17J3DDisplayListObj
8039C4EC:sIrritatedTail__8Z2MdnPrm
8039C48C:sIrritated__8Z2MdnPrm
8039C334:sJokeTail__8Z2MdnPrm
8039C2D0:sJoke__8Z2MdnPrm
804515B1:sLODFlag__11J3DShapeMtx
80451228:sLineCount
80451224:sLineMax
80430FE4:sList__8JFWAlarm
80451250:sLoadThread__13JASAramStream
804511C0:sManager__10JFWDisplay
80451558:sManager__10JUTProcBar
804513B0:sManager__15JKRThreadSwitch
80451570:sManager__17JUTConsoleManager
80451550:sManager__6JUTXfb
80451538:sManager__8JUTVideo
80434598:sMapFileList__12JUTException
804508F0:sMessageBuffer__12JUTException
803CC188:sMessageBuffer__13JKRAramStream
803CC128:sMessageBuffer__7JKRAram
803CC460:sMessageBuffer__9JKRDecomp
80434870:sMessageFileLine__Q212JUTAssertion23@unnamed@JUTAssert_cpp@
80451530:sMessageLife__Q212JUTAssertion23@unnamed@JUTAssert_cpp@
803CC620:sMessageQueue__12JUTException
803CC198:sMessageQueue__13JKRAramStream
803CC138:sMessageQueue__7JKRAram
803CC480:sMessageQueue__9JKRDecomp
804348B0:sMessageString__Q212JUTAssertion23@unnamed@JUTAssert_cpp@
8039B2E0:sMixFuncs__9JASDriver
804507AC:sMixMode__9JASDriver
80434C80:sMtxLoadCache__11J3DShapeMtx
803CDA80:sMtxLoadLODPipeline__21J3DShapeMtxConcatView
803CD9C0:sMtxLoadPipeline__11J3DShapeMtx
803CDA20:sMtxLoadPipeline__21J3DShapeMtxConcatView
804515B8:sMtxPtrTbl__21J3DShapeMtxConcatView
80431660:sMutex
804515B0:sNBTFlag__11J3DShapeMtx
803CBC8C:sNewSong1
803CBC9C:sNewSong2
803CBCAC:sNewSong3
80450970:sNoUseDrawMtxPtr__12J3DMtxBuffer
804371C0:sNoUseDrawMtx__12J3DMtxBuffer
80450974:sNoUseNrmMtxPtr__12J3DMtxBuffer
804371F0:sNoUseNrmMtx__12J3DMtxBuffer
804515D0:sOldVcdVatCmd__8J3DShape
80455EE8:sOrderTail__8Z2MdnPrm
8039C4F8:sOrder__8Z2MdnPrm
8039B1B8:sOscData__12JASVoiceBank
80451268:sOscTable__12JASVoiceBank
804512C0:sOutputRate__9JASDriver
8043456C:sPatternList__19JUTGamePadLongPress
8039B000:sPitchEnvOsc__8JASTrack
80451510:sPostUserCallback__12JUTException
80450B08:sPowerOnTime__7mDoMain
8045150C:sPreUserCallback__12JUTException
804508E0:sPressPoint__Q210JUTGamePad6CStick
8039C98C:sPrm__8Z2MdnPrm
80431620:sProbeTable__8JASProbe
80451254:sReadBuffer__13JASAramStream
804508E4:sReleasePoint__Q210JUTGamePad6CStick
8039C2C4:sReplyTail__8Z2MdnPrm
8039C260:sReply__8Z2MdnPrm
80455F20:sReplybTail__8Z2MdnPrm
8039C7F0:sReplyb__8Z2MdnPrm
80451574:sReportConsole
80455EF0:sResentTail__8Z2MdnPrm
8039C56C:sResent__8Z2MdnPrm
804508EC:sResetMaskPattern__Q210JUTGamePad13C3ButtonReset
80451504:sResetOccurredPort__Q210JUTGamePad13C3ButtonReset
80451501:sResetOccurred__Q210JUTGamePad13C3ButtonReset
804508E8:sResetPattern__Q210JUTGamePad13C3ButtonReset
80451500:sResetSwitchPushing__Q210JUTGamePad13C3ButtonReset
8039C414:sRidiculeTail__8Z2MdnPrm
8039C3B0:sRidicule__8Z2MdnPrm
80451378:sRootHeap__7JKRHeap
804514E0:sRumbleSupported__10JUTGamePad
804508CC:sSZSBufferSize__12JKRDvdRipper
804508D4:sSZSBufferSize__16JKRDvdAramRipper
804508B8:sSZSBufferSize__7JKRAram
80455F18:sSeriousTail__8Z2MdnPrm
8039C784:sSerious__8Z2MdnPrm
8039C3A4:sSexyTail__8Z2MdnPrm
8039C340:sSexy__8Z2MdnPrm
803CD920:sSizeOfDiffered
803CA5C0:sSpotName
8045089C:sStickCenter
80450898:sStickHigh
804508D8:sStickMode__10JUTGamePad
80451584:sStrBufInitialized
80431D78:sSubFrameCallback__9JASDriver
804512C4:sSubFrameCounter__9JASDriver
804507B4:sSubFrames__9JASDriver
804514D8:sSuppressPadReset__10JUTGamePad
80451370:sSystemHeap__7JKRHeap
80451218:sSystemHeap__9JASKernel
804342A4:sTaskList__7JKRTask
80434C2C:sTexCoordScaleTable__6J3DSys
804515C0:sTexGenBlock__17J3DDifferedTexMtx
804515B4:sTexMtxLoadType__11J3DShapeMtx
804515C4:sTexMtxObj__17J3DDifferedTexMtx
8043428C:sThreadList__9JKRThread
80451208:sThread__6JASDvd
804514F8:sThreshold__Q210JUTGamePad13C3ButtonReset
80455F10:sTiredTail__8Z2MdnPrm
8039C718:sTired__8Z2MdnPrm
803ECF40:sTmpBuf
8045122C:sTop
804513B4:sTotalCount__15JKRThreadSwitch
804513B8:sTotalStart__15JKRThreadSwitch
80431ACC:sTrackList__8JASTrack
80450878:sUnderWaterDepthMax
80431E78:sUpdateDacCallback__9JASDriver
80451280:sUsedHeapSize__11JASWSParser
80451288:sUsedHeapSize__12JASBNKParser
80451540:sVideoInterval__8JUTVideo
8045153C:sVideoLastTick__8JUTVideo
80434354:sVolumeList__13JKRFileLoader
80451578:sWarningConsole
8043421C:sWindStoneSound
80439218:sWorkArea_MtxReg__13J3DSkinDeform
80437218:sWorkArea_WEvlpMixMtx__13J3DSkinDeform
80438218:sWorkArea_WEvlpMixWeight__13J3DSkinDeform
804510C8:s_groupID
804513FC:s_is_decompress_mutex_initialized
803A85DC:s_o_id__8dPa_name
80159708:s_sub1__FPvPv
8015A2C4:s_sub__FPvPv
8039AA00:saCompositeOperation___Q37JStudio3fvb17@unnamed@fvb_cpp@
8039D390:saoAboutEncoding___10JUTResFont
804314F8:saoVVOSetValue___Q215JStudio_JAudio214TAdaptor_sound
80431204:saoVVOutput_ANIMATION_FRAME___Q214JStudio_JStage14TAdaptor_actor
8043139C:saoVVOutput___Q214JStudio_JStage12TAdaptor_fog
804311A0:saoVVOutput___Q214JStudio_JStage14TAdaptor_actor
804312D4:saoVVOutput___Q214JStudio_JStage15TAdaptor_camera
80431448:saoVVOutput_direction___Q214JStudio_JStage14TAdaptor_light
803C9C80:sapfnParseCharacter___Q28JMessage18TResourceContainer
804554C0:sauVariableValue_2_DIRECTION_THETA_PHI__Q27JStudio14TAdaptor_light
804554B0:sauVariableValue_2_DISTANCE_NEAR_FAR__Q27JStudio15TAdaptor_camera
804554B8:sauVariableValue_2_RANGE_BEGIN_END__Q27JStudio12TAdaptor_fog
8039AB50:sauVariableValue_3_COLOR1_RGB__Q27JStudio17TAdaptor_particle
8039AAC0:sauVariableValue_3_COLOR_RGB__Q27JStudio12TAdaptor_fog
8039AADC:sauVariableValue_3_COLOR_RGB__Q27JStudio14TAdaptor_light
8039AB34:sauVariableValue_3_COLOR_RGB__Q27JStudio17TAdaptor_particle
8039AA8C:sauVariableValue_3_COLOR_RGB__Q27JStudio21TAdaptor_ambientLight
8039AAF8:sauVariableValue_3_POSITION_XYZ__Q27JStudio14TAdaptor_light
8039AB6C:sauVariableValue_3_POSITION_XYZ__Q27JStudio14TAdaptor_sound
8039AAA8:sauVariableValue_3_POSITION_XYZ__Q27JStudio15TAdaptor_camera
8039AA74:sauVariableValue_3_ROTATION_XYZ__Q27JStudio14TAdaptor_actor
8039AB1C:sauVariableValue_3_ROTATION_XYZ__Q27JStudio17TAdaptor_particle
8039AA80:sauVariableValue_3_SCALING_XYZ__Q27JStudio14TAdaptor_actor
8039AB28:sauVariableValue_3_SCALING_XYZ__Q27JStudio17TAdaptor_particle
8039AB04:sauVariableValue_3_TARGET_POSITION_XYZ__Q27JStudio14TAdaptor_light
8039AAB4:sauVariableValue_3_TARGET_POSITION_XYZ__Q27JStudio15TAdaptor_camera
8039AA68:sauVariableValue_3_TRANSLATION_XYZ__Q27JStudio14TAdaptor_actor
8039AB10:sauVariableValue_3_TRANSLATION_XYZ__Q27JStudio17TAdaptor_particle
8039AB5C:sauVariableValue_4_COLOR1_RGBA__Q27JStudio17TAdaptor_particle
8039AACC:sauVariableValue_4_COLOR_RGBA__Q27JStudio12TAdaptor_fog
8039AAE8:sauVariableValue_4_COLOR_RGBA__Q27JStudio14TAdaptor_light
8039AB40:sauVariableValue_4_COLOR_RGBA__Q27JStudio17TAdaptor_particle
8039AA98:sauVariableValue_4_COLOR_RGBA__Q27JStudio21TAdaptor_ambientLight
803A7288:saveBitLabels__16dSv_event_flag_c
8019B5F0:saveClose_init__11dGameover_cFv
8019B5F4:saveClose_proc__11dGameover_cFv
801F2DD4:saveEnd__12dMenu_save_cFv
800924D0:saveEvCamera__9dCamera_cFv
801F16F4:saveGuide__12dMenu_save_cFv
801F43F8:saveMoveDisp2__12dMenu_save_cFv
801F42FC:saveMoveDisp__12dMenu_save_cFv
8019B5A4:saveMove_init__11dGameover_cFv
8019B5A8:saveMove_proc__11dGameover_cFv
8019B560:saveOpen_init__11dGameover_cFv
8019B564:saveOpen_proc__11dGameover_cFv
80031D38:savePos__12daObjCarry_cFi4cXyz
801F1620:saveQuestion21__12dMenu_save_cFv
801F1558:saveQuestion2__12dMenu_save_cFv
801F1644:saveQuestion3__12dMenu_save_cFv
801F16B8:saveQuestion4__12dMenu_save_cFv
801F1378:saveQuestion__12dMenu_save_cFv
801F1100:saveSelAnm__12dMenu_save_cFv
801F3E30:saveSelectMoveAnime__12dMenu_save_cFv
801F54C0:saveSelectOpenAnmSet__12dMenu_save_cFv
801F5278:saveSelectOpenInit__12dMenu_save_cFv
801F3A94:saveSelectStart__12dMenu_save_cFv
801F3934:saveSelect__12dMenu_save_cFv
801F31B0:saveWait__12dMenu_save_cFv
801F47DC:saveYesNoCancelMove__12dMenu_save_cFv
801F40D8:saveYesNoSelect__12dMenu_save_cFv
80016B58:save__15mDoMemCd_Ctrl_cFPvUlUl
801B4FDC:save_close_init__17dMenu_Collect2D_cFv
801B5018:save_close_proc__17dMenu_Collect2D_cFv
801B4F30:save_move_init__17dMenu_Collect2D_cFv
801B4F6C:save_move_proc__17dMenu_Collect2D_cFv
801B4E14:save_open_init__17dMenu_Collect2D_cFv
801B4EC0:save_open_proc__17dMenu_Collect2D_cFv
804245F4:scale$3676
8042460C:scale$3691
80424624:scale$3718
8042463C:scale$3731
802547CC:scaleAnime__8CPaneMgrFsffUc
8000CE70:scaleM__14mDoMtx_stack_cFRC4cXyz
8000CE38:scaleM__14mDoMtx_stack_cFfff
8000CE00:scaleS__14mDoMtx_stack_cFRC4cXyz
8037A528:scale_dat$7608
8045556C:scale_frac$980
802BA294:sceneBgmStart__10Z2SceneMgrFv
802B9B68:sceneChange__10Z2SceneMgrF10JAISoundIDUcUcUcUcUcb
80043280:sceneChange__14dEvt_control_cFi
802E987C:scissorBounds__13J2DOrthoGraphFPQ29JGeometry8TBox2<f>PCQ29JGeometry8TBox2<f>
802E90C0:scissor__14J2DGrafContextFRCQ29JGeometry8TBox2<f>
802047E8:screenInitButton__14dMeterButton_cFv
80205834:screenInitText__14dMeterButton_cFv
801BB634:screenInit__12dMenu_Dmap_cFv
8018C8F4:screenSet3Menu__14dFile_select_cFv
801D9644:screenSetBase__14dMenu_Insect_cFv
801DFA58:screenSetBase__14dMenu_Letter_cFv
801C55D8:screenSetBase__15dMenu_Fishing_cFv
8018BF2C:screenSetCopySel__14dFile_select_cFv
8018CCD0:screenSetDetail__14dFile_select_cFv
801F8D20:screenSetDoIcon__13dMenu_Skill_cFv
801D9BD0:screenSetDoIcon__14dMenu_Insect_cFv
801E09A8:screenSetDoIcon__14dMenu_Letter_cFv
801C5D3C:screenSetDoIcon__15dMenu_Fishing_cFv
801D98F0:screenSetExplain__14dMenu_Insect_cFv
801F8A18:screenSetLetter__13dMenu_Skill_cFv
801E03D8:screenSetLetter__14dMenu_Letter_cFv
801F8388:screenSetMenu__13dMenu_Skill_cFv
801DF010:screenSetMenu__14dMenu_Letter_cFv
801E0330:screenSetShadow__14dMenu_Letter_cFv
8018C524:screenSetYesNo__14dFile_select_cFv
80192570:screenSet__12dFile_info_cFv
801EF904:screenSet__12dMenu_save_cFv
80193030:screenSet__14dBrightCheck_cFv
8018ADA0:screenSet__14dFile_select_cFv
801E5678:screenSet__14dMenu_Option_cFv
80191CF4:screenSet__15dFile_warning_cFv
801B074C:screenSet__17dMenu_Collect2D_cFv
802505CC:screenSet__7dName_cFv
801D38FC:scrollAreaDraw__18dMenu_Fmap2DBack_cFv
801D1AA4:scrollCalc__18dMenu_Fmap2DBack_cFf
802E80A8:scroll__10JUTConsoleFi
802AD9F4:seMoveVolumeAll__7Z2SeMgrFfUl
802AC50C:seStartLevel__7Z2SeMgrF10JAISoundIDPC3VecUlScffffUc
800BF1CC:seStartMapInfoLevel__9daAlink_cFUl
800BF194:seStartMapInfo__9daAlink_cFUl
800BF15C:seStartOnlyReverbLevel__9daAlink_cFUl
801416E4:seStartOnlyReverbLevel__9daPy_py_cFUl
800BF124:seStartOnlyReverb__9daAlink_cFUl
801416E0:seStartOnlyReverb__9daPy_py_cFUl
800BF0EC:seStartSwordCut__9daAlink_cFUl
802AB984:seStart__7Z2SeMgrF10JAISoundIDPC3VecUlScffffUc
802AD94C:seStopAll__7Z2SeMgrFUl
802AD8B0:seStop__7Z2SeMgrF10JAISoundIDUl
802BF994:searchEnemy__13Z2SoundObjMgrFv
80088C24:searchEventArgData__9dCamera_cFPc
800E79F8:searchFmChainPos__9daAlink_cFv
801CD000:searchIcon__12dMenu_Fmap_cFUciPfPf
8019A5D0:searchItemActor__13dShopSystem_cFv
800434D8:searchMapEventData__14dEvt_control_cFUc
80043500:searchMapEventData__14dEvt_control_cFUcl
80035DC8:searchNearPos__9dJntCol_cCFPC8cM3dGLinPC4cXyzP4cXyzi
802E2578:searchPartialModule__12JUTExceptionFUlPUlPUlPUlPUl
800CECE4:searchPeepObj__9daAlink_cFP10fopAc_ac_cPv
801CD380:searchPortalStageID__12dMenu_Fmap_cFPc
802D1960:searchThread__9JKRThreadFP8OSThread
800569B0:searchUpdateMaterialID__10J2DAnmBaseFP9J2DScreen
8030AF24:searchUpdateMaterialID__11J2DAnmColorFP9J2DScreen
8032A8A4:searchUpdateMaterialID__11J3DAnmColorFP16J3DMaterialTable
8030C678:searchUpdateMaterialID__15J2DAnmTevRegKeyFP9J2DScreen
8032B87C:searchUpdateMaterialID__15J3DAnmTevRegKeyFP12J3DModelData
8032B780:searchUpdateMaterialID__15J3DAnmTevRegKeyFP16J3DMaterialTable
8030BD10:searchUpdateMaterialID__16J2DAnmTexPatternFP9J2DScreen
8032B09C:searchUpdateMaterialID__16J3DAnmTexPatternFP12J3DModelData
8032B004:searchUpdateMaterialID__16J3DAnmTexPatternFP16J3DMaterialTable
8030BC60:searchUpdateMaterialID__19J2DAnmTextureSRTKeyFP9J2DScreen
8032B1D4:searchUpdateMaterialID__19J3DAnmTextureSRTKeyFP12J3DModelData
8032B0C0:searchUpdateMaterialID__19J3DAnmTextureSRTKeyFP16J3DMaterialTable
802F7388:searchUserInfo__7J2DPaneFUx
802F90E0:searchUserInfo__9J2DScreenFUx
801391E4:searchWolfLockEnemy__9daAlink_cFP10fopAc_ac_cPv
8009C6DC:search__10dMdl_mng_cFP12J3DModelDataUsP12dKy_tevstr_c
802F72E0:search__7J2DPaneFUx
802F90A0:search__9J2DScreenFUx
802E2638:search_name_part__FPUcPUci
802A6974:seekFreeBlock__16JAUSeqDataBlocksFUl
802DC74C:seekPos__18JSUFileInputStreamFl17JSUStreamSeekFrom
802DC5AC:seekPos__20JSUMemoryInputStreamFl17JSUStreamSeekFrom
802DC4DC:seek__20JSURandomInputStreamFl17JSUStreamSeekFrom
8023A680:selAnimeEnd__17dMsgScrn3Select_cFv
8023A094:selAnimeInit__17dMsgScrn3Select_cFUcUcUcfUc
8023A398:selAnimeMove__17dMsgScrn3Select_cFUcUcb
8018499C:selCopyFileWakuAnm__14dFile_select_cFv
801F6458:selFileCursorShow__12dMenu_save_cFv
8018D764:selFileCursorShow__14dFile_select_cFv
801F1148:selFileWakuAnm__12dMenu_save_cFv
80184664:selFileWakuAnm__14dFile_select_cFv
80238C68:selectAnimeEnd__14dMsgScrnBase_cFv
80240080:selectAnimeEnd__14dMsgScrnItem_cFv
80248278:selectAnimeEnd__14dMsgScrnTalk_cFv
80238C50:selectAnimeInit__14dMsgScrnBase_cFUcUcfUc
8024002C:selectAnimeInit__14dMsgScrnItem_cFUcUcfUc
8024820C:selectAnimeInit__14dMsgScrnTalk_cFUcUcfUc
80238C48:selectAnimeMove__14dMsgScrnBase_cFUcUcb
8024005C:selectAnimeMove__14dMsgScrnItem_cFUcUcb
80248244:selectAnimeMove__14dMsgScrnTalk_cFUcUcb
8023B870:selectAnimeTransform__17dMsgScrn3Select_cFi
8024F994:selectCursorMove__7dName_cFv
802504A0:selectCursorPosSet__7dName_cFi
801F533C:selectDataBaseMoveAnmInitSet__12dMenu_save_cFii
80184CB4:selectDataBaseMoveAnmInitSet__14dFile_select_cFii
801F53D4:selectDataBaseMoveAnm__12dMenu_save_cFv
80184D4C:selectDataBaseMoveAnm__14dFile_select_cFv
801F5508:selectDataMoveAnmInitSet__12dMenu_save_cFii
80185994:selectDataMoveAnmInitSet__14dFile_select_cFii
801F5600:selectDataMoveAnm__12dMenu_save_cFv
80185AAC:selectDataMoveAnm__14dFile_select_cFv
80186638:selectDataNameMove__14dFile_select_cFv
801866C8:selectDataOpenEraseMove__14dFile_select_cFv
801F3BE0:selectDataOpenMove__12dMenu_save_cFv
801864DC:selectDataOpenMove__14dFile_select_cFv
8023587C:selectEndProc__12dMsgObject_cFv
80229168:selectMessage__19jmessage_tReferenceFv
8024F55C:selectMojiSet__7dName_cFv
8023531C:selectProc__12dMsgObject_cFv
8023AC44:selectProc__17dMsgScrn3Select_cFv
8023B228:selectScale__17dMsgScrn3Select_cFv
802CC738:selectTail__12Z2SpeechMgr2Fv
8023B4AC:selectTrans__17dMsgScrn3Select_cFv
802CC4C0:selectUnit__12Z2SpeechMgr2Fb
801F6354:selectWakuAlpahAnmInit__12dMenu_save_cFUcUcUcUc
8018D650:selectWakuAlpahAnmInit__14dFile_select_cFUcUcUcUc
801F6390:selectWakuAlpahAnm__12dMenu_save_cFUc
8018D68C:selectWakuAlpahAnm__14dFile_select_cFUc
8007138C:select_attention__FP10fopAc_ac_cPv
801D9290:select_move_init__14dMenu_Insect_cFv
801D92DC:select_move_move__14dMenu_Insect_cFv
8028FB5C:sendCmdMsg__13JASTaskThreadFPFPv_vPCvUl
8028FC54:sendCmdMsg__13JASTaskThreadFPFPv_vPv
802D35F4:sendCommand__12JKRAramPieceFP12JKRAMCommand
802DB8D0:sendCommand__9JKRDecompFP16JKRDecompCommand
8029A404:sendLoadCmd__10JASWaveArcFv
802A9BC8:seqCallback__FP8JASTrackUs
80292E9C:seqMain__8JASTrackFv
8029301C:seqMain__Q28JASTrack5TListFv
80292644:seqTimeToDspTime__8JASTrackFf
80199D14:seq_choose__13dShopSystem_cFP10fopAc_ac_cP10dMsgFlow_c
80199BF8:seq_decide__13dShopSystem_cFP10fopAc_ac_cP10dMsgFlow_c
80199FA4:seq_decide_no__13dShopSystem_cFP10fopAc_ac_cP10dMsgFlow_c
80199E28:seq_decide_yes__13dShopSystem_cFP10fopAc_ac_cP10dMsgFlow_c
8019A0C0:seq_event__13dShopSystem_cFP10fopAc_ac_cP10dMsgFlow_c
8019A020:seq_finish__13dShopSystem_cFP10fopAc_ac_cP10dMsgFlow_c
80199A18:seq_moving__13dShopSystem_cFP10fopAc_ac_cP10dMsgFlow_c
8019959C:seq_select__13dShopSystem_cFP10fopAc_ac_cP10dMsgFlow_c
801993C4:seq_select_start__13dShopSystem_cFP10fopAc_ac_cP10dMsgFlow_c
8019936C:seq_select_wait__13dShopSystem_cFP10fopAc_ac_cP10dMsgFlow_c
801990B8:seq_start__13dShopSystem_cFP10fopAc_ac_cP10dMsgFlow_c
801990B0:seq_wait__13dShopSystem_cFP10fopAc_ac_cP10dMsgFlow_c
8021D524:set1stColor__13dMeter2Info_cFUcP10J2DPicture
8021D644:set2ndColor__13dMeter2Info_cFUcP10J2DPicture
800D0164:set3DStatus__9daAlink_cFUcUc
801D74EC:set3DStickString__17dMenu_Fmap2DTop_cFUl
8021D764:set3rdColor__13dMeter2Info_cFUcP10J2DPicture
8021DB64:set4thColor__13dMeter2Info_cFUcP10J2DPicture
801F9260:setAButtonString__13dMenu_Skill_cFUs
801B8DE4:setAButtonString__14dMenu_DmapBg_cFUl
801DA304:setAButtonString__14dMenu_Insect_cFUs
801E1518:setAButtonString__14dMenu_Letter_cFUs
801E7E98:setAButtonString__14dMenu_Option_cFUs
801C5EB8:setAButtonString__15dMenu_Fishing_cFUs
801B5FB4:setAButtonString__17dMenu_Collect2D_cFUs
801D72D4:setAButtonString__17dMenu_Fmap2DTop_cFUlUc
801AF738:setAButtonString__19dMenu_Calibration_cFUs
80048970:setAction__17dEvLib_callback_cFP33action_class<17dEvLib_callback_c>
801EC504:setActiveCursor__12dMenu_Ring_cFv
80238C78:setActorPos__19jmessage_tReferenceF4cXyz
80073898:setActor__10dAttList_cFP10fopAc_ac_c
8003815C:setActor__13dDemo_actor_cFP10fopAc_ac_c
8015EC48:setActor__16daPy_actorKeep_cFv
8014CC64:setAfterTalkMotion__8daNpcT_cFv
801BA60C:setAllAlphaRate__14dMenu_DmapBg_cFfb
801D6C44:setAllAlphaRate__17dMenu_Fmap2DTop_cFfb
801D5334:setAllAlphaRate__18dMenu_Fmap2DBack_cFfb
8021AAA4:setAlphaAnimeMax__13dMeter2Draw_cFP13CPaneMgrAlphas
801D78FC:setAlphaAnimeMax__17dMenu_Fmap2DTop_cFP13CPaneMgrAlpha
801D7858:setAlphaAnimeMid__17dMenu_Fmap2DTop_cFP13CPaneMgrAlpha
8021A9C8:setAlphaAnimeMin__13dMeter2Draw_cFP13CPaneMgrAlphas
801D77C4:setAlphaAnimeMin__17dMenu_Fmap2DTop_cFP13CPaneMgrAlpha
80072FE8:setAlphaAnm__10dAttDraw_cFUcUc
80207654:setAlphaButton3DAnimeMax__14dMeterButton_cFv
802075C0:setAlphaButton3DAnimeMin__14dMeterButton_cFv
80208570:setAlphaButton3DBAnimeMax__14dMeterButton_cFv
802084D8:setAlphaButton3DBAnimeMin__14dMeterButton_cFv
80207744:setAlphaButton3DVAnimeMax__14dMeterButton_cFv
80207740:setAlphaButton3DVAnimeMin__14dMeterButton_cFv
80219258:setAlphaButtonAAnimeMax__13dMeter2Draw_cFv
80207060:setAlphaButtonAAnimeMax__14dMeterButton_cFv
80219174:setAlphaButtonAAnimeMin__13dMeter2Draw_cFv
80206CE0:setAlphaButtonAAnimeMin__14dMeterButton_cFv
80208B84:setAlphaButtonABAnimeMax__14dMeterButton_cFv
80208AEC:setAlphaButtonABAnimeMin__14dMeterButton_cFv
802083D8:setAlphaButtonARAnimeMax__14dMeterButton_cFv
80208340:setAlphaButtonARAnimeMin__14dMeterButton_cFv
802190A8:setAlphaButtonAnimeMax__13dMeter2Draw_cFv
8020D41C:setAlphaButtonAnimeMax__15dMeterHakusha_cFv
8021901C:setAlphaButtonAnimeMin__13dMeter2Draw_cFv
8020D3B8:setAlphaButtonAnimeMin__15dMeterHakusha_cFv
80219474:setAlphaButtonBAnimeMax__13dMeter2Draw_cFv
802071DC:setAlphaButtonBAnimeMax__14dMeterButton_cFv
80219324:setAlphaButtonBAnimeMin__13dMeter2Draw_cFv
8020714C:setAlphaButtonBAnimeMin__14dMeterButton_cFv
8020914C:setAlphaButtonBinAnimeMax__14dMeterButton_cFv
802090B4:setAlphaButtonBinAnimeMin__14dMeterButton_cFv
802077EC:setAlphaButtonCAnimeMax__14dMeterButton_cFv
80207748:setAlphaButtonCAnimeMin__14dMeterButton_cFv
80218788:setAlphaButtonChange__13dMeter2Draw_cFb
802183A8:setAlphaButtonCrossAnimeMax__13dMeter2Draw_cFv
80218338:setAlphaButtonCrossAnimeMin__13dMeter2Draw_cFv
80218524:setAlphaButtonCrossItemAnimeMax__13dMeter2Draw_cFv
80218448:setAlphaButtonCrossItemAnimeMin__13dMeter2Draw_cFv
802186C4:setAlphaButtonCrossMapAnimeMax__13dMeter2Draw_cFv
802185E8:setAlphaButtonCrossMapAnimeMin__13dMeter2Draw_cFv
80208708:setAlphaButtonNUREAnimeMax__14dMeterButton_cFv
80208670:setAlphaButtonNUREAnimeMin__14dMeterButton_cFv
80207F34:setAlphaButtonNunAnimeMax__14dMeterButton_cFv
80207E9C:setAlphaButtonNunAnimeMin__14dMeterButton_cFv
80208FB4:setAlphaButtonNunCAnimeMax__14dMeterButton_cFv
80208F1C:setAlphaButtonNunCAnimeMin__14dMeterButton_cFv
80208E1C:setAlphaButtonNunZAnimeMax__14dMeterButton_cFv
80208D84:setAlphaButtonNunZAnimeMin__14dMeterButton_cFv
802092C0:setAlphaButtonOAnimeMax__14dMeterButton_cFi
8020924C:setAlphaButtonOAnimeMin__14dMeterButton_cFi
80207358:setAlphaButtonRAnimeMax__14dMeterButton_cFv
802072C8:setAlphaButtonRAnimeMin__14dMeterButton_cFv
80208A38:setAlphaButtonReel2AnimeMax__14dMeterButton_cFv
802089A0:setAlphaButtonReel2AnimeMin__14dMeterButton_cFv
802088A0:setAlphaButtonReelAnimeMax__14dMeterButton_cFv
80208808:setAlphaButtonReelAnimeMin__14dMeterButton_cFv
8020824C:setAlphaButtonRemo2AnimeMax__14dMeterButton_cFv
802081B4:setAlphaButtonRemo2AnimeMin__14dMeterButton_cFv
802080C0:setAlphaButtonRemoAnimeMax__14dMeterButton_cFv
80208028:setAlphaButtonRemoAnimeMin__14dMeterButton_cFv
80207AB8:setAlphaButtonSAnimeMax__14dMeterButton_cFv
80207A28:setAlphaButtonSAnimeMin__14dMeterButton_cFv
80208CD0:setAlphaButtonTateAnimeMax__14dMeterButton_cFv
80208C38:setAlphaButtonTateAnimeMin__14dMeterButton_cFv
80207C34:setAlphaButtonXAnimeMax__14dMeterButton_cFv
80207BA4:setAlphaButtonXAnimeMin__14dMeterButton_cFv
80207DB0:setAlphaButtonYAnimeMax__14dMeterButton_cFv
80207D20:setAlphaButtonYAnimeMin__14dMeterButton_cFv
802074D4:setAlphaButtonZAnimeMax__14dMeterButton_cFv
80207444:setAlphaButtonZAnimeMin__14dMeterButton_cFv
8031736C:setAlphaComp__10J3DPEBlockFPC12J3DAlphaComp
8000E01C:setAlphaComp__10J3DPEBlockFRC12J3DAlphaComp
803219C4:setAlphaComp__14J3DPEBlockFullFPC12J3DAlphaComp
803219A8:setAlphaComp__14J3DPEBlockFullFRC12J3DAlphaComp
80321B28:setAlphaComp__16J3DPEBlockFogOffFPC12J3DAlphaComp
80321B0C:setAlphaComp__16J3DPEBlockFogOffFRC12J3DAlphaComp
8020D308:setAlphaHakushaAnimeMax__15dMeterHakusha_cFv
8020D258:setAlphaHakushaAnimeMin__15dMeterHakusha_cFv
802093D8:setAlphaIconAnimeMax__14dMeterButton_cFv
80209368:setAlphaIconAnimeMin__14dMeterButton_cFv
8021575C:setAlphaKanteraAnimeMax__13dMeter2Draw_cFv
802156E0:setAlphaKanteraAnimeMin__13dMeter2Draw_cFv
802155B8:setAlphaKanteraChange__13dMeter2Draw_cFb
80216D2C:setAlphaKeyAnimeMax__13dMeter2Draw_cFv
80216CA8:setAlphaKeyAnimeMin__13dMeter2Draw_cFv
80216B28:setAlphaKeyChange__13dMeter2Draw_cFb
80214E54:setAlphaLifeAnimeMax__13dMeter2Draw_cFv
80214DF4:setAlphaLifeAnimeMin__13dMeter2Draw_cFv
80214C20:setAlphaLifeChange__13dMeter2Draw_cFb
80215F88:setAlphaLightDropAnimeMax__13dMeter2Draw_cFv
80215E40:setAlphaLightDropAnimeMin__13dMeter2Draw_cFv
80215DA4:setAlphaLightDropChange__13dMeter2Draw_cFb
80215380:setAlphaMagicChange__13dMeter2Draw_cFb
80255E28:setAlphaMorfRate__17CPaneMgrAlphaMorfFf
80215A94:setAlphaOxygenAnimeMax__13dMeter2Draw_cFv
80215A18:setAlphaOxygenAnimeMin__13dMeter2Draw_cFv
802158F0:setAlphaOxygenChange__13dMeter2Draw_cFb
802557D0:setAlphaRate__13CPaneMgrAlphaFf
801AEB7C:setAlphaRate__15dKantera_icon_cFf
801952A0:setAlphaRate__16dSelect_cursor_cFf
80226DA8:setAlphaRatio__10COutFont_cFf
80216990:setAlphaRupeeAnimeMax__13dMeter2Draw_cFv
802168D0:setAlphaRupeeAnimeMin__13dMeter2Draw_cFv
80216684:setAlphaRupeeChange__13dMeter2Draw_cFb
80302D48:setAlpha__11J2DWindowExFUc
803069B8:setAlpha__12J2DPictureExFUc
803087BC:setAlpha__12J2DTextBoxExFUc
80255758:setAlpha__13CPaneMgrAlphaFUc
80195B40:setAlpha__14dSelect_icon_cFUc
80020158:setAlpha__7J2DPaneFUc
80253AB4:setAlpha__8CPaneMgrFUc
8003A81C:setAlpha__FP12J3DModelData
8003A3F0:setAlpha__FP16J3DMaterialTable
8002A148:setAmapPaletteColor__6dMap_cFiUcUcUcUc
8000E0D4:setAmbColor__13J3DColorBlockFUl10J3DGXColor
801A4C0C:setAmbColor__13J3DColorBlockFUlPC10J3DGXColor
80322EF8:setAmbColor__20J3DColorBlockLightOnFUl10J3DGXColor
80322F24:setAmbColor__20J3DColorBlockLightOnFUlPC10J3DGXColor
80323080:setAmbColor__22J3DColorBlockAmbientOnFUl10J3DGXColor
803230AC:setAmbColor__22J3DColorBlockAmbientOnFUlPC10J3DGXColor
80154250:setAngle__8daNpcF_cFs
8014A99C:setAngle__8daNpcT_cF5csXyz
8014AA18:setAngle__8daNpcT_cFs
802F83FC:setAnimationVC__7J2DPaneFP14J2DAnmVtxColor
802F9A78:setAnimationVC__9J2DScreenFP14J2DAnmVtxColor
802F83D0:setAnimationVF__7J2DPaneFP20J2DAnmVisibilityFull
802F9A74:setAnimationVF__9J2DScreenFP20J2DAnmVisibilityFull
802EA89C:setAnimation__11J2DMaterialFP11J2DAnmColor
802EAB0C:setAnimation__11J2DMaterialFP15J2DAnmTevRegKey
802EAA2C:setAnimation__11J2DMaterialFP16J2DAnmTexPattern
802EA94C:setAnimation__11J2DMaterialFP19J2DAnmTextureSRTKey
8030361C:setAnimation__11J2DWindowExFP10J2DAnmBase
80302FFC:setAnimation__11J2DWindowExFP11J2DAnmColor
8030327C:setAnimation__11J2DWindowExFP14J2DAnmVtxColor
80303194:setAnimation__11J2DWindowExFP15J2DAnmTevRegKey
80256084:setAnimation__11J2DWindowExFP15J2DAnmTransform
8030310C:setAnimation__11J2DWindowExFP16J2DAnmTexPattern
80303084:setAnimation__11J2DWindowExFP19J2DAnmTextureSRTKey
80303274:setAnimation__11J2DWindowExFP20J2DAnmVisibilityFull
803071C4:setAnimation__12J2DPictureExFP10J2DAnmBase
80306AC4:setAnimation__12J2DPictureExFP11J2DAnmColor
80306B7C:setAnimation__12J2DPictureExFP14J2DAnmVtxColor
80306B48:setAnimation__12J2DPictureExFP15J2DAnmTevRegKey
80256064:setAnimation__12J2DPictureExFP15J2DAnmTransform
80306B1C:setAnimation__12J2DPictureExFP16J2DAnmTexPattern
80306AF0:setAnimation__12J2DPictureExFP19J2DAnmTextureSRTKey
80306B74:setAnimation__12J2DPictureExFP20J2DAnmVisibilityFull
80308A4C:setAnimation__12J2DTextBoxExFP10J2DAnmBase
803088B4:setAnimation__12J2DTextBoxExFP11J2DAnmColor
80308A48:setAnimation__12J2DTextBoxExFP14J2DAnmVtxColor
80308938:setAnimation__12J2DTextBoxExFP15J2DAnmTevRegKey
80256044:setAnimation__12J2DTextBoxExFP15J2DAnmTransform
8030890C:setAnimation__12J2DTextBoxExFP16J2DAnmTexPattern
803088E0:setAnimation__12J2DTextBoxExFP19J2DAnmTextureSRTKey
80308964:setAnimation__12J2DTextBoxExFP20J2DAnmVisibilityFull
801E3AEC:setAnimation__14dMenu_Option_cFv
802F7EF4:setAnimation__7J2DPaneFP10J2DAnmBase
80126354:setAnimation__7J2DPaneFP11J2DAnmColor
80256018:setAnimation__7J2DPaneFP14J2DAnmVtxColor
80126350:setAnimation__7J2DPaneFP15J2DAnmTevRegKey
802F7FC4:setAnimation__7J2DPaneFP15J2DAnmTransform
80256020:setAnimation__7J2DPaneFP16J2DAnmTexPattern
8018BF28:setAnimation__7J2DPaneFP19J2DAnmTextureSRTKey
8025601C:setAnimation__7J2DPaneFP20J2DAnmVisibilityFull
802F9A54:setAnimation__9J2DScreenFP10J2DAnmBase
802F9704:setAnimation__9J2DScreenFP11J2DAnmColor
802F99A8:setAnimation__9J2DScreenFP14J2DAnmVtxColor
802F98CC:setAnimation__9J2DScreenFP15J2DAnmTevRegKey
80192414:setAnimation__9J2DScreenFP15J2DAnmTransform
802F9838:setAnimation__9J2DScreenFP16J2DAnmTexPattern
802F9798:setAnimation__9J2DScreenFP19J2DAnmTextureSRTKey
802F99C8:setAnimation__9J2DScreenFP20J2DAnmVisibilityFull
800AC378:setAnimeFrame__9daAlink_cFf
8014169C:setAnimeFrame__9daPy_py_cFf
8015F168:setAnimeHeap__14daPy_anmHeap_cFv
803393EC:setAnmCluster__19J3DAnmKeyLoader_v15FP16J3DAnmClusterKeyPC20J3DAnmClusterKeyData
80338B48:setAnmCluster__20J3DAnmFullLoader_v15FP17J3DAnmClusterFullPC21J3DAnmClusterFullData
80309870:setAnmColor__19J2DAnmKeyLoader_v15FP14J2DAnmColorKeyPC18J3DAnmColorKeyData
803392D8:setAnmColor__19J3DAnmKeyLoader_v15FP14J3DAnmColorKeyPC18J3DAnmColorKeyData
80309E44:setAnmColor__20J2DAnmFullLoader_v15FP15J2DAnmColorFullPC19J3DAnmColorFullData
803388E4:setAnmColor__20J3DAnmFullLoader_v15FP15J3DAnmColorFullPC19J3DAnmColorFullData
80011FCC:setAnmRate__15mDoExt_McaMorf2Ff
8030A004:setAnmTevReg__19J2DAnmKeyLoader_v15FP15J2DAnmTevRegKeyPC19J3DAnmTevRegKeyData
80339480:setAnmTevReg__19J3DAnmKeyLoader_v15FP15J3DAnmTevRegKeyPC19J3DAnmTevRegKeyData
80309F38:setAnmTexPattern__20J2DAnmFullLoader_v15FP16J2DAnmTexPatternPC24J3DAnmTexPatternFullData
803389D8:setAnmTexPattern__20J3DAnmFullLoader_v15FP16J3DAnmTexPatternPC24J3DAnmTexPatternFullData
8030965C:setAnmTextureSRT__19J2DAnmKeyLoader_v15FP19J2DAnmTextureSRTKeyPC23J3DAnmTextureSRTKeyData
803390D8:setAnmTextureSRT__19J3DAnmKeyLoader_v15FP19J3DAnmTextureSRTKeyPC23J3DAnmTextureSRTKeyData
80014E90:setAnmTransform__10J3DMtxCalcFP15J3DAnmTransform
80014E8C:setAnmTransform__10J3DMtxCalcFUcP15J3DAnmTransform
8000D8E4:setAnmTransform__114J3DMtxCalcAnimation<64J3DMtxCalcAnimationAdaptorDefault<27J3DMtxCalcCalcTransformMaya>,24J3DMtxCalcJ3DSysInitMaya>FP15J3DAnmTransform
80014FC0:setAnmTransform__17J3DMtxCalcAnmBaseFP15J3DAnmTransform
80309598:setAnmTransform__19J2DAnmKeyLoader_v15FP18J2DAnmTransformKeyPC22J3DAnmTransformKeyData
80339014:setAnmTransform__19J3DAnmKeyLoader_v15FP18J3DAnmTransformKeyPC22J3DAnmTransformKeyData
80309D88:setAnmTransform__20J2DAnmFullLoader_v15FP19J2DAnmTransformFullPC23J3DAnmTransformFullData
80338828:setAnmTransform__20J3DAnmFullLoader_v15FP19J3DAnmTransformFullPC23J3DAnmTransformFullData
8030A1B8:setAnmVisibility__20J2DAnmFullLoader_v15FP20J2DAnmVisibilityFullPC24J3DAnmVisibilityFullData
80338AA4:setAnmVisibility__20J3DAnmFullLoader_v15FP20J3DAnmVisibilityFullPC24J3DAnmVisibilityFullData
80309984:setAnmVtxColor__19J2DAnmKeyLoader_v15FP17J2DAnmVtxColorKeyPC21J3DAnmVtxColorKeyData
80339634:setAnmVtxColor__19J3DAnmKeyLoader_v15FP17J3DAnmVtxColorKeyPC21J3DAnmVtxColorKeyData
8030A25C:setAnmVtxColor__20J2DAnmFullLoader_v15FP18J2DAnmVtxColorFullPC22J3DAnmVtxColorFullData
80338BDC:setAnmVtxColor__20J3DAnmFullLoader_v15FP18J3DAnmVtxColorFullPC22J3DAnmVtxColorFullData
80072DD8:setAnm__10dAttDraw_cFUcf
80158F00:setAnm__10daNpcCd2_cFP18J3DAnmTransformKeyffiii
8032E364:setAnm__13J3DDeformDataFP13J3DAnmCluster
8001037C:setAnm__14mDoExt_McaMorfFP15J3DAnmTransformiffffPv
80011D70:setAnm__15mDoExt_McaMorf2FP15J3DAnmTransformP15J3DAnmTransformfiffff
80010E70:setAnm__16mDoExt_McaMorfSOFP15J3DAnmTransformiffff
80156E20:setAnm__9daNpcCd_cFP18J3DAnmTransformKeyffiii
8002490C:setArcBank__20dStage_roomControl_cFiPCc
8013FF28:setArcName__9daAlink_cFi
8025AF4C:setArchiveBank__Fi
801D7010:setAreaNameString__17dMenu_Fmap2DTop_cFUl
801CC8AC:setAreaNameZero__12dMenu_Fmap_cFv
801CC880:setAreaName__12dMenu_Fmap_cFUl
800A2710:setArmMatrix__9daAlink_cFv
800F40E4:setArmReelAnime__9daAlink_cFv
80315398:setArrayAndBindPipeline__8J3DShapeCFv
8031106C:setArray__15J3DVertexBufferCFv
801D7714:setArrowAlphaRatio__17dMenu_Fmap2DTop_cFUcf
801B30C8:setArrowMaxNum__17dMenu_Collect2D_cFUc
802384D8:setArrowNum__12dMsgObject_cFUc
801D59C0:setArrowPos3DOffset__18dMenu_Fmap2DBack_cFUcPCcfff
801D58F8:setArrowPos3D__18dMenu_Fmap2DBack_cFUcPCcff
80036FA8:setArrowPosAndAngle__9dJntCol_cFPC4cXyzPC4cXyziP4cXyzP5csXyz
801D5BB8:setArrowPosAxis__18dMenu_Fmap2DBack_cFff
800DC8C4:setArrowShieldActor__9daAlink_cFP10fopAc_ac_ci
800DCD74:setArrowShieldPos__9daAlink_cCFP4cXyzP5csXyzPC4cXyzPC4cXyz
80027534:setArrow__15dStage_roomDt_cFP17stage_arrow_class
80027E20:setArrow__16dStage_stageDt_cFP17stage_arrow_class
800AAABC:setAtCollision__9daAlink_cFv
800B2EA4:setAtnList__9daAlink_cFv
801E7004:setAttenString__14dMenu_Option_cFv
800A87F8:setAttentionPos__9daAlink_cFv
80158420:setAttention__10daNpcCd2_cFi
801563C8:setAttention__9daNpcCd_cFi
8014F4A4:setAttnPos__11daBaseNpc_cFv
8014E6A0:setAttnPos__18daBaseNpc_lookat_cFP4cXyz
80155BB8:setAttnPos__8daNpcF_cFv
8014CC10:setAttnPos__8daNpcT_cFv
802A03D8:setAudience__8JAISeMgrFP11JAIAudience
802BD2DC:setAudioCamera__10Z2AudienceFPA4_fR3VecR3Vecffbib
8029DEF0:setAutoMixer__Q26JASDsp8TChannelFUsUcUcUcUc
80159ECC:setAvoidPoint__11PathTrace_cFv
801F9310:setBButtonString__13dMenu_Skill_cFUs
801B8EBC:setBButtonString__14dMenu_DmapBg_cFUl
801DA3B4:setBButtonString__14dMenu_Insect_cFUs
801E15C8:setBButtonString__14dMenu_Letter_cFUs
801E7F9C:setBButtonString__14dMenu_Option_cFUs
801C5F68:setBButtonString__15dMenu_Fishing_cFUs
801B60B8:setBButtonString__17dMenu_Collect2D_cFUs
801D7210:setBButtonString__17dMenu_Fmap2DTop_cFUlUc
801AF7E8:setBButtonString__19dMenu_Calibration_cFUs
800B3298:setBStatus__9daAlink_cFUc
801B1EDC:setBackAlpha__17dMenu_Collect2D_cFv
8019BCB0:setBackAlpha__24dDlst_GameOverScrnDraw_cFf
80255DD0:setBackupAlpha__17CPaneMgrAlphaMorfFv
80033D40:setBaitItem__17dSv_player_item_cFUc
80019520:setBallModelEffect__13fopEn_enemy_cFP12dKy_tevstr_c
800BF204:setBasAnime__9daAlink_cFQ29daAlink_c13daAlink_UNDER
801D4AFC:setBaseBackAlpha__18dMenu_Fmap2DBack_cFUc
800EEC98:setBaseBoarAnime__9daAlink_cFv
800EEAE8:setBaseHorseAnimeFrame__9daAlink_cFv
8015B190:setBaseMtx_0__8daItem_cFv
8015B1C8:setBaseMtx_1__8daItem_cFv
8015B108:setBaseMtx__8daItem_cFv
802F76F8:setBasePosition__7J2DPaneF15J2DBasePosition
800EED98:setBaseRideAnime__9daAlink_cFv
800CFFF4:setBaseTRMtx__8J3DModelFPA4_f
800740BC:setBase__6dBgPlcFPv
802B4164:setBattleBgmOff__8Z2SeqMgrFb
802B43D0:setBattleDistIgnore__8Z2SeqMgrFb
802B4498:setBattleDistState__8Z2SeqMgrFUc
802B43E0:setBattleGhostMute__8Z2SeqMgrFb
802C0100:setBattleInit__13Z2SoundObjMgrFv
802B4AFC:setBattleLastHit__8Z2SeqMgrFUc
802B421C:setBattleSearched__8Z2SeqMgrFb
802B4844:setBattleSeqState__8Z2SeqMgrFUc
801958E0:setBckAnimation__16dSelect_cursor_cFP18J2DAnmTransformKey
8014EEE4:setBckAnm__11daBaseNpc_cFP15J3DAnmTransformfiiib
80152C80:setBckAnm__8daNpcF_cFP15J3DAnmTransformfiiib
801481C0:setBckAnm__8daNpcT_cFP15J3DAnmTransformfiiib
80125778:setBezierPos__FPC4cXyzPC4cXyzPC4cXyzPC4cXyzfP4cXyz
800B1770:setBgCheckParam__9daAlink_cFv
8026F85C:setBg__8cM3dGTriFPC3VecPC3VecPC3VecPC8cM3dGPla
8018BEE0:setBlackWhite__10J2DPictureFQ28JUtility6TColorQ28JUtility6TColor
8019230C:setBlackWhite__10J2DTextBoxFQ28JUtility6TColorQ28JUtility6TColor
80302874:setBlackWhite__11J2DWindowExFQ28JUtility6TColorQ28JUtility6TColor
80306480:setBlackWhite__12J2DPictureExFQ28JUtility6TColorQ28JUtility6TColor
8030834C:setBlackWhite__12J2DTextBoxExFQ28JUtility6TColorQ28JUtility6TColor
80254458:setBlackWhite__8CPaneMgrFQ28JUtility6TColorQ28JUtility6TColor
80254568:setBlackWhite__9J2DWindowFQ28JUtility6TColorQ28JUtility6TColor
80053C6C:setBlack__10J2DPictureFQ28JUtility6TColor
80254408:setBlack__10J2DTextBoxFQ28JUtility6TColor
80302764:setBlack__11J2DWindowExFQ28JUtility6TColor
80306370:setBlack__12J2DPictureExFQ28JUtility6TColor
8030823C:setBlack__12J2DTextBoxExFQ28JUtility6TColor
80254430:setBlack__9J2DWindowFQ28JUtility6TColor
802FEA9C:setBlendAlphaRatio__10J2DPictureFff
80305F34:setBlendAlphaRatio__12J2DPictureExFff
80228490:setBlendAnime__10COutFont_cFP10J2DPictures
800AF11C:setBlendAtnBackMoveAnime__9daAlink_cFf
800AEA70:setBlendAtnMoveAnime__9daAlink_cFf
802FEA74:setBlendColorRatio__10J2DPictureFff
80305ED4:setBlendColorRatio__12J2DPictureExFff
802FEB94:setBlendKonstAlpha__10J2DPictureFv
802FEAC4:setBlendKonstColor__10J2DPictureFv
800ADE14:setBlendMoveAnime__9daAlink_cFf
800202CC:setBlendRatio__10J2DPictureFff
801C4494:setBlendRatio__16dMenuMapCommon_cFUcff
8012933C:setBlendWolfAtnBackMoveAnime__9daAlink_cFf
80129114:setBlendWolfAtnMoveAnime__9daAlink_cFf
80128844:setBlendWolfMoveAnime__9daAlink_cFf
80317370:setBlend__10J3DPEBlockFPC8J3DBlend
8000E018:setBlend__10J3DPEBlockFRC8J3DBlend
803219F4:setBlend__14J3DPEBlockFullFPC8J3DBlend
803219E8:setBlend__14J3DPEBlockFullFRC8J3DBlend
80321B58:setBlend__16J3DPEBlockFogOffFPC8J3DBlend
80321B4C:setBlend__16J3DPEBlockFogOffFRC8J3DBlend
802DF344:setBlock__10JUTResFontFv
802DD8EC:setBlock__12JUTCacheFontFv
801066EC:setBoardLandAnime__9daAlink_cFv
800EF050:setBodyAngleRideReadyAnime__9daAlink_cFv
800CE8A0:setBodyAngleToCamera__9daAlink_cFv
800BB2B0:setBodyAngleXReadyAnime__9daAlink_cFi
800A8310:setBodyPartPos__9daAlink_cFv
80033910:setBombBagItemIn__17dSv_player_item_cFUcUcUcb
80033828:setBombBagItemIn__17dSv_player_item_cFUcUcb
800340B8:setBombNum__21dSv_player_item_max_cFUcUc
80033F6C:setBombNum__24dSv_player_item_record_cFUcUc
800E0630:setBoomerangCatchAnime__9daAlink_cFv
800E055C:setBoomerangReadyAnime__9daAlink_cFv
800E04E8:setBoomerangReadyQuake__9daAlink_cFv
800E0E64:setBoomerangSight__9daAlink_cFv
801236BC:setBootsLightEffect__9daAlink_cFv
800FC748:setBossBodyHangPos__9daAlink_cFv
80124BA4:setBottleEffect__9daAlink_cFv
80033370:setBottleItemIn__17dSv_player_item_cFUcUc
8010E5D8:setBottleModel__9daAlink_cFUs
80033F8C:setBottleNum__24dSv_player_item_record_cFUcUc
800DFC28:setBowHangAnime__9daAlink_cFv
800DFAE8:setBowModel__9daAlink_cFv
800DFC70:setBowNormalAnime__9daAlink_cFv
800DEB8C:setBowOrSlingStatus__9daAlink_cFv
800DEEDC:setBowReadyAnime__9daAlink_cFv
800DEFB8:setBowReloadAnime__9daAlink_cFv
800DFCD8:setBowSight__9daAlink_cFv
802407E8:setBpk0Animation__14dMsgScrnItem_cFP11J2DAnmColor
80240844:setBpk1Animation__14dMsgScrnItem_cFP11J2DAnmColor
80195460:setBpkAnimation__16dSelect_cursor_cFP11J2DAnmColor
801483B8:setBpkAnm__8daNpcT_cFP11J3DAnmColorP12J3DModelDatafi
80039EEC:setBranchId__7dDemo_cFUss
80039EDC:setBranchType__7dDemo_cFUs
80152D44:setBrkAnm__8daNpcF_cFP15J3DAnmTevRegKeyP12J3DModelDatafi
80148378:setBrkAnm__8daNpcT_cFP15J3DAnmTevRegKeyP12J3DModelDatafi
8024074C:setBtk0Animation__14dMsgScrnItem_cFP19J2DAnmTextureSRTKey
801955F0:setBtk0Animation__16dSelect_cursor_cFP19J2DAnmTextureSRTKey
80152D04:setBtkAnm__8daNpcF_cFP19J3DAnmTextureSRTKeyP12J3DModelDatafi
80148338:setBtkAnm__8daNpcT_cFP19J3DAnmTextureSRTKeyP12J3DModelDatafi
8014EF64:setBtpAnm__11daBaseNpc_cFP16J3DAnmTexPatternP12J3DModelDatafi
80152CC4:setBtpAnm__8daNpcF_cFP16J3DAnmTexPatternP12J3DModelDatafi
801482F8:setBtpAnm__8daNpcT_cFP16J3DAnmTexPatternP12J3DModelDatafi
802DC520:setBuffer__20JSUMemoryInputStreamFPCvl
802F4658:setBuffer__8J2DPrintFUl
8029E09C:setBusConnect__Q26JASDsp8TChannelFUcUc
802195A4:setButtonIconAAlpha__13dMeter2Draw_cFUcUlb
80219E98:setButtonIconAlpha__13dMeter2Draw_cFiUcUlb
80219788:setButtonIconBAlpha__13dMeter2Draw_cFUcUlb
80219A84:setButtonIconMidonaAlpha__13dMeter2Draw_cFUl
801EBAB8:setButtonScale__12dMenu_Ring_cFif
80237BFC:setButtonStatusLocal__12dMsgObject_cFv
801B8F94:setCButtonString__14dMenu_DmapBg_cFUl
8027642C:setCTev__11JPAResourceFP18JPAEmitterWorkData
801AF710:setCalibrationValue__19dMenu_Calibration_cFv
80196608:setCamDataIdx2__16ShopCam_action_cFP10fopAc_ac_cP10fopAc_ac_cP10fopAc_ac_cP10fopAc_ac_cP10fopAc_ac_cP10fopAc_ac_cP10fopAc_ac_cP4cXyzP4cXyz
80196544:setCamDataIdx__16ShopCam_action_cFP10fopAc_ac_cP10fopAc_ac_cP10fopAc_ac_cP10fopAc_ac_cP4cXyzP4cXyz
802B6784:setCameraGroupInfo__11Z2StatusMgrFUc
802B6788:setCameraInWaterDepth__11Z2StatusMgrFf
802B6760:setCameraPolygonPos__11Z2StatusMgrFP3Vec
802BC7DC:setCameraState__13Z2AudioCameraFPA4_CfR3Vecb
802BC8AC:setCameraState__13Z2AudioCameraFPA4_fR3VecR3Vecffbb
80027524:setCamera__15dStage_roomDt_cFP18stage_camera_class
80027E10:setCamera__16dStage_stageDt_cFP18stage_camera_class
80017360:setCardState__15mDoMemCd_Ctrl_cFl
800D0884:setCargoCarry__9daAlink_cFP10fopAc_ac_c
80141880:setCargoCarry__9daPy_py_cFP10fopAc_ac_c
800E4FA8:setCarryArmAngle__9daAlink_cFff
802A0268:setCategoryArrangement__8JAISeMgrFRC24JAISeCategoryArrangement
80291444:setChannelMgrCount__8JASTrackFUl
802929A0:setChannelPauseFlag__8JASTrackFb
802E4798:setCharColor__14JUTDirectPrintFQ28JUtility6TColor
802E47C8:setCharColor__14JUTDirectPrintFUcUcUc
802DED70:setCharColor__7JUTFontFQ28JUtility6TColor
80229768:setCharactor__19jmessage_tReferenceFUs
8022FA2C:setCharactor__26jmessage_string_tReferenceFUs
802B3FEC:setChildTrackVolume__8Z2SeqMgrFP14JAISoundHandleifUlff
800FE114:setClimbInit__9daAlink_cFv
800FE174:setClimbShapeOffset__9daAlink_cFv
800FF28C:setClimbStartNotGround__9daAlink_cFv
80140038:setClothesChange__9daAlink_cFi
8014172C:setClothesChange__9daPy_py_cFi
80074048:setCode__5dBgPcFR5sBgPc
800341E8:setCollect__20dSv_player_collect_cFiUc
800ABB84:setCollisionPos__9daAlink_cFv
8014CC0C:setCollision__8daNpcT_cFv
800ABDB8:setCollision__9daAlink_cFv
8014F4A0:setCollisions__11daBaseNpc_cFv
80155BB4:setCollisions__8daNpcF_cFv
8031744C:setColorChanNum__13J3DColorBlockFPCUc
8000E0E0:setColorChanNum__13J3DColorBlockFUc
80322F64:setColorChanNum__20J3DColorBlockLightOnFPCUc
80322F70:setColorChanNum__20J3DColorBlockLightOnFUc
803231C4:setColorChanNum__21J3DColorBlockLightOffFPCUc
803231D0:setColorChanNum__21J3DColorBlockLightOffFUc
80317478:setColorChanOffset__13J3DColorBlockFUl
80323010:setColorChanOffset__20J3DColorBlockLightOnFUl
80323250:setColorChanOffset__21J3DColorBlockLightOffFUl
80317450:setColorChan__13J3DColorBlockFUlPC12J3DColorChan
8000E0D8:setColorChan__13J3DColorBlockFUlRC12J3DColorChan
80322F80:setColorChan__20J3DColorBlockLightOnFUlPC12J3DColorChan
80322F94:setColorChan__20J3DColorBlockLightOnFUlRC12J3DColorChan
803231E0:setColorChan__21J3DColorBlockLightOffFUlPC12J3DColorChan
803231F4:setColorChan__21J3DColorBlockLightOffFUlRC12J3DColorChan
802E9118:setColor__14J2DGrafContextFQ28JUtility6TColorQ28JUtility6TColorQ28JUtility6TColorQ28JUtility6TColor
801EE644:setCombineBomb__12dMenu_Ring_cFi
800D20FC:setComboReserb__9daAlink_cFv
80106534:setCommonBoardAnime__9daAlink_cFi
8004D988:setCommonPoly__13dPa_control_cFPUlP13cBgS_PolyInfoPC4cXyzPC4cXyzPC12dKy_tevstr_cUlUlPC5csXyzPC4cXyzSc
802D18A4:setCommon_heapSpecified__9JKRThreadFP7JKRHeapUli
802D1830:setCommon_mesgQueue__9JKRThreadFP7JKRHeapi
80300870:setConnectParent__10J2DTextBoxFb
802F8464:setConnectParent__7J2DPaneFb
802FB12C:setContentsColor__9J2DWindowFQ28JUtility6TColorQ28JUtility6TColorQ28JUtility6TColorQ28JUtility6TColor
80141A94:setControllActorData__8daCrod_cFv
800E158C:setCopyRodControllAnime__9daAlink_cFv
800E15FC:setCopyRodControllUpperSpeedRate__9daAlink_cFv
800E1748:setCopyRodModel__9daAlink_cFv
800E1840:setCopyRodReadyAnime__9daAlink_cFv
800E1D6C:setCopyRodSight__9daAlink_cFv
802CB100:setCorrectData__13Z2WolfHowlMgrFScP14Z2WolfHowlData
8025FA6C:setCounterPos__21dDlst_TimerScrnDraw_cFff
8025F180:setCounter__21dDlst_TimerScrnDraw_cFUcUc
800F8F84:setCrawlAutoMoveAimPos__9daAlink_cFv
800F8DBC:setCrawlMoveAngle__9daAlink_cFv
800F7CE8:setCrawlMoveDirectionArrow__9daAlink_cFv
800F8D04:setCrawlMoveHoll__9daAlink_cFv
801D7398:setCrossLRString__17dMenu_Fmap2DTop_cFUl
80302D98:setCullBack__11J2DWindowExF11_GXCullMode
803035C0:setCullBack__11J2DWindowExFb
803069D8:setCullBack__12J2DPictureExF11_GXCullMode
80307168:setCullBack__12J2DPictureExFb
803087DC:setCullBack__12J2DTextBoxExF11_GXCullMode
803089EC:setCullBack__12J2DTextBoxExFb
802F7680:setCullBack__7J2DPaneF11_GXCullMode
802F8428:setCullBack__7J2DPaneFb
8015B7BC:setCullInfo__8daItem_cFv
80317460:setCullMode__13J3DColorBlockFPCUc
8031745C:setCullMode__13J3DColorBlockFUc
80322FE4:setCullMode__20J3DColorBlockLightOnFPCUc
80322FDC:setCullMode__20J3DColorBlockLightOnFUc
80323224:setCullMode__21J3DColorBlockLightOffFPCUc
8032321C:setCullMode__21J3DColorBlockLightOffFUc
8029A0D0:setCurrentDir__16JASWaveArcLoaderFPCc
80316AB0:setCurrentMtx__11J3DMaterialFv
80195724:setCursorAnimation__16dSelect_cursor_cFv
801F8E9C:setCursorPos__13dMenu_Skill_cFv
801DA1EC:setCursorPos__14dMenu_Insect_cFv
801E0B24:setCursorPos__14dMenu_Letter_cFv
801E7314:setCursorPos__14dMenu_Option_cFUc
800D1E1C:setCutDash__9daAlink_cFii
800D2C78:setCutJumpSpeed__9daAlink_cFi
80123434:setCutLargeJumpLandEffect__9daAlink_cFv
80122F78:setCutTurnEffect__9daAlink_cFv
800D152C:setCutType__9daAlink_cFUc
80124144:setCutWaterDropEffect__9daAlink_cFv
800D1540:setCylAtParam__9daAlink_cFUl11dCcG_At_SplUcUciff
801E1038:setDMYPageText__14dMenu_Letter_cFv
80027D14:setDMap__15dStage_roomDt_cFP13dStage_DMap_c
80028208:setDMap__16dStage_stageDt_cFP13dStage_DMap_c
8029E130:setDSPLevel__9JASDriverFf
8029DA04:setDSPMixerLevel__6JASDspFf
800D7478:setDamagePointNormal__9daAlink_cFi
800D72BC:setDamagePoint__9daAlink_cFiiii
80153658:setDamage__8daNpcF_cFiii
8014AAD0:setDamage__8daNpcT_cFiii
800D76C4:setDashDamage__9daAlink_cFv
8015ECB8:setData__16daPy_actorKeep_cFP10fopAc_ac_c
8019F4FC:setDaytime__18dScnKy_env_light_cFv
80118BF4:setDeadRideSyncPos__9daAlink_cFv
8006FE84:setDefault__12dVibration_cFv
80327A2C:setDeformData__8J3DModelFP13J3DDeformDataUl
801189F8:setDemoBodyBck__9daAlink_cFP13dDemo_actor_cUs
80119134:setDemoBrk__9daAlink_cFPP15J3DAnmTevRegKeyP8J3DModelUs
801171F4:setDemoData__9daAlink_cFv
801188B0:setDemoLeftHandIndex__9daAlink_cFUs
80237D88:setDemoMessageLocal__12dMsgObject_cFUl
80237AB0:setDemoMessage__12dMsgObject_cFUl
80116E9C:setDemoMoveData__9daAlink_cFPUlPC4cXyz
802B61E8:setDemoName__11Z2StatusMgrFPc
8011894C:setDemoRide__9daAlink_cFUs
80118840:setDemoRightHandIndex__9daAlink_cFUs
802E84C4:setDirectConsole__17JUTConsoleManagerFP10JUTConsole
8020D874:setDispPosInsideFlg_SE_On__11dMeterMap_cFv
8020D8BC:setDispPosOutsideFlg_SE_On__11dMeterMap_cFv
8029E094:setDistFilter__Q26JASDsp8TChannelFs
80317380:setDither__10J3DPEBlockFPCUc
8031737C:setDither__10J3DPEBlockFUc
80321A4C:setDither__14J3DPEBlockFullFPCUc
80321A44:setDither__14J3DPEBlockFullFUc
80321BB0:setDither__16J3DPEBlockFogOffFPCUc
80321BA8:setDither__16J3DPEBlockFogOffFUc
800D6DF0:setDkCaught__9daAlink_cFP10fopAc_ac_c
801417D0:setDkCaught__9daPy_py_cFP10fopAc_ac_c
800B3280:setDoStatusContinuation__9daAlink_cFUc
800B3268:setDoStatusEmphasys__9daAlink_cFUc
801EEAE4:setDoStatus__12dMenu_Ring_cFUc
800B3250:setDoStatus__9daAlink_cFUc
80027D30:setDoor__15dStage_roomDt_cFP16stage_tgsc_class
80028228:setDoor__16dStage_stageDt_cFP16stage_tgsc_class
800AC738:setDoubleAnimeBlendRatio__9daAlink_cFf
8012948C:setDoubleAnimeWolf__9daAlink_cFfffQ29daAlink_c12daAlink_WANMQ29daAlink_c12daAlink_WANMif
800ACA14:setDoubleAnime__9daAlink_cFfffQ29daAlink_c11daAlink_ANMQ29daAlink_c11daAlink_ANMif
80027D20:setDrTg__15dStage_roomDt_cFP16stage_tgsc_class
80028218:setDrTg__16dStage_stageDt_cFP16stage_tgsc_class
800FC5A4:setDragonHangPos__9daAlink_cFv
800CAFC8:setDrawHand__9daAlink_cFv
80051008:setEffectCenter__7dPaPo_cFPC12dKy_tevstr_cPC4cXyzUlUlPC4cXyzPC5csXyzPC4cXyzScff
800512E8:setEffectFour__8dPaPoF_cFPC12dKy_tevstr_cPC4cXyzUlUlPC4cXyzPC4cXyzPC4cXyzPC4cXyzPC4cXyzPC5csXyzPC4cXyzScff
801207BC:setEffectFrontRollParam__9daAlink_cFv
80121000:setEffectLandParam__9daAlink_cFv
80325794:setEffectMtx__13J3DTexMtxInfoFPA4_f
80120B00:setEffectRunParam__9daAlink_cFv
80120880:setEffectSlipParam__9daAlink_cFv
80120DB0:setEffectSmallLandParam__9daAlink_cFv
80121004:setEffectSumouParam__9daAlink_cFv
8005115C:setEffectTwo__8dPaPoT_cFPC12dKy_tevstr_cPC4cXyzUlUlPC4cXyzPC4cXyzPC4cXyzPC5csXyzPC4cXyzScff
80050E7C:setEffect__7dPaPo_cFPUliPC12dKy_tevstr_cPC4cXyzUlUlPC4cXyzPC5csXyzScPUcPUc
80121388:setEffect__9daAlink_cFv
80122BBC:setElecDamageEffect__9daAlink_cFv
80027DA4:setElst__15dStage_roomDt_cFP13dStage_Elst_c
80028244:setElst__16dStage_stageDt_cFP13dStage_Elst_c
801206C4:setEmitterColor__9daAlink_cFPUlUsPC4cXyzPC5csXyz
80120634:setEmitterPolyColor__9daAlink_cFPUlUsR13cBgS_PolyInfoPC4cXyzPC5csXyz
80120580:setEmitter__9daAlink_cFPUlUsPC4cXyzPC5csXyz
80033A50:setEmptyBombBagItemIn__17dSv_player_item_cFUcUcb
80033A20:setEmptyBombBagItemIn__17dSv_player_item_cFUcb
80033B08:setEmptyBombBag__17dSv_player_item_cFUcUc
80033A88:setEmptyBombBag__17dSv_player_item_cFv
80033450:setEmptyBottleItemIn__17dSv_player_item_cFUc
80033514:setEmptyBottle__17dSv_player_item_cFUc
80033494:setEmptyBottle__17dSv_player_item_cFv
802E19D8:setEnabled__Q210JUTGamePad7CRumbleFUl
802A90B8:setEncoding__Q28JMessage18TResourceContainerFUc
802A90F0:setEncoding___Q28JMessage18TResourceContainerFUc
8010871C:setEnemyBombHookshot__9daAlink_cFP10fopAc_ac_c
802C1B90:setEnemyName__15Z2CreatureEnemyFPCc
8029A6AC:setEntryNum__10JASWaveArcFl
80158D88:setEnvTevCol__10daNpcCd2_cFv
80156D1C:setEnvTevCol__9daNpcCd_cFv
8014F0A0:setEnvTevColor__11daBaseNpc_cFv
80152D84:setEnvTevColor__8daNpcF_cFv
80148C70:setEnvTevColor__8daNpcT_cFv
800276AC:setEnvrInfo__15dStage_roomDt_cFP21stage_envr_info_class
80027E88:setEnvrInfo__16dStage_stageDt_cFP21stage_envr_info_class
8002786C:setEnvrNumInfo__15dStage_roomDt_cFi
80027EE8:setEnvrNumInfo__16dStage_stageDt_cFi
8023773C:setEquipBombInfoLocal__12dMsgObject_cFv
8023860C:setEquipBombInfo__12dMsgObject_cFv
800336BC:setEquipBottleItemEmpty__17dSv_player_item_cFUc
80033598:setEquipBottleItemIn__17dSv_player_item_cFUcUc
801B3FDC:setEquipItemFrameColorClothes__17dMenu_Collect2D_cFi
801B3CF4:setEquipItemFrameColorShield__17dMenu_Collect2D_cFi
801B39D0:setEquipItemFrameColorSword__17dMenu_Collect2D_cFi
802CEB78:setErrorFlag__7JKRHeapFb
802CEB88:setErrorHandler__7JKRHeapFPFPvUli_v
802B6758:setEventBit__11Z2StatusMgrFPv
80043428:setEventName__11dEvt_info_cFPc
801806DC:setEventRecoveryTrans__9dCamera_cFs
800349E0:setEventReg__11dSv_event_cFUsUc
800488A4:setEvent__17dEvLib_callback_cFiii
802D693C:setExpandSize__10JKRArchiveFPQ210JKRArchive12SDIFileEntryUl
801AF948:setExplainString__19dMenu_Calibration_cFUs
80155BE0:setExpressionAnm__8daNpcF_cFib
80155EC8:setExpressionBtp__8daNpcF_cFi
80155BF0:setExpression__8daNpcF_cFif
800A1AEC:setEyeMove__9daAlink_cFP4cXyzss
8029E06C:setFIR8FilterParam__Q26JASDsp8TChannelFPs
8029285C:setFIR__8JASTrackFPCs
802E227C:setFPException__12JUTExceptionFUl
8029DB78:setFXLine__6JASDspFUcPsPQ26JASDsp13FxlineConfig_
800AF9A8:setFaceBasicAnime__9daAlink_cFQ29daAlink_c11daAlink_ANM
800AF8A0:setFaceBasicTexture__9daAlink_cFQ29daAlink_c13daAlink_FTANM
800AF4B0:setFaceBck__9daAlink_cFUsiUs
800AF7D0:setFaceBtk__9daAlink_cFUsiUs
800AF61C:setFaceBtp__9daAlink_cFUsiUs
8014A388:setFaceMotionAnm__8daNpcT_cFib
800AFB14:setFacePriAnime__9daAlink_cFQ29daAlink_c11daAlink_ANM
800AFAA8:setFacePriTexture__9daAlink_cFQ29daAlink_c13daAlink_FTANM
80285228:setFactory__Q27JStudio8TControlFPQ27JStudio8TFactory
802B6A18:setFadeInStart__10Z2SceneMgrFUc
802B697C:setFadeOutStart__10Z2SceneMgrFUc
800B5BC0:setFallVoice__9daAlink_cFv
800B7168:setFastShotTimer__9daAlink_cFv
8034CA18:setFbbRegs
802B9968:setFieldBgmPlay__8Z2SeqMgrFb
80027B0C:setFileList2Info__15dStage_roomDt_cFP21dStage_FileList2_dt_c
80028078:setFileList2Info__16dStage_stageDt_cFP21dStage_FileList2_dt_c
80027B1C:setFileListInfo__15dStage_roomDt_cFP20dStage_FileList_dt_c
800280E0:setFileListInfo__16dStage_stageDt_cFP20dStage_FileList_dt_c
8029A70C:setFileName__10JASWaveArcFPCc
8029E00C:setFilterMode__Q26JASDsp8TChannelFUs
802AA33C:setFilterOff__10Z2SoundMgrFP8JAISound
8029DA48:setFilterTable__6JASDspFPsPsUl
80125128:setFirePointDamageEffect__9daAlink_cFv
802DBF28:setFirst__10JSUPtrListFP10JSUPtrLink
800F4490:setFishGetFace__9daAlink_cFv
801C605C:setFishParam__15dMenu_Fishing_cFiUsUc
800F4140:setFishingWaitAction__9daAlink_cFv
80097778:setFlag__9dCamera_cFUl
80288B78:setFlag_operation__Q37JStudio3stb7TObjectFUci
801CF1E0:setFlashOn__15dMenu_FmapMap_cFiiPUci
801CB6E0:setFlash__12dMenu_Fmap_cFUcb
8021C11C:setFloatingFlow__13dMeter2Info_cFUssb
8021C0E0:setFloatingMessage__13dMeter2Info_cFUssb
80027B24:setFloorInfo__15dStage_roomDt_cFP18dStage_FloorInfo_c
80028148:setFloorInfo__16dStage_stageDt_cFP18dStage_FloorInfo_c
801B944C:setFloorMessage__14dMenu_DmapBg_cFv
800E7AEC:setFmChainPosFromOut__9daAlink_cFP10fopAc_ac_cP4cXyzi
8015F478:setFmChainPos__9daPy_py_cFP10fopAc_ac_cP4cXyzi
801CEAAC:setFmapPaletteColor__15dMenu_FmapMap_cFQ215renderingFmap_c9palette_eRC8_GXColor
801CEA38:setFmapPaletteColor__15dMenu_FmapMap_cFQ215renderingFmap_c9palette_eUcUcUcUc
80317394:setFogOffset__10J3DPEBlockFUl
80321A68:setFogOffset__14J3DPEBlockFullFUl
802C93A0:setFogWipeWidth__10Z2EnvSeMgrFf
80317368:setFog__10J3DPEBlockF6J3DFog
80317364:setFog__10J3DPEBlockFP6J3DFog
8032197C:setFog__14J3DPEBlockFullF6J3DFog
80321958:setFog__14J3DPEBlockFullFP6J3DFog
80192240:setFontColor__15dFile_warning_cFQ28JUtility6TColorQ28JUtility6TColor
802F2A48:setFontNo__11J2DTevBlockFUs
802F27D4:setFontNo__12J2DTevBlock1FUs
802F2530:setFontNo__12J2DTevBlock2FUs
802F228C:setFontNo__12J2DTevBlock4FUs
802F1FEC:setFontNo__12J2DTevBlock8FUs
802F1D4C:setFontNo__13J2DTevBlock16FUs
802F46C4:setFontSize__8J2DPrintFv
802F2ACC:setFontUndeleteFlag__11J2DTevBlockFv
802F2A30:setFontUndeleteFlag__12J2DTevBlock1Fv
802F2790:setFontUndeleteFlag__12J2DTevBlock2Fv
802F24EC:setFontUndeleteFlag__12J2DTevBlock4Fv
802F224C:setFontUndeleteFlag__12J2DTevBlock8Fv
802F1FAC:setFontUndeleteFlag__13J2DTevBlock16Fv
80300278:setFont__10J2DTextBoxFP7JUTFont
802F2A9C:setFont__11J2DTevBlockFP7JUTFont
802F2AA4:setFont__11J2DTevBlockFP7ResFONT
802EC1D8:setFont__12J2DTevBlock1FP7JUTFont
802EC124:setFont__12J2DTevBlock1FP7ResFONT
802ED3A4:setFont__12J2DTevBlock2FP7JUTFont
802ED2F0:setFont__12J2DTevBlock2FP7ResFONT
802EE84C:setFont__12J2DTevBlock4FP7JUTFont
802EE798:setFont__12J2DTevBlock4FP7ResFONT
802EFCEC:setFont__12J2DTevBlock8FP7JUTFont
802EFC40:setFont__12J2DTevBlock8FP7ResFONT
80307D5C:setFont__12J2DTextBoxExFP7JUTFont
802F116C:setFont__13J2DTevBlock16FP7JUTFont
802F10C0:setFont__13J2DTevBlock16FP7ResFONT
801211C0:setFootEffectProcType__9daAlink_cFi
80121304:setFootMark__9daAlink_cFP4cXyzUsi
800A29DC:setFootMatrix__9daAlink_cFv
80149BB4:setFootPos__8daNpcT_cFv
80149D7C:setFootPrtcl__8daNpcT_cFP4cXyzff
800BBD40:setFootSpeed__9daAlink_cFv
802BF980:setForceBattleArea__13Z2SoundObjMgrFbUsUsUs
800E3A9C:setForceGrab__9daAlink_cFP10fopAc_ac_cii
801416C0:setForceGrab__9daPy_py_cFP10fopAc_ac_cii
800D038C:setForcePutPos__9daAlink_cFRC4cXyz
801416C8:setForcePutPos__9daPy_py_cFRC4cXyz
8015E544:setFrameCtrl__16daPy_frameCtrl_cFUcssff
800AC394:setFrameCtrl__9daAlink_cFP16daPy_frameCtrl_cUcssff
802CFE68:setFreeBlock__10JKRExpHeapFPQ210JKRExpHeap9CMemBlockPQ210JKRExpHeap9CMemBlockPQ210JKRExpHeap9CMemBlock
80125338:setFreezeEffect__9daAlink_cFv
800C1CEC:setFrontRollCrashShock__9daAlink_cFUc
800B02BC:setFrontWallType__9daAlink_cFv
802BAE1C:setFxForceOff__11Z2FxLineMgrFb
802F1840:setGX__10J2DPEBlockFv
802DF584:setGX__10JUTResFontFQ28JUtility6TColorQ28JUtility6TColor
802DF48C:setGX__10JUTResFontFv
802EB1CC:setGX__11J2DIndBlockFv
802EA38C:setGX__11J2DMaterialFv
802EB1D0:setGX__11J2DTevBlockFv
802EC328:setGX__12J2DTevBlock1Fv
802ED584:setGX__12J2DTevBlock2Fv
802EEA2C:setGX__12J2DTevBlock4Fv
802EFEAC:setGX__12J2DTevBlock8Fv
8027A7E8:setGX__12JPABaseShapeCFP18JPAEmitterWorkData
802EB424:setGX__13J2DColorBlockFv
802F132C:setGX__13J2DTevBlock16Fv
802EB570:setGX__14J2DTexGenBlockFv
802F1730:setGX__15J2DIndBlockFullFv
802EB1E0:setGX__15J2DIndBlockNullFv
80014D9C:setGX__7JUTFontFQ28JUtility6TColorQ28JUtility6TColor
801181A0:setGetItemFace__9daAlink_cFUs
8011A688:setGetSubBgm__9daAlink_cFi
802BFFEC:setGhostEnemyState__13Z2SoundObjMgrFUc
800483C4:setGoal__16dEvent_manager_cFP4cXyz
800E9210:setGoatStopGameFail__9daAlink_cFP10fopAc_ac_c
801BA700:setGoldAnimation__14dMenu_DmapBg_cFb
801BA7F0:setGoldFrameAlphaRate__14dMenu_DmapBg_cFf
800D08B0:setGoronSideMove__9daAlink_cFP10fopAc_ac_c
8014187C:setGoronSideMove__9daPy_py_cFP10fopAc_ac_c
800E3994:setGrabCollisionOffset__9daAlink_cFffP13cBgS_PolyInfo
801416EC:setGrabCollisionOffset__9daPy_py_cFffP13cBgS_PolyInfo
800E5BB4:setGrabItemActor__9daAlink_cFP10fopAc_ac_c
800E3F50:setGrabItemPos__9daAlink_cFv
800E53F8:setGrabItemThrow__9daAlink_cFv
800E3DBC:setGrabUpperAnime__9daAlink_cFf
800E4DEC:setGrabUpperSpeedRate__9daAlink_cFv
802DEDC4:setGradColor__7JUTFontFQ28JUtility6TColorQ28JUtility6TColor
80111784:setGrassWhistleModel__9daAlink_cFi
800F7708:setGroundFishingRodActor__9daAlink_cFv
80298664:setGroupCount__16JASBasicWaveBankFUlP7JKRHeap
80043724:setGtItm__14dEvt_control_cFUc
800DD114:setGuardSe__9daAlink_cFP12dCcD_GObjInf
801F9500:setHIO__13dMenu_Skill_cFb
801DA464:setHIO__14dMenu_Insect_cFb
801E1748:setHIO__14dMenu_Letter_cFb
801E78B8:setHIO__14dMenu_Option_cFb
801C6210:setHIO__15dMenu_Fishing_cFb
801B42D8:setHIO__17dMenu_Collect2D_cFb
801D7BCC:setHIO__17dMenu_Fmap2DTop_cFb
801AFA00:setHIO__19dMenu_Calibration_cFb
8025DBE0:setHIO__21dDlst_TimerScrnDraw_cFv
800A002C:setHairAngle__9daAlink_cFP4cXyzff
800AA2BC:setHandIndex__9daAlink_cFQ29daAlink_c11daAlink_ANM
800FA6E4:setHangGroundY__9daAlink_cFv
800B154C:setHangWaterY__9daAlink_cFv
8009F034:setHatAngle__9daAlink_cFv
80192AA0:setHeartCnt__12dFile_info_cFP10dSv_save_c
801B3640:setHeartPiece__17dMenu_Collect2D_cFv
800E2580:setHeavyBoots__9daAlink_cFi
802B3318:setHeightVolMod__8Z2SeqMgrFbUl
80118FF8:setHighModelBck__9daAlink_cFP13mDoExt_bckAnmUs
801190A4:setHighModelFaceBtk__9daAlink_cFUs
8004C218:setHitMark__13dPa_control_cFUsP10fopAc_ac_cPC4cXyzPC5csXyzPC4cXyzUl
80159550:setHitodamaParticle__10daNpcCd2_cFv
8015736C:setHitodamaParticle__9daNpcCd_cFv
80154BD8:setHitodamaPrtcl__8daNpcF_cFv
8014C030:setHitodamaPrtcl__8daNpcT_cFv
80108A90:setHookshotCarryOffset__9daAlink_cFUiPC4cXyz
80141704:setHookshotCarryOffset__9daPy_py_cFUiPC4cXyz
80108A3C:setHookshotCatchNow__9daAlink_cFv
80109890:setHookshotHangMoveBGCollect__9daAlink_cFv
80108B34:setHookshotModel__9daAlink_cFv
80109BDC:setHookshotPos__9daAlink_cFv
801091E4:setHookshotReadyAnime__9daAlink_cFv
80109070:setHookshotReadyMaterial__9daAlink_cFv
801097A0:setHookshotReturnEnd__9daAlink_cFv
8010B2DC:setHookshotRoofWaitAnime__9daAlink_cFv
80108DB4:setHookshotSight__9daAlink_cFv
80109AAC:setHookshotTopPosFly__9daAlink_cFv
8010B35C:setHookshotWallWaitAnime__9daAlink_cFv
801233A4:setHorseCutTurnEffect__9daAlink_cFv
800EF884:setHorseGetOff__9daAlink_cFi
800ED310:setHorseStirrup__9daAlink_cFv
800ECF9C:setHorseSwordUpAnime__9daAlink_cFv
800EEE5C:setHorseSwordUp__9daAlink_cFi
800EDA78:setHorseTurnAnime__9daAlink_cFv
800ECFF4:setHorseTurnUpperAnime__9daAlink_cFi
8011181C:setHorseWhistleModel__9daAlink_cFv
800EC7B0:setHorseZeldaDamage__9daAlink_cFv
8021DCC4:setHotSpringTimer__13dMeter2Info_cFUc
802C8258:setHyrulSewerOpen__10Z2EnvSeMgrFb
8029E044:setIIRFilterParam__Q26JASDsp8TChannelFPs
802AA270:setIIR__10Z2SoundMgrFP8JAISoundPCs
8029289C:setIIR__8JASTrackFPCs
800A7050:setIceSlipSpeed__9daAlink_cFv
801D241C:setIcon2DPos__18dMenu_Fmap2DBack_cFUcPCcfffUcb
801D2454:setIcon2DPos__18dMenu_Fmap2DBack_cFUcUcPCcfffUcb
801D2100:setIcon2DPos__18dMenu_Fmap2DBack_cFUcfffUcb
801C43A8:setIconInfo__16dMenuMapCommon_cFUcfffffUc
800A3CE4:setIdxMask__9daAlink_cFPUsPUs
8014DB0C:setIdx__16daBaseNpc_path_cFUs
8025FA98:setImagePos__21dDlst_TimerScrnDraw_cFff
802B68B0:setInDarkness__10Z2SceneMgrFb
802F2A68:setIndTevStage__11J2DTevBlockFUl14J2DIndTevStage
8000E0A4:setIndTevStage__11J3DTevBlockFUl14J3DIndTevStage
80323554:setIndTevStage__11J3DTevBlockFUlPC14J3DIndTevStage
802F2980:setIndTevStage__12J2DTevBlock1FUl14J2DIndTevStage
802F26E0:setIndTevStage__12J2DTevBlock2FUl14J2DIndTevStage
802F243C:setIndTevStage__12J2DTevBlock4FUl14J2DIndTevStage
802F219C:setIndTevStage__12J2DTevBlock8FUl14J2DIndTevStage
803228B0:setIndTevStage__12J3DTevBlock1FUl14J3DIndTevStage
803228C4:setIndTevStage__12J3DTevBlock1FUlPC14J3DIndTevStage
803226C0:setIndTevStage__12J3DTevBlock2FUl14J3DIndTevStage
803226D4:setIndTevStage__12J3DTevBlock2FUlPC14J3DIndTevStage
803222FC:setIndTevStage__12J3DTevBlock4FUl14J3DIndTevStage
80322310:setIndTevStage__12J3DTevBlock4FUlPC14J3DIndTevStage
802F1EFC:setIndTevStage__13J2DTevBlock16FUl14J2DIndTevStage
80321F30:setIndTevStage__13J3DTevBlock16FUl14J3DIndTevStage
80321F44:setIndTevStage__13J3DTevBlock16FUlPC14J3DIndTevStage
80322ABC:setIndTevStage__18J3DTevBlockPatchedFUl14J3DIndTevStage
80322AD0:setIndTevStage__18J3DTevBlockPatchedFUlPC14J3DIndTevStage
802EB25C:setIndTexCoordScale__11J2DIndBlockFUl19J2DIndTexCoordScale
8000E020:setIndTexCoordScale__11J3DIndBlockFUl19J3DIndTexCoordScale
80317418:setIndTexCoordScale__11J3DIndBlockFUlPC19J3DIndTexCoordScale
802F1C4C:setIndTexCoordScale__15J2DIndBlockFullFUl19J2DIndTexCoordScale
80323464:setIndTexCoordScale__15J3DIndBlockFullFUl19J3DIndTexCoordScale
80323478:setIndTexCoordScale__15J3DIndBlockFullFUlPC19J3DIndTexCoordScale
802EB258:setIndTexMtx__11J2DIndBlockFUl12J2DIndTexMtx
8000E060:setIndTexMtx__11J3DIndBlockFUl12J3DIndTexMtx
80317414:setIndTexMtx__11J3DIndBlockFUlPC12J3DIndTexMtx
802F1BE0:setIndTexMtx__15J2DIndBlockFullFUl12J2DIndTexMtx
803233E8:setIndTexMtx__15J3DIndBlockFullFUl12J3DIndTexMtx
8032341C:setIndTexMtx__15J3DIndBlockFullFUlPC12J3DIndTexMtx
802EB254:setIndTexOrder__11J2DIndBlockFUl14J2DIndTexOrder
80317410:setIndTexOrder__11J3DIndBlockFUl14J3DIndTexOrder
8031740C:setIndTexOrder__11J3DIndBlockFUlPC14J3DIndTexOrder
802F1BB0:setIndTexOrder__15J2DIndBlockFullFUl14J2DIndTexOrder
803233AC:setIndTexOrder__15J3DIndBlockFullFUl14J3DIndTexOrder
803233C0:setIndTexOrder__15J3DIndBlockFullFUlPC14J3DIndTexOrder
802EB250:setIndTexStageNum__11J2DIndBlockFUc
8000E0A0:setIndTexStageNum__11J3DIndBlockFUc
802F1BA0:setIndTexStageNum__15J2DIndBlockFullFUc
8032339C:setIndTexStageNum__15J3DIndBlockFullFUc
8003A490:setIndirectTex__FP12J3DModelData
802F77D0:setInfluencedAlpha__7J2DPaneFbb
80035C88:setInitEventBit__Fv
801F6954:setInitSaveData__12dMenu_save_cFv
80190254:setInitSaveData__14dFile_select_cFv
8024A618:setInitValueGroupChange__10dMsgFlow_cFiPP10fopAc_ac_c
8024A580:setInitValue__10dMsgFlow_cFi
802384B0:setInsectItemNo__12dMsgObject_cFUc
80297E68:setInst__12JASBasicBankFiP7JASInst
80293AE0:setIntrMask__10JASSeqCtrlFUl
801151E0:setIronBallBaseAnime__9daAlink_cFv
80112768:setIronBallBgCheckPos__9daAlink_cFv
80112E7C:setIronBallChainPos__9daAlink_cFv
80112C84:setIronBallGroundVec__9daAlink_cFPC4cXyzP4cXyz
801127F0:setIronBallModel__9daAlink_cFv
80113D58:setIronBallPos__9daAlink_cFv
8011510C:setIronBallReadyAnime__9daAlink_cFv
801126F8:setIronBallReturn__9daAlink_cFi
80112568:setIronBallWaitUpperAnime__9daAlink_cFi
800B26DC:setItemActionButtonStatus__9daAlink_cFUc
800BA914:setItemAction__9daAlink_cFv
800BF9F0:setItemActor__9daAlink_cFv
8002B36C:setItemBombNumCount__14dComIfG_play_cFUcs
8021D36C:setItemColor__13dMeter2Info_cFUcP10J2DPictureP10J2DPictureP10J2DPictureP10J2DPicture
800A3C8C:setItemHeap__9daAlink_cFv
800A9450:setItemMatrix__9daAlink_cFi
800BF8D0:setItemModel__9daAlink_cFv
801B6344:setItemNameStringNull__17dMenu_Collect2D_cFv
801B61BC:setItemNameString__17dMenu_Collect2D_cFUcUc
8021AB84:setItemNum__13dMeter2Draw_cFUcUcUc
8021B810:setItemParamB__13dMeter2Draw_cFUc
8021B104:setItemParamX__13dMeter2Draw_cFUc
8021B364:setItemParamY__13dMeter2Draw_cFUc
8021B5B0:setItemParamZ__13dMeter2Draw_cFUc
801EBA38:setItemScale__12dMenu_Ring_cFif
801EBB10:setItem__12dMenu_Ring_cFv
80032FB8:setItem__17dSv_player_item_cFiUc
8019065C:setJ3D__16dFile_select3D_cFPCcPCcPCc
801B6A30:setJ3D__17dMenu_Collect3D_cFPCcPCcPCc
801B90BC:setJButtonString__14dMenu_DmapBg_cFUl
8028ACFC:setJSG_ID___Q214JStudio_JStage14TAdaptor_actorFMQ26JStage6TActorFPCvPvUl_vQ37JStudio4data15TEOperationDataPCvUl
8028AD38:setJSG_SRT___Q214JStudio_JStage14TAdaptor_actorFPCQ27JStudio8TControl
8028BDBC:setJSG_position___Q214JStudio_JStage15TAdaptor_cameraFPCQ27JStudio8TControl
8028BFBC:setJSG_targetPosition___Q214JStudio_JStage15TAdaptor_cameraFPCQ27JStudio8TControl
8014E67C:setJntPos__18daBaseNpc_lookat_cF4cXyzi
801EBE58:setJumpItem__12dMenu_Ring_cFb
800B48D0:setJumpMode__9daAlink_cFv
80110E84:setKandelaarModel__9daAlink_cFv
801106E8:setKandelaarMtx__9daAlink_cFPA4_fii
801417F4:setKandelaarMtx__9daPy_py_cFPA4_fii
801EB080:setKanteraPos__12dMenu_Ring_cFff
802C3778:setKanteraState__14Z2CreatureLinkFUc
8029819C:setKeyRegionCount__12JASBasicInstFUlP7JKRHeap
8029ACD4:setKeySweepTarget__10JASChannelFlUl
802379D8:setKillMessageFlagLocal__12dMsgObject_cFv
802379AC:setKillMessageFlag__12dMsgObject_cFv
800FCF84:setLadderInit__9daAlink_cFv
800FD048:setLadderPosInit__9daAlink_cFv
800FD1F0:setLadderPos__9daAlink_cFi
800D74A4:setLandDamagePoint__9daAlink_cFi
800B5C34:setLandPassiveData__9daAlink_cFv
800BDE20:setLastSceneDamage__9daAlink_cFiPUl
800BDE48:setLastSceneMode__9daAlink_cFPUl
80291DBC:setLatestKey__8JASTrackFUc
80027CF4:setLbnk__15dStage_roomDt_cFP13dStage_Lbnk_c
80028190:setLbnk__16dStage_stageDt_cFP13dStage_Lbnk_c
800A2CE0:setLegAngle__9daAlink_cFfP18daAlink_footData_cPsPsi
802384C4:setLetterNameID__12dMsgObject_cFUs
802ADE5C:setLevObjSE__7Z2SeMgrFUlP3VecSc
8021F780:setLifeZero__9dMeter2_cFv
80034320:setLightDropNum__16dSv_light_drop_cFUcUc
801A4DA0:setLightTevColorType_MAJI__18dScnKy_env_light_cFP12J3DModelDataP12dKy_tevstr_c
801A4420:setLightTevColorType_MAJI_sub__FP11J3DMaterialP12dKy_tevstr_ci
801A441C:setLightTevColorType__18dScnKy_env_light_cFP12J3DModelDataP12dKy_tevstr_c
8002796C:setLightVecInfoNum__15dStage_roomDt_cFi
80027F80:setLightVecInfoNum__16dStage_stageDt_cFi
8002795C:setLightVecInfo__15dStage_roomDt_cFP30stage_pure_lightvec_info_class
80027F18:setLightVecInfo__16dStage_stageDt_cFP30stage_pure_lightvec_info_class
801A4C08:setLight__13J3DColorBlockFUlP11J3DLightObj
801A040C:setLight__18dScnKy_env_light_cFv
80322FBC:setLight__20J3DColorBlockLightOnFUlP11J3DLightObj
800C1704:setLight__9daAlink_cFv
8000A504:setLight__Fv
801A16C0:setLight_actor__18dScnKy_env_light_cFP12dKy_tevstr_cP11_GXColorS10PfPf
801A133C:setLight_bg__18dScnKy_env_light_cFP12dKy_tevstr_cP11_GXColorS10P11_GXColorS10PfPf
8019FBD4:setLight_palno_get__18dScnKy_env_light_cFPUcPUcPUcPUcPUcPUcPUcPUcPfPiPiPfPUc
801237A8:setLightningSwordEffect__9daAlink_cFv
802BAC28:setLineID__11Z2FxLineMgrFScbb
800332F8:setLineUpItem__17dSv_player_item_cFv
802E9234:setLineWidth__14J2DGrafContextFUc
802BAC74:setLine__11Z2FxLineMgrFP14Z2FxLineConfigbb
802C32F0:setLinkBootsType__14Z2CreatureLinkFl
802C321C:setLinkGroupInfo__14Z2CreatureLinkFUc
802C3220:setLinkHp__14Z2CreatureLinkFll
802C522C:setLinkRiding__14Z2CreatureRideFb
802C1B7C:setLinkSearch__15Z2CreatureEnemyFb
802C328C:setLinkShieldType__14Z2CreatureLinkFll
80141988:setLinkState__14Z2CreatureLinkFUc
802C3228:setLinkSwordType__14Z2CreatureLinkFll
80144CA0:setListEnd__12daItemBase_cFv
80144C7C:setListStart__12daItemBase_cFv
800710C0:setList__12dAttention_cFiP10fopAc_ac_cff7cSAngleUl
800A0744:setLookPosFromOut__9daAlink_cFP4cXyz
8015F4F0:setLookPos__9daPy_py_cFP4cXyz
8015337C:setLookatMtx__8daNpcF_cFiPif
802E9840:setLookat__13J2DOrthoGraphFv
802E966C:setLookat__14J2DGrafContextFv
800BB324:setMagicArmorBrk__9daAlink_cFi
8012277C:setMagneBootsEffect__9daAlink_cFv
800E2808:setMagneBootsMtx__9daAlink_cFP13cBgS_PolyInfoi
802C3AEC:setMagnetized__14Z2CreatureLinkFb
8020D8F8:setMapAlpha__11dMeterMap_cFUc
80027AFC:setMapEventInfo__15dStage_roomDt_cFP21dStage_MapEventInfo_c
80028068:setMapEventInfo__16dStage_stageDt_cFP21dStage_MapEventInfo_c
800275D4:setMapInfoBase__15dStage_roomDt_cFP26stage_map_info_dummy_class
80027E60:setMapInfoBase__16dStage_stageDt_cFP26stage_map_info_dummy_class
800275C4:setMapInfo__15dStage_roomDt_cFP20stage_map_info_class
80027E50:setMapInfo__16dStage_stageDt_cFP20stage_map_info_class
80029F84:setMapPaletteColorAlphaPer__6dMap_cFif
800297A8:setMapPaletteColorAlphaPer__6dMap_cFiif
80027D40:setMapPath__15dStage_roomDt_cFPv
80028238:setMapPath__16dStage_stageDt_cFPv
801BDEF8:setMapTexture__12dMenu_Dmap_cFv
80163340:setMapToolData__9dCamera_cFv
801968B8:setMasterCamCtrPos__16ShopCam_action_cFP4cXyz
8032C5A4:setMatColorAnm__14J3DMaterialAnmFiP14J3DMatColorAnm
80317474:setMatColorOffset__13J3DColorBlockFUl
80323008:setMatColorOffset__20J3DColorBlockLightOnFUl
80323248:setMatColorOffset__21J3DColorBlockLightOffFUl
8000E0DC:setMatColor__13J3DColorBlockFUl10J3DGXColor
80317448:setMatColor__13J3DColorBlockFUlPC10J3DGXColor
80322E8C:setMatColor__20J3DColorBlockLightOnFUl10J3DGXColor
80322EB8:setMatColor__20J3DColorBlockLightOnFUlPC10J3DGXColor
80323158:setMatColor__21J3DColorBlockLightOffFUl10J3DGXColor
80323184:setMatColor__21J3DColorBlockLightOffFUlPC10J3DGXColor
80014738:setMat__26mDoExt_3DlineMatSortPacketFP18mDoExt_3DlineMat_c
800126C0:setMaterial__19mDoExt_3DlineMat0_cFv
800134F8:setMaterial__19mDoExt_3DlineMat1_cFv
800A2C24:setMatrixOffset__9daAlink_cFPff
8009DC6C:setMatrixWorldAxisRot__9daAlink_cFPA4_fsssiPC4cXyz
800A8CE4:setMatrix__9daAlink_cFv
802616C4:setMatrix__9dkWmark_cFv
8014E634:setMaxJntLmt__18daBaseNpc_lookat_cF5csXyzi
8014EE80:setMcaMorfAnm__11daBaseNpc_cFP18J3DAnmTransformKeyffiii
80152C1C:setMcaMorfAnm__8daNpcF_cFP18J3DAnmTransformKeyffiii
80148204:setMcaMorfAnm__8daNpcT_cFP18J3DAnmTransformKeyffiii
802C0D48:setMdlType__17Z2CreatureCitizenFScbb
80027B34:setMemoryConfig__15dStage_roomDt_cFP21dStage_MemoryConfig_c
80028158:setMemoryConfig__16dStage_stageDt_cFP21dStage_MemoryConfig_c
80027B98:setMemoryMap__15dStage_roomDt_cFP18dStage_MemoryMap_c
80028168:setMemoryMap__16dStage_stageDt_cFP18dStage_MemoryMap_c
802A77E8:setMessageCode__Q28JMessage8TControlFUsUs
802A7A20:setMessageCode_inSequence___Q28JMessage8TControlFPCQ28JMessage10TProcessorUsUs
802E4C3C:setMessageCount__12JUTAssertionFi
802A78F4:setMessageID__Q28JMessage8TControlFUlUlPb
80233E70:setMessageIndexDemo__12dMsgObject_cFUlb
80233D04:setMessageIndex__12dMsgObject_cFUlUlb
80124738:setMetamorphoseEffectStartLink__9daAlink_cFv
801247A8:setMetamorphoseEffect__9daAlink_cFv
800BF79C:setMetamorphoseModel__9daAlink_cFi
8021C970:setMeterString__13dMeter2Info_cFl
802BCE14:setMicState__9Z2SpotMicFP13Z2AudioCamerai
8015F968:setMidnaFaceNum__9daPy_py_cFi
8015F954:setMidnaMotionNum__9daPy_py_cFi
800D0284:setMidnaMsgNum__9daAlink_cFP10fopAc_ac_cUs
80141508:setMidnaMsgNum__9daPy_py_cFP10fopAc_ac_cUs
800B4938:setMidnaMsg__9daAlink_cFv
800D014C:setMidnaTalkStatus__9daAlink_cFUc
8014E658:setMinJntLmt__18daBaseNpc_lookat_cF5csXyzi
80300F80:setMinSize__11J2DWindowExFv
8021E268:setMiniGameCount__13dMeter2Info_cFSc
8021DE18:setMiniGameItem__13dMeter2Info_cFUc
8029AB98:setMixConfig__10JASChannelFUlUs
80032A78:setMixItemIndex__21dSv_player_status_a_cFiUc
801EC754:setMixItem__12dMenu_Ring_cFv
801EED84:setMixMessage__12dMenu_Ring_cFv
8029DF34:setMixerInitVolume__Q26JASDsp8TChannelFUcs
8029DF54:setMixerVolume__Q26JASDsp8TChannelFUcs
8004AC00:setModel__18dPa_modelEcallBackFP14JPABaseEmitterP12J3DModelDataRC12dKy_tevstr_cUcPvUcUc
8024F634:setMoji__7dName_cFi
8011BC14:setMonkeyMoveAnime__9daAlink_cFv
8000FB7C:setMorf__13mDoExt_morf_cFf
80155BE8:setMotionAnm__8daNpcF_cFif
8014A628:setMotionAnm__8daNpcT_cFifi
80155BEC:setMotion__8daNpcF_cFifi
800FE868:setMoveBGClimbCorrect__9daAlink_cFv
800FD4A8:setMoveBGLadderCorrect__9daAlink_cFv
800A22E8:setMoveSlantAngle__9daAlink_cFv
801D6EDC:setMoyaAlpha__17dMenu_Fmap2DTop_cFUc
802384EC:setMsgOutputType__12dMsgObject_cFUc
801527FC:setMtx2__8daNpcF_cFv
80325D1C:setMtxBuffer__10J3DMtxCalcFP12J3DMtxBuffer
8014F390:setMtx__11daBaseNpc_cFi
8015276C:setMtx__8daNpcF_cFv
80149190:setMtx__8daNpcT_cFv
802ADFF4:setMultiTriggerSE__7Z2SeMgrFUlP3VecSc
80027BFC:setMulti__15dStage_roomDt_cFP14dStage_Multi_c
80028178:setMulti__16dStage_stageDt_cFP14dStage_Multi_c
80317420:setNBTScale__14J3DTexGenBlockF11J3DNBTScale
80317424:setNBTScale__14J3DTexGenBlockFPC11J3DNBTScale
80322DB4:setNBTScale__15J3DTexGenBlock4F11J3DNBTScale
80322DD8:setNBTScale__15J3DTexGenBlock4FPC11J3DNBTScale
80322C78:setNBTScale__19J3DTexGenBlockBasicF11J3DNBTScale
80322C9C:setNBTScale__19J3DTexGenBlockBasicFPC11J3DNBTScale
801EC3B0:setNameString__12dMenu_Ring_cFUl
801F93C0:setNameString__13dMenu_Skill_cFUs
8024F88C:setNameText__7dName_cFv
800A1F90:setNeckAngle__9daAlink_cFv
80150EB4:setNextIdxDst__13daNpcF_Path_cF4cXyz
80150BE0:setNextIdx__13daNpcF_Path_cFv
80145DD0:setNextIdx__13daNpcT_Path_cFi
80145D2C:setNextPathInfo__13daNpcT_Path_cFScUc
8014DAC4:setNextPnt__16daBaseNpc_path_cFv
80159F98:setNextPoint__11PathTrace_cFR4cXyz
8015A0D0:setNextPoint__11PathTrace_cFv
80024424:setNextStayNo__20dStage_roomControl_cFi
80117064:setNoDrawSwordShield__9daAlink_cFiUs
8032648C:setNoUseDrawMtx__12J3DMtxBufferFv
8024A7CC:setNodeIndex__10dMsgFlow_cFUsPP10fopAc_ac_c
8024AA50:setNormalMsg__10dMsgFlow_cFP14mesg_flow_nodeP10fopAc_ac_c
800B3924:setNormalSpeedF__9daAlink_cFff
801AEC44:setNowGauge__15dKantera_icon_cFUsUs
80035CC8:setNowLine__9dJntCol_cFP8cM3dGLinPC4cXyzPC5csXyzP4cXyz
80237A88:setNowTalkFlowNo__12dMsgObject_cFs
8002B3A8:setNowVibration__14dComIfG_play_cFUc
801DC7FC:setNumber__19dMenu_ItemExplain_cFv
80046800:setObjectArchive__16dEvent_manager_cFPc
8003C4E4:setObjectRes__14dRes_control_cFPCcPvUlP7JKRHeap
800FC6B4:setOctaIealHangPos__9daAlink_cFv
800D0B20:setOctaIealWildHang__9daAlink_cFv
801418B4:setOctaIealWildHang__9daPy_py_cFv
80027C60:setOldMulti__15dStage_roomDt_cFv
80026FDC:setOldMulti__16dStage_stageDt_cFv
8004F6B8:setOldPosP__22dPa_hermiteEcallBack_cFPC4cXyzPC4cXyz
800ADB78:setOldRootQuaternion__9daAlink_cFsss
8013FFD8:setOriginalHeap__9daAlink_cFPP10JKRExpHeapUl
802E980C:setOrtho__13J2DOrthoGraphFRCQ29JGeometry8TBox2<f>ff
80292808:setOscAdsr__8JASTrackFssssUs
8029DEAC:setOscInfo__Q26JASDsp8TChannelFUl
8029AB64:setOscInit__10JASChannelFUlPCQ213JASOscillator4Data
802927D8:setOscScale__8JASTrackFUlf
802927E8:setOscTable__8JASTrackFUlPCQ213JASOscillator5Point
8029821C:setOsc__12JASBasicInstFiPCQ213JASOscillator4Data
800BB560:setOutPower__9daAlink_cFfsi
801416E8:setOutPower__9daPy_py_cFfsi
802BBEE4:setOuterParams__9Z2AudibleFRC14JASSoundParamsRC14JASSoundParamsi
8022FACC:setOutfontLength__26jmessage_string_tReferenceFif
802CD888:setOutputMode__10Z2AudioMgrFUl
8029E178:setOutputMode__9JASDriverFUl
8029C524:setOutputRate__9JASDriverF13JASOutputRate
80071424:setOwnerAttentionPos__12dAttention_cFv
802761A8:setPTev__11JPAResourceFv
801F9144:setPageText__13dMenu_Skill_cFv
801E0E84:setPageText__14dMenu_Letter_cFv
800275DC:setPaletteInfo__15dStage_roomDt_cFP24stage_palette_info_class
80027E68:setPaletteInfo__16dStage_stageDt_cFP24stage_palette_info_class
8002779C:setPaletteNumInfo__15dStage_roomDt_cFi
80027EC8:setPaletteNumInfo__16dStage_stageDt_cFi
802F2AAC:setPalette__11J2DTevBlockFUlPC7ResTLUT
802EC258:setPalette__12J2DTevBlock1FUlPC7ResTLUT
802ED424:setPalette__12J2DTevBlock2FUlPC7ResTLUT
802EE8CC:setPalette__12J2DTevBlock4FUlPC7ResTLUT
802EFD68:setPalette__12J2DTevBlock8FUlPC7ResTLUT
802F11E8:setPalette__13J2DTevBlock16FUlPC7ResTLUT
802C5D70:setPanDir__10Z2EnvSeDirFP3Vec
802C5F7C:setPanParam__14Z2EnvSeAutoPanFffbbff
80225E7C:setPane__10COutFont_cFP10J2DPicture
8015EA0C:setParamData__9daPy_py_cFiiii
8014EFF0:setParam__11daBaseNpc_cFv
80041804:setParam__14dEvt_control_cFP12dEvt_order_c
801510B8:setParam__15daNpcF_Lookat_cFffffffffffffsP4cXyz
80146CD8:setParam__15daNpcT_JntAnm_cFP10fopAc_ac_cP8J3DModelP4cXyziiiffffffffffP4cXyz
801951B0:setParam__16dSelect_cursor_cFfffff
80147DCC:setParam__19daNpcT_DmgStagger_cFP10fopAc_ac_cP10fopAc_ac_cs
802926E0:setParam__8JASTrackFUlfUl
80155BC8:setParam__8daNpcF_cFv
8014CC24:setParam__8daNpcT_cFv
802A9944:setParam__Q26Z2Calc8FNoise1fFfff
8025FA00:setParentPos__21dDlst_TimerScrnDraw_cFff
80027ACC:setPath2Info__15dStage_roomDt_cFP14dStage_dPath_c
80028038:setPath2Info__16dStage_stageDt_cFP14dStage_dPath_c
8015095C:setPathInfo__13daNpcF_Path_cFUcScUc
80145C74:setPathInfo__13daNpcT_Path_cFUcScUc
80027A54:setPathInfo__15dStage_roomDt_cFP14dStage_dPath_c
80028018:setPathInfo__16dStage_stageDt_cFP14dStage_dPath_c
8014D9BC:setPathInfo__16daBaseNpc_path_cFUcScSc
80159A38:setPath__11PathTrace_cFiiiP4cXyzb
8029DF80:setPauseFlag__Q26JASDsp8TChannelFUc
802932A0:setPauseFlag__Q28JASTrack11TChannelMgrFb
802984B4:setPerc__10JASDrumSetFiPQ210JASDrumSet5TPerc
80213D6C:setPikariBpkAnimation__13dMeter2Draw_cFP11J2DAnmColor
8029DF1C:setPitch__Q26JASDsp8TChannelFUs
80192C70:setPlayTime__12dFile_info_cFP10dSv_save_c
8015F914:setPlayerDamage__9daPy_py_cFii
8002754C:setPlayerNum__15dStage_roomDt_cFUs
80027E38:setPlayerNum__16dStage_stageDt_cFUs
800B24F4:setPlayerPosAndAngle__9daAlink_cFPA4_f
800B23FC:setPlayerPosAndAngle__9daAlink_cFPC4cXyzPC5csXyz
800B221C:setPlayerPosAndAngle__9daAlink_cFPC4cXyzsi
80141730:setPlayerPosAndAngle__9daPy_py_cFPA4_f
80141734:setPlayerPosAndAngle__9daPy_py_cFPC4cXyzPC5csXyz
80141738:setPlayerPosAndAngle__9daPy_py_cFPC4cXyzsi
80037C90:setPlayerRideNow__10e_wb_classFv
80037CB0:setPlayerRide__10e_wb_classFv
8015F520:setPlayerSe__9daPy_py_cFUl
80027544:setPlayer__15dStage_roomDt_cFP17stage_actor_class
80027E30:setPlayer__16dStage_stageDt_cFP17stage_actor_class
80027734:setPlightInfo__15dStage_roomDt_cFP23stage_plight_info_class
80027EB8:setPlightInfo__16dStage_stageDt_cFP23stage_plight_info_class
800278F4:setPlightNumInfo__15dStage_roomDt_cFi
80027FE8:setPlightNumInfo__16dStage_stageDt_cFi
801C12A8:setPlusNowStayFloorNo__20dMenu_StageMapCtrl_cFScUc
801C2588:setPlusZoomCenterX__20dMenu_StageMapCtrl_cFf
801C2590:setPlusZoomCenterZ__20dMenu_StageMapCtrl_cFf
80027ABC:setPnt2Info__15dStage_roomDt_cFP13dStage_dPnt_c
80028028:setPnt2Info__16dStage_stageDt_cFP13dStage_dPnt_c
800279EC:setPntInfo__15dStage_roomDt_cFP13dStage_dPnt_c
80028008:setPntInfo__16dStage_stageDt_cFP13dStage_dPnt_c
801B370C:setPohMaxNum__17dMenu_Collect2D_cFUc
801CEB1C:setPointColor__15dMenu_FmapMap_cFf
8003F810:setPointer__8dMpath_cFPQ211dDrawPath_c10room_classPScPSc
8003FA40:setPointer__8dMpath_cFScPvi
8004D6A4:setPoly__13dPa_control_cFUlUsR13cBgS_PolyInfoPC4cXyzPC12dKy_tevstr_cPC5csXyzPC4cXyziP18dPa_levelEcallBackScPC4cXyz
8004D068:setPoly__13dPa_control_cFUsR13cBgS_PolyInfoPC4cXyzPC12dKy_tevstr_cPC5csXyzPC4cXyziP18dPa_levelEcallBackScPC4cXyz
800A7358:setPolygonSpeed__9daAlink_cFv
802AAEDC:setPortData__14Z2SoundStarterFP14JAISoundHandleUlUsSc
802E97B4:setPort__13J2DOrthoGraphFv
802E8BB4:setPort__14J2DGrafContextFv
8023849C:setPortalMessageID__12dMsgObject_cFUs
802AB538:setPos__14Z2SoundHandlesFRCQ29JGeometry8TVec3<f>
80195B70:setPos__14dSelect_icon_cFP7J2DPaneff
801AEBA0:setPos__15dKantera_icon_cFff
801C0E4C:setPos__15dMenu_DmapMap_cFiifffbf
8023BDF8:setPos__15dMsgScrnArrow_cFff
801950F4:setPos__16dSelect_cursor_cFffP7J2DPaneb
8026F7DC:setPos__8cM3dGTriFPC3VecPC3VecPC3Vec
8014A908:setPos__8daNpcT_cF4cXyz
8009C3CC:setPosition__7dTres_cFiUcPC3Veci
802E3AFC:setPostUserCallback__12JUTExceptionFPFUsP9OSContextUlUl_v
802E3AEC:setPreUserCallback__12JUTExceptionFPFUsP9OSContextUlUl_v
8029D534:setPriority__13JASDSPChannelFUc
802F8748:setPriority__9J2DScreenFP20JSURandomInputStreamUlP10JKRArchive
802F8648:setPriority__9J2DScreenFPCcUlP10JKRArchive
80251B64:setPrm__16dNpcLib_lookat_cFv
80238188:setProcessID__12dMsgObject_cFUi
801CB6D0:setProcess__12dMenu_Fmap_cFUc
802584D8:setProgressiveMode__10dScnLogo_cFUc
80027644:setPselectInfo__15dStage_roomDt_cFP24stage_pselect_info_class
80027E78:setPselectInfo__16dStage_stageDt_cFP24stage_pselect_info_class
80027804:setPselectNumInfo__15dStage_roomDt_cFi
80027ED8:setPselectNumInfo__16dStage_stageDt_cFi
8004362C:setPt1__14dEvt_control_cFPv
8004365C:setPt2__14dEvt_control_cFPv
800436F4:setPtD__14dEvt_control_cFPv
800436EC:setPtI_Id__14dEvt_control_cFUi
800436BC:setPtI__14dEvt_control_cFPv
8004368C:setPtT__14dEvt_control_cFPv
800E7F3C:setPushPullKeepData__9daAlink_cFQ29dBgW_Base13PushPullLabeli
800B3238:setRStatusEmphasys__9daAlink_cFUc
800B3220:setRStatus__9daAlink_cFUc
80055C74:setReal__21dDlst_shadowControl_cFUlScP8J3DModelP4cXyzffP12dKy_tevstr_c
801D0804:setRegionTexData__18dMenu_Fmap2DBack_cFUcP7ResTIMGfffffffff
802984E4:setRelease__Q210JASDrumSet5TPercFUl
8025854C:setRenderMode__10dScnLogo_cFv
802E5198:setRenderMode__8JUTVideoFPC16_GXRenderModeObj
801CF450:setRendering__15dMenu_FmapMap_cFP23dMenu_Fmap_world_data_ciffff
802E1A7C:setRepeat__Q210JUTGamePad7CButtonFUlUlUl
8003BAC4:setRes__11dRes_info_cFP10JKRArchiveP7JKRHeap
8003BAF8:setRes__11dRes_info_cFv
8003C078:setRes__14dRes_control_cFPCcP11dRes_info_ciPCcUcP7JKRHeap
802DEA1C:setResource__10JUTNameTabFPC7ResNTAB
80309414:setResource__19J2DAnmKeyLoader_v15FP10J2DAnmBasePCv
80338E8C:setResource__19J3DAnmKeyLoader_v15FP10J3DAnmBasePCv
80309B8C:setResource__20J2DAnmFullLoader_v15FP10J2DAnmBasePCv
803386A0:setResource__20J3DAnmFullLoader_v15FP10J3DAnmBasePCv
80338134:setResource__20J3DAnmLoaderDataBaseFP10J3DAnmBasePCv
802C48D8:setResumeAttack__14Z2CreatureLinkFb
800F4564:setRideCanoeBasePos__9daAlink_cFP10fopAc_ac_c
800EEF30:setRideSubjectAngle__9daAlink_cFs
802C3A6C:setRiding__14Z2CreatureLinkFb
80033CBC:setRodTypeLevelUp__17dSv_player_item_cFv
800A87D8:setRollJump__9daAlink_cFffs
8014174C:setRollJump__9daPy_py_cFffs
80100614:setRoofHangHandOnSE__9daAlink_cFP13cBgS_PolyInfo
8010163C:setRoofHangSwitch__9daAlink_cFv
800A662C:setRoomInfo__9daAlink_cFv
801635AC:setRoomMapToolData__9dCamera_cFP15dCamMapToolDatall
80158DE4:setRoomNo__10daNpcCd2_cFv
8014F0FC:setRoomNo__11daBaseNpc_cFv
80031DAC:setRoomNo__12daObjCarry_cFiSc
80152DE0:setRoomNo__8daNpcF_cFv
80148CCC:setRoomNo__8daNpcT_cFv
80156D78:setRoomNo__9daNpcCd_cFv
80034F80:setRoom__13dSv_restart_cFRC4cXyzsSc
8002755C:setRoom__15dStage_roomDt_cFP14roomRead_class
80027E48:setRoom__16dStage_stageDt_cFP14roomRead_class
80151F54:setRotAngle__15daNpcF_Lookat_cFv
80196AF0:setRotateAnime__15dShopItemCtrl_cFi
801EB960:setRotate__12dMenu_Ring_cFv
8023C3EC:setRubyString__14dMsgScrnBase_cFPc
80239D08:setRubyString__17dMsgScrn3Select_cFPcPcPc
80037DBC:setRunRideMode__10e_wb_classFv
801248A8:setRunSplash__9daAlink_cFv
800B172C:setSandDownBgCheckWallH__9daAlink_cFv
800B1BAC:setSandShapeOffset__9daAlink_cFv
80187DB8:setSaveDataForCopySel__14dFile_select_cFv
80192954:setSaveData__12dFile_info_cFP10dSv_save_ciUc
801F67F0:setSaveData__12dMenu_save_cFv
8018D044:setSaveData__14dFile_select_cFv
80192C08:setSaveDate__12dFile_info_cFP10dSv_save_c
80031D04:setSaveFlag__12daObjCarry_cFv
8021E290:setSaveStageName__13dMeter2Info_cFPCc
801EC20C:setScale__12dMenu_Ring_cFv
8020BC20:setScale__14dMeterHaihai_cFf
801AEBF4:setScale__15dKantera_icon_cFff
801951C8:setScale__16dSelect_cursor_cFf
801DCBBC:setScale__19dMenu_ItemExplain_cFv
802B68E0:setSceneExist__10Z2SceneMgrFb
802BAEB8:setSceneFx__11Z2FxLineMgrFl
802B6AF8:setSceneName__10Z2SceneMgrFPcll
802E8E20:setScissor__14J2DGrafContextFv
80051ADC:setScissor__14dDlst_window_cFffff
800279E4:setSclsInfo__15dStage_roomDt_cFP27stage_scls_info_dummy_class
80028000:setSclsInfo__16dStage_stageDt_cFP27stage_scls_info_dummy_class
800DBC98:setScreamWaitAnime__9daAlink_cFv
8025E240:setScreenBase__21dDlst_TimerScrnDraw_cFv
8025E66C:setScreenBoatRace__21dDlst_TimerScrnDraw_cFv
8025E8B8:setScreenRider__21dDlst_TimerScrnDraw_cFv
8025DFBC:setScreen__21dDlst_TimerScrnDraw_cFlP10JKRArchive
8023864C:setSelectCancelPos__12dMsgObject_cFUc
801E73D8:setSelectColor__14dMenu_Option_cFUcb
80237E68:setSelectCursorPosLocal__12dMsgObject_cFUc
8023846C:setSelectCursorPos__12dMsgObject_cFUc
800A4910:setSelectEquipItem__9daAlink_cFi
801EDF2C:setSelectItemForce__12dMenu_Ring_cFi
80032A48:setSelectItemIndex__21dSv_player_status_a_cFiUc
801EDB14:setSelectItem__12dMenu_Ring_cFiUc
8024A95C:setSelectMsg__10dMsgFlow_cFP14mesg_flow_nodeP14mesg_flow_nodeP10fopAc_ac_c
80238C40:setSelectRubyString__14dMsgScrnBase_cFPcPcPc
8023FFE4:setSelectRubyString__14dMsgScrnItem_cFPcPcPc
802481AC:setSelectRubyString__14dMsgScrnTalk_cFPcPcPc
80238C44:setSelectString__14dMsgScrnBase_cFPcPcPc
8023FFC0:setSelectString__14dMsgScrnItem_cFPcPcPc
80248180:setSelectString__14dMsgScrnTalk_cFPcPcPc
802378CC:setSelectWordFlagLocal__12dMsgObject_cFUc
80238544:setSelectWordFlag__12dMsgObject_cFUc
8019AB1C:setSellItemMax__13dShopSystem_cFUc
802A5E60:setSeqDataArchive__14JAUSectionHeapFP10JKRArchive
802A6AA0:setSeqDataArchive__23JAUDynamicSeqDataBlocksFP10JKRArchive
802A03E0:setSeqDataMgr__8JAISeMgrFP13JAISeqDataMgr
802A60A0:setSeqDataUser__14JAUSectionHeapFP14JAISeqDataUser
802A67D0:setSeqDataUser__27JAUSeqDataMgr_SeqCollectionFP14JAISeqDataUser
80291A08:setSeqData__8JASTrackFPvUl
8019A344:setSeq__13dShopSystem_cFUc
80054BD0:setShadowRealMtx__18dDlst_shadowReal_cFP4cXyzP4cXyzfffP12dKy_tevstr_c
80144D70:setShadow__12daItemBase_cFv
800A67E0:setShapeAngleOnGround__9daAlink_cFv
800B3734:setShapeAngleToAtnActor__9daAlink_cFi
8011856C:setShapeAngleToTalkActor__9daAlink_cFv
8013FF90:setShieldArcName__9daAlink_cFv
80140064:setShieldChange__9daAlink_cFv
800DD018:setShieldGuard__9daAlink_cFv
801401F8:setShieldModel__9daAlink_cFv
802378B8:setShopWaitTimer__12dMsgObject_cFUc
8025FAC4:setShowType__21dDlst_TimerScrnDraw_cFUc
8015F384:setSightImage__18daPy_sightPacket_cFP7ResTIMG
8015F2FC:setSight__18daPy_sightPacket_cFv
8004D7C4:setSimpleFoot__13dPa_control_cFUlPUlR13cBgS_PolyInfoPC4cXyzPC12dKy_tevstr_ciPC5csXyzPC4cXyzP18dPa_levelEcallBackScPC4cXyz
80055FE8:setSimpleTex__21dDlst_shadowControl_cFPC7ResTIMG
8004D1B8:setSimple__13dPa_control_cFUsPC4cXyzPC12dKy_tevstr_cUcRC8_GXColorRC8_GXColorif
80055F84:setSimple__21dDlst_shadowControl_cFP4cXyzffP4cXyzsfP9_GXTexObj
800ACFB0:setSingleAnimeBaseMorf__9daAlink_cFQ29daAlink_c11daAlink_ANMf
800ACFE0:setSingleAnimeBaseSpeed__9daAlink_cFQ29daAlink_c11daAlink_ANMff
800ACF80:setSingleAnimeBase__9daAlink_cFQ29daAlink_c11daAlink_ANM
800AD0F4:setSingleAnimeParam__9daAlink_cFQ29daAlink_c11daAlink_ANMPC16daAlinkHIO_anm_c
801296A8:setSingleAnimeWolfBaseMorf__9daAlink_cFQ29daAlink_c12daAlink_WANMf
801296D8:setSingleAnimeWolfBaseSpeed__9daAlink_cFQ29daAlink_c12daAlink_WANMff
80129678:setSingleAnimeWolfBase__9daAlink_cFQ29daAlink_c12daAlink_WANM
80129848:setSingleAnimeWolfParam__9daAlink_cFQ29daAlink_c12daAlink_WANMPC16daAlinkHIO_anm_c
80129704:setSingleAnimeWolf__9daAlink_cFQ29daAlink_c12daAlink_WANMffsf
800AD00C:setSingleAnime__9daAlink_cFQ29daAlink_c11daAlink_ANMffsf
803125E4:setSingleDisplayList__17J3DDisplayListObjFPvUl
8003FE6C:setSingleRoomSetting__16renderingDAmap_cFv
802C3A64:setSinkDepth__14Z2CreatureLinkFSc
80327AA0:setSkinDeform__8J3DModelFP13J3DSkinDeformUl
80042914:setSkipProc__14dEvt_control_cFPvPFPvi_ii
80042958:setSkipZev__14dEvt_control_cFPvPc
800DE7D4:setSlingModel__9daAlink_cFv
800DD1D4:setSmallGuard__9daAlink_cFP12dCcD_GObjInf
8013F90C:setSmellSave__9daAlink_cFv
80237E04:setSmellTypeLocal__12dMsgObject_cFUc
80238410:setSmellType__12dMsgObject_cFUc
801B3524:setSmellType__17dMenu_Collect2D_cFv
802C7FB4:setSnowPower__10Z2EnvSeMgrFSc
8019A354:setSoldOutFlag__13dShopSystem_cFv
8019A4F4:setSoldOutItemHide__13dShopSystem_cFv
8019A364:setSoldOut__13dShopSystem_cFv
8015E4C8:setSoldOut__14daObj_SSBase_cFv
80027AEC:setSoundInfCL__15dStage_roomDt_cFP18dStage_SoundInfo_c
80028058:setSoundInfCL__16dStage_stageDt_cFP18dStage_SoundInfo_c
80027ADC:setSoundInf__15dStage_roomDt_cFP18dStage_SoundInfo_c
80028048:setSoundInf__16dStage_stageDt_cFP18dStage_SoundInfo_c
801E6FBC:setSoundMode__14dMenu_Option_cFUl
802C0618:setSoundStarter__10Z2CreatureFP14Z2SoundStarter
801E71CC:setSoundString__14dMenu_Option_cFv
8003468C:setSound__19dSv_player_config_cFUc
8014137C:setSpecialDemoType__11daPy_demo_cFv
800BB770:setSpecialGravity__9daAlink_cFffi
800B444C:setSpeedAndAngleAtn__9daAlink_cFv
800B3FD4:setSpeedAndAngleNormal__9daAlink_cFv
80138000:setSpeedAndAngleSwimWolf__9daAlink_cFv
801023E4:setSpeedAndAngleSwim__9daAlink_cFv
80128478:setSpeedAndAngleWolfAtn__9daAlink_cFv
80127F50:setSpeedAndAngleWolf__9daAlink_cFv
8010DE64:setSpinnerStatus__9daAlink_cFUcUc
8010DBC8:setSpinnerSyncPos__9daAlink_cFv
801D1D74:setSpotCursor__18dMenu_Fmap2DBack_cFUc
801D1094:setSpotPane__18dMenu_Fmap2DBack_cFP7ResTIMG
8002797C:setStagInfo__15dStage_roomDt_cFP21stage_stag_info_class
80027FF8:setStagInfo__16dStage_stageDt_cFP21stage_stag_info_class
8016317C:setStageMapToolData__9dCamera_cFv
8003C5BC:setStageRes__14dRes_control_cFPCcP7JKRHeap
803024B4:setStage__11J2DWindowExFP11J2DTevStageQ211J2DWindowEx10stage_enum
80305688:setStage__12J2DPictureExFP11J2DTevStageQ212J2DPictureEx10stage_enum
80307F94:setStage__12J2DTextBoxExFP11J2DTevStageQ212J2DTextBoxEx10stage_enum
800463F0:setStartDemo__18dEvent_exception_cFi
800A551C:setStartProcInit__9daAlink_cFv
8002B3B8:setStartStage__14dComIfG_play_cFP19dStage_startStage_c
802368E4:setStatusLocal__12dMsgObject_cFUs
802381FC:setStatus__12dMsgObject_cFUs
802E57D0:setStatus__8JUTFaderFQ28JUTFader7EStatusi
800243E8:setStayNo__20dStage_roomControl_cFi
800B5C64:setStepLandVibration__9daAlink_cFv
801AF898:setStepString__19dMenu_Calibration_cFUs
800A6B0C:setStepsOffset__9daAlink_cFv
801191C4:setStickAnmData__9daAlink_cFP10J3DAnmBaseiiUsi
800B271C:setStickData__9daAlink_cFv
8004D770:setStopContinue__13dPa_control_cFUl
80300660:setString__10J2DTextBoxFPCce
8030074C:setString__10J2DTextBoxFsPCce
802CBD88:setString__12Z2SpeechMgr2FPCUssUcUs
802095C0:setString__14dMeterButton_cFPcUcUcUc
8023C360:setString__14dMsgScrnBase_cFPcPc
80239C78:setString__17dMsgScrn3Select_cFPcPcPc
800CEAF4:setSubjectMode__9daAlink_cFv
801221F0:setSumouEffect__9daAlink_cFv
800D0984:setSumouGraspCancelCount__9daAlink_cFi
80141868:setSumouGraspCancelCount__9daPy_py_cFi
800D0930:setSumouLoseHeadUp__9daAlink_cFv
80141870:setSumouLoseHeadUp__9daPy_py_cFv
800EA92C:setSumouPunchStatus__9daAlink_cFv
800D091C:setSumouPushBackDirection__9daAlink_cFs
8014186C:setSumouPushBackDirection__9daPy_py_cFs
800D08DC:setSumouReady__9daAlink_cFP10fopAc_ac_c
80141848:setSumouReady__9daPy_py_cFP10fopAc_ac_c
8019F788:setSunpos__18dScnKy_env_light_cFv
80103698:setSwimMoveAnime__9daAlink_cFv
80104034:setSwimUpDownOffset__9daAlink_cFv
800AA2E0:setSwordAtCollision__9daAlink_cFi
800D1688:setSwordAtParam__9daAlink_cF11dCcG_At_SplUcUciff
801228F4:setSwordChargeEffect__9daAlink_cFv
800D22BC:setSwordChargeVoiceSe__9daAlink_cFv
800D2304:setSwordComboVoice__9daAlink_cFv
801245EC:setSwordCutSplash__9daAlink_cFv
800D17EC:setSwordHitVibration__9daAlink_cFP12dCcD_GObjInf
800D1268:setSwordModel__9daAlink_cFv
800A92F0:setSwordPos__9daAlink_cFv
8011E83C:setSwordPushAnime__9daAlink_cFv
801244E4:setSwordUpColorEffect__9daAlink_cFv
800D2284:setSwordVoiceSe__9daAlink_cFUl
800ED78C:setSyncBoarPos__9daAlink_cFv
800ED90C:setSyncBoarRunPos__9daAlink_cFv
800EE64C:setSyncBoar__9daAlink_cFi
800F459C:setSyncCanoePos__9daAlink_cFv
800ED4DC:setSyncHorsePos__9daAlink_cFv
800EDEEC:setSyncHorse__9daAlink_cFi
800EDA24:setSyncRidePos__9daAlink_cFv
800EE918:setSyncRide__9daAlink_cFi
80238CEC:setTag__10dMsgUnit_cFiiPcb
80237F10:setTalkActorLocal__12dMsgObject_cFP10fopAc_ac_c
8023826C:setTalkActor__12dMsgObject_cFP10fopAc_ac_c
80118654:setTalkAnime__9daAlink_cFv
80237B10:setTalkHeapLocal__12dMsgObject_cFPv
80237AE0:setTalkHeap__12dMsgObject_cFPv
80237A74:setTalkPartner__12dMsgObject_cFP10fopAc_ac_c
80118308:setTalkStartBack__9daAlink_cFP4cXyz
800B4A08:setTalkStatus__9daAlink_cFv
802BD90C:setTargetVolume__10Z2AudienceFfi
80292B8C:setTempoRate__8JASTrackFf
80292B58:setTempo__8JASTrackFUs
8032C664:setTevColorAnm__14J3DMaterialAnmFiP14J3DTevColorAnm
802EB1D8:setTevColor__11J2DTevBlockFUl13J2DGXColorS10
8000E0C4:setTevColor__11J3DTevBlockFUl13J3DGXColorS10
80110E80:setTevColor__11J3DTevBlockFUlPC13J3DGXColorS10
802F281C:setTevColor__12J2DTevBlock1FUl13J2DGXColorS10
802F2578:setTevColor__12J2DTevBlock2FUl13J2DGXColorS10
802F22D4:setTevColor__12J2DTevBlock4FUl13J2DGXColorS10
802F2034:setTevColor__12J2DTevBlock8FUl13J2DGXColorS10
80322450:setTevColor__12J3DTevBlock2FUl13J3DGXColorS10
8032247C:setTevColor__12J3DTevBlock2FUlPC13J3DGXColorS10
8032208C:setTevColor__12J3DTevBlock4FUl13J3DGXColorS10
803220B8:setTevColor__12J3DTevBlock4FUlPC13J3DGXColorS10
802F1D94:setTevColor__13J2DTevBlock16FUl13J2DGXColorS10
80321CC0:setTevColor__13J3DTevBlock16FUl13J3DGXColorS10
80321CEC:setTevColor__13J3DTevBlock16FUlPC13J3DGXColorS10
80322AF8:setTevColor__18J3DTevBlockPatchedFUl13J3DGXColorS10
80322B24:setTevColor__18J3DTevBlockPatchedFUlPC13J3DGXColorS10
802F2A54:setTevKAlphaSel__11J2DTevBlockFUlUc
80322954:setTevKAlphaSel__11J3DTevBlockFUlPCUc
8000E0B4:setTevKAlphaSel__11J3DTevBlockFUlUc
80305D18:setTevKAlphaSel__12J2DPictureExFUc
802F28B4:setTevKAlphaSel__12J2DTevBlock1FUlUc
802F2610:setTevKAlphaSel__12J2DTevBlock2FUlUc
802F236C:setTevKAlphaSel__12J2DTevBlock4FUlUc
802F20CC:setTevKAlphaSel__12J2DTevBlock8FUlUc
8032255C:setTevKAlphaSel__12J3DTevBlock2FUlPCUc
80322550:setTevKAlphaSel__12J3DTevBlock2FUlUc
80322198:setTevKAlphaSel__12J3DTevBlock4FUlPCUc
8032218C:setTevKAlphaSel__12J3DTevBlock4FUlUc
802F1E2C:setTevKAlphaSel__13J2DTevBlock16FUlUc
80321DCC:setTevKAlphaSel__13J3DTevBlock16FUlPCUc
80321DC0:setTevKAlphaSel__13J3DTevBlock16FUlUc
8032C6A4:setTevKColorAnm__14J3DMaterialAnmFiP15J3DTevKColorAnm
802F2A50:setTevKColorSel__11J2DTevBlockFUlUc
80322950:setTevKColorSel__11J3DTevBlockFUlPCUc
8000E0B8:setTevKColorSel__11J3DTevBlockFUlUc
80305C70:setTevKColorSel__12J2DPictureExFUc
802F289C:setTevKColorSel__12J2DTevBlock1FUlUc
802F25F8:setTevKColorSel__12J2DTevBlock2FUlUc
802F2354:setTevKColorSel__12J2DTevBlock4FUlUc
802F20B4:setTevKColorSel__12J2DTevBlock8FUlUc
80322534:setTevKColorSel__12J3DTevBlock2FUlPCUc
80322528:setTevKColorSel__12J3DTevBlock2FUlUc
80322170:setTevKColorSel__12J3DTevBlock4FUlPCUc
80322164:setTevKColorSel__12J3DTevBlock4FUlUc
802F1E14:setTevKColorSel__13J2DTevBlock16FUlUc
80321DA4:setTevKColorSel__13J3DTevBlock16FUlPCUc
80321D98:setTevKColorSel__13J3DTevBlock16FUlUc
80322BDC:setTevKColorSel__18J3DTevBlockPatchedFUlPCUc
80322BD0:setTevKColorSel__18J3DTevBlockPatchedFUlUc
802EB1D4:setTevKColor__11J2DTevBlockFUlQ28JUtility6TColor
8000E0C0:setTevKColor__11J3DTevBlockFUl10J3DGXColor
800732AC:setTevKColor__11J3DTevBlockFUlPC10J3DGXColor
80305928:setTevKColor__12J2DPictureExFUc
802F285C:setTevKColor__12J2DTevBlock1FUlQ28JUtility6TColor
802F25B8:setTevKColor__12J2DTevBlock2FUlQ28JUtility6TColor
802F2314:setTevKColor__12J2DTevBlock4FUlQ28JUtility6TColor
802F2074:setTevKColor__12J2DTevBlock8FUlQ28JUtility6TColor
803224BC:setTevKColor__12J3DTevBlock2FUl10J3DGXColor
803224E8:setTevKColor__12J3DTevBlock2FUlPC10J3DGXColor
803220F8:setTevKColor__12J3DTevBlock4FUl10J3DGXColor
80322124:setTevKColor__12J3DTevBlock4FUlPC10J3DGXColor
802F1DD4:setTevKColor__13J2DTevBlock16FUlQ28JUtility6TColor
80321D2C:setTevKColor__13J3DTevBlock16FUl10J3DGXColor
80321D58:setTevKColor__13J3DTevBlock16FUlPC10J3DGXColor
80322B64:setTevKColor__18J3DTevBlockPatchedFUl10J3DGXColor
80322B90:setTevKColor__18J3DTevBlockPatchedFUlPC10J3DGXColor
802FE5D0:setTevMode__10J2DPictureFv
802FBB90:setTevMode__9J2DWindowFP10JUTTextureQ28JUtility6TColorQ28JUtility6TColor
802F2A4C:setTevOrder__11J2DTevBlockFUl11J2DTevOrder
80302284:setTevOrder__11J2DWindowExFb
8000E0BC:setTevOrder__11J3DTevBlockFUl11J3DTevOrder
80323548:setTevOrder__11J3DTevBlockFUlPC11J3DTevOrder
803052AC:setTevOrder__12J2DPictureExFUcUcb
802F27E4:setTevOrder__12J2DTevBlock1FUl11J2DTevOrder
802F2540:setTevOrder__12J2DTevBlock2FUl11J2DTevOrder
802F229C:setTevOrder__12J2DTevBlock4FUl11J2DTevOrder
802F1FFC:setTevOrder__12J2DTevBlock8FUl11J2DTevOrder
80307E0C:setTevOrder__12J2DTextBoxExFb
803227D8:setTevOrder__12J3DTevBlock1FUl11J3DTevOrder
803227EC:setTevOrder__12J3DTevBlock1FUlPC11J3DTevOrder
80322414:setTevOrder__12J3DTevBlock2FUl11J3DTevOrder
80322428:setTevOrder__12J3DTevBlock2FUlPC11J3DTevOrder
80322050:setTevOrder__12J3DTevBlock4FUl11J3DTevOrder
80322064:setTevOrder__12J3DTevBlock4FUlPC11J3DTevOrder
802F1D5C:setTevOrder__13J2DTevBlock16FUl11J2DTevOrder
80321C84:setTevOrder__13J3DTevBlock16FUl11J3DTevOrder
80321C98:setTevOrder__13J3DTevBlock16FUlPC11J3DTevOrder
803229F4:setTevOrder__18J3DTevBlockPatchedFUl11J3DTevOrder
80322A08:setTevOrder__18J3DTevBlockPatchedFUlPC11J3DTevOrder
8032296C:setTevRegOffset__11J3DTevBlockFUl
8032270C:setTevRegOffset__12J3DTevBlock2FUl
80322348:setTevRegOffset__12J3DTevBlock4FUl
80321F7C:setTevRegOffset__13J3DTevBlock16FUl
80322C08:setTevRegOffset__18J3DTevBlockPatchedFUl
8003CF40:setTevSettingIntensityTextureToCI__18dRenderingFDAmap_cCFv
8003CE78:setTevSettingNonTextureDirectColor__18dRenderingFDAmap_cCFv
802F19A8:setTevStageInfo__11J2DTevStageFRC15J2DTevStageInfo
8000E298:setTevStageInfo__11J3DTevStageFRC15J3DTevStageInfo
802F2A58:setTevStageNum__11J2DTevBlockFUc
8032354C:setTevStageNum__11J3DTevBlockFPCUc
8000E0C8:setTevStageNum__11J3DTevBlockFUc
802F28CC:setTevStageNum__12J2DTevBlock1FUc
802F2628:setTevStageNum__12J2DTevBlock2FUc
802F2384:setTevStageNum__12J2DTevBlock4FUc
802F20E4:setTevStageNum__12J2DTevBlock8FUc
80322818:setTevStageNum__12J3DTevBlock1FPCUc
80322814:setTevStageNum__12J3DTevBlock1FUc
80322580:setTevStageNum__12J3DTevBlock2FPCUc
80322578:setTevStageNum__12J3DTevBlock2FUc
803221BC:setTevStageNum__12J3DTevBlock4FPCUc
803221B4:setTevStageNum__12J3DTevBlock4FUc
802F1E44:setTevStageNum__13J2DTevBlock16FUc
80321DF0:setTevStageNum__13J3DTevBlock16FPCUc
80321DE8:setTevStageNum__13J3DTevBlock16FUc
803229AC:setTevStageNum__18J3DTevBlockPatchedFPCUc
803229A4:setTevStageNum__18J3DTevBlockPatchedFUc
802F2A5C:setTevStage__11J2DTevBlockFUl11J2DTevStage
80302388:setTevStage__11J2DWindowExFb
8000E0A8:setTevStage__11J3DTevBlockFUl11J3DTevStage
80323550:setTevStage__11J3DTevBlockFUlPC11J3DTevStage
803053E0:setTevStage__12J2DPictureExFUcUcb
802F28D8:setTevStage__12J2DTevBlock1FUl11J2DTevStage
802F2638:setTevStage__12J2DTevBlock2FUl11J2DTevStage
802F2394:setTevStage__12J2DTevBlock4FUl11J2DTevStage
802F20F4:setTevStage__12J2DTevBlock8FUl11J2DTevStage
80307EF0:setTevStage__12J2DTextBoxExFb
80322824:setTevStage__12J3DTevBlock1FUl11J3DTevStage
80322860:setTevStage__12J3DTevBlock1FUlPC11J3DTevStage
80322594:setTevStage__12J3DTevBlock2FUl11J3DTevStage
803225D0:setTevStage__12J3DTevBlock2FUlPC11J3DTevStage
803221D0:setTevStage__12J3DTevBlock4FUl11J3DTevStage
8032220C:setTevStage__12J3DTevBlock4FUlPC11J3DTevStage
802F1E54:setTevStage__13J2DTevBlock16FUl11J2DTevStage
80321E04:setTevStage__13J3DTevBlock16FUl11J3DTevStage
80321E40:setTevStage__13J3DTevBlock16FUlPC11J3DTevStage
80322A30:setTevStage__18J3DTevBlockPatchedFUl11J3DTevStage
80322A6C:setTevStage__18J3DTevBlockPatchedFUlPC11J3DTevStage
80144D18:setTevStr__12daItemBase_cFv
8015CE94:setTevStr__8daItem_cFv
802F2A60:setTevSwapModeInfo__11J2DTevBlockFUl18J2DTevSwapModeInfo
80322958:setTevSwapModeInfo__11J3DTevBlockFUl18J3DTevSwapModeInfo
8032295C:setTevSwapModeInfo__11J3DTevBlockFUlPC18J3DTevSwapModeInfo
802F2928:setTevSwapModeInfo__12J2DTevBlock1FUl18J2DTevSwapModeInfo
802F2688:setTevSwapModeInfo__12J2DTevBlock2FUl18J2DTevSwapModeInfo
802F23E4:setTevSwapModeInfo__12J2DTevBlock4FUl18J2DTevSwapModeInfo
802F2144:setTevSwapModeInfo__12J2DTevBlock8FUl18J2DTevSwapModeInfo
80322620:setTevSwapModeInfo__12J3DTevBlock2FUl18J3DTevSwapModeInfo
80322658:setTevSwapModeInfo__12J3DTevBlock2FUlPC18J3DTevSwapModeInfo
8032225C:setTevSwapModeInfo__12J3DTevBlock4FUl18J3DTevSwapModeInfo
80322294:setTevSwapModeInfo__12J3DTevBlock4FUlPC18J3DTevSwapModeInfo
802F1EA4:setTevSwapModeInfo__13J2DTevBlock16FUl18J2DTevSwapModeInfo
80321E90:setTevSwapModeInfo__13J3DTevBlock16FUl18J3DTevSwapModeInfo
80321EC8:setTevSwapModeInfo__13J3DTevBlock16FUlPC18J3DTevSwapModeInfo
802F2A64:setTevSwapModeTable__11J2DTevBlockFUl19J2DTevSwapModeTable
8000E0B0:setTevSwapModeTable__11J3DTevBlockFUl19J3DTevSwapModeTable
80322960:setTevSwapModeTable__11J3DTevBlockFUlPC19J3DTevSwapModeTable
802F2960:setTevSwapModeTable__12J2DTevBlock1FUl19J2DTevSwapModeTable
802F26C0:setTevSwapModeTable__12J2DTevBlock2FUl19J2DTevSwapModeTable
802F241C:setTevSwapModeTable__12J2DTevBlock4FUl19J2DTevSwapModeTable
802F217C:setTevSwapModeTable__12J2DTevBlock8FUl19J2DTevSwapModeTable
80322690:setTevSwapModeTable__12J3DTevBlock2FUl19J3DTevSwapModeTable
803226A0:setTevSwapModeTable__12J3DTevBlock2FUlPC19J3DTevSwapModeTable
803222CC:setTevSwapModeTable__12J3DTevBlock4FUl19J3DTevSwapModeTable
803222DC:setTevSwapModeTable__12J3DTevBlock4FUlPC19J3DTevSwapModeTable
802F1EDC:setTevSwapModeTable__13J2DTevBlock16FUl19J2DTevSwapModeTable
80321F00:setTevSwapModeTable__13J3DTevBlock16FUl19J3DTevSwapModeTable
80321F10:setTevSwapModeTable__13J3DTevBlock16FUlPC19J3DTevSwapModeTable
8030FF0C:setTexCacheRegion__6J3DSysF15_GXTexCacheSize
802FED44:setTexCoord__10J2DPictureFPC10JUTTexture10J2DBinding9J2DMirrorb
802FED84:setTexCoord__10J2DPictureFPQ29JGeometry8TVec2<s>PC10JUTTexture10J2DBinding9J2DMirrorb
8000E0CC:setTexCoord__14J3DTexGenBlockFUlPC11J3DTexCoord
80322D50:setTexCoord__21J3DTexGenBlockPatchedFUlPC11J3DTexCoord
8031741C:setTexGenNum__14J3DTexGenBlockFPCUl
8000E0D0:setTexGenNum__14J3DTexGenBlockFUl
80322D3C:setTexGenNum__21J3DTexGenBlockPatchedFPCUl
80322D34:setTexGenNum__21J3DTexGenBlockPatchedFUl
8032C5E4:setTexMtxAnm__14J3DMaterialAnmFiP12J3DTexMtxAnm
80317430:setTexMtxOffset__14J3DTexGenBlockFUl
80322DA0:setTexMtxOffset__21J3DTexGenBlockPatchedFUl
802EB6A4:setTexMtx__14J2DTexGenBlockFUlR9J2DTexMtx
8003AB2C:setTexMtx__14J3DTexGenBlockFUlP9J3DTexMtx
80322D78:setTexMtx__21J3DTexGenBlockPatchedFUlP9J3DTexMtx
8032C624:setTexNoAnm__14J3DMaterialAnmFiP11J3DTexNoAnm
80321FE0:setTexNoOffset__11J3DTevBlockFUl
802EB1DC:setTexNo__11J2DTevBlockFUlUs
80323544:setTexNo__11J3DTevBlockFUlPCUs
8000E0AC:setTexNo__11J3DTevBlockFUlUs
802F27B4:setTexNo__12J2DTevBlock1FUlUs
802F2510:setTexNo__12J2DTevBlock2FUlUs
802F226C:setTexNo__12J2DTevBlock4FUlUs
802F1FCC:setTexNo__12J2DTevBlock8FUlUs
803227B4:setTexNo__12J3DTevBlock1FUlPCUs
803227A4:setTexNo__12J3DTevBlock1FUlUs
803223F0:setTexNo__12J3DTevBlock2FUlPCUs
803223E0:setTexNo__12J3DTevBlock2FUlUs
8032202C:setTexNo__12J3DTevBlock4FUlPCUs
8032201C:setTexNo__12J3DTevBlock4FUlUs
802F1D2C:setTexNo__13J2DTevBlock16FUlUs
80321C60:setTexNo__13J3DTevBlock16FUlPCUs
80321C50:setTexNo__13J3DTevBlock16FUlUs
803229D0:setTexNo__18J3DTevBlockPatchedFUlPCUs
803229C0:setTexNo__18J3DTevBlockPatchedFUlUs
802CBF60:setTextCount__12Z2SpeechMgr2Fs
801921F8:setText__15dFile_warning_cFUl
802F2A84:setTexture__11J2DTevBlockFUlP10JUTTexture
802F2A8C:setTexture__11J2DTevBlockFUlPC7ResTIMG
802EC01C:setTexture__12J2DTevBlock1FUlP10JUTTexture
802EBE8C:setTexture__12J2DTevBlock1FUlPC7ResTIMG
802ED16C:setTexture__12J2DTevBlock2FUlP10JUTTexture
802ECF48:setTexture__12J2DTevBlock2FUlPC7ResTIMG
802EE5F0:setTexture__12J2DTevBlock4FUlP10JUTTexture
802EE364:setTexture__12J2DTevBlock4FUlPC7ResTIMG
802EFA98:setTexture__12J2DTevBlock8FUlP10JUTTexture
802EF80C:setTexture__12J2DTevBlock8FUlPC7ResTIMG
802F0F18:setTexture__13J2DTevBlock16FUlP10JUTTexture
802F0C8C:setTexture__13J2DTevBlock16FUlPC7ResTIMG
801C0D70:setTexture__15dMenu_DmapMap_cFUsUsUsUs
801CF394:setTexture__15dMenu_FmapMap_cFUsUsUsUs
800E05E8:setThrowBoomerangAnime__9daAlink_cFv
800D7160:setThrowDamage__9daAlink_cFsffiii
8014173C:setThrowDamage__9daPy_py_cFsffiii
802B3398:setTimeProcVolMod__8Z2SeqMgrFbUl
80292BC0:setTimebase__8JASTrackFUs
8002CBA4:setTimerLimitTimeMs__14dComIfG_play_cFi
8002CBB4:setTimerMode__14dComIfG_play_cFi
8002CB94:setTimerNowTimeMs__14dComIfG_play_cFi
8025FA2C:setTimerPos__21dDlst_TimerScrnDraw_cFff
8002CBD4:setTimerPtr__14dComIfG_play_cFP8dTimer_c
8002CBC4:setTimerType__14dComIfG_play_cFUc
8025EEF0:setTimer__21dDlst_TimerScrnDraw_cFi
800B3358:setTiredVoice__9daAlink_cFP16daPy_frameCtrl_c
801D6F38:setTitleNameString__17dMenu_Fmap2DTop_cFUl
801CC85C:setTitleName__12dMenu_Fmap_cFUl
801186D4:setTradeItemAnime__9daAlink_cFv
80118778:setTradeItemOutHand__9daAlink_cFv
802D4034:setTransBuffer__13JKRAramStreamFPUcUlP7JKRHeap
80027D04:setTresure__15dStage_roomDt_cFP19stage_tresure_class
800281F8:setTresure__16dStage_stageDt_cFP19stage_tresure_class
802B9AD0:setTwilightGateVol__8Z2SeqMgrFf
80165104:setUSOAngle__9dCamera_cFv
802F2AC8:setUndeleteFlag__11J2DTevBlockFUc
802F2A20:setUndeleteFlag__12J2DTevBlock1FUc
802F2780:setUndeleteFlag__12J2DTevBlock2FUc
802F24DC:setUndeleteFlag__12J2DTevBlock4FUc
802F223C:setUndeleteFlag__12J2DTevBlock8FUc
802F1F9C:setUndeleteFlag__13J2DTevBlock16FUc
800AD8F4:setUnderAnimeMorf__9daAlink_cFf
800ADAB8:setUnderAnimeParam__9daAlink_cFUsQ29daAlink_c13daAlink_UNDERPC16daAlinkHIO_anm_c
800AD964:setUnderAnime__9daAlink_cFUsQ29daAlink_c13daAlink_UNDERffsf
802BAE48:setUnderWaterFx__11Z2FxLineMgrFb
800AD374:setUpperAnimeBaseMorf__9daAlink_cFUsf
800AD3A8:setUpperAnimeBaseSpeed__9daAlink_cFUsff
800AD340:setUpperAnimeBase__9daAlink_cFUs
800AD2D8:setUpperAnimeMorf__9daAlink_cFf
800AD6F0:setUpperAnimeParam__9daAlink_cFUsQ29daAlink_c13daAlink_UPPERPC16daAlinkHIO_anm_c
800AD3D8:setUpperAnime__9daAlink_cFUsQ29daAlink_c13daAlink_UPPERffsf
8009E7B8:setUpperFront__9daAlink_cFv
800DD008:setUpperGuardAnime__9daAlink_cFf
8028D800:setValue_ECHO___Q215JStudio_JAudio226@unnamed@object_sound_cpp@FP8JAISoundf
8028D750:setValue_PAN___Q215JStudio_JAudio226@unnamed@object_sound_cpp@FP8JAISoundf
8028D778:setValue_PITCH___Q215JStudio_JAudio226@unnamed@object_sound_cpp@FP8JAISoundf
8028D7A0:setValue_TEMPO___Q215JStudio_JAudio226@unnamed@object_sound_cpp@FP8JAISoundf
8028D728:setValue_VOLUME___Q215JStudio_JAudio226@unnamed@object_sound_cpp@FP8JAISoundf
80310F78:setVertexData__15J3DVertexBufferFP13J3DVertexData
8034CCEC:setVerticalRegs
801E70E8:setVibString__14dMenu_Option_cFv
8003469C:setVibration__19dSv_player_config_cFUc
80051AC0:setViewPort__14dDlst_window_cFffffff
80258B2C:setView__10dScnName_cFv
80165FB4:setView__9dCamera_cFffff
802F8118:setVisibileAnimation__7J2DPaneFP20J2DAnmVisibilityFull
802E4C34:setVisible__12JUTAssertionFb
80027714:setVrboxInfo__15dStage_roomDt_cFP22stage_vrbox_info_class
80027E98:setVrboxInfo__16dStage_stageDt_cFP22stage_vrbox_info_class
800278D4:setVrboxNumInfo__15dStage_roomDt_cFi
80027EF8:setVrboxNumInfo__16dStage_stageDt_cFi
80027724:setVrboxcolInfo__15dStage_roomDt_cFP25stage_vrboxcol_info_class
80027EA8:setVrboxcolInfo__16dStage_stageDt_cFP25stage_vrboxcol_info_class
800278E4:setVrboxcolNumInfo__15dStage_roomDt_cFi
80027F08:setVrboxcolNumInfo__16dStage_stageDt_cFi
802F81A0:setVtxColorAnimation__7J2DPaneFP14J2DAnmVtxColor
80032088:setWaitParm__9STControlFssssffss
8018CE38:setWakuAnm__14dFile_select_cFv
800E7ED0:setWallGrabStatus__9daAlink_cFUcUc
801B3340:setWalletMaxNum__17dMenu_Collect2D_cFUs
80033C2C:setWarashibeItem__17dSv_player_item_cFUc
8021CC0C:setWarpInfo__13dMeter2Info_cFPCcRC4cXyzsUcUcUc
8002F128:setWarpItemData__14dComIfG_play_cFPCc4cXyzsScUcUc
80032F2C:setWarpItemData__27dSv_player_last_mark_info_cFPCcRC4cXyzsScUcUc
8003AD08:setWarpSRT__11dRes_info_cFP12J3DModelDataRC4cXyzff
800CC364:setWaterDropColor__9daAlink_cFPC13J3DGXColorS10
801241E0:setWaterDropEffect__9daAlink_cFv
80101CF4:setWaterInAnmRate__9daAlink_cFP16daPy_frameCtrl_cf
8004C838:setWaterRipple__13dPa_control_cFPUlR13cBgS_PolyInfoPC4cXyzfPC12dKy_tevstr_cPC4cXyzSc
800B14B4:setWaterY__9daAlink_cFv
801225E8:setWaterfallEffect__9daAlink_cFPC4cXyzPUl
80122654:setWaterfallEffect__9daAlink_cFv
80298A84:setWaveCount__Q216JASBasicWaveBank10TWaveGroupFUlP7JKRHeap
80298910:setWaveInfo__16JASBasicWaveBankFPQ216JASBasicWaveBank10TWaveGroupiUsRC11JASWaveInfo
80298E84:setWaveInfo__17JASSimpleWaveBankFUlRC11JASWaveInfo
8029DD8C:setWaveInfo__Q26JASDsp8TChannelFRC11JASWaveInfoUlUl
80298710:setWaveTableSize__16JASBasicWaveBankFUlP7JKRHeap
80298DE0:setWaveTableSize__17JASSimpleWaveBankFUlP7JKRHeap
80014EA4:setWeight__10J3DMtxCalcFUcf
80053C44:setWhite__10J2DPictureFQ28JUtility6TColor
80186C84:setWhite__10J2DTextBoxFQ28JUtility6TColor
803027EC:setWhite__11J2DWindowExFQ28JUtility6TColor
803063F8:setWhite__12J2DPictureExFQ28JUtility6TColor
803082C4:setWhite__12J2DTextBoxExFQ28JUtility6TColor
802543E0:setWhite__9J2DWindowFQ28JUtility6TColor
802C7FC8:setWindDirection__10Z2EnvSeMgrFP3Vec
800A7CB0:setWindSpeed__9daAlink_cFv
802B9AFC:setWindStoneVol__8Z2SeqMgrFfUl
8012CB0C:setWolfAnmVoice__9daAlink_cFv
800AA7EC:setWolfAtCollision__9daAlink_cFv
80128F5C:setWolfAtnMoveDirection__9daAlink_cFv
80138DC0:setWolfBallModel__9daAlink_cFv
80123ED0:setWolfBarrierHitEffect__9daAlink_cFR11dBgS_LinChk
801396F8:setWolfBiteDamage__9daAlink_cFP13fopEn_enemy_c
8012C30C:setWolfChainPos__9daAlink_cFv
800AB878:setWolfCollisionPos__9daAlink_cFv
801239B0:setWolfDigEffect__9daAlink_cFv
80127D50:setWolfDigStatus__9daAlink_cFUc
800D0970:setWolfEnemyHangBiteAngle__9daAlink_cFs
801417F0:setWolfEnemyHangBiteAngle__9daPy_py_cFs
80139600:setWolfEnemyHangBitePos__9daAlink_cFP13fopEn_enemy_c
801395B4:setWolfEnemyThrowUpperAnime__9daAlink_cFQ29daAlink_c12daAlink_WANMf
802C3AFC:setWolfEyeOpen__14Z2CreatureLinkFb
8012AD1C:setWolfFootMatrix__9daAlink_cFv
80121214:setWolfFootOn__9daAlink_cFi
80135458:setWolfHangGroundY__9daAlink_cFv
80136064:setWolfHeadDamage__9daAlink_cFv
80130654:setWolfHowlNotHappen__9daAlink_cFi
801312C8:setWolfHowling__15daObj_Sekizoa_cFv
800A9F4C:setWolfItemMatrix__9daAlink_cFv
80123D88:setWolfJumpAttackEffect__9daAlink_cFv
80137330:setWolfLieMoveVoice__9daAlink_cFi
80123C8C:setWolfLockAttackEffect__9daAlink_cFv
80138CB8:setWolfLockDomeModel__9daAlink_cFv
801238FC:setWolfRollAttackEffect__9daAlink_cFv
80131AFC:setWolfRopeOffsetY__9daAlink_cFi
80131718:setWolfRopePosY__9daAlink_cFv
80136EC4:setWolfScreamWaitAnime__9daAlink_cFv
80127D14:setWolfSenceStatus__9daAlink_cFUc
80123BF0:setWolfSwimEndEffect__9daAlink_cFPP14JPABaseEmitterPP14JPABaseEmitter
80127E08:setWolfTailAngle__9daAlink_cFv
8012C1F4:setWolfWaitSlip__9daAlink_cFv
80125524:setWoodShieldBurnEffect__9daAlink_cFv
80125628:setWoodShieldBurnOutEffect__9daAlink_cFv
801E7D60:setZButtonString__14dMenu_Option_cFUs
801D70E8:setZButtonString__17dMenu_Fmap2DTop_cFUlUc
80317378:setZCompLoc__10J3DPEBlockFPCUc
8000E010:setZCompLoc__10J3DPEBlockFUc
80321A30:setZCompLoc__14J3DPEBlockFullFPCUc
80321A28:setZCompLoc__14J3DPEBlockFullFUc
80321B94:setZCompLoc__16J3DPEBlockFogOffFPCUc
80321B8C:setZCompLoc__16J3DPEBlockFogOffFUc
8000E014:setZMode__10J3DPEBlockF8J3DZMode
80317374:setZMode__10J3DPEBlockFPC8J3DZMode
80321A08:setZMode__14J3DPEBlockFullF8J3DZMode
80321A14:setZMode__14J3DPEBlockFullFPC8J3DZMode
80321B6C:setZMode__16J3DPEBlockFogOffF8J3DZMode
80321B78:setZMode__16J3DPEBlockFogOffFPC8J3DZMode
8025BAAC:setZoneNo__20dStage_roomControl_cFii
80196BA4:setZoomAnime__15dShopItemCtrl_cFiP4cXyzsb
8003A348:set__11dRes_info_cFPCcPCcUcP7JKRHeap
80056794:set__12dDlst_list_cFRPP12dDlst_base_cRPP12dDlst_base_cP12dDlst_base_c
8004CA90:set__13dPa_control_cFUcUsPC4cXyzPC12dKy_tevstr_cPC5csXyzPC4cXyzUcP18dPa_levelEcallBackScPC8_GXColorPC8_GXColorPC4cXyzf
8004D4CC:set__13dPa_control_cFUlUcUsPC4cXyzPC12dKy_tevstr_cPC5csXyzPC4cXyzUcP18dPa_levelEcallBackScPC8_GXColorPC8_GXColorPC4cXyzf
80032C64:set__17dSv_horse_place_cFPCcRC4cXyzsSc
80034FA4:set__17dSv_turnRestart_cFRC4cXyzsScUl
80054288:set__18dDlst_shadowPoly_cFP10cBgD_Vtx_tUsUsUsP8cM3dGPla
80055028:set__18dDlst_shadowReal_cFUlP8J3DModelP4cXyzffP12dKy_tevstr_cff
80023E28:set__18dStage_nextStage_cFPCcScsScScUc
8004B168:set__19dPa_simpleEcallBackFPC4cXyzPC12dKy_tevstr_cUcRC8_GXColorRC8_GXColorif
8002419C:set__19dStage_startStage_cFPCcScsSc
800553EC:set__20dDlst_shadowSimple_cFP4cXyzffP4cXyzsfP9_GXTexObj
80032D1C:set__25dSv_player_return_place_cFPCcScUc
80032DE0:set__33dSv_player_field_last_stay_info_cFPCcRC4cXyzsScUc
80182D8C:set__4cXyzFfff
8026F8C8:set__8cM3dGTriFPC3VecPC3VecPC3VecPC3Vec
8004A608:set__Q218dPa_modelEcallBack7model_cFP12J3DModelDataRC12dKy_tevstr_cUcPvUcUc
802A65D4:set__Q23std16__bitset_base<8>FUlb
80030F14:set__Q27daSus_c6data_cFScRC4cXyzRC4cXyzUcUcUc
8015D834:set_bound_se__8daItem_cFv
8019095C:set_mtx__16dFile_select3D_cFv
801B6D30:set_mtx__17dMenu_Collect3D_cFv
80054ACC:setkankyoShadow__FP12dKy_tevstr_cPf
80144CC4:settingBeforeDraw__12daItemBase_cFv
801A37C4:settingTevStruct__18dScnKy_env_light_cFiP4cXyzP12dKy_tevstr_c
801A1D64:settingTevStruct_colget_actor__18dScnKy_env_light_cFP4cXyzP12dKy_tevstr_cP11_GXColorS10P11_GXColorS10PfPf
801A1F58:settingTevStruct_colget_player__18dScnKy_env_light_cFP12dKy_tevstr_c
801A2128:settingTevStruct_plightcol_plus__18dScnKy_env_light_cFP4cXyzP12dKy_tevstr_c11_GXColorS1011_GXColorS10Uc
802E8C44:setup2D__14J2DGrafContextFv
80290AD0:setupAramHeap__9JASKernelFUlUl
80334EE0:setupBBoardInfo__14J3DModelLoaderFv
801B75E8:setupItem3D__17dMenu_Collect3D_cFPA4_f
8004ACC0:setupModel__18dPa_modelEcallBackFP14JPABaseEmitter
802909B8:setupRootHeap__9JASKernelFP12JKRSolidHeapUl
8001528C:setup__14mDoLib_clipperFffff
8004AAA8:setup__18dPa_modelEcallBackFP14JPABaseEmitterPC4cXyzPC5csXyzSc
800496B4:setup__19dPa_followEcallBackFP14JPABaseEmitterPC4cXyzPC5csXyzSc
8004979C:setup__19dPa_light8EcallBackFP14JPABaseEmitterPC4cXyzPC5csXyzSc
800502E0:setup__21dPa_setColorEcallBackFP14JPABaseEmitterPC4cXyzPC5csXyzSc
8004FABC:setup__22dPa_hermiteEcallBack_cFP14JPABaseEmitterPC4cXyzPC5csXyzSc
80050010:setup__22dPa_selectTexEcallBackFP14JPABaseEmitterPC4cXyzPC5csXyzSc
800497B0:setup__25dPa_gen_b_light8EcallBackFP14JPABaseEmitterPC4cXyzPC5csXyzSc
800497CC:setup__25dPa_gen_d_light8EcallBackFP14JPABaseEmitterPC4cXyzPC5csXyzSc
8004A7AC:setup__Q218dPa_modelEcallBack7model_cFv
8029E540:setup_callback__FUs
803962B8:sfont_name$5821
800CBC18:shadowDraw__9daAlink_cFv
80180D24:shakeCamera__9dCamera_cFv
80451818:shdwChangeMode
80451820:shdwChanged
8044CAA0:shdwRegs
802297E4:shiftCharCountBuffer__19jmessage_tReferenceFv
802F2AC4:shiftDeleteFlag__11J2DTevBlockFUcb
802EC318:shiftDeleteFlag__12J2DTevBlock1FUcb
802ED4FC:shiftDeleteFlag__12J2DTevBlock2FUcb
802EE9A4:shiftDeleteFlag__12J2DTevBlock4FUcb
802EFE40:shiftDeleteFlag__12J2DTevBlock8FUcb
802F12C0:shiftDeleteFlag__13J2DTevBlock16FUcb
80305DC0:shiftSetBlendRatio__12J2DPictureExFUcfbb
80391C0C:shikoScale$40012
80195E18:shop_cam_action__16ShopCam_action_cFv
80195C9C:shop_cam_action_init__16ShopCam_action_cFv
803BB870:shop_cam_data_tbl
8019A0D0:shop_init__13dShopSystem_cFb
804506F8:shop_item_pos_data_tbl
8019A158:shop_process__13dShopSystem_cFP10fopAc_ac_cP10dMsgFlow_c
802E22C4:showFloatSub__12JUTExceptionFif
802E2454:showFloat__12JUTExceptionFP9OSContext
802E2CA0:showGPRMap__12JUTExceptionFP9OSContext
802E2A84:showGPR__12JUTExceptionFP9OSContext
8024E7EC:showIcon__7dName_cFv
802E27B0:showMainInfo__12JUTExceptionFUsP9OSContextUlUl
802E2B44:showMapInfo_subroutine__12JUTExceptionFUlb
802E2DAC:showSRR0Map__12JUTExceptionFP9OSContext
802E26B0:showStack__12JUTExceptionFP9OSContext
80037A74:show__12daItemBase_cFv
802555C8:show__13CPaneMgrAlphaFv
803258D8:show__13J3DShapeTableFv
8044D878:signal_funcs
800A9248:simpleAnmPlay__9daAlink_cFP10J3DAnmBase
8032600C:simpleCalcMaterial__12J3DModelDataFUsPA4_f
803156AC:simpleDrawCache__8J3DShapeCFv
80315628:simpleDraw__8J3DShapeCFv
8036C590:sin
80439A20:sincosTable___5JMath
8036C9E8:sinf
8031256C:single_To_Double__17J3DDisplayListObjFv
80395EE0:size_1$4081
80395F10:size_unit_1$4082
801B59A8:skill_close_init__17dMenu_Collect2D_cFv
801B59E4:skill_close_proc__17dMenu_Collect2D_cFv
801F7978:skill_init_calc__13dMenu_Skill_cFv
801B58FC:skill_move_init__17dMenu_Collect2D_cFv
801B5938:skill_move_proc__17dMenu_Collect2D_cFv
801B57F0:skill_open_init__17dMenu_Collect2D_cFv
801B588C:skill_open_proc__17dMenu_Collect2D_cFv
802CBB58:skipCorrectDemo__13Z2WolfHowlMgrFv
8011F8B8:skipPortalObjWarp__9daAlink_cFv
8014183C:skipPortalObjWarp__9daPy_py_cFv
802DC2F0:skip__14JSUInputStreamFl
802DC3FC:skip__20JSURandomInputStreamFl
800429D4:skipper__14dEvt_control_cFv
801DE24C:slide_left_init__14dMenu_Letter_cFv
801DE2D0:slide_left_move__14dMenu_Letter_cFv
801DE164:slide_right_init__14dMenu_Letter_cFv
801DE1E8:slide_right_move__14dMenu_Letter_cFv
803918D0:slingLocalPos$12042
80395050:smell_tag$5891
804531E0:smokeID$53111
80391BAC:smokeParticleScale$39643
80391BE8:smokeParticleScale$39891
804512D8:snIntCount__14JASAudioThread
804531D8:snowID$53110
803665BC:snprintf
804511F0:soOutput_none___Q27JStudio14TVariableValue
803A8270:soecial_names$3966
80450BF4:solidHeapErrors
8043101C:soovv_actor_PARENT_ENABLE___Q27JStudio28@unnamed@jstudio_object_cpp@
80431038:soovv_actor_RELATION_ENABLE___Q27JStudio28@unnamed@jstudio_object_cpp@
80431054:soovv_camera_PARENT_ENABLE___Q27JStudio28@unnamed@jstudio_object_cpp@
80431070:soovv_camera_TARGET_PARENT_ENABLE___Q27JStudio28@unnamed@jstudio_object_cpp@
8043108C:soovv_light_ENABLE___Q27JStudio28@unnamed@jstudio_object_cpp@
804310E0:soovv_particle_ON_EXIT_NOT_END___Q27JStudio28@unnamed@jstudio_object_cpp@
804310A8:soovv_particle_PARENT_ENABLE___Q27JStudio28@unnamed@jstudio_object_cpp@
804310C4:soovv_particle_REPEAT___Q27JStudio28@unnamed@jstudio_object_cpp@
80431134:soovv_sound_CONTINUOUS___Q27JStudio28@unnamed@jstudio_object_cpp@
80431150:soovv_sound_LOCATED___Q27JStudio28@unnamed@jstudio_object_cpp@
8043116C:soovv_sound_ON_EXIT_NOT_END___Q27JStudio28@unnamed@jstudio_object_cpp@
804310FC:soovv_sound_PARENT_ENABLE___Q27JStudio28@unnamed@jstudio_object_cpp@
80431118:soovv_sound_REPEAT___Q27JStudio28@unnamed@jstudio_object_cpp@
8029FD40:sortByPriority___16JAISeCategoryMgrFv
803CEC30:sortFuncTable__13J3DDrawBuffer
800716B8:sortList__12dAttention_cFv
8032597C:sortVcdVatCmd__13J3DShapeTableFv
80071D6C:sound_attention__FP10fopAc_ac_cPv
801E4488:sound_init__14dMenu_Option_cFv
801E44E0:sound_move__14dMenu_Option_cFv
800B2664:spActionButton__9daAlink_cFv
800B2688:spActionTrigger__9daAlink_cFv
802CC190:speakOneWord__12Z2SpeechMgr2Fb
80048520:specialCast_Shutter__16dEvent_manager_cFsi
80048618:specialCast__16dEvent_manager_cFPCci
80044CB8:specialProcCreate__12dEvDtStaff_cFv
80044EE4:specialProcDirector__12dEvDtStaff_cFv
80045C34:specialProcEffect__12dEvDtStaff_cFv
80044190:specialProcLight__12dEvDtStaff_cFv
80044324:specialProcMessage__12dEvDtStaff_cFv
80045878:specialProcPackage__12dEvDtStaff_cFv
80044A58:specialProcSound__12dEvDtStaff_cFv
80045AFC:specialProcTimekeeper__12dEvDtStaff_cFv
8004403C:specialProc_WaitProc__12dEvDtStaff_cFi
80043FD8:specialProc_WaitStart__12dEvDtStaff_cFi
80044080:specialProc__12dEvDtStaff_cFv
80043F70:specialStaffProc__12dEvDtEvent_cFP12dEvDtStaff_c
8042C8F8:specialType__22@unnamed@d_camera_cpp@
80165C08:sph_chk_callback__FP11dBgS_SphChkP10cBgD_Vtx_tiiiP8cM3dGPlaPv
802DCB08:splice__Q27JGadget13TNodeLinkListFQ37JGadget13TNodeLinkList8iteratorRQ27JGadget13TNodeLinkListQ37JGadget13TNodeLinkList8iterator
801C950C:spot_map_init__12dMenu_Fmap_cFv
801C9618:spot_map_proc__12dMenu_Fmap_cFv
803664DC:sprintf
8036CA54:sqrt
8005AC30:squal_proc__Fv
804513EC:srcAddress
801526E8:srchActor__8daNpcF_cFPvPv
80147FD4:srchActor__8daNpcT_cFPvPv
80152654:srchAttnActor1__8daNpcF_cFPvPv
8014B338:srchPlayerActor__8daNpcT_cFv
803C4464:st_aa__12JPABaseShape
803C43F4:st_ao__12JPABaseShape
803C436C:st_bf__12JPABaseShape
803C4360:st_bm__12JPABaseShape
803C43D4:st_c__12JPABaseShape
803C4404:st_ca__12JPABaseShape
803C4394:st_lo__12JPABaseShape
802A7C30:stack_popCurrent__Q28JMessage10TProcessorFv
802A7BF8:stack_pushCurrent__Q28JMessage10TProcessorFPCc
801D4E80:stageMapMove__18dMenu_Fmap2DBack_cFP9STControlUcb
801D3BBC:stageOriginDraw__18dMenu_Fmap2DBack_cFv
801D3094:stageTextureDraw__18dMenu_Fmap2DBack_cFv
803BD63C:stage_name$7304
803BD64C:stage_name$7361
8037A568:star_col$9440
802B4EB0:startBattleBgm__8Z2SeqMgrFb
802C2290:startChainSoundLevel__12Z2CreatureFMF10JAISoundIDUcfUlSc
802C2194:startChainSound__12Z2CreatureFMF10JAISoundIDUcfUlSc
80047A38:startCheckOld__16dEvent_manager_cFPCc
800460A8:startCheck__10dEvDtCut_cFv
800479F8:startCheck__16dEvent_manager_cFs
802C0BE8:startCollisionSE__10Z2CreatureFUlUl
802C4784:startCollisionSE__14Z2CreatureLinkFUlUl
802BE4A4:startCollisionSE__14Z2SoundObjBaseFUlUlP14Z2SoundObjBase
802C1A14:startCollisionSE__15Z2CreatureEnemyFUlUl
80037BF4:startControl__8daItem_cFv
802C0BAC:startCreatureExtraSoundLevel__10Z2CreatureF10JAISoundIDUlSc
802C19D8:startCreatureExtraSoundLevel__15Z2CreatureEnemyF10JAISoundIDUlSc
802C0B70:startCreatureExtraSound__10Z2CreatureF10JAISoundIDUlSc
802C199C:startCreatureExtraSound__15Z2CreatureEnemyF10JAISoundIDUlSc
802C087C:startCreatureSoundLevel__10Z2CreatureF10JAISoundIDUlSc
802C29D4:startCreatureSoundLevel__12Z2CreatureOIF10JAISoundIDUlSc
802C136C:startCreatureSoundLevel__15Z2CreatureEnemyF10JAISoundIDUlSc
802C0720:startCreatureSound__10Z2CreatureF10JAISoundIDUlSc
802C110C:startCreatureSound__15Z2CreatureEnemyF10JAISoundIDUlSc
802C0AF8:startCreatureVoiceLevel__10Z2CreatureF10JAISoundIDSc
802C24D0:startCreatureVoiceLevel__13Z2CreatureGobF10JAISoundIDSc
802C1948:startCreatureVoiceLevel__15Z2CreatureEnemyF10JAISoundIDSc
802C0A4C:startCreatureVoice__10Z2CreatureF10JAISoundIDSc
802C168C:startCreatureVoice__15Z2CreatureEnemyF10JAISoundIDSc
802C0ED8:startCreatureVoice__17Z2CreatureCitizenF10JAISoundIDSc
80037BE0:startCtrl__8daItem_cFv
802D38CC:startDMA__12JKRAramPieceFP12JKRAMCommand
8029C4E4:startDMA__9JASDriverFv
802C60E0:startEnvSeAutoPanLevel__14Z2EnvSeAutoPanF10JAISoundIDfff
802C5E90:startEnvSeDirLevel__10Z2EnvSeDirF10JAISoundIDff
802C5AB4:startEnvSeLevel__11Z2EnvSeBaseF10JAISoundIDfffffUl
802C5908:startEnvSe__11Z2EnvSeBaseF10JAISoundIDfffffUl
802C8C48:startEtcSe__10Z2EnvSeMgrFSc
802E576C:startFadeIn__8JUTFaderFi
802E579C:startFadeOut__8JUTFaderFi
802C8890:startFallSe__10Z2EnvSeMgrFSc
802C7E68:startFarThunderSe__10Z2EnvSeMgrFP3VecSc
802C56C0:startFireSound__15Z2SoundObjCoachFUs
802C9400:startFogSe__10Z2EnvSeMgrFv
802C92EC:startFogWipeTrigger__10Z2EnvSeMgrFP3Vec
802CBA88:startGuideMelody__13Z2WolfHowlMgrFb
802C4814:startHitItemSE__14Z2CreatureLinkFUlUlP14Z2SoundObjBasef
802BE2D4:startLevelSound__14Z2SoundObjBaseF10JAISoundIDUlSc
802A2FEC:startLevelSound__15JAISoundStarterF10JAISoundIDP14JAISoundHandlePCQ29JGeometry8TVec3<f>
802BE9B0:startLevelSound__16Z2SoundObjSimpleF10JAISoundIDUlSc
802BE7AC:startLevelSound__21Z2DopplerSoundObjBaseF10JAISoundIDUlSc
802C3E68:startLinkSoundLevel__14Z2CreatureLinkF10JAISoundIDUlSc
802C3BD4:startLinkSound__14Z2CreatureLinkF10JAISoundIDUlSc
802C46F0:startLinkSwordSound__14Z2CreatureLinkF10JAISoundIDUlSc
802C45B0:startLinkVoiceLevel__14Z2CreatureLinkF10JAISoundIDSc
802C4320:startLinkVoice__14Z2CreatureLinkF10JAISoundIDSc
802CA794:startLv3WaterSe__10Z2EnvSeMgrFSc
802E1634:startMotor__Q210JUTGamePad7CRumbleFi
802C7CF4:startNearThunderSe__10Z2EnvSeMgrFSc
802E18CC:startPatternedRumble__Q210JUTGamePad7CRumbleFPvQ310JUTGamePad7CRumble7ERumbleUl
800BDD70:startPeepChange__9daAlink_cFv
80046CB8:startProc__16dEvent_manager_cFP12dEvDtEvent_c
802C7830:startRainSe__10Z2EnvSeMgrFlSc
800BDF60:startRestartRoom__9daAlink_cFUliii
802C8300:startRiverSe__10Z2EnvSeMgrFSc
80291A28:startSeq__8JASTrackFv
802BF660:startSoundInner__15Z2SoundObjAnimeFRCQ29JGeometry8TVec3<f>fP14Z2SoundStarterUlSc
802CDB1C:startSound__10Z2AudioMgrF10JAISoundIDP14JAISoundHandlePCQ29JGeometry8TVec3<f>
802A9EE8:startSound__10Z2SoundMgrF10JAISoundIDP14JAISoundHandlePCQ29JGeometry8TVec3<f>
802A3C3C:startSound__12JAIStreamMgrF10JAISoundIDP14JAISoundHandlePCQ29JGeometry8TVec3<f>
802BE144:startSound__14Z2SoundObjBaseF10JAISoundIDUlSc
802AABF4:startSound__14Z2SoundStarterF10JAISoundIDP14JAISoundHandlePCQ29JGeometry8TVec3<f>
802AAC3C:startSound__14Z2SoundStarterF10JAISoundIDP14JAISoundHandlePCQ29JGeometry8TVec3<f>UlfffffUl
802C57C0:startSound__15Z2SoundObjCoachF10JAISoundIDUlSc
802CCFF8:startSound__15Z2SpeechStarterF10JAISoundIDP14JAISoundHandlePCQ29JGeometry8TVec3<f>UlfffffUl
802BE8A0:startSound__16Z2SoundObjSimpleF10JAISoundIDUlSc
802C4928:startSound__18Z2LinkSoundStarterF10JAISoundIDP14JAISoundHandlePCQ29JGeometry8TVec3<f>UlfffffUl
802C5284:startSound__18Z2RideSoundStarterF10JAISoundIDP14JAISoundHandlePCQ29JGeometry8TVec3<f>UlfffffUl
802BE714:startSound__21Z2DopplerSoundObjBaseF10JAISoundIDUlSc
802A0768:startSound__8JAISeMgrF10JAISoundIDP14JAISoundHandlePCQ29JGeometry8TVec3<f>
802A1B48:startSound__9JAISeqMgrF10JAISoundIDP14JAISoundHandlePCQ29JGeometry8TVec3<f>
802C70C8:startStaticEnvSe__10Z2EnvSeMgrFSc
802C800C:startStrongWindSe__10Z2EnvSeMgrFSc
802C2CD4:startTentacleSoundLevel__12Z2CreatureOIF10JAISoundIDUcfUlSc
802C2C84:startTentacleSound__12Z2CreatureOIF10JAISoundIDUcUlSc
800328BC:startTime__11dLib_time_cFv
8029F250:startTrack___5JAISeFRC14JASSoundParams
802C551C:startWheelSound__15Z2SoundObjCoachFf
802CB6EC:startWindStoneSound__13Z2WolfHowlMgrFScP3Vec
802CAED4:startWolfHowlSound__13Z2WolfHowlMgrFffbf
802A2328:start_JAISound___8JAISoundF10JAISoundIDPCQ29JGeometry8TVec3<f>P11JAIAudience
80293980:start__10JASSeqCtrlFPvUl
802E0190:start__10JUTDbPrintFP7JUTFontP7JKRHeap
80296618:start__13JASAramStreamFv
8029D330:start__13JASDSPChannelFv
802E4240:start__14JUTDirectPrintFv
8029D138:start__15JASAudioReseterFUlb
80039B6C:start__7dDemo_cFPCUcP4cXyzf
80290D74:start__8JASProbeFPCc
80290EE4:start__8JASProbeFlPCc
80291ABC:start__8JASTrackFv
8025D538:start__8dTimer_cFi
8025D618:start__8dTimer_cFis
802D1934:start__9JKRThreadFPv
8034A394:stateBusy
80349940:stateCheckID
80349AF0:stateCheckID2
80349A54:stateCheckID2a
80349A20:stateCheckID3
80349E30:stateCoverClosed
80349F04:stateCoverClosed_CMD
803493BC:stateGettingError
803497D8:stateGoToRetry
80349F98:stateMotorStopped
803491C8:stateReadingFST
8034A0AC:stateReady
80349388:stateTimeout
802D09E0:state_compare__10JKRExpHeapCFRCQ27JKRHeap6TStateRCQ27JKRHeap6TState
802D1258:state_compare__12JKRSolidHeapCFRCQ27JKRHeap6TStateRCQ27JKRHeap6TState
802CED88:state_compare__7JKRHeapCFRCQ27JKRHeap6TStateRCQ27JKRHeap6TState
802CEDA0:state_dump__7JKRHeapCFRCQ27JKRHeap6TState
802D0938:state_register__10JKRExpHeapCFPQ27JKRHeap6TStateUl
802D11FC:state_register__12JKRSolidHeapCFPQ27JKRHeap6TStateUl
802CED84:state_register__7JKRHeapCFPQ27JKRHeap6TStateUl
8004A108:static_gen_b_light8EcallBack__FP14JPABaseEmitter
8004A224:static_gen_d_light8EcallBack__FP14JPABaseEmitter
80049FEC:static_light8EcallBack__FP14JPABaseEmitter
80430748:static_mBounds
804349B0:static_mBounds__7J2DPane
804517D0:status
80140984:statusWindowDraw__9daAlink_cFv
80140888:statusWindowExecute__9daAlink_cFPC4cXyzs
8002442C:stayRoomCheck__FiPUci
80395708:stay_tag$4935
800923C0:stbWaitEvCamera__9dCamera_cFv
8044D578:stderr_buff
8044D778:stdin_buff
8044D678:stdout_buff
801AF084:step1_move_init__19dMenu_Calibration_cFv
801AF0C0:step1_move_move__19dMenu_Calibration_cFv
801AEE30:step1_wait_init__19dMenu_Calibration_cFv
801AEF60:step1_wait_move__19dMenu_Calibration_cFv
801AF380:step2_move_init__19dMenu_Calibration_cFv
801AF3BC:step2_move_move__19dMenu_Calibration_cFv
801AF188:step2_wait_init__19dMenu_Calibration_cFv
801AF1F4:step2_wait_move__19dMenu_Calibration_cFv
801AF5F4:step3_move_init__19dMenu_Calibration_cFv
801AF630:step3_move_move__19dMenu_Calibration_cFv
801AF488:step3_wait_init__19dMenu_Calibration_cFv
801AF4F8:step3_wait_move__19dMenu_Calibration_cFv
801540A4:step__8daNpcF_cFsiii
8014B648:step__8daNpcT_cFsiiii
800DC79C:stickArrowIncrement__9daAlink_cFi
801ED938:stick_explain_force_init__12dMenu_Ring_cFv
801EDA0C:stick_explain_force_proc__12dMenu_Ring_cFv
801ED934:stick_explain_init__12dMenu_Ring_cFv
801ED93C:stick_explain_proc__12dMenu_Ring_cFv
803BDEAC:stick_init
801ED490:stick_move_init__12dMenu_Ring_cFv
801ED53C:stick_move_proc__12dMenu_Ring_cFv
803BDF0C:stick_proc
801ED2BC:stick_wait_init__12dMenu_Ring_cFv
801ED31C:stick_wait_proc__12dMenu_Ring_cFv
800718A4:stockAttention__12dAttention_cFv
8025D7C0:stock_start__8dTimer_cFs
8025D708:stock_start__8dTimer_cFv
8008A510:stokerEvCamera__9dCamera_cFv
802AB4A0:stopAllSounds__14Z2SoundHandlesFUl
802C06F4:stopAnime__10Z2CreatureFv
802B5204:stopBattleBgm__8Z2SeqMgrFUcUc
8029C504:stopDMA__9JASDriverFv
80120778:stopDrawParticle__9daAlink_cFUl
800F8F08:stopHalfMoveAnime__9daAlink_cFf
802E168C:stopMotor__Q210JUTGamePad7CRumbleFib
802BE104:stopOK__14Z2SoundObjBaseFR17Z2SoundHandlePool
802E1978:stopPatternedRumbleAtThePeriod__Q210JUTGamePad7CRumbleFv
802E1948:stopPatternedRumble__Q210JUTGamePad7CRumbleFs
80234FF0:stopProc__12dMsgObject_cFv
80291A78:stopSeq__8JASTrackFv
802AA7DC:stopSoundID__10Z2SoundMgrF10JAISoundID
802A40B8:stopSoundID__12JAIStreamMgrF10JAISoundID
8029FE78:stopSoundID__16JAISeCategoryMgrF10JAISoundID
802A02F4:stopSoundID__8JAISeMgrF10JAISoundID
802A1E8C:stopSoundID__9JAISeqMgrF10JAISoundID
80450CBC:stopStatus__10fopAc_ac_c
802AA84C:stopSync__10Z2SoundMgrFv
80032880:stopTime__11dLib_time_cFv
8029F214:stopTrack___5JAISeFv
802B327C:stopWolfHowlSong__8Z2SeqMgrFv
800121E8:stopZelAnime__15mDoExt_McaMorf2Fv
80011310:stopZelAnime__16mDoExt_McaMorfSOFv
802AA8C8:stop__10Z2SoundMgrFv
802A4068:stop__12JAIStreamMgrFUl
802A4028:stop__12JAIStreamMgrFv
8029664C:stop__13JASAramStreamFUs
8029CDC0:stop__14JASAudioThreadFv
8029FDE0:stop__16JAISeCategoryMgrFUl
8029FE34:stop__16JAISeCategoryMgrFv
802A02A0:stop__8JAISeMgrFv
802A24DC:stop__8JAISoundFUl
802A2598:stop__8JAISoundFv
80290F24:stop__8JASProbeFl
80290DC4:stop__8JASProbeFv
8025D7E8:stop__8dTimer_cFUc
802A1E3C:stop__9JAISeqMgrFUl
802A1DFC:stop__9JAISeqMgrFv
802DE44C:storeTIMG__10JUTTextureFPC7ResTIMGP10JUTPalette
802DE480:storeTIMG__10JUTTextureFPC7ResTIMGP10JUTPalette7_GXTlut
802DE2A8:storeTIMG__10JUTTextureFPC7ResTIMGUc
802DE91C:storeTLUT__10JUTPaletteF7_GXTlut10_GXTlutFmt15JUTTransparencyUsPv
802DE890:storeTLUT__10JUTPaletteF7_GXTlutP7ResTLUT
80016BD4:store__15mDoMemCd_Ctrl_cFv
80181804:store__FP20camera_process_class
802D67F4:store__Q210JKRArchive8CArcNameFPCc
802D6884:store__Q210JKRArchive8CArcNameFPCcc
80368ABC:strcat
80368924:strchr
80368994:strcmp
80368B2C:strcpy
80450784:streamPriority__Q29JFWSystem11CSetUpParam
8036CA94:stricmp
803C34B0:strings$4165
80368BE4:strlen
80368954:strncmp
80368AE8:strncpy
8036CA74:strnicmp
803688DC:strrchr
80368C00:strtol
80368CF0:strtoul
8045088C:struct_8045088C
8045088D:struct_8045088D
80450894:struct_80450894
80450895:struct_80450895
80450E9C:struct_80450E9C
80450E9D:struct_80450E9D
80451260:struct_80451260
80451261:struct_80451261
80451308:struct_80451308
80451309:struct_80451309
80090478:styleEvCamera__9dCamera_cFv
802AF49C:subBgmStart__8Z2SeqMgrFUl
802AF9D0:subBgmStopInner__8Z2SeqMgrFv
802AF884:subBgmStop__8Z2SeqMgrFv
8029E2A8:subframeCallback__9JASDriverFv
80174ED4:subjectCamera__9dCamera_cFl
800CEB58:subjectCancelTrigger__9daAlink_cFv
803A3AE0:submethod$2214
803A3AF0:submethod$2261
803A38C8:submethod$2274
80453648:sumouArcName$4614
800EA908:sumouPunchTrigger__9daAlink_cFv
8037A4C0:sun_chkpnt$4155
803A9BA0:sun_color$4213
803A9BAC:sun_color2$4214
800158B4:suspend__9mDoDvdThdFv
80312604:swapBuffer__17J3DDisplayListObjFv
80273EEC:swapTexture__18JPAResourceManagerFPC7ResTIMGPCc
802FEA60:swap__10J2DPictureFRfRf
80101D70:swimBgCheck__9daAlink_cFf
80101934:swimDeleteItem__9daAlink_cFv
80391FEC:swimOffset$60143
801032C8:swimOutAfter__9daAlink_cFi
80391D54:swordCutSplashScale$41755
800B93F4:swordEquip__9daAlink_cFi
80391FF8:swordMoveLocal0$60438
80392004:swordMoveLocal1$60439
800B26B8:swordSwingTrigger__9daAlink_cFv
800B9580:swordUnequip__9daAlink_cFv
80391D44:swordUpColor$41733
8003C470:syncAllRes__14dRes_control_cFP11dRes_info_ci
802DAE48:syncAram__16JKRDvdAramRipperFP12JKRADCommandi
8029D9E4:syncFrame__6JASDspFUlUlUl
803260F8:syncJ3DSysFlags__12J3DModelDataCFv
803260CC:syncJ3DSysPointers__12J3DModelDataCFv
8003C160:syncRes__14dRes_control_cFPCcP11dRes_info_ci
802D9A70:sync__10JKRDvdFileFv
802D3770:sync__12JKRAramPieceFP12JKRAMCommandi
802D3FA0:sync__13JKRAramStreamFP20JKRAramStreamCommandi
802DB934:sync__9JKRDecompFP16JKRDecompCommandi
80434060:sync_stack
80450774:sysHeapSize__Q29JFWSystem11CSetUpParam
804511B4:systemConsoleManager__9JFWSystem
804511B8:systemConsole__9JFWSystem
80450790:systemFontRes__Q29JFWSystem11CSetUpParam
804511B0:systemFont__9JFWSystem
804511A4:systemHeap__9JFWSystem
80397878:t_off$4043
80397828:t_on$4036
803C1340:t_tag$3752
803C0DB0:t_tag$3759
80399C18:t_tag$3763
80399AA0:t_tag$3768
803C12B0:t_tag$3877
80450D04:t_type$2207
801CD5CC:tableArrowPosInit__12dMenu_Fmap_cFb
801CA874:table_demo1_init__12dMenu_Fmap_cFv
801CA9B4:table_demo1_move__12dMenu_Fmap_cFv
801CAA78:table_demo2_init__12dMenu_Fmap_cFv
801CAABC:table_demo2_move__12dMenu_Fmap_cFv
801CAB88:table_demo3_init__12dMenu_Fmap_cFv
801CABD0:table_demo3_move__12dMenu_Fmap_cFv
803C78A8:table_list
80091468:tactEvCamera__9dCamera_cFv
80395098:tag$5980
803950A8:tag$6100
803950B8:tag$6213
803988A8:tag$7361
80394A30:tag_4181$2161
80394A50:tag_4197$2177
80394A90:tag_4204$2184
803988B8:tag_7759
80398878:tag_bigh$5851
80398898:tag_du$5852
80397C48:tag_frame$4173
80396B78:tag_frame$4635
80396F58:tag_frame$5201
80397C10:tag_letter$4166
80396B48:tag_letter$4628
80397C80:tag_maki$4174
80397CB8:tag_makic$4175
80396BA8:tag_menu0$4636
80396F88:tag_menu0$5202
80396BD8:tag_menu1$4637
80396C08:tag_midoku$4638
803C0CA0:tag_n$4921
80399708:tag_name$3763
80397AC0:tag_name0$4150
80396A28:tag_name0$4612
80397AF8:tag_name1$4151
80396A58:tag_name1$4613
80396CC8:tag_pii$4829
80396C80:tag_pil$4828
80396C38:tag_pip$4827
80397A50:tag_sub0$4148
803969C8:tag_sub0$4610
80397A88:tag_sub1$4149
803969F8:tag_sub1$4611
802B5ED4:taktModeMuteOff__8Z2SeqMgrFv
802B5E8C:taktModeMute__8Z2SeqMgrFv
80174E18:talkBasePos__9dCamera_cFP10fopAc_ac_c
801CB664:talkButton__12dMenu_Fmap_cFv
80041A20:talkCheck__14dEvt_control_cFP12dEvt_order_c
80041D34:talkEnd__14dEvt_control_cFv
80174E34:talkEyePos__9dCamera_cFP10fopAc_ac_c
802B2CA4:talkInBgm__8Z2SeqMgrFv
802ADB50:talkInSe__7Z2SeMgrFv
802B60CC:talkIn__11Z2StatusMgrFv
802B2D64:talkOutBgm__8Z2SeqMgrFv
802ADC54:talkOutSe__7Z2SeMgrFv
802B6104:talkOut__11Z2StatusMgrFv
80153D84:talkProc__8daNpcF_cFPiiPP10fopAc_ac_c
8014BC78:talkProc__8daNpcT_cFPiiPP10fopAc_ac_ci
802360A0:talkStartInit__12dMsgObject_cFv
80041B58:talkXyCheck__14dEvt_control_cFP12dEvt_order_c
8016E4F4:talktoCamera__9dCamera_cFl
80090174:talktoEvCamera__9dCamera_cFv
8036C668:tan
8036C9C4:tanf
803D1920:taps
80451004:target
80451008:targetWay
80451300:taskreadp
80433FE0:taskwork
80451304:taskwritep
802A9958:tau__Q26Z2Calc8FNoise1fFf
80450A80:tbl1$241
80450A84:tbl2$242
80450A88:tbl3$243
80451EA4:tboxNotStayColor$4542
80451EB4:tboxNotStayColor$4624
803790C0:tempBitLabels__20dSv_event_tmp_flag_c
80176DF0:test1Camera__9dCamera_cFl
80176DF8:test2Camera__9dCamera_cFl
802A6634:test__Q23std16__bitset_base<8>CFUl
803BBFB8:test_color_tbl$5127
803BBF58:test_pos_tbl$5126
804256CC:texObj$42524
803BF7F4:tex_name$5183
804510B8:tex_name$5188
801EF11C:textCentering__12dMenu_Ring_cFv
801EEF14:textScaleHIO__12dMenu_Ring_cFv
80396EB8:text_a_tag$3904
80396018:text_a_tag$4167
80396810:text_a_tag$4328
80397D30:text_a_tag$4365
80394FE8:text_a_tag$4777
80396D70:text_a_tag$5024
80397588:text_a_tag$6194
80395268:text_a_tag$7111
80396EE0:text_b_tag$3905
80396040:text_b_tag$4168
80396838:text_b_tag$4329
80397D58:text_b_tag$4366
80395010:text_b_tag$4778
80396D98:text_b_tag$5025
803975B0:text_b_tag$6217
80395290:text_b_tag$7134
80394FA0:text_op$4769
80394F88:text_sv$4768
80398048:text_tag$5461
8023609C:textmodeProc__12dMsgObject_cFv
80152614:tgHitCallBack__8daNpcF_cFP10fopAc_ac_cP12dCcD_GObjInfP10fopAc_ac_cP12dCcD_GObjInf
80147FA4:tgHitCallBack__8daNpcT_cFP10fopAc_ac_cP12dCcD_GObjInfP10fopAc_ac_cP12dCcD_GObjInf
8009DA98:tgHitCallback__9daAlink_cFP10fopAc_ac_cP12dCcD_GObjInfP12dCcD_GObjInf
80272E10:threadSleep__10JFWDisplayFx
800E06B8:throwBoomerang__9daAlink_cFv
800E191C:throwCopyRod__9daAlink_cFv
802939C4:tickProc__10JASSeqCtrlFP8JASTrack
80292DA0:tickProc__8JASTrackFv
80451938:time
80293BE8:timerProcess__10JASSeqCtrlFv
803D17A4:timing
8045183C:timingExtra
803C1120:tline_tag$4212
803C10E8:tlinen_tag$4211
803C1158:tlines_tag$4213
80424B2C:tmpRoofChk$4165
80450C10:tmpString$3651
80450D58:tmp_name$4456
80281648:toFunction_outside__Q27JStudio14TFunctionValueFi
80190FE8:toItem3Dpos__16dFile_select3D_cFfffP4cXyz
801B7660:toItem3Dpos__17dMenu_Collect3D_cFfffP4cXyz
802A7CD4:toMessageCode_messageID__Q28JMessage10TProcessorCFUlUlPb
802A8CDC:toMessageIndex_messageID__Q28JMessage9TResourceCFUlUlPb
801C8B00:to_portal_warp_map_init__12dMenu_Fmap_cFv
801C8B0C:to_portal_warp_map_proc__12dMenu_Fmap_cFv
80365470:tolower
80167E3C:tooNearEscape__9dCamera_cFP4cXyz
80176E00:towerCamera__9dCamera_cFl
80125B0C:traceBlur__14daAlink_blur_cFPC4cXyzPC4cXyzs
800BB7A0:transAnimeProc__9daAlink_cFP4cXyzff
8045140C:transBuffer__13JKRAramStream
8008BE98:transEvCamera__9dCamera_cFi
80451414:transHeap__13JKRAramStream
8000CDD4:transM__14mDoMtx_stack_cFRC4cXyz
8000CD9C:transM__14mDoMtx_stack_cFfff
8000CD64:transS__14mDoMtx_stack_cFRC4cXyz
80451410:transSize__13JKRAramStream
8020A540:trans_button__14dMeterButton_cFif
802852D0:transformOnGet_setOrigin_TxyzRy__Q27JStudio8TControlFRC3Vecf
80285250:transformOnSet_setOrigin_TxyzRy__Q27JStudio8TControlFRC3Vecf
8032D738:transformVtxPosNrm__13J3DSkinDeformFP12J3DModelData
80285368:transform_setOrigin_ctb__Q27JStudio8TControlFRCQ37JStudio3ctb7TObject
8028543C:transform_setOrigin_ctb_index__Q27JStudio8TControlFUl
8028A290:transform_toGlobalFromLocal__14JStudio_JStageFPA4_fRCQ37JStudio8TControl19TTransform_positionPCQ26JStage7TObjectUl
8028A1F8:transform_toGlobalFromLocal__14JStudio_JStageFPA4_fRCQ37JStudio8TControl39TTransform_translation_rotation_scalingPCQ26JStage7TObjectUl
8028A3CC:transform_toLocalFromGlobal__14JStudio_JStageFPA4_fRCQ37JStudio8TControl19TTransform_positionPCQ26JStage7TObjectUl
8028A328:transform_toLocalFromGlobal__14JStudio_JStageFPA4_fRCQ37JStudio8TControl39TTransform_translation_rotation_scalingPCQ26JStage7TObjectUl
80239D98:translate__17dMsgScrn3Select_cFff
802E18A4:triggerPatternedRumble__Q210JUTGamePad7CRumbleFUl
800722A0:triggerProc__12dAttention_cFv
800091C0:trimming__FP10view_classP15view_port_class
800923B8:turnToActorEvCamera__9dCamera_cFv
80153EF4:turn__8daNpcF_cFsfi
8014B4A4:turn__8daNpcT_cFsii
80398640:tuta_0$5094
803986C0:tuta_1$5095
80398740:tuta_2$5096
80394910:tv_btnA$3744
803971B8:tv_btnA$5275
801E5300:tv_close1_move__14dMenu_Option_cFv
801E5364:tv_close2_move__14dMenu_Option_cFv
801E5260:tv_move_move__14dMenu_Option_cFv
801E51CC:tv_open1_move__14dMenu_Option_cFv
801E5244:tv_open2_move__14dMenu_Option_cFv
803BDD70:tv_process
80393DA8:twglArcName$4616
80393DB4:twgwArcName$4617
803CC96C:twiceBit
8014A064:twilight__8daNpcT_cFv
800956E4:twoActor0EvCamera__9dCamera_cFv
801CE0CC:twoColorLineInterporation__FRC8_GXColorRC8_GXColorfR8_GXColor
801CE068:twoValueLineInterpolation__FUcUcf
803A23B0:two_over_pi
80455574:two_to_frac$981
803974A8:tx$5381
80394960:txTV$3751
80397510:txTV$5409
803949B0:txTVhide$3752
80397560:txTVhide$5410
8037B0D8:typeToTypeGroup__7dTres_c
8019D520:u8_data_ratio_set__FUcUcf
8037233C:udp_cc_close
80372354:udp_cc_initialize
80372344:udp_cc_open
80372324:udp_cc_peek
80372314:udp_cc_post_stop
8037231C:udp_cc_pre_continue
80372334:udp_cc_read
8037234C:udp_cc_shutdown
8037232C:udp_cc_write
802B99AC:unMuteSceneBgm__8Z2SeqMgrFUl
803919F0:underOffsetY$23302
8019EAA0:undwater_init__Fv
8008BE74:uniformAcceleEvCamera__9dCamera_cFv
8008BE50:uniformBrakeEvCamera__9dCamera_cFv
8008BE2C:uniformTransEvCamera__9dCamera_cFv
80450C08:unknownHeapErrors
802DDF68:unlink__12JUTCacheFontFPQ212JUTCacheFont15TGlyphCacheInfo
80262364:unlink__24DynamicModuleControlBaseFv
802A2244:unlockIfLocked__15JAISoundStatus_Fv
803276B4:unlock__8J3DModelFv
802D41D4:unmount__13JKRFileLoaderFv
8039A948:unused$285
8029D89C:updateAll__13JASDSPChannelFv
802C06D0:updateAnime__10Z2CreatureFff
802BEED4:updateAnime__15Z2SoundObjAnimeFff
8029B6A0:updateAutoMixer__10JASChannelFPQ26JASDsp8TChannelffff
80205CA0:updateButton__14dMeterButton_cFv
80296E2C:updateChannel__13JASAramStreamFUlP10JASChannelPQ26JASDsp8TChannel
80292BF4:updateChannel__8JASTrackFP10JASChannelPQ26JASDsp8TChannel
802457C4:updateColor__19dMsgScrnLight_HIO_cFUc
8029C2C0:updateCurrentValue__13JASOscillatorFf
80011154:updateDL__16mDoExt_McaMorfSOFv
8029B324:updateDSPChannel__10JASChannelFPQ26JASDsp8TChannel
8029C6C4:updateDSP__9JASDriverFv
8029E2F8:updateDacCallback__9JASDriverFv
8029C568:updateDac__9JASDriverFv
802BC6F8:updateDolbyDist__19Z2Audience3DSettingFff
8029AD38:updateEffectorParam__10JASChannelFPQ26JASDsp8TChannelPUsRCQ213JASOscillator12EffectParams
80237748:updateEquipBombInfoLocal__12dMsgObject_cFv
8015E510:updateFrame__16daPy_frameCtrl_cFv
8020BEA4:updateHaihai__14dMeterHaihai_cFv
8020CD6C:updateHakusha__15dMeterHakusha_cFv
8029B7D8:updateMixer__10JASChannelFffffPUs
80161E34:updateMonitor__9dCamera_cFv
801617B0:updatePad__9dCamera_cFv
8029D65C:updateProc__13JASDSPChannelFv
80292580:updateSeq__8JASTrackFbf
802BF304:updateSoundLifeTime___15Z2SoundObjAnimeFff
802924E4:updateTempo__8JASTrackFv
80206978:updateText__14dMeterButton_cFUl
802922D8:updateTimedParam__8JASTrackFv
80292348:updateTrack__8JASTrackFf
802F82C0:updateTransform__7J2DPaneFPC15J2DAnmTransform
802BC4D0:updateVolumeDist__19Z2Audience3DSettingFf
80282CA8:update_INTERPOLATE_BSPLINE_dataMore3___Q27JStudio19TFunctionValue_listFRCQ27JStudio19TFunctionValue_listRCQ37JStudio19TFunctionValue_list11TIndexData_
80283060:update_INTERPOLATE_BSPLINE_dataMore3___Q27JStudio29TFunctionValue_list_parameterFRCQ27JStudio29TFunctionValue_list_parameterd
80282C24:update_INTERPOLATE_LINEAR___Q27JStudio19TFunctionValue_listFRCQ27JStudio19TFunctionValue_listRCQ37JStudio19TFunctionValue_list11TIndexData_
80282FF4:update_INTERPOLATE_LINEAR___Q27JStudio29TFunctionValue_list_parameterFRCQ27JStudio29TFunctionValue_list_parameterd
80282C10:update_INTERPOLATE_NONE___Q27JStudio19TFunctionValue_listFRCQ27JStudio19TFunctionValue_listRCQ37JStudio19TFunctionValue_list11TIndexData_
80282FE8:update_INTERPOLATE_NONE___Q27JStudio29TFunctionValue_list_parameterFRCQ27JStudio29TFunctionValue_list_parameterd
80282C58:update_INTERPOLATE_PLATEAU___Q27JStudio19TFunctionValue_listFRCQ27JStudio19TFunctionValue_listRCQ37JStudio19TFunctionValue_list11TIndexData_
80283024:update_INTERPOLATE_PLATEAU___Q27JStudio29TFunctionValue_list_parameterFRCQ27JStudio29TFunctionValue_list_parameterd
802E0CD8:update__10JUTGamePadFv
803289CC:update__12J3DFrameCtrlFv
8009CA48:update__12dEyeHL_mng_cFv
8029C0E0:update__13JASOscillatorFv
801BB334:update__14dMenu_DmapBg_cFv
80151A54:update__15daNpcF_Lookat_cFP4cXyzP5csXyzPf
80016894:update__15mDoMemCd_Ctrl_cFv
80251EF8:update__16dNpcLib_lookat_cFv
80194CC0:update__16dSelect_cursor_cFv
800541F4:update__18dDlst_effectLine_cFR4cXyzR8_GXColorUsUsUsUsffff
80012E3C:update__19mDoExt_3DlineMat0_cFiR8_GXColorP12dKy_tevstr_c
80012874:update__19mDoExt_3DlineMat0_cFifR8_GXColorUsP12dKy_tevstr_c
80013FB0:update__19mDoExt_3DlineMat1_cFiR8_GXColorP12dKy_tevstr_c
8001373C:update__19mDoExt_3DlineMat1_cFifR8_GXColorUsP12dKy_tevstr_c
80126358:update__20daAlink_lockCursor_cFv
802F8474:update__7J2DPaneFv
80039DA4:update__7dDemo_cFv
80327CA4:update__8J3DModelFv
802E1238:update__Q210JUTGamePad6CStickFScScQ210JUTGamePad10EStickModeQ210JUTGamePad11EWhichStickUl
802E108C:update__Q210JUTGamePad7CButtonFPC9PADStatusUl
802E1720:update__Q210JUTGamePad7CRumbleFs
80285E54:update__Q27JStudio14TVariableValueFdPQ27JStudio8TAdaptor
802A7634:update__Q28JMessage8TControlFv
80285F08:update_functionValue___Q27JStudio14TVariableValueFPQ27JStudio14TVariableValued
80285EB8:update_immediate___Q27JStudio14TVariableValueFPQ27JStudio14TVariableValued
80285ECC:update_time___Q27JStudio14TVariableValueFPQ27JStudio14TVariableValued
80283EB8:upper_bound<Q37JStudio22TFunctionValue_hermite15TIterator_data_,d,Q23std7less<d>>__3stdFQ37JStudio22TFunctionValue_hermite15TIterator_data_Q37JStudio22TFunctionValue_hermite15TIterator_data_RCdQ23std7less<d>
80283E24:upper_bound<Q37JStudio29TFunctionValue_list_parameter15TIterator_data_,d,Q23std7less<d>>__3stdFQ37JStudio29TFunctionValue_list_parameter15TIterator_data_Q37JStudio29TFunctionValue_list_parameter15TIterator_data_RCdQ23std7less<d>
800929AC:useItem0EvCamera__9dCamera_cFv
800937AC:useItem1EvCamera__9dCamera_cFv
8044F828:useSerialIO
8036DB10:usr_put_initialize
8036DB14:usr_puts_serial
804257DC:vec$9945
8005B660:vectle_calc__FP10DOUBLE_POSP4cXyz
8001D32C:vectle_calc__FPC10DOUBLE_POSP4cXyz
800056C0:version_check__Fv
80398CC8:vertex_color_ld$4638
80399040:vertex_color_ld$4679
80398BA0:vertex_color_lu$4636
80398F18:vertex_color_lu$4677
80398D5C:vertex_color_rd$4639
803990D4:vertex_color_rd$4680
80398C34:vertex_color_ru$4637
80398FAC:vertex_color_ru$4678
801E41A0:vib_init__14dMenu_Option_cFv
801E41F8:vib_move__14dMenu_Option_cFv
80327F40:viewCalc__8J3DModelFv
80181708:view_setup__FP20camera_process_class
804510A4:virtual_stage$3999
800BF0B8:voiceStartLevel__9daAlink_cFUl
800BF084:voiceStart__9daAlink_cFUl
801416DC:voiceStart__9daPy_py_cFUl
803B2C78:volcBomPortal$39241
80366704:vprintf
800620AC:vrkumo_move__Fv
80366690:vsnprintf
80424F70:vtx_tbl$4582
80425384:vtx_tbl$5950
80272C60:waitBlanking__10JFWDisplayFi
800159B4:waitForKick__17mDoDvdThd_param_cFv
80272CB0:waitForTick__FUlUs
80234150:waitProc__12dMsgObject_cFv
8023AC14:waitProc__17dMsgScrn3Select_cFv
802E5210:waitRetraceIfNeed__8JUTVideoFv
8029E188:waitSubFrame__9JASDriverFv
802E3980:waitTime__12JUTExceptionFl
801F7D58:wait_init__13dMenu_Skill_cFv
801D8C68:wait_init__14dMenu_Insect_cFv
801DDE18:wait_init__14dMenu_Letter_cFv
801C556C:wait_init__15dMenu_Fishing_cFv
801B473C:wait_init__17dMenu_Collect2D_cFv
8023DAD0:wait_init__17dMsgScrnExplain_cFv
801DB818:wait_init__19dMenu_ItemExplain_cFv
801C1878:wait_init_proc__20dMenu_StageMapCtrl_cFv
801F7D94:wait_move__13dMenu_Skill_cFv
801D8CCC:wait_move__14dMenu_Insect_cFv
801DDE54:wait_move__14dMenu_Letter_cFv
801C55A8:wait_move__15dMenu_Fishing_cFv
801B48D0:wait_proc__17dMenu_Collect2D_cFv
8023DAD4:wait_proc__17dMsgScrnExplain_cFv
801DB81C:wait_proc__19dMenu_ItemExplain_cFv
801C188C:wait_proc__20dMenu_StageMapCtrl_cFv
80395718:waku_tag$4973
800E7F18:wallGrabButton__9daAlink_cFv
800E7EF4:wallGrabTrigger__9daAlink_cFv
80256C68:warningDispDraw__10dScnLogo_cFv
80256BF4:warningInDraw__10dScnLogo_cFv
80256DC4:warningOutDraw__10dScnLogo_cFv
8021CA04:warpInProc__13dMeter2Info_cFv
8011FBC0:warpModelTexScroll__9daAlink_cFv
8021CA70:warpOutProc__13dMeter2Info_cFv
8008E938:watchActorEvCamera__9dCamera_cFv
80391BD0:waterCenterScale$39763
8001DD84:waterCheck__11fopAcM_wt_cFPC4cXyz
804531E8:waterColor$53845
80391C78:waterEffScale$41082
80391BC4:waterScale$39762
80391BF4:waterScale$39892
80391BDC:waterSmokeScale$39764
80393F58:wave$17181
80365F74:wcstombs
80059F74:wether_move_evil__Fv
80058F18:wether_move_housi__Fv
80059580:wether_move_moya__Fv
80059E38:wether_move_mud__Fv
800593DC:wether_move_odour__Fv
80058894:wether_move_rain__Fv
80058B00:wether_move_snow__Fv
80058B8C:wether_move_star__Fv
80058318:wether_move_sun__Fv
80058290:wether_move_thunder__Fv
80059728:wether_move_vrkumo__Fv
80398B0C:white_color$4635
80398E84:white_color$4676
800568D8:wipeIn__12dDlst_list_cFf
8005681C:wipeIn__12dDlst_list_cFfR8_GXColor
80391F74:wlLocalEye$59876
80391FBC:wlLocalEyeFromRoot$59882
80391F68:wlLocalHeadCenter$59875
80391F80:wlLocalHeadTop$59877
8045100C:wolfAngle
8012A498:wolfBgCheck__9daAlink_cFv
80391E30:wolfChainBaseOffset$45513
80391E3C:wolfChainVec$45514
80127D2C:wolfClawTrigger__9daAlink_cFv
80391E00:wolfEffScale$42226
8012B724:wolfFootBgCheck__9daAlink_cFv
80430C9C:wolfFootScale$localstatic3$create__9dkWmark_cFv
8015F60C:wolfGrabSubjectNoDraw__9daPy_py_cFP10fopAc_ac_c
8009EF7C:wolfModelCallBack__9daAlink_cFi
80131A6C:wolfRopeSwingInc__9daAlink_cFf
80127CF0:wolfSenseTrigger__9daAlink_cFv
8012A02C:wolfSideBgCheck__9daAlink_cFs
80391C00:wolfSmokeScale$39893
80391BB8:wolfWaterCenterScale$39644
801D31D0:worldGridDraw__18dMenu_Fmap2DBack_cFv
801D382C:worldOriginDraw__18dMenu_Fmap2DBack_cFv
802D9A68:writeData__10JKRDvdFileFPCvll
802935E8:writeExport__12JASTrackPortFUlUs
802935C4:writeImport__12JASTrackPortFUlUs
802928F4:writePortSelf__8JASTrackFUlUs
80292918:writePort__8JASTrackFUlUs
80293DC4:writeReg__12JASSeqParserFP8JASTrackUlUl
802D3CE0:writeToAram__13JKRAramStreamFP20JKRAramStreamCommand
802D3ED0:write_StreamToAram_Async__13JKRAramStreamFP18JSUFileInputStreamUlUlUlPUl
80293684:write__16JASRegisterParamFQ216JASRegisterParam5RegIDUl
803982D0:x_tag$3952
80397738:xy_text$4015
800883EC:xyzHorizontalDistance__8dCamMathFR4cXyzR4cXyz
8008831C:xyzRotateX__8dCamMathFR4cXyz7cSAngle
80088384:xyzRotateY__8dCamMathFR4cXyz7cSAngle
803982F8:y_tag$3953
801CD770:yamibossArrowPosInit__12dMenu_Fmap_cFv
801CA1E8:yamiboss_demo1_init__12dMenu_Fmap_cFv
801CA2F4:yamiboss_demo1_move__12dMenu_Fmap_cFv
801CA34C:yamiboss_demo2_init__12dMenu_Fmap_cFv
801CA35C:yamiboss_demo2_move__12dMenu_Fmap_cFv
801CA40C:yamiboss_demo3_init__12dMenu_Fmap_cFv
801CA410:yamiboss_demo3_move__12dMenu_Fmap_cFv
801CA468:yamiboss_demo4_init__12dMenu_Fmap_cFv
801CA4C0:yamiboss_demo4_move__12dMenu_Fmap_cFv
801CA544:yamiboss_demo5_init__12dMenu_Fmap_cFv
801CA548:yamiboss_demo5_move__12dMenu_Fmap_cFv
801F46B4:yesNoCursorMoveAnm__12dMenu_save_cFv
80189BA8:yesNoCursorMoveAnm__14dFile_select_cFv
801893E4:yesNoSelectStart__14dFile_select_cFv
801E89F8:yesNoSelectStart__14dMenu_Option_cFv
801F4724:yesnoCancelAnmSet__12dMenu_save_cFv
80189904:yesnoCancelAnmSet__14dFile_select_cFv
801E8C38:yesnoCancelAnmSet__14dMenu_Option_cFv
801F5D84:yesnoCursorShow__12dMenu_save_cFv
8018912C:yesnoCursorShow__14dFile_select_cFv
801E8888:yesnoCursorShow__14dMenu_Option_cFv
801F5744:yesnoMenuMoveAnmInitSet__12dMenu_save_cFiiUc
80188BBC:yesnoMenuMoveAnmInitSet__14dFile_select_cFii
801E82C4:yesnoMenuMoveAnmInitSet__14dMenu_Option_cFii
801F58C8:yesnoMenuMoveAnm__12dMenu_save_cFv
80188D38:yesnoMenuMoveAnm__14dFile_select_cFv
801E8438:yesnoMenuMoveAnm__14dMenu_Option_cFv
801F4510:yesnoSelectAnmSet__12dMenu_save_cFUc
8018978C:yesnoSelectAnmSet__14dFile_select_cFv
801E8AC8:yesnoSelectAnmSet__14dMenu_Option_cFv
801F5AE4:yesnoSelectMoveAnm__12dMenu_save_cFUc
80188ED0:yesnoSelectMoveAnm__14dFile_select_cFv
801E85D4:yesnoSelectMoveAnm__14dMenu_Option_cFv
801F4238:yesnoSelectStart__12dMenu_save_cFv
801F6608:yesnoWakuAlpahAnmInit__12dMenu_save_cFUcUcUcUc
8018DB80:yesnoWakuAlpahAnmInit__14dFile_select_cFUcUcUcUc
801E8CB0:yesnoWakuAlpahAnmInit__14dMenu_Option_cFUcUcUcUc
801F6654:yesnoWakuAlpahAnm__12dMenu_save_cFUc
8018DBCC:yesnoWakuAlpahAnm__14dFile_select_cFUc
801E8CFC:yesnoWakuAlpahAnm__14dMenu_Option_cFUc
803C10D0:ylinen_tag$4210
803982A8:z_tag$3951
803974F8:z_tx$5399
802CD8B4:zeldaGFrameWork__10Z2AudioMgrFv
80450C2C:zeldaHeap
80450BFC:zeldaHeapErrors
80379298:zero_quat$3920
8002471C:zoneCountCheck__20dStage_roomControl_cCFi
801C1E74:zoomCalcSet__20dMenu_StageMapCtrl_cFf
80088284:zoomFovy__8dCamMathFff
801C008C:zoomIn_init_proc__12dMenu_Dmap_cFv
801C18AC:zoomIn_init_proc__20dMenu_StageMapCtrl_cFv
801C01A0:zoomIn_proc__12dMenu_Dmap_cFv
801C1EC0:zoomIn_proc__20dMenu_StageMapCtrl_cFv
801D1478:zoomMapCalc2__18dMenu_Fmap2DBack_cFf
801D1858:zoomMapCalcHIO__18dMenu_Fmap2DBack_cFv
801D1148:zoomMapCalc__18dMenu_Fmap2DBack_cFf
801C023C:zoomOut_init_proc__12dMenu_Dmap_cFv
801C2198:zoomOut_init_proc__20dMenu_StageMapCtrl_cFv
801C02F0:zoomOut_proc__12dMenu_Dmap_cFv
801C21AC:zoomOut_proc__20dMenu_StageMapCtrl_cFv
801BFF84:zoomWait_init_proc__12dMenu_Dmap_cFv
801C2004:zoomWait_init_proc__20dMenu_StageMapCtrl_cFv
801BFF88:zoomWait_proc__12dMenu_Dmap_cFv
801C205C:zoomWait_proc__20dMenu_StageMapCtrl_cFv
801C8230:zoom_all_to_region_init__12dMenu_Fmap_cFv
801C8308:zoom_all_to_region_proc__12dMenu_Fmap_cFv
801C83E0:zoom_region_to_all_init__12dMenu_Fmap_cFv
801C8438:zoom_region_to_all_proc__12dMenu_Fmap_cFv
801C92A4:zoom_region_to_spot_init__12dMenu_Fmap_cFv
801C9304:zoom_region_to_spot_proc__12dMenu_Fmap_cFv
801C93CC:zoom_spot_to_region_init__12dMenu_Fmap_cFv
801C9428:zoom_spot_to_region_proc__12dMenu_Fmap_cFv
